date,region,latitude,longitude,rainfall_mm,grid_row,grid_col
2024-01-01,Central India,22.0,79.0,0.0,62,50
2024-01-02,Central India,22.0,79.0,0.0,62,50
2024-01-03,Central India,22.0,79.0,0.0,62,50
2024-01-04,Central India,22.0,79.0,0.0,62,50
2024-01-05,Central India,22.0,79.0,0.0,62,50
2024-01-06,Central India,22.0,79.0,10.607110023498535,62,50
2024-01-07,Central India,22.0,79.0,18.68055534362793,62,50
2024-01-08,Central India,22.0,79.0,0.0,62,50
2024-01-09,Central India,22.0,79.0,0.0,62,50
2024-01-10,Central India,22.0,79.0,0.0,62,50
2024-01-11,Central India,22.0,79.0,0.0,62,50
2024-01-12,Central India,22.0,79.0,0.0,62,50
2024-01-13,Central India,22.0,79.0,0.0,62,50
2024-01-14,Central India,22.0,79.0,0.0,62,50
2024-01-15,Central India,22.0,79.0,0.0,62,50
2024-01-16,Central India,22.0,79.0,0.0,62,50
2024-01-17,Central India,22.0,79.0,0.0,62,50
2024-01-18,Central India,22.0,79.0,0.0,62,50
2024-01-19,Central India,22.0,79.0,0.0,62,50
2024-01-20,Central India,22.0,79.0,0.0,62,50
2024-01-21,Central India,22.0,79.0,3.9010257720947266,62,50
2024-01-22,Central India,22.0,79.0,0.0,62,50
2024-01-23,Central India,22.0,79.0,0.0,62,50
2024-01-24,Central India,22.0,79.0,0.0,62,50
2024-01-25,Central India,22.0,79.0,0.0,62,50
2024-01-26,Central India,22.0,79.0,0.0,62,50
2024-01-27,Central India,22.0,79.0,0.0,62,50
2024-01-28,Central India,22.0,79.0,0.0,62,50
2024-01-29,Central India,22.0,79.0,0.0,62,50
2024-01-30,Central India,22.0,79.0,0.0,62,50
2024-01-31,Central India,22.0,79.0,0.0,62,50
2024-02-01,Central India,22.0,79.0,0.0,62,50
2024-02-02,Central India,22.0,79.0,0.0,62,50
2024-02-03,Central India,22.0,79.0,0.0,62,50
2024-02-04,Central India,22.0,79.0,0.0,62,50
2024-02-05,Central India,22.0,79.0,0.0,62,50
2024-02-06,Central India,22.0,79.0,0.0,62,50
2024-02-07,Central India,22.0,79.0,0.0,62,50
2024-02-08,Central India,22.0,79.0,0.0,62,50
2024-02-09,Central India,22.0,79.0,0.0,62,50
2024-02-10,Central India,22.0,79.0,0.0,62,50
2024-02-11,Central India,22.0,79.0,0.0,62,50
2024-02-12,Central India,22.0,79.0,2.756948471069336,62,50
2024-02-13,Central India,22.0,79.0,0.2524261176586151,62,50
2024-02-14,Central India,22.0,79.0,0.12621305882930756,62,50
2024-02-15,Central India,22.0,79.0,0.0,62,50
2024-02-16,Central India,22.0,79.0,0.23095831274986267,62,50
2024-02-17,Central India,22.0,79.0,0.0,62,50
2024-02-18,Central India,22.0,79.0,0.0,62,50
2024-02-19,Central India,22.0,79.0,0.0,62,50
2024-02-20,Central India,22.0,79.0,0.0,62,50
2024-02-21,Central India,22.0,79.0,0.0,62,50
2024-02-22,Central India,22.0,79.0,0.0,62,50
2024-02-23,Central India,22.0,79.0,0.0,62,50
2024-02-24,Central India,22.0,79.0,0.0,62,50
2024-02-25,Central India,22.0,79.0,0.0,62,50
2024-02-26,Central India,22.0,79.0,0.0,62,50
2024-02-27,Central India,22.0,79.0,3.387270450592041,62,50
2024-02-28,Central India,22.0,79.0,2.982815980911255,62,50
2024-02-29,Central India,22.0,79.0,0.0,62,50
2024-03-01,Central India,22.0,79.0,0.0,62,50
2024-03-02,Central India,22.0,79.0,0.0,62,50
2024-03-03,Central India,22.0,79.0,2.212170362472534,62,50
2024-03-04,Central India,22.0,79.0,0.6290913820266724,62,50
2024-03-05,Central India,22.0,79.0,0.0,62,50
2024-03-06,Central India,22.0,79.0,0.0,62,50
2024-03-07,Central India,22.0,79.0,0.0,62,50
2024-03-08,Central India,22.0,79.0,0.0,62,50
2024-03-09,Central India,22.0,79.0,0.0,62,50
2024-03-10,Central India,22.0,79.0,0.0,62,50
2024-03-11,Central India,22.0,79.0,0.0,62,50
2024-03-12,Central India,22.0,79.0,0.0,62,50
2024-03-13,Central India,22.0,79.0,0.0,62,50
2024-03-14,Central India,22.0,79.0,0.0,62,50
2024-03-15,Central India,22.0,79.0,0.0,62,50
2024-03-16,Central India,22.0,79.0,0.0,62,50
2024-03-17,Central India,22.0,79.0,0.0,62,50
2024-03-18,Central India,22.0,79.0,0.0,62,50
2024-03-19,Central India,22.0,79.0,8.471564292907715,62,50
2024-03-20,Central India,22.0,79.0,0.0,62,50
2024-03-21,Central India,22.0,79.0,0.0,62,50
2024-03-22,Central India,22.0,79.0,0.0,62,50
2024-03-23,Central India,22.0,79.0,0.0,62,50
2024-03-24,Central India,22.0,79.0,0.0,62,50
2024-03-25,Central India,22.0,79.0,0.0,62,50
2024-03-26,Central India,22.0,79.0,0.0,62,50
2024-03-27,Central India,22.0,79.0,0.0,62,50
2024-03-28,Central India,22.0,79.0,0.0,62,50
2024-03-29,Central India,22.0,79.0,0.0,62,50
2024-03-30,Central India,22.0,79.0,2.2055587768554688,62,50
2024-03-31,Central India,22.0,79.0,9.237401008605957,62,50
2024-04-01,Central India,22.0,79.0,0.0,62,50
2024-04-02,Central India,22.0,79.0,0.0,62,50
2024-04-03,Central India,22.0,79.0,0.0,62,50
2024-04-04,Central India,22.0,79.0,0.0,62,50
2024-04-05,Central India,22.0,79.0,0.0,62,50
2024-04-06,Central India,22.0,79.0,0.0,62,50
2024-04-07,Central India,22.0,79.0,0.0,62,50
2024-04-08,Central India,22.0,79.0,0.0,62,50
2024-04-09,Central India,22.0,79.0,0.2523414194583893,62,50
2024-04-10,Central India,22.0,79.0,11.28864574432373,62,50
2024-04-11,Central India,22.0,79.0,24.4957332611084,62,50
2024-04-12,Central India,22.0,79.0,0.0,62,50
2024-04-13,Central India,22.0,79.0,10.000420570373535,62,50
2024-04-14,Central India,22.0,79.0,0.0,62,50
2024-04-15,Central India,22.0,79.0,0.0,62,50
2024-04-16,Central India,22.0,79.0,0.21035510301589966,62,50
2024-04-17,Central India,22.0,79.0,0.0,62,50
2024-04-18,Central India,22.0,79.0,0.0,62,50
2024-04-19,Central India,22.0,79.0,0.0,62,50
2024-04-20,Central India,22.0,79.0,0.0,62,50
2024-04-21,Central India,22.0,79.0,0.0,62,50
2024-04-22,Central India,22.0,79.0,0.19340017437934875,62,50
2024-04-23,Central India,22.0,79.0,2.96317195892334,62,50
2024-04-24,Central India,22.0,79.0,0.39359158277511597,62,50
2024-04-25,Central India,22.0,79.0,0.0,62,50
2024-04-26,Central India,22.0,79.0,0.0,62,50
2024-04-27,Central India,22.0,79.0,1.8627443313598633,62,50
2024-04-28,Central India,22.0,79.0,0.0,62,50
2024-04-29,Central India,22.0,79.0,0.0,62,50
2024-04-30,Central India,22.0,79.0,0.29427021741867065,62,50
2024-05-01,Central India,22.0,79.0,0.0,62,50
2024-05-02,Central India,22.0,79.0,0.0,62,50
2024-05-03,Central India,22.0,79.0,0.0,62,50
2024-05-04,Central India,22.0,79.0,0.0,62,50
2024-05-05,Central India,22.0,79.0,0.0,62,50
2024-05-06,Central India,22.0,79.0,0.0,62,50
2024-05-07,Central India,22.0,79.0,0.0,62,50
2024-05-08,Central India,22.0,79.0,0.0,62,50
2024-05-09,Central India,22.0,79.0,0.0,62,50
2024-05-10,Central India,22.0,79.0,0.0,62,50
2024-05-11,Central India,22.0,79.0,0.10473597794771194,62,50
2024-05-12,Central India,22.0,79.0,0.13539962470531464,62,50
2024-05-13,Central India,22.0,79.0,11.537134170532227,62,50
2024-05-14,Central India,22.0,79.0,0.0,62,50
2024-05-15,Central India,22.0,79.0,0.6286678910255432,62,50
2024-05-16,Central India,22.0,79.0,3.675931215286255,62,50
2024-05-17,Central India,22.0,79.0,0.0,62,50
2024-05-18,Central India,22.0,79.0,0.0,62,50
2024-05-19,Central India,22.0,79.0,0.0,62,50
2024-05-20,Central India,22.0,79.0,0.0,62,50
2024-05-21,Central India,22.0,79.0,0.0,62,50
2024-05-22,Central India,22.0,79.0,0.0,62,50
2024-05-23,Central India,22.0,79.0,0.9279009103775024,62,50
2024-05-24,Central India,22.0,79.0,0.2793543040752411,62,50
2024-05-25,Central India,22.0,79.0,0.0,62,50
2024-05-26,Central India,22.0,79.0,0.0,62,50
2024-05-27,Central India,22.0,79.0,0.0,62,50
2024-05-28,Central India,22.0,79.0,0.0,62,50
2024-05-29,Central India,22.0,79.0,0.0,62,50
2024-05-30,Central India,22.0,79.0,0.0,62,50
2024-05-31,Central India,22.0,79.0,0.0,62,50
2024-06-01,Central India,22.0,79.0,0.0,62,50
2024-06-02,Central India,22.0,79.0,0.0,62,50
2024-06-03,Central India,22.0,79.0,0.0,62,50
2024-06-04,Central India,22.0,79.0,0.0,62,50
2024-06-05,Central India,22.0,79.0,0.0,62,50
2024-06-06,Central India,22.0,79.0,0.0,62,50
2024-06-07,Central India,22.0,79.0,0.5174919962882996,62,50
2024-06-08,Central India,22.0,79.0,24.077350616455078,62,50
2024-06-09,Central India,22.0,79.0,1.8379656076431274,62,50
2024-06-10,Central India,22.0,79.0,0.23126806318759918,62,50
2024-06-11,Central India,22.0,79.0,5.513896942138672,62,50
2024-06-12,Central India,22.0,79.0,3.1367032527923584,62,50
2024-06-13,Central India,22.0,79.0,0.0,62,50
2024-06-14,Central India,22.0,79.0,0.0,62,50
2024-06-15,Central India,22.0,79.0,1.1027793884277344,62,50
2024-06-16,Central India,22.0,79.0,2.1782944202423096,62,50
2024-06-17,Central India,22.0,79.0,0.9189828038215637,62,50
2024-06-18,Central India,22.0,79.0,9.066535949707031,62,50
2024-06-19,Central India,22.0,79.0,10.419313430786133,62,50
2024-06-20,Central India,22.0,79.0,0.0,62,50
2024-06-21,Central India,22.0,79.0,1.8613736629486084,62,50
2024-06-22,Central India,22.0,79.0,0.9728285670280457,62,50
2024-06-23,Central India,22.0,79.0,27.467050552368164,62,50
2024-06-24,Central India,22.0,79.0,3.8337578773498535,62,50
2024-06-25,Central India,22.0,79.0,0.0,62,50
2024-06-26,Central India,22.0,79.0,0.0,62,50
2024-06-27,Central India,22.0,79.0,0.0,62,50
2024-06-28,Central India,22.0,79.0,9.677242279052734,62,50
2024-06-29,Central India,22.0,79.0,3.647019386291504,62,50
2024-06-30,Central India,22.0,79.0,1.1348903179168701,62,50
2024-07-01,Central India,22.0,79.0,28.159564971923828,62,50
2024-07-02,Central India,22.0,79.0,21.07441520690918,62,50
2024-07-03,Central India,22.0,79.0,0.0,62,50
2024-07-04,Central India,22.0,79.0,1.3507978916168213,62,50
2024-07-05,Central India,22.0,79.0,28.33799171447754,62,50
2024-07-06,Central India,22.0,79.0,37.64072036743164,62,50
2024-07-07,Central India,22.0,79.0,17.746492385864258,62,50
2024-07-08,Central India,22.0,79.0,4.973553657531738,62,50
2024-07-09,Central India,22.0,79.0,0.0,62,50
2024-07-10,Central India,22.0,79.0,0.0,62,50
2024-07-11,Central India,22.0,79.0,1.9246912002563477,62,50
2024-07-12,Central India,22.0,79.0,53.481651306152344,62,50
2024-07-13,Central India,22.0,79.0,11.166852951049805,62,50
2024-07-14,Central India,22.0,79.0,0.0,62,50
2024-07-15,Central India,22.0,79.0,6.56907844543457,62,50
2024-07-16,Central India,22.0,79.0,12.374083518981934,62,50
2024-07-17,Central India,22.0,79.0,8.992260932922363,62,50
2024-07-18,Central India,22.0,79.0,5.728779315948486,62,50
2024-07-19,Central India,22.0,79.0,16.878360748291016,62,50
2024-07-20,Central India,22.0,79.0,2.1404340267181396,62,50
2024-07-21,Central India,22.0,79.0,65.95442199707031,62,50
2024-07-22,Central India,22.0,79.0,38.09554672241211,62,50
2024-07-23,Central India,22.0,79.0,41.362266540527344,62,50
2024-07-24,Central India,22.0,79.0,5.038381576538086,62,50
2024-07-25,Central India,22.0,79.0,3.731161594390869,62,50
2024-07-26,Central India,22.0,79.0,0.37863919138908386,62,50
2024-07-27,Central India,22.0,79.0,11.159082412719727,62,50
2024-07-28,Central India,22.0,79.0,32.086936950683594,62,50
2024-07-29,Central India,22.0,79.0,14.029212951660156,62,50
2024-07-30,Central India,22.0,79.0,0.9555773138999939,62,50
2024-07-31,Central India,22.0,79.0,1.8379656076431274,62,50
2024-08-01,Central India,22.0,79.0,2.926269769668579,62,50
2024-08-02,Central India,22.0,79.0,12.942744255065918,62,50
2024-08-03,Central India,22.0,79.0,14.896750450134277,62,50
2024-08-04,Central India,22.0,79.0,19.653358459472656,62,50
2024-08-05,Central India,22.0,79.0,16.99014663696289,62,50
2024-08-06,Central India,22.0,79.0,5.439960956573486,62,50
2024-08-07,Central India,22.0,79.0,4.962507247924805,62,50
2024-08-08,Central India,22.0,79.0,12.175542831420898,62,50
2024-08-09,Central India,22.0,79.0,5.89015007019043,62,50
2024-08-10,Central India,22.0,79.0,0.0,62,50
2024-08-11,Central India,22.0,79.0,0.29560092091560364,62,50
2024-08-12,Central India,22.0,79.0,2.76727557182312,62,50
2024-08-13,Central India,22.0,79.0,2.059211254119873,62,50
2024-08-14,Central India,22.0,79.0,0.0,62,50
2024-08-15,Central India,22.0,79.0,6.473402976989746,62,50
2024-08-16,Central India,22.0,79.0,20.11737632751465,62,50
2024-08-17,Central India,22.0,79.0,0.0,62,50
2024-08-18,Central India,22.0,79.0,1.3690245151519775,62,50
2024-08-19,Central India,22.0,79.0,2.7738587856292725,62,50
2024-08-20,Central India,22.0,79.0,64.0700454711914,62,50
2024-08-21,Central India,22.0,79.0,0.0,62,50
2024-08-22,Central India,22.0,79.0,0.0,62,50
2024-08-23,Central India,22.0,79.0,67.4713134765625,62,50
2024-08-24,Central India,22.0,79.0,5.086191654205322,62,50
2024-08-25,Central India,22.0,79.0,1.6299872398376465,62,50
2024-08-26,Central India,22.0,79.0,0.11546651273965836,62,50
2024-08-27,Central India,22.0,79.0,0.0,62,50
2024-08-28,Central India,22.0,79.0,0.0,62,50
2024-08-29,Central India,22.0,79.0,0.8834913969039917,62,50
2024-08-30,Central India,22.0,79.0,4.89493465423584,62,50
2024-08-31,Central India,22.0,79.0,82.84056854248047,62,50
2024-09-01,Central India,22.0,79.0,14.397518157958984,62,50
2024-09-02,Central India,22.0,79.0,7.86182165145874,62,50
2024-09-03,Central India,22.0,79.0,1.1060850620269775,62,50
2024-09-04,Central India,22.0,79.0,0.0,62,50
2024-09-05,Central India,22.0,79.0,0.0,62,50
2024-09-06,Central India,22.0,79.0,0.0,62,50
2024-09-07,Central India,22.0,79.0,0.4796096086502075,62,50
2024-09-08,Central India,22.0,79.0,11.457249641418457,62,50
2024-09-09,Central India,22.0,79.0,0.4886220395565033,62,50
2024-09-10,Central India,22.0,79.0,15.10708999633789,62,50
2024-09-11,Central India,22.0,79.0,38.621036529541016,62,50
2024-09-12,Central India,22.0,79.0,3.5722880363464355,62,50
2024-09-13,Central India,22.0,79.0,0.0,62,50
2024-09-14,Central India,22.0,79.0,0.0,62,50
2024-09-15,Central India,22.0,79.0,0.0,62,50
2024-09-16,Central India,22.0,79.0,0.0,62,50
2024-09-17,Central India,22.0,79.0,3.0496108531951904,62,50
2024-09-18,Central India,22.0,79.0,2.938910484313965,62,50
2024-09-19,Central India,22.0,79.0,0.0,62,50
2024-09-20,Central India,22.0,79.0,2.756948471069336,62,50
2024-09-21,Central India,22.0,79.0,12.21066951751709,62,50
2024-09-22,Central India,22.0,79.0,0.0,62,50
2024-09-23,Central India,22.0,79.0,0.0,62,50
2024-09-24,Central India,22.0,79.0,0.2049291431903839,62,50
2024-09-25,Central India,22.0,79.0,8.753329277038574,62,50
2024-09-26,Central India,22.0,79.0,8.870179176330566,62,50
2024-09-27,Central India,22.0,79.0,4.310863018035889,62,50
2024-09-28,Central India,22.0,79.0,1.8406325578689575,62,50
2024-09-29,Central India,22.0,79.0,12.409140586853027,62,50
2024-09-30,Central India,22.0,79.0,0.0,62,50
2024-10-01,Central India,22.0,79.0,0.0,62,50
2024-10-02,Central India,22.0,79.0,0.0,62,50
2024-10-03,Central India,22.0,79.0,0.0,62,50
2024-10-04,Central India,22.0,79.0,0.0,62,50
2024-10-05,Central India,22.0,79.0,0.0,62,50
2024-10-06,Central India,22.0,79.0,0.8270845413208008,62,50
2024-10-07,Central India,22.0,79.0,0.0,62,50
2024-10-08,Central India,22.0,79.0,0.0,62,50
2024-10-09,Central India,22.0,79.0,14.727511405944824,62,50
2024-10-10,Central India,22.0,79.0,19.793760299682617,62,50
2024-10-11,Central India,22.0,79.0,0.0,62,50
2024-10-12,Central India,22.0,79.0,5.572448253631592,62,50
2024-10-13,Central India,22.0,79.0,55.50656509399414,62,50
2024-10-14,Central India,22.0,79.0,0.1507372260093689,62,50
2024-10-15,Central India,22.0,79.0,0.0,62,50
2024-10-16,Central India,22.0,79.0,0.0,62,50
2024-10-17,Central India,22.0,79.0,0.0,62,50
2024-10-18,Central India,22.0,79.0,59.0059928894043,62,50
2024-10-19,Central India,22.0,79.0,9.474898338317871,62,50
2024-10-20,Central India,22.0,79.0,1.8379656076431274,62,50
2024-10-21,Central India,22.0,79.0,0.0,62,50
2024-10-22,Central India,22.0,79.0,0.0,62,50
2024-10-23,Central India,22.0,79.0,0.0,62,50
2024-10-24,Central India,22.0,79.0,0.0,62,50
2024-10-25,Central India,22.0,79.0,0.0,62,50
2024-10-26,Central India,22.0,79.0,0.0,62,50
2024-10-27,Central India,22.0,79.0,0.0,62,50
2024-10-28,Central India,22.0,79.0,0.0,62,50
2024-10-29,Central India,22.0,79.0,0.0,62,50
2024-10-30,Central India,22.0,79.0,0.0,62,50
2024-10-31,Central India,22.0,79.0,0.0,62,50
2024-11-01,Central India,22.0,79.0,0.0,62,50
2024-11-02,Central India,22.0,79.0,0.0,62,50
2024-11-03,Central India,22.0,79.0,0.0,62,50
2024-11-04,Central India,22.0,79.0,0.0,62,50
2024-11-05,Central India,22.0,79.0,0.0,62,50
2024-11-06,Central India,22.0,79.0,0.0,62,50
2024-11-07,Central India,22.0,79.0,0.0,62,50
2024-11-08,Central India,22.0,79.0,0.0,62,50
2024-11-09,Central India,22.0,79.0,0.0,62,50
2024-11-10,Central India,22.0,79.0,0.0,62,50
2024-11-11,Central India,22.0,79.0,0.0,62,50
2024-11-12,Central India,22.0,79.0,0.0,62,50
2024-11-13,Central India,22.0,79.0,0.0,62,50
2024-11-14,Central India,22.0,79.0,0.0,62,50
2024-11-15,Central India,22.0,79.0,0.0,62,50
2024-11-16,Central India,22.0,79.0,0.0,62,50
2024-11-17,Central India,22.0,79.0,0.0,62,50
2024-11-18,Central India,22.0,79.0,0.0,62,50
2024-11-19,Central India,22.0,79.0,0.0,62,50
2024-11-20,Central India,22.0,79.0,0.0,62,50
2024-11-21,Central India,22.0,79.0,0.0,62,50
2024-11-22,Central India,22.0,79.0,0.0,62,50
2024-11-23,Central India,22.0,79.0,0.0,62,50
2024-11-24,Central India,22.0,79.0,0.0,62,50
2024-11-25,Central India,22.0,79.0,0.0,62,50
2024-11-26,Central India,22.0,79.0,0.0,62,50
2024-11-27,Central India,22.0,79.0,0.0,62,50
2024-11-28,Central India,22.0,79.0,0.0,62,50
2024-11-29,Central India,22.0,79.0,0.0,62,50
2024-11-30,Central India,22.0,79.0,0.0,62,50
2024-12-01,Central India,22.0,79.0,0.0,62,50
2024-12-02,Central India,22.0,79.0,0.0,62,50
2024-12-03,Central India,22.0,79.0,0.0,62,50
2024-12-04,Central India,22.0,79.0,0.0,62,50
2024-12-05,Central India,22.0,79.0,0.0,62,50
2024-12-06,Central India,22.0,79.0,0.0,62,50
2024-12-07,Central India,22.0,79.0,0.0,62,50
2024-12-08,Central India,22.0,79.0,0.0,62,50
2024-12-09,Central India,22.0,79.0,0.0,62,50
2024-12-10,Central India,22.0,79.0,0.0,62,50
2024-12-11,Central India,22.0,79.0,0.0,62,50
2024-12-12,Central India,22.0,79.0,0.0,62,50
2024-12-13,Central India,22.0,79.0,0.0,62,50
2024-12-14,Central India,22.0,79.0,0.0,62,50
2024-12-15,Central India,22.0,79.0,0.0,62,50
2024-12-16,Central India,22.0,79.0,0.0,62,50
2024-12-17,Central India,22.0,79.0,0.0,62,50
2024-12-18,Central India,22.0,79.0,0.0,62,50
2024-12-19,Central India,22.0,79.0,0.0,62,50
2024-12-20,Central India,22.0,79.0,0.0,62,50
2024-12-21,Central India,22.0,79.0,0.0,62,50
2024-12-22,Central India,22.0,79.0,0.0,62,50
2024-12-23,Central India,22.0,79.0,0.0,62,50
2024-12-24,Central India,22.0,79.0,0.0,62,50
2024-12-25,Central India,22.0,79.0,0.0,62,50
2024-12-26,Central India,22.0,79.0,0.0,62,50
2024-12-27,Central India,22.0,79.0,0.0,62,50
2024-12-28,Central India,22.0,79.0,8.670966148376465,62,50
2024-12-29,Central India,22.0,79.0,25.78719139099121,62,50
2024-12-30,Central India,22.0,79.0,0.0,62,50
2024-12-31,Central India,22.0,79.0,0.0,62,50
2024-01-01,Coastal Odisha,20.5,85.5,0.0,56,76
2024-01-02,Coastal Odisha,20.5,85.5,0.0,56,76
2024-01-03,Coastal Odisha,20.5,85.5,0.0,56,76
2024-01-04,Coastal Odisha,20.5,85.5,0.0,56,76
2024-01-05,Coastal Odisha,20.5,85.5,0.0,56,76
2024-01-06,Coastal Odisha,20.5,85.5,0.0,56,76
2024-01-07,Coastal Odisha,20.5,85.5,0.0,56,76
2024-01-08,Coastal Odisha,20.5,85.5,0.0,56,76
2024-01-09,Coastal Odisha,20.5,85.5,0.0,56,76
2024-01-10,Coastal Odisha,20.5,85.5,0.0,56,76
2024-01-11,Coastal Odisha,20.5,85.5,0.0,56,76
2024-01-12,Coastal Odisha,20.5,85.5,0.0,56,76
2024-01-13,Coastal Odisha,20.5,85.5,0.0,56,76
2024-01-14,Coastal Odisha,20.5,85.5,0.0,56,76
2024-01-15,Coastal Odisha,20.5,85.5,0.0,56,76
2024-01-16,Coastal Odisha,20.5,85.5,0.0,56,76
2024-01-17,Coastal Odisha,20.5,85.5,0.0,56,76
2024-01-18,Coastal Odisha,20.5,85.5,0.0,56,76
2024-01-19,Coastal Odisha,20.5,85.5,1.5132904052734375,56,76
2024-01-20,Coastal Odisha,20.5,85.5,0.0,56,76
2024-01-21,Coastal Odisha,20.5,85.5,2.1356215476989746,56,76
2024-01-22,Coastal Odisha,20.5,85.5,2.9987406730651855,56,76
2024-01-23,Coastal Odisha,20.5,85.5,0.0,56,76
2024-01-24,Coastal Odisha,20.5,85.5,1.9548217058181763,56,76
2024-01-25,Coastal Odisha,20.5,85.5,7.432070732116699,56,76
2024-01-26,Coastal Odisha,20.5,85.5,0.0,56,76
2024-01-27,Coastal Odisha,20.5,85.5,0.0,56,76
2024-01-28,Coastal Odisha,20.5,85.5,0.0,56,76
2024-01-29,Coastal Odisha,20.5,85.5,0.0,56,76
2024-01-30,Coastal Odisha,20.5,85.5,0.0,56,76
2024-01-31,Coastal Odisha,20.5,85.5,0.0,56,76
2024-02-01,Coastal Odisha,20.5,85.5,0.0,56,76
2024-02-02,Coastal Odisha,20.5,85.5,0.0,56,76
2024-02-03,Coastal Odisha,20.5,85.5,0.0,56,76
2024-02-04,Coastal Odisha,20.5,85.5,0.0,56,76
2024-02-05,Coastal Odisha,20.5,85.5,0.0,56,76
2024-02-06,Coastal Odisha,20.5,85.5,0.0,56,76
2024-02-07,Coastal Odisha,20.5,85.5,0.16098836064338684,56,76
2024-02-08,Coastal Odisha,20.5,85.5,0.0,56,76
2024-02-09,Coastal Odisha,20.5,85.5,0.0,56,76
2024-02-10,Coastal Odisha,20.5,85.5,0.0,56,76
2024-02-11,Coastal Odisha,20.5,85.5,0.0,56,76
2024-02-12,Coastal Odisha,20.5,85.5,0.0,56,76
2024-02-13,Coastal Odisha,20.5,85.5,0.0,56,76
2024-02-14,Coastal Odisha,20.5,85.5,0.0,56,76
2024-02-15,Coastal Odisha,20.5,85.5,0.0,56,76
2024-02-16,Coastal Odisha,20.5,85.5,0.0,56,76
2024-02-17,Coastal Odisha,20.5,85.5,0.0,56,76
2024-02-18,Coastal Odisha,20.5,85.5,0.0,56,76
2024-02-19,Coastal Odisha,20.5,85.5,0.0,56,76
2024-02-20,Coastal Odisha,20.5,85.5,0.0,56,76
2024-02-21,Coastal Odisha,20.5,85.5,0.0,56,76
2024-02-22,Coastal Odisha,20.5,85.5,0.0,56,76
2024-02-23,Coastal Odisha,20.5,85.5,0.0,56,76
2024-02-24,Coastal Odisha,20.5,85.5,0.0,56,76
2024-02-25,Coastal Odisha,20.5,85.5,0.0,56,76
2024-02-26,Coastal Odisha,20.5,85.5,0.6439534425735474,56,76
2024-02-27,Coastal Odisha,20.5,85.5,0.0,56,76
2024-02-28,Coastal Odisha,20.5,85.5,0.170999214053154,56,76
2024-02-29,Coastal Odisha,20.5,85.5,0.0,56,76
2024-03-01,Coastal Odisha,20.5,85.5,0.0,56,76
2024-03-02,Coastal Odisha,20.5,85.5,0.0,56,76
2024-03-03,Coastal Odisha,20.5,85.5,0.0,56,76
2024-03-04,Coastal Odisha,20.5,85.5,0.5473604202270508,56,76
2024-03-05,Coastal Odisha,20.5,85.5,2.2819759845733643,56,76
2024-03-06,Coastal Odisha,20.5,85.5,0.0,56,76
2024-03-07,Coastal Odisha,20.5,85.5,0.0,56,76
2024-03-08,Coastal Odisha,20.5,85.5,21.591798782348633,56,76
2024-03-09,Coastal Odisha,20.5,85.5,0.0,56,76
2024-03-10,Coastal Odisha,20.5,85.5,0.0,56,76
2024-03-11,Coastal Odisha,20.5,85.5,0.0,56,76
2024-03-12,Coastal Odisha,20.5,85.5,0.0,56,76
2024-03-13,Coastal Odisha,20.5,85.5,0.0,56,76
2024-03-14,Coastal Odisha,20.5,85.5,8.404325485229492,56,76
2024-03-15,Coastal Odisha,20.5,85.5,0.14475370943546295,56,76
2024-03-16,Coastal Odisha,20.5,85.5,0.0,56,76
2024-03-17,Coastal Odisha,20.5,85.5,0.38637208938598633,56,76
2024-03-18,Coastal Odisha,20.5,85.5,3.8315227031707764,56,76
2024-03-19,Coastal Odisha,20.5,85.5,4.7197723388671875,56,76
2024-03-20,Coastal Odisha,20.5,85.5,26.042375564575195,56,76
2024-03-21,Coastal Odisha,20.5,85.5,2.6569435596466064,56,76
2024-03-22,Coastal Odisha,20.5,85.5,0.0,56,76
2024-03-23,Coastal Odisha,20.5,85.5,0.0,56,76
2024-03-24,Coastal Odisha,20.5,85.5,0.0,56,76
2024-03-25,Coastal Odisha,20.5,85.5,0.0,56,76
2024-03-26,Coastal Odisha,20.5,85.5,3.801074266433716,56,76
2024-03-27,Coastal Odisha,20.5,85.5,0.0,56,76
2024-03-28,Coastal Odisha,20.5,85.5,0.0,56,76
2024-03-29,Coastal Odisha,20.5,85.5,0.0,56,76
2024-03-30,Coastal Odisha,20.5,85.5,0.0,56,76
2024-03-31,Coastal Odisha,20.5,85.5,0.0,56,76
2024-04-01,Coastal Odisha,20.5,85.5,0.0,56,76
2024-04-02,Coastal Odisha,20.5,85.5,0.0,56,76
2024-04-03,Coastal Odisha,20.5,85.5,0.0,56,76
2024-04-04,Coastal Odisha,20.5,85.5,0.0,56,76
2024-04-05,Coastal Odisha,20.5,85.5,0.0,56,76
2024-04-06,Coastal Odisha,20.5,85.5,0.0,56,76
2024-04-07,Coastal Odisha,20.5,85.5,0.0,56,76
2024-04-08,Coastal Odisha,20.5,85.5,8.189823150634766,56,76
2024-04-09,Coastal Odisha,20.5,85.5,0.0,56,76
2024-04-10,Coastal Odisha,20.5,85.5,0.0,56,76
2024-04-11,Coastal Odisha,20.5,85.5,4.192605495452881,56,76
2024-04-12,Coastal Odisha,20.5,85.5,0.3095235228538513,56,76
2024-04-13,Coastal Odisha,20.5,85.5,0.0,56,76
2024-04-14,Coastal Odisha,20.5,85.5,0.0,56,76
2024-04-15,Coastal Odisha,20.5,85.5,0.0,56,76
2024-04-16,Coastal Odisha,20.5,85.5,0.0,56,76
2024-04-17,Coastal Odisha,20.5,85.5,0.0,56,76
2024-04-18,Coastal Odisha,20.5,85.5,0.0,56,76
2024-04-19,Coastal Odisha,20.5,85.5,0.0,56,76
2024-04-20,Coastal Odisha,20.5,85.5,0.0,56,76
2024-04-21,Coastal Odisha,20.5,85.5,0.0,56,76
2024-04-22,Coastal Odisha,20.5,85.5,0.0,56,76
2024-04-23,Coastal Odisha,20.5,85.5,0.0,56,76
2024-04-24,Coastal Odisha,20.5,85.5,0.0,56,76
2024-04-25,Coastal Odisha,20.5,85.5,0.0,56,76
2024-04-26,Coastal Odisha,20.5,85.5,0.0,56,76
2024-04-27,Coastal Odisha,20.5,85.5,0.0,56,76
2024-04-28,Coastal Odisha,20.5,85.5,0.0,56,76
2024-04-29,Coastal Odisha,20.5,85.5,0.0,56,76
2024-04-30,Coastal Odisha,20.5,85.5,0.0,56,76
2024-05-01,Coastal Odisha,20.5,85.5,0.0,56,76
2024-05-02,Coastal Odisha,20.5,85.5,5.931471347808838,56,76
2024-05-03,Coastal Odisha,20.5,85.5,0.0,56,76
2024-05-04,Coastal Odisha,20.5,85.5,0.0,56,76
2024-05-05,Coastal Odisha,20.5,85.5,0.0,56,76
2024-05-06,Coastal Odisha,20.5,85.5,0.0,56,76
2024-05-07,Coastal Odisha,20.5,85.5,0.7069070339202881,56,76
2024-05-08,Coastal Odisha,20.5,85.5,5.995373249053955,56,76
2024-05-09,Coastal Odisha,20.5,85.5,15.155272483825684,56,76
2024-05-10,Coastal Odisha,20.5,85.5,10.432045936584473,56,76
2024-05-11,Coastal Odisha,20.5,85.5,0.1287906914949417,56,76
2024-05-12,Coastal Odisha,20.5,85.5,37.50674057006836,56,76
2024-05-13,Coastal Odisha,20.5,85.5,3.7101683616638184,56,76
2024-05-14,Coastal Odisha,20.5,85.5,2.2860348224639893,56,76
2024-05-15,Coastal Odisha,20.5,85.5,0.0,56,76
2024-05-16,Coastal Odisha,20.5,85.5,0.46770933270454407,56,76
2024-05-17,Coastal Odisha,20.5,85.5,0.0,56,76
2024-05-18,Coastal Odisha,20.5,85.5,0.0,56,76
2024-05-19,Coastal Odisha,20.5,85.5,0.0,56,76
2024-05-20,Coastal Odisha,20.5,85.5,3.101471185684204,56,76
2024-05-21,Coastal Odisha,20.5,85.5,0.2575813829898834,56,76
2024-05-22,Coastal Odisha,20.5,85.5,0.0,56,76
2024-05-23,Coastal Odisha,20.5,85.5,0.0,56,76
2024-05-24,Coastal Odisha,20.5,85.5,0.0,56,76
2024-05-25,Coastal Odisha,20.5,85.5,0.0,56,76
2024-05-26,Coastal Odisha,20.5,85.5,1.9444692134857178,56,76
2024-05-27,Coastal Odisha,20.5,85.5,6.846554756164551,56,76
2024-05-28,Coastal Odisha,20.5,85.5,0.0,56,76
2024-05-29,Coastal Odisha,20.5,85.5,0.0,56,76
2024-05-30,Coastal Odisha,20.5,85.5,0.0,56,76
2024-05-31,Coastal Odisha,20.5,85.5,0.0,56,76
2024-06-01,Coastal Odisha,20.5,85.5,0.0,56,76
2024-06-02,Coastal Odisha,20.5,85.5,0.8371394276618958,56,76
2024-06-03,Coastal Odisha,20.5,85.5,42.66892623901367,56,76
2024-06-04,Coastal Odisha,20.5,85.5,0.0,56,76
2024-06-05,Coastal Odisha,20.5,85.5,0.0,56,76
2024-06-06,Coastal Odisha,20.5,85.5,0.0,56,76
2024-06-07,Coastal Odisha,20.5,85.5,0.0,56,76
2024-06-08,Coastal Odisha,20.5,85.5,0.8693371415138245,56,76
2024-06-09,Coastal Odisha,20.5,85.5,0.0,56,76
2024-06-10,Coastal Odisha,20.5,85.5,0.0,56,76
2024-06-11,Coastal Odisha,20.5,85.5,0.0,56,76
2024-06-12,Coastal Odisha,20.5,85.5,0.0,56,76
2024-06-13,Coastal Odisha,20.5,85.5,0.0,56,76
2024-06-14,Coastal Odisha,20.5,85.5,11.041631698608398,56,76
2024-06-15,Coastal Odisha,20.5,85.5,0.0,56,76
2024-06-16,Coastal Odisha,20.5,85.5,5.055034637451172,56,76
2024-06-17,Coastal Odisha,20.5,85.5,0.0,56,76
2024-06-18,Coastal Odisha,20.5,85.5,0.22511206567287445,56,76
2024-06-19,Coastal Odisha,20.5,85.5,11.156092643737793,56,76
2024-06-20,Coastal Odisha,20.5,85.5,0.0,56,76
2024-06-21,Coastal Odisha,20.5,85.5,12.228907585144043,56,76
2024-06-22,Coastal Odisha,20.5,85.5,0.0,56,76
2024-06-23,Coastal Odisha,20.5,85.5,3.5899603366851807,56,76
2024-06-24,Coastal Odisha,20.5,85.5,0.0,56,76
2024-06-25,Coastal Odisha,20.5,85.5,0.0,56,76
2024-06-26,Coastal Odisha,20.5,85.5,34.65678787231445,56,76
2024-06-27,Coastal Odisha,20.5,85.5,2.754995346069336,56,76
2024-06-28,Coastal Odisha,20.5,85.5,32.282833099365234,56,76
2024-06-29,Coastal Odisha,20.5,85.5,3.507399320602417,56,76
2024-06-30,Coastal Odisha,20.5,85.5,23.175155639648438,56,76
2024-07-01,Coastal Odisha,20.5,85.5,3.79416561126709,56,76
2024-07-02,Coastal Odisha,20.5,85.5,0.0,56,76
2024-07-03,Coastal Odisha,20.5,85.5,7.6173787117004395,56,76
2024-07-04,Coastal Odisha,20.5,85.5,2.7001097202301025,56,76
2024-07-05,Coastal Odisha,20.5,85.5,4.678640842437744,56,76
2024-07-06,Coastal Odisha,20.5,85.5,0.0,56,76
2024-07-07,Coastal Odisha,20.5,85.5,0.0,56,76
2024-07-08,Coastal Odisha,20.5,85.5,24.05885124206543,56,76
2024-07-09,Coastal Odisha,20.5,85.5,0.5938392281532288,56,76
2024-07-10,Coastal Odisha,20.5,85.5,0.0,56,76
2024-07-11,Coastal Odisha,20.5,85.5,0.0,56,76
2024-07-12,Coastal Odisha,20.5,85.5,5.559811592102051,56,76
2024-07-13,Coastal Odisha,20.5,85.5,10.14975643157959,56,76
2024-07-14,Coastal Odisha,20.5,85.5,0.66803377866745,56,76
2024-07-15,Coastal Odisha,20.5,85.5,8.184161186218262,56,76
2024-07-16,Coastal Odisha,20.5,85.5,10.115974426269531,56,76
2024-07-17,Coastal Odisha,20.5,85.5,13.55012035369873,56,76
2024-07-18,Coastal Odisha,20.5,85.5,5.579325199127197,56,76
2024-07-19,Coastal Odisha,20.5,85.5,12.654458045959473,56,76
2024-07-20,Coastal Odisha,20.5,85.5,15.601112365722656,56,76
2024-07-21,Coastal Odisha,20.5,85.5,21.551856994628906,56,76
2024-07-22,Coastal Odisha,20.5,85.5,0.0,56,76
2024-07-23,Coastal Odisha,20.5,85.5,18.34805679321289,56,76
2024-07-24,Coastal Odisha,20.5,85.5,21.649415969848633,56,76
2024-07-25,Coastal Odisha,20.5,85.5,1.2685741186141968,56,76
2024-07-26,Coastal Odisha,20.5,85.5,3.660449743270874,56,76
2024-07-27,Coastal Odisha,20.5,85.5,9.139174461364746,56,76
2024-07-28,Coastal Odisha,20.5,85.5,6.346461296081543,56,76
2024-07-29,Coastal Odisha,20.5,85.5,18.103891372680664,56,76
2024-07-30,Coastal Odisha,20.5,85.5,26.336912155151367,56,76
2024-07-31,Coastal Odisha,20.5,85.5,5.5970778465271,56,76
2024-08-01,Coastal Odisha,20.5,85.5,15.866922378540039,56,76
2024-08-02,Coastal Odisha,20.5,85.5,6.070961952209473,56,76
2024-08-03,Coastal Odisha,20.5,85.5,5.039368629455566,56,76
2024-08-04,Coastal Odisha,20.5,85.5,1.9371076822280884,56,76
2024-08-05,Coastal Odisha,20.5,85.5,11.429377555847168,56,76
2024-08-06,Coastal Odisha,20.5,85.5,22.911849975585938,56,76
2024-08-07,Coastal Odisha,20.5,85.5,27.47433090209961,56,76
2024-08-08,Coastal Odisha,20.5,85.5,6.549640655517578,56,76
2024-08-09,Coastal Odisha,20.5,85.5,5.300826072692871,56,76
2024-08-10,Coastal Odisha,20.5,85.5,1.4242889881134033,56,76
2024-08-11,Coastal Odisha,20.5,85.5,13.431356430053711,56,76
2024-08-12,Coastal Odisha,20.5,85.5,0.0,56,76
2024-08-13,Coastal Odisha,20.5,85.5,0.0,56,76
2024-08-14,Coastal Odisha,20.5,85.5,1.1591161489486694,56,76
2024-08-15,Coastal Odisha,20.5,85.5,0.0,56,76
2024-08-16,Coastal Odisha,20.5,85.5,46.911197662353516,56,76
2024-08-17,Coastal Odisha,20.5,85.5,9.579706192016602,56,76
2024-08-18,Coastal Odisha,20.5,85.5,12.314300537109375,56,76
2024-08-19,Coastal Odisha,20.5,85.5,11.073575973510742,56,76
2024-08-20,Coastal Odisha,20.5,85.5,0.0,56,76
2024-08-21,Coastal Odisha,20.5,85.5,0.1287906914949417,56,76
2024-08-22,Coastal Odisha,20.5,85.5,1.1913138628005981,56,76
2024-08-23,Coastal Odisha,20.5,85.5,2.8038008213043213,56,76
2024-08-24,Coastal Odisha,20.5,85.5,5.009215354919434,56,76
2024-08-25,Coastal Odisha,20.5,85.5,16.404870986938477,56,76
2024-08-26,Coastal Odisha,20.5,85.5,11.825383186340332,56,76
2024-08-27,Coastal Odisha,20.5,85.5,64.02299499511719,56,76
2024-08-28,Coastal Odisha,20.5,85.5,12.173233032226562,56,76
2024-08-29,Coastal Odisha,20.5,85.5,2.3771767616271973,56,76
2024-08-30,Coastal Odisha,20.5,85.5,1.3677994012832642,56,76
2024-08-31,Coastal Odisha,20.5,85.5,3.3304309844970703,56,76
2024-09-01,Coastal Odisha,20.5,85.5,7.898916244506836,56,76
2024-09-02,Coastal Odisha,20.5,85.5,5.498956680297852,56,76
2024-09-03,Coastal Odisha,20.5,85.5,0.12662553787231445,56,76
2024-09-04,Coastal Odisha,20.5,85.5,0.0,56,76
2024-09-05,Coastal Odisha,20.5,85.5,0.9808197617530823,56,76
2024-09-06,Coastal Odisha,20.5,85.5,0.0,56,76
2024-09-07,Coastal Odisha,20.5,85.5,6.831451416015625,56,76
2024-09-08,Coastal Odisha,20.5,85.5,52.052589416503906,56,76
2024-09-09,Coastal Odisha,20.5,85.5,18.542842864990234,56,76
2024-09-10,Coastal Odisha,20.5,85.5,10.641158103942871,56,76
2024-09-11,Coastal Odisha,20.5,85.5,1.5776859521865845,56,76
2024-09-12,Coastal Odisha,20.5,85.5,1.794255256652832,56,76
2024-09-13,Coastal Odisha,20.5,85.5,0.5151627659797668,56,76
2024-09-14,Coastal Odisha,20.5,85.5,5.66679048538208,56,76
2024-09-15,Coastal Odisha,20.5,85.5,45.47309494018555,56,76
2024-09-16,Coastal Odisha,20.5,85.5,22.077146530151367,56,76
2024-09-17,Coastal Odisha,20.5,85.5,14.959906578063965,56,76
2024-09-18,Coastal Odisha,20.5,85.5,17.33388328552246,56,76
2024-09-19,Coastal Odisha,20.5,85.5,11.534768104553223,56,76
2024-09-20,Coastal Odisha,20.5,85.5,0.0,56,76
2024-09-21,Coastal Odisha,20.5,85.5,6.611369609832764,56,76
2024-09-22,Coastal Odisha,20.5,85.5,0.0,56,76
2024-09-23,Coastal Odisha,20.5,85.5,0.0,56,76
2024-09-24,Coastal Odisha,20.5,85.5,6.745690822601318,56,76
2024-09-25,Coastal Odisha,20.5,85.5,15.055144309997559,56,76
2024-09-26,Coastal Odisha,20.5,85.5,19.221805572509766,56,76
2024-09-27,Coastal Odisha,20.5,85.5,32.44620132446289,56,76
2024-09-28,Coastal Odisha,20.5,85.5,3.491734266281128,56,76
2024-09-29,Coastal Odisha,20.5,85.5,0.0,56,76
2024-09-30,Coastal Odisha,20.5,85.5,0.0,56,76
2024-10-01,Coastal Odisha,20.5,85.5,0.0,56,76
2024-10-02,Coastal Odisha,20.5,85.5,1.4488952159881592,56,76
2024-10-03,Coastal Odisha,20.5,85.5,0.0,56,76
2024-10-04,Coastal Odisha,20.5,85.5,0.0,56,76
2024-10-05,Coastal Odisha,20.5,85.5,4.966835021972656,56,76
2024-10-06,Coastal Odisha,20.5,85.5,3.863720655441284,56,76
2024-10-07,Coastal Odisha,20.5,85.5,17.96672248840332,56,76
2024-10-08,Coastal Odisha,20.5,85.5,0.0,56,76
2024-10-09,Coastal Odisha,20.5,85.5,4.415434837341309,56,76
2024-10-10,Coastal Odisha,20.5,85.5,0.0,56,76
2024-10-11,Coastal Odisha,20.5,85.5,0.0,56,76
2024-10-12,Coastal Odisha,20.5,85.5,0.0,56,76
2024-10-13,Coastal Odisha,20.5,85.5,0.0,56,76
2024-10-14,Coastal Odisha,20.5,85.5,0.0,56,76
2024-10-15,Coastal Odisha,20.5,85.5,0.0,56,76
2024-10-16,Coastal Odisha,20.5,85.5,0.0,56,76
2024-10-17,Coastal Odisha,20.5,85.5,0.0,56,76
2024-10-18,Coastal Odisha,20.5,85.5,0.0,56,76
2024-10-19,Coastal Odisha,20.5,85.5,0.0,56,76
2024-10-20,Coastal Odisha,20.5,85.5,21.640256881713867,56,76
2024-10-21,Coastal Odisha,20.5,85.5,0.0,56,76
2024-10-22,Coastal Odisha,20.5,85.5,0.0,56,76
2024-10-23,Coastal Odisha,20.5,85.5,0.0,56,76
2024-10-24,Coastal Odisha,20.5,85.5,2.5191197395324707,56,76
2024-10-25,Coastal Odisha,20.5,85.5,32.09067916870117,56,76
2024-10-26,Coastal Odisha,20.5,85.5,26.90145492553711,56,76
2024-10-27,Coastal Odisha,20.5,85.5,0.6268041729927063,56,76
2024-10-28,Coastal Odisha,20.5,85.5,1.3362774848937988,56,76
2024-10-29,Coastal Odisha,20.5,85.5,2.904116630554199,56,76
2024-10-30,Coastal Odisha,20.5,85.5,0.0,56,76
2024-10-31,Coastal Odisha,20.5,85.5,0.0,56,76
2024-11-01,Coastal Odisha,20.5,85.5,3.7660722732543945,56,76
2024-11-02,Coastal Odisha,20.5,85.5,0.0,56,76
2024-11-03,Coastal Odisha,20.5,85.5,0.0,56,76
2024-11-04,Coastal Odisha,20.5,85.5,0.0,56,76
2024-11-05,Coastal Odisha,20.5,85.5,0.0,56,76
2024-11-06,Coastal Odisha,20.5,85.5,0.0,56,76
2024-11-07,Coastal Odisha,20.5,85.5,0.0,56,76
2024-11-08,Coastal Odisha,20.5,85.5,0.0,56,76
2024-11-09,Coastal Odisha,20.5,85.5,0.0,56,76
2024-11-10,Coastal Odisha,20.5,85.5,0.0,56,76
2024-11-11,Coastal Odisha,20.5,85.5,0.0,56,76
2024-11-12,Coastal Odisha,20.5,85.5,0.0,56,76
2024-11-13,Coastal Odisha,20.5,85.5,0.0,56,76
2024-11-14,Coastal Odisha,20.5,85.5,0.0,56,76
2024-11-15,Coastal Odisha,20.5,85.5,0.0,56,76
2024-11-16,Coastal Odisha,20.5,85.5,0.0,56,76
2024-11-17,Coastal Odisha,20.5,85.5,0.0,56,76
2024-11-18,Coastal Odisha,20.5,85.5,0.0,56,76
2024-11-19,Coastal Odisha,20.5,85.5,0.0,56,76
2024-11-20,Coastal Odisha,20.5,85.5,0.0,56,76
2024-11-21,Coastal Odisha,20.5,85.5,0.0,56,76
2024-11-22,Coastal Odisha,20.5,85.5,0.0,56,76
2024-11-23,Coastal Odisha,20.5,85.5,0.0,56,76
2024-11-24,Coastal Odisha,20.5,85.5,0.0,56,76
2024-11-25,Coastal Odisha,20.5,85.5,0.0,56,76
2024-11-26,Coastal Odisha,20.5,85.5,0.0,56,76
2024-11-27,Coastal Odisha,20.5,85.5,0.0,56,76
2024-11-28,Coastal Odisha,20.5,85.5,0.0,56,76
2024-11-29,Coastal Odisha,20.5,85.5,0.0,56,76
2024-11-30,Coastal Odisha,20.5,85.5,1.645322322845459,56,76
2024-12-01,Coastal Odisha,20.5,85.5,0.0,56,76
2024-12-02,Coastal Odisha,20.5,85.5,0.0,56,76
2024-12-03,Coastal Odisha,20.5,85.5,0.0,56,76
2024-12-04,Coastal Odisha,20.5,85.5,0.0,56,76
2024-12-05,Coastal Odisha,20.5,85.5,0.0,56,76
2024-12-06,Coastal Odisha,20.5,85.5,0.0,56,76
2024-12-07,Coastal Odisha,20.5,85.5,0.0,56,76
2024-12-08,Coastal Odisha,20.5,85.5,0.0,56,76
2024-12-09,Coastal Odisha,20.5,85.5,0.0,56,76
2024-12-10,Coastal Odisha,20.5,85.5,8.075836181640625,56,76
2024-12-11,Coastal Odisha,20.5,85.5,0.0,56,76
2024-12-12,Coastal Odisha,20.5,85.5,0.0,56,76
2024-12-13,Coastal Odisha,20.5,85.5,0.0,56,76
2024-12-14,Coastal Odisha,20.5,85.5,0.0,56,76
2024-12-15,Coastal Odisha,20.5,85.5,0.0,56,76
2024-12-16,Coastal Odisha,20.5,85.5,0.0,56,76
2024-12-17,Coastal Odisha,20.5,85.5,0.0,56,76
2024-12-18,Coastal Odisha,20.5,85.5,0.0,56,76
2024-12-19,Coastal Odisha,20.5,85.5,0.0,56,76
2024-12-20,Coastal Odisha,20.5,85.5,0.0,56,76
2024-12-21,Coastal Odisha,20.5,85.5,34.07023620605469,56,76
2024-12-22,Coastal Odisha,20.5,85.5,6.010207653045654,56,76
2024-12-23,Coastal Odisha,20.5,85.5,0.0,56,76
2024-12-24,Coastal Odisha,20.5,85.5,0.0,56,76
2024-12-25,Coastal Odisha,20.5,85.5,6.790029048919678,56,76
2024-12-26,Coastal Odisha,20.5,85.5,21.980289459228516,56,76
2024-12-27,Coastal Odisha,20.5,85.5,0.0,56,76
2024-12-28,Coastal Odisha,20.5,85.5,0.0,56,76
2024-12-29,Coastal Odisha,20.5,85.5,0.0,56,76
2024-12-30,Coastal Odisha,20.5,85.5,0.0,56,76
2024-12-31,Coastal Odisha,20.5,85.5,0.0,56,76
2024-01-01,Deccan Plateau,17.8,78.5,0.0,45,48
2024-01-02,Deccan Plateau,17.8,78.5,0.0,45,48
2024-01-03,Deccan Plateau,17.8,78.5,0.0,45,48
2024-01-04,Deccan Plateau,17.8,78.5,0.0,45,48
2024-01-05,Deccan Plateau,17.8,78.5,0.0,45,48
2024-01-06,Deccan Plateau,17.8,78.5,0.0,45,48
2024-01-07,Deccan Plateau,17.8,78.5,0.0,45,48
2024-01-08,Deccan Plateau,17.8,78.5,0.0,45,48
2024-01-09,Deccan Plateau,17.8,78.5,0.0,45,48
2024-01-10,Deccan Plateau,17.8,78.5,0.0,45,48
2024-01-11,Deccan Plateau,17.8,78.5,0.0,45,48
2024-01-12,Deccan Plateau,17.8,78.5,0.0,45,48
2024-01-13,Deccan Plateau,17.8,78.5,0.0,45,48
2024-01-14,Deccan Plateau,17.8,78.5,0.0,45,48
2024-01-15,Deccan Plateau,17.8,78.5,0.0,45,48
2024-01-16,Deccan Plateau,17.8,78.5,0.0,45,48
2024-01-17,Deccan Plateau,17.8,78.5,0.0,45,48
2024-01-18,Deccan Plateau,17.8,78.5,0.0,45,48
2024-01-19,Deccan Plateau,17.8,78.5,0.0,45,48
2024-01-20,Deccan Plateau,17.8,78.5,0.0,45,48
2024-01-21,Deccan Plateau,17.8,78.5,0.0,45,48
2024-01-22,Deccan Plateau,17.8,78.5,0.0,45,48
2024-01-23,Deccan Plateau,17.8,78.5,0.0,45,48
2024-01-24,Deccan Plateau,17.8,78.5,0.0,45,48
2024-01-25,Deccan Plateau,17.8,78.5,0.0,45,48
2024-01-26,Deccan Plateau,17.8,78.5,0.0,45,48
2024-01-27,Deccan Plateau,17.8,78.5,0.0,45,48
2024-01-28,Deccan Plateau,17.8,78.5,0.0,45,48
2024-01-29,Deccan Plateau,17.8,78.5,0.0,45,48
2024-01-30,Deccan Plateau,17.8,78.5,0.0,45,48
2024-01-31,Deccan Plateau,17.8,78.5,0.0,45,48
2024-02-01,Deccan Plateau,17.8,78.5,0.0,45,48
2024-02-02,Deccan Plateau,17.8,78.5,0.0,45,48
2024-02-03,Deccan Plateau,17.8,78.5,0.0,45,48
2024-02-04,Deccan Plateau,17.8,78.5,0.0,45,48
2024-02-05,Deccan Plateau,17.8,78.5,0.0,45,48
2024-02-06,Deccan Plateau,17.8,78.5,0.0,45,48
2024-02-07,Deccan Plateau,17.8,78.5,0.0,45,48
2024-02-08,Deccan Plateau,17.8,78.5,0.0,45,48
2024-02-09,Deccan Plateau,17.8,78.5,0.0,45,48
2024-02-10,Deccan Plateau,17.8,78.5,0.0,45,48
2024-02-11,Deccan Plateau,17.8,78.5,0.0,45,48
2024-02-12,Deccan Plateau,17.8,78.5,0.0,45,48
2024-02-13,Deccan Plateau,17.8,78.5,0.0,45,48
2024-02-14,Deccan Plateau,17.8,78.5,0.0,45,48
2024-02-15,Deccan Plateau,17.8,78.5,0.0,45,48
2024-02-16,Deccan Plateau,17.8,78.5,0.0,45,48
2024-02-17,Deccan Plateau,17.8,78.5,0.0,45,48
2024-02-18,Deccan Plateau,17.8,78.5,0.0,45,48
2024-02-19,Deccan Plateau,17.8,78.5,0.0,45,48
2024-02-20,Deccan Plateau,17.8,78.5,0.0,45,48
2024-02-21,Deccan Plateau,17.8,78.5,0.0,45,48
2024-02-22,Deccan Plateau,17.8,78.5,0.0,45,48
2024-02-23,Deccan Plateau,17.8,78.5,0.0,45,48
2024-02-24,Deccan Plateau,17.8,78.5,0.0,45,48
2024-02-25,Deccan Plateau,17.8,78.5,0.0,45,48
2024-02-26,Deccan Plateau,17.8,78.5,0.0,45,48
2024-02-27,Deccan Plateau,17.8,78.5,0.0,45,48
2024-02-28,Deccan Plateau,17.8,78.5,0.0,45,48
2024-02-29,Deccan Plateau,17.8,78.5,0.0,45,48
2024-03-01,Deccan Plateau,17.8,78.5,0.0,45,48
2024-03-02,Deccan Plateau,17.8,78.5,0.0,45,48
2024-03-03,Deccan Plateau,17.8,78.5,0.0,45,48
2024-03-04,Deccan Plateau,17.8,78.5,0.0,45,48
2024-03-05,Deccan Plateau,17.8,78.5,0.0,45,48
2024-03-06,Deccan Plateau,17.8,78.5,0.0,45,48
2024-03-07,Deccan Plateau,17.8,78.5,0.0,45,48
2024-03-08,Deccan Plateau,17.8,78.5,0.0,45,48
2024-03-09,Deccan Plateau,17.8,78.5,0.0,45,48
2024-03-10,Deccan Plateau,17.8,78.5,0.0,45,48
2024-03-11,Deccan Plateau,17.8,78.5,0.0,45,48
2024-03-12,Deccan Plateau,17.8,78.5,0.0,45,48
2024-03-13,Deccan Plateau,17.8,78.5,0.0,45,48
2024-03-14,Deccan Plateau,17.8,78.5,0.0,45,48
2024-03-15,Deccan Plateau,17.8,78.5,0.0,45,48
2024-03-16,Deccan Plateau,17.8,78.5,2.41890025138855,45,48
2024-03-17,Deccan Plateau,17.8,78.5,3.002391815185547,45,48
2024-03-18,Deccan Plateau,17.8,78.5,0.0,45,48
2024-03-19,Deccan Plateau,17.8,78.5,0.38076698780059814,45,48
2024-03-20,Deccan Plateau,17.8,78.5,0.6450720429420471,45,48
2024-03-21,Deccan Plateau,17.8,78.5,0.0,45,48
2024-03-22,Deccan Plateau,17.8,78.5,0.0,45,48
2024-03-23,Deccan Plateau,17.8,78.5,0.0,45,48
2024-03-24,Deccan Plateau,17.8,78.5,0.0,45,48
2024-03-25,Deccan Plateau,17.8,78.5,0.0,45,48
2024-03-26,Deccan Plateau,17.8,78.5,0.0,45,48
2024-03-27,Deccan Plateau,17.8,78.5,0.0,45,48
2024-03-28,Deccan Plateau,17.8,78.5,0.0,45,48
2024-03-29,Deccan Plateau,17.8,78.5,0.0,45,48
2024-03-30,Deccan Plateau,17.8,78.5,0.0,45,48
2024-03-31,Deccan Plateau,17.8,78.5,0.0,45,48
2024-04-01,Deccan Plateau,17.8,78.5,0.0,45,48
2024-04-02,Deccan Plateau,17.8,78.5,0.0,45,48
2024-04-03,Deccan Plateau,17.8,78.5,0.0,45,48
2024-04-04,Deccan Plateau,17.8,78.5,0.0,45,48
2024-04-05,Deccan Plateau,17.8,78.5,0.0,45,48
2024-04-06,Deccan Plateau,17.8,78.5,0.0,45,48
2024-04-07,Deccan Plateau,17.8,78.5,0.0,45,48
2024-04-08,Deccan Plateau,17.8,78.5,0.0,45,48
2024-04-09,Deccan Plateau,17.8,78.5,0.0,45,48
2024-04-10,Deccan Plateau,17.8,78.5,0.0,45,48
2024-04-11,Deccan Plateau,17.8,78.5,0.0,45,48
2024-04-12,Deccan Plateau,17.8,78.5,0.0,45,48
2024-04-13,Deccan Plateau,17.8,78.5,0.0,45,48
2024-04-14,Deccan Plateau,17.8,78.5,0.0,45,48
2024-04-15,Deccan Plateau,17.8,78.5,0.0,45,48
2024-04-16,Deccan Plateau,17.8,78.5,0.0,45,48
2024-04-17,Deccan Plateau,17.8,78.5,0.0,45,48
2024-04-18,Deccan Plateau,17.8,78.5,1.0564868450164795,45,48
2024-04-19,Deccan Plateau,17.8,78.5,0.0,45,48
2024-04-20,Deccan Plateau,17.8,78.5,1.079728364944458,45,48
2024-04-21,Deccan Plateau,17.8,78.5,0.0,45,48
2024-04-22,Deccan Plateau,17.8,78.5,0.0,45,48
2024-04-23,Deccan Plateau,17.8,78.5,0.0,45,48
2024-04-24,Deccan Plateau,17.8,78.5,0.0,45,48
2024-04-25,Deccan Plateau,17.8,78.5,0.0,45,48
2024-04-26,Deccan Plateau,17.8,78.5,0.0,45,48
2024-04-27,Deccan Plateau,17.8,78.5,0.0,45,48
2024-04-28,Deccan Plateau,17.8,78.5,0.0,45,48
2024-04-29,Deccan Plateau,17.8,78.5,0.0,45,48
2024-04-30,Deccan Plateau,17.8,78.5,0.0,45,48
2024-05-01,Deccan Plateau,17.8,78.5,0.0,45,48
2024-05-02,Deccan Plateau,17.8,78.5,0.0,45,48
2024-05-03,Deccan Plateau,17.8,78.5,0.0,45,48
2024-05-04,Deccan Plateau,17.8,78.5,0.0,45,48
2024-05-05,Deccan Plateau,17.8,78.5,0.0,45,48
2024-05-06,Deccan Plateau,17.8,78.5,0.0,45,48
2024-05-07,Deccan Plateau,17.8,78.5,0.9585428833961487,45,48
2024-05-08,Deccan Plateau,17.8,78.5,33.278682708740234,45,48
2024-05-09,Deccan Plateau,17.8,78.5,0.0,45,48
2024-05-10,Deccan Plateau,17.8,78.5,0.0,45,48
2024-05-11,Deccan Plateau,17.8,78.5,0.0,45,48
2024-05-12,Deccan Plateau,17.8,78.5,0.0,45,48
2024-05-13,Deccan Plateau,17.8,78.5,11.92570686340332,45,48
2024-05-14,Deccan Plateau,17.8,78.5,0.0,45,48
2024-05-15,Deccan Plateau,17.8,78.5,0.0,45,48
2024-05-16,Deccan Plateau,17.8,78.5,0.0,45,48
2024-05-17,Deccan Plateau,17.8,78.5,25.15996551513672,45,48
2024-05-18,Deccan Plateau,17.8,78.5,11.736737251281738,45,48
2024-05-19,Deccan Plateau,17.8,78.5,1.332813024520874,45,48
2024-05-20,Deccan Plateau,17.8,78.5,6.643385887145996,45,48
2024-05-21,Deccan Plateau,17.8,78.5,0.0,45,48
2024-05-22,Deccan Plateau,17.8,78.5,0.0,45,48
2024-05-23,Deccan Plateau,17.8,78.5,3.6469576358795166,45,48
2024-05-24,Deccan Plateau,17.8,78.5,0.0,45,48
2024-05-25,Deccan Plateau,17.8,78.5,0.31290650367736816,45,48
2024-05-26,Deccan Plateau,17.8,78.5,0.9521846771240234,45,48
2024-05-27,Deccan Plateau,17.8,78.5,0.0,45,48
2024-05-28,Deccan Plateau,17.8,78.5,0.0,45,48
2024-05-29,Deccan Plateau,17.8,78.5,0.0,45,48
2024-05-30,Deccan Plateau,17.8,78.5,0.0,45,48
2024-05-31,Deccan Plateau,17.8,78.5,0.0,45,48
2024-06-01,Deccan Plateau,17.8,78.5,0.0,45,48
2024-06-02,Deccan Plateau,17.8,78.5,0.0,45,48
2024-06-03,Deccan Plateau,17.8,78.5,19.250093460083008,45,48
2024-06-04,Deccan Plateau,17.8,78.5,0.0,45,48
2024-06-05,Deccan Plateau,17.8,78.5,0.0,45,48
2024-06-06,Deccan Plateau,17.8,78.5,1.296510100364685,45,48
2024-06-07,Deccan Plateau,17.8,78.5,0.0,45,48
2024-06-08,Deccan Plateau,17.8,78.5,0.0,45,48
2024-06-09,Deccan Plateau,17.8,78.5,0.0,45,48
2024-06-10,Deccan Plateau,17.8,78.5,0.7615339756011963,45,48
2024-06-11,Deccan Plateau,17.8,78.5,1.708776831626892,45,48
2024-06-12,Deccan Plateau,17.8,78.5,18.03024673461914,45,48
2024-06-13,Deccan Plateau,17.8,78.5,0.0,45,48
2024-06-14,Deccan Plateau,17.8,78.5,0.0,45,48
2024-06-15,Deccan Plateau,17.8,78.5,0.0,45,48
2024-06-16,Deccan Plateau,17.8,78.5,0.0,45,48
2024-06-17,Deccan Plateau,17.8,78.5,0.0,45,48
2024-06-18,Deccan Plateau,17.8,78.5,17.06250762939453,45,48
2024-06-19,Deccan Plateau,17.8,78.5,0.0,45,48
2024-06-20,Deccan Plateau,17.8,78.5,0.0,45,48
2024-06-21,Deccan Plateau,17.8,78.5,0.0,45,48
2024-06-22,Deccan Plateau,17.8,78.5,0.0,45,48
2024-06-23,Deccan Plateau,17.8,78.5,2.5648438930511475,45,48
2024-06-24,Deccan Plateau,17.8,78.5,0.357585608959198,45,48
2024-06-25,Deccan Plateau,17.8,78.5,0.0,45,48
2024-06-26,Deccan Plateau,17.8,78.5,0.0,45,48
2024-06-27,Deccan Plateau,17.8,78.5,2.8808059692382812,45,48
2024-06-28,Deccan Plateau,17.8,78.5,7.460073947906494,45,48
2024-06-29,Deccan Plateau,17.8,78.5,0.0,45,48
2024-06-30,Deccan Plateau,17.8,78.5,0.5755656957626343,45,48
2024-07-01,Deccan Plateau,17.8,78.5,5.121396541595459,45,48
2024-07-02,Deccan Plateau,17.8,78.5,0.0,45,48
2024-07-03,Deccan Plateau,17.8,78.5,5.996428489685059,45,48
2024-07-04,Deccan Plateau,17.8,78.5,0.0,45,48
2024-07-05,Deccan Plateau,17.8,78.5,0.0,45,48
2024-07-06,Deccan Plateau,17.8,78.5,3.7775118350982666,45,48
2024-07-07,Deccan Plateau,17.8,78.5,0.5983482003211975,45,48
2024-07-08,Deccan Plateau,17.8,78.5,0.0,45,48
2024-07-09,Deccan Plateau,17.8,78.5,0.0,45,48
2024-07-10,Deccan Plateau,17.8,78.5,0.0,45,48
2024-07-11,Deccan Plateau,17.8,78.5,0.0,45,48
2024-07-12,Deccan Plateau,17.8,78.5,5.878213882446289,45,48
2024-07-13,Deccan Plateau,17.8,78.5,1.8876503705978394,45,48
2024-07-14,Deccan Plateau,17.8,78.5,0.0,45,48
2024-07-15,Deccan Plateau,17.8,78.5,2.5927302837371826,45,48
2024-07-16,Deccan Plateau,17.8,78.5,0.9602465033531189,45,48
2024-07-17,Deccan Plateau,17.8,78.5,0.0,45,48
2024-07-18,Deccan Plateau,17.8,78.5,0.0,45,48
2024-07-19,Deccan Plateau,17.8,78.5,22.088361740112305,45,48
2024-07-20,Deccan Plateau,17.8,78.5,9.004464149475098,45,48
2024-07-21,Deccan Plateau,17.8,78.5,13.202141761779785,45,48
2024-07-22,Deccan Plateau,17.8,78.5,30.592613220214844,45,48
2024-07-23,Deccan Plateau,17.8,78.5,0.0,45,48
2024-07-24,Deccan Plateau,17.8,78.5,2.029740810394287,45,48
2024-07-25,Deccan Plateau,17.8,78.5,17.030975341796875,45,48
2024-07-26,Deccan Plateau,17.8,78.5,7.086249828338623,45,48
2024-07-27,Deccan Plateau,17.8,78.5,0.946022093296051,45,48
2024-07-28,Deccan Plateau,17.8,78.5,4.342868804931641,45,48
2024-07-29,Deccan Plateau,17.8,78.5,0.4415343403816223,45,48
2024-07-30,Deccan Plateau,17.8,78.5,0.3886702060699463,45,48
2024-07-31,Deccan Plateau,17.8,78.5,20.159379959106445,45,48
2024-08-01,Deccan Plateau,17.8,78.5,2.535498857498169,45,48
2024-08-02,Deccan Plateau,17.8,78.5,0.8451662659645081,45,48
2024-08-03,Deccan Plateau,17.8,78.5,5.21801233291626,45,48
2024-08-04,Deccan Plateau,17.8,78.5,0.0,45,48
2024-08-05,Deccan Plateau,17.8,78.5,0.0,45,48
2024-08-06,Deccan Plateau,17.8,78.5,1.8494398593902588,45,48
2024-08-07,Deccan Plateau,17.8,78.5,3.7575571537017822,45,48
2024-08-08,Deccan Plateau,17.8,78.5,8.460129737854004,45,48
2024-08-09,Deccan Plateau,17.8,78.5,0.0,45,48
2024-08-10,Deccan Plateau,17.8,78.5,8.249717712402344,45,48
2024-08-11,Deccan Plateau,17.8,78.5,1.5084630250930786,45,48
2024-08-12,Deccan Plateau,17.8,78.5,0.0,45,48
2024-08-13,Deccan Plateau,17.8,78.5,2.6705374717712402,45,48
2024-08-14,Deccan Plateau,17.8,78.5,0.0,45,48
2024-08-15,Deccan Plateau,17.8,78.5,0.0,45,48
2024-08-16,Deccan Plateau,17.8,78.5,8.909125328063965,45,48
2024-08-17,Deccan Plateau,17.8,78.5,8.017668724060059,45,48
2024-08-18,Deccan Plateau,17.8,78.5,52.075958251953125,45,48
2024-08-19,Deccan Plateau,17.8,78.5,52.55463409423828,45,48
2024-08-20,Deccan Plateau,17.8,78.5,25.732542037963867,45,48
2024-08-21,Deccan Plateau,17.8,78.5,9.047208786010742,45,48
2024-08-22,Deccan Plateau,17.8,78.5,7.628394603729248,45,48
2024-08-23,Deccan Plateau,17.8,78.5,0.0,45,48
2024-08-24,Deccan Plateau,17.8,78.5,0.0,45,48
2024-08-25,Deccan Plateau,17.8,78.5,5.916793346405029,45,48
2024-08-26,Deccan Plateau,17.8,78.5,2.8564960956573486,45,48
2024-08-27,Deccan Plateau,17.8,78.5,0.0,45,48
2024-08-28,Deccan Plateau,17.8,78.5,0.0,45,48
2024-08-29,Deccan Plateau,17.8,78.5,0.0,45,48
2024-08-30,Deccan Plateau,17.8,78.5,8.95740795135498,45,48
2024-08-31,Deccan Plateau,17.8,78.5,4.168221473693848,45,48
2024-09-01,Deccan Plateau,17.8,78.5,75.87655639648438,45,48
2024-09-02,Deccan Plateau,17.8,78.5,71.48705291748047,45,48
2024-09-03,Deccan Plateau,17.8,78.5,17.831594467163086,45,48
2024-09-04,Deccan Plateau,17.8,78.5,24.591144561767578,45,48
2024-09-05,Deccan Plateau,17.8,78.5,3.095048666000366,45,48
2024-09-06,Deccan Plateau,17.8,78.5,0.3374501168727875,45,48
2024-09-07,Deccan Plateau,17.8,78.5,2.501107931137085,45,48
2024-09-08,Deccan Plateau,17.8,78.5,1.1022329330444336,45,48
2024-09-09,Deccan Plateau,17.8,78.5,0.0,45,48
2024-09-10,Deccan Plateau,17.8,78.5,0.8514559268951416,45,48
2024-09-11,Deccan Plateau,17.8,78.5,0.0,45,48
2024-09-12,Deccan Plateau,17.8,78.5,0.0,45,48
2024-09-13,Deccan Plateau,17.8,78.5,0.0,45,48
2024-09-14,Deccan Plateau,17.8,78.5,0.0,45,48
2024-09-15,Deccan Plateau,17.8,78.5,0.0,45,48
2024-09-16,Deccan Plateau,17.8,78.5,0.0,45,48
2024-09-17,Deccan Plateau,17.8,78.5,0.0,45,48
2024-09-18,Deccan Plateau,17.8,78.5,0.0,45,48
2024-09-19,Deccan Plateau,17.8,78.5,0.0,45,48
2024-09-20,Deccan Plateau,17.8,78.5,0.0,45,48
2024-09-21,Deccan Plateau,17.8,78.5,1.233143925666809,45,48
2024-09-22,Deccan Plateau,17.8,78.5,5.556185245513916,45,48
2024-09-23,Deccan Plateau,17.8,78.5,5.365756511688232,45,48
2024-09-24,Deccan Plateau,17.8,78.5,2.6593410968780518,45,48
2024-09-25,Deccan Plateau,17.8,78.5,33.141563415527344,45,48
2024-09-26,Deccan Plateau,17.8,78.5,0.0,45,48
2024-09-27,Deccan Plateau,17.8,78.5,0.0,45,48
2024-09-28,Deccan Plateau,17.8,78.5,0.0,45,48
2024-09-29,Deccan Plateau,17.8,78.5,0.0,45,48
2024-09-30,Deccan Plateau,17.8,78.5,0.0,45,48
2024-10-01,Deccan Plateau,17.8,78.5,2.8273379802703857,45,48
2024-10-02,Deccan Plateau,17.8,78.5,1.484444499015808,45,48
2024-10-03,Deccan Plateau,17.8,78.5,2.7214388847351074,45,48
2024-10-04,Deccan Plateau,17.8,78.5,0.0,45,48
2024-10-05,Deccan Plateau,17.8,78.5,0.70713871717453,45,48
2024-10-06,Deccan Plateau,17.8,78.5,0.3263717293739319,45,48
2024-10-07,Deccan Plateau,17.8,78.5,0.1401715874671936,45,48
2024-10-08,Deccan Plateau,17.8,78.5,0.3263717293739319,45,48
2024-10-09,Deccan Plateau,17.8,78.5,0.0,45,48
2024-10-10,Deccan Plateau,17.8,78.5,0.0,45,48
2024-10-11,Deccan Plateau,17.8,78.5,3.7146990299224854,45,48
2024-10-12,Deccan Plateau,17.8,78.5,0.8042469024658203,45,48
2024-10-13,Deccan Plateau,17.8,78.5,1.7406493425369263,45,48
2024-10-14,Deccan Plateau,17.8,78.5,0.0,45,48
2024-10-15,Deccan Plateau,17.8,78.5,4.474063396453857,45,48
2024-10-16,Deccan Plateau,17.8,78.5,38.01896286010742,45,48
2024-10-17,Deccan Plateau,17.8,78.5,1.069701910018921,45,48
2024-10-18,Deccan Plateau,17.8,78.5,0.3824412524700165,45,48
2024-10-19,Deccan Plateau,17.8,78.5,0.4895575940608978,45,48
2024-10-20,Deccan Plateau,17.8,78.5,1.2090216875076294,45,48
2024-10-21,Deccan Plateau,17.8,78.5,2.1583924293518066,45,48
2024-10-22,Deccan Plateau,17.8,78.5,2.7239487171173096,45,48
2024-10-23,Deccan Plateau,17.8,78.5,0.0,45,48
2024-10-24,Deccan Plateau,17.8,78.5,0.0,45,48
2024-10-25,Deccan Plateau,17.8,78.5,0.0,45,48
2024-10-26,Deccan Plateau,17.8,78.5,0.0,45,48
2024-10-27,Deccan Plateau,17.8,78.5,0.0,45,48
2024-10-28,Deccan Plateau,17.8,78.5,0.0,45,48
2024-10-29,Deccan Plateau,17.8,78.5,0.0,45,48
2024-10-30,Deccan Plateau,17.8,78.5,0.0,45,48
2024-10-31,Deccan Plateau,17.8,78.5,0.3263717293739319,45,48
2024-11-01,Deccan Plateau,17.8,78.5,0.0,45,48
2024-11-02,Deccan Plateau,17.8,78.5,4.49749755859375,45,48
2024-11-03,Deccan Plateau,17.8,78.5,0.0,45,48
2024-11-04,Deccan Plateau,17.8,78.5,0.0,45,48
2024-11-05,Deccan Plateau,17.8,78.5,0.0,45,48
2024-11-06,Deccan Plateau,17.8,78.5,0.0,45,48
2024-11-07,Deccan Plateau,17.8,78.5,0.0,45,48
2024-11-08,Deccan Plateau,17.8,78.5,0.0,45,48
2024-11-09,Deccan Plateau,17.8,78.5,0.0,45,48
2024-11-10,Deccan Plateau,17.8,78.5,0.0,45,48
2024-11-11,Deccan Plateau,17.8,78.5,0.0,45,48
2024-11-12,Deccan Plateau,17.8,78.5,0.0,45,48
2024-11-13,Deccan Plateau,17.8,78.5,0.0,45,48
2024-11-14,Deccan Plateau,17.8,78.5,0.0,45,48
2024-11-15,Deccan Plateau,17.8,78.5,0.0,45,48
2024-11-16,Deccan Plateau,17.8,78.5,0.0,45,48
2024-11-17,Deccan Plateau,17.8,78.5,0.0,45,48
2024-11-18,Deccan Plateau,17.8,78.5,0.0,45,48
2024-11-19,Deccan Plateau,17.8,78.5,0.0,45,48
2024-11-20,Deccan Plateau,17.8,78.5,0.0,45,48
2024-11-21,Deccan Plateau,17.8,78.5,0.0,45,48
2024-11-22,Deccan Plateau,17.8,78.5,0.0,45,48
2024-11-23,Deccan Plateau,17.8,78.5,0.0,45,48
2024-11-24,Deccan Plateau,17.8,78.5,0.0,45,48
2024-11-25,Deccan Plateau,17.8,78.5,0.0,45,48
2024-11-26,Deccan Plateau,17.8,78.5,0.0,45,48
2024-11-27,Deccan Plateau,17.8,78.5,0.0,45,48
2024-11-28,Deccan Plateau,17.8,78.5,0.0,45,48
2024-11-29,Deccan Plateau,17.8,78.5,0.0,45,48
2024-11-30,Deccan Plateau,17.8,78.5,0.0,45,48
2024-12-01,Deccan Plateau,17.8,78.5,0.0,45,48
2024-12-02,Deccan Plateau,17.8,78.5,0.1401715874671936,45,48
2024-12-03,Deccan Plateau,17.8,78.5,0.8069525361061096,45,48
2024-12-04,Deccan Plateau,17.8,78.5,0.0,45,48
2024-12-05,Deccan Plateau,17.8,78.5,0.0,45,48
2024-12-06,Deccan Plateau,17.8,78.5,0.0,45,48
2024-12-07,Deccan Plateau,17.8,78.5,0.0,45,48
2024-12-08,Deccan Plateau,17.8,78.5,5.17692232131958,45,48
2024-12-09,Deccan Plateau,17.8,78.5,0.0,45,48
2024-12-10,Deccan Plateau,17.8,78.5,0.0,45,48
2024-12-11,Deccan Plateau,17.8,78.5,0.0,45,48
2024-12-12,Deccan Plateau,17.8,78.5,0.0,45,48
2024-12-13,Deccan Plateau,17.8,78.5,0.0,45,48
2024-12-14,Deccan Plateau,17.8,78.5,0.0,45,48
2024-12-15,Deccan Plateau,17.8,78.5,0.0,45,48
2024-12-16,Deccan Plateau,17.8,78.5,0.0,45,48
2024-12-17,Deccan Plateau,17.8,78.5,0.0,45,48
2024-12-18,Deccan Plateau,17.8,78.5,0.0,45,48
2024-12-19,Deccan Plateau,17.8,78.5,0.0,45,48
2024-12-20,Deccan Plateau,17.8,78.5,0.0,45,48
2024-12-21,Deccan Plateau,17.8,78.5,0.0,45,48
2024-12-22,Deccan Plateau,17.8,78.5,0.0,45,48
2024-12-23,Deccan Plateau,17.8,78.5,0.0,45,48
2024-12-24,Deccan Plateau,17.8,78.5,0.0,45,48
2024-12-25,Deccan Plateau,17.8,78.5,0.0,45,48
2024-12-26,Deccan Plateau,17.8,78.5,1.7211800813674927,45,48
2024-12-27,Deccan Plateau,17.8,78.5,0.5212224125862122,45,48
2024-12-28,Deccan Plateau,17.8,78.5,0.0,45,48
2024-12-29,Deccan Plateau,17.8,78.5,0.0,45,48
2024-12-30,Deccan Plateau,17.8,78.5,0.0,45,48
2024-12-31,Deccan Plateau,17.8,78.5,0.0,45,48
2024-01-01,Indo-Gangetic Plain,26.5,81.0,0.0,80,58
2024-01-02,Indo-Gangetic Plain,26.5,81.0,0.0,80,58
2024-01-03,Indo-Gangetic Plain,26.5,81.0,0.8086069226264954,80,58
2024-01-04,Indo-Gangetic Plain,26.5,81.0,0.0,80,58
2024-01-05,Indo-Gangetic Plain,26.5,81.0,0.0,80,58
2024-01-06,Indo-Gangetic Plain,26.5,81.0,15.835536003112793,80,58
2024-01-07,Indo-Gangetic Plain,26.5,81.0,0.0,80,58
2024-01-08,Indo-Gangetic Plain,26.5,81.0,0.0,80,58
2024-01-09,Indo-Gangetic Plain,26.5,81.0,0.0,80,58
2024-01-10,Indo-Gangetic Plain,26.5,81.0,0.0,80,58
2024-01-11,Indo-Gangetic Plain,26.5,81.0,0.0,80,58
2024-01-12,Indo-Gangetic Plain,26.5,81.0,0.0,80,58
2024-01-13,Indo-Gangetic Plain,26.5,81.0,0.0,80,58
2024-01-14,Indo-Gangetic Plain,26.5,81.0,0.0,80,58
2024-01-15,Indo-Gangetic Plain,26.5,81.0,0.0,80,58
2024-01-16,Indo-Gangetic Plain,26.5,81.0,0.0,80,58
2024-01-17,Indo-Gangetic Plain,26.5,81.0,0.0,80,58
2024-01-18,Indo-Gangetic Plain,26.5,81.0,0.0,80,58
2024-01-19,Indo-Gangetic Plain,26.5,81.0,0.0,80,58
2024-01-20,Indo-Gangetic Plain,26.5,81.0,0.0,80,58
2024-01-21,Indo-Gangetic Plain,26.5,81.0,0.0,80,58
2024-01-22,Indo-Gangetic Plain,26.5,81.0,0.0,80,58
2024-01-23,Indo-Gangetic Plain,26.5,81.0,0.0,80,58
2024-01-24,Indo-Gangetic Plain,26.5,81.0,0.0,80,58
2024-01-25,Indo-Gangetic Plain,26.5,81.0,0.0,80,58
2024-01-26,Indo-Gangetic Plain,26.5,81.0,0.0,80,58
2024-01-27,Indo-Gangetic Plain,26.5,81.0,0.0,80,58
2024-01-28,Indo-Gangetic Plain,26.5,81.0,0.0,80,58
2024-01-29,Indo-Gangetic Plain,26.5,81.0,0.0,80,58
2024-01-30,Indo-Gangetic Plain,26.5,81.0,0.0,80,58
2024-01-31,Indo-Gangetic Plain,26.5,81.0,0.0,80,58
2024-02-01,Indo-Gangetic Plain,26.5,81.0,0.0,80,58
2024-02-02,Indo-Gangetic Plain,26.5,81.0,0.0,80,58
2024-02-03,Indo-Gangetic Plain,26.5,81.0,0.0,80,58
2024-02-04,Indo-Gangetic Plain,26.5,81.0,0.0,80,58
2024-02-05,Indo-Gangetic Plain,26.5,81.0,16.048189163208008,80,58
2024-02-06,Indo-Gangetic Plain,26.5,81.0,0.4951305687427521,80,58
2024-02-07,Indo-Gangetic Plain,26.5,81.0,0.0,80,58
2024-02-08,Indo-Gangetic Plain,26.5,81.0,0.0,80,58
2024-02-09,Indo-Gangetic Plain,26.5,81.0,0.0,80,58
2024-02-10,Indo-Gangetic Plain,26.5,81.0,0.0,80,58
2024-02-11,Indo-Gangetic Plain,26.5,81.0,0.0,80,58
2024-02-12,Indo-Gangetic Plain,26.5,81.0,0.0,80,58
2024-02-13,Indo-Gangetic Plain,26.5,81.0,2.5981125831604004,80,58
2024-02-14,Indo-Gangetic Plain,26.5,81.0,0.6910322904586792,80,58
2024-02-15,Indo-Gangetic Plain,26.5,81.0,0.0,80,58
2024-02-16,Indo-Gangetic Plain,26.5,81.0,0.0,80,58
2024-02-17,Indo-Gangetic Plain,26.5,81.0,0.0,80,58
2024-02-18,Indo-Gangetic Plain,26.5,81.0,0.0,80,58
2024-02-19,Indo-Gangetic Plain,26.5,81.0,0.0,80,58
2024-02-20,Indo-Gangetic Plain,26.5,81.0,0.0,80,58
2024-02-21,Indo-Gangetic Plain,26.5,81.0,1.7761650085449219,80,58
2024-02-22,Indo-Gangetic Plain,26.5,81.0,0.0,80,58
2024-02-23,Indo-Gangetic Plain,26.5,81.0,0.0,80,58
2024-02-24,Indo-Gangetic Plain,26.5,81.0,0.0,80,58
2024-02-25,Indo-Gangetic Plain,26.5,81.0,0.0,80,58
2024-02-26,Indo-Gangetic Plain,26.5,81.0,0.0,80,58
2024-02-27,Indo-Gangetic Plain,26.5,81.0,0.0,80,58
2024-02-28,Indo-Gangetic Plain,26.5,81.0,0.0,80,58
2024-02-29,Indo-Gangetic Plain,26.5,81.0,0.0,80,58
2024-03-01,Indo-Gangetic Plain,26.5,81.0,0.0,80,58
2024-03-02,Indo-Gangetic Plain,26.5,81.0,0.3753909766674042,80,58
2024-03-03,Indo-Gangetic Plain,26.5,81.0,14.449365615844727,80,58
2024-03-04,Indo-Gangetic Plain,26.5,81.0,9.503315925598145,80,58
2024-03-05,Indo-Gangetic Plain,26.5,81.0,0.0,80,58
2024-03-06,Indo-Gangetic Plain,26.5,81.0,0.0,80,58
2024-03-07,Indo-Gangetic Plain,26.5,81.0,0.0,80,58
2024-03-08,Indo-Gangetic Plain,26.5,81.0,0.0,80,58
2024-03-09,Indo-Gangetic Plain,26.5,81.0,0.0,80,58
2024-03-10,Indo-Gangetic Plain,26.5,81.0,0.0,80,58
2024-03-11,Indo-Gangetic Plain,26.5,81.0,0.0,80,58
2024-03-12,Indo-Gangetic Plain,26.5,81.0,0.0,80,58
2024-03-13,Indo-Gangetic Plain,26.5,81.0,0.0,80,58
2024-03-14,Indo-Gangetic Plain,26.5,81.0,0.0,80,58
2024-03-15,Indo-Gangetic Plain,26.5,81.0,0.0,80,58
2024-03-16,Indo-Gangetic Plain,26.5,81.0,0.0,80,58
2024-03-17,Indo-Gangetic Plain,26.5,81.0,0.0,80,58
2024-03-18,Indo-Gangetic Plain,26.5,81.0,0.0,80,58
2024-03-19,Indo-Gangetic Plain,26.5,81.0,0.0,80,58
2024-03-20,Indo-Gangetic Plain,26.5,81.0,0.0,80,58
2024-03-21,Indo-Gangetic Plain,26.5,81.0,0.0,80,58
2024-03-22,Indo-Gangetic Plain,26.5,81.0,0.0,80,58
2024-03-23,Indo-Gangetic Plain,26.5,81.0,0.0,80,58
2024-03-24,Indo-Gangetic Plain,26.5,81.0,0.0,80,58
2024-03-25,Indo-Gangetic Plain,26.5,81.0,0.0,80,58
2024-03-26,Indo-Gangetic Plain,26.5,81.0,0.0,80,58
2024-03-27,Indo-Gangetic Plain,26.5,81.0,0.0,80,58
2024-03-28,Indo-Gangetic Plain,26.5,81.0,0.0,80,58
2024-03-29,Indo-Gangetic Plain,26.5,81.0,0.0,80,58
2024-03-30,Indo-Gangetic Plain,26.5,81.0,0.0,80,58
2024-03-31,Indo-Gangetic Plain,26.5,81.0,0.0,80,58
2024-04-01,Indo-Gangetic Plain,26.5,81.0,0.0,80,58
2024-04-02,Indo-Gangetic Plain,26.5,81.0,0.0,80,58
2024-04-03,Indo-Gangetic Plain,26.5,81.0,0.0,80,58
2024-04-04,Indo-Gangetic Plain,26.5,81.0,0.0,80,58
2024-04-05,Indo-Gangetic Plain,26.5,81.0,0.0,80,58
2024-04-06,Indo-Gangetic Plain,26.5,81.0,0.0,80,58
2024-04-07,Indo-Gangetic Plain,26.5,81.0,0.0,80,58
2024-04-08,Indo-Gangetic Plain,26.5,81.0,0.0,80,58
2024-04-09,Indo-Gangetic Plain,26.5,81.0,0.0,80,58
2024-04-10,Indo-Gangetic Plain,26.5,81.0,0.0,80,58
2024-04-11,Indo-Gangetic Plain,26.5,81.0,0.0,80,58
2024-04-12,Indo-Gangetic Plain,26.5,81.0,0.0,80,58
2024-04-13,Indo-Gangetic Plain,26.5,81.0,0.0,80,58
2024-04-14,Indo-Gangetic Plain,26.5,81.0,0.0,80,58
2024-04-15,Indo-Gangetic Plain,26.5,81.0,0.0,80,58
2024-04-16,Indo-Gangetic Plain,26.5,81.0,0.0,80,58
2024-04-17,Indo-Gangetic Plain,26.5,81.0,0.0,80,58
2024-04-18,Indo-Gangetic Plain,26.5,81.0,0.0,80,58
2024-04-19,Indo-Gangetic Plain,26.5,81.0,0.0,80,58
2024-04-20,Indo-Gangetic Plain,26.5,81.0,0.0,80,58
2024-04-21,Indo-Gangetic Plain,26.5,81.0,0.0,80,58
2024-04-22,Indo-Gangetic Plain,26.5,81.0,0.0,80,58
2024-04-23,Indo-Gangetic Plain,26.5,81.0,0.0,80,58
2024-04-24,Indo-Gangetic Plain,26.5,81.0,0.0,80,58
2024-04-25,Indo-Gangetic Plain,26.5,81.0,0.0,80,58
2024-04-26,Indo-Gangetic Plain,26.5,81.0,0.0,80,58
2024-04-27,Indo-Gangetic Plain,26.5,81.0,0.0,80,58
2024-04-28,Indo-Gangetic Plain,26.5,81.0,0.0,80,58
2024-04-29,Indo-Gangetic Plain,26.5,81.0,0.0,80,58
2024-04-30,Indo-Gangetic Plain,26.5,81.0,0.0,80,58
2024-05-01,Indo-Gangetic Plain,26.5,81.0,0.0,80,58
2024-05-02,Indo-Gangetic Plain,26.5,81.0,0.0,80,58
2024-05-03,Indo-Gangetic Plain,26.5,81.0,0.0,80,58
2024-05-04,Indo-Gangetic Plain,26.5,81.0,0.0,80,58
2024-05-05,Indo-Gangetic Plain,26.5,81.0,0.0,80,58
2024-05-06,Indo-Gangetic Plain,26.5,81.0,0.0,80,58
2024-05-07,Indo-Gangetic Plain,26.5,81.0,0.0,80,58
2024-05-08,Indo-Gangetic Plain,26.5,81.0,0.0,80,58
2024-05-09,Indo-Gangetic Plain,26.5,81.0,0.0,80,58
2024-05-10,Indo-Gangetic Plain,26.5,81.0,0.0,80,58
2024-05-11,Indo-Gangetic Plain,26.5,81.0,0.0,80,58
2024-05-12,Indo-Gangetic Plain,26.5,81.0,0.0,80,58
2024-05-13,Indo-Gangetic Plain,26.5,81.0,0.0,80,58
2024-05-14,Indo-Gangetic Plain,26.5,81.0,0.0,80,58
2024-05-15,Indo-Gangetic Plain,26.5,81.0,0.0,80,58
2024-05-16,Indo-Gangetic Plain,26.5,81.0,0.0,80,58
2024-05-17,Indo-Gangetic Plain,26.5,81.0,0.0,80,58
2024-05-18,Indo-Gangetic Plain,26.5,81.0,0.0,80,58
2024-05-19,Indo-Gangetic Plain,26.5,81.0,0.0,80,58
2024-05-20,Indo-Gangetic Plain,26.5,81.0,0.0,80,58
2024-05-21,Indo-Gangetic Plain,26.5,81.0,0.0,80,58
2024-05-22,Indo-Gangetic Plain,26.5,81.0,0.0,80,58
2024-05-23,Indo-Gangetic Plain,26.5,81.0,0.0,80,58
2024-05-24,Indo-Gangetic Plain,26.5,81.0,0.0,80,58
2024-05-25,Indo-Gangetic Plain,26.5,81.0,0.0,80,58
2024-05-26,Indo-Gangetic Plain,26.5,81.0,0.0,80,58
2024-05-27,Indo-Gangetic Plain,26.5,81.0,0.0,80,58
2024-05-28,Indo-Gangetic Plain,26.5,81.0,0.0,80,58
2024-05-29,Indo-Gangetic Plain,26.5,81.0,0.0,80,58
2024-05-30,Indo-Gangetic Plain,26.5,81.0,0.0,80,58
2024-05-31,Indo-Gangetic Plain,26.5,81.0,0.0,80,58
2024-06-01,Indo-Gangetic Plain,26.5,81.0,0.0,80,58
2024-06-02,Indo-Gangetic Plain,26.5,81.0,0.0,80,58
2024-06-03,Indo-Gangetic Plain,26.5,81.0,0.0,80,58
2024-06-04,Indo-Gangetic Plain,26.5,81.0,0.0,80,58
2024-06-05,Indo-Gangetic Plain,26.5,81.0,0.0,80,58
2024-06-06,Indo-Gangetic Plain,26.5,81.0,0.9358057379722595,80,58
2024-06-07,Indo-Gangetic Plain,26.5,81.0,0.0,80,58
2024-06-08,Indo-Gangetic Plain,26.5,81.0,0.0,80,58
2024-06-09,Indo-Gangetic Plain,26.5,81.0,0.0,80,58
2024-06-10,Indo-Gangetic Plain,26.5,81.0,0.0,80,58
2024-06-11,Indo-Gangetic Plain,26.5,81.0,0.0,80,58
2024-06-12,Indo-Gangetic Plain,26.5,81.0,0.0,80,58
2024-06-13,Indo-Gangetic Plain,26.5,81.0,0.0,80,58
2024-06-14,Indo-Gangetic Plain,26.5,81.0,0.0,80,58
2024-06-15,Indo-Gangetic Plain,26.5,81.0,0.0,80,58
2024-06-16,Indo-Gangetic Plain,26.5,81.0,0.0,80,58
2024-06-17,Indo-Gangetic Plain,26.5,81.0,0.0,80,58
2024-06-18,Indo-Gangetic Plain,26.5,81.0,0.0,80,58
2024-06-19,Indo-Gangetic Plain,26.5,81.0,0.0,80,58
2024-06-20,Indo-Gangetic Plain,26.5,81.0,0.0,80,58
2024-06-21,Indo-Gangetic Plain,26.5,81.0,0.0,80,58
2024-06-22,Indo-Gangetic Plain,26.5,81.0,0.0,80,58
2024-06-23,Indo-Gangetic Plain,26.5,81.0,0.18860206007957458,80,58
2024-06-24,Indo-Gangetic Plain,26.5,81.0,0.0,80,58
2024-06-25,Indo-Gangetic Plain,26.5,81.0,0.26240289211273193,80,58
2024-06-26,Indo-Gangetic Plain,26.5,81.0,0.0,80,58
2024-06-27,Indo-Gangetic Plain,26.5,81.0,0.0,80,58
2024-06-28,Indo-Gangetic Plain,26.5,81.0,0.0,80,58
2024-06-29,Indo-Gangetic Plain,26.5,81.0,8.870994567871094,80,58
2024-06-30,Indo-Gangetic Plain,26.5,81.0,7.091835021972656,80,58
2024-07-01,Indo-Gangetic Plain,26.5,81.0,1.111598014831543,80,58
2024-07-02,Indo-Gangetic Plain,26.5,81.0,0.0,80,58
2024-07-03,Indo-Gangetic Plain,26.5,81.0,5.521170616149902,80,58
2024-07-04,Indo-Gangetic Plain,26.5,81.0,0.0,80,58
2024-07-05,Indo-Gangetic Plain,26.5,81.0,0.4592050015926361,80,58
2024-07-06,Indo-Gangetic Plain,26.5,81.0,13.394490242004395,80,58
2024-07-07,Indo-Gangetic Plain,26.5,81.0,20.457902908325195,80,58
2024-07-08,Indo-Gangetic Plain,26.5,81.0,6.111577033996582,80,58
2024-07-09,Indo-Gangetic Plain,26.5,81.0,0.0,80,58
2024-07-10,Indo-Gangetic Plain,26.5,81.0,0.0,80,58
2024-07-11,Indo-Gangetic Plain,26.5,81.0,3.7674546241760254,80,58
2024-07-12,Indo-Gangetic Plain,26.5,81.0,22.592090606689453,80,58
2024-07-13,Indo-Gangetic Plain,26.5,81.0,0.5618113279342651,80,58
2024-07-14,Indo-Gangetic Plain,26.5,81.0,0.799563467502594,80,58
2024-07-15,Indo-Gangetic Plain,26.5,81.0,0.0,80,58
2024-07-16,Indo-Gangetic Plain,26.5,81.0,0.0,80,58
2024-07-17,Indo-Gangetic Plain,26.5,81.0,0.0,80,58
2024-07-18,Indo-Gangetic Plain,26.5,81.0,0.0,80,58
2024-07-19,Indo-Gangetic Plain,26.5,81.0,0.0,80,58
2024-07-20,Indo-Gangetic Plain,26.5,81.0,0.5084055662155151,80,58
2024-07-21,Indo-Gangetic Plain,26.5,81.0,0.9184100031852722,80,58
2024-07-22,Indo-Gangetic Plain,26.5,81.0,0.0,80,58
2024-07-23,Indo-Gangetic Plain,26.5,81.0,0.0,80,58
2024-07-24,Indo-Gangetic Plain,26.5,81.0,0.0,80,58
2024-07-25,Indo-Gangetic Plain,26.5,81.0,2.8876900672912598,80,58
2024-07-26,Indo-Gangetic Plain,26.5,81.0,12.695494651794434,80,58
2024-07-27,Indo-Gangetic Plain,26.5,81.0,16.118227005004883,80,58
2024-07-28,Indo-Gangetic Plain,26.5,81.0,0.0,80,58
2024-07-29,Indo-Gangetic Plain,26.5,81.0,0.0,80,58
2024-07-30,Indo-Gangetic Plain,26.5,81.0,0.0,80,58
2024-07-31,Indo-Gangetic Plain,26.5,81.0,2.9294424057006836,80,58
2024-08-01,Indo-Gangetic Plain,26.5,81.0,32.40364456176758,80,58
2024-08-02,Indo-Gangetic Plain,26.5,81.0,3.742276430130005,80,58
2024-08-03,Indo-Gangetic Plain,26.5,81.0,0.0,80,58
2024-08-04,Indo-Gangetic Plain,26.5,81.0,0.0,80,58
2024-08-05,Indo-Gangetic Plain,26.5,81.0,3.7219040393829346,80,58
2024-08-06,Indo-Gangetic Plain,26.5,81.0,0.0,80,58
2024-08-07,Indo-Gangetic Plain,26.5,81.0,20.839452743530273,80,58
2024-08-08,Indo-Gangetic Plain,26.5,81.0,0.18860206007957458,80,58
2024-08-09,Indo-Gangetic Plain,26.5,81.0,10.002906799316406,80,58
2024-08-10,Indo-Gangetic Plain,26.5,81.0,39.462547302246094,80,58
2024-08-11,Indo-Gangetic Plain,26.5,81.0,14.869338035583496,80,58
2024-08-12,Indo-Gangetic Plain,26.5,81.0,5.417910575866699,80,58
2024-08-13,Indo-Gangetic Plain,26.5,81.0,5.57659912109375,80,58
2024-08-14,Indo-Gangetic Plain,26.5,81.0,0.0,80,58
2024-08-15,Indo-Gangetic Plain,26.5,81.0,0.8025876879692078,80,58
2024-08-16,Indo-Gangetic Plain,26.5,81.0,9.73701000213623,80,58
2024-08-17,Indo-Gangetic Plain,26.5,81.0,0.5658062100410461,80,58
2024-08-18,Indo-Gangetic Plain,26.5,81.0,12.919301986694336,80,58
2024-08-19,Indo-Gangetic Plain,26.5,81.0,5.963419437408447,80,58
2024-08-20,Indo-Gangetic Plain,26.5,81.0,0.0,80,58
2024-08-21,Indo-Gangetic Plain,26.5,81.0,9.201951026916504,80,58
2024-08-22,Indo-Gangetic Plain,26.5,81.0,45.64786911010742,80,58
2024-08-23,Indo-Gangetic Plain,26.5,81.0,4.600975513458252,80,58
2024-08-24,Indo-Gangetic Plain,26.5,81.0,0.9266101121902466,80,58
2024-08-25,Indo-Gangetic Plain,26.5,81.0,1.8204200267791748,80,58
2024-08-26,Indo-Gangetic Plain,26.5,81.0,1.1726129055023193,80,58
2024-08-27,Indo-Gangetic Plain,26.5,81.0,0.0,80,58
2024-08-28,Indo-Gangetic Plain,26.5,81.0,70.88641357421875,80,58
2024-08-29,Indo-Gangetic Plain,26.5,81.0,1.1339970827102661,80,58
2024-08-30,Indo-Gangetic Plain,26.5,81.0,0.1903722584247589,80,58
2024-08-31,Indo-Gangetic Plain,26.5,81.0,4.600975513458252,80,58
2024-09-01,Indo-Gangetic Plain,26.5,81.0,0.0,80,58
2024-09-02,Indo-Gangetic Plain,26.5,81.0,3.6807804107666016,80,58
2024-09-03,Indo-Gangetic Plain,26.5,81.0,0.0,80,58
2024-09-04,Indo-Gangetic Plain,26.5,81.0,0.0,80,58
2024-09-05,Indo-Gangetic Plain,26.5,81.0,0.0,80,58
2024-09-06,Indo-Gangetic Plain,26.5,81.0,9.511391639709473,80,58
2024-09-07,Indo-Gangetic Plain,26.5,81.0,0.0,80,58
2024-09-08,Indo-Gangetic Plain,26.5,81.0,0.0,80,58
2024-09-09,Indo-Gangetic Plain,26.5,81.0,11.318692207336426,80,58
2024-09-10,Indo-Gangetic Plain,26.5,81.0,9.201951026916504,80,58
2024-09-11,Indo-Gangetic Plain,26.5,81.0,21.12047576904297,80,58
2024-09-12,Indo-Gangetic Plain,26.5,81.0,26.30802345275879,80,58
2024-09-13,Indo-Gangetic Plain,26.5,81.0,7.595397472381592,80,58
2024-09-14,Indo-Gangetic Plain,26.5,81.0,0.6888075470924377,80,58
2024-09-15,Indo-Gangetic Plain,26.5,81.0,0.0,80,58
2024-09-16,Indo-Gangetic Plain,26.5,81.0,0.22844672203063965,80,58
2024-09-17,Indo-Gangetic Plain,26.5,81.0,0.799563467502594,80,58
2024-09-18,Indo-Gangetic Plain,26.5,81.0,12.22077751159668,80,58
2024-09-19,Indo-Gangetic Plain,26.5,81.0,4.949678897857666,80,58
2024-09-20,Indo-Gangetic Plain,26.5,81.0,0.0,80,58
2024-09-21,Indo-Gangetic Plain,26.5,81.0,0.0,80,58
2024-09-22,Indo-Gangetic Plain,26.5,81.0,0.0,80,58
2024-09-23,Indo-Gangetic Plain,26.5,81.0,0.0,80,58
2024-09-24,Indo-Gangetic Plain,26.5,81.0,0.0,80,58
2024-09-25,Indo-Gangetic Plain,26.5,81.0,0.0,80,58
2024-09-26,Indo-Gangetic Plain,26.5,81.0,3.2206828594207764,80,58
2024-09-27,Indo-Gangetic Plain,26.5,81.0,26.37727165222168,80,58
2024-09-28,Indo-Gangetic Plain,26.5,81.0,38.6043701171875,80,58
2024-09-29,Indo-Gangetic Plain,26.5,81.0,19.474811553955078,80,58
2024-09-30,Indo-Gangetic Plain,26.5,81.0,13.368770599365234,80,58
2024-10-01,Indo-Gangetic Plain,26.5,81.0,0.0,80,58
2024-10-02,Indo-Gangetic Plain,26.5,81.0,0.0,80,58
2024-10-03,Indo-Gangetic Plain,26.5,81.0,0.0,80,58
2024-10-04,Indo-Gangetic Plain,26.5,81.0,0.0,80,58
2024-10-05,Indo-Gangetic Plain,26.5,81.0,0.0,80,58
2024-10-06,Indo-Gangetic Plain,26.5,81.0,0.0,80,58
2024-10-07,Indo-Gangetic Plain,26.5,81.0,9.201951026916504,80,58
2024-10-08,Indo-Gangetic Plain,26.5,81.0,0.0,80,58
2024-10-09,Indo-Gangetic Plain,26.5,81.0,0.0,80,58
2024-10-10,Indo-Gangetic Plain,26.5,81.0,0.0,80,58
2024-10-11,Indo-Gangetic Plain,26.5,81.0,0.0,80,58
2024-10-12,Indo-Gangetic Plain,26.5,81.0,0.0,80,58
2024-10-13,Indo-Gangetic Plain,26.5,81.0,0.0,80,58
2024-10-14,Indo-Gangetic Plain,26.5,81.0,0.0,80,58
2024-10-15,Indo-Gangetic Plain,26.5,81.0,0.0,80,58
2024-10-16,Indo-Gangetic Plain,26.5,81.0,0.0,80,58
2024-10-17,Indo-Gangetic Plain,26.5,81.0,0.0,80,58
2024-10-18,Indo-Gangetic Plain,26.5,81.0,0.0,80,58
2024-10-19,Indo-Gangetic Plain,26.5,81.0,0.0,80,58
2024-10-20,Indo-Gangetic Plain,26.5,81.0,0.0,80,58
2024-10-21,Indo-Gangetic Plain,26.5,81.0,0.0,80,58
2024-10-22,Indo-Gangetic Plain,26.5,81.0,0.0,80,58
2024-10-23,Indo-Gangetic Plain,26.5,81.0,0.0,80,58
2024-10-24,Indo-Gangetic Plain,26.5,81.0,0.0,80,58
2024-10-25,Indo-Gangetic Plain,26.5,81.0,0.0,80,58
2024-10-26,Indo-Gangetic Plain,26.5,81.0,0.0,80,58
2024-10-27,Indo-Gangetic Plain,26.5,81.0,0.0,80,58
2024-10-28,Indo-Gangetic Plain,26.5,81.0,0.0,80,58
2024-10-29,Indo-Gangetic Plain,26.5,81.0,0.0,80,58
2024-10-30,Indo-Gangetic Plain,26.5,81.0,0.0,80,58
2024-10-31,Indo-Gangetic Plain,26.5,81.0,0.0,80,58
2024-11-01,Indo-Gangetic Plain,26.5,81.0,0.0,80,58
2024-11-02,Indo-Gangetic Plain,26.5,81.0,0.0,80,58
2024-11-03,Indo-Gangetic Plain,26.5,81.0,0.0,80,58
2024-11-04,Indo-Gangetic Plain,26.5,81.0,0.0,80,58
2024-11-05,Indo-Gangetic Plain,26.5,81.0,0.0,80,58
2024-11-06,Indo-Gangetic Plain,26.5,81.0,0.0,80,58
2024-11-07,Indo-Gangetic Plain,26.5,81.0,0.0,80,58
2024-11-08,Indo-Gangetic Plain,26.5,81.0,0.0,80,58
2024-11-09,Indo-Gangetic Plain,26.5,81.0,0.0,80,58
2024-11-10,Indo-Gangetic Plain,26.5,81.0,0.0,80,58
2024-11-11,Indo-Gangetic Plain,26.5,81.0,0.0,80,58
2024-11-12,Indo-Gangetic Plain,26.5,81.0,0.0,80,58
2024-11-13,Indo-Gangetic Plain,26.5,81.0,0.0,80,58
2024-11-14,Indo-Gangetic Plain,26.5,81.0,0.0,80,58
2024-11-15,Indo-Gangetic Plain,26.5,81.0,0.0,80,58
2024-11-16,Indo-Gangetic Plain,26.5,81.0,0.0,80,58
2024-11-17,Indo-Gangetic Plain,26.5,81.0,0.0,80,58
2024-11-18,Indo-Gangetic Plain,26.5,81.0,0.0,80,58
2024-11-19,Indo-Gangetic Plain,26.5,81.0,0.0,80,58
2024-11-20,Indo-Gangetic Plain,26.5,81.0,0.0,80,58
2024-11-21,Indo-Gangetic Plain,26.5,81.0,0.0,80,58
2024-11-22,Indo-Gangetic Plain,26.5,81.0,0.0,80,58
2024-11-23,Indo-Gangetic Plain,26.5,81.0,0.0,80,58
2024-11-24,Indo-Gangetic Plain,26.5,81.0,0.0,80,58
2024-11-25,Indo-Gangetic Plain,26.5,81.0,0.0,80,58
2024-11-26,Indo-Gangetic Plain,26.5,81.0,0.0,80,58
2024-11-27,Indo-Gangetic Plain,26.5,81.0,0.0,80,58
2024-11-28,Indo-Gangetic Plain,26.5,81.0,0.0,80,58
2024-11-29,Indo-Gangetic Plain,26.5,81.0,0.0,80,58
2024-11-30,Indo-Gangetic Plain,26.5,81.0,0.0,80,58
2024-12-01,Indo-Gangetic Plain,26.5,81.0,0.0,80,58
2024-12-02,Indo-Gangetic Plain,26.5,81.0,0.0,80,58
2024-12-03,Indo-Gangetic Plain,26.5,81.0,0.0,80,58
2024-12-04,Indo-Gangetic Plain,26.5,81.0,0.0,80,58
2024-12-05,Indo-Gangetic Plain,26.5,81.0,0.0,80,58
2024-12-06,Indo-Gangetic Plain,26.5,81.0,0.0,80,58
2024-12-07,Indo-Gangetic Plain,26.5,81.0,0.0,80,58
2024-12-08,Indo-Gangetic Plain,26.5,81.0,0.0,80,58
2024-12-09,Indo-Gangetic Plain,26.5,81.0,0.0,80,58
2024-12-10,Indo-Gangetic Plain,26.5,81.0,0.0,80,58
2024-12-11,Indo-Gangetic Plain,26.5,81.0,0.0,80,58
2024-12-12,Indo-Gangetic Plain,26.5,81.0,0.0,80,58
2024-12-13,Indo-Gangetic Plain,26.5,81.0,0.0,80,58
2024-12-14,Indo-Gangetic Plain,26.5,81.0,0.0,80,58
2024-12-15,Indo-Gangetic Plain,26.5,81.0,0.0,80,58
2024-12-16,Indo-Gangetic Plain,26.5,81.0,0.0,80,58
2024-12-17,Indo-Gangetic Plain,26.5,81.0,0.0,80,58
2024-12-18,Indo-Gangetic Plain,26.5,81.0,0.0,80,58
2024-12-19,Indo-Gangetic Plain,26.5,81.0,0.0,80,58
2024-12-20,Indo-Gangetic Plain,26.5,81.0,0.0,80,58
2024-12-21,Indo-Gangetic Plain,26.5,81.0,0.0,80,58
2024-12-22,Indo-Gangetic Plain,26.5,81.0,0.0,80,58
2024-12-23,Indo-Gangetic Plain,26.5,81.0,0.0,80,58
2024-12-24,Indo-Gangetic Plain,26.5,81.0,0.0,80,58
2024-12-25,Indo-Gangetic Plain,26.5,81.0,0.0,80,58
2024-12-26,Indo-Gangetic Plain,26.5,81.0,0.0,80,58
2024-12-27,Indo-Gangetic Plain,26.5,81.0,0.0,80,58
2024-12-28,Indo-Gangetic Plain,26.5,81.0,0.12945933640003204,80,58
2024-12-29,Indo-Gangetic Plain,26.5,81.0,0.0,80,58
2024-12-30,Indo-Gangetic Plain,26.5,81.0,0.0,80,58
2024-12-31,Indo-Gangetic Plain,26.5,81.0,0.0,80,58
2024-01-01,Kerala Coast,9.5,76.5,0.0,12,40
2024-01-02,Kerala Coast,9.5,76.5,0.0,12,40
2024-01-03,Kerala Coast,9.5,76.5,0.0,12,40
2024-01-04,Kerala Coast,9.5,76.5,0.0,12,40
2024-01-05,Kerala Coast,9.5,76.5,41.125213623046875,12,40
2024-01-06,Kerala Coast,9.5,76.5,0.2427441030740738,12,40
2024-01-07,Kerala Coast,9.5,76.5,4.172804355621338,12,40
2024-01-08,Kerala Coast,9.5,76.5,9.993618965148926,12,40
2024-01-09,Kerala Coast,9.5,76.5,17.901397705078125,12,40
2024-01-10,Kerala Coast,9.5,76.5,1.7583990097045898,12,40
2024-01-11,Kerala Coast,9.5,76.5,0.0,12,40
2024-01-12,Kerala Coast,9.5,76.5,0.0,12,40
2024-01-13,Kerala Coast,9.5,76.5,0.0,12,40
2024-01-14,Kerala Coast,9.5,76.5,0.0,12,40
2024-01-15,Kerala Coast,9.5,76.5,0.0,12,40
2024-01-16,Kerala Coast,9.5,76.5,0.0,12,40
2024-01-17,Kerala Coast,9.5,76.5,0.0,12,40
2024-01-18,Kerala Coast,9.5,76.5,0.0,12,40
2024-01-19,Kerala Coast,9.5,76.5,0.0,12,40
2024-01-20,Kerala Coast,9.5,76.5,0.0,12,40
2024-01-21,Kerala Coast,9.5,76.5,6.858957290649414,12,40
2024-01-22,Kerala Coast,9.5,76.5,0.0,12,40
2024-01-23,Kerala Coast,9.5,76.5,0.0,12,40
2024-01-24,Kerala Coast,9.5,76.5,0.0,12,40
2024-01-25,Kerala Coast,9.5,76.5,0.0,12,40
2024-01-26,Kerala Coast,9.5,76.5,0.0,12,40
2024-01-27,Kerala Coast,9.5,76.5,0.0,12,40
2024-01-28,Kerala Coast,9.5,76.5,0.0,12,40
2024-01-29,Kerala Coast,9.5,76.5,0.0,12,40
2024-01-30,Kerala Coast,9.5,76.5,0.0,12,40
2024-01-31,Kerala Coast,9.5,76.5,0.0,12,40
2024-02-01,Kerala Coast,9.5,76.5,0.0,12,40
2024-02-02,Kerala Coast,9.5,76.5,0.0,12,40
2024-02-03,Kerala Coast,9.5,76.5,0.0,12,40
2024-02-04,Kerala Coast,9.5,76.5,0.0,12,40
2024-02-05,Kerala Coast,9.5,76.5,0.0,12,40
2024-02-06,Kerala Coast,9.5,76.5,0.0,12,40
2024-02-07,Kerala Coast,9.5,76.5,0.0,12,40
2024-02-08,Kerala Coast,9.5,76.5,0.0,12,40
2024-02-09,Kerala Coast,9.5,76.5,0.0,12,40
2024-02-10,Kerala Coast,9.5,76.5,0.0,12,40
2024-02-11,Kerala Coast,9.5,76.5,0.0,12,40
2024-02-12,Kerala Coast,9.5,76.5,0.0,12,40
2024-02-13,Kerala Coast,9.5,76.5,0.0,12,40
2024-02-14,Kerala Coast,9.5,76.5,0.0,12,40
2024-02-15,Kerala Coast,9.5,76.5,0.0,12,40
2024-02-16,Kerala Coast,9.5,76.5,0.0,12,40
2024-02-17,Kerala Coast,9.5,76.5,0.0,12,40
2024-02-18,Kerala Coast,9.5,76.5,0.19259098172187805,12,40
2024-02-19,Kerala Coast,9.5,76.5,0.0,12,40
2024-02-20,Kerala Coast,9.5,76.5,0.0,12,40
2024-02-21,Kerala Coast,9.5,76.5,0.0,12,40
2024-02-22,Kerala Coast,9.5,76.5,0.0,12,40
2024-02-23,Kerala Coast,9.5,76.5,0.0,12,40
2024-02-24,Kerala Coast,9.5,76.5,0.0,12,40
2024-02-25,Kerala Coast,9.5,76.5,0.0,12,40
2024-02-26,Kerala Coast,9.5,76.5,0.0,12,40
2024-02-27,Kerala Coast,9.5,76.5,0.0,12,40
2024-02-28,Kerala Coast,9.5,76.5,0.0,12,40
2024-02-29,Kerala Coast,9.5,76.5,0.0,12,40
2024-03-01,Kerala Coast,9.5,76.5,0.0,12,40
2024-03-02,Kerala Coast,9.5,76.5,0.0,12,40
2024-03-03,Kerala Coast,9.5,76.5,0.0,12,40
2024-03-04,Kerala Coast,9.5,76.5,0.0,12,40
2024-03-05,Kerala Coast,9.5,76.5,0.0,12,40
2024-03-06,Kerala Coast,9.5,76.5,0.0,12,40
2024-03-07,Kerala Coast,9.5,76.5,0.0,12,40
2024-03-08,Kerala Coast,9.5,76.5,0.0,12,40
2024-03-09,Kerala Coast,9.5,76.5,0.44937896728515625,12,40
2024-03-10,Kerala Coast,9.5,76.5,0.0,12,40
2024-03-11,Kerala Coast,9.5,76.5,0.0,12,40
2024-03-12,Kerala Coast,9.5,76.5,1.1122593879699707,12,40
2024-03-13,Kerala Coast,9.5,76.5,0.0,12,40
2024-03-14,Kerala Coast,9.5,76.5,0.0,12,40
2024-03-15,Kerala Coast,9.5,76.5,0.0,12,40
2024-03-16,Kerala Coast,9.5,76.5,0.0,12,40
2024-03-17,Kerala Coast,9.5,76.5,0.0,12,40
2024-03-18,Kerala Coast,9.5,76.5,0.0,12,40
2024-03-19,Kerala Coast,9.5,76.5,0.18229299783706665,12,40
2024-03-20,Kerala Coast,9.5,76.5,2.5678796768188477,12,40
2024-03-21,Kerala Coast,9.5,76.5,0.0,12,40
2024-03-22,Kerala Coast,9.5,76.5,0.0,12,40
2024-03-23,Kerala Coast,9.5,76.5,0.7703639268875122,12,40
2024-03-24,Kerala Coast,9.5,76.5,17.91598892211914,12,40
2024-03-25,Kerala Coast,9.5,76.5,0.0,12,40
2024-03-26,Kerala Coast,9.5,76.5,0.0,12,40
2024-03-27,Kerala Coast,9.5,76.5,1.2223883867263794,12,40
2024-03-28,Kerala Coast,9.5,76.5,0.0,12,40
2024-03-29,Kerala Coast,9.5,76.5,17.17267608642578,12,40
2024-03-30,Kerala Coast,9.5,76.5,1.7973865270614624,12,40
2024-03-31,Kerala Coast,9.5,76.5,6.226288795471191,12,40
2024-04-01,Kerala Coast,9.5,76.5,0.0,12,40
2024-04-02,Kerala Coast,9.5,76.5,6.227022171020508,12,40
2024-04-03,Kerala Coast,9.5,76.5,1.3799290657043457,12,40
2024-04-04,Kerala Coast,9.5,76.5,11.619827270507812,12,40
2024-04-05,Kerala Coast,9.5,76.5,7.143365383148193,12,40
2024-04-06,Kerala Coast,9.5,76.5,0.0,12,40
2024-04-07,Kerala Coast,9.5,76.5,0.0,12,40
2024-04-08,Kerala Coast,9.5,76.5,0.0,12,40
2024-04-09,Kerala Coast,9.5,76.5,2.785496950149536,12,40
2024-04-10,Kerala Coast,9.5,76.5,12.039278984069824,12,40
2024-04-11,Kerala Coast,9.5,76.5,0.0,12,40
2024-04-12,Kerala Coast,9.5,76.5,24.547473907470703,12,40
2024-04-13,Kerala Coast,9.5,76.5,14.258846282958984,12,40
2024-04-14,Kerala Coast,9.5,76.5,13.271492004394531,12,40
2024-04-15,Kerala Coast,9.5,76.5,0.2352309226989746,12,40
2024-04-16,Kerala Coast,9.5,76.5,0.0,12,40
2024-04-17,Kerala Coast,9.5,76.5,5.135759353637695,12,40
2024-04-18,Kerala Coast,9.5,76.5,1.8617128133773804,12,40
2024-04-19,Kerala Coast,9.5,76.5,6.384109973907471,12,40
2024-04-20,Kerala Coast,9.5,76.5,0.882836103439331,12,40
2024-04-21,Kerala Coast,9.5,76.5,2.888864755630493,12,40
2024-04-22,Kerala Coast,9.5,76.5,2.83398699760437,12,40
2024-04-23,Kerala Coast,9.5,76.5,11.31010627746582,12,40
2024-04-24,Kerala Coast,9.5,76.5,21.668264389038086,12,40
2024-04-25,Kerala Coast,9.5,76.5,1.0264623165130615,12,40
2024-04-26,Kerala Coast,9.5,76.5,0.0,12,40
2024-04-27,Kerala Coast,9.5,76.5,1.5407278537750244,12,40
2024-04-28,Kerala Coast,9.5,76.5,0.0,12,40
2024-04-29,Kerala Coast,9.5,76.5,16.230592727661133,12,40
2024-04-30,Kerala Coast,9.5,76.5,1.6252318620681763,12,40
2024-05-01,Kerala Coast,9.5,76.5,2.674899101257324,12,40
2024-05-02,Kerala Coast,9.5,76.5,0.0,12,40
2024-05-03,Kerala Coast,9.5,76.5,0.0,12,40
2024-05-04,Kerala Coast,9.5,76.5,0.9629549384117126,12,40
2024-05-05,Kerala Coast,9.5,76.5,0.2567879855632782,12,40
2024-05-06,Kerala Coast,9.5,76.5,0.19259098172187805,12,40
2024-05-07,Kerala Coast,9.5,76.5,0.0,12,40
2024-05-08,Kerala Coast,9.5,76.5,0.0,12,40
2024-05-09,Kerala Coast,9.5,76.5,6.636907577514648,12,40
2024-05-10,Kerala Coast,9.5,76.5,43.72430419921875,12,40
2024-05-11,Kerala Coast,9.5,76.5,4.786612033843994,12,40
2024-05-12,Kerala Coast,9.5,76.5,2.143289804458618,12,40
2024-05-13,Kerala Coast,9.5,76.5,3.639272689819336,12,40
2024-05-14,Kerala Coast,9.5,76.5,21.22294044494629,12,40
2024-05-15,Kerala Coast,9.5,76.5,6.54834508895874,12,40
2024-05-16,Kerala Coast,9.5,76.5,2.5025620460510254,12,40
2024-05-17,Kerala Coast,9.5,76.5,6.785981178283691,12,40
2024-05-18,Kerala Coast,9.5,76.5,17.842540740966797,12,40
2024-05-19,Kerala Coast,9.5,76.5,37.51627731323242,12,40
2024-05-20,Kerala Coast,9.5,76.5,16.78493309020996,12,40
2024-05-21,Kerala Coast,9.5,76.5,13.224761962890625,12,40
2024-05-22,Kerala Coast,9.5,76.5,15.40783405303955,12,40
2024-05-23,Kerala Coast,9.5,76.5,64.57846069335938,12,40
2024-05-24,Kerala Coast,9.5,76.5,30.37054443359375,12,40
2024-05-25,Kerala Coast,9.5,76.5,57.0316162109375,12,40
2024-05-26,Kerala Coast,9.5,76.5,26.661977767944336,12,40
2024-05-27,Kerala Coast,9.5,76.5,28.850311279296875,12,40
2024-05-28,Kerala Coast,9.5,76.5,46.417869567871094,12,40
2024-05-29,Kerala Coast,9.5,76.5,94.86471557617188,12,40
2024-05-30,Kerala Coast,9.5,76.5,15.194540977478027,12,40
2024-05-31,Kerala Coast,9.5,76.5,22.151165008544922,12,40
2024-06-01,Kerala Coast,9.5,76.5,63.51344680786133,12,40
2024-06-02,Kerala Coast,9.5,76.5,9.08293342590332,12,40
2024-06-03,Kerala Coast,9.5,76.5,10.019552230834961,12,40
2024-06-04,Kerala Coast,9.5,76.5,2.7586171627044678,12,40
2024-06-05,Kerala Coast,9.5,76.5,20.968034744262695,12,40
2024-06-06,Kerala Coast,9.5,76.5,7.904976844787598,12,40
2024-06-07,Kerala Coast,9.5,76.5,9.592048645019531,12,40
2024-06-08,Kerala Coast,9.5,76.5,6.693487644195557,12,40
2024-06-09,Kerala Coast,9.5,76.5,26.40285301208496,12,40
2024-06-10,Kerala Coast,9.5,76.5,12.98278522491455,12,40
2024-06-11,Kerala Coast,9.5,76.5,5.27680778503418,12,40
2024-06-12,Kerala Coast,9.5,76.5,3.4574503898620605,12,40
2024-06-13,Kerala Coast,9.5,76.5,10.496302604675293,12,40
2024-06-14,Kerala Coast,9.5,76.5,2.0008347034454346,12,40
2024-06-15,Kerala Coast,9.5,76.5,0.2213594615459442,12,40
2024-06-16,Kerala Coast,9.5,76.5,0.5580949783325195,12,40
2024-06-17,Kerala Coast,9.5,76.5,0.13767234981060028,12,40
2024-06-18,Kerala Coast,9.5,76.5,14.781349182128906,12,40
2024-06-19,Kerala Coast,9.5,76.5,8.161834716796875,12,40
2024-06-20,Kerala Coast,9.5,76.5,18.4736328125,12,40
2024-06-21,Kerala Coast,9.5,76.5,16.396207809448242,12,40
2024-06-22,Kerala Coast,9.5,76.5,12.892431259155273,12,40
2024-06-23,Kerala Coast,9.5,76.5,22.718608856201172,12,40
2024-06-24,Kerala Coast,9.5,76.5,15.61960506439209,12,40
2024-06-25,Kerala Coast,9.5,76.5,44.358665466308594,12,40
2024-06-26,Kerala Coast,9.5,76.5,89.60205078125,12,40
2024-06-27,Kerala Coast,9.5,76.5,43.88262176513672,12,40
2024-06-28,Kerala Coast,9.5,76.5,13.097168922424316,12,40
2024-06-29,Kerala Coast,9.5,76.5,5.318150997161865,12,40
2024-06-30,Kerala Coast,9.5,76.5,9.886946678161621,12,40
2024-07-01,Kerala Coast,9.5,76.5,17.243932723999023,12,40
2024-07-02,Kerala Coast,9.5,76.5,9.023985862731934,12,40
2024-07-03,Kerala Coast,9.5,76.5,9.06054401397705,12,40
2024-07-04,Kerala Coast,9.5,76.5,9.338443756103516,12,40
2024-07-05,Kerala Coast,9.5,76.5,0.6419699192047119,12,40
2024-07-06,Kerala Coast,9.5,76.5,14.319791793823242,12,40
2024-07-07,Kerala Coast,9.5,76.5,4.999250411987305,12,40
2024-07-08,Kerala Coast,9.5,76.5,17.498340606689453,12,40
2024-07-09,Kerala Coast,9.5,76.5,9.431918144226074,12,40
2024-07-10,Kerala Coast,9.5,76.5,17.807537078857422,12,40
2024-07-11,Kerala Coast,9.5,76.5,2.068734884262085,12,40
2024-07-12,Kerala Coast,9.5,76.5,0.3963223993778229,12,40
2024-07-13,Kerala Coast,9.5,76.5,35.25233840942383,12,40
2024-07-14,Kerala Coast,9.5,76.5,22.8813533782959,12,40
2024-07-15,Kerala Coast,9.5,76.5,58.71136474609375,12,40
2024-07-16,Kerala Coast,9.5,76.5,79.77989959716797,12,40
2024-07-17,Kerala Coast,9.5,76.5,32.426090240478516,12,40
2024-07-18,Kerala Coast,9.5,76.5,23.776824951171875,12,40
2024-07-19,Kerala Coast,9.5,76.5,9.400117874145508,12,40
2024-07-20,Kerala Coast,9.5,76.5,0.45394936203956604,12,40
2024-07-21,Kerala Coast,9.5,76.5,0.0,12,40
2024-07-22,Kerala Coast,9.5,76.5,1.2268517017364502,12,40
2024-07-23,Kerala Coast,9.5,76.5,1.5195930004119873,12,40
2024-07-24,Kerala Coast,9.5,76.5,0.0,12,40
2024-07-25,Kerala Coast,9.5,76.5,4.159113883972168,12,40
2024-07-26,Kerala Coast,9.5,76.5,13.571731567382812,12,40
2024-07-27,Kerala Coast,9.5,76.5,1.2539639472961426,12,40
2024-07-28,Kerala Coast,9.5,76.5,8.421380043029785,12,40
2024-07-29,Kerala Coast,9.5,76.5,41.58287811279297,12,40
2024-07-30,Kerala Coast,9.5,76.5,53.08186340332031,12,40
2024-07-31,Kerala Coast,9.5,76.5,26.934247970581055,12,40
2024-08-01,Kerala Coast,9.5,76.5,9.901313781738281,12,40
2024-08-02,Kerala Coast,9.5,76.5,14.037633895874023,12,40
2024-08-03,Kerala Coast,9.5,76.5,3.509277582168579,12,40
2024-08-04,Kerala Coast,9.5,76.5,11.45389175415039,12,40
2024-08-05,Kerala Coast,9.5,76.5,1.9946733713150024,12,40
2024-08-06,Kerala Coast,9.5,76.5,1.9507931470870972,12,40
2024-08-07,Kerala Coast,9.5,76.5,0.2427441030740738,12,40
2024-08-08,Kerala Coast,9.5,76.5,3.1397173404693604,12,40
2024-08-09,Kerala Coast,9.5,76.5,0.5814864635467529,12,40
2024-08-10,Kerala Coast,9.5,76.5,0.232539564371109,12,40
2024-08-11,Kerala Coast,9.5,76.5,3.2094554901123047,12,40
2024-08-12,Kerala Coast,9.5,76.5,6.027120113372803,12,40
2024-08-13,Kerala Coast,9.5,76.5,17.40334701538086,12,40
2024-08-14,Kerala Coast,9.5,76.5,43.614402770996094,12,40
2024-08-15,Kerala Coast,9.5,76.5,9.259377479553223,12,40
2024-08-16,Kerala Coast,9.5,76.5,5.035361289978027,12,40
2024-08-17,Kerala Coast,9.5,76.5,66.43272399902344,12,40
2024-08-18,Kerala Coast,9.5,76.5,3.4441187381744385,12,40
2024-08-19,Kerala Coast,9.5,76.5,2.5678796768188477,12,40
2024-08-20,Kerala Coast,9.5,76.5,0.7320968508720398,12,40
2024-08-21,Kerala Coast,9.5,76.5,48.78311538696289,12,40
2024-08-22,Kerala Coast,9.5,76.5,5.186212062835693,12,40
2024-08-23,Kerala Coast,9.5,76.5,0.0,12,40
2024-08-24,Kerala Coast,9.5,76.5,3.564701557159424,12,40
2024-08-25,Kerala Coast,9.5,76.5,2.467203378677368,12,40
2024-08-26,Kerala Coast,9.5,76.5,1.5691782236099243,12,40
2024-08-27,Kerala Coast,9.5,76.5,6.162438869476318,12,40
2024-08-28,Kerala Coast,9.5,76.5,2.0065956115722656,12,40
2024-08-29,Kerala Coast,9.5,76.5,7.1195878982543945,12,40
2024-08-30,Kerala Coast,9.5,76.5,51.557621002197266,12,40
2024-08-31,Kerala Coast,9.5,76.5,34.690677642822266,12,40
2024-09-01,Kerala Coast,9.5,76.5,9.32373046875,12,40
2024-09-02,Kerala Coast,9.5,76.5,23.00524139404297,12,40
2024-09-03,Kerala Coast,9.5,76.5,17.03595542907715,12,40
2024-09-04,Kerala Coast,9.5,76.5,11.60301399230957,12,40
2024-09-05,Kerala Coast,9.5,76.5,0.7329968214035034,12,40
2024-09-06,Kerala Coast,9.5,76.5,5.782444000244141,12,40
2024-09-07,Kerala Coast,9.5,76.5,4.188079357147217,12,40
2024-09-08,Kerala Coast,9.5,76.5,14.50397777557373,12,40
2024-09-09,Kerala Coast,9.5,76.5,19.839914321899414,12,40
2024-09-10,Kerala Coast,9.5,76.5,14.863937377929688,12,40
2024-09-11,Kerala Coast,9.5,76.5,5.0480804443359375,12,40
2024-09-12,Kerala Coast,9.5,76.5,14.170013427734375,12,40
2024-09-13,Kerala Coast,9.5,76.5,0.3534238338470459,12,40
2024-09-14,Kerala Coast,9.5,76.5,3.778470277786255,12,40
2024-09-15,Kerala Coast,9.5,76.5,4.829809665679932,12,40
2024-09-16,Kerala Coast,9.5,76.5,0.32555538415908813,12,40
2024-09-17,Kerala Coast,9.5,76.5,6.373573303222656,12,40
2024-09-18,Kerala Coast,9.5,76.5,0.0,12,40
2024-09-19,Kerala Coast,9.5,76.5,7.348250865936279,12,40
2024-09-20,Kerala Coast,9.5,76.5,0.0,12,40
2024-09-21,Kerala Coast,9.5,76.5,0.0,12,40
2024-09-22,Kerala Coast,9.5,76.5,0.0,12,40
2024-09-23,Kerala Coast,9.5,76.5,6.925211429595947,12,40
2024-09-24,Kerala Coast,9.5,76.5,13.171327590942383,12,40
2024-09-25,Kerala Coast,9.5,76.5,1.3906670808792114,12,40
2024-09-26,Kerala Coast,9.5,76.5,5.0288214683532715,12,40
2024-09-27,Kerala Coast,9.5,76.5,1.0474225282669067,12,40
2024-09-28,Kerala Coast,9.5,76.5,1.8038620948791504,12,40
2024-09-29,Kerala Coast,9.5,76.5,5.02976655960083,12,40
2024-09-30,Kerala Coast,9.5,76.5,23.45305633544922,12,40
2024-10-01,Kerala Coast,9.5,76.5,3.545300245285034,12,40
2024-10-02,Kerala Coast,9.5,76.5,24.11664390563965,12,40
2024-10-03,Kerala Coast,9.5,76.5,3.0920844078063965,12,40
2024-10-04,Kerala Coast,9.5,76.5,0.0,12,40
2024-10-05,Kerala Coast,9.5,76.5,9.20128059387207,12,40
2024-10-06,Kerala Coast,9.5,76.5,8.081345558166504,12,40
2024-10-07,Kerala Coast,9.5,76.5,13.763554573059082,12,40
2024-10-08,Kerala Coast,9.5,76.5,1.1013250350952148,12,40
2024-10-09,Kerala Coast,9.5,76.5,0.0,12,40
2024-10-10,Kerala Coast,9.5,76.5,29.153488159179688,12,40
2024-10-11,Kerala Coast,9.5,76.5,0.5962506532669067,12,40
2024-10-12,Kerala Coast,9.5,76.5,41.52247619628906,12,40
2024-10-13,Kerala Coast,9.5,76.5,0.7526496648788452,12,40
2024-10-14,Kerala Coast,9.5,76.5,14.459973335266113,12,40
2024-10-15,Kerala Coast,9.5,76.5,3.5017123222351074,12,40
2024-10-16,Kerala Coast,9.5,76.5,8.164103507995605,12,40
2024-10-17,Kerala Coast,9.5,76.5,2.3273088932037354,12,40
2024-10-18,Kerala Coast,9.5,76.5,0.19259098172187805,12,40
2024-10-19,Kerala Coast,9.5,76.5,2.647345781326294,12,40
2024-10-20,Kerala Coast,9.5,76.5,6.03427267074585,12,40
2024-10-21,Kerala Coast,9.5,76.5,16.2852783203125,12,40
2024-10-22,Kerala Coast,9.5,76.5,1.0909178256988525,12,40
2024-10-23,Kerala Coast,9.5,76.5,1.5195716619491577,12,40
2024-10-24,Kerala Coast,9.5,76.5,27.54258155822754,12,40
2024-10-25,Kerala Coast,9.5,76.5,0.6205421686172485,12,40
2024-10-26,Kerala Coast,9.5,76.5,9.992502212524414,12,40
2024-10-27,Kerala Coast,9.5,76.5,0.42795121669769287,12,40
2024-10-28,Kerala Coast,9.5,76.5,0.0,12,40
2024-10-29,Kerala Coast,9.5,76.5,4.183962821960449,12,40
2024-10-30,Kerala Coast,9.5,76.5,0.0,12,40
2024-10-31,Kerala Coast,9.5,76.5,0.0,12,40
2024-11-01,Kerala Coast,9.5,76.5,2.5342438220977783,12,40
2024-11-02,Kerala Coast,9.5,76.5,17.645673751831055,12,40
2024-11-03,Kerala Coast,9.5,76.5,16.970577239990234,12,40
2024-11-04,Kerala Coast,9.5,76.5,10.453917503356934,12,40
2024-11-05,Kerala Coast,9.5,76.5,31.65751075744629,12,40
2024-11-06,Kerala Coast,9.5,76.5,16.88114356994629,12,40
2024-11-07,Kerala Coast,9.5,76.5,0.0,12,40
2024-11-08,Kerala Coast,9.5,76.5,3.6575474739074707,12,40
2024-11-09,Kerala Coast,9.5,76.5,35.47978591918945,12,40
2024-11-10,Kerala Coast,9.5,76.5,5.92634391784668,12,40
2024-11-11,Kerala Coast,9.5,76.5,8.996720314025879,12,40
2024-11-12,Kerala Coast,9.5,76.5,1.3050658702850342,12,40
2024-11-13,Kerala Coast,9.5,76.5,0.44937896728515625,12,40
2024-11-14,Kerala Coast,9.5,76.5,2.2468948364257812,12,40
2024-11-15,Kerala Coast,9.5,76.5,18.594335556030273,12,40
2024-11-16,Kerala Coast,9.5,76.5,13.243091583251953,12,40
2024-11-17,Kerala Coast,9.5,76.5,14.48686408996582,12,40
2024-11-18,Kerala Coast,9.5,76.5,5.029205799102783,12,40
2024-11-19,Kerala Coast,9.5,76.5,0.0,12,40
2024-11-20,Kerala Coast,9.5,76.5,0.18630008399486542,12,40
2024-11-21,Kerala Coast,9.5,76.5,0.0,12,40
2024-11-22,Kerala Coast,9.5,76.5,0.1283939927816391,12,40
2024-11-23,Kerala Coast,9.5,76.5,0.0,12,40
2024-11-24,Kerala Coast,9.5,76.5,1.209802508354187,12,40
2024-11-25,Kerala Coast,9.5,76.5,4.686380863189697,12,40
2024-11-26,Kerala Coast,9.5,76.5,2.369645357131958,12,40
2024-11-27,Kerala Coast,9.5,76.5,0.42795121669769287,12,40
2024-11-28,Kerala Coast,9.5,76.5,0.0,12,40
2024-11-29,Kerala Coast,9.5,76.5,0.0,12,40
2024-11-30,Kerala Coast,9.5,76.5,0.0,12,40
2024-12-01,Kerala Coast,9.5,76.5,9.827585220336914,12,40
2024-12-02,Kerala Coast,9.5,76.5,132.32858276367188,12,40
2024-12-03,Kerala Coast,9.5,76.5,35.3189811706543,12,40
2024-12-04,Kerala Coast,9.5,76.5,0.1283939927816391,12,40
2024-12-05,Kerala Coast,9.5,76.5,1.1497787237167358,12,40
2024-12-06,Kerala Coast,9.5,76.5,0.0,12,40
2024-12-07,Kerala Coast,9.5,76.5,0.0,12,40
2024-12-08,Kerala Coast,9.5,76.5,4.54474401473999,12,40
2024-12-09,Kerala Coast,9.5,76.5,0.882836103439331,12,40
2024-12-10,Kerala Coast,9.5,76.5,0.19246166944503784,12,40
2024-12-11,Kerala Coast,9.5,76.5,0.0,12,40
2024-12-12,Kerala Coast,9.5,76.5,0.9600514769554138,12,40
2024-12-13,Kerala Coast,9.5,76.5,31.849111557006836,12,40
2024-12-14,Kerala Coast,9.5,76.5,4.745283603668213,12,40
2024-12-15,Kerala Coast,9.5,76.5,1.255713701248169,12,40
2024-12-16,Kerala Coast,9.5,76.5,0.0,12,40
2024-12-17,Kerala Coast,9.5,76.5,0.0,12,40
2024-12-18,Kerala Coast,9.5,76.5,0.0,12,40
2024-12-19,Kerala Coast,9.5,76.5,0.0,12,40
2024-12-20,Kerala Coast,9.5,76.5,0.0,12,40
2024-12-21,Kerala Coast,9.5,76.5,0.0,12,40
2024-12-22,Kerala Coast,9.5,76.5,0.0,12,40
2024-12-23,Kerala Coast,9.5,76.5,0.0,12,40
2024-12-24,Kerala Coast,9.5,76.5,0.0,12,40
2024-12-25,Kerala Coast,9.5,76.5,0.0,12,40
2024-12-26,Kerala Coast,9.5,76.5,0.0,12,40
2024-12-27,Kerala Coast,9.5,76.5,0.0,12,40
2024-12-28,Kerala Coast,9.5,76.5,1.9422543048858643,12,40
2024-12-29,Kerala Coast,9.5,76.5,0.0,12,40
2024-12-30,Kerala Coast,9.5,76.5,0.0,12,40
2024-12-31,Kerala Coast,9.5,76.5,0.0,12,40
2024-01-01,Northeast,26.0,91.7,0.0,78,101
2024-01-02,Northeast,26.0,91.7,0.0,78,101
2024-01-03,Northeast,26.0,91.7,0.0,78,101
2024-01-04,Northeast,26.0,91.7,0.0,78,101
2024-01-05,Northeast,26.0,91.7,0.0,78,101
2024-01-06,Northeast,26.0,91.7,0.0,78,101
2024-01-07,Northeast,26.0,91.7,0.0,78,101
2024-01-08,Northeast,26.0,91.7,0.0,78,101
2024-01-09,Northeast,26.0,91.7,0.0,78,101
2024-01-10,Northeast,26.0,91.7,0.0,78,101
2024-01-11,Northeast,26.0,91.7,0.0,78,101
2024-01-12,Northeast,26.0,91.7,0.0,78,101
2024-01-13,Northeast,26.0,91.7,0.0,78,101
2024-01-14,Northeast,26.0,91.7,0.0,78,101
2024-01-15,Northeast,26.0,91.7,0.0,78,101
2024-01-16,Northeast,26.0,91.7,0.0,78,101
2024-01-17,Northeast,26.0,91.7,0.3982562720775604,78,101
2024-01-18,Northeast,26.0,91.7,0.0,78,101
2024-01-19,Northeast,26.0,91.7,0.0,78,101
2024-01-20,Northeast,26.0,91.7,0.0,78,101
2024-01-21,Northeast,26.0,91.7,0.0,78,101
2024-01-22,Northeast,26.0,91.7,0.0,78,101
2024-01-23,Northeast,26.0,91.7,0.0,78,101
2024-01-24,Northeast,26.0,91.7,0.0,78,101
2024-01-25,Northeast,26.0,91.7,1.240031361579895,78,101
2024-01-26,Northeast,26.0,91.7,0.0,78,101
2024-01-27,Northeast,26.0,91.7,0.0,78,101
2024-01-28,Northeast,26.0,91.7,0.16293542087078094,78,101
2024-01-29,Northeast,26.0,91.7,0.10862361639738083,78,101
2024-01-30,Northeast,26.0,91.7,0.0,78,101
2024-01-31,Northeast,26.0,91.7,0.0,78,101
2024-02-01,Northeast,26.0,91.7,0.0,78,101
2024-02-02,Northeast,26.0,91.7,0.0,78,101
2024-02-03,Northeast,26.0,91.7,0.3728155791759491,78,101
2024-02-04,Northeast,26.0,91.7,0.0,78,101
2024-02-05,Northeast,26.0,91.7,0.0,78,101
2024-02-06,Northeast,26.0,91.7,0.0,78,101
2024-02-07,Northeast,26.0,91.7,0.0,78,101
2024-02-08,Northeast,26.0,91.7,0.0,78,101
2024-02-09,Northeast,26.0,91.7,0.0,78,101
2024-02-10,Northeast,26.0,91.7,0.0,78,101
2024-02-11,Northeast,26.0,91.7,0.0,78,101
2024-02-12,Northeast,26.0,91.7,0.0,78,101
2024-02-13,Northeast,26.0,91.7,0.0,78,101
2024-02-14,Northeast,26.0,91.7,0.0,78,101
2024-02-15,Northeast,26.0,91.7,0.0,78,101
2024-02-16,Northeast,26.0,91.7,0.0,78,101
2024-02-17,Northeast,26.0,91.7,0.0,78,101
2024-02-18,Northeast,26.0,91.7,0.0,78,101
2024-02-19,Northeast,26.0,91.7,0.0,78,101
2024-02-20,Northeast,26.0,91.7,0.0,78,101
2024-02-21,Northeast,26.0,91.7,0.15684331953525543,78,101
2024-02-22,Northeast,26.0,91.7,0.38955721259117126,78,101
2024-02-23,Northeast,26.0,91.7,1.8014800548553467,78,101
2024-02-24,Northeast,26.0,91.7,0.0,78,101
2024-02-25,Northeast,26.0,91.7,1.1133919954299927,78,101
2024-02-26,Northeast,26.0,91.7,0.3258708417415619,78,101
2024-02-27,Northeast,26.0,91.7,0.0,78,101
2024-02-28,Northeast,26.0,91.7,0.0,78,101
2024-02-29,Northeast,26.0,91.7,0.0,78,101
2024-03-01,Northeast,26.0,91.7,0.0,78,101
2024-03-02,Northeast,26.0,91.7,0.0,78,101
2024-03-03,Northeast,26.0,91.7,0.0,78,101
2024-03-04,Northeast,26.0,91.7,0.0,78,101
2024-03-05,Northeast,26.0,91.7,0.0,78,101
2024-03-06,Northeast,26.0,91.7,0.0,78,101
2024-03-07,Northeast,26.0,91.7,0.0,78,101
2024-03-08,Northeast,26.0,91.7,0.0,78,101
2024-03-09,Northeast,26.0,91.7,0.0,78,101
2024-03-10,Northeast,26.0,91.7,0.0,78,101
2024-03-11,Northeast,26.0,91.7,0.0,78,101
2024-03-12,Northeast,26.0,91.7,0.0,78,101
2024-03-13,Northeast,26.0,91.7,0.0,78,101
2024-03-14,Northeast,26.0,91.7,0.0,78,101
2024-03-15,Northeast,26.0,91.7,0.0,78,101
2024-03-16,Northeast,26.0,91.7,0.0,78,101
2024-03-17,Northeast,26.0,91.7,0.0,78,101
2024-03-18,Northeast,26.0,91.7,0.0,78,101
2024-03-19,Northeast,26.0,91.7,0.0,78,101
2024-03-20,Northeast,26.0,91.7,0.7231001853942871,78,101
2024-03-21,Northeast,26.0,91.7,4.202765941619873,78,101
2024-03-22,Northeast,26.0,91.7,4.39314079284668,78,101
2024-03-23,Northeast,26.0,91.7,1.5358803272247314,78,101
2024-03-24,Northeast,26.0,91.7,8.784040451049805,78,101
2024-03-25,Northeast,26.0,91.7,0.0,78,101
2024-03-26,Northeast,26.0,91.7,2.5898277759552,78,101
2024-03-27,Northeast,26.0,91.7,1.2199406623840332,78,101
2024-03-28,Northeast,26.0,91.7,0.0,78,101
2024-03-29,Northeast,26.0,91.7,0.0,78,101
2024-03-30,Northeast,26.0,91.7,0.21307462453842163,78,101
2024-03-31,Northeast,26.0,91.7,0.7758969664573669,78,101
2024-04-01,Northeast,26.0,91.7,12.980644226074219,78,101
2024-04-02,Northeast,26.0,91.7,0.0,78,101
2024-04-03,Northeast,26.0,91.7,0.0,78,101
2024-04-04,Northeast,26.0,91.7,0.0,78,101
2024-04-05,Northeast,26.0,91.7,0.8745198845863342,78,101
2024-04-06,Northeast,26.0,91.7,0.5656490921974182,78,101
2024-04-07,Northeast,26.0,91.7,0.0,78,101
2024-04-08,Northeast,26.0,91.7,0.0,78,101
2024-04-09,Northeast,26.0,91.7,0.0,78,101
2024-04-10,Northeast,26.0,91.7,0.0,78,101
2024-04-11,Northeast,26.0,91.7,0.0,78,101
2024-04-12,Northeast,26.0,91.7,0.0,78,101
2024-04-13,Northeast,26.0,91.7,0.0,78,101
2024-04-14,Northeast,26.0,91.7,0.0,78,101
2024-04-15,Northeast,26.0,91.7,0.0,78,101
2024-04-16,Northeast,26.0,91.7,6.933581352233887,78,101
2024-04-17,Northeast,26.0,91.7,3.3043670654296875,78,101
2024-04-18,Northeast,26.0,91.7,0.0,78,101
2024-04-19,Northeast,26.0,91.7,0.0,78,101
2024-04-20,Northeast,26.0,91.7,9.533828735351562,78,101
2024-04-21,Northeast,26.0,91.7,0.6222140192985535,78,101
2024-04-22,Northeast,26.0,91.7,0.0,78,101
2024-04-23,Northeast,26.0,91.7,0.0,78,101
2024-04-24,Northeast,26.0,91.7,0.0,78,101
2024-04-25,Northeast,26.0,91.7,0.0,78,101
2024-04-26,Northeast,26.0,91.7,0.0,78,101
2024-04-27,Northeast,26.0,91.7,0.0,78,101
2024-04-28,Northeast,26.0,91.7,0.5840697884559631,78,101
2024-04-29,Northeast,26.0,91.7,1.5365409851074219,78,101
2024-04-30,Northeast,26.0,91.7,0.0,78,101
2024-05-01,Northeast,26.0,91.7,0.0,78,101
2024-05-02,Northeast,26.0,91.7,0.0,78,101
2024-05-03,Northeast,26.0,91.7,0.0,78,101
2024-05-04,Northeast,26.0,91.7,0.0,78,101
2024-05-05,Northeast,26.0,91.7,0.40367770195007324,78,101
2024-05-06,Northeast,26.0,91.7,23.305835723876953,78,101
2024-05-07,Northeast,26.0,91.7,3.497732162475586,78,101
2024-05-08,Northeast,26.0,91.7,0.32670775055885315,78,101
2024-05-09,Northeast,26.0,91.7,3.9566586017608643,78,101
2024-05-10,Northeast,26.0,91.7,18.977405548095703,78,101
2024-05-11,Northeast,26.0,91.7,3.36716628074646,78,101
2024-05-12,Northeast,26.0,91.7,4.182008743286133,78,101
2024-05-13,Northeast,26.0,91.7,0.9519856572151184,78,101
2024-05-14,Northeast,26.0,91.7,1.6731868982315063,78,101
2024-05-15,Northeast,26.0,91.7,7.277781963348389,78,101
2024-05-16,Northeast,26.0,91.7,0.0,78,101
2024-05-17,Northeast,26.0,91.7,0.1357795149087906,78,101
2024-05-18,Northeast,26.0,91.7,14.42379379272461,78,101
2024-05-19,Northeast,26.0,91.7,18.820838928222656,78,101
2024-05-20,Northeast,26.0,91.7,8.744996070861816,78,101
2024-05-21,Northeast,26.0,91.7,0.3781076669692993,78,101
2024-05-22,Northeast,26.0,91.7,3.4939217567443848,78,101
2024-05-23,Northeast,26.0,91.7,6.281806468963623,78,101
2024-05-24,Northeast,26.0,91.7,15.043312072753906,78,101
2024-05-25,Northeast,26.0,91.7,1.8826658725738525,78,101
2024-05-26,Northeast,26.0,91.7,1.4371278285980225,78,101
2024-05-27,Northeast,26.0,91.7,14.392589569091797,78,101
2024-05-28,Northeast,26.0,91.7,88.33727264404297,78,101
2024-05-29,Northeast,26.0,91.7,38.473976135253906,78,101
2024-05-30,Northeast,26.0,91.7,11.70427131652832,78,101
2024-05-31,Northeast,26.0,91.7,12.67646312713623,78,101
2024-06-01,Northeast,26.0,91.7,3.023555278778076,78,101
2024-06-02,Northeast,26.0,91.7,14.83510971069336,78,101
2024-06-03,Northeast,26.0,91.7,43.198204040527344,78,101
2024-06-04,Northeast,26.0,91.7,5.9926042556762695,78,101
2024-06-05,Northeast,26.0,91.7,28.26080322265625,78,101
2024-06-06,Northeast,26.0,91.7,6.568002700805664,78,101
2024-06-07,Northeast,26.0,91.7,0.5068715810775757,78,101
2024-06-08,Northeast,26.0,91.7,1.740230917930603,78,101
2024-06-09,Northeast,26.0,91.7,3.1341943740844727,78,101
2024-06-10,Northeast,26.0,91.7,0.3258708417415619,78,101
2024-06-11,Northeast,26.0,91.7,0.0,78,101
2024-06-12,Northeast,26.0,91.7,17.037622451782227,78,101
2024-06-13,Northeast,26.0,91.7,16.7657527923584,78,101
2024-06-14,Northeast,26.0,91.7,4.815621376037598,78,101
2024-06-15,Northeast,26.0,91.7,7.40145206451416,78,101
2024-06-16,Northeast,26.0,91.7,11.98868465423584,78,101
2024-06-17,Northeast,26.0,91.7,45.18876266479492,78,101
2024-06-18,Northeast,26.0,91.7,6.633399486541748,78,101
2024-06-19,Northeast,26.0,91.7,24.297563552856445,78,101
2024-06-20,Northeast,26.0,91.7,26.85976791381836,78,101
2024-06-21,Northeast,26.0,91.7,0.1536194533109665,78,101
2024-06-22,Northeast,26.0,91.7,6.082921981811523,78,101
2024-06-23,Northeast,26.0,91.7,1.082753300666809,78,101
2024-06-24,Northeast,26.0,91.7,8.766178131103516,78,101
2024-06-25,Northeast,26.0,91.7,29.854101181030273,78,101
2024-06-26,Northeast,26.0,91.7,30.486690521240234,78,101
2024-06-27,Northeast,26.0,91.7,21.50617027282715,78,101
2024-06-28,Northeast,26.0,91.7,21.967342376708984,78,101
2024-06-29,Northeast,26.0,91.7,5.7917985916137695,78,101
2024-06-30,Northeast,26.0,91.7,13.196070671081543,78,101
2024-07-01,Northeast,26.0,91.7,39.24555206298828,78,101
2024-07-02,Northeast,26.0,91.7,26.39119529724121,78,101
2024-07-03,Northeast,26.0,91.7,3.3940703868865967,78,101
2024-07-04,Northeast,26.0,91.7,14.480941772460938,78,101
2024-07-05,Northeast,26.0,91.7,13.98420524597168,78,101
2024-07-06,Northeast,26.0,91.7,3.7450029850006104,78,101
2024-07-07,Northeast,26.0,91.7,1.8191132545471191,78,101
2024-07-08,Northeast,26.0,91.7,70.30089569091797,78,101
2024-07-09,Northeast,26.0,91.7,11.678576469421387,78,101
2024-07-10,Northeast,26.0,91.7,12.542570114135742,78,101
2024-07-11,Northeast,26.0,91.7,4.0295820236206055,78,101
2024-07-12,Northeast,26.0,91.7,16.425739288330078,78,101
2024-07-13,Northeast,26.0,91.7,15.86742877960205,78,101
2024-07-14,Northeast,26.0,91.7,1.4504741430282593,78,101
2024-07-15,Northeast,26.0,91.7,21.953290939331055,78,101
2024-07-16,Northeast,26.0,91.7,13.8447847366333,78,101
2024-07-17,Northeast,26.0,91.7,20.528242111206055,78,101
2024-07-18,Northeast,26.0,91.7,37.69712448120117,78,101
2024-07-19,Northeast,26.0,91.7,0.6064542531967163,78,101
2024-07-20,Northeast,26.0,91.7,2.131913661956787,78,101
2024-07-21,Northeast,26.0,91.7,6.951381683349609,78,101
2024-07-22,Northeast,26.0,91.7,7.998931407928467,78,101
2024-07-23,Northeast,26.0,91.7,4.615839004516602,78,101
2024-07-24,Northeast,26.0,91.7,5.430767059326172,78,101
2024-07-25,Northeast,26.0,91.7,1.9797717332839966,78,101
2024-07-26,Northeast,26.0,91.7,18.88106918334961,78,101
2024-07-27,Northeast,26.0,91.7,0.0,78,101
2024-07-28,Northeast,26.0,91.7,0.0,78,101
2024-07-29,Northeast,26.0,91.7,9.160462379455566,78,101
2024-07-30,Northeast,26.0,91.7,8.80429458618164,78,101
2024-07-31,Northeast,26.0,91.7,3.3810973167419434,78,101
2024-08-01,Northeast,26.0,91.7,0.16293542087078094,78,101
2024-08-02,Northeast,26.0,91.7,5.342289447784424,78,101
2024-08-03,Northeast,26.0,91.7,13.393914222717285,78,101
2024-08-04,Northeast,26.0,91.7,2.032520294189453,78,101
2024-08-05,Northeast,26.0,91.7,6.643130779266357,78,101
2024-08-06,Northeast,26.0,91.7,42.35112380981445,78,101
2024-08-07,Northeast,26.0,91.7,0.6588345766067505,78,101
2024-08-08,Northeast,26.0,91.7,19.935821533203125,78,101
2024-08-09,Northeast,26.0,91.7,24.132694244384766,78,101
2024-08-10,Northeast,26.0,91.7,12.927988052368164,78,101
2024-08-11,Northeast,26.0,91.7,13.746862411499023,78,101
2024-08-12,Northeast,26.0,91.7,10.655964851379395,78,101
2024-08-13,Northeast,26.0,91.7,2.6089682579040527,78,101
2024-08-14,Northeast,26.0,91.7,0.0,78,101
2024-08-15,Northeast,26.0,91.7,0.0,78,101
2024-08-16,Northeast,26.0,91.7,4.209048748016357,78,101
2024-08-17,Northeast,26.0,91.7,3.729126453399658,78,101
2024-08-18,Northeast,26.0,91.7,6.755924701690674,78,101
2024-08-19,Northeast,26.0,91.7,3.1404645442962646,78,101
2024-08-20,Northeast,26.0,91.7,48.9937629699707,78,101
2024-08-21,Northeast,26.0,91.7,108.2276611328125,78,101
2024-08-22,Northeast,26.0,91.7,2.3178772926330566,78,101
2024-08-23,Northeast,26.0,91.7,0.30083519220352173,78,101
2024-08-24,Northeast,26.0,91.7,0.46165037155151367,78,101
2024-08-25,Northeast,26.0,91.7,1.1948597431182861,78,101
2024-08-26,Northeast,26.0,91.7,0.6787789463996887,78,101
2024-08-27,Northeast,26.0,91.7,2.0095367431640625,78,101
2024-08-28,Northeast,26.0,91.7,3.982578754425049,78,101
2024-08-29,Northeast,26.0,91.7,9.486368179321289,78,101
2024-08-30,Northeast,26.0,91.7,0.33314982056617737,78,101
2024-08-31,Northeast,26.0,91.7,17.508586883544922,78,101
2024-09-01,Northeast,26.0,91.7,19.327531814575195,78,101
2024-09-02,Northeast,26.0,91.7,16.662887573242188,78,101
2024-09-03,Northeast,26.0,91.7,21.158449172973633,78,101
2024-09-04,Northeast,26.0,91.7,2.9610769748687744,78,101
2024-09-05,Northeast,26.0,91.7,8.489486694335938,78,101
2024-09-06,Northeast,26.0,91.7,12.1740083694458,78,101
2024-09-07,Northeast,26.0,91.7,0.0,78,101
2024-09-08,Northeast,26.0,91.7,0.0,78,101
2024-09-09,Northeast,26.0,91.7,1.547770619392395,78,101
2024-09-10,Northeast,26.0,91.7,21.024578094482422,78,101
2024-09-11,Northeast,26.0,91.7,14.704569816589355,78,101
2024-09-12,Northeast,26.0,91.7,3.228959321975708,78,101
2024-09-13,Northeast,26.0,91.7,0.0,78,101
2024-09-14,Northeast,26.0,91.7,0.0,78,101
2024-09-15,Northeast,26.0,91.7,0.0,78,101
2024-09-16,Northeast,26.0,91.7,0.0,78,101
2024-09-17,Northeast,26.0,91.7,1.964150071144104,78,101
2024-09-18,Northeast,26.0,91.7,0.4344944655895233,78,101
2024-09-19,Northeast,26.0,91.7,1.5206146240234375,78,101
2024-09-20,Northeast,26.0,91.7,0.0,78,101
2024-09-21,Northeast,26.0,91.7,0.0,78,101
2024-09-22,Northeast,26.0,91.7,0.0,78,101
2024-09-23,Northeast,26.0,91.7,0.0,78,101
2024-09-24,Northeast,26.0,91.7,1.5206146240234375,78,101
2024-09-25,Northeast,26.0,91.7,21.479211807250977,78,101
2024-09-26,Northeast,26.0,91.7,14.270697593688965,78,101
2024-09-27,Northeast,26.0,91.7,3.188331127166748,78,101
2024-09-28,Northeast,26.0,91.7,2.9689269065856934,78,101
2024-09-29,Northeast,26.0,91.7,4.317194938659668,78,101
2024-09-30,Northeast,26.0,91.7,0.0,78,101
2024-10-01,Northeast,26.0,91.7,0.33938947319984436,78,101
2024-10-02,Northeast,26.0,91.7,15.211812019348145,78,101
2024-10-03,Northeast,26.0,91.7,4.545962810516357,78,101
2024-10-04,Northeast,26.0,91.7,39.706085205078125,78,101
2024-10-05,Northeast,26.0,91.7,13.782694816589355,78,101
2024-10-06,Northeast,26.0,91.7,12.72170639038086,78,101
2024-10-07,Northeast,26.0,91.7,5.820296764373779,78,101
2024-10-08,Northeast,26.0,91.7,0.20055682957172394,78,101
2024-10-09,Northeast,26.0,91.7,1.1113624572753906,78,101
2024-10-10,Northeast,26.0,91.7,2.498342990875244,78,101
2024-10-11,Northeast,26.0,91.7,0.2828245460987091,78,101
2024-10-12,Northeast,26.0,91.7,0.0,78,101
2024-10-13,Northeast,26.0,91.7,2.6019856929779053,78,101
2024-10-14,Northeast,26.0,91.7,0.0,78,101
2024-10-15,Northeast,26.0,91.7,0.0,78,101
2024-10-16,Northeast,26.0,91.7,4.13793420791626,78,101
2024-10-17,Northeast,26.0,91.7,0.0,78,101
2024-10-18,Northeast,26.0,91.7,0.0,78,101
2024-10-19,Northeast,26.0,91.7,0.0,78,101
2024-10-20,Northeast,26.0,91.7,0.6788975596427917,78,101
2024-10-21,Northeast,26.0,91.7,0.0,78,101
2024-10-22,Northeast,26.0,91.7,0.0,78,101
2024-10-23,Northeast,26.0,91.7,0.0,78,101
2024-10-24,Northeast,26.0,91.7,1.020568609237671,78,101
2024-10-25,Northeast,26.0,91.7,10.855360984802246,78,101
2024-10-26,Northeast,26.0,91.7,0.0,78,101
2024-10-27,Northeast,26.0,91.7,0.0,78,101
2024-10-28,Northeast,26.0,91.7,0.0,78,101
2024-10-29,Northeast,26.0,91.7,0.0,78,101
2024-10-30,Northeast,26.0,91.7,0.0,78,101
2024-10-31,Northeast,26.0,91.7,3.4623186588287354,78,101
2024-11-01,Northeast,26.0,91.7,0.0,78,101
2024-11-02,Northeast,26.0,91.7,0.0,78,101
2024-11-03,Northeast,26.0,91.7,0.0,78,101
2024-11-04,Northeast,26.0,91.7,0.0,78,101
2024-11-05,Northeast,26.0,91.7,8.126845359802246,78,101
2024-11-06,Northeast,26.0,91.7,0.0,78,101
2024-11-07,Northeast,26.0,91.7,0.0,78,101
2024-11-08,Northeast,26.0,91.7,0.0,78,101
2024-11-09,Northeast,26.0,91.7,0.0,78,101
2024-11-10,Northeast,26.0,91.7,0.0,78,101
2024-11-11,Northeast,26.0,91.7,0.0,78,101
2024-11-12,Northeast,26.0,91.7,0.0,78,101
2024-11-13,Northeast,26.0,91.7,0.0,78,101
2024-11-14,Northeast,26.0,91.7,0.0,78,101
2024-11-15,Northeast,26.0,91.7,0.0,78,101
2024-11-16,Northeast,26.0,91.7,0.0,78,101
2024-11-17,Northeast,26.0,91.7,0.0,78,101
2024-11-18,Northeast,26.0,91.7,0.0,78,101
2024-11-19,Northeast,26.0,91.7,0.0,78,101
2024-11-20,Northeast,26.0,91.7,0.0,78,101
2024-11-21,Northeast,26.0,91.7,0.0,78,101
2024-11-22,Northeast,26.0,91.7,0.0,78,101
2024-11-23,Northeast,26.0,91.7,0.0,78,101
2024-11-24,Northeast,26.0,91.7,0.0,78,101
2024-11-25,Northeast,26.0,91.7,0.0,78,101
2024-11-26,Northeast,26.0,91.7,0.0,78,101
2024-11-27,Northeast,26.0,91.7,0.0,78,101
2024-11-28,Northeast,26.0,91.7,0.0,78,101
2024-11-29,Northeast,26.0,91.7,0.0,78,101
2024-11-30,Northeast,26.0,91.7,0.0,78,101
2024-12-01,Northeast,26.0,91.7,0.0,78,101
2024-12-02,Northeast,26.0,91.7,0.0,78,101
2024-12-03,Northeast,26.0,91.7,0.0,78,101
2024-12-04,Northeast,26.0,91.7,0.0,78,101
2024-12-05,Northeast,26.0,91.7,0.0,78,101
2024-12-06,Northeast,26.0,91.7,0.0,78,101
2024-12-07,Northeast,26.0,91.7,0.0,78,101
2024-12-08,Northeast,26.0,91.7,0.0,78,101
2024-12-09,Northeast,26.0,91.7,0.0,78,101
2024-12-10,Northeast,26.0,91.7,0.0,78,101
2024-12-11,Northeast,26.0,91.7,0.0,78,101
2024-12-12,Northeast,26.0,91.7,0.0,78,101
2024-12-13,Northeast,26.0,91.7,0.0,78,101
2024-12-14,Northeast,26.0,91.7,0.0,78,101
2024-12-15,Northeast,26.0,91.7,0.0,78,101
2024-12-16,Northeast,26.0,91.7,0.0,78,101
2024-12-17,Northeast,26.0,91.7,0.0,78,101
2024-12-18,Northeast,26.0,91.7,0.0,78,101
2024-12-19,Northeast,26.0,91.7,0.0,78,101
2024-12-20,Northeast,26.0,91.7,0.0,78,101
2024-12-21,Northeast,26.0,91.7,0.0,78,101
2024-12-22,Northeast,26.0,91.7,0.0,78,101
2024-12-23,Northeast,26.0,91.7,0.0,78,101
2024-12-24,Northeast,26.0,91.7,0.0,78,101
2024-12-25,Northeast,26.0,91.7,0.0,78,101
2024-12-26,Northeast,26.0,91.7,0.0,78,101
2024-12-27,Northeast,26.0,91.7,0.0,78,101
2024-12-28,Northeast,26.0,91.7,0.0,78,101
2024-12-29,Northeast,26.0,91.7,0.0,78,101
2024-12-30,Northeast,26.0,91.7,0.0,78,101
2024-12-31,Northeast,26.0,91.7,0.0,78,101
2024-01-01,Rajasthan Desert,27.0,73.0,0.0,82,26
2024-01-02,Rajasthan Desert,27.0,73.0,0.0,82,26
2024-01-03,Rajasthan Desert,27.0,73.0,0.0,82,26
2024-01-04,Rajasthan Desert,27.0,73.0,0.0,82,26
2024-01-05,Rajasthan Desert,27.0,73.0,0.0,82,26
2024-01-06,Rajasthan Desert,27.0,73.0,0.0,82,26
2024-01-07,Rajasthan Desert,27.0,73.0,0.0,82,26
2024-01-08,Rajasthan Desert,27.0,73.0,0.0,82,26
2024-01-09,Rajasthan Desert,27.0,73.0,0.0,82,26
2024-01-10,Rajasthan Desert,27.0,73.0,0.0,82,26
2024-01-11,Rajasthan Desert,27.0,73.0,0.0,82,26
2024-01-12,Rajasthan Desert,27.0,73.0,0.0,82,26
2024-01-13,Rajasthan Desert,27.0,73.0,0.0,82,26
2024-01-14,Rajasthan Desert,27.0,73.0,0.0,82,26
2024-01-15,Rajasthan Desert,27.0,73.0,0.0,82,26
2024-01-16,Rajasthan Desert,27.0,73.0,0.0,82,26
2024-01-17,Rajasthan Desert,27.0,73.0,0.0,82,26
2024-01-18,Rajasthan Desert,27.0,73.0,0.0,82,26
2024-01-19,Rajasthan Desert,27.0,73.0,0.0,82,26
2024-01-20,Rajasthan Desert,27.0,73.0,0.0,82,26
2024-01-21,Rajasthan Desert,27.0,73.0,0.0,82,26
2024-01-22,Rajasthan Desert,27.0,73.0,0.0,82,26
2024-01-23,Rajasthan Desert,27.0,73.0,0.0,82,26
2024-01-24,Rajasthan Desert,27.0,73.0,0.0,82,26
2024-01-25,Rajasthan Desert,27.0,73.0,0.0,82,26
2024-01-26,Rajasthan Desert,27.0,73.0,0.0,82,26
2024-01-27,Rajasthan Desert,27.0,73.0,0.0,82,26
2024-01-28,Rajasthan Desert,27.0,73.0,0.0,82,26
2024-01-29,Rajasthan Desert,27.0,73.0,0.0,82,26
2024-01-30,Rajasthan Desert,27.0,73.0,0.0,82,26
2024-01-31,Rajasthan Desert,27.0,73.0,0.0,82,26
2024-02-01,Rajasthan Desert,27.0,73.0,0.0,82,26
2024-02-02,Rajasthan Desert,27.0,73.0,0.0,82,26
2024-02-03,Rajasthan Desert,27.0,73.0,0.0,82,26
2024-02-04,Rajasthan Desert,27.0,73.0,0.0,82,26
2024-02-05,Rajasthan Desert,27.0,73.0,8.863252639770508,82,26
2024-02-06,Rajasthan Desert,27.0,73.0,0.0,82,26
2024-02-07,Rajasthan Desert,27.0,73.0,0.0,82,26
2024-02-08,Rajasthan Desert,27.0,73.0,0.0,82,26
2024-02-09,Rajasthan Desert,27.0,73.0,0.0,82,26
2024-02-10,Rajasthan Desert,27.0,73.0,0.0,82,26
2024-02-11,Rajasthan Desert,27.0,73.0,0.0,82,26
2024-02-12,Rajasthan Desert,27.0,73.0,0.0,82,26
2024-02-13,Rajasthan Desert,27.0,73.0,0.0,82,26
2024-02-14,Rajasthan Desert,27.0,73.0,0.0,82,26
2024-02-15,Rajasthan Desert,27.0,73.0,0.0,82,26
2024-02-16,Rajasthan Desert,27.0,73.0,0.0,82,26
2024-02-17,Rajasthan Desert,27.0,73.0,0.0,82,26
2024-02-18,Rajasthan Desert,27.0,73.0,0.0,82,26
2024-02-19,Rajasthan Desert,27.0,73.0,0.0,82,26
2024-02-20,Rajasthan Desert,27.0,73.0,0.0,82,26
2024-02-21,Rajasthan Desert,27.0,73.0,0.0,82,26
2024-02-22,Rajasthan Desert,27.0,73.0,0.0,82,26
2024-02-23,Rajasthan Desert,27.0,73.0,0.0,82,26
2024-02-24,Rajasthan Desert,27.0,73.0,0.0,82,26
2024-02-25,Rajasthan Desert,27.0,73.0,0.0,82,26
2024-02-26,Rajasthan Desert,27.0,73.0,0.0,82,26
2024-02-27,Rajasthan Desert,27.0,73.0,0.0,82,26
2024-02-28,Rajasthan Desert,27.0,73.0,0.0,82,26
2024-02-29,Rajasthan Desert,27.0,73.0,0.0,82,26
2024-03-01,Rajasthan Desert,27.0,73.0,0.0,82,26
2024-03-02,Rajasthan Desert,27.0,73.0,0.0,82,26
2024-03-03,Rajasthan Desert,27.0,73.0,0.0,82,26
2024-03-04,Rajasthan Desert,27.0,73.0,0.0,82,26
2024-03-05,Rajasthan Desert,27.0,73.0,0.0,82,26
2024-03-06,Rajasthan Desert,27.0,73.0,0.0,82,26
2024-03-07,Rajasthan Desert,27.0,73.0,0.0,82,26
2024-03-08,Rajasthan Desert,27.0,73.0,0.0,82,26
2024-03-09,Rajasthan Desert,27.0,73.0,0.0,82,26
2024-03-10,Rajasthan Desert,27.0,73.0,0.0,82,26
2024-03-11,Rajasthan Desert,27.0,73.0,0.0,82,26
2024-03-12,Rajasthan Desert,27.0,73.0,0.0,82,26
2024-03-13,Rajasthan Desert,27.0,73.0,0.0,82,26
2024-03-14,Rajasthan Desert,27.0,73.0,0.0,82,26
2024-03-15,Rajasthan Desert,27.0,73.0,0.0,82,26
2024-03-16,Rajasthan Desert,27.0,73.0,0.0,82,26
2024-03-17,Rajasthan Desert,27.0,73.0,0.0,82,26
2024-03-18,Rajasthan Desert,27.0,73.0,0.0,82,26
2024-03-19,Rajasthan Desert,27.0,73.0,0.0,82,26
2024-03-20,Rajasthan Desert,27.0,73.0,0.0,82,26
2024-03-21,Rajasthan Desert,27.0,73.0,0.0,82,26
2024-03-22,Rajasthan Desert,27.0,73.0,0.0,82,26
2024-03-23,Rajasthan Desert,27.0,73.0,0.0,82,26
2024-03-24,Rajasthan Desert,27.0,73.0,0.0,82,26
2024-03-25,Rajasthan Desert,27.0,73.0,0.0,82,26
2024-03-26,Rajasthan Desert,27.0,73.0,0.0,82,26
2024-03-27,Rajasthan Desert,27.0,73.0,0.0,82,26
2024-03-28,Rajasthan Desert,27.0,73.0,0.0,82,26
2024-03-29,Rajasthan Desert,27.0,73.0,0.0,82,26
2024-03-30,Rajasthan Desert,27.0,73.0,0.0,82,26
2024-03-31,Rajasthan Desert,27.0,73.0,0.0,82,26
2024-04-01,Rajasthan Desert,27.0,73.0,0.0,82,26
2024-04-02,Rajasthan Desert,27.0,73.0,0.0,82,26
2024-04-03,Rajasthan Desert,27.0,73.0,0.0,82,26
2024-04-04,Rajasthan Desert,27.0,73.0,0.0,82,26
2024-04-05,Rajasthan Desert,27.0,73.0,0.0,82,26
2024-04-06,Rajasthan Desert,27.0,73.0,4.1663899421691895,82,26
2024-04-07,Rajasthan Desert,27.0,73.0,0.0,82,26
2024-04-08,Rajasthan Desert,27.0,73.0,0.0,82,26
2024-04-09,Rajasthan Desert,27.0,73.0,0.0,82,26
2024-04-10,Rajasthan Desert,27.0,73.0,0.0,82,26
2024-04-11,Rajasthan Desert,27.0,73.0,0.0,82,26
2024-04-12,Rajasthan Desert,27.0,73.0,0.0,82,26
2024-04-13,Rajasthan Desert,27.0,73.0,0.0,82,26
2024-04-14,Rajasthan Desert,27.0,73.0,2.508862257003784,82,26
2024-04-15,Rajasthan Desert,27.0,73.0,0.0,82,26
2024-04-16,Rajasthan Desert,27.0,73.0,0.0,82,26
2024-04-17,Rajasthan Desert,27.0,73.0,0.0,82,26
2024-04-18,Rajasthan Desert,27.0,73.0,0.0,82,26
2024-04-19,Rajasthan Desert,27.0,73.0,0.0,82,26
2024-04-20,Rajasthan Desert,27.0,73.0,0.0,82,26
2024-04-21,Rajasthan Desert,27.0,73.0,0.0,82,26
2024-04-22,Rajasthan Desert,27.0,73.0,0.0,82,26
2024-04-23,Rajasthan Desert,27.0,73.0,0.0,82,26
2024-04-24,Rajasthan Desert,27.0,73.0,0.0,82,26
2024-04-25,Rajasthan Desert,27.0,73.0,0.0,82,26
2024-04-26,Rajasthan Desert,27.0,73.0,0.0,82,26
2024-04-27,Rajasthan Desert,27.0,73.0,0.0,82,26
2024-04-28,Rajasthan Desert,27.0,73.0,0.0,82,26
2024-04-29,Rajasthan Desert,27.0,73.0,0.0,82,26
2024-04-30,Rajasthan Desert,27.0,73.0,0.0,82,26
2024-05-01,Rajasthan Desert,27.0,73.0,0.0,82,26
2024-05-02,Rajasthan Desert,27.0,73.0,0.0,82,26
2024-05-03,Rajasthan Desert,27.0,73.0,0.0,82,26
2024-05-04,Rajasthan Desert,27.0,73.0,0.0,82,26
2024-05-05,Rajasthan Desert,27.0,73.0,0.0,82,26
2024-05-06,Rajasthan Desert,27.0,73.0,0.0,82,26
2024-05-07,Rajasthan Desert,27.0,73.0,0.0,82,26
2024-05-08,Rajasthan Desert,27.0,73.0,0.0,82,26
2024-05-09,Rajasthan Desert,27.0,73.0,0.0,82,26
2024-05-10,Rajasthan Desert,27.0,73.0,0.0,82,26
2024-05-11,Rajasthan Desert,27.0,73.0,4.474889755249023,82,26
2024-05-12,Rajasthan Desert,27.0,73.0,2.4124515056610107,82,26
2024-05-13,Rajasthan Desert,27.0,73.0,0.0,82,26
2024-05-14,Rajasthan Desert,27.0,73.0,0.0,82,26
2024-05-15,Rajasthan Desert,27.0,73.0,0.7200421690940857,82,26
2024-05-16,Rajasthan Desert,27.0,73.0,0.0,82,26
2024-05-17,Rajasthan Desert,27.0,73.0,0.0,82,26
2024-05-18,Rajasthan Desert,27.0,73.0,0.19715555012226105,82,26
2024-05-19,Rajasthan Desert,27.0,73.0,0.0,82,26
2024-05-20,Rajasthan Desert,27.0,73.0,0.0,82,26
2024-05-21,Rajasthan Desert,27.0,73.0,0.0,82,26
2024-05-22,Rajasthan Desert,27.0,73.0,0.0,82,26
2024-05-23,Rajasthan Desert,27.0,73.0,0.0,82,26
2024-05-24,Rajasthan Desert,27.0,73.0,0.0,82,26
2024-05-25,Rajasthan Desert,27.0,73.0,0.0,82,26
2024-05-26,Rajasthan Desert,27.0,73.0,0.0,82,26
2024-05-27,Rajasthan Desert,27.0,73.0,0.0,82,26
2024-05-28,Rajasthan Desert,27.0,73.0,0.0,82,26
2024-05-29,Rajasthan Desert,27.0,73.0,0.0,82,26
2024-05-30,Rajasthan Desert,27.0,73.0,0.0,82,26
2024-05-31,Rajasthan Desert,27.0,73.0,0.0,82,26
2024-06-01,Rajasthan Desert,27.0,73.0,0.0,82,26
2024-06-02,Rajasthan Desert,27.0,73.0,0.0,82,26
2024-06-03,Rajasthan Desert,27.0,73.0,0.0,82,26
2024-06-04,Rajasthan Desert,27.0,73.0,0.0,82,26
2024-06-05,Rajasthan Desert,27.0,73.0,0.0,82,26
2024-06-06,Rajasthan Desert,27.0,73.0,0.0,82,26
2024-06-07,Rajasthan Desert,27.0,73.0,0.0,82,26
2024-06-08,Rajasthan Desert,27.0,73.0,5.386964321136475,82,26
2024-06-09,Rajasthan Desert,27.0,73.0,0.0,82,26
2024-06-10,Rajasthan Desert,27.0,73.0,0.0,82,26
2024-06-11,Rajasthan Desert,27.0,73.0,0.0,82,26
2024-06-12,Rajasthan Desert,27.0,73.0,0.0,82,26
2024-06-13,Rajasthan Desert,27.0,73.0,0.0,82,26
2024-06-14,Rajasthan Desert,27.0,73.0,0.0,82,26
2024-06-15,Rajasthan Desert,27.0,73.0,0.0,82,26
2024-06-16,Rajasthan Desert,27.0,73.0,0.0,82,26
2024-06-17,Rajasthan Desert,27.0,73.0,0.0,82,26
2024-06-18,Rajasthan Desert,27.0,73.0,0.0,82,26
2024-06-19,Rajasthan Desert,27.0,73.0,0.0,82,26
2024-06-20,Rajasthan Desert,27.0,73.0,0.0,82,26
2024-06-21,Rajasthan Desert,27.0,73.0,0.0,82,26
2024-06-22,Rajasthan Desert,27.0,73.0,0.0,82,26
2024-06-23,Rajasthan Desert,27.0,73.0,0.0,82,26
2024-06-24,Rajasthan Desert,27.0,73.0,0.0,82,26
2024-06-25,Rajasthan Desert,27.0,73.0,0.0,82,26
2024-06-26,Rajasthan Desert,27.0,73.0,0.24001407623291016,82,26
2024-06-27,Rajasthan Desert,27.0,73.0,8.501004219055176,82,26
2024-06-28,Rajasthan Desert,27.0,73.0,12.711966514587402,82,26
2024-06-29,Rajasthan Desert,27.0,73.0,0.0,82,26
2024-06-30,Rajasthan Desert,27.0,73.0,1.774399995803833,82,26
2024-07-01,Rajasthan Desert,27.0,73.0,0.0,82,26
2024-07-02,Rajasthan Desert,27.0,73.0,0.0,82,26
2024-07-03,Rajasthan Desert,27.0,73.0,0.0,82,26
2024-07-04,Rajasthan Desert,27.0,73.0,0.0,82,26
2024-07-05,Rajasthan Desert,27.0,73.0,3.488301992416382,82,26
2024-07-06,Rajasthan Desert,27.0,73.0,23.670429229736328,82,26
2024-07-07,Rajasthan Desert,27.0,73.0,0.0,82,26
2024-07-08,Rajasthan Desert,27.0,73.0,0.0,82,26
2024-07-09,Rajasthan Desert,27.0,73.0,19.80735969543457,82,26
2024-07-10,Rajasthan Desert,27.0,73.0,0.0,82,26
2024-07-11,Rajasthan Desert,27.0,73.0,0.0,82,26
2024-07-12,Rajasthan Desert,27.0,73.0,0.3154488801956177,82,26
2024-07-13,Rajasthan Desert,27.0,73.0,2.0647408962249756,82,26
2024-07-14,Rajasthan Desert,27.0,73.0,14.917747497558594,82,26
2024-07-15,Rajasthan Desert,27.0,73.0,0.0,82,26
2024-07-16,Rajasthan Desert,27.0,73.0,0.0,82,26
2024-07-17,Rajasthan Desert,27.0,73.0,0.0,82,26
2024-07-18,Rajasthan Desert,27.0,73.0,0.0,82,26
2024-07-19,Rajasthan Desert,27.0,73.0,24.553264617919922,82,26
2024-07-20,Rajasthan Desert,27.0,73.0,0.0,82,26
2024-07-21,Rajasthan Desert,27.0,73.0,14.254157066345215,82,26
2024-07-22,Rajasthan Desert,27.0,73.0,0.0,82,26
2024-07-23,Rajasthan Desert,27.0,73.0,9.902090072631836,82,26
2024-07-24,Rajasthan Desert,27.0,73.0,0.0,82,26
2024-07-25,Rajasthan Desert,27.0,73.0,0.0,82,26
2024-07-26,Rajasthan Desert,27.0,73.0,1.3955122232437134,82,26
2024-07-27,Rajasthan Desert,27.0,73.0,0.0,82,26
2024-07-28,Rajasthan Desert,27.0,73.0,0.931222140789032,82,26
2024-07-29,Rajasthan Desert,27.0,73.0,0.24001407623291016,82,26
2024-07-30,Rajasthan Desert,27.0,73.0,0.0,82,26
2024-07-31,Rajasthan Desert,27.0,73.0,0.0,82,26
2024-08-01,Rajasthan Desert,27.0,73.0,0.0,82,26
2024-08-02,Rajasthan Desert,27.0,73.0,11.022313117980957,82,26
2024-08-03,Rajasthan Desert,27.0,73.0,86.70369720458984,82,26
2024-08-04,Rajasthan Desert,27.0,73.0,0.5520355105400085,82,26
2024-08-05,Rajasthan Desert,27.0,73.0,33.99750518798828,82,26
2024-08-06,Rajasthan Desert,27.0,73.0,55.51121139526367,82,26
2024-08-07,Rajasthan Desert,27.0,73.0,10.553948402404785,82,26
2024-08-08,Rajasthan Desert,27.0,73.0,1.823013186454773,82,26
2024-08-09,Rajasthan Desert,27.0,73.0,0.0,82,26
2024-08-10,Rajasthan Desert,27.0,73.0,0.0,82,26
2024-08-11,Rajasthan Desert,27.0,73.0,7.656325340270996,82,26
2024-08-12,Rajasthan Desert,27.0,73.0,0.0,82,26
2024-08-13,Rajasthan Desert,27.0,73.0,8.097419738769531,82,26
2024-08-14,Rajasthan Desert,27.0,73.0,21.444936752319336,82,26
2024-08-15,Rajasthan Desert,27.0,73.0,4.173755168914795,82,26
2024-08-16,Rajasthan Desert,27.0,73.0,55.33318328857422,82,26
2024-08-17,Rajasthan Desert,27.0,73.0,9.828253746032715,82,26
2024-08-18,Rajasthan Desert,27.0,73.0,1.2431457042694092,82,26
2024-08-19,Rajasthan Desert,27.0,73.0,0.0,82,26
2024-08-20,Rajasthan Desert,27.0,73.0,0.0,82,26
2024-08-21,Rajasthan Desert,27.0,73.0,0.0,82,26
2024-08-22,Rajasthan Desert,27.0,73.0,3.8402252197265625,82,26
2024-08-23,Rajasthan Desert,27.0,73.0,1.134424090385437,82,26
2024-08-24,Rajasthan Desert,27.0,73.0,0.36002108454704285,82,26
2024-08-25,Rajasthan Desert,27.0,73.0,1.3200774192810059,82,26
2024-08-26,Rajasthan Desert,27.0,73.0,4.2070231437683105,82,26
2024-08-27,Rajasthan Desert,27.0,73.0,1.4256672859191895,82,26
2024-08-28,Rajasthan Desert,27.0,73.0,0.2760177552700043,82,26
2024-08-29,Rajasthan Desert,27.0,73.0,0.0,82,26
2024-08-30,Rajasthan Desert,27.0,73.0,0.41438189148902893,82,26
2024-08-31,Rajasthan Desert,27.0,73.0,0.0,82,26
2024-09-01,Rajasthan Desert,27.0,73.0,15.395156860351562,82,26
2024-09-02,Rajasthan Desert,27.0,73.0,8.287637710571289,82,26
2024-09-03,Rajasthan Desert,27.0,73.0,0.0,82,26
2024-09-04,Rajasthan Desert,27.0,73.0,11.814546585083008,82,26
2024-09-05,Rajasthan Desert,27.0,73.0,17.17842674255371,82,26
2024-09-06,Rajasthan Desert,27.0,73.0,0.0,82,26
2024-09-07,Rajasthan Desert,27.0,73.0,4.195640563964844,82,26
2024-09-08,Rajasthan Desert,27.0,73.0,1.680098533630371,82,26
2024-09-09,Rajasthan Desert,27.0,73.0,0.0,82,26
2024-09-10,Rajasthan Desert,27.0,73.0,0.0,82,26
2024-09-11,Rajasthan Desert,27.0,73.0,0.0,82,26
2024-09-12,Rajasthan Desert,27.0,73.0,0.0,82,26
2024-09-13,Rajasthan Desert,27.0,73.0,16.280900955200195,82,26
2024-09-14,Rajasthan Desert,27.0,73.0,0.0,82,26
2024-09-15,Rajasthan Desert,27.0,73.0,0.0,82,26
2024-09-16,Rajasthan Desert,27.0,73.0,0.0,82,26
2024-09-17,Rajasthan Desert,27.0,73.0,0.0,82,26
2024-09-18,Rajasthan Desert,27.0,73.0,0.0,82,26
2024-09-19,Rajasthan Desert,27.0,73.0,0.0,82,26
2024-09-20,Rajasthan Desert,27.0,73.0,0.0,82,26
2024-09-21,Rajasthan Desert,27.0,73.0,0.0,82,26
2024-09-22,Rajasthan Desert,27.0,73.0,0.0,82,26
2024-09-23,Rajasthan Desert,27.0,73.0,0.0,82,26
2024-09-24,Rajasthan Desert,27.0,73.0,0.0,82,26
2024-09-25,Rajasthan Desert,27.0,73.0,0.0,82,26
2024-09-26,Rajasthan Desert,27.0,73.0,0.0,82,26
2024-09-27,Rajasthan Desert,27.0,73.0,0.0,82,26
2024-09-28,Rajasthan Desert,27.0,73.0,0.0,82,26
2024-09-29,Rajasthan Desert,27.0,73.0,0.0,82,26
2024-09-30,Rajasthan Desert,27.0,73.0,0.0,82,26
2024-10-01,Rajasthan Desert,27.0,73.0,0.0,82,26
2024-10-02,Rajasthan Desert,27.0,73.0,0.0,82,26
2024-10-03,Rajasthan Desert,27.0,73.0,0.0,82,26
2024-10-04,Rajasthan Desert,27.0,73.0,0.0,82,26
2024-10-05,Rajasthan Desert,27.0,73.0,0.0,82,26
2024-10-06,Rajasthan Desert,27.0,73.0,0.0,82,26
2024-10-07,Rajasthan Desert,27.0,73.0,0.0,82,26
2024-10-08,Rajasthan Desert,27.0,73.0,0.0,82,26
2024-10-09,Rajasthan Desert,27.0,73.0,0.0,82,26
2024-10-10,Rajasthan Desert,27.0,73.0,0.0,82,26
2024-10-11,Rajasthan Desert,27.0,73.0,0.0,82,26
2024-10-12,Rajasthan Desert,27.0,73.0,0.0,82,26
2024-10-13,Rajasthan Desert,27.0,73.0,0.0,82,26
2024-10-14,Rajasthan Desert,27.0,73.0,0.0,82,26
2024-10-15,Rajasthan Desert,27.0,73.0,0.0,82,26
2024-10-16,Rajasthan Desert,27.0,73.0,0.0,82,26
2024-10-17,Rajasthan Desert,27.0,73.0,0.0,82,26
2024-10-18,Rajasthan Desert,27.0,73.0,0.0,82,26
2024-10-19,Rajasthan Desert,27.0,73.0,0.0,82,26
2024-10-20,Rajasthan Desert,27.0,73.0,0.0,82,26
2024-10-21,Rajasthan Desert,27.0,73.0,0.0,82,26
2024-10-22,Rajasthan Desert,27.0,73.0,3.4350621700286865,82,26
2024-10-23,Rajasthan Desert,27.0,73.0,0.0,82,26
2024-10-24,Rajasthan Desert,27.0,73.0,0.0,82,26
2024-10-25,Rajasthan Desert,27.0,73.0,0.0,82,26
2024-10-26,Rajasthan Desert,27.0,73.0,0.0,82,26
2024-10-27,Rajasthan Desert,27.0,73.0,0.0,82,26
2024-10-28,Rajasthan Desert,27.0,73.0,0.0,82,26
2024-10-29,Rajasthan Desert,27.0,73.0,0.0,82,26
2024-10-30,Rajasthan Desert,27.0,73.0,0.0,82,26
2024-10-31,Rajasthan Desert,27.0,73.0,0.0,82,26
2024-11-01,Rajasthan Desert,27.0,73.0,0.0,82,26
2024-11-02,Rajasthan Desert,27.0,73.0,0.0,82,26
2024-11-03,Rajasthan Desert,27.0,73.0,0.0,82,26
2024-11-04,Rajasthan Desert,27.0,73.0,0.0,82,26
2024-11-05,Rajasthan Desert,27.0,73.0,0.0,82,26
2024-11-06,Rajasthan Desert,27.0,73.0,0.0,82,26
2024-11-07,Rajasthan Desert,27.0,73.0,0.0,82,26
2024-11-08,Rajasthan Desert,27.0,73.0,0.0,82,26
2024-11-09,Rajasthan Desert,27.0,73.0,0.0,82,26
2024-11-10,Rajasthan Desert,27.0,73.0,0.0,82,26
2024-11-11,Rajasthan Desert,27.0,73.0,0.0,82,26
2024-11-12,Rajasthan Desert,27.0,73.0,0.0,82,26
2024-11-13,Rajasthan Desert,27.0,73.0,0.0,82,26
2024-11-14,Rajasthan Desert,27.0,73.0,0.0,82,26
2024-11-15,Rajasthan Desert,27.0,73.0,0.0,82,26
2024-11-16,Rajasthan Desert,27.0,73.0,0.0,82,26
2024-11-17,Rajasthan Desert,27.0,73.0,0.0,82,26
2024-11-18,Rajasthan Desert,27.0,73.0,0.0,82,26
2024-11-19,Rajasthan Desert,27.0,73.0,0.0,82,26
2024-11-20,Rajasthan Desert,27.0,73.0,0.0,82,26
2024-11-21,Rajasthan Desert,27.0,73.0,0.0,82,26
2024-11-22,Rajasthan Desert,27.0,73.0,0.0,82,26
2024-11-23,Rajasthan Desert,27.0,73.0,0.0,82,26
2024-11-24,Rajasthan Desert,27.0,73.0,0.0,82,26
2024-11-25,Rajasthan Desert,27.0,73.0,0.0,82,26
2024-11-26,Rajasthan Desert,27.0,73.0,0.0,82,26
2024-11-27,Rajasthan Desert,27.0,73.0,0.0,82,26
2024-11-28,Rajasthan Desert,27.0,73.0,0.0,82,26
2024-11-29,Rajasthan Desert,27.0,73.0,0.0,82,26
2024-11-30,Rajasthan Desert,27.0,73.0,0.0,82,26
2024-12-01,Rajasthan Desert,27.0,73.0,0.0,82,26
2024-12-02,Rajasthan Desert,27.0,73.0,0.0,82,26
2024-12-03,Rajasthan Desert,27.0,73.0,0.0,82,26
2024-12-04,Rajasthan Desert,27.0,73.0,0.0,82,26
2024-12-05,Rajasthan Desert,27.0,73.0,0.0,82,26
2024-12-06,Rajasthan Desert,27.0,73.0,0.0,82,26
2024-12-07,Rajasthan Desert,27.0,73.0,0.0,82,26
2024-12-08,Rajasthan Desert,27.0,73.0,0.0,82,26
2024-12-09,Rajasthan Desert,27.0,73.0,0.0,82,26
2024-12-10,Rajasthan Desert,27.0,73.0,0.0,82,26
2024-12-11,Rajasthan Desert,27.0,73.0,0.0,82,26
2024-12-12,Rajasthan Desert,27.0,73.0,0.0,82,26
2024-12-13,Rajasthan Desert,27.0,73.0,0.0,82,26
2024-12-14,Rajasthan Desert,27.0,73.0,0.0,82,26
2024-12-15,Rajasthan Desert,27.0,73.0,0.0,82,26
2024-12-16,Rajasthan Desert,27.0,73.0,0.0,82,26
2024-12-17,Rajasthan Desert,27.0,73.0,0.0,82,26
2024-12-18,Rajasthan Desert,27.0,73.0,0.0,82,26
2024-12-19,Rajasthan Desert,27.0,73.0,0.0,82,26
2024-12-20,Rajasthan Desert,27.0,73.0,0.0,82,26
2024-12-21,Rajasthan Desert,27.0,73.0,0.0,82,26
2024-12-22,Rajasthan Desert,27.0,73.0,0.0,82,26
2024-12-23,Rajasthan Desert,27.0,73.0,0.0,82,26
2024-12-24,Rajasthan Desert,27.0,73.0,0.0,82,26
2024-12-25,Rajasthan Desert,27.0,73.0,0.0,82,26
2024-12-26,Rajasthan Desert,27.0,73.0,0.0,82,26
2024-12-27,Rajasthan Desert,27.0,73.0,0.0,82,26
2024-12-28,Rajasthan Desert,27.0,73.0,0.0,82,26
2024-12-29,Rajasthan Desert,27.0,73.0,0.0,82,26
2024-12-30,Rajasthan Desert,27.0,73.0,0.0,82,26
2024-12-31,Rajasthan Desert,27.0,73.0,0.0,82,26
