observation_date,latitude_deg,longitude_deg,land_surface_temperature_K,rainfall_accumulation_mm,sea_surface_temperature_K
2022-01-01,20.75,78.75,292.29,0.0,302.17
2022-01-01,20.75,79.0,293.04,5.24,302.51
2022-01-01,20.75,79.25,293.66,10.88,302.17
2022-01-01,20.75,79.5,294.81,0.0,301.66
2022-01-01,20.75,79.75,294.27,0.0,301.64
2022-01-01,21.0,78.75,292.92,0.0,301.23
2022-01-01,21.0,79.0,293.73,0.0,301.49
2022-01-01,21.0,79.25,290.43,0.0,302.08
2022-01-01,21.0,79.5,290.22,0.0,302.1
2022-01-01,21.0,79.75,291.86,5.04,301.81
2022-01-01,21.25,78.75,291.11,0.97,301.1
2022-01-01,21.25,79.0,290.73,0.0,301.91
2022-01-01,21.25,79.25,292.73,0.0,302.48
2022-01-01,21.25,79.5,294.52,0.0,301.34
2022-01-01,21.25,79.75,293.53,1.17,301.7
2022-01-01,21.5,78.75,294.6,0.0,301.48
2022-01-01,21.5,79.0,293.63,0.0,301.39
2022-01-01,21.5,79.25,293.82,0.0,301.72
2022-01-01,21.5,79.5,293.6,8.89,301.29
2022-01-01,21.5,79.75,292.0,0.0,301.38
2022-01-01,21.75,78.75,294.1,0.86,302.57
2022-01-01,21.75,79.0,292.84,0.0,301.06
2022-01-01,21.75,79.25,292.58,1.98,301.48
2022-01-01,21.75,79.5,295.57,2.3,301.52
2022-01-01,21.75,79.75,291.69,0.0,301.12
2022-01-02,20.75,78.75,291.38,0.0,301.95
2022-01-02,20.75,79.0,294.05,0.0,301.96
2022-01-02,20.75,79.25,294.17,5.45,302.07
2022-01-02,20.75,79.5,291.42,0.0,301.73
2022-01-02,20.75,79.75,294.33,0.0,301.81
2022-01-02,21.0,78.75,288.56,0.0,301.18
2022-01-02,21.0,79.0,292.44,0.0,302.32
2022-01-02,21.0,79.25,294.42,0.0,302.12
2022-01-02,21.0,79.5,293.69,0.81,301.57
2022-01-02,21.0,79.75,293.5,1.03,301.81
2022-01-02,21.25,78.75,294.18,0.0,301.61
2022-01-02,21.25,79.0,294.81,0.0,301.76
2022-01-02,21.25,79.25,294.09,0.0,301.63
2022-01-02,21.25,79.5,295.93,0.0,301.34
2022-01-02,21.25,79.75,294.11,2.49,302.21
2022-01-02,21.5,78.75,291.83,0.79,302.75
2022-01-02,21.5,79.0,296.79,2.35,301.56
2022-01-02,21.5,79.25,293.19,0.0,301.91
2022-01-02,21.5,79.5,293.1,1.52,301.27
2022-01-02,21.5,79.75,296.37,0.0,302.04
2022-01-02,21.75,78.75,294.08,0.0,302.61
2022-01-02,21.75,79.0,295.24,0.0,301.36
2022-01-02,21.75,79.25,295.19,11.99,301.76
2022-01-02,21.75,79.5,293.73,0.0,302.18
2022-01-02,21.75,79.75,293.96,0.63,302.71
2022-01-03,20.75,78.75,290.81,0.0,301.68
2022-01-03,20.75,79.0,295.3,1.56,301.65
2022-01-03,20.75,79.25,293.89,3.87,301.31
2022-01-03,20.75,79.5,297.23,0.12,301.27
2022-01-03,20.75,79.75,293.21,0.0,303.06
2022-01-03,21.0,78.75,291.37,0.0,301.55
2022-01-03,21.0,79.0,296.44,1.34,302.43
2022-01-03,21.0,79.25,296.67,0.0,301.87
2022-01-03,21.0,79.5,293.92,0.0,301.5
2022-01-03,21.0,79.75,291.16,0.0,301.88
2022-01-03,21.25,78.75,293.91,0.61,301.72
2022-01-03,21.25,79.0,292.56,0.0,301.38
2022-01-03,21.25,79.25,292.0,1.64,302.49
2022-01-03,21.25,79.5,292.95,0.0,302.1
2022-01-03,21.25,79.75,291.6,0.0,301.9
2022-01-03,21.5,78.75,291.81,0.0,302.15
2022-01-03,21.5,79.0,293.41,1.17,301.44
2022-01-03,21.5,79.25,292.56,0.0,301.64
2022-01-03,21.5,79.5,293.2,0.0,302.48
2022-01-03,21.5,79.75,292.32,0.0,301.76
2022-01-03,21.75,78.75,292.19,0.0,302.51
2022-01-03,21.75,79.0,293.57,3.04,302.2
2022-01-03,21.75,79.25,293.18,0.0,302.64
2022-01-03,21.75,79.5,293.32,0.68,303.06
2022-01-03,21.75,79.75,294.94,5.27,302.08
2022-01-04,20.75,78.75,293.99,0.0,301.67
2022-01-04,20.75,79.0,292.14,0.0,302.71
2022-01-04,20.75,79.25,293.16,0.0,301.6
2022-01-04,20.75,79.5,292.88,0.0,301.84
2022-01-04,20.75,79.75,293.71,0.57,302.36
2022-01-04,21.0,78.75,294.3,0.0,301.37
2022-01-04,21.0,79.0,291.02,0.0,301.46
2022-01-04,21.0,79.25,291.7,2.34,302.06
2022-01-04,21.0,79.5,292.47,0.64,301.75
2022-01-04,21.0,79.75,293.15,0.0,300.88
2022-01-04,21.25,78.75,291.65,0.0,302.1
2022-01-04,21.25,79.0,293.48,0.0,302.01
2022-01-04,21.25,79.25,295.02,7.24,302.5
2022-01-04,21.25,79.5,294.14,0.0,302.37
2022-01-04,21.25,79.75,292.12,1.01,301.99
2022-01-04,21.5,78.75,290.26,0.0,301.54
2022-01-04,21.5,79.0,294.49,0.0,303.45
2022-01-04,21.5,79.25,293.94,1.24,302.26
2022-01-04,21.5,79.5,294.72,0.0,301.69
2022-01-04,21.5,79.75,291.09,0.77,301.55
2022-01-04,21.75,78.75,292.97,0.13,302.35
2022-01-04,21.75,79.0,291.31,1.69,302.03
2022-01-04,21.75,79.25,294.77,0.0,301.36
2022-01-04,21.75,79.5,293.62,0.0,302.04
2022-01-04,21.75,79.75,296.75,2.06,302.1
2022-01-05,20.75,78.75,292.79,0.64,302.76
2022-01-05,20.75,79.0,293.83,0.0,301.16
2022-01-05,20.75,79.25,291.74,0.0,302.38
2022-01-05,20.75,79.5,294.44,0.0,301.87
2022-01-05,20.75,79.75,293.09,0.0,302.14
2022-01-05,21.0,78.75,293.33,0.0,301.18
2022-01-05,21.0,79.0,292.31,3.46,302.01
2022-01-05,21.0,79.25,290.88,2.84,301.82
2022-01-05,21.0,79.5,291.95,0.23,302.31
2022-01-05,21.0,79.75,293.01,0.0,301.46
2022-01-05,21.25,78.75,293.54,0.85,302.62
2022-01-05,21.25,79.0,293.06,1.35,302.43
2022-01-05,21.25,79.25,296.51,0.0,300.95
2022-01-05,21.25,79.5,291.98,0.0,301.65
2022-01-05,21.25,79.75,297.08,1.06,301.4
2022-01-05,21.5,78.75,293.83,1.1,302.13
2022-01-05,21.5,79.0,294.09,0.0,302.1
2022-01-05,21.5,79.25,290.81,0.0,302.64
2022-01-05,21.5,79.5,292.72,0.73,301.78
2022-01-05,21.5,79.75,295.73,1.34,301.8
2022-01-05,21.75,78.75,293.58,1.11,301.97
2022-01-05,21.75,79.0,293.8,0.79,302.48
2022-01-05,21.75,79.25,294.79,0.0,302.01
2022-01-05,21.75,79.5,293.91,0.15,302.5
2022-01-05,21.75,79.75,294.78,0.0,302.35
2022-01-06,20.75,78.75,296.26,0.07,302.75
2022-01-06,20.75,79.0,294.99,0.0,301.8
2022-01-06,20.75,79.25,293.86,0.13,301.01
2022-01-06,20.75,79.5,293.57,0.0,302.46
2022-01-06,20.75,79.75,291.44,0.0,302.3
2022-01-06,21.0,78.75,291.68,0.0,301.37
2022-01-06,21.0,79.0,295.1,0.01,301.78
2022-01-06,21.0,79.25,291.79,0.0,302.32
2022-01-06,21.0,79.5,292.77,0.0,301.72
2022-01-06,21.0,79.75,294.98,0.0,301.79
2022-01-06,21.25,78.75,290.57,0.0,301.71
2022-01-06,21.25,79.0,295.44,0.9,302.06
2022-01-06,21.25,79.25,293.42,0.0,301.82
2022-01-06,21.25,79.5,293.51,0.0,301.49
2022-01-06,21.25,79.75,292.53,0.0,301.77
2022-01-06,21.5,78.75,294.87,0.0,302.53
2022-01-06,21.5,79.0,296.07,0.74,301.64
2022-01-06,21.5,79.25,294.89,0.0,302.18
2022-01-06,21.5,79.5,293.19,0.0,301.95
2022-01-06,21.5,79.75,293.43,0.0,302.58
2022-01-06,21.75,78.75,293.72,0.03,302.22
2022-01-06,21.75,79.0,292.94,0.0,301.84
2022-01-06,21.75,79.25,294.07,0.0,303.26
2022-01-06,21.75,79.5,292.25,1.17,302.53
2022-01-06,21.75,79.75,293.44,0.0,302.25
2022-01-07,20.75,78.75,294.9,0.0,302.1
2022-01-07,20.75,79.0,295.59,1.62,301.66
2022-01-07,20.75,79.25,294.72,0.69,302.15
2022-01-07,20.75,79.5,293.15,0.0,301.58
2022-01-07,20.75,79.75,292.93,0.0,301.88
2022-01-07,21.0,78.75,293.43,0.0,302.58
2022-01-07,21.0,79.0,294.0,0.38,301.66
2022-01-07,21.0,79.25,293.24,0.0,301.65
2022-01-07,21.0,79.5,293.09,0.0,301.74
2022-01-07,21.0,79.75,295.04,0.0,302.55
2022-01-07,21.25,78.75,295.2,0.0,301.96
2022-01-07,21.25,79.0,296.02,0.0,302.14
2022-01-07,21.25,79.25,292.43,0.0,301.55
2022-01-07,21.25,79.5,294.86,0.0,302.95
2022-01-07,21.25,79.75,295.17,0.0,301.71
2022-01-07,21.5,78.75,292.9,0.0,302.02
2022-01-07,21.5,79.0,295.64,2.91,302.47
2022-01-07,21.5,79.25,294.14,0.0,301.22
2022-01-07,21.5,79.5,294.0,0.0,301.73
2022-01-07,21.5,79.75,293.44,0.0,301.77
2022-01-07,21.75,78.75,295.13,0.92,301.58
2022-01-07,21.75,79.0,294.74,0.0,302.16
2022-01-07,21.75,79.25,294.04,0.0,301.71
2022-01-07,21.75,79.5,294.16,0.0,301.64
2022-01-07,21.75,79.75,293.78,0.0,302.23
2022-01-08,20.75,78.75,293.5,0.32,302.12
2022-01-08,20.75,79.0,292.86,0.0,301.3
2022-01-08,20.75,79.25,292.47,0.0,302.25
2022-01-08,20.75,79.5,291.95,0.16,301.7
2022-01-08,20.75,79.75,292.6,0.48,301.58
2022-01-08,21.0,78.75,292.46,0.0,301.3
2022-01-08,21.0,79.0,293.0,0.0,301.46
2022-01-08,21.0,79.25,294.0,0.0,301.97
2022-01-08,21.0,79.5,292.52,1.15,303.18
2022-01-08,21.0,79.75,295.57,0.0,300.9
2022-01-08,21.25,78.75,290.26,2.96,302.2
2022-01-08,21.25,79.0,294.07,0.0,302.71
2022-01-08,21.25,79.25,294.66,1.88,302.17
2022-01-08,21.25,79.5,295.1,0.0,302.25
2022-01-08,21.25,79.75,290.13,2.93,301.43
2022-01-08,21.5,78.75,293.1,0.0,301.55
2022-01-08,21.5,79.0,292.95,0.4,302.3
2022-01-08,21.5,79.25,294.17,0.0,302.25
2022-01-08,21.5,79.5,291.81,0.25,301.64
2022-01-08,21.5,79.75,292.94,2.11,301.17
2022-01-08,21.75,78.75,296.07,0.0,301.72
2022-01-08,21.75,79.0,292.07,0.25,302.05
2022-01-08,21.75,79.25,291.24,0.0,301.93
2022-01-08,21.75,79.5,293.47,6.45,302.75
2022-01-08,21.75,79.75,295.9,0.0,301.58
2022-01-09,20.75,78.75,292.21,0.0,301.49
2022-01-09,20.75,79.0,292.96,0.0,301.59
2022-01-09,20.75,79.25,292.67,0.0,302.42
2022-01-09,20.75,79.5,296.21,0.0,301.99
2022-01-09,20.75,79.75,292.86,0.95,302.17
2022-01-09,21.0,78.75,292.65,0.0,301.87
2022-01-09,21.0,79.0,293.15,0.65,301.52
2022-01-09,21.0,79.25,293.16,0.0,301.36
2022-01-09,21.0,79.5,291.51,0.0,302.35
2022-01-09,21.0,79.75,296.32,0.0,301.56
2022-01-09,21.25,78.75,294.07,0.0,301.95
2022-01-09,21.25,79.0,294.54,0.0,302.09
2022-01-09,21.25,79.25,293.18,0.0,301.5
2022-01-09,21.25,79.5,294.15,0.7,301.96
2022-01-09,21.25,79.75,293.91,1.45,302.38
2022-01-09,21.5,78.75,294.99,0.0,301.6
2022-01-09,21.5,79.0,290.89,0.39,302.22
2022-01-09,21.5,79.25,291.35,0.0,302.21
2022-01-09,21.5,79.5,292.33,0.0,301.91
2022-01-09,21.5,79.75,293.69,0.0,301.21
2022-01-09,21.75,78.75,290.41,0.0,302.14
2022-01-09,21.75,79.0,294.95,0.0,302.0
2022-01-09,21.75,79.25,295.33,0.43,301.08
2022-01-09,21.75,79.5,291.8,0.0,301.98
2022-01-09,21.75,79.75,293.2,0.0,301.63
2022-01-10,20.75,78.75,293.89,0.0,301.37
2022-01-10,20.75,79.0,294.5,0.0,302.21
2022-01-10,20.75,79.25,292.57,0.0,302.74
2022-01-10,20.75,79.5,295.06,0.68,302.42
2022-01-10,20.75,79.75,292.13,4.33,302.38
2022-01-10,21.0,78.75,292.52,0.0,302.29
2022-01-10,21.0,79.0,293.69,0.0,301.69
2022-01-10,21.0,79.25,292.86,0.0,301.66
2022-01-10,21.0,79.5,291.74,0.0,302.56
2022-01-10,21.0,79.75,295.09,2.29,302.27
2022-01-10,21.25,78.75,296.83,0.0,301.82
2022-01-10,21.25,79.0,292.67,0.0,302.5
2022-01-10,21.25,79.25,294.53,0.73,302.01
2022-01-10,21.25,79.5,290.46,0.0,301.62
2022-01-10,21.25,79.75,294.02,0.0,301.98
2022-01-10,21.5,78.75,292.34,2.22,302.57
2022-01-10,21.5,79.0,290.53,5.88,301.35
2022-01-10,21.5,79.25,292.79,0.0,302.04
2022-01-10,21.5,79.5,293.59,0.0,302.29
2022-01-10,21.5,79.75,295.27,0.6,302.25
2022-01-10,21.75,78.75,293.05,1.28,301.08
2022-01-10,21.75,79.0,296.28,0.0,301.62
2022-01-10,21.75,79.25,292.57,2.85,302.12
2022-01-10,21.75,79.5,294.42,0.8,302.02
2022-01-10,21.75,79.75,295.61,0.0,302.11
2022-01-11,20.75,78.75,291.05,0.0,301.5
2022-01-11,20.75,79.0,294.48,0.0,302.45
2022-01-11,20.75,79.25,293.86,0.0,302.15
2022-01-11,20.75,79.5,292.51,0.0,302.06
2022-01-11,20.75,79.75,295.48,1.84,302.62
2022-01-11,21.0,78.75,295.32,0.0,301.61
2022-01-11,21.0,79.0,294.17,0.18,300.89
2022-01-11,21.0,79.25,294.28,1.51,301.29
2022-01-11,21.0,79.5,293.98,0.0,301.83
2022-01-11,21.0,79.75,292.66,0.0,302.12
2022-01-11,21.25,78.75,295.22,1.15,301.91
2022-01-11,21.25,79.0,295.75,0.12,302.2
2022-01-11,21.25,79.25,295.58,0.0,302.37
2022-01-11,21.25,79.5,295.47,0.0,301.95
2022-01-11,21.25,79.75,292.15,0.0,303.13
2022-01-11,21.5,78.75,294.49,0.0,302.19
2022-01-11,21.5,79.0,290.67,0.0,302.31
2022-01-11,21.5,79.25,294.39,0.0,301.79
2022-01-11,21.5,79.5,292.66,0.0,302.59
2022-01-11,21.5,79.75,293.57,0.0,301.67
2022-01-11,21.75,78.75,295.88,0.0,302.4
2022-01-11,21.75,79.0,295.07,0.0,301.23
2022-01-11,21.75,79.25,292.41,0.0,302.1
2022-01-11,21.75,79.5,295.46,0.0,301.97
2022-01-11,21.75,79.75,294.63,2.05,302.23
2022-01-12,20.75,78.75,293.97,0.0,302.26
2022-01-12,20.75,79.0,292.28,0.0,301.36
2022-01-12,20.75,79.25,294.24,0.08,301.91
2022-01-12,20.75,79.5,293.13,9.39,302.01
2022-01-12,20.75,79.75,291.15,1.54,302.01
2022-01-12,21.0,78.75,296.73,0.86,301.84
2022-01-12,21.0,79.0,292.7,0.0,301.78
2022-01-12,21.0,79.25,296.43,0.0,301.16
2022-01-12,21.0,79.5,293.35,0.0,302.11
2022-01-12,21.0,79.75,293.82,0.0,302.15
2022-01-12,21.25,78.75,292.58,0.16,301.9
2022-01-12,21.25,79.0,294.69,0.0,302.58
2022-01-12,21.25,79.25,293.36,0.0,300.93
2022-01-12,21.25,79.5,294.07,0.0,301.78
2022-01-12,21.25,79.75,293.76,0.0,302.06
2022-01-12,21.5,78.75,293.45,3.52,301.98
2022-01-12,21.5,79.0,293.82,0.0,301.81
2022-01-12,21.5,79.25,291.19,0.0,302.12
2022-01-12,21.5,79.5,294.06,0.0,301.42
2022-01-12,21.5,79.75,290.98,1.21,301.94
2022-01-12,21.75,78.75,291.68,0.0,302.48
2022-01-12,21.75,79.0,293.63,1.61,301.24
2022-01-12,21.75,79.25,293.02,0.0,301.31
2022-01-12,21.75,79.5,291.9,0.0,301.7
2022-01-12,21.75,79.75,296.17,0.0,301.23
2022-01-13,20.75,78.75,295.83,0.1,302.09
2022-01-13,20.75,79.0,295.24,3.31,301.85
2022-01-13,20.75,79.25,293.39,0.0,301.55
2022-01-13,20.75,79.5,293.22,0.0,301.37
2022-01-13,20.75,79.75,292.67,0.02,302.13
2022-01-13,21.0,78.75,294.99,0.0,301.17
2022-01-13,21.0,79.0,291.13,0.0,302.33
2022-01-13,21.0,79.25,293.27,0.54,301.95
2022-01-13,21.0,79.5,292.36,0.0,301.59
2022-01-13,21.0,79.75,294.95,0.0,301.91
2022-01-13,21.25,78.75,295.14,0.53,302.51
2022-01-13,21.25,79.0,293.46,0.0,301.66
2022-01-13,21.25,79.25,292.9,11.6,300.94
2022-01-13,21.25,79.5,294.06,2.14,301.86
2022-01-13,21.25,79.75,290.95,0.0,301.47
2022-01-13,21.5,78.75,294.07,0.0,301.12
2022-01-13,21.5,79.0,291.93,0.38,301.45
2022-01-13,21.5,79.25,295.54,0.0,301.51
2022-01-13,21.5,79.5,290.68,0.0,301.17
2022-01-13,21.5,79.75,293.64,0.0,301.55
2022-01-13,21.75,78.75,295.11,0.0,301.98
2022-01-13,21.75,79.0,294.21,0.0,301.57
2022-01-13,21.75,79.25,293.84,9.37,301.68
2022-01-13,21.75,79.5,296.08,0.0,301.57
2022-01-13,21.75,79.75,294.09,0.0,302.03
2022-01-14,20.75,78.75,296.39,0.0,301.81
2022-01-14,20.75,79.0,293.09,0.0,301.64
2022-01-14,20.75,79.25,292.79,0.0,302.38
2022-01-14,20.75,79.5,293.2,0.0,301.77
2022-01-14,20.75,79.75,291.8,0.0,301.75
2022-01-14,21.0,78.75,291.25,1.89,302.24
2022-01-14,21.0,79.0,292.22,1.48,302.43
2022-01-14,21.0,79.25,292.88,0.0,301.41
2022-01-14,21.0,79.5,293.84,0.12,302.15
2022-01-14,21.0,79.75,294.28,0.0,302.63
2022-01-14,21.25,78.75,295.1,0.0,301.37
2022-01-14,21.25,79.0,292.19,0.0,302.01
2022-01-14,21.25,79.25,294.71,0.0,302.34
2022-01-14,21.25,79.5,292.88,0.0,301.98
2022-01-14,21.25,79.75,294.57,1.42,302.54
2022-01-14,21.5,78.75,294.44,0.42,302.4
2022-01-14,21.5,79.0,296.07,5.36,301.84
2022-01-14,21.5,79.25,292.66,2.2,302.92
2022-01-14,21.5,79.5,292.78,0.0,302.35
2022-01-14,21.5,79.75,292.88,0.22,301.81
2022-01-14,21.75,78.75,293.18,1.51,301.82
2022-01-14,21.75,79.0,292.15,0.0,301.73
2022-01-14,21.75,79.25,294.62,0.0,301.21
2022-01-14,21.75,79.5,293.41,2.23,301.82
2022-01-14,21.75,79.75,293.31,0.0,302.01
2022-01-15,20.75,78.75,292.61,0.5,302.45
2022-01-15,20.75,79.0,296.06,0.0,301.92
2022-01-15,20.75,79.25,294.27,3.0,301.37
2022-01-15,20.75,79.5,293.18,0.18,302.03
2022-01-15,20.75,79.75,295.34,0.0,301.95
2022-01-15,21.0,78.75,294.5,0.0,301.53
2022-01-15,21.0,79.0,296.14,2.92,301.31
2022-01-15,21.0,79.25,294.19,0.0,301.43
2022-01-15,21.0,79.5,295.14,3.91,302.25
2022-01-15,21.0,79.75,293.52,0.0,301.42
2022-01-15,21.25,78.75,295.27,0.42,302.04
2022-01-15,21.25,79.0,295.66,0.0,301.65
2022-01-15,21.25,79.25,297.04,0.0,302.19
2022-01-15,21.25,79.5,295.72,0.0,301.47
2022-01-15,21.25,79.75,293.37,1.0,301.61
2022-01-15,21.5,78.75,293.21,2.05,302.04
2022-01-15,21.5,79.0,296.0,0.0,302.64
2022-01-15,21.5,79.25,293.2,1.02,302.1
2022-01-15,21.5,79.5,292.35,0.0,302.73
2022-01-15,21.5,79.75,293.6,0.0,302.5
2022-01-15,21.75,78.75,293.4,0.0,302.32
2022-01-15,21.75,79.0,292.34,0.0,301.92
2022-01-15,21.75,79.25,292.61,0.0,302.08
2022-01-15,21.75,79.5,296.99,0.0,301.51
2022-01-15,21.75,79.75,294.97,0.46,301.52
2022-01-16,20.75,78.75,293.54,0.77,302.24
2022-01-16,20.75,79.0,296.51,0.0,302.45
2022-01-16,20.75,79.25,290.89,0.21,301.36
2022-01-16,20.75,79.5,296.65,0.0,301.76
2022-01-16,20.75,79.75,290.98,2.91,302.43
2022-01-16,21.0,78.75,295.15,0.0,301.98
2022-01-16,21.0,79.0,294.04,0.0,301.01
2022-01-16,21.0,79.25,293.9,0.0,301.26
2022-01-16,21.0,79.5,295.09,3.23,301.64
2022-01-16,21.0,79.75,291.16,2.54,302.58
2022-01-16,21.25,78.75,294.27,0.04,301.51
2022-01-16,21.25,79.0,296.7,0.0,302.33
2022-01-16,21.25,79.25,294.08,0.0,301.0
2022-01-16,21.25,79.5,293.14,0.0,301.14
2022-01-16,21.25,79.75,292.0,0.0,301.32
2022-01-16,21.5,78.75,295.04,5.04,301.96
2022-01-16,21.5,79.0,291.67,0.0,302.39
2022-01-16,21.5,79.25,293.81,0.0,301.11
2022-01-16,21.5,79.5,294.41,0.0,301.75
2022-01-16,21.5,79.75,296.1,2.98,302.01
2022-01-16,21.75,78.75,293.89,0.0,301.14
2022-01-16,21.75,79.0,295.17,4.34,302.37
2022-01-16,21.75,79.25,293.11,0.0,301.25
2022-01-16,21.75,79.5,293.89,0.0,302.13
2022-01-16,21.75,79.75,293.19,0.0,301.86
2022-01-17,20.75,78.75,294.01,0.0,302.54
2022-01-17,20.75,79.0,292.41,0.0,303.07
2022-01-17,20.75,79.25,290.53,0.0,301.54
2022-01-17,20.75,79.5,294.02,0.0,301.97
2022-01-17,20.75,79.75,295.0,0.0,302.09
2022-01-17,21.0,78.75,294.72,0.0,301.44
2022-01-17,21.0,79.0,293.09,0.0,302.58
2022-01-17,21.0,79.25,292.19,0.0,301.9
2022-01-17,21.0,79.5,293.63,0.0,301.7
2022-01-17,21.0,79.75,294.71,0.0,302.03
2022-01-17,21.25,78.75,290.72,0.0,301.61
2022-01-17,21.25,79.0,294.86,1.12,301.56
2022-01-17,21.25,79.25,295.86,7.77,300.77
2022-01-17,21.25,79.5,295.14,0.0,301.66
2022-01-17,21.25,79.75,295.31,0.0,301.7
2022-01-17,21.5,78.75,295.09,0.0,302.34
2022-01-17,21.5,79.0,290.1,2.42,301.87
2022-01-17,21.5,79.25,293.22,0.56,301.31
2022-01-17,21.5,79.5,292.57,0.0,302.02
2022-01-17,21.5,79.75,296.01,0.0,301.64
2022-01-17,21.75,78.75,290.71,4.89,303.33
2022-01-17,21.75,79.0,294.96,0.45,302.21
2022-01-17,21.75,79.25,293.03,0.04,302.93
2022-01-17,21.75,79.5,295.11,4.32,302.09
2022-01-17,21.75,79.75,293.11,0.0,301.62
2022-01-18,20.75,78.75,295.52,0.0,301.92
2022-01-18,20.75,79.0,295.77,0.0,301.13
2022-01-18,20.75,79.25,294.21,0.0,301.51
2022-01-18,20.75,79.5,292.47,0.0,302.38
2022-01-18,20.75,79.75,294.75,0.0,301.35
2022-01-18,21.0,78.75,294.13,0.0,302.42
2022-01-18,21.0,79.0,296.87,0.36,302.39
2022-01-18,21.0,79.25,297.67,0.0,302.12
2022-01-18,21.0,79.5,294.65,0.0,301.38
2022-01-18,21.0,79.75,293.49,1.78,302.57
2022-01-18,21.25,78.75,293.94,0.0,301.71
2022-01-18,21.25,79.0,294.87,0.73,302.0
2022-01-18,21.25,79.25,292.33,0.0,301.81
2022-01-18,21.25,79.5,294.38,0.0,300.97
2022-01-18,21.25,79.75,296.53,0.0,301.62
2022-01-18,21.5,78.75,296.47,2.42,301.42
2022-01-18,21.5,79.0,295.35,0.0,300.89
2022-01-18,21.5,79.25,294.76,0.0,302.4
2022-01-18,21.5,79.5,294.22,0.0,302.05
2022-01-18,21.5,79.75,293.9,0.94,302.15
2022-01-18,21.75,78.75,294.96,3.01,301.84
2022-01-18,21.75,79.0,294.64,0.8,301.88
2022-01-18,21.75,79.25,294.43,0.38,302.06
2022-01-18,21.75,79.5,290.96,2.69,302.11
2022-01-18,21.75,79.75,292.95,0.0,302.15
2022-01-19,20.75,78.75,293.02,1.3,301.7
2022-01-19,20.75,79.0,296.42,0.0,302.25
2022-01-19,20.75,79.25,293.03,1.59,301.57
2022-01-19,20.75,79.5,296.48,0.0,301.77
2022-01-19,20.75,79.75,295.91,0.0,302.41
2022-01-19,21.0,78.75,295.33,1.29,301.9
2022-01-19,21.0,79.0,290.28,0.0,302.59
2022-01-19,21.0,79.25,293.8,0.02,302.26
2022-01-19,21.0,79.5,294.47,1.62,302.07
2022-01-19,21.0,79.75,292.87,0.0,302.13
2022-01-19,21.25,78.75,292.82,0.76,301.52
2022-01-19,21.25,79.0,292.55,0.05,301.2
2022-01-19,21.25,79.25,291.05,0.0,302.51
2022-01-19,21.25,79.5,291.8,0.0,302.2
2022-01-19,21.25,79.75,294.61,0.0,301.92
2022-01-19,21.5,78.75,294.18,0.0,301.94
2022-01-19,21.5,79.0,295.49,4.1,302.33
2022-01-19,21.5,79.25,294.07,0.75,302.15
2022-01-19,21.5,79.5,294.24,0.0,301.56
2022-01-19,21.5,79.75,295.43,5.26,300.62
2022-01-19,21.75,78.75,296.4,0.0,302.01
2022-01-19,21.75,79.0,292.91,3.74,302.38
2022-01-19,21.75,79.25,293.48,1.44,302.12
2022-01-19,21.75,79.5,293.25,0.0,301.77
2022-01-19,21.75,79.75,294.73,0.63,301.41
2022-01-20,20.75,78.75,291.19,0.0,302.1
2022-01-20,20.75,79.0,294.37,7.94,301.19
2022-01-20,20.75,79.25,293.33,0.0,302.38
2022-01-20,20.75,79.5,294.0,3.32,302.33
2022-01-20,20.75,79.75,294.92,0.0,301.82
2022-01-20,21.0,78.75,294.06,2.63,302.33
2022-01-20,21.0,79.0,293.89,0.0,302.13
2022-01-20,21.0,79.25,294.22,0.0,301.68
2022-01-20,21.0,79.5,296.37,1.4,302.2
2022-01-20,21.0,79.75,291.5,0.0,301.92
2022-01-20,21.25,78.75,293.67,0.15,301.69
2022-01-20,21.25,79.0,293.87,0.0,302.24
2022-01-20,21.25,79.25,292.49,0.0,301.73
2022-01-20,21.25,79.5,293.8,0.0,301.83
2022-01-20,21.25,79.75,295.65,0.0,302.72
2022-01-20,21.5,78.75,295.42,0.0,301.12
2022-01-20,21.5,79.0,294.76,8.13,301.49
2022-01-20,21.5,79.25,294.6,1.02,301.62
2022-01-20,21.5,79.5,294.34,0.17,302.59
2022-01-20,21.5,79.75,294.45,0.0,301.96
2022-01-20,21.75,78.75,291.82,0.0,302.32
2022-01-20,21.75,79.0,292.87,1.05,302.24
2022-01-20,21.75,79.25,292.91,3.73,301.68
2022-01-20,21.75,79.5,295.7,1.98,301.26
2022-01-20,21.75,79.75,294.07,0.0,302.14
2022-01-21,20.75,78.75,291.67,0.0,302.69
2022-01-21,20.75,79.0,293.03,0.0,301.67
2022-01-21,20.75,79.25,291.07,2.61,302.35
2022-01-21,20.75,79.5,295.92,2.3,302.16
2022-01-21,20.75,79.75,295.65,1.13,302.09
2022-01-21,21.0,78.75,295.48,0.0,302.13
2022-01-21,21.0,79.0,294.51,0.15,301.41
2022-01-21,21.0,79.25,297.9,3.53,301.63
2022-01-21,21.0,79.5,291.24,5.6,302.77
2022-01-21,21.0,79.75,292.67,7.05,302.2
2022-01-21,21.25,78.75,292.77,0.65,301.25
2022-01-21,21.25,79.0,294.64,0.0,300.93
2022-01-21,21.25,79.25,292.29,4.36,301.91
2022-01-21,21.25,79.5,296.25,1.98,301.76
2022-01-21,21.25,79.75,293.74,0.0,301.34
2022-01-21,21.5,78.75,293.46,1.29,301.74
2022-01-21,21.5,79.0,294.54,0.0,302.15
2022-01-21,21.5,79.25,292.35,0.0,302.48
2022-01-21,21.5,79.5,294.5,0.32,301.83
2022-01-21,21.5,79.75,294.51,0.0,301.6
2022-01-21,21.75,78.75,295.08,0.0,300.95
2022-01-21,21.75,79.0,296.6,0.0,301.47
2022-01-21,21.75,79.25,290.69,1.94,301.92
2022-01-21,21.75,79.5,294.4,0.0,302.23
2022-01-21,21.75,79.75,296.41,0.0,301.6
2022-01-22,20.75,78.75,291.96,3.18,301.8
2022-01-22,20.75,79.0,291.54,0.0,302.39
2022-01-22,20.75,79.25,294.57,0.0,301.7
2022-01-22,20.75,79.5,290.98,0.57,302.81
2022-01-22,20.75,79.75,292.74,0.0,302.1
2022-01-22,21.0,78.75,293.69,0.0,301.46
2022-01-22,21.0,79.0,292.08,0.52,300.79
2022-01-22,21.0,79.25,293.9,0.0,303.27
2022-01-22,21.0,79.5,295.47,1.24,301.34
2022-01-22,21.0,79.75,292.4,0.0,301.95
2022-01-22,21.25,78.75,294.04,0.0,301.07
2022-01-22,21.25,79.0,294.74,0.0,302.17
2022-01-22,21.25,79.25,294.48,0.0,301.71
2022-01-22,21.25,79.5,293.2,0.86,302.9
2022-01-22,21.25,79.75,290.2,0.0,301.98
2022-01-22,21.5,78.75,292.11,0.0,301.1
2022-01-22,21.5,79.0,294.99,0.0,301.95
2022-01-22,21.5,79.25,295.44,0.0,300.7
2022-01-22,21.5,79.5,297.42,0.0,302.16
2022-01-22,21.5,79.75,292.61,0.0,302.25
2022-01-22,21.75,78.75,293.2,0.0,301.45
2022-01-22,21.75,79.0,296.58,0.0,302.26
2022-01-22,21.75,79.25,293.04,0.0,301.26
2022-01-22,21.75,79.5,292.94,0.0,301.52
2022-01-22,21.75,79.75,295.54,0.0,302.19
2022-01-23,20.75,78.75,294.74,0.0,301.79
2022-01-23,20.75,79.0,295.21,0.0,301.92
2022-01-23,20.75,79.25,292.09,2.89,301.54
2022-01-23,20.75,79.5,294.82,0.25,302.17
2022-01-23,20.75,79.75,293.9,1.51,301.55
2022-01-23,21.0,78.75,293.56,0.0,302.37
2022-01-23,21.0,79.0,294.72,0.0,302.37
2022-01-23,21.0,79.25,293.49,0.0,301.98
2022-01-23,21.0,79.5,296.14,2.11,300.87
2022-01-23,21.0,79.75,293.83,1.27,301.28
2022-01-23,21.25,78.75,291.89,0.0,301.25
2022-01-23,21.25,79.0,293.86,4.0,301.84
2022-01-23,21.25,79.25,295.29,5.4,301.4
2022-01-23,21.25,79.5,296.68,0.0,301.35
2022-01-23,21.25,79.75,294.12,0.0,301.97
2022-01-23,21.5,78.75,296.61,5.07,301.72
2022-01-23,21.5,79.0,294.78,0.0,301.41
2022-01-23,21.5,79.25,292.98,1.14,302.85
2022-01-23,21.5,79.5,297.41,0.0,302.8
2022-01-23,21.5,79.75,291.32,4.37,302.26
2022-01-23,21.75,78.75,291.62,0.0,302.53
2022-01-23,21.75,79.0,294.61,0.0,301.06
2022-01-23,21.75,79.25,293.91,0.0,302.35
2022-01-23,21.75,79.5,293.5,0.0,301.84
2022-01-23,21.75,79.75,294.69,0.0,302.06
2022-01-24,20.75,78.75,292.69,0.0,301.82
2022-01-24,20.75,79.0,294.64,0.0,301.46
2022-01-24,20.75,79.25,297.86,0.0,301.78
2022-01-24,20.75,79.5,296.62,0.0,301.18
2022-01-24,20.75,79.75,293.69,0.0,301.98
2022-01-24,21.0,78.75,294.19,0.0,302.01
2022-01-24,21.0,79.0,295.81,2.59,301.61
2022-01-24,21.0,79.25,294.32,4.47,301.28
2022-01-24,21.0,79.5,296.16,5.14,301.22
2022-01-24,21.0,79.75,292.75,0.33,301.88
2022-01-24,21.25,78.75,295.54,0.0,301.12
2022-01-24,21.25,79.0,293.85,0.0,301.53
2022-01-24,21.25,79.25,294.23,1.58,301.68
2022-01-24,21.25,79.5,297.29,0.91,301.77
2022-01-24,21.25,79.75,292.78,2.85,301.85
2022-01-24,21.5,78.75,298.43,0.0,301.57
2022-01-24,21.5,79.0,293.1,4.09,301.18
2022-01-24,21.5,79.25,294.23,0.37,301.24
2022-01-24,21.5,79.5,292.99,0.0,301.72
2022-01-24,21.5,79.75,291.94,0.0,302.05
2022-01-24,21.75,78.75,292.78,0.0,301.49
2022-01-24,21.75,79.0,295.26,0.0,301.12
2022-01-24,21.75,79.25,295.13,0.0,301.64
2022-01-24,21.75,79.5,293.46,0.0,300.74
2022-01-24,21.75,79.75,294.71,0.0,302.14
2022-01-25,20.75,78.75,293.93,0.8,301.56
2022-01-25,20.75,79.0,292.36,0.0,301.79
2022-01-25,20.75,79.25,295.58,0.0,302.18
2022-01-25,20.75,79.5,294.23,0.0,300.92
2022-01-25,20.75,79.75,292.46,0.0,302.06
2022-01-25,21.0,78.75,296.41,0.0,302.4
2022-01-25,21.0,79.0,294.89,0.0,301.41
2022-01-25,21.0,79.25,293.79,0.0,301.09
2022-01-25,21.0,79.5,293.81,0.0,300.88
2022-01-25,21.0,79.75,294.34,0.0,301.99
2022-01-25,21.25,78.75,293.47,0.0,302.12
2022-01-25,21.25,79.0,293.8,0.0,301.68
2022-01-25,21.25,79.25,296.51,0.0,302.16
2022-01-25,21.25,79.5,294.33,0.0,302.55
2022-01-25,21.25,79.75,293.64,2.17,301.47
2022-01-25,21.5,78.75,293.55,0.06,302.88
2022-01-25,21.5,79.0,293.51,3.0,302.06
2022-01-25,21.5,79.25,292.99,7.19,300.95
2022-01-25,21.5,79.5,295.78,0.0,302.07
2022-01-25,21.5,79.75,290.32,0.0,301.0
2022-01-25,21.75,78.75,293.27,0.0,301.97
2022-01-25,21.75,79.0,292.87,0.0,301.69
2022-01-25,21.75,79.25,294.39,0.0,301.72
2022-01-25,21.75,79.5,294.69,0.0,301.7
2022-01-25,21.75,79.75,297.76,8.0,301.39
2022-01-26,20.75,78.75,294.22,0.0,300.69
2022-01-26,20.75,79.0,294.78,0.0,300.37
2022-01-26,20.75,79.25,292.72,0.17,302.28
2022-01-26,20.75,79.5,294.11,0.0,302.52
2022-01-26,20.75,79.75,294.79,0.0,302.84
2022-01-26,21.0,78.75,294.38,0.0,302.6
2022-01-26,21.0,79.0,292.59,0.0,301.71
2022-01-26,21.0,79.25,293.77,2.74,301.69
2022-01-26,21.0,79.5,291.64,0.0,302.0
2022-01-26,21.0,79.75,294.29,2.09,302.1
2022-01-26,21.25,78.75,294.97,0.0,301.41
2022-01-26,21.25,79.0,295.37,0.0,302.31
2022-01-26,21.25,79.25,295.58,1.7,300.93
2022-01-26,21.25,79.5,293.59,3.33,301.47
2022-01-26,21.25,79.75,295.49,0.0,301.96
2022-01-26,21.5,78.75,293.05,0.0,301.96
2022-01-26,21.5,79.0,294.75,0.0,301.91
2022-01-26,21.5,79.25,294.21,0.0,301.96
2022-01-26,21.5,79.5,295.3,0.0,302.36
2022-01-26,21.5,79.75,295.88,0.28,302.9
2022-01-26,21.75,78.75,292.66,0.73,301.41
2022-01-26,21.75,79.0,295.12,0.0,301.34
2022-01-26,21.75,79.25,292.66,1.73,301.83
2022-01-26,21.75,79.5,293.42,0.0,302.21
2022-01-26,21.75,79.75,294.33,0.28,302.72
2022-01-27,20.75,78.75,295.98,0.0,301.79
2022-01-27,20.75,79.0,293.51,0.89,301.58
2022-01-27,20.75,79.25,289.74,1.97,301.88
2022-01-27,20.75,79.5,296.86,3.03,301.8
2022-01-27,20.75,79.75,291.89,0.0,301.68
2022-01-27,21.0,78.75,292.55,0.0,302.7
2022-01-27,21.0,79.0,292.5,0.29,302.25
2022-01-27,21.0,79.25,291.58,0.88,301.9
2022-01-27,21.0,79.5,293.55,0.0,301.55
2022-01-27,21.0,79.75,292.69,0.0,302.02
2022-01-27,21.25,78.75,295.76,0.0,301.63
2022-01-27,21.25,79.0,292.85,0.0,302.24
2022-01-27,21.25,79.25,293.19,0.0,301.68
2022-01-27,21.25,79.5,295.41,1.59,301.99
2022-01-27,21.25,79.75,295.4,0.0,302.02
2022-01-27,21.5,78.75,294.89,0.0,300.85
2022-01-27,21.5,79.0,291.56,0.0,301.43
2022-01-27,21.5,79.25,294.57,0.0,301.69
2022-01-27,21.5,79.5,296.16,0.0,301.54
2022-01-27,21.5,79.75,296.46,0.99,302.37
2022-01-27,21.75,78.75,291.43,0.0,302.57
2022-01-27,21.75,79.0,296.07,0.0,301.6
2022-01-27,21.75,79.25,294.68,2.53,301.95
2022-01-27,21.75,79.5,296.04,0.0,301.78
2022-01-27,21.75,79.75,296.53,0.0,301.29
2022-01-28,20.75,78.75,294.43,0.73,301.72
2022-01-28,20.75,79.0,293.61,0.0,302.01
2022-01-28,20.75,79.25,291.97,0.41,302.47
2022-01-28,20.75,79.5,292.22,1.0,302.0
2022-01-28,20.75,79.75,294.81,0.0,300.38
2022-01-28,21.0,78.75,293.25,0.0,302.43
2022-01-28,21.0,79.0,294.56,0.53,302.04
2022-01-28,21.0,79.25,295.16,0.0,302.01
2022-01-28,21.0,79.5,296.38,0.0,301.59
2022-01-28,21.0,79.75,292.85,0.0,301.37
2022-01-28,21.25,78.75,291.8,0.09,302.6
2022-01-28,21.25,79.0,294.19,0.51,301.14
2022-01-28,21.25,79.25,294.1,0.0,301.12
2022-01-28,21.25,79.5,294.34,0.0,301.86
2022-01-28,21.25,79.75,292.99,0.0,301.87
2022-01-28,21.5,78.75,295.6,0.0,302.18
2022-01-28,21.5,79.0,295.28,2.21,302.47
2022-01-28,21.5,79.25,292.55,0.0,303.21
2022-01-28,21.5,79.5,293.93,0.24,300.48
2022-01-28,21.5,79.75,295.86,0.0,301.91
2022-01-28,21.75,78.75,293.53,1.19,301.74
2022-01-28,21.75,79.0,295.19,1.98,301.81
2022-01-28,21.75,79.25,295.31,0.74,301.44
2022-01-28,21.75,79.5,294.83,0.0,302.7
2022-01-28,21.75,79.75,294.19,0.0,301.69
2022-01-29,20.75,78.75,295.22,0.0,301.51
2022-01-29,20.75,79.0,294.25,0.0,301.83
2022-01-29,20.75,79.25,293.72,4.04,301.53
2022-01-29,20.75,79.5,294.68,2.2,301.64
2022-01-29,20.75,79.75,296.79,0.0,301.69
2022-01-29,21.0,78.75,295.61,9.29,301.11
2022-01-29,21.0,79.0,293.9,0.0,302.55
2022-01-29,21.0,79.25,294.25,0.45,301.57
2022-01-29,21.0,79.5,295.36,0.0,302.64
2022-01-29,21.0,79.75,295.46,0.0,301.44
2022-01-29,21.25,78.75,298.05,0.0,301.6
2022-01-29,21.25,79.0,292.68,4.11,301.71
2022-01-29,21.25,79.25,291.26,0.0,301.57
2022-01-29,21.25,79.5,293.72,1.38,301.45
2022-01-29,21.25,79.75,296.54,0.94,301.72
2022-01-29,21.5,78.75,293.7,0.0,301.97
2022-01-29,21.5,79.0,295.84,0.0,301.59
2022-01-29,21.5,79.25,293.71,0.0,301.23
2022-01-29,21.5,79.5,296.44,0.0,300.84
2022-01-29,21.5,79.75,295.43,0.0,301.8
2022-01-29,21.75,78.75,294.2,0.41,300.98
2022-01-29,21.75,79.0,295.01,0.0,302.53
2022-01-29,21.75,79.25,294.8,0.0,301.24
2022-01-29,21.75,79.5,295.22,3.06,302.06
2022-01-29,21.75,79.75,292.68,0.0,301.85
2022-01-30,20.75,78.75,297.82,1.49,302.15
2022-01-30,20.75,79.0,295.3,0.0,301.63
2022-01-30,20.75,79.25,297.48,0.0,302.07
2022-01-30,20.75,79.5,293.41,0.0,301.58
2022-01-30,20.75,79.75,294.57,5.94,301.28
2022-01-30,21.0,78.75,296.18,0.0,301.2
2022-01-30,21.0,79.0,294.41,0.0,302.55
2022-01-30,21.0,79.25,294.35,0.0,302.38
2022-01-30,21.0,79.5,294.49,4.54,301.73
2022-01-30,21.0,79.75,292.54,0.0,302.38
2022-01-30,21.25,78.75,295.84,0.0,301.05
2022-01-30,21.25,79.0,294.55,0.0,302.03
2022-01-30,21.25,79.25,295.82,2.37,301.36
2022-01-30,21.25,79.5,294.76,0.0,300.95
2022-01-30,21.25,79.75,295.46,0.0,301.16
2022-01-30,21.5,78.75,293.91,0.0,301.79
2022-01-30,21.5,79.0,294.42,0.0,302.4
2022-01-30,21.5,79.25,295.44,0.14,301.04
2022-01-30,21.5,79.5,296.29,0.11,301.7
2022-01-30,21.5,79.75,298.41,0.0,301.85
2022-01-30,21.75,78.75,295.6,0.73,301.99
2022-01-30,21.75,79.0,293.59,0.0,301.94
2022-01-30,21.75,79.25,296.31,0.0,301.31
2022-01-30,21.75,79.5,293.17,2.66,301.22
2022-01-30,21.75,79.75,294.91,0.0,301.74
2022-01-31,20.75,78.75,296.89,0.0,302.25
2022-01-31,20.75,79.0,290.69,0.0,302.93
2022-01-31,20.75,79.25,296.7,0.0,302.13
2022-01-31,20.75,79.5,294.91,0.0,302.1
2022-01-31,20.75,79.75,292.96,0.0,300.68
2022-01-31,21.0,78.75,294.84,0.31,301.89
2022-01-31,21.0,79.0,296.04,0.0,301.59
2022-01-31,21.0,79.25,293.46,0.0,302.32
2022-01-31,21.0,79.5,296.04,0.0,301.54
2022-01-31,21.0,79.75,295.92,1.01,301.39
2022-01-31,21.25,78.75,293.68,0.0,302.24
2022-01-31,21.25,79.0,298.03,0.0,301.74
2022-01-31,21.25,79.25,298.26,0.0,302.44
2022-01-31,21.25,79.5,292.56,0.0,302.57
2022-01-31,21.25,79.75,296.61,4.62,302.45
2022-01-31,21.5,78.75,293.86,0.0,302.31
2022-01-31,21.5,79.0,294.78,0.0,302.47
2022-01-31,21.5,79.25,296.94,0.0,301.87
2022-01-31,21.5,79.5,296.83,0.0,302.67
2022-01-31,21.5,79.75,296.1,0.0,301.66
2022-01-31,21.75,78.75,293.35,0.0,301.41
2022-01-31,21.75,79.0,292.97,0.0,300.83
2022-01-31,21.75,79.25,295.5,0.0,301.89
2022-01-31,21.75,79.5,294.51,6.12,302.25
2022-01-31,21.75,79.75,296.39,0.0,302.28
2022-02-01,20.75,78.75,296.14,1.47,301.69
2022-02-01,20.75,79.0,294.56,0.0,301.79
2022-02-01,20.75,79.25,295.82,0.0,301.54
2022-02-01,20.75,79.5,295.41,0.1,301.88
2022-02-01,20.75,79.75,296.85,0.41,301.52
2022-02-01,21.0,78.75,292.66,0.0,301.66
2022-02-01,21.0,79.0,295.62,3.93,301.98
2022-02-01,21.0,79.25,296.25,0.0,301.99
2022-02-01,21.0,79.5,293.15,1.35,302.15
2022-02-01,21.0,79.75,292.94,1.1,301.49
2022-02-01,21.25,78.75,293.51,1.57,302.24
2022-02-01,21.25,79.0,294.14,3.74,301.57
2022-02-01,21.25,79.25,296.66,0.0,301.82
2022-02-01,21.25,79.5,294.94,0.73,301.74
2022-02-01,21.25,79.75,295.9,0.0,302.43
2022-02-01,21.5,78.75,296.22,0.0,302.76
2022-02-01,21.5,79.0,294.26,0.0,301.91
2022-02-01,21.5,79.25,292.64,0.0,302.12
2022-02-01,21.5,79.5,295.82,4.88,301.13
2022-02-01,21.5,79.75,295.33,2.41,301.8
2022-02-01,21.75,78.75,291.19,2.7,302.79
2022-02-01,21.75,79.0,295.91,0.0,301.53
2022-02-01,21.75,79.25,293.25,0.7,302.02
2022-02-01,21.75,79.5,294.15,0.0,301.83
2022-02-01,21.75,79.75,291.0,0.0,301.8
2022-02-02,20.75,78.75,294.84,0.0,301.25
2022-02-02,20.75,79.0,294.94,2.23,301.44
2022-02-02,20.75,79.25,293.77,1.91,302.14
2022-02-02,20.75,79.5,296.12,0.0,301.93
2022-02-02,20.75,79.75,294.63,0.0,302.11
2022-02-02,21.0,78.75,297.17,0.0,301.26
2022-02-02,21.0,79.0,294.61,2.85,300.8
2022-02-02,21.0,79.25,294.88,0.0,301.74
2022-02-02,21.0,79.5,296.17,1.23,302.74
2022-02-02,21.0,79.75,295.21,2.83,301.61
2022-02-02,21.25,78.75,293.04,0.0,300.94
2022-02-02,21.25,79.0,295.19,0.0,301.55
2022-02-02,21.25,79.25,295.24,0.0,302.41
2022-02-02,21.25,79.5,292.2,11.14,301.64
2022-02-02,21.25,79.75,296.87,0.0,302.2
2022-02-02,21.5,78.75,294.37,0.12,301.47
2022-02-02,21.5,79.0,294.76,0.02,301.92
2022-02-02,21.5,79.25,296.28,0.86,302.25
2022-02-02,21.5,79.5,294.06,0.8,301.7
2022-02-02,21.5,79.75,294.31,0.0,301.58
2022-02-02,21.75,78.75,295.31,0.96,301.36
2022-02-02,21.75,79.0,294.32,0.0,301.74
2022-02-02,21.75,79.25,296.11,0.0,302.74
2022-02-02,21.75,79.5,297.71,0.88,301.68
2022-02-02,21.75,79.75,294.62,0.0,301.6
2022-02-03,20.75,78.75,296.77,0.0,301.46
2022-02-03,20.75,79.0,295.46,0.0,301.83
2022-02-03,20.75,79.25,299.37,0.0,302.09
2022-02-03,20.75,79.5,294.83,1.68,301.69
2022-02-03,20.75,79.75,294.25,3.3,301.36
2022-02-03,21.0,78.75,297.33,0.0,301.14
2022-02-03,21.0,79.0,291.6,0.0,301.97
2022-02-03,21.0,79.25,293.77,0.0,301.09
2022-02-03,21.0,79.5,294.43,2.46,301.15
2022-02-03,21.0,79.75,298.62,5.9,301.23
2022-02-03,21.25,78.75,295.91,1.96,301.85
2022-02-03,21.25,79.0,293.53,0.0,301.54
2022-02-03,21.25,79.25,296.73,0.0,301.19
2022-02-03,21.25,79.5,293.43,0.0,301.36
2022-02-03,21.25,79.75,296.43,0.0,301.51
2022-02-03,21.5,78.75,296.85,0.08,301.76
2022-02-03,21.5,79.0,293.23,0.0,301.86
2022-02-03,21.5,79.25,296.27,1.0,302.2
2022-02-03,21.5,79.5,294.86,3.87,301.34
2022-02-03,21.5,79.75,293.95,0.0,302.24
2022-02-03,21.75,78.75,297.23,0.0,302.78
2022-02-03,21.75,79.0,295.83,0.0,301.34
2022-02-03,21.75,79.25,294.42,0.0,301.47
2022-02-03,21.75,79.5,296.05,0.26,302.01
2022-02-03,21.75,79.75,297.97,0.0,301.82
2022-02-04,20.75,78.75,293.61,0.0,301.57
2022-02-04,20.75,79.0,294.4,0.53,302.06
2022-02-04,20.75,79.25,295.68,0.04,302.46
2022-02-04,20.75,79.5,291.95,1.15,302.19
2022-02-04,20.75,79.75,295.53,0.0,300.47
2022-02-04,21.0,78.75,295.11,0.77,301.66
2022-02-04,21.0,79.0,294.67,0.0,302.57
2022-02-04,21.0,79.25,294.53,0.0,301.35
2022-02-04,21.0,79.5,295.45,0.0,300.65
2022-02-04,21.0,79.75,293.48,0.0,302.17
2022-02-04,21.25,78.75,296.56,0.0,300.48
2022-02-04,21.25,79.0,295.48,0.0,301.7
2022-02-04,21.25,79.25,294.75,0.0,301.82
2022-02-04,21.25,79.5,294.72,0.0,301.67
2022-02-04,21.25,79.75,294.46,6.28,301.41
2022-02-04,21.5,78.75,294.74,0.0,302.05
2022-02-04,21.5,79.0,297.22,0.44,301.69
2022-02-04,21.5,79.25,295.72,0.0,301.57
2022-02-04,21.5,79.5,294.15,0.0,301.85
2022-02-04,21.5,79.75,292.81,0.0,301.56
2022-02-04,21.75,78.75,294.12,8.47,301.64
2022-02-04,21.75,79.0,296.37,0.0,302.61
2022-02-04,21.75,79.25,295.71,7.75,301.41
2022-02-04,21.75,79.5,296.53,0.0,301.03
2022-02-04,21.75,79.75,296.98,3.36,302.21
2022-02-05,20.75,78.75,295.97,5.7,302.09
2022-02-05,20.75,79.0,294.06,0.0,302.0
2022-02-05,20.75,79.25,294.98,1.82,301.66
2022-02-05,20.75,79.5,297.33,0.0,301.55
2022-02-05,20.75,79.75,297.81,0.16,301.55
2022-02-05,21.0,78.75,294.02,0.0,302.48
2022-02-05,21.0,79.0,291.72,0.0,301.26
2022-02-05,21.0,79.25,292.23,3.55,301.32
2022-02-05,21.0,79.5,297.51,0.0,302.32
2022-02-05,21.0,79.75,295.51,0.0,302.25
2022-02-05,21.25,78.75,297.15,0.0,301.01
2022-02-05,21.25,79.0,294.98,0.0,301.9
2022-02-05,21.25,79.25,299.38,0.0,300.81
2022-02-05,21.25,79.5,296.63,0.0,301.35
2022-02-05,21.25,79.75,294.96,4.26,302.22
2022-02-05,21.5,78.75,295.8,0.65,301.09
2022-02-05,21.5,79.0,293.43,4.7,302.08
2022-02-05,21.5,79.25,295.01,0.0,301.98
2022-02-05,21.5,79.5,294.21,2.09,301.74
2022-02-05,21.5,79.75,297.1,6.11,301.65
2022-02-05,21.75,78.75,294.62,0.45,302.54
2022-02-05,21.75,79.0,295.11,2.56,301.25
2022-02-05,21.75,79.25,294.93,1.34,301.84
2022-02-05,21.75,79.5,296.07,0.0,301.28
2022-02-05,21.75,79.75,295.36,1.09,301.76
2022-02-06,20.75,78.75,297.36,0.31,301.15
2022-02-06,20.75,79.0,295.41,0.0,301.83
2022-02-06,20.75,79.25,294.52,0.0,301.3
2022-02-06,20.75,79.5,297.52,2.88,301.93
2022-02-06,20.75,79.75,297.05,0.27,302.23
2022-02-06,21.0,78.75,295.44,0.0,302.14
2022-02-06,21.0,79.0,293.52,4.62,301.61
2022-02-06,21.0,79.25,296.21,0.0,301.72
2022-02-06,21.0,79.5,293.73,0.0,301.85
2022-02-06,21.0,79.75,294.56,0.0,301.71
2022-02-06,21.25,78.75,294.36,0.0,302.18
2022-02-06,21.25,79.0,293.68,0.0,301.89
2022-02-06,21.25,79.25,294.11,0.0,301.3
2022-02-06,21.25,79.5,295.46,0.65,302.26
2022-02-06,21.25,79.75,294.06,0.52,301.32
2022-02-06,21.5,78.75,295.97,0.0,300.95
2022-02-06,21.5,79.0,295.62,0.0,301.15
2022-02-06,21.5,79.25,293.6,3.66,301.11
2022-02-06,21.5,79.5,297.28,3.6,300.56
2022-02-06,21.5,79.75,296.8,1.36,302.19
2022-02-06,21.75,78.75,297.15,0.0,301.51
2022-02-06,21.75,79.0,296.29,0.22,301.29
2022-02-06,21.75,79.25,297.3,0.52,300.87
2022-02-06,21.75,79.5,296.13,0.0,301.75
2022-02-06,21.75,79.75,294.8,1.31,301.8
2022-02-07,20.75,78.75,294.47,0.0,301.17
2022-02-07,20.75,79.0,293.7,0.0,301.42
2022-02-07,20.75,79.25,297.04,0.0,301.34
2022-02-07,20.75,79.5,294.69,0.0,301.9
2022-02-07,20.75,79.75,296.94,1.45,301.74
2022-02-07,21.0,78.75,294.5,0.11,302.03
2022-02-07,21.0,79.0,291.33,0.0,302.06
2022-02-07,21.0,79.25,296.04,0.0,301.33
2022-02-07,21.0,79.5,294.71,0.1,301.79
2022-02-07,21.0,79.75,293.77,5.46,302.14
2022-02-07,21.25,78.75,296.22,0.0,301.29
2022-02-07,21.25,79.0,294.33,3.83,300.83
2022-02-07,21.25,79.25,296.03,0.0,301.87
2022-02-07,21.25,79.5,295.9,0.09,301.72
2022-02-07,21.25,79.75,294.49,1.02,301.08
2022-02-07,21.5,78.75,298.89,1.66,300.82
2022-02-07,21.5,79.0,296.24,0.0,301.88
2022-02-07,21.5,79.25,295.64,3.18,300.97
2022-02-07,21.5,79.5,296.05,3.53,302.49
2022-02-07,21.5,79.75,294.68,2.99,301.63
2022-02-07,21.75,78.75,296.15,0.0,301.87
2022-02-07,21.75,79.0,295.05,3.06,302.2
2022-02-07,21.75,79.25,295.25,0.01,300.94
2022-02-07,21.75,79.5,295.0,0.0,302.33
2022-02-07,21.75,79.75,293.68,0.0,301.72
2022-02-08,20.75,78.75,295.69,2.53,300.39
2022-02-08,20.75,79.0,295.62,0.4,301.11
2022-02-08,20.75,79.25,293.35,0.0,301.76
2022-02-08,20.75,79.5,292.39,0.0,301.97
2022-02-08,20.75,79.75,295.25,0.0,302.76
2022-02-08,21.0,78.75,296.65,3.61,301.43
2022-02-08,21.0,79.0,295.24,0.0,302.14
2022-02-08,21.0,79.25,296.77,0.33,301.39
2022-02-08,21.0,79.5,294.96,0.0,300.72
2022-02-08,21.0,79.75,296.1,0.0,301.43
2022-02-08,21.25,78.75,295.56,0.0,301.3
2022-02-08,21.25,79.0,295.06,0.78,301.66
2022-02-08,21.25,79.25,296.57,1.54,301.88
2022-02-08,21.25,79.5,296.25,0.0,301.27
2022-02-08,21.25,79.75,295.69,0.0,301.79
2022-02-08,21.5,78.75,296.08,0.0,301.4
2022-02-08,21.5,79.0,292.29,1.1,301.0
2022-02-08,21.5,79.25,296.12,0.0,301.51
2022-02-08,21.5,79.5,295.7,2.99,301.75
2022-02-08,21.5,79.75,293.01,0.71,302.6
2022-02-08,21.75,78.75,294.42,0.0,302.25
2022-02-08,21.75,79.0,297.7,0.0,301.53
2022-02-08,21.75,79.25,296.0,0.0,302.4
2022-02-08,21.75,79.5,299.07,0.17,301.76
2022-02-08,21.75,79.75,294.42,0.0,301.46
2022-02-09,20.75,78.75,298.83,0.98,301.82
2022-02-09,20.75,79.0,295.31,0.0,300.97
2022-02-09,20.75,79.25,296.54,0.0,301.86
2022-02-09,20.75,79.5,296.25,0.0,301.74
2022-02-09,20.75,79.75,295.68,0.0,300.92
2022-02-09,21.0,78.75,293.24,0.0,302.25
2022-02-09,21.0,79.0,294.99,0.0,301.51
2022-02-09,21.0,79.25,294.51,0.0,301.92
2022-02-09,21.0,79.5,294.92,2.52,301.85
2022-02-09,21.0,79.75,294.75,0.0,302.38
2022-02-09,21.25,78.75,295.6,0.0,301.68
2022-02-09,21.25,79.0,293.36,3.2,302.14
2022-02-09,21.25,79.25,295.64,0.0,301.35
2022-02-09,21.25,79.5,296.98,0.0,300.81
2022-02-09,21.25,79.75,295.79,0.0,301.41
2022-02-09,21.5,78.75,293.76,3.47,302.29
2022-02-09,21.5,79.0,295.13,2.55,301.29
2022-02-09,21.5,79.25,297.47,0.0,302.27
2022-02-09,21.5,79.5,293.49,1.16,301.12
2022-02-09,21.5,79.75,293.63,1.4,301.04
2022-02-09,21.75,78.75,297.69,0.0,302.06
2022-02-09,21.75,79.0,296.4,0.15,301.68
2022-02-09,21.75,79.25,293.69,0.0,302.21
2022-02-09,21.75,79.5,294.16,0.0,301.65
2022-02-09,21.75,79.75,294.99,0.0,301.65
2022-02-10,20.75,78.75,296.66,0.0,301.59
2022-02-10,20.75,79.0,291.15,0.0,301.2
2022-02-10,20.75,79.25,299.74,0.74,302.25
2022-02-10,20.75,79.5,295.92,0.0,301.02
2022-02-10,20.75,79.75,296.05,1.93,300.99
2022-02-10,21.0,78.75,294.64,0.0,301.22
2022-02-10,21.0,79.0,292.34,2.8,302.03
2022-02-10,21.0,79.25,297.19,1.15,302.13
2022-02-10,21.0,79.5,297.53,0.0,301.39
2022-02-10,21.0,79.75,296.9,0.0,301.59
2022-02-10,21.25,78.75,294.09,0.0,300.83
2022-02-10,21.25,79.0,295.23,3.2,301.24
2022-02-10,21.25,79.25,294.24,0.0,301.0
2022-02-10,21.25,79.5,297.92,0.0,301.89
2022-02-10,21.25,79.75,296.74,0.0,301.2
2022-02-10,21.5,78.75,295.56,0.06,301.69
2022-02-10,21.5,79.0,294.46,7.12,301.87
2022-02-10,21.5,79.25,295.04,0.31,301.29
2022-02-10,21.5,79.5,292.91,3.01,300.7
2022-02-10,21.5,79.75,295.94,0.0,300.99
2022-02-10,21.75,78.75,294.0,0.0,302.02
2022-02-10,21.75,79.0,298.51,0.0,302.67
2022-02-10,21.75,79.25,294.42,0.0,301.53
2022-02-10,21.75,79.5,295.34,0.0,301.64
2022-02-10,21.75,79.75,296.03,0.0,302.27
2022-02-11,20.75,78.75,296.31,0.0,300.89
2022-02-11,20.75,79.0,297.17,1.29,301.84
2022-02-11,20.75,79.25,296.23,2.22,301.16
2022-02-11,20.75,79.5,296.53,0.0,302.36
2022-02-11,20.75,79.75,297.22,0.53,301.83
2022-02-11,21.0,78.75,293.77,1.94,300.63
2022-02-11,21.0,79.0,298.24,0.16,301.76
2022-02-11,21.0,79.25,294.87,0.0,301.36
2022-02-11,21.0,79.5,296.62,1.44,300.79
2022-02-11,21.0,79.75,294.53,0.65,302.32
2022-02-11,21.25,78.75,295.34,0.0,301.26
2022-02-11,21.25,79.0,296.94,0.17,301.74
2022-02-11,21.25,79.25,295.34,0.78,301.34
2022-02-11,21.25,79.5,297.93,0.0,301.62
2022-02-11,21.25,79.75,295.36,3.4,301.43
2022-02-11,21.5,78.75,293.46,0.0,301.16
2022-02-11,21.5,79.0,298.01,3.4,301.44
2022-02-11,21.5,79.25,293.87,0.0,301.57
2022-02-11,21.5,79.5,298.08,4.01,302.05
2022-02-11,21.5,79.75,294.36,0.55,301.7
2022-02-11,21.75,78.75,297.08,0.0,300.64
2022-02-11,21.75,79.0,294.99,0.0,302.02
2022-02-11,21.75,79.25,297.69,0.0,301.88
2022-02-11,21.75,79.5,294.43,3.85,302.15
2022-02-11,21.75,79.75,294.55,0.0,300.87
2022-02-12,20.75,78.75,296.8,2.04,302.53
2022-02-12,20.75,79.0,295.45,0.59,301.51
2022-02-12,20.75,79.25,293.7,0.0,301.29
2022-02-12,20.75,79.5,295.04,0.51,301.43
2022-02-12,20.75,79.75,295.96,0.0,301.37
2022-02-12,21.0,78.75,295.8,0.0,301.71
2022-02-12,21.0,79.0,293.72,0.0,301.56
2022-02-12,21.0,79.25,296.77,2.06,301.32
2022-02-12,21.0,79.5,294.92,1.77,300.99
2022-02-12,21.0,79.75,296.39,0.0,301.09
2022-02-12,21.25,78.75,293.11,6.26,301.54
2022-02-12,21.25,79.0,297.72,2.78,301.63
2022-02-12,21.25,79.25,294.28,0.0,301.9
2022-02-12,21.25,79.5,294.12,1.15,300.94
2022-02-12,21.25,79.75,297.47,0.0,301.19
2022-02-12,21.5,78.75,297.78,0.0,301.6
2022-02-12,21.5,79.0,293.79,0.0,301.04
2022-02-12,21.5,79.25,295.29,0.0,301.33
2022-02-12,21.5,79.5,294.76,0.0,301.19
2022-02-12,21.5,79.75,297.16,0.0,301.6
2022-02-12,21.75,78.75,295.84,0.11,301.85
2022-02-12,21.75,79.0,294.83,0.0,301.08
2022-02-12,21.75,79.25,296.98,1.42,301.72
2022-02-12,21.75,79.5,294.78,0.99,301.32
2022-02-12,21.75,79.75,296.44,0.0,302.41
2022-02-13,20.75,78.75,299.5,0.0,301.98
2022-02-13,20.75,79.0,293.76,0.0,301.07
2022-02-13,20.75,79.25,298.2,1.28,302.15
2022-02-13,20.75,79.5,298.62,0.0,301.83
2022-02-13,20.75,79.75,294.86,0.0,302.43
2022-02-13,21.0,78.75,297.17,0.0,301.59
2022-02-13,21.0,79.0,296.41,0.0,301.43
2022-02-13,21.0,79.25,293.55,0.0,300.97
2022-02-13,21.0,79.5,298.85,0.0,301.23
2022-02-13,21.0,79.75,293.63,0.0,301.87
2022-02-13,21.25,78.75,297.43,2.97,301.4
2022-02-13,21.25,79.0,297.25,0.0,301.08
2022-02-13,21.25,79.25,294.71,0.0,302.23
2022-02-13,21.25,79.5,296.59,0.0,301.46
2022-02-13,21.25,79.75,296.62,1.28,301.27
2022-02-13,21.5,78.75,297.83,0.0,301.79
2022-02-13,21.5,79.0,295.01,0.0,301.29
2022-02-13,21.5,79.25,295.25,0.0,301.08
2022-02-13,21.5,79.5,294.4,0.43,300.43
2022-02-13,21.5,79.75,297.28,1.36,301.56
2022-02-13,21.75,78.75,296.77,0.0,301.29
2022-02-13,21.75,79.0,294.83,0.0,300.55
2022-02-13,21.75,79.25,294.2,0.13,301.69
2022-02-13,21.75,79.5,298.97,0.0,302.61
2022-02-13,21.75,79.75,296.79,0.0,302.55
2022-02-14,20.75,78.75,295.75,5.15,301.75
2022-02-14,20.75,79.0,294.08,0.0,302.57
2022-02-14,20.75,79.25,295.98,0.0,301.33
2022-02-14,20.75,79.5,293.71,2.65,300.59
2022-02-14,20.75,79.75,297.15,0.0,301.51
2022-02-14,21.0,78.75,297.13,0.0,301.9
2022-02-14,21.0,79.0,297.22,0.0,302.12
2022-02-14,21.0,79.25,292.21,0.0,301.54
2022-02-14,21.0,79.5,293.09,1.4,300.83
2022-02-14,21.0,79.75,295.29,0.06,301.91
2022-02-14,21.25,78.75,295.52,0.0,301.38
2022-02-14,21.25,79.0,294.87,0.0,300.63
2022-02-14,21.25,79.25,295.78,0.0,301.35
2022-02-14,21.25,79.5,295.89,0.28,301.61
2022-02-14,21.25,79.75,293.76,0.0,301.27
2022-02-14,21.5,78.75,296.09,0.0,301.03
2022-02-14,21.5,79.0,296.44,6.74,301.86
2022-02-14,21.5,79.25,293.7,0.0,301.11
2022-02-14,21.5,79.5,295.81,0.0,301.08
2022-02-14,21.5,79.75,294.08,0.49,300.1
2022-02-14,21.75,78.75,295.75,0.0,302.24
2022-02-14,21.75,79.0,297.43,0.0,301.51
2022-02-14,21.75,79.25,297.05,2.27,301.19
2022-02-14,21.75,79.5,294.17,0.0,302.06
2022-02-14,21.75,79.75,293.55,2.75,302.15
2022-02-15,20.75,78.75,297.02,8.36,301.32
2022-02-15,20.75,79.0,299.34,3.42,302.41
2022-02-15,20.75,79.25,295.78,0.0,300.91
2022-02-15,20.75,79.5,294.83,1.81,301.0
2022-02-15,20.75,79.75,295.14,0.53,302.03
2022-02-15,21.0,78.75,293.36,0.0,301.98
2022-02-15,21.0,79.0,297.24,0.0,301.74
2022-02-15,21.0,79.25,297.33,0.0,302.0
2022-02-15,21.0,79.5,296.18,0.0,301.08
2022-02-15,21.0,79.75,295.67,0.0,301.93
2022-02-15,21.25,78.75,297.95,0.0,301.18
2022-02-15,21.25,79.0,296.47,1.23,301.63
2022-02-15,21.25,79.25,294.67,7.51,302.0
2022-02-15,21.25,79.5,293.81,0.0,300.99
2022-02-15,21.25,79.75,298.19,0.0,301.47
2022-02-15,21.5,78.75,294.31,0.0,301.06
2022-02-15,21.5,79.0,297.39,0.73,300.77
2022-02-15,21.5,79.25,296.78,0.48,301.37
2022-02-15,21.5,79.5,296.89,0.0,302.05
2022-02-15,21.5,79.75,296.88,0.0,301.39
2022-02-15,21.75,78.75,297.01,0.0,300.88
2022-02-15,21.75,79.0,295.71,0.27,301.33
2022-02-15,21.75,79.25,296.52,5.71,301.11
2022-02-15,21.75,79.5,299.18,0.03,302.15
2022-02-15,21.75,79.75,297.86,0.2,301.88
2022-02-16,20.75,78.75,293.68,2.62,301.39
2022-02-16,20.75,79.0,295.57,1.24,301.57
2022-02-16,20.75,79.25,297.82,2.3,301.09
2022-02-16,20.75,79.5,297.62,0.0,301.38
2022-02-16,20.75,79.75,296.54,0.0,301.21
2022-02-16,21.0,78.75,294.3,0.0,301.36
2022-02-16,21.0,79.0,293.78,4.25,302.19
2022-02-16,21.0,79.25,299.48,0.0,302.04
2022-02-16,21.0,79.5,297.66,0.0,302.63
2022-02-16,21.0,79.75,294.47,0.0,301.78
2022-02-16,21.25,78.75,296.64,0.26,301.1
2022-02-16,21.25,79.0,295.43,0.0,302.15
2022-02-16,21.25,79.25,298.15,2.43,301.88
2022-02-16,21.25,79.5,297.15,0.0,301.46
2022-02-16,21.25,79.75,296.44,0.0,302.01
2022-02-16,21.5,78.75,295.02,0.15,303.0
2022-02-16,21.5,79.0,296.2,0.0,301.18
2022-02-16,21.5,79.25,297.65,6.09,300.9
2022-02-16,21.5,79.5,298.48,0.0,301.84
2022-02-16,21.5,79.75,293.03,1.02,301.47
2022-02-16,21.75,78.75,293.71,0.0,301.5
2022-02-16,21.75,79.0,294.49,0.0,301.52
2022-02-16,21.75,79.25,295.34,0.0,300.95
2022-02-16,21.75,79.5,295.55,0.0,300.27
2022-02-16,21.75,79.75,297.71,0.0,300.76
2022-02-17,20.75,78.75,295.82,0.52,301.05
2022-02-17,20.75,79.0,295.67,0.0,301.53
2022-02-17,20.75,79.25,296.34,0.0,302.05
2022-02-17,20.75,79.5,296.39,0.66,301.58
2022-02-17,20.75,79.75,297.34,0.0,300.62
2022-02-17,21.0,78.75,294.36,2.25,301.87
2022-02-17,21.0,79.0,299.32,1.81,301.85
2022-02-17,21.0,79.25,295.5,0.0,301.86
2022-02-17,21.0,79.5,295.46,0.0,301.53
2022-02-17,21.0,79.75,298.46,0.0,301.49
2022-02-17,21.25,78.75,295.22,2.43,301.35
2022-02-17,21.25,79.0,295.47,0.0,302.14
2022-02-17,21.25,79.25,297.0,0.0,302.56
2022-02-17,21.25,79.5,296.47,0.0,301.78
2022-02-17,21.25,79.75,294.95,0.0,300.85
2022-02-17,21.5,78.75,296.7,0.0,301.0
2022-02-17,21.5,79.0,297.68,0.0,301.82
2022-02-17,21.5,79.25,296.5,0.28,301.63
2022-02-17,21.5,79.5,298.55,1.55,301.01
2022-02-17,21.5,79.75,295.46,0.0,302.08
2022-02-17,21.75,78.75,297.51,0.46,301.19
2022-02-17,21.75,79.0,295.81,3.66,301.62
2022-02-17,21.75,79.25,296.03,2.05,301.18
2022-02-17,21.75,79.5,296.67,3.52,301.15
2022-02-17,21.75,79.75,298.15,3.98,302.4
2022-02-18,20.75,78.75,297.08,0.0,301.79
2022-02-18,20.75,79.0,297.07,0.0,301.23
2022-02-18,20.75,79.25,294.36,0.0,302.1
2022-02-18,20.75,79.5,297.56,1.26,301.86
2022-02-18,20.75,79.75,296.46,0.0,302.4
2022-02-18,21.0,78.75,298.17,0.0,301.96
2022-02-18,21.0,79.0,295.72,0.0,302.08
2022-02-18,21.0,79.25,297.72,0.0,302.06
2022-02-18,21.0,79.5,294.51,1.13,302.35
2022-02-18,21.0,79.75,295.29,0.0,300.93
2022-02-18,21.25,78.75,298.09,0.0,301.2
2022-02-18,21.25,79.0,298.03,0.0,301.72
2022-02-18,21.25,79.25,296.33,7.31,301.89
2022-02-18,21.25,79.5,296.6,0.0,301.71
2022-02-18,21.25,79.75,295.83,1.37,302.15
2022-02-18,21.5,78.75,295.5,0.0,301.65
2022-02-18,21.5,79.0,295.32,0.0,301.49
2022-02-18,21.5,79.25,295.76,5.03,302.19
2022-02-18,21.5,79.5,298.12,0.0,301.14
2022-02-18,21.5,79.75,298.15,1.97,301.91
2022-02-18,21.75,78.75,297.18,2.54,302.08
2022-02-18,21.75,79.0,295.96,1.98,301.2
2022-02-18,21.75,79.25,298.09,0.0,301.36
2022-02-18,21.75,79.5,297.56,0.01,301.87
2022-02-18,21.75,79.75,295.06,0.82,301.47
2022-02-19,20.75,78.75,297.47,1.23,301.74
2022-02-19,20.75,79.0,295.68,0.0,302.08
2022-02-19,20.75,79.25,297.44,0.0,302.0
2022-02-19,20.75,79.5,295.04,0.0,300.77
2022-02-19,20.75,79.75,296.29,0.26,300.47
2022-02-19,21.0,78.75,296.89,0.0,300.87
2022-02-19,21.0,79.0,295.67,1.92,302.49
2022-02-19,21.0,79.25,294.72,0.0,301.37
2022-02-19,21.0,79.5,295.31,0.0,302.99
2022-02-19,21.0,79.75,296.69,0.0,301.96
2022-02-19,21.25,78.75,296.52,0.0,300.72
2022-02-19,21.25,79.0,295.91,0.0,300.95
2022-02-19,21.25,79.25,295.26,1.73,300.74
2022-02-19,21.25,79.5,296.84,0.0,301.46
2022-02-19,21.25,79.75,297.27,0.0,301.28
2022-02-19,21.5,78.75,299.63,0.0,301.7
2022-02-19,21.5,79.0,297.03,4.92,300.72
2022-02-19,21.5,79.25,292.77,0.98,301.11
2022-02-19,21.5,79.5,295.13,0.0,301.79
2022-02-19,21.5,79.75,297.33,0.0,301.67
2022-02-19,21.75,78.75,297.61,4.07,301.01
2022-02-19,21.75,79.0,294.17,0.0,301.73
2022-02-19,21.75,79.25,296.92,0.1,301.61
2022-02-19,21.75,79.5,294.73,0.0,302.36
2022-02-19,21.75,79.75,297.56,0.0,301.34
2022-02-20,20.75,78.75,297.97,0.0,301.71
2022-02-20,20.75,79.0,295.98,1.21,300.05
2022-02-20,20.75,79.25,297.25,0.0,301.71
2022-02-20,20.75,79.5,294.69,0.0,301.43
2022-02-20,20.75,79.75,298.02,0.0,301.63
2022-02-20,21.0,78.75,295.98,0.0,301.36
2022-02-20,21.0,79.0,293.81,0.0,301.44
2022-02-20,21.0,79.25,296.99,0.0,300.8
2022-02-20,21.0,79.5,299.2,0.0,301.97
2022-02-20,21.0,79.75,296.5,4.32,300.52
2022-02-20,21.25,78.75,298.98,0.0,301.02
2022-02-20,21.25,79.0,295.7,0.16,302.87
2022-02-20,21.25,79.25,294.88,0.08,300.57
2022-02-20,21.25,79.5,296.6,0.02,300.87
2022-02-20,21.25,79.75,295.98,0.0,301.79
2022-02-20,21.5,78.75,296.57,0.44,300.52
2022-02-20,21.5,79.0,298.08,0.0,301.86
2022-02-20,21.5,79.25,294.28,0.0,300.64
2022-02-20,21.5,79.5,297.64,1.43,301.29
2022-02-20,21.5,79.75,295.57,0.0,301.19
2022-02-20,21.75,78.75,293.79,1.34,300.52
2022-02-20,21.75,79.0,295.91,0.51,301.42
2022-02-20,21.75,79.25,297.84,0.93,301.78
2022-02-20,21.75,79.5,297.33,0.0,300.21
2022-02-20,21.75,79.75,296.65,0.94,301.77
2022-02-21,20.75,78.75,296.33,0.0,302.44
2022-02-21,20.75,79.0,294.18,0.0,301.65
2022-02-21,20.75,79.25,297.24,0.0,301.99
2022-02-21,20.75,79.5,296.37,0.0,301.87
2022-02-21,20.75,79.75,296.68,1.21,301.88
2022-02-21,21.0,78.75,296.74,0.0,301.08
2022-02-21,21.0,79.0,295.66,1.82,300.94
2022-02-21,21.0,79.25,295.85,0.93,301.93
2022-02-21,21.0,79.5,297.68,0.0,301.54
2022-02-21,21.0,79.75,293.56,0.0,302.15
2022-02-21,21.25,78.75,298.1,0.0,302.0
2022-02-21,21.25,79.0,299.31,1.22,301.5
2022-02-21,21.25,79.25,296.15,2.67,302.4
2022-02-21,21.25,79.5,296.24,0.89,301.23
2022-02-21,21.25,79.75,295.85,0.0,301.76
2022-02-21,21.5,78.75,295.63,0.0,301.2
2022-02-21,21.5,79.0,295.57,0.74,301.53
2022-02-21,21.5,79.25,297.22,0.0,301.46
2022-02-21,21.5,79.5,298.19,0.0,301.64
2022-02-21,21.5,79.75,295.79,0.0,300.97
2022-02-21,21.75,78.75,294.83,0.0,301.81
2022-02-21,21.75,79.0,296.15,6.31,302.14
2022-02-21,21.75,79.25,296.46,1.65,301.84
2022-02-21,21.75,79.5,297.54,0.0,302.62
2022-02-21,21.75,79.75,296.31,0.0,300.94
2022-02-22,20.75,78.75,295.42,0.0,301.04
2022-02-22,20.75,79.0,295.5,0.0,301.53
2022-02-22,20.75,79.25,297.45,1.53,301.65
2022-02-22,20.75,79.5,294.96,0.0,301.89
2022-02-22,20.75,79.75,296.18,4.55,301.2
2022-02-22,21.0,78.75,295.61,0.0,301.51
2022-02-22,21.0,79.0,296.65,1.05,301.06
2022-02-22,21.0,79.25,296.25,0.0,300.67
2022-02-22,21.0,79.5,297.44,5.36,301.2
2022-02-22,21.0,79.75,297.63,2.53,301.55
2022-02-22,21.25,78.75,296.59,0.31,302.34
2022-02-22,21.25,79.0,294.95,0.0,302.51
2022-02-22,21.25,79.25,298.28,4.36,301.13
2022-02-22,21.25,79.5,298.85,1.35,301.32
2022-02-22,21.25,79.75,298.8,0.0,301.57
2022-02-22,21.5,78.75,298.33,1.96,300.97
2022-02-22,21.5,79.0,297.57,5.17,301.29
2022-02-22,21.5,79.25,294.75,0.51,300.39
2022-02-22,21.5,79.5,294.88,0.0,301.91
2022-02-22,21.5,79.75,296.32,0.0,301.36
2022-02-22,21.75,78.75,298.11,0.21,301.91
2022-02-22,21.75,79.0,296.61,0.0,301.59
2022-02-22,21.75,79.25,294.74,3.34,301.93
2022-02-22,21.75,79.5,298.2,0.0,301.75
2022-02-22,21.75,79.75,296.39,3.88,301.37
2022-02-23,20.75,78.75,298.91,0.0,301.67
2022-02-23,20.75,79.0,298.5,2.13,301.19
2022-02-23,20.75,79.25,299.25,0.0,302.06
2022-02-23,20.75,79.5,297.84,0.0,301.2
2022-02-23,20.75,79.75,298.02,0.0,301.58
2022-02-23,21.0,78.75,296.17,5.83,301.28
2022-02-23,21.0,79.0,298.49,0.23,300.9
2022-02-23,21.0,79.25,298.42,0.0,302.26
2022-02-23,21.0,79.5,296.62,2.31,302.1
2022-02-23,21.0,79.75,293.79,0.0,301.54
2022-02-23,21.25,78.75,296.81,0.79,302.17
2022-02-23,21.25,79.0,297.69,1.57,302.14
2022-02-23,21.25,79.25,298.31,0.0,301.58
2022-02-23,21.25,79.5,298.33,0.0,301.4
2022-02-23,21.25,79.75,295.16,0.0,301.08
2022-02-23,21.5,78.75,296.59,2.42,301.44
2022-02-23,21.5,79.0,296.81,1.34,301.23
2022-02-23,21.5,79.25,296.91,0.82,301.25
2022-02-23,21.5,79.5,295.45,0.0,301.6
2022-02-23,21.5,79.75,297.56,0.0,301.9
2022-02-23,21.75,78.75,299.17,0.0,300.79
2022-02-23,21.75,79.0,296.09,2.07,301.85
2022-02-23,21.75,79.25,295.78,0.0,301.3
2022-02-23,21.75,79.5,299.83,0.0,301.76
2022-02-23,21.75,79.75,293.66,2.07,301.57
2022-02-24,20.75,78.75,296.75,0.0,300.84
2022-02-24,20.75,79.0,296.78,0.0,300.77
2022-02-24,20.75,79.25,297.89,0.0,301.55
2022-02-24,20.75,79.5,294.71,1.31,301.14
2022-02-24,20.75,79.75,297.63,0.0,301.66
2022-02-24,21.0,78.75,299.19,1.86,301.89
2022-02-24,21.0,79.0,294.09,2.03,301.28
2022-02-24,21.0,79.25,294.64,0.28,301.16
2022-02-24,21.0,79.5,293.73,0.0,302.26
2022-02-24,21.0,79.75,296.8,0.0,301.18
2022-02-24,21.25,78.75,301.27,3.57,301.91
2022-02-24,21.25,79.0,294.37,0.0,301.18
2022-02-24,21.25,79.25,297.6,0.84,301.27
2022-02-24,21.25,79.5,297.83,2.32,301.81
2022-02-24,21.25,79.75,297.41,0.0,301.33
2022-02-24,21.5,78.75,301.14,0.0,302.03
2022-02-24,21.5,79.0,295.4,0.0,300.52
2022-02-24,21.5,79.25,296.97,0.0,301.46
2022-02-24,21.5,79.5,297.41,0.0,300.71
2022-02-24,21.5,79.75,297.18,0.0,301.04
2022-02-24,21.75,78.75,298.54,2.76,302.01
2022-02-24,21.75,79.0,297.96,0.0,300.69
2022-02-24,21.75,79.25,297.56,0.0,301.05
2022-02-24,21.75,79.5,297.49,0.0,301.05
2022-02-24,21.75,79.75,298.37,0.0,301.61
2022-02-25,20.75,78.75,293.35,0.0,301.24
2022-02-25,20.75,79.0,297.8,0.0,302.29
2022-02-25,20.75,79.25,298.84,0.0,301.65
2022-02-25,20.75,79.5,295.0,0.0,301.56
2022-02-25,20.75,79.75,295.37,7.93,301.41
2022-02-25,21.0,78.75,297.85,0.0,301.51
2022-02-25,21.0,79.0,298.95,0.0,301.49
2022-02-25,21.0,79.25,296.89,0.0,301.39
2022-02-25,21.0,79.5,297.55,0.0,301.58
2022-02-25,21.0,79.75,296.69,2.72,301.39
2022-02-25,21.25,78.75,295.68,0.81,301.49
2022-02-25,21.25,79.0,297.4,0.0,301.9
2022-02-25,21.25,79.25,297.04,0.0,301.51
2022-02-25,21.25,79.5,296.49,0.0,302.67
2022-02-25,21.25,79.75,295.78,0.0,301.5
2022-02-25,21.5,78.75,296.16,0.0,301.93
2022-02-25,21.5,79.0,298.88,0.0,301.51
2022-02-25,21.5,79.25,298.49,1.97,300.77
2022-02-25,21.5,79.5,297.19,0.0,301.82
2022-02-25,21.5,79.75,296.57,0.26,301.84
2022-02-25,21.75,78.75,299.57,1.88,301.07
2022-02-25,21.75,79.0,295.81,0.0,300.68
2022-02-25,21.75,79.25,299.54,0.63,301.66
2022-02-25,21.75,79.5,296.74,1.74,301.54
2022-02-25,21.75,79.75,298.93,0.0,300.81
2022-02-26,20.75,78.75,298.7,0.0,301.43
2022-02-26,20.75,79.0,296.05,0.0,300.91
2022-02-26,20.75,79.25,295.6,0.0,301.34
2022-02-26,20.75,79.5,295.27,0.21,301.72
2022-02-26,20.75,79.75,293.18,0.0,301.54
2022-02-26,21.0,78.75,300.17,0.0,301.34
2022-02-26,21.0,79.0,296.05,3.08,301.22
2022-02-26,21.0,79.25,296.7,0.0,301.71
2022-02-26,21.0,79.5,298.32,0.32,300.46
2022-02-26,21.0,79.75,294.3,0.0,301.43
2022-02-26,21.25,78.75,300.61,3.48,301.46
2022-02-26,21.25,79.0,298.89,0.0,300.68
2022-02-26,21.25,79.25,296.64,0.0,300.8
2022-02-26,21.25,79.5,298.62,0.0,301.82
2022-02-26,21.25,79.75,297.4,0.0,300.83
2022-02-26,21.5,78.75,298.67,0.0,301.82
2022-02-26,21.5,79.0,297.89,2.07,301.91
2022-02-26,21.5,79.25,294.35,0.0,301.23
2022-02-26,21.5,79.5,299.92,0.0,301.81
2022-02-26,21.5,79.75,296.17,1.2,301.24
2022-02-26,21.75,78.75,299.86,0.0,300.86
2022-02-26,21.75,79.0,296.75,0.0,301.24
2022-02-26,21.75,79.25,296.99,0.0,301.99
2022-02-26,21.75,79.5,299.85,0.0,301.29
2022-02-26,21.75,79.75,295.36,0.0,300.69
2022-02-27,20.75,78.75,298.98,0.0,301.94
2022-02-27,20.75,79.0,298.58,5.43,301.63
2022-02-27,20.75,79.25,298.76,0.0,301.47
2022-02-27,20.75,79.5,298.21,0.0,301.22
2022-02-27,20.75,79.75,296.9,0.0,301.57
2022-02-27,21.0,78.75,294.39,0.0,300.69
2022-02-27,21.0,79.0,295.25,0.0,301.24
2022-02-27,21.0,79.25,298.06,0.0,300.8
2022-02-27,21.0,79.5,298.86,0.96,301.3
2022-02-27,21.0,79.75,298.22,0.0,301.2
2022-02-27,21.25,78.75,298.42,0.0,301.06
2022-02-27,21.25,79.0,297.92,0.0,301.33
2022-02-27,21.25,79.25,298.59,0.0,300.87
2022-02-27,21.25,79.5,298.06,3.33,301.48
2022-02-27,21.25,79.75,294.83,0.0,301.41
2022-02-27,21.5,78.75,300.57,0.0,301.82
2022-02-27,21.5,79.0,298.75,0.52,300.87
2022-02-27,21.5,79.25,301.27,0.0,301.2
2022-02-27,21.5,79.5,296.62,0.37,302.41
2022-02-27,21.5,79.75,297.48,0.0,301.82
2022-02-27,21.75,78.75,298.03,0.0,300.4
2022-02-27,21.75,79.0,298.13,0.0,301.56
2022-02-27,21.75,79.25,295.61,0.0,301.96
2022-02-27,21.75,79.5,296.32,0.0,301.17
2022-02-27,21.75,79.75,294.97,3.63,302.29
2022-02-28,20.75,78.75,296.51,0.0,301.68
2022-02-28,20.75,79.0,297.45,2.05,300.72
2022-02-28,20.75,79.25,295.2,6.02,301.29
2022-02-28,20.75,79.5,297.71,0.61,301.23
2022-02-28,20.75,79.75,293.57,0.0,300.95
2022-02-28,21.0,78.75,298.82,0.0,301.79
2022-02-28,21.0,79.0,297.72,0.0,301.47
2022-02-28,21.0,79.25,299.29,0.0,301.67
2022-02-28,21.0,79.5,297.61,0.0,302.3
2022-02-28,21.0,79.75,297.05,0.0,302.68
2022-02-28,21.25,78.75,300.45,0.0,302.66
2022-02-28,21.25,79.0,294.32,0.0,301.18
2022-02-28,21.25,79.25,297.49,0.0,301.96
2022-02-28,21.25,79.5,298.47,0.0,301.8
2022-02-28,21.25,79.75,296.64,0.26,302.02
2022-02-28,21.5,78.75,298.36,0.8,301.43
2022-02-28,21.5,79.0,297.27,0.88,301.1
2022-02-28,21.5,79.25,298.35,2.32,300.67
2022-02-28,21.5,79.5,295.98,0.57,301.16
2022-02-28,21.5,79.75,295.71,0.0,301.38
2022-02-28,21.75,78.75,296.35,1.23,301.34
2022-02-28,21.75,79.0,297.91,0.0,301.72
2022-02-28,21.75,79.25,298.01,0.0,301.67
2022-02-28,21.75,79.5,299.22,0.0,301.22
2022-02-28,21.75,79.75,297.81,0.0,301.9
2022-03-01,20.75,78.75,298.33,0.0,300.77
2022-03-01,20.75,79.0,294.55,0.0,300.83
2022-03-01,20.75,79.25,297.81,0.0,301.58
2022-03-01,20.75,79.5,296.26,4.73,300.98
2022-03-01,20.75,79.75,297.15,0.94,300.95
2022-03-01,21.0,78.75,298.62,1.38,301.73
2022-03-01,21.0,79.0,298.76,0.0,301.29
2022-03-01,21.0,79.25,298.15,0.0,301.59
2022-03-01,21.0,79.5,298.22,1.59,301.64
2022-03-01,21.0,79.75,299.67,2.78,302.09
2022-03-01,21.25,78.75,300.02,1.33,300.7
2022-03-01,21.25,79.0,298.16,0.0,301.54
2022-03-01,21.25,79.25,297.11,0.0,301.66
2022-03-01,21.25,79.5,298.39,4.37,301.68
2022-03-01,21.25,79.75,297.81,0.0,302.16
2022-03-01,21.5,78.75,297.73,0.0,301.6
2022-03-01,21.5,79.0,298.54,0.97,300.19
2022-03-01,21.5,79.25,299.54,1.32,301.94
2022-03-01,21.5,79.5,298.47,0.0,301.24
2022-03-01,21.5,79.75,300.1,0.55,300.97
2022-03-01,21.75,78.75,298.17,0.0,302.42
2022-03-01,21.75,79.0,300.53,0.0,300.4
2022-03-01,21.75,79.25,296.7,0.0,301.48
2022-03-01,21.75,79.5,297.55,1.44,301.36
2022-03-01,21.75,79.75,300.14,0.0,301.41
2022-03-02,20.75,78.75,296.79,0.0,300.9
2022-03-02,20.75,79.0,297.72,2.36,300.68
2022-03-02,20.75,79.25,296.56,0.0,301.69
2022-03-02,20.75,79.5,295.43,0.0,301.82
2022-03-02,20.75,79.75,296.85,1.12,300.38
2022-03-02,21.0,78.75,298.46,0.94,300.85
2022-03-02,21.0,79.0,296.98,1.13,300.8
2022-03-02,21.0,79.25,298.91,3.84,300.5
2022-03-02,21.0,79.5,296.52,0.42,301.2
2022-03-02,21.0,79.75,298.92,0.0,301.1
2022-03-02,21.25,78.75,299.3,3.42,301.54
2022-03-02,21.25,79.0,297.92,0.0,301.21
2022-03-02,21.25,79.25,297.96,0.34,301.08
2022-03-02,21.25,79.5,297.74,0.93,301.25
2022-03-02,21.25,79.75,296.74,0.0,300.96
2022-03-02,21.5,78.75,297.66,0.39,301.27
2022-03-02,21.5,79.0,296.02,0.0,300.95
2022-03-02,21.5,79.25,298.5,0.0,300.69
2022-03-02,21.5,79.5,300.04,0.0,301.94
2022-03-02,21.5,79.75,297.98,0.0,301.3
2022-03-02,21.75,78.75,298.79,0.98,301.32
2022-03-02,21.75,79.0,296.49,0.0,300.88
2022-03-02,21.75,79.25,296.74,1.76,301.16
2022-03-02,21.75,79.5,296.55,0.0,300.92
2022-03-02,21.75,79.75,296.85,0.33,301.43
2022-03-03,20.75,78.75,299.88,0.0,301.46
2022-03-03,20.75,79.0,296.7,0.79,301.9
2022-03-03,20.75,79.25,295.38,0.0,301.93
2022-03-03,20.75,79.5,300.1,0.0,301.2
2022-03-03,20.75,79.75,297.02,0.0,301.13
2022-03-03,21.0,78.75,298.87,0.25,300.64
2022-03-03,21.0,79.0,298.9,1.86,301.38
2022-03-03,21.0,79.25,297.64,0.0,301.68
2022-03-03,21.0,79.5,297.75,0.0,301.2
2022-03-03,21.0,79.75,299.02,0.0,301.73
2022-03-03,21.25,78.75,296.79,0.0,301.01
2022-03-03,21.25,79.0,297.16,1.58,301.01
2022-03-03,21.25,79.25,298.73,1.35,301.33
2022-03-03,21.25,79.5,295.97,0.0,300.88
2022-03-03,21.25,79.75,299.3,0.0,300.67
2022-03-03,21.5,78.75,298.62,0.0,301.17
2022-03-03,21.5,79.0,297.13,0.0,301.78
2022-03-03,21.5,79.25,298.08,0.0,302.78
2022-03-03,21.5,79.5,300.08,0.0,302.49
2022-03-03,21.5,79.75,298.87,1.63,301.29
2022-03-03,21.75,78.75,295.04,0.0,300.81
2022-03-03,21.75,79.0,300.06,1.53,301.32
2022-03-03,21.75,79.25,298.06,1.01,301.4
2022-03-03,21.75,79.5,298.78,0.13,300.99
2022-03-03,21.75,79.75,294.66,0.16,301.01
2022-03-04,20.75,78.75,296.76,0.0,302.03
2022-03-04,20.75,79.0,298.08,1.54,301.01
2022-03-04,20.75,79.25,300.7,0.0,300.99
2022-03-04,20.75,79.5,298.27,0.0,301.02
2022-03-04,20.75,79.75,297.13,0.0,301.67
2022-03-04,21.0,78.75,298.37,3.96,300.53
2022-03-04,21.0,79.0,298.96,0.79,300.76
2022-03-04,21.0,79.25,297.15,0.75,300.88
2022-03-04,21.0,79.5,299.68,0.0,301.61
2022-03-04,21.0,79.75,296.78,0.0,300.63
2022-03-04,21.25,78.75,296.1,2.15,301.96
2022-03-04,21.25,79.0,297.48,0.0,301.16
2022-03-04,21.25,79.25,296.83,0.0,300.44
2022-03-04,21.25,79.5,298.73,2.83,301.46
2022-03-04,21.25,79.75,299.73,0.0,301.35
2022-03-04,21.5,78.75,299.9,0.0,301.6
2022-03-04,21.5,79.0,297.05,0.0,300.89
2022-03-04,21.5,79.25,300.0,0.0,300.47
2022-03-04,21.5,79.5,300.72,0.0,301.17
2022-03-04,21.5,79.75,299.26,0.0,301.72
2022-03-04,21.75,78.75,297.01,0.0,301.67
2022-03-04,21.75,79.0,297.0,0.0,301.83
2022-03-04,21.75,79.25,299.31,0.0,301.32
2022-03-04,21.75,79.5,298.69,0.0,300.85
2022-03-04,21.75,79.75,299.78,0.79,301.39
2022-03-05,20.75,78.75,299.61,0.0,300.71
2022-03-05,20.75,79.0,299.24,0.0,300.95
2022-03-05,20.75,79.25,301.12,0.0,301.24
2022-03-05,20.75,79.5,297.74,0.0,301.8
2022-03-05,20.75,79.75,297.14,2.18,301.11
2022-03-05,21.0,78.75,298.06,1.09,299.3
2022-03-05,21.0,79.0,299.43,0.0,301.13
2022-03-05,21.0,79.25,298.36,1.03,301.92
2022-03-05,21.0,79.5,297.3,0.0,301.39
2022-03-05,21.0,79.75,300.44,0.0,301.41
2022-03-05,21.25,78.75,298.91,2.23,301.06
2022-03-05,21.25,79.0,295.73,0.87,301.45
2022-03-05,21.25,79.25,297.99,0.3,301.82
2022-03-05,21.25,79.5,296.28,0.0,301.15
2022-03-05,21.25,79.75,296.95,0.12,301.35
2022-03-05,21.5,78.75,296.97,0.0,300.63
2022-03-05,21.5,79.0,298.31,0.0,300.49
2022-03-05,21.5,79.25,296.96,1.58,300.68
2022-03-05,21.5,79.5,300.57,0.0,301.92
2022-03-05,21.5,79.75,299.8,0.0,300.85
2022-03-05,21.75,78.75,296.69,0.0,302.07
2022-03-05,21.75,79.0,296.87,0.0,301.31
2022-03-05,21.75,79.25,298.93,1.56,300.59
2022-03-05,21.75,79.5,297.86,0.0,301.83
2022-03-05,21.75,79.75,298.83,0.0,301.56
2022-03-06,20.75,78.75,300.23,3.92,301.76
2022-03-06,20.75,79.0,297.3,1.09,301.17
2022-03-06,20.75,79.25,298.01,1.12,301.79
2022-03-06,20.75,79.5,296.7,0.0,301.53
2022-03-06,20.75,79.75,300.52,0.0,301.33
2022-03-06,21.0,78.75,300.91,0.0,301.07
2022-03-06,21.0,79.0,300.64,1.31,302.11
2022-03-06,21.0,79.25,302.14,0.0,301.57
2022-03-06,21.0,79.5,296.35,0.0,300.73
2022-03-06,21.0,79.75,296.74,0.83,301.8
2022-03-06,21.25,78.75,296.92,0.0,302.13
2022-03-06,21.25,79.0,299.11,1.06,302.26
2022-03-06,21.25,79.25,297.12,0.0,301.18
2022-03-06,21.25,79.5,297.82,0.0,300.8
2022-03-06,21.25,79.75,297.1,0.0,302.21
2022-03-06,21.5,78.75,299.1,0.0,301.07
2022-03-06,21.5,79.0,294.47,0.0,300.88
2022-03-06,21.5,79.25,296.46,0.0,301.83
2022-03-06,21.5,79.5,298.22,0.0,300.22
2022-03-06,21.5,79.75,299.81,1.15,301.24
2022-03-06,21.75,78.75,300.47,0.0,300.99
2022-03-06,21.75,79.0,295.61,0.33,301.6
2022-03-06,21.75,79.25,296.48,0.0,300.97
2022-03-06,21.75,79.5,299.93,0.0,301.36
2022-03-06,21.75,79.75,299.66,2.21,301.87
2022-03-07,20.75,78.75,298.85,9.63,300.89
2022-03-07,20.75,79.0,299.69,0.0,300.59
2022-03-07,20.75,79.25,297.13,0.0,301.53
2022-03-07,20.75,79.5,298.9,0.0,300.99
2022-03-07,20.75,79.75,300.6,0.0,301.47
2022-03-07,21.0,78.75,299.03,0.0,301.73
2022-03-07,21.0,79.0,298.37,0.0,301.19
2022-03-07,21.0,79.25,296.58,0.0,300.88
2022-03-07,21.0,79.5,301.77,0.0,301.86
2022-03-07,21.0,79.75,298.47,0.0,301.7
2022-03-07,21.25,78.75,295.8,0.0,301.38
2022-03-07,21.25,79.0,299.8,4.65,301.78
2022-03-07,21.25,79.25,298.18,0.23,301.24
2022-03-07,21.25,79.5,299.84,4.77,301.51
2022-03-07,21.25,79.75,297.46,1.62,301.25
2022-03-07,21.5,78.75,296.9,0.0,301.64
2022-03-07,21.5,79.0,300.23,2.86,300.93
2022-03-07,21.5,79.25,300.2,2.74,301.3
2022-03-07,21.5,79.5,299.19,0.42,302.1
2022-03-07,21.5,79.75,295.02,0.0,301.34
2022-03-07,21.75,78.75,298.08,3.62,300.98
2022-03-07,21.75,79.0,301.09,0.0,301.43
2022-03-07,21.75,79.25,298.84,0.05,301.32
2022-03-07,21.75,79.5,298.24,0.21,301.76
2022-03-07,21.75,79.75,298.3,0.0,300.32
2022-03-08,20.75,78.75,300.24,0.0,301.5
2022-03-08,20.75,79.0,296.33,0.0,300.88
2022-03-08,20.75,79.25,299.08,0.0,301.26
2022-03-08,20.75,79.5,297.32,0.0,301.85
2022-03-08,20.75,79.75,299.61,0.0,302.61
2022-03-08,21.0,78.75,298.85,0.0,300.63
2022-03-08,21.0,79.0,297.43,8.84,301.15
2022-03-08,21.0,79.25,297.9,0.93,301.64
2022-03-08,21.0,79.5,297.92,0.0,301.3
2022-03-08,21.0,79.75,297.79,0.86,301.19
2022-03-08,21.25,78.75,296.51,0.0,300.15
2022-03-08,21.25,79.0,299.87,0.0,301.04
2022-03-08,21.25,79.25,299.65,0.0,301.7
2022-03-08,21.25,79.5,296.34,0.73,300.1
2022-03-08,21.25,79.75,298.19,0.01,301.67
2022-03-08,21.5,78.75,296.37,0.0,301.35
2022-03-08,21.5,79.0,299.08,0.0,301.39
2022-03-08,21.5,79.25,297.19,0.0,300.98
2022-03-08,21.5,79.5,298.55,0.0,301.44
2022-03-08,21.5,79.75,301.56,0.3,302.25
2022-03-08,21.75,78.75,295.22,0.82,300.5
2022-03-08,21.75,79.0,299.64,0.0,301.25
2022-03-08,21.75,79.25,298.72,2.83,300.95
2022-03-08,21.75,79.5,297.43,0.0,301.53
2022-03-08,21.75,79.75,296.45,1.51,300.87
2022-03-09,20.75,78.75,298.8,0.62,301.5
2022-03-09,20.75,79.0,301.04,3.38,300.3
2022-03-09,20.75,79.25,299.43,4.81,300.94
2022-03-09,20.75,79.5,297.49,0.0,301.21
2022-03-09,20.75,79.75,300.45,0.0,301.45
2022-03-09,21.0,78.75,298.78,0.0,300.63
2022-03-09,21.0,79.0,297.77,0.0,300.81
2022-03-09,21.0,79.25,298.16,0.0,301.23
2022-03-09,21.0,79.5,299.06,0.0,301.0
2022-03-09,21.0,79.75,295.69,1.78,301.66
2022-03-09,21.25,78.75,299.48,0.0,301.32
2022-03-09,21.25,79.0,299.63,1.86,301.49
2022-03-09,21.25,79.25,298.99,0.57,300.92
2022-03-09,21.25,79.5,298.64,0.0,301.43
2022-03-09,21.25,79.75,300.22,0.0,300.96
2022-03-09,21.5,78.75,297.71,1.81,301.17
2022-03-09,21.5,79.0,295.93,0.0,300.73
2022-03-09,21.5,79.25,299.72,0.0,301.92
2022-03-09,21.5,79.5,298.81,0.0,301.28
2022-03-09,21.5,79.75,297.95,0.0,301.97
2022-03-09,21.75,78.75,299.22,0.44,300.84
2022-03-09,21.75,79.0,296.58,0.23,300.4
2022-03-09,21.75,79.25,299.45,1.45,301.12
2022-03-09,21.75,79.5,297.5,0.0,301.58
2022-03-09,21.75,79.75,298.51,0.0,301.21
2022-03-10,20.75,78.75,298.46,0.0,300.73
2022-03-10,20.75,79.0,298.99,2.62,301.31
2022-03-10,20.75,79.25,302.7,1.7,301.53
2022-03-10,20.75,79.5,296.48,0.0,301.29
2022-03-10,20.75,79.75,299.02,0.0,302.28
2022-03-10,21.0,78.75,298.72,0.52,301.58
2022-03-10,21.0,79.0,296.42,0.0,301.16
2022-03-10,21.0,79.25,297.18,0.31,300.75
2022-03-10,21.0,79.5,298.68,0.0,301.61
2022-03-10,21.0,79.75,296.97,0.0,301.81
2022-03-10,21.25,78.75,300.48,0.45,301.55
2022-03-10,21.25,79.0,300.22,0.0,301.11
2022-03-10,21.25,79.25,298.08,0.0,300.6
2022-03-10,21.25,79.5,299.37,0.0,301.11
2022-03-10,21.25,79.75,297.03,2.25,301.1
2022-03-10,21.5,78.75,298.05,0.0,301.62
2022-03-10,21.5,79.0,299.16,0.0,301.11
2022-03-10,21.5,79.25,297.31,2.75,300.85
2022-03-10,21.5,79.5,302.07,0.0,301.72
2022-03-10,21.5,79.75,299.14,0.0,301.05
2022-03-10,21.75,78.75,299.85,1.21,301.33
2022-03-10,21.75,79.0,301.05,0.89,301.39
2022-03-10,21.75,79.25,299.48,0.0,301.46
2022-03-10,21.75,79.5,298.09,0.0,301.47
2022-03-10,21.75,79.75,298.14,0.0,300.29
2022-03-11,20.75,78.75,295.44,4.33,301.06
2022-03-11,20.75,79.0,299.34,0.0,301.7
2022-03-11,20.75,79.25,299.58,0.0,301.47
2022-03-11,20.75,79.5,299.42,0.0,300.89
2022-03-11,20.75,79.75,298.17,2.21,301.47
2022-03-11,21.0,78.75,297.8,1.01,301.69
2022-03-11,21.0,79.0,299.99,0.0,301.04
2022-03-11,21.0,79.25,297.25,0.0,300.86
2022-03-11,21.0,79.5,297.37,3.7,301.17
2022-03-11,21.0,79.75,299.77,0.0,301.05
2022-03-11,21.25,78.75,297.58,0.0,301.47
2022-03-11,21.25,79.0,297.32,0.29,300.78
2022-03-11,21.25,79.25,298.9,0.0,300.79
2022-03-11,21.25,79.5,300.96,0.0,301.29
2022-03-11,21.25,79.75,300.75,0.0,300.5
2022-03-11,21.5,78.75,300.41,0.1,301.48
2022-03-11,21.5,79.0,298.12,4.16,301.89
2022-03-11,21.5,79.25,298.09,0.0,301.51
2022-03-11,21.5,79.5,298.5,1.28,300.99
2022-03-11,21.5,79.75,299.82,0.0,301.56
2022-03-11,21.75,78.75,298.35,0.0,301.3
2022-03-11,21.75,79.0,301.59,0.0,301.06
2022-03-11,21.75,79.25,298.58,4.21,301.08
2022-03-11,21.75,79.5,300.03,0.0,301.42
2022-03-11,21.75,79.75,297.06,0.0,300.74
2022-03-12,20.75,78.75,300.27,0.0,301.09
2022-03-12,20.75,79.0,300.18,3.43,301.4
2022-03-12,20.75,79.25,299.11,0.24,301.45
2022-03-12,20.75,79.5,300.61,2.0,301.14
2022-03-12,20.75,79.75,300.4,3.69,301.1
2022-03-12,21.0,78.75,300.45,0.09,301.14
2022-03-12,21.0,79.0,298.44,0.0,302.0
2022-03-12,21.0,79.25,300.05,3.99,301.08
2022-03-12,21.0,79.5,297.53,0.0,301.7
2022-03-12,21.0,79.75,302.44,8.41,301.12
2022-03-12,21.25,78.75,296.56,1.29,301.93
2022-03-12,21.25,79.0,299.79,1.57,301.37
2022-03-12,21.25,79.25,297.27,0.65,301.02
2022-03-12,21.25,79.5,299.54,0.0,301.47
2022-03-12,21.25,79.75,301.37,0.0,300.88
2022-03-12,21.5,78.75,298.05,0.0,301.2
2022-03-12,21.5,79.0,299.79,0.46,300.84
2022-03-12,21.5,79.25,299.57,0.0,300.29
2022-03-12,21.5,79.5,298.84,0.0,301.47
2022-03-12,21.5,79.75,300.67,0.23,300.76
2022-03-12,21.75,78.75,297.48,2.35,301.39
2022-03-12,21.75,79.0,299.42,0.0,300.81
2022-03-12,21.75,79.25,299.99,4.36,301.03
2022-03-12,21.75,79.5,298.52,0.0,299.99
2022-03-12,21.75,79.75,298.56,0.0,300.67
2022-03-13,20.75,78.75,298.81,0.0,301.65
2022-03-13,20.75,79.0,297.95,3.87,301.64
2022-03-13,20.75,79.25,299.75,0.0,301.67
2022-03-13,20.75,79.5,298.98,0.0,300.91
2022-03-13,20.75,79.75,298.12,0.58,301.57
2022-03-13,21.0,78.75,299.08,0.0,301.39
2022-03-13,21.0,79.0,299.24,0.0,300.59
2022-03-13,21.0,79.25,299.51,0.0,301.54
2022-03-13,21.0,79.5,298.38,3.49,300.58
2022-03-13,21.0,79.75,303.01,0.0,300.89
2022-03-13,21.25,78.75,299.01,0.0,301.06
2022-03-13,21.25,79.0,300.61,0.0,301.11
2022-03-13,21.25,79.25,298.19,0.0,300.63
2022-03-13,21.25,79.5,298.87,1.81,301.69
2022-03-13,21.25,79.75,299.99,0.75,300.28
2022-03-13,21.5,78.75,300.03,0.0,302.16
2022-03-13,21.5,79.0,298.13,0.0,301.14
2022-03-13,21.5,79.25,300.87,0.79,299.86
2022-03-13,21.5,79.5,299.39,1.72,300.91
2022-03-13,21.5,79.75,297.07,0.0,301.02
2022-03-13,21.75,78.75,299.79,0.0,300.92
2022-03-13,21.75,79.0,299.97,0.0,301.58
2022-03-13,21.75,79.25,300.09,0.0,300.28
2022-03-13,21.75,79.5,298.69,0.0,301.56
2022-03-13,21.75,79.75,298.72,0.43,300.86
2022-03-14,20.75,78.75,300.38,0.0,301.29
2022-03-14,20.75,79.0,298.59,2.56,301.2
2022-03-14,20.75,79.25,299.77,0.0,301.26
2022-03-14,20.75,79.5,299.03,2.22,301.33
2022-03-14,20.75,79.75,300.6,5.63,301.57
2022-03-14,21.0,78.75,299.68,2.34,300.95
2022-03-14,21.0,79.0,297.65,0.32,301.22
2022-03-14,21.0,79.25,300.61,0.0,300.47
2022-03-14,21.0,79.5,300.91,6.22,302.41
2022-03-14,21.0,79.75,298.94,0.0,301.4
2022-03-14,21.25,78.75,295.2,0.0,302.31
2022-03-14,21.25,79.0,295.78,0.0,301.28
2022-03-14,21.25,79.25,299.6,0.0,301.45
2022-03-14,21.25,79.5,298.71,0.0,300.96
2022-03-14,21.25,79.75,298.59,0.0,300.95
2022-03-14,21.5,78.75,298.05,0.69,301.29
2022-03-14,21.5,79.0,298.73,0.0,300.4
2022-03-14,21.5,79.25,297.39,0.0,300.68
2022-03-14,21.5,79.5,301.15,0.0,301.45
2022-03-14,21.5,79.75,300.17,0.0,302.21
2022-03-14,21.75,78.75,298.02,0.0,300.32
2022-03-14,21.75,79.0,296.25,0.0,301.74
2022-03-14,21.75,79.25,302.2,0.0,301.33
2022-03-14,21.75,79.5,298.13,8.65,301.02
2022-03-14,21.75,79.75,300.67,3.45,301.33
2022-03-15,20.75,78.75,298.79,0.0,300.95
2022-03-15,20.75,79.0,300.7,0.0,301.01
2022-03-15,20.75,79.25,297.99,0.0,300.98
2022-03-15,20.75,79.5,299.6,2.14,301.49
2022-03-15,20.75,79.75,300.33,0.0,301.32
2022-03-15,21.0,78.75,299.85,0.8,301.4
2022-03-15,21.0,79.0,301.65,0.92,302.44
2022-03-15,21.0,79.25,301.05,0.05,301.1
2022-03-15,21.0,79.5,298.04,0.57,301.06
2022-03-15,21.0,79.75,298.5,2.74,301.3
2022-03-15,21.25,78.75,299.01,1.81,301.41
2022-03-15,21.25,79.0,298.68,0.0,301.35
2022-03-15,21.25,79.25,298.32,0.0,302.0
2022-03-15,21.25,79.5,298.75,0.0,300.41
2022-03-15,21.25,79.75,298.57,0.0,302.18
2022-03-15,21.5,78.75,299.3,0.81,300.8
2022-03-15,21.5,79.0,300.36,0.0,300.91
2022-03-15,21.5,79.25,302.05,0.0,301.06
2022-03-15,21.5,79.5,301.2,0.0,301.6
2022-03-15,21.5,79.75,296.85,0.0,301.12
2022-03-15,21.75,78.75,299.52,0.0,300.73
2022-03-15,21.75,79.0,299.07,0.0,301.12
2022-03-15,21.75,79.25,297.43,2.4,302.45
2022-03-15,21.75,79.5,302.29,0.0,300.49
2022-03-15,21.75,79.75,301.42,0.0,301.23
2022-03-16,20.75,78.75,299.13,0.0,301.29
2022-03-16,20.75,79.0,301.43,0.0,300.91
2022-03-16,20.75,79.25,299.83,0.0,301.45
2022-03-16,20.75,79.5,299.03,0.0,301.39
2022-03-16,20.75,79.75,299.82,0.19,301.97
2022-03-16,21.0,78.75,299.12,1.3,301.32
2022-03-16,21.0,79.0,302.35,1.34,301.69
2022-03-16,21.0,79.25,298.92,0.71,300.91
2022-03-16,21.0,79.5,300.08,4.87,300.97
2022-03-16,21.0,79.75,299.52,0.0,300.95
2022-03-16,21.25,78.75,299.55,3.3,300.33
2022-03-16,21.25,79.0,297.85,0.0,301.56
2022-03-16,21.25,79.25,302.9,0.8,301.14
2022-03-16,21.25,79.5,296.75,5.82,300.31
2022-03-16,21.25,79.75,301.67,0.13,300.7
2022-03-16,21.5,78.75,299.92,5.86,300.52
2022-03-16,21.5,79.0,297.12,2.99,301.58
2022-03-16,21.5,79.25,300.13,0.0,300.97
2022-03-16,21.5,79.5,299.13,0.15,301.1
2022-03-16,21.5,79.75,300.79,0.27,300.35
2022-03-16,21.75,78.75,299.24,3.51,300.64
2022-03-16,21.75,79.0,302.21,0.0,301.68
2022-03-16,21.75,79.25,300.81,2.32,300.93
2022-03-16,21.75,79.5,298.04,1.45,300.71
2022-03-16,21.75,79.75,295.93,0.51,301.75
2022-03-17,20.75,78.75,301.36,0.0,300.45
2022-03-17,20.75,79.0,298.9,3.53,302.14
2022-03-17,20.75,79.25,300.36,0.0,301.34
2022-03-17,20.75,79.5,298.67,5.87,300.46
2022-03-17,20.75,79.75,298.13,0.0,300.78
2022-03-17,21.0,78.75,299.78,0.91,300.09
2022-03-17,21.0,79.0,299.47,0.75,300.94
2022-03-17,21.0,79.25,298.19,2.41,301.55
2022-03-17,21.0,79.5,299.13,0.0,301.14
2022-03-17,21.0,79.75,300.99,0.0,300.54
2022-03-17,21.25,78.75,300.09,1.12,301.46
2022-03-17,21.25,79.0,298.45,0.51,301.48
2022-03-17,21.25,79.25,302.04,0.0,301.38
2022-03-17,21.25,79.5,300.44,0.0,300.7
2022-03-17,21.25,79.75,297.96,0.0,301.09
2022-03-17,21.5,78.75,298.33,0.0,301.23
2022-03-17,21.5,79.0,300.09,0.0,302.11
2022-03-17,21.5,79.25,301.03,0.0,300.92
2022-03-17,21.5,79.5,299.69,3.08,301.03
2022-03-17,21.5,79.75,299.96,2.62,302.17
2022-03-17,21.75,78.75,299.86,0.0,300.16
2022-03-17,21.75,79.0,301.05,4.57,301.7
2022-03-17,21.75,79.25,299.62,0.0,301.0
2022-03-17,21.75,79.5,300.32,1.22,301.41
2022-03-17,21.75,79.75,301.05,0.0,301.57
2022-03-18,20.75,78.75,300.46,0.0,301.13
2022-03-18,20.75,79.0,299.99,5.71,299.95
2022-03-18,20.75,79.25,300.82,0.0,300.78
2022-03-18,20.75,79.5,298.1,5.65,301.53
2022-03-18,20.75,79.75,299.37,0.0,301.11
2022-03-18,21.0,78.75,299.02,0.0,300.59
2022-03-18,21.0,79.0,301.4,0.0,301.63
2022-03-18,21.0,79.25,301.01,0.0,301.09
2022-03-18,21.0,79.5,301.1,0.94,301.55
2022-03-18,21.0,79.75,301.28,0.0,301.31
2022-03-18,21.25,78.75,301.34,2.6,300.7
2022-03-18,21.25,79.0,302.58,0.24,300.74
2022-03-18,21.25,79.25,299.36,0.0,301.32
2022-03-18,21.25,79.5,301.77,6.15,301.86
2022-03-18,21.25,79.75,298.68,4.83,300.2
2022-03-18,21.5,78.75,300.84,2.33,301.22
2022-03-18,21.5,79.0,299.68,0.0,300.83
2022-03-18,21.5,79.25,298.53,3.16,301.17
2022-03-18,21.5,79.5,299.41,0.13,301.66
2022-03-18,21.5,79.75,302.09,2.46,301.15
2022-03-18,21.75,78.75,302.57,1.04,301.53
2022-03-18,21.75,79.0,301.15,0.0,301.3
2022-03-18,21.75,79.25,300.01,0.0,301.09
2022-03-18,21.75,79.5,300.5,0.0,301.48
2022-03-18,21.75,79.75,302.44,0.0,301.12
2022-03-19,20.75,78.75,297.96,0.0,301.01
2022-03-19,20.75,79.0,298.39,3.29,301.59
2022-03-19,20.75,79.25,300.23,0.0,301.56
2022-03-19,20.75,79.5,299.43,0.0,301.47
2022-03-19,20.75,79.75,301.67,1.97,301.27
2022-03-19,21.0,78.75,300.11,0.0,300.9
2022-03-19,21.0,79.0,299.18,0.0,301.49
2022-03-19,21.0,79.25,298.36,1.59,301.76
2022-03-19,21.0,79.5,300.04,0.29,301.12
2022-03-19,21.0,79.75,299.2,0.0,301.23
2022-03-19,21.25,78.75,299.62,0.0,301.46
2022-03-19,21.25,79.0,297.28,2.23,299.87
2022-03-19,21.25,79.25,299.86,0.9,301.02
2022-03-19,21.25,79.5,299.65,0.0,301.74
2022-03-19,21.25,79.75,299.34,0.0,301.62
2022-03-19,21.5,78.75,301.21,2.25,301.35
2022-03-19,21.5,79.0,298.84,0.0,300.87
2022-03-19,21.5,79.25,299.69,0.0,299.86
2022-03-19,21.5,79.5,300.7,0.0,301.54
2022-03-19,21.5,79.75,299.09,1.14,300.39
2022-03-19,21.75,78.75,301.37,0.0,300.55
2022-03-19,21.75,79.0,301.46,0.0,301.42
2022-03-19,21.75,79.25,299.25,4.48,300.9
2022-03-19,21.75,79.5,298.22,0.0,300.82
2022-03-19,21.75,79.75,301.42,1.5,300.38
2022-03-20,20.75,78.75,297.69,0.0,300.82
2022-03-20,20.75,79.0,302.19,2.26,301.23
2022-03-20,20.75,79.25,304.46,0.13,300.57
2022-03-20,20.75,79.5,300.08,0.0,300.99
2022-03-20,20.75,79.75,300.37,0.0,301.44
2022-03-20,21.0,78.75,299.54,0.0,301.6
2022-03-20,21.0,79.0,299.03,0.0,301.22
2022-03-20,21.0,79.25,303.2,0.0,301.71
2022-03-20,21.0,79.5,301.44,2.33,300.74
2022-03-20,21.0,79.75,299.43,0.0,301.22
2022-03-20,21.25,78.75,299.24,0.71,301.56
2022-03-20,21.25,79.0,300.5,0.0,301.95
2022-03-20,21.25,79.25,300.67,0.0,301.69
2022-03-20,21.25,79.5,299.25,0.71,300.24
2022-03-20,21.25,79.75,298.57,0.0,301.77
2022-03-20,21.5,78.75,299.1,0.71,300.59
2022-03-20,21.5,79.0,302.09,0.39,301.07
2022-03-20,21.5,79.25,298.75,0.0,301.12
2022-03-20,21.5,79.5,301.71,13.52,301.23
2022-03-20,21.5,79.75,299.8,0.28,301.06
2022-03-20,21.75,78.75,301.31,0.0,301.46
2022-03-20,21.75,79.0,300.42,2.33,300.89
2022-03-20,21.75,79.25,299.36,0.0,301.1
2022-03-20,21.75,79.5,297.87,0.0,300.94
2022-03-20,21.75,79.75,299.41,2.27,302.03
2022-03-21,20.75,78.75,300.89,2.78,300.96
2022-03-21,20.75,79.0,302.37,0.0,301.32
2022-03-21,20.75,79.25,301.32,0.82,300.54
2022-03-21,20.75,79.5,297.51,0.0,300.86
2022-03-21,20.75,79.75,298.12,3.41,301.23
2022-03-21,21.0,78.75,301.76,0.0,300.34
2022-03-21,21.0,79.0,299.85,0.0,301.45
2022-03-21,21.0,79.25,301.19,0.22,301.47
2022-03-21,21.0,79.5,299.36,4.28,301.26
2022-03-21,21.0,79.75,298.32,0.46,300.61
2022-03-21,21.25,78.75,301.52,4.46,301.28
2022-03-21,21.25,79.0,298.18,0.0,301.02
2022-03-21,21.25,79.25,300.24,0.0,301.23
2022-03-21,21.25,79.5,300.58,0.0,300.64
2022-03-21,21.25,79.75,301.97,0.49,300.66
2022-03-21,21.5,78.75,298.24,0.01,301.59
2022-03-21,21.5,79.0,302.48,0.0,301.11
2022-03-21,21.5,79.25,298.86,2.74,300.82
2022-03-21,21.5,79.5,297.16,0.0,301.49
2022-03-21,21.5,79.75,299.59,1.03,300.55
2022-03-21,21.75,78.75,297.43,0.53,300.2
2022-03-21,21.75,79.0,302.04,0.65,301.03
2022-03-21,21.75,79.25,301.71,0.0,300.07
2022-03-21,21.75,79.5,300.48,0.0,301.23
2022-03-21,21.75,79.75,299.04,0.0,300.33
2022-03-22,20.75,78.75,301.21,2.51,301.36
2022-03-22,20.75,79.0,299.36,2.57,301.21
2022-03-22,20.75,79.25,302.18,0.0,301.01
2022-03-22,20.75,79.5,295.95,0.0,300.77
2022-03-22,20.75,79.75,302.38,0.96,301.2
2022-03-22,21.0,78.75,299.96,0.77,301.13
2022-03-22,21.0,79.0,302.52,0.0,301.0
2022-03-22,21.0,79.25,299.42,1.83,301.29
2022-03-22,21.0,79.5,300.81,0.0,301.24
2022-03-22,21.0,79.75,300.36,0.0,301.17
2022-03-22,21.25,78.75,301.16,0.0,301.81
2022-03-22,21.25,79.0,300.03,0.0,300.93
2022-03-22,21.25,79.25,300.28,0.0,301.0
2022-03-22,21.25,79.5,301.42,0.0,301.34
2022-03-22,21.25,79.75,299.5,1.34,300.63
2022-03-22,21.5,78.75,303.99,0.23,301.5
2022-03-22,21.5,79.0,302.69,0.0,300.89
2022-03-22,21.5,79.25,298.91,1.2,301.14
2022-03-22,21.5,79.5,300.22,0.0,300.17
2022-03-22,21.5,79.75,300.28,0.0,301.0
2022-03-22,21.75,78.75,301.12,2.41,301.44
2022-03-22,21.75,79.0,300.43,0.0,300.54
2022-03-22,21.75,79.25,300.15,0.0,300.16
2022-03-22,21.75,79.5,302.39,0.0,300.91
2022-03-22,21.75,79.75,300.98,5.91,300.88
2022-03-23,20.75,78.75,299.0,0.0,301.64
2022-03-23,20.75,79.0,300.77,0.0,300.69
2022-03-23,20.75,79.25,299.64,0.0,301.08
2022-03-23,20.75,79.5,302.41,0.0,300.42
2022-03-23,20.75,79.75,299.37,4.41,301.28
2022-03-23,21.0,78.75,298.03,0.0,299.89
2022-03-23,21.0,79.0,300.97,0.0,301.92
2022-03-23,21.0,79.25,301.1,0.0,300.59
2022-03-23,21.0,79.5,299.51,0.0,299.66
2022-03-23,21.0,79.75,302.26,0.0,300.56
2022-03-23,21.25,78.75,303.27,8.57,301.1
2022-03-23,21.25,79.0,298.0,0.0,300.93
2022-03-23,21.25,79.25,301.26,0.0,300.41
2022-03-23,21.25,79.5,301.16,0.87,301.52
2022-03-23,21.25,79.75,298.74,0.0,300.86
2022-03-23,21.5,78.75,301.1,0.0,302.23
2022-03-23,21.5,79.0,301.86,0.0,300.44
2022-03-23,21.5,79.25,301.21,0.0,301.19
2022-03-23,21.5,79.5,302.92,0.0,300.32
2022-03-23,21.5,79.75,297.95,0.0,300.96
2022-03-23,21.75,78.75,300.05,0.0,301.39
2022-03-23,21.75,79.0,297.56,2.08,300.78
2022-03-23,21.75,79.25,300.97,0.0,300.74
2022-03-23,21.75,79.5,299.04,1.89,301.36
2022-03-23,21.75,79.75,298.47,4.32,300.42
2022-03-24,20.75,78.75,298.78,0.0,300.76
2022-03-24,20.75,79.0,301.53,1.1,301.49
2022-03-24,20.75,79.25,298.91,0.0,301.14
2022-03-24,20.75,79.5,298.18,1.33,301.37
2022-03-24,20.75,79.75,301.43,3.07,301.2
2022-03-24,21.0,78.75,302.41,0.0,300.43
2022-03-24,21.0,79.0,299.88,1.78,300.41
2022-03-24,21.0,79.25,300.68,0.0,300.18
2022-03-24,21.0,79.5,299.17,0.0,300.7
2022-03-24,21.0,79.75,299.31,1.42,300.12
2022-03-24,21.25,78.75,303.32,0.0,300.98
2022-03-24,21.25,79.0,298.21,0.0,301.42
2022-03-24,21.25,79.25,299.63,1.49,300.69
2022-03-24,21.25,79.5,300.6,5.69,301.19
2022-03-24,21.25,79.75,301.92,0.0,300.63
2022-03-24,21.5,78.75,297.91,4.05,301.48
2022-03-24,21.5,79.0,300.9,0.0,300.23
2022-03-24,21.5,79.25,300.19,0.43,300.7
2022-03-24,21.5,79.5,299.82,2.14,300.23
2022-03-24,21.5,79.75,301.87,0.0,300.34
2022-03-24,21.75,78.75,300.41,0.34,301.48
2022-03-24,21.75,79.0,300.71,0.0,301.05
2022-03-24,21.75,79.25,299.99,2.79,301.59
2022-03-24,21.75,79.5,299.34,1.27,300.96
2022-03-24,21.75,79.75,299.49,0.0,300.01
2022-03-25,20.75,78.75,300.46,0.0,301.33
2022-03-25,20.75,79.0,302.06,0.2,300.82
2022-03-25,20.75,79.25,300.32,0.0,300.67
2022-03-25,20.75,79.5,302.18,0.0,300.92
2022-03-25,20.75,79.75,299.92,0.0,300.57
2022-03-25,21.0,78.75,299.73,0.0,300.25
2022-03-25,21.0,79.0,299.9,0.0,301.22
2022-03-25,21.0,79.25,299.33,0.0,300.28
2022-03-25,21.0,79.5,298.87,1.98,301.1
2022-03-25,21.0,79.75,300.01,0.0,301.05
2022-03-25,21.25,78.75,302.85,0.0,301.4
2022-03-25,21.25,79.0,302.59,0.0,300.65
2022-03-25,21.25,79.25,300.15,0.22,300.56
2022-03-25,21.25,79.5,300.85,0.0,300.9
2022-03-25,21.25,79.75,299.86,0.0,300.25
2022-03-25,21.5,78.75,301.51,0.0,300.99
2022-03-25,21.5,79.0,298.84,2.35,300.54
2022-03-25,21.5,79.25,301.91,2.24,300.66
2022-03-25,21.5,79.5,300.06,0.0,301.87
2022-03-25,21.5,79.75,299.09,0.0,301.07
2022-03-25,21.75,78.75,302.72,0.55,300.73
2022-03-25,21.75,79.0,300.9,0.34,300.93
2022-03-25,21.75,79.25,299.77,0.0,300.77
2022-03-25,21.75,79.5,298.28,2.47,301.27
2022-03-25,21.75,79.75,299.03,0.0,301.3
2022-03-26,20.75,78.75,300.19,1.25,300.83
2022-03-26,20.75,79.0,299.48,0.64,300.67
2022-03-26,20.75,79.25,300.51,0.0,300.75
2022-03-26,20.75,79.5,301.2,0.0,301.55
2022-03-26,20.75,79.75,298.75,0.0,300.3
2022-03-26,21.0,78.75,299.77,0.0,301.42
2022-03-26,21.0,79.0,299.74,0.0,301.54
2022-03-26,21.0,79.25,301.65,0.5,300.72
2022-03-26,21.0,79.5,301.92,0.0,300.85
2022-03-26,21.0,79.75,301.08,0.0,301.35
2022-03-26,21.25,78.75,300.44,4.91,301.21
2022-03-26,21.25,79.0,298.49,1.45,301.73
2022-03-26,21.25,79.25,301.19,0.74,301.12
2022-03-26,21.25,79.5,299.93,0.09,301.5
2022-03-26,21.25,79.75,302.25,0.0,300.81
2022-03-26,21.5,78.75,300.34,1.35,300.72
2022-03-26,21.5,79.0,299.07,0.0,301.19
2022-03-26,21.5,79.25,301.05,0.19,301.39
2022-03-26,21.5,79.5,302.27,0.0,301.76
2022-03-26,21.5,79.75,299.6,0.0,300.86
2022-03-26,21.75,78.75,300.76,0.0,300.75
2022-03-26,21.75,79.0,303.55,0.0,301.94
2022-03-26,21.75,79.25,300.76,0.0,299.85
2022-03-26,21.75,79.5,300.57,4.15,301.7
2022-03-26,21.75,79.75,303.38,0.0,301.92
2022-03-27,20.75,78.75,302.75,0.0,300.32
2022-03-27,20.75,79.0,301.88,0.03,301.0
2022-03-27,20.75,79.25,304.44,0.0,300.46
2022-03-27,20.75,79.5,300.83,0.0,301.05
2022-03-27,20.75,79.75,298.09,0.0,300.56
2022-03-27,21.0,78.75,301.0,0.0,300.86
2022-03-27,21.0,79.0,301.33,0.41,300.04
2022-03-27,21.0,79.25,299.69,0.0,301.21
2022-03-27,21.0,79.5,298.55,1.65,301.25
2022-03-27,21.0,79.75,302.24,0.0,300.07
2022-03-27,21.25,78.75,302.12,0.66,300.62
2022-03-27,21.25,79.0,301.9,1.75,300.71
2022-03-27,21.25,79.25,301.88,0.92,300.37
2022-03-27,21.25,79.5,300.43,0.0,300.56
2022-03-27,21.25,79.75,302.08,0.0,300.56
2022-03-27,21.5,78.75,302.07,1.55,301.3
2022-03-27,21.5,79.0,299.61,0.0,300.14
2022-03-27,21.5,79.25,300.79,1.75,301.19
2022-03-27,21.5,79.5,299.19,1.02,300.13
2022-03-27,21.5,79.75,300.72,0.0,299.93
2022-03-27,21.75,78.75,301.96,1.98,300.46
2022-03-27,21.75,79.0,301.78,0.0,300.14
2022-03-27,21.75,79.25,302.56,0.0,301.41
2022-03-27,21.75,79.5,301.46,0.0,301.6
2022-03-27,21.75,79.75,302.25,3.66,300.93
2022-03-28,20.75,78.75,299.26,0.0,300.82
2022-03-28,20.75,79.0,298.8,0.0,299.52
2022-03-28,20.75,79.25,300.08,0.0,301.16
2022-03-28,20.75,79.5,301.05,2.07,299.79
2022-03-28,20.75,79.75,301.17,0.0,300.48
2022-03-28,21.0,78.75,301.5,2.76,300.4
2022-03-28,21.0,79.0,301.71,0.0,300.4
2022-03-28,21.0,79.25,300.57,0.0,301.33
2022-03-28,21.0,79.5,303.11,0.0,300.89
2022-03-28,21.0,79.75,300.4,1.65,300.43
2022-03-28,21.25,78.75,301.53,0.0,300.29
2022-03-28,21.25,79.0,302.23,0.0,300.73
2022-03-28,21.25,79.25,299.33,0.0,301.36
2022-03-28,21.25,79.5,301.78,3.07,300.98
2022-03-28,21.25,79.75,300.61,0.0,300.87
2022-03-28,21.5,78.75,303.79,0.0,300.46
2022-03-28,21.5,79.0,299.69,0.0,301.13
2022-03-28,21.5,79.25,299.28,1.04,300.95
2022-03-28,21.5,79.5,300.75,0.43,301.33
2022-03-28,21.5,79.75,302.8,1.44,300.73
2022-03-28,21.75,78.75,301.44,0.3,300.97
2022-03-28,21.75,79.0,303.93,0.0,300.61
2022-03-28,21.75,79.25,299.53,0.0,300.73
2022-03-28,21.75,79.5,300.2,0.0,300.97
2022-03-28,21.75,79.75,302.91,0.0,301.31
2022-03-29,20.75,78.75,301.78,0.0,301.15
2022-03-29,20.75,79.0,302.18,5.1,300.3
2022-03-29,20.75,79.25,302.73,0.0,301.03
2022-03-29,20.75,79.5,301.2,1.81,301.38
2022-03-29,20.75,79.75,299.75,0.0,300.43
2022-03-29,21.0,78.75,303.87,0.0,301.16
2022-03-29,21.0,79.0,298.68,0.0,301.41
2022-03-29,21.0,79.25,299.43,0.71,300.07
2022-03-29,21.0,79.5,301.41,0.0,300.94
2022-03-29,21.0,79.75,299.16,0.0,300.38
2022-03-29,21.25,78.75,302.09,0.0,301.79
2022-03-29,21.25,79.0,303.56,0.98,301.35
2022-03-29,21.25,79.25,300.17,0.0,300.76
2022-03-29,21.25,79.5,300.84,2.02,300.69
2022-03-29,21.25,79.75,301.04,0.0,300.6
2022-03-29,21.5,78.75,303.15,0.71,300.99
2022-03-29,21.5,79.0,300.09,2.26,300.82
2022-03-29,21.5,79.25,300.22,0.0,301.59
2022-03-29,21.5,79.5,299.02,8.33,299.99
2022-03-29,21.5,79.75,299.32,3.14,300.41
2022-03-29,21.75,78.75,300.12,0.0,300.06
2022-03-29,21.75,79.0,296.48,0.0,301.14
2022-03-29,21.75,79.25,303.32,0.0,300.62
2022-03-29,21.75,79.5,300.18,4.68,300.7
2022-03-29,21.75,79.75,301.2,0.0,300.31
2022-03-30,20.75,78.75,300.86,0.0,301.06
2022-03-30,20.75,79.0,300.93,0.07,301.12
2022-03-30,20.75,79.25,303.73,0.0,300.68
2022-03-30,20.75,79.5,302.61,0.0,301.9
2022-03-30,20.75,79.75,299.17,0.0,300.78
2022-03-30,21.0,78.75,302.08,0.39,301.09
2022-03-30,21.0,79.0,298.93,5.43,299.98
2022-03-30,21.0,79.25,301.65,0.0,301.18
2022-03-30,21.0,79.5,303.78,0.0,300.77
2022-03-30,21.0,79.75,299.9,0.0,300.88
2022-03-30,21.25,78.75,302.96,3.78,301.07
2022-03-30,21.25,79.0,299.88,0.0,301.12
2022-03-30,21.25,79.25,298.4,4.47,300.56
2022-03-30,21.25,79.5,303.22,0.0,301.11
2022-03-30,21.25,79.75,301.42,0.0,300.44
2022-03-30,21.5,78.75,301.61,2.86,300.09
2022-03-30,21.5,79.0,302.02,0.0,300.34
2022-03-30,21.5,79.25,298.81,0.0,300.93
2022-03-30,21.5,79.5,301.55,0.0,300.71
2022-03-30,21.5,79.75,302.0,1.2,300.36
2022-03-30,21.75,78.75,301.0,4.47,300.66
2022-03-30,21.75,79.0,300.02,3.78,300.52
2022-03-30,21.75,79.25,302.11,0.8,301.94
2022-03-30,21.75,79.5,303.77,0.0,300.71
2022-03-30,21.75,79.75,301.91,2.63,300.88
2022-03-31,20.75,78.75,301.75,2.21,300.44
2022-03-31,20.75,79.0,300.93,0.0,300.32
2022-03-31,20.75,79.25,300.16,0.0,301.57
2022-03-31,20.75,79.5,300.26,0.0,300.43
2022-03-31,20.75,79.75,300.08,4.12,300.89
2022-03-31,21.0,78.75,300.92,0.0,300.29
2022-03-31,21.0,79.0,300.05,0.18,299.93
2022-03-31,21.0,79.25,299.82,0.0,300.0
2022-03-31,21.0,79.5,301.51,0.0,300.77
2022-03-31,21.0,79.75,298.89,1.01,300.82
2022-03-31,21.25,78.75,300.92,0.0,301.73
2022-03-31,21.25,79.0,298.37,0.0,300.61
2022-03-31,21.25,79.25,302.4,0.0,300.65
2022-03-31,21.25,79.5,304.44,0.0,300.23
2022-03-31,21.25,79.75,298.53,10.66,301.64
2022-03-31,21.5,78.75,300.4,0.0,301.19
2022-03-31,21.5,79.0,304.3,0.0,300.88
2022-03-31,21.5,79.25,300.9,1.81,300.73
2022-03-31,21.5,79.5,301.97,7.0,300.63
2022-03-31,21.5,79.75,303.31,0.0,301.22
2022-03-31,21.75,78.75,302.1,0.0,301.39
2022-03-31,21.75,79.0,298.82,0.0,300.16
2022-03-31,21.75,79.25,299.44,0.0,301.2
2022-03-31,21.75,79.5,299.85,0.0,300.5
2022-03-31,21.75,79.75,302.91,0.0,301.0
2022-04-01,20.75,78.75,300.62,0.0,300.68
2022-04-01,20.75,79.0,299.95,0.0,301.32
2022-04-01,20.75,79.25,301.49,0.53,300.68
2022-04-01,20.75,79.5,301.34,0.0,300.73
2022-04-01,20.75,79.75,304.51,0.0,300.73
2022-04-01,21.0,78.75,300.45,0.0,300.78
2022-04-01,21.0,79.0,299.54,0.0,300.48
2022-04-01,21.0,79.25,301.05,0.0,302.26
2022-04-01,21.0,79.5,301.52,0.74,300.19
2022-04-01,21.0,79.75,301.95,1.48,300.88
2022-04-01,21.25,78.75,300.95,0.0,300.62
2022-04-01,21.25,79.0,300.11,0.0,300.77
2022-04-01,21.25,79.25,300.06,8.11,300.99
2022-04-01,21.25,79.5,301.73,0.0,301.15
2022-04-01,21.25,79.75,301.99,1.21,300.97
2022-04-01,21.5,78.75,303.63,0.0,301.56
2022-04-01,21.5,79.0,301.65,0.32,300.92
2022-04-01,21.5,79.25,302.08,0.0,300.21
2022-04-01,21.5,79.5,302.27,1.23,301.55
2022-04-01,21.5,79.75,304.36,0.0,301.24
2022-04-01,21.75,78.75,300.25,0.0,300.88
2022-04-01,21.75,79.0,301.71,0.0,300.47
2022-04-01,21.75,79.25,302.23,0.0,300.94
2022-04-01,21.75,79.5,301.08,0.0,301.23
2022-04-01,21.75,79.75,303.34,0.4,301.06
2022-04-02,20.75,78.75,301.73,0.0,301.21
2022-04-02,20.75,79.0,303.14,0.82,299.66
2022-04-02,20.75,79.25,302.6,0.0,300.29
2022-04-02,20.75,79.5,299.78,2.45,300.73
2022-04-02,20.75,79.75,300.01,0.0,301.72
2022-04-02,21.0,78.75,300.44,1.29,300.56
2022-04-02,21.0,79.0,301.08,3.24,300.82
2022-04-02,21.0,79.25,302.05,2.52,301.9
2022-04-02,21.0,79.5,300.61,0.45,301.18
2022-04-02,21.0,79.75,301.82,0.0,301.02
2022-04-02,21.25,78.75,299.16,4.3,300.1
2022-04-02,21.25,79.0,300.37,0.0,301.29
2022-04-02,21.25,79.25,303.31,1.4,300.99
2022-04-02,21.25,79.5,301.15,0.0,300.21
2022-04-02,21.25,79.75,302.31,0.0,300.82
2022-04-02,21.5,78.75,303.13,0.01,300.33
2022-04-02,21.5,79.0,303.67,0.0,300.95
2022-04-02,21.5,79.25,304.14,0.28,300.57
2022-04-02,21.5,79.5,299.32,0.0,301.35
2022-04-02,21.5,79.75,302.39,0.0,301.07
2022-04-02,21.75,78.75,302.34,0.0,300.89
2022-04-02,21.75,79.0,302.52,1.78,300.9
2022-04-02,21.75,79.25,299.75,0.0,299.96
2022-04-02,21.75,79.5,299.17,0.0,299.43
2022-04-02,21.75,79.75,301.53,2.19,300.82
2022-04-03,20.75,78.75,300.97,0.22,301.41
2022-04-03,20.75,79.0,302.05,0.52,300.0
2022-04-03,20.75,79.25,301.56,2.08,300.93
2022-04-03,20.75,79.5,300.73,0.78,301.4
2022-04-03,20.75,79.75,301.77,0.96,301.12
2022-04-03,21.0,78.75,301.78,1.19,300.38
2022-04-03,21.0,79.0,303.39,0.0,301.05
2022-04-03,21.0,79.25,299.68,0.0,300.74
2022-04-03,21.0,79.5,304.75,0.0,301.0
2022-04-03,21.0,79.75,302.28,4.14,300.37
2022-04-03,21.25,78.75,298.28,0.0,301.36
2022-04-03,21.25,79.0,300.19,0.0,301.29
2022-04-03,21.25,79.25,302.69,0.0,301.03
2022-04-03,21.25,79.5,301.99,2.5,301.26
2022-04-03,21.25,79.75,301.22,3.64,301.06
2022-04-03,21.5,78.75,303.07,0.0,300.48
2022-04-03,21.5,79.0,298.58,0.0,300.16
2022-04-03,21.5,79.25,300.94,0.0,300.42
2022-04-03,21.5,79.5,300.7,3.54,301.43
2022-04-03,21.5,79.75,302.94,2.0,300.59
2022-04-03,21.75,78.75,302.98,0.0,299.97
2022-04-03,21.75,79.0,303.72,0.0,300.51
2022-04-03,21.75,79.25,300.72,2.11,300.81
2022-04-03,21.75,79.5,300.57,3.6,302.22
2022-04-03,21.75,79.75,302.11,1.4,300.84
2022-04-04,20.75,78.75,299.2,0.6,300.93
2022-04-04,20.75,79.0,302.03,1.54,301.35
2022-04-04,20.75,79.25,300.15,2.5,300.39
2022-04-04,20.75,79.5,301.0,4.4,300.15
2022-04-04,20.75,79.75,303.94,0.0,301.96
2022-04-04,21.0,78.75,301.88,6.42,301.28
2022-04-04,21.0,79.0,302.4,0.0,301.22
2022-04-04,21.0,79.25,302.56,0.57,299.65
2022-04-04,21.0,79.5,303.43,3.64,300.97
2022-04-04,21.0,79.75,301.78,0.0,300.85
2022-04-04,21.25,78.75,300.0,1.0,301.13
2022-04-04,21.25,79.0,301.96,0.0,300.84
2022-04-04,21.25,79.25,301.5,0.0,300.51
2022-04-04,21.25,79.5,299.4,1.2,301.58
2022-04-04,21.25,79.75,302.41,2.11,300.81
2022-04-04,21.5,78.75,300.87,0.17,301.19
2022-04-04,21.5,79.0,302.58,0.59,300.35
2022-04-04,21.5,79.25,302.11,0.0,300.12
2022-04-04,21.5,79.5,300.66,0.0,300.69
2022-04-04,21.5,79.75,298.64,0.39,301.24
2022-04-04,21.75,78.75,302.5,0.0,300.93
2022-04-04,21.75,79.0,298.6,0.0,300.38
2022-04-04,21.75,79.25,299.24,0.0,300.57
2022-04-04,21.75,79.5,303.63,0.0,300.56
2022-04-04,21.75,79.75,300.28,1.01,301.07
2022-04-05,20.75,78.75,301.07,0.0,301.42
2022-04-05,20.75,79.0,301.27,0.17,301.31
2022-04-05,20.75,79.25,304.33,0.38,301.75
2022-04-05,20.75,79.5,297.68,0.0,300.68
2022-04-05,20.75,79.75,301.74,0.0,300.94
2022-04-05,21.0,78.75,302.63,3.17,300.89
2022-04-05,21.0,79.0,300.34,0.0,300.39
2022-04-05,21.0,79.25,300.98,2.68,300.12
2022-04-05,21.0,79.5,301.04,0.0,300.52
2022-04-05,21.0,79.75,300.5,0.0,300.62
2022-04-05,21.25,78.75,302.77,0.0,301.07
2022-04-05,21.25,79.0,302.38,0.18,301.42
2022-04-05,21.25,79.25,301.91,0.0,301.07
2022-04-05,21.25,79.5,298.35,0.0,299.74
2022-04-05,21.25,79.75,302.02,0.0,299.88
2022-04-05,21.5,78.75,303.79,0.0,301.11
2022-04-05,21.5,79.0,303.86,0.04,300.5
2022-04-05,21.5,79.25,302.7,0.0,300.94
2022-04-05,21.5,79.5,303.62,11.72,301.2
2022-04-05,21.5,79.75,300.58,0.52,300.63
2022-04-05,21.75,78.75,301.23,3.11,300.62
2022-04-05,21.75,79.0,301.12,2.3,300.96
2022-04-05,21.75,79.25,302.27,0.0,301.54
2022-04-05,21.75,79.5,303.04,0.0,300.43
2022-04-05,21.75,79.75,302.13,3.46,300.93
2022-04-06,20.75,78.75,301.21,1.8,300.28
2022-04-06,20.75,79.0,302.63,5.25,300.24
2022-04-06,20.75,79.25,299.47,1.9,300.68
2022-04-06,20.75,79.5,302.04,0.49,301.39
2022-04-06,20.75,79.75,301.22,2.02,300.25
2022-04-06,21.0,78.75,304.41,0.0,301.18
2022-04-06,21.0,79.0,301.34,0.9,300.67
2022-04-06,21.0,79.25,301.28,0.0,300.26
2022-04-06,21.0,79.5,302.64,0.0,300.87
2022-04-06,21.0,79.75,302.57,0.0,300.36
2022-04-06,21.25,78.75,302.29,0.0,300.52
2022-04-06,21.25,79.0,301.52,0.0,300.04
2022-04-06,21.25,79.25,303.06,1.24,299.92
2022-04-06,21.25,79.5,303.67,3.25,299.84
2022-04-06,21.25,79.75,301.29,3.4,300.38
2022-04-06,21.5,78.75,300.32,3.84,299.95
2022-04-06,21.5,79.0,301.88,0.95,300.83
2022-04-06,21.5,79.25,303.7,0.0,300.36
2022-04-06,21.5,79.5,300.2,0.0,299.97
2022-04-06,21.5,79.75,303.15,6.42,301.26
2022-04-06,21.75,78.75,305.57,0.0,300.26
2022-04-06,21.75,79.0,302.99,0.0,300.82
2022-04-06,21.75,79.25,303.96,0.0,301.18
2022-04-06,21.75,79.5,303.61,0.76,301.53
2022-04-06,21.75,79.75,304.49,0.0,300.44
2022-04-07,20.75,78.75,301.28,0.0,300.38
2022-04-07,20.75,79.0,301.16,0.0,300.42
2022-04-07,20.75,79.25,300.46,0.0,300.86
2022-04-07,20.75,79.5,301.45,0.17,300.27
2022-04-07,20.75,79.75,299.17,0.0,300.49
2022-04-07,21.0,78.75,300.42,2.36,300.87
2022-04-07,21.0,79.0,303.86,0.0,301.34
2022-04-07,21.0,79.25,301.85,2.6,301.19
2022-04-07,21.0,79.5,303.04,0.01,301.06
2022-04-07,21.0,79.75,302.28,0.0,300.29
2022-04-07,21.25,78.75,300.73,0.0,300.46
2022-04-07,21.25,79.0,301.61,0.0,300.8
2022-04-07,21.25,79.25,304.28,0.0,299.73
2022-04-07,21.25,79.5,300.58,8.12,300.78
2022-04-07,21.25,79.75,298.98,1.54,300.47
2022-04-07,21.5,78.75,304.83,0.0,300.49
2022-04-07,21.5,79.0,300.38,0.0,300.75
2022-04-07,21.5,79.25,302.82,0.0,301.03
2022-04-07,21.5,79.5,301.89,2.34,301.83
2022-04-07,21.5,79.75,300.47,0.11,300.45
2022-04-07,21.75,78.75,305.38,2.4,299.85
2022-04-07,21.75,79.0,300.93,1.36,301.04
2022-04-07,21.75,79.25,302.34,0.0,300.41
2022-04-07,21.75,79.5,304.59,0.78,299.9
2022-04-07,21.75,79.75,299.89,0.0,301.14
2022-04-08,20.75,78.75,302.61,0.0,300.87
2022-04-08,20.75,79.0,302.14,0.0,300.68
2022-04-08,20.75,79.25,301.57,0.82,300.25
2022-04-08,20.75,79.5,301.98,0.0,299.92
2022-04-08,20.75,79.75,303.79,4.75,300.56
2022-04-08,21.0,78.75,301.71,0.0,301.21
2022-04-08,21.0,79.0,299.5,0.03,300.79
2022-04-08,21.0,79.25,302.25,0.0,300.56
2022-04-08,21.0,79.5,299.44,0.0,301.52
2022-04-08,21.0,79.75,304.53,0.0,300.85
2022-04-08,21.25,78.75,298.74,0.02,299.52
2022-04-08,21.25,79.0,301.27,3.37,300.65
2022-04-08,21.25,79.25,299.86,0.0,300.47
2022-04-08,21.25,79.5,300.68,0.0,300.55
2022-04-08,21.25,79.75,302.51,0.87,299.68
2022-04-08,21.5,78.75,304.09,0.0,300.19
2022-04-08,21.5,79.0,301.48,3.67,299.88
2022-04-08,21.5,79.25,302.5,0.0,300.42
2022-04-08,21.5,79.5,303.13,7.09,301.42
2022-04-08,21.5,79.75,301.21,4.25,300.72
2022-04-08,21.75,78.75,303.07,0.34,300.36
2022-04-08,21.75,79.0,302.03,0.27,300.56
2022-04-08,21.75,79.25,307.74,2.7,301.23
2022-04-08,21.75,79.5,300.64,0.0,300.81
2022-04-08,21.75,79.75,301.66,0.0,301.46
2022-04-09,20.75,78.75,300.74,1.79,300.86
2022-04-09,20.75,79.0,300.91,0.0,300.54
2022-04-09,20.75,79.25,301.05,0.24,301.01
2022-04-09,20.75,79.5,301.96,0.0,301.51
2022-04-09,20.75,79.75,305.47,3.11,300.8
2022-04-09,21.0,78.75,302.66,0.82,300.17
2022-04-09,21.0,79.0,301.26,0.0,300.97
2022-04-09,21.0,79.25,302.31,0.0,300.57
2022-04-09,21.0,79.5,302.26,0.0,300.24
2022-04-09,21.0,79.75,303.69,0.0,300.66
2022-04-09,21.25,78.75,305.61,0.0,301.17
2022-04-09,21.25,79.0,300.5,0.0,301.02
2022-04-09,21.25,79.25,305.3,4.69,300.95
2022-04-09,21.25,79.5,303.74,0.28,299.58
2022-04-09,21.25,79.75,302.75,0.0,300.78
2022-04-09,21.5,78.75,302.21,0.0,301.01
2022-04-09,21.5,79.0,300.41,0.0,300.04
2022-04-09,21.5,79.25,304.13,0.0,300.74
2022-04-09,21.5,79.5,300.35,0.0,301.17
2022-04-09,21.5,79.75,302.1,0.0,300.15
2022-04-09,21.75,78.75,304.68,0.0,301.0
2022-04-09,21.75,79.0,303.02,0.0,300.16
2022-04-09,21.75,79.25,300.95,0.0,300.17
2022-04-09,21.75,79.5,304.43,0.0,300.69
2022-04-09,21.75,79.75,301.64,0.39,301.13
2022-04-10,20.75,78.75,303.36,0.4,301.47
2022-04-10,20.75,79.0,303.7,3.56,301.1
2022-04-10,20.75,79.25,306.67,0.0,300.74
2022-04-10,20.75,79.5,305.7,1.68,300.33
2022-04-10,20.75,79.75,301.87,2.57,301.06
2022-04-10,21.0,78.75,301.03,0.31,300.3
2022-04-10,21.0,79.0,304.99,0.0,300.6
2022-04-10,21.0,79.25,302.41,0.0,300.25
2022-04-10,21.0,79.5,305.55,2.34,300.93
2022-04-10,21.0,79.75,303.74,0.0,301.37
2022-04-10,21.25,78.75,303.38,2.4,300.67
2022-04-10,21.25,79.0,305.51,0.0,300.04
2022-04-10,21.25,79.25,300.83,3.13,300.41
2022-04-10,21.25,79.5,302.74,0.0,299.87
2022-04-10,21.25,79.75,304.18,0.0,300.11
2022-04-10,21.5,78.75,304.88,0.0,300.93
2022-04-10,21.5,79.0,303.72,0.0,300.01
2022-04-10,21.5,79.25,303.49,6.45,300.98
2022-04-10,21.5,79.5,302.69,0.0,299.11
2022-04-10,21.5,79.75,302.14,0.0,300.56
2022-04-10,21.75,78.75,303.9,1.25,300.41
2022-04-10,21.75,79.0,304.93,0.77,300.38
2022-04-10,21.75,79.25,304.15,7.22,300.8
2022-04-10,21.75,79.5,304.63,0.0,300.75
2022-04-10,21.75,79.75,302.8,0.54,301.08
2022-04-11,20.75,78.75,304.63,0.0,301.09
2022-04-11,20.75,79.0,302.71,0.0,301.21
2022-04-11,20.75,79.25,301.91,0.0,300.61
2022-04-11,20.75,79.5,305.07,0.0,301.09
2022-04-11,20.75,79.75,302.24,0.66,300.21
2022-04-11,21.0,78.75,302.56,0.0,301.11
2022-04-11,21.0,79.0,302.24,0.0,302.3
2022-04-11,21.0,79.25,305.58,0.41,301.09
2022-04-11,21.0,79.5,301.81,0.0,301.46
2022-04-11,21.0,79.75,304.21,1.14,300.07
2022-04-11,21.25,78.75,300.67,0.0,301.19
2022-04-11,21.25,79.0,302.3,0.0,300.59
2022-04-11,21.25,79.25,303.89,0.0,300.69
2022-04-11,21.25,79.5,305.01,0.0,300.89
2022-04-11,21.25,79.75,305.13,2.32,300.7
2022-04-11,21.5,78.75,303.64,0.0,300.77
2022-04-11,21.5,79.0,302.04,0.0,301.34
2022-04-11,21.5,79.25,299.41,0.0,300.95
2022-04-11,21.5,79.5,301.5,0.0,300.83
2022-04-11,21.5,79.75,302.69,1.24,300.34
2022-04-11,21.75,78.75,300.33,0.0,300.58
2022-04-11,21.75,79.0,302.24,0.0,300.24
2022-04-11,21.75,79.25,299.38,0.0,300.19
2022-04-11,21.75,79.5,300.26,0.0,300.93
2022-04-11,21.75,79.75,304.2,0.72,300.87
2022-04-12,20.75,78.75,300.59,0.0,300.34
2022-04-12,20.75,79.0,301.53,1.79,300.89
2022-04-12,20.75,79.25,302.02,0.0,301.66
2022-04-12,20.75,79.5,304.25,0.61,300.98
2022-04-12,20.75,79.75,301.68,0.0,301.1
2022-04-12,21.0,78.75,303.39,0.0,301.03
2022-04-12,21.0,79.0,302.39,2.37,300.46
2022-04-12,21.0,79.25,305.23,0.0,300.67
2022-04-12,21.0,79.5,303.31,0.68,300.69
2022-04-12,21.0,79.75,300.86,0.51,301.23
2022-04-12,21.25,78.75,303.28,2.78,301.04
2022-04-12,21.25,79.0,304.02,2.73,300.85
2022-04-12,21.25,79.25,301.35,0.0,301.5
2022-04-12,21.25,79.5,303.42,0.0,300.83
2022-04-12,21.25,79.75,302.05,0.0,301.02
2022-04-12,21.5,78.75,301.98,0.0,300.42
2022-04-12,21.5,79.0,302.98,0.0,301.7
2022-04-12,21.5,79.25,304.22,0.0,300.9
2022-04-12,21.5,79.5,303.45,0.0,300.43
2022-04-12,21.5,79.75,305.3,0.15,300.54
2022-04-12,21.75,78.75,301.28,0.0,300.9
2022-04-12,21.75,79.0,303.6,0.0,300.91
2022-04-12,21.75,79.25,304.87,0.7,300.54
2022-04-12,21.75,79.5,303.09,0.33,300.27
2022-04-12,21.75,79.75,301.82,0.0,299.98
2022-04-13,20.75,78.75,304.47,0.25,300.97
2022-04-13,20.75,79.0,300.41,0.0,300.24
2022-04-13,20.75,79.25,303.24,0.0,300.54
2022-04-13,20.75,79.5,302.81,0.74,301.9
2022-04-13,20.75,79.75,304.5,0.85,300.81
2022-04-13,21.0,78.75,301.1,0.0,300.34
2022-04-13,21.0,79.0,303.6,0.97,300.89
2022-04-13,21.0,79.25,301.98,1.06,299.9
2022-04-13,21.0,79.5,300.05,0.0,301.14
2022-04-13,21.0,79.75,304.81,0.0,300.71
2022-04-13,21.25,78.75,305.37,0.0,300.86
2022-04-13,21.25,79.0,302.43,1.78,300.64
2022-04-13,21.25,79.25,299.93,0.0,300.99
2022-04-13,21.25,79.5,301.29,0.89,300.43
2022-04-13,21.25,79.75,303.83,0.0,300.56
2022-04-13,21.5,78.75,303.19,0.0,300.48
2022-04-13,21.5,79.0,303.19,3.96,301.17
2022-04-13,21.5,79.25,302.25,0.0,300.51
2022-04-13,21.5,79.5,300.77,2.38,299.91
2022-04-13,21.5,79.75,304.8,1.97,300.51
2022-04-13,21.75,78.75,304.94,0.0,301.0
2022-04-13,21.75,79.0,301.79,1.44,299.98
2022-04-13,21.75,79.25,304.49,1.45,300.77
2022-04-13,21.75,79.5,304.41,2.16,300.85
2022-04-13,21.75,79.75,302.1,0.0,301.09
2022-04-14,20.75,78.75,302.72,0.0,301.14
2022-04-14,20.75,79.0,303.38,1.55,300.36
2022-04-14,20.75,79.25,302.81,3.07,301.18
2022-04-14,20.75,79.5,302.64,0.0,301.12
2022-04-14,20.75,79.75,303.05,0.0,300.56
2022-04-14,21.0,78.75,303.49,1.85,300.03
2022-04-14,21.0,79.0,303.73,0.0,300.49
2022-04-14,21.0,79.25,301.44,0.0,301.05
2022-04-14,21.0,79.5,305.97,0.0,300.73
2022-04-14,21.0,79.75,301.4,2.27,300.46
2022-04-14,21.25,78.75,305.54,1.17,300.16
2022-04-14,21.25,79.0,304.75,0.04,301.03
2022-04-14,21.25,79.25,301.34,0.0,300.53
2022-04-14,21.25,79.5,303.18,0.0,301.02
2022-04-14,21.25,79.75,303.05,0.0,300.19
2022-04-14,21.5,78.75,302.95,0.0,300.41
2022-04-14,21.5,79.0,303.15,0.0,300.73
2022-04-14,21.5,79.25,303.62,0.0,300.24
2022-04-14,21.5,79.5,303.51,0.0,300.33
2022-04-14,21.5,79.75,303.83,0.0,300.19
2022-04-14,21.75,78.75,303.31,0.0,301.16
2022-04-14,21.75,79.0,305.22,2.83,301.49
2022-04-14,21.75,79.25,302.83,0.04,300.01
2022-04-14,21.75,79.5,301.52,5.39,300.52
2022-04-14,21.75,79.75,306.35,0.0,300.44
2022-04-15,20.75,78.75,303.47,0.0,299.75
2022-04-15,20.75,79.0,303.79,3.22,300.22
2022-04-15,20.75,79.25,303.03,0.0,300.65
2022-04-15,20.75,79.5,302.59,0.0,300.25
2022-04-15,20.75,79.75,303.65,0.0,300.53
2022-04-15,21.0,78.75,304.88,1.58,301.16
2022-04-15,21.0,79.0,303.05,0.0,301.33
2022-04-15,21.0,79.25,304.84,0.65,300.98
2022-04-15,21.0,79.5,302.65,3.64,300.4
2022-04-15,21.0,79.75,302.48,0.0,300.54
2022-04-15,21.25,78.75,302.88,0.0,300.75
2022-04-15,21.25,79.0,302.67,0.0,300.9
2022-04-15,21.25,79.25,302.69,0.0,300.25
2022-04-15,21.25,79.5,303.92,2.19,301.14
2022-04-15,21.25,79.75,304.68,1.25,300.81
2022-04-15,21.5,78.75,303.34,0.0,300.24
2022-04-15,21.5,79.0,303.82,2.64,300.27
2022-04-15,21.5,79.25,301.68,0.41,300.28
2022-04-15,21.5,79.5,305.02,0.0,301.44
2022-04-15,21.5,79.75,300.79,0.0,300.06
2022-04-15,21.75,78.75,304.45,0.53,299.93
2022-04-15,21.75,79.0,302.06,0.0,300.59
2022-04-15,21.75,79.25,304.4,2.47,299.96
2022-04-15,21.75,79.5,303.03,0.0,300.66
2022-04-15,21.75,79.75,303.04,0.0,300.55
2022-04-16,20.75,78.75,303.07,4.45,299.91
2022-04-16,20.75,79.0,302.33,0.0,300.02
2022-04-16,20.75,79.25,303.43,2.07,301.75
2022-04-16,20.75,79.5,303.46,1.61,300.31
2022-04-16,20.75,79.75,305.8,0.68,300.97
2022-04-16,21.0,78.75,302.68,1.92,300.74
2022-04-16,21.0,79.0,302.42,0.32,300.1
2022-04-16,21.0,79.25,306.7,1.51,301.26
2022-04-16,21.0,79.5,301.21,0.28,300.11
2022-04-16,21.0,79.75,302.19,0.0,300.42
2022-04-16,21.25,78.75,302.09,1.67,299.9
2022-04-16,21.25,79.0,305.09,0.0,300.11
2022-04-16,21.25,79.25,304.99,0.63,300.71
2022-04-16,21.25,79.5,302.17,0.0,300.05
2022-04-16,21.25,79.75,301.97,7.6,300.61
2022-04-16,21.5,78.75,304.4,4.66,301.1
2022-04-16,21.5,79.0,299.17,3.25,301.2
2022-04-16,21.5,79.25,305.61,0.0,300.78
2022-04-16,21.5,79.5,302.21,0.0,300.69
2022-04-16,21.5,79.75,302.35,1.76,301.36
2022-04-16,21.75,78.75,302.36,0.0,300.44
2022-04-16,21.75,79.0,303.16,0.0,300.05
2022-04-16,21.75,79.25,303.62,0.0,301.03
2022-04-16,21.75,79.5,302.6,0.0,300.74
2022-04-16,21.75,79.75,303.93,2.93,300.13
2022-04-17,20.75,78.75,299.31,6.65,300.83
2022-04-17,20.75,79.0,304.22,0.0,300.07
2022-04-17,20.75,79.25,303.15,0.0,300.42
2022-04-17,20.75,79.5,302.44,3.6,301.06
2022-04-17,20.75,79.75,303.1,1.8,299.88
2022-04-17,21.0,78.75,301.65,0.0,299.59
2022-04-17,21.0,79.0,303.38,0.0,300.78
2022-04-17,21.0,79.25,301.39,0.0,301.53
2022-04-17,21.0,79.5,303.83,0.0,300.73
2022-04-17,21.0,79.75,304.9,0.0,300.94
2022-04-17,21.25,78.75,305.92,0.29,300.27
2022-04-17,21.25,79.0,303.39,2.24,301.01
2022-04-17,21.25,79.25,303.64,0.0,300.88
2022-04-17,21.25,79.5,303.7,0.0,300.99
2022-04-17,21.25,79.75,305.5,0.0,300.82
2022-04-17,21.5,78.75,299.99,2.44,300.02
2022-04-17,21.5,79.0,304.68,1.1,300.12
2022-04-17,21.5,79.25,303.68,0.0,300.93
2022-04-17,21.5,79.5,304.18,3.14,299.78
2022-04-17,21.5,79.75,302.61,0.0,299.73
2022-04-17,21.75,78.75,301.49,0.72,300.11
2022-04-17,21.75,79.0,305.74,0.0,301.08
2022-04-17,21.75,79.25,303.19,0.0,300.2
2022-04-17,21.75,79.5,302.11,2.36,300.57
2022-04-17,21.75,79.75,304.5,0.0,300.38
2022-04-18,20.75,78.75,306.77,1.02,299.62
2022-04-18,20.75,79.0,301.9,0.0,301.1
2022-04-18,20.75,79.25,303.45,2.36,301.96
2022-04-18,20.75,79.5,304.3,2.14,300.13
2022-04-18,20.75,79.75,302.12,0.0,300.41
2022-04-18,21.0,78.75,301.5,0.0,301.75
2022-04-18,21.0,79.0,300.91,0.0,300.56
2022-04-18,21.0,79.25,303.51,4.44,300.27
2022-04-18,21.0,79.5,301.76,0.67,300.81
2022-04-18,21.0,79.75,304.04,1.13,301.28
2022-04-18,21.25,78.75,302.86,3.6,300.39
2022-04-18,21.25,79.0,303.53,0.0,300.92
2022-04-18,21.25,79.25,302.15,0.04,300.88
2022-04-18,21.25,79.5,304.15,1.4,299.71
2022-04-18,21.25,79.75,304.27,0.5,300.89
2022-04-18,21.5,78.75,305.24,0.0,300.72
2022-04-18,21.5,79.0,301.23,0.0,300.69
2022-04-18,21.5,79.25,303.73,2.7,300.56
2022-04-18,21.5,79.5,303.59,3.48,300.29
2022-04-18,21.5,79.75,305.43,3.71,300.56
2022-04-18,21.75,78.75,302.86,1.72,299.79
2022-04-18,21.75,79.0,303.62,0.0,300.59
2022-04-18,21.75,79.25,303.23,0.48,300.46
2022-04-18,21.75,79.5,305.63,0.0,300.35
2022-04-18,21.75,79.75,302.94,0.0,300.94
2022-04-19,20.75,78.75,304.52,0.21,300.14
2022-04-19,20.75,79.0,301.94,0.0,300.39
2022-04-19,20.75,79.25,303.62,0.56,300.16
2022-04-19,20.75,79.5,303.28,0.73,301.19
2022-04-19,20.75,79.75,303.33,0.52,300.6
2022-04-19,21.0,78.75,303.06,1.09,301.48
2022-04-19,21.0,79.0,302.57,0.46,299.58
2022-04-19,21.0,79.25,303.16,0.0,300.08
2022-04-19,21.0,79.5,301.97,0.72,300.54
2022-04-19,21.0,79.75,303.87,0.0,300.59
2022-04-19,21.25,78.75,305.46,0.0,300.53
2022-04-19,21.25,79.0,303.33,0.03,300.57
2022-04-19,21.25,79.25,304.03,0.0,301.62
2022-04-19,21.25,79.5,302.41,1.26,299.53
2022-04-19,21.25,79.75,302.16,0.0,300.71
2022-04-19,21.5,78.75,304.22,0.0,300.87
2022-04-19,21.5,79.0,301.63,4.02,301.06
2022-04-19,21.5,79.25,301.95,1.54,299.87
2022-04-19,21.5,79.5,302.88,0.82,299.3
2022-04-19,21.5,79.75,304.15,0.62,300.68
2022-04-19,21.75,78.75,303.24,1.78,300.44
2022-04-19,21.75,79.0,302.88,0.0,300.72
2022-04-19,21.75,79.25,300.5,0.0,300.83
2022-04-19,21.75,79.5,302.69,0.0,301.11
2022-04-19,21.75,79.75,305.77,5.6,299.94
2022-04-20,20.75,78.75,308.16,0.0,300.73
2022-04-20,20.75,79.0,305.55,1.16,300.37
2022-04-20,20.75,79.25,302.75,4.34,301.36
2022-04-20,20.75,79.5,302.25,0.0,300.65
2022-04-20,20.75,79.75,301.65,0.0,301.38
2022-04-20,21.0,78.75,305.14,2.57,300.79
2022-04-20,21.0,79.0,305.14,0.0,300.4
2022-04-20,21.0,79.25,301.89,1.05,300.16
2022-04-20,21.0,79.5,305.61,0.0,300.36
2022-04-20,21.0,79.75,303.47,1.3,300.33
2022-04-20,21.25,78.75,305.76,1.3,301.46
2022-04-20,21.25,79.0,302.88,0.0,299.96
2022-04-20,21.25,79.25,304.77,0.0,300.35
2022-04-20,21.25,79.5,304.95,4.72,300.68
2022-04-20,21.25,79.75,303.0,6.62,300.69
2022-04-20,21.5,78.75,303.69,0.58,300.1
2022-04-20,21.5,79.0,305.47,0.0,300.14
2022-04-20,21.5,79.25,308.63,1.02,299.94
2022-04-20,21.5,79.5,304.35,0.16,300.55
2022-04-20,21.5,79.75,304.45,0.0,300.94
2022-04-20,21.75,78.75,302.43,0.0,300.76
2022-04-20,21.75,79.0,305.27,0.32,300.17
2022-04-20,21.75,79.25,306.0,0.0,300.58
2022-04-20,21.75,79.5,303.87,0.0,301.79
2022-04-20,21.75,79.75,300.72,0.41,300.43
2022-04-21,20.75,78.75,301.83,0.0,299.71
2022-04-21,20.75,79.0,304.1,1.71,299.91
2022-04-21,20.75,79.25,304.87,0.0,300.92
2022-04-21,20.75,79.5,303.89,0.52,300.96
2022-04-21,20.75,79.75,306.75,0.97,299.95
2022-04-21,21.0,78.75,304.0,0.0,300.4
2022-04-21,21.0,79.0,303.79,4.15,299.74
2022-04-21,21.0,79.25,304.28,1.21,300.39
2022-04-21,21.0,79.5,304.18,2.3,300.57
2022-04-21,21.0,79.75,303.88,2.11,301.04
2022-04-21,21.25,78.75,304.73,0.85,300.97
2022-04-21,21.25,79.0,305.34,3.07,300.08
2022-04-21,21.25,79.25,303.53,0.0,301.37
2022-04-21,21.25,79.5,305.59,2.58,300.39
2022-04-21,21.25,79.75,305.49,1.42,299.92
2022-04-21,21.5,78.75,302.58,0.0,300.27
2022-04-21,21.5,79.0,302.46,0.0,301.45
2022-04-21,21.5,79.25,306.03,2.86,300.01
2022-04-21,21.5,79.5,304.67,0.0,301.3
2022-04-21,21.5,79.75,303.84,0.0,300.78
2022-04-21,21.75,78.75,302.57,0.0,300.71
2022-04-21,21.75,79.0,302.79,0.55,300.05
2022-04-21,21.75,79.25,304.65,0.0,301.67
2022-04-21,21.75,79.5,301.68,1.98,300.24
2022-04-21,21.75,79.75,303.06,0.0,299.9
2022-04-22,20.75,78.75,303.6,0.0,301.45
2022-04-22,20.75,79.0,304.38,1.14,300.83
2022-04-22,20.75,79.25,302.14,0.0,300.66
2022-04-22,20.75,79.5,304.8,0.0,300.03
2022-04-22,20.75,79.75,306.78,2.51,301.47
2022-04-22,21.0,78.75,304.45,0.0,300.57
2022-04-22,21.0,79.0,303.96,1.09,300.07
2022-04-22,21.0,79.25,303.62,0.0,299.59
2022-04-22,21.0,79.5,303.63,0.0,300.57
2022-04-22,21.0,79.75,300.37,0.0,299.5
2022-04-22,21.25,78.75,302.85,2.62,300.62
2022-04-22,21.25,79.0,305.08,0.0,300.75
2022-04-22,21.25,79.25,305.66,0.0,301.06
2022-04-22,21.25,79.5,305.81,1.03,301.04
2022-04-22,21.25,79.75,303.0,0.0,300.03
2022-04-22,21.5,78.75,302.74,1.49,300.87
2022-04-22,21.5,79.0,303.33,0.68,300.74
2022-04-22,21.5,79.25,304.02,0.0,301.09
2022-04-22,21.5,79.5,304.52,0.0,300.67
2022-04-22,21.5,79.75,303.36,2.43,301.07
2022-04-22,21.75,78.75,304.58,0.28,299.96
2022-04-22,21.75,79.0,303.85,0.0,299.4
2022-04-22,21.75,79.25,305.12,1.6,300.51
2022-04-22,21.75,79.5,300.81,3.26,300.97
2022-04-22,21.75,79.75,305.17,0.0,301.23
2022-04-23,20.75,78.75,302.85,0.18,300.68
2022-04-23,20.75,79.0,301.43,0.0,300.57
2022-04-23,20.75,79.25,306.85,0.22,300.98
2022-04-23,20.75,79.5,304.14,0.0,300.49
2022-04-23,20.75,79.75,301.84,0.0,300.03
2022-04-23,21.0,78.75,302.65,0.0,301.2
2022-04-23,21.0,79.0,302.63,0.58,300.09
2022-04-23,21.0,79.25,305.36,0.97,300.59
2022-04-23,21.0,79.5,305.22,0.0,299.87
2022-04-23,21.0,79.75,304.21,0.0,299.99
2022-04-23,21.25,78.75,301.15,0.0,300.88
2022-04-23,21.25,79.0,305.65,0.0,300.13
2022-04-23,21.25,79.25,304.86,0.23,300.66
2022-04-23,21.25,79.5,303.52,0.0,299.92
2022-04-23,21.25,79.75,301.07,0.86,300.54
2022-04-23,21.5,78.75,305.97,0.0,300.66
2022-04-23,21.5,79.0,302.73,2.77,300.18
2022-04-23,21.5,79.25,305.04,1.05,301.31
2022-04-23,21.5,79.5,306.99,0.0,300.67
2022-04-23,21.5,79.75,303.38,0.04,300.62
2022-04-23,21.75,78.75,304.4,4.71,300.79
2022-04-23,21.75,79.0,303.13,2.65,300.66
2022-04-23,21.75,79.25,306.6,0.0,299.49
2022-04-23,21.75,79.5,300.28,0.0,301.04
2022-04-23,21.75,79.75,304.51,1.75,300.73
2022-04-24,20.75,78.75,302.69,0.0,300.96
2022-04-24,20.75,79.0,302.97,0.86,300.8
2022-04-24,20.75,79.25,302.8,3.78,299.51
2022-04-24,20.75,79.5,303.2,0.79,299.66
2022-04-24,20.75,79.75,304.32,0.43,300.04
2022-04-24,21.0,78.75,303.29,0.0,300.8
2022-04-24,21.0,79.0,302.26,2.92,299.73
2022-04-24,21.0,79.25,304.37,3.97,300.89
2022-04-24,21.0,79.5,303.66,1.3,300.03
2022-04-24,21.0,79.75,301.08,0.0,300.74
2022-04-24,21.25,78.75,302.74,1.14,299.99
2022-04-24,21.25,79.0,303.22,3.65,300.78
2022-04-24,21.25,79.25,301.76,0.57,299.87
2022-04-24,21.25,79.5,304.91,0.0,299.88
2022-04-24,21.25,79.75,306.5,0.73,300.65
2022-04-24,21.5,78.75,304.36,2.31,300.18
2022-04-24,21.5,79.0,302.52,0.0,300.83
2022-04-24,21.5,79.25,303.42,4.88,300.12
2022-04-24,21.5,79.5,305.46,0.0,300.23
2022-04-24,21.5,79.75,306.85,0.0,300.03
2022-04-24,21.75,78.75,303.64,1.12,300.74
2022-04-24,21.75,79.0,303.99,0.0,300.2
2022-04-24,21.75,79.25,305.5,0.19,300.72
2022-04-24,21.75,79.5,306.09,2.32,300.03
2022-04-24,21.75,79.75,303.84,1.9,300.46
2022-04-25,20.75,78.75,304.43,1.61,300.68
2022-04-25,20.75,79.0,305.27,0.0,300.49
2022-04-25,20.75,79.25,302.05,0.0,300.54
2022-04-25,20.75,79.5,302.8,3.18,299.58
2022-04-25,20.75,79.75,303.58,0.0,300.86
2022-04-25,21.0,78.75,303.9,0.0,300.77
2022-04-25,21.0,79.0,305.63,0.0,300.18
2022-04-25,21.0,79.25,303.87,0.51,301.26
2022-04-25,21.0,79.5,306.33,0.9,300.09
2022-04-25,21.0,79.75,305.54,0.0,301.1
2022-04-25,21.25,78.75,304.37,0.0,299.96
2022-04-25,21.25,79.0,305.5,0.0,300.46
2022-04-25,21.25,79.25,305.34,0.0,300.65
2022-04-25,21.25,79.5,302.96,0.0,300.99
2022-04-25,21.25,79.75,303.47,0.0,301.03
2022-04-25,21.5,78.75,300.21,0.0,299.63
2022-04-25,21.5,79.0,303.46,2.19,300.48
2022-04-25,21.5,79.25,304.14,0.0,300.38
2022-04-25,21.5,79.5,303.6,3.45,299.66
2022-04-25,21.5,79.75,306.04,0.97,300.94
2022-04-25,21.75,78.75,305.57,0.28,300.86
2022-04-25,21.75,79.0,305.55,0.0,299.88
2022-04-25,21.75,79.25,305.41,1.66,300.48
2022-04-25,21.75,79.5,305.63,0.88,299.82
2022-04-25,21.75,79.75,304.12,3.11,299.57
2022-04-26,20.75,78.75,305.37,2.39,300.64
2022-04-26,20.75,79.0,303.03,4.45,300.93
2022-04-26,20.75,79.25,304.23,0.58,300.48
2022-04-26,20.75,79.5,305.28,0.24,300.05
2022-04-26,20.75,79.75,302.4,2.82,300.06
2022-04-26,21.0,78.75,304.36,3.56,299.91
2022-04-26,21.0,79.0,303.61,2.73,300.19
2022-04-26,21.0,79.25,303.97,0.0,299.81
2022-04-26,21.0,79.5,305.01,1.53,300.35
2022-04-26,21.0,79.75,303.86,1.34,301.0
2022-04-26,21.25,78.75,304.85,0.0,300.68
2022-04-26,21.25,79.0,304.49,0.0,300.32
2022-04-26,21.25,79.25,305.34,0.0,300.25
2022-04-26,21.25,79.5,307.21,0.68,300.96
2022-04-26,21.25,79.75,304.19,2.24,301.2
2022-04-26,21.5,78.75,304.04,0.0,300.39
2022-04-26,21.5,79.0,306.85,1.29,300.24
2022-04-26,21.5,79.25,301.36,0.0,300.86
2022-04-26,21.5,79.5,303.55,2.49,301.02
2022-04-26,21.5,79.75,305.45,0.0,301.3
2022-04-26,21.75,78.75,304.82,1.39,299.81
2022-04-26,21.75,79.0,302.72,0.34,299.97
2022-04-26,21.75,79.25,302.88,0.0,299.85
2022-04-26,21.75,79.5,303.72,0.0,300.29
2022-04-26,21.75,79.75,305.77,2.85,300.78
2022-04-27,20.75,78.75,304.21,1.36,300.16
2022-04-27,20.75,79.0,305.66,0.0,300.02
2022-04-27,20.75,79.25,303.88,0.0,300.06
2022-04-27,20.75,79.5,304.4,0.99,300.51
2022-04-27,20.75,79.75,304.93,0.0,301.08
2022-04-27,21.0,78.75,305.52,0.18,299.61
2022-04-27,21.0,79.0,303.14,2.82,300.8
2022-04-27,21.0,79.25,305.64,0.8,299.91
2022-04-27,21.0,79.5,302.44,0.84,300.55
2022-04-27,21.0,79.75,303.7,0.62,300.19
2022-04-27,21.25,78.75,306.73,8.55,300.59
2022-04-27,21.25,79.0,301.12,0.0,300.95
2022-04-27,21.25,79.25,304.14,0.0,300.62
2022-04-27,21.25,79.5,306.59,0.0,300.12
2022-04-27,21.25,79.75,303.89,1.44,300.59
2022-04-27,21.5,78.75,303.95,0.55,300.09
2022-04-27,21.5,79.0,306.15,0.52,300.11
2022-04-27,21.5,79.25,307.51,2.18,300.89
2022-04-27,21.5,79.5,303.41,1.45,300.37
2022-04-27,21.5,79.75,304.75,10.27,300.25
2022-04-27,21.75,78.75,305.1,0.77,300.25
2022-04-27,21.75,79.0,304.39,1.19,300.5
2022-04-27,21.75,79.25,304.69,0.73,300.06
2022-04-27,21.75,79.5,303.65,0.03,300.29
2022-04-27,21.75,79.75,303.54,2.97,299.99
2022-04-28,20.75,78.75,303.93,0.0,299.9
2022-04-28,20.75,79.0,303.12,0.0,299.73
2022-04-28,20.75,79.25,308.2,0.87,300.14
2022-04-28,20.75,79.5,304.93,3.02,300.61
2022-04-28,20.75,79.75,303.52,0.0,299.34
2022-04-28,21.0,78.75,301.76,0.0,300.37
2022-04-28,21.0,79.0,304.75,0.61,300.68
2022-04-28,21.0,79.25,304.84,0.0,300.12
2022-04-28,21.0,79.5,303.12,0.0,301.31
2022-04-28,21.0,79.75,304.45,0.64,299.67
2022-04-28,21.25,78.75,305.51,2.93,300.57
2022-04-28,21.25,79.0,303.39,3.18,301.07
2022-04-28,21.25,79.25,303.22,0.94,299.89
2022-04-28,21.25,79.5,304.27,0.0,300.61
2022-04-28,21.25,79.75,304.21,2.52,300.93
2022-04-28,21.5,78.75,307.19,0.0,300.47
2022-04-28,21.5,79.0,305.79,2.88,299.88
2022-04-28,21.5,79.25,307.01,0.0,299.12
2022-04-28,21.5,79.5,304.49,0.41,300.28
2022-04-28,21.5,79.75,304.46,0.0,300.92
2022-04-28,21.75,78.75,305.46,0.44,300.84
2022-04-28,21.75,79.0,304.88,0.7,300.98
2022-04-28,21.75,79.25,306.26,0.0,300.55
2022-04-28,21.75,79.5,304.72,0.0,300.17
2022-04-28,21.75,79.75,304.68,0.08,299.92
2022-04-29,20.75,78.75,304.8,6.79,301.11
2022-04-29,20.75,79.0,305.58,0.29,300.22
2022-04-29,20.75,79.25,302.26,2.91,300.82
2022-04-29,20.75,79.5,306.12,0.3,300.31
2022-04-29,20.75,79.75,304.28,0.0,299.08
2022-04-29,21.0,78.75,308.08,2.37,300.63
2022-04-29,21.0,79.0,303.54,7.82,301.53
2022-04-29,21.0,79.25,304.96,0.0,300.61
2022-04-29,21.0,79.5,305.57,0.56,300.26
2022-04-29,21.0,79.75,305.76,0.0,300.15
2022-04-29,21.25,78.75,305.02,1.86,300.75
2022-04-29,21.25,79.0,306.58,1.45,300.18
2022-04-29,21.25,79.25,305.33,0.0,300.58
2022-04-29,21.25,79.5,305.73,1.29,300.78
2022-04-29,21.25,79.75,302.53,1.54,301.21
2022-04-29,21.5,78.75,302.89,0.0,300.9
2022-04-29,21.5,79.0,305.04,0.0,300.51
2022-04-29,21.5,79.25,301.63,2.14,299.61
2022-04-29,21.5,79.5,303.69,0.98,300.25
2022-04-29,21.5,79.75,303.94,1.29,300.12
2022-04-29,21.75,78.75,306.26,0.72,300.33
2022-04-29,21.75,79.0,305.64,0.3,299.78
2022-04-29,21.75,79.25,304.62,4.63,299.34
2022-04-29,21.75,79.5,305.79,1.35,300.38
2022-04-29,21.75,79.75,303.18,1.8,300.25
2022-04-30,20.75,78.75,304.3,2.48,299.74
2022-04-30,20.75,79.0,305.89,0.0,300.21
2022-04-30,20.75,79.25,301.18,0.38,300.49
2022-04-30,20.75,79.5,304.86,0.0,300.55
2022-04-30,20.75,79.75,303.62,0.51,300.76
2022-04-30,21.0,78.75,305.14,0.0,300.32
2022-04-30,21.0,79.0,306.15,0.0,300.4
2022-04-30,21.0,79.25,306.05,7.09,300.51
2022-04-30,21.0,79.5,304.4,9.33,299.81
2022-04-30,21.0,79.75,304.91,0.0,300.62
2022-04-30,21.25,78.75,305.5,11.12,300.47
2022-04-30,21.25,79.0,303.08,0.0,299.89
2022-04-30,21.25,79.25,304.12,0.0,300.6
2022-04-30,21.25,79.5,304.04,0.0,300.52
2022-04-30,21.25,79.75,306.55,0.13,299.86
2022-04-30,21.5,78.75,305.91,0.65,300.65
2022-04-30,21.5,79.0,304.87,0.0,300.4
2022-04-30,21.5,79.25,304.37,0.46,299.8
2022-04-30,21.5,79.5,305.01,0.15,300.24
2022-04-30,21.5,79.75,306.43,0.0,300.48
2022-04-30,21.75,78.75,303.81,0.0,299.96
2022-04-30,21.75,79.0,305.67,0.0,300.63
2022-04-30,21.75,79.25,307.47,3.35,300.85
2022-04-30,21.75,79.5,303.94,0.0,300.41
2022-04-30,21.75,79.75,304.48,1.03,301.3
2022-05-01,20.75,78.75,304.86,0.0,300.8
2022-05-01,20.75,79.0,303.01,0.0,300.85
2022-05-01,20.75,79.25,304.15,0.0,301.33
2022-05-01,20.75,79.5,302.85,0.0,300.2
2022-05-01,20.75,79.75,304.15,0.0,300.0
2022-05-01,21.0,78.75,304.25,0.0,300.43
2022-05-01,21.0,79.0,303.0,0.0,300.18
2022-05-01,21.0,79.25,306.64,0.0,300.32
2022-05-01,21.0,79.5,304.1,0.83,300.22
2022-05-01,21.0,79.75,307.89,1.56,300.27
2022-05-01,21.25,78.75,305.88,0.44,300.49
2022-05-01,21.25,79.0,303.92,0.8,300.13
2022-05-01,21.25,79.25,303.8,0.0,300.52
2022-05-01,21.25,79.5,305.71,0.0,300.34
2022-05-01,21.25,79.75,306.58,0.0,300.51
2022-05-01,21.5,78.75,305.27,0.0,300.5
2022-05-01,21.5,79.0,307.84,0.77,300.73
2022-05-01,21.5,79.25,305.23,0.46,300.54
2022-05-01,21.5,79.5,306.18,0.54,299.52
2022-05-01,21.5,79.75,307.38,0.0,300.6
2022-05-01,21.75,78.75,301.26,0.0,301.21
2022-05-01,21.75,79.0,304.63,0.29,300.69
2022-05-01,21.75,79.25,304.03,1.12,300.18
2022-05-01,21.75,79.5,303.92,0.0,299.79
2022-05-01,21.75,79.75,306.11,0.95,301.13
2022-05-02,20.75,78.75,302.83,0.0,300.32
2022-05-02,20.75,79.0,303.94,0.0,300.76
2022-05-02,20.75,79.25,305.19,0.0,300.8
2022-05-02,20.75,79.5,305.46,1.33,300.77
2022-05-02,20.75,79.75,304.75,0.0,300.11
2022-05-02,21.0,78.75,306.38,1.5,300.55
2022-05-02,21.0,79.0,303.46,0.0,300.18
2022-05-02,21.0,79.25,306.79,0.53,299.84
2022-05-02,21.0,79.5,304.82,1.61,300.56
2022-05-02,21.0,79.75,306.44,0.67,300.17
2022-05-02,21.25,78.75,305.46,0.0,300.33
2022-05-02,21.25,79.0,303.97,0.0,300.91
2022-05-02,21.25,79.25,305.88,1.87,300.64
2022-05-02,21.25,79.5,305.53,0.0,300.35
2022-05-02,21.25,79.75,307.52,0.0,300.56
2022-05-02,21.5,78.75,302.27,0.0,300.89
2022-05-02,21.5,79.0,302.59,0.0,299.85
2022-05-02,21.5,79.25,305.08,2.5,300.12
2022-05-02,21.5,79.5,305.34,0.12,299.1
2022-05-02,21.5,79.75,306.34,0.0,299.85
2022-05-02,21.75,78.75,303.61,0.99,300.59
2022-05-02,21.75,79.0,305.48,0.0,299.51
2022-05-02,21.75,79.25,303.86,0.0,300.03
2022-05-02,21.75,79.5,305.19,5.01,300.65
2022-05-02,21.75,79.75,300.68,0.0,301.24
2022-05-03,20.75,78.75,306.45,0.0,299.77
2022-05-03,20.75,79.0,303.67,0.0,300.54
2022-05-03,20.75,79.25,304.99,3.24,301.18
2022-05-03,20.75,79.5,304.46,2.9,300.77
2022-05-03,20.75,79.75,304.57,0.09,299.85
2022-05-03,21.0,78.75,306.2,1.05,300.79
2022-05-03,21.0,79.0,305.63,0.0,299.24
2022-05-03,21.0,79.25,306.29,4.71,301.17
2022-05-03,21.0,79.5,305.12,0.98,300.24
2022-05-03,21.0,79.75,306.93,4.79,300.86
2022-05-03,21.25,78.75,303.06,2.04,300.68
2022-05-03,21.25,79.0,306.65,4.85,300.76
2022-05-03,21.25,79.25,306.99,0.0,300.69
2022-05-03,21.25,79.5,305.13,2.78,301.0
2022-05-03,21.25,79.75,304.12,0.24,300.09
2022-05-03,21.5,78.75,308.38,2.23,300.31
2022-05-03,21.5,79.0,302.92,2.05,299.53
2022-05-03,21.5,79.25,304.92,0.0,299.64
2022-05-03,21.5,79.5,303.99,0.0,300.69
2022-05-03,21.5,79.75,305.34,0.06,299.38
2022-05-03,21.75,78.75,307.8,0.0,300.54
2022-05-03,21.75,79.0,307.51,0.51,300.31
2022-05-03,21.75,79.25,304.58,0.33,301.13
2022-05-03,21.75,79.5,306.0,0.63,300.01
2022-05-03,21.75,79.75,304.02,0.29,300.22
2022-05-04,20.75,78.75,302.66,0.41,300.59
2022-05-04,20.75,79.0,304.0,2.68,300.44
2022-05-04,20.75,79.25,308.35,2.9,300.31
2022-05-04,20.75,79.5,304.22,0.0,300.82
2022-05-04,20.75,79.75,304.67,0.95,300.23
2022-05-04,21.0,78.75,304.36,0.0,299.42
2022-05-04,21.0,79.0,304.9,2.91,300.27
2022-05-04,21.0,79.25,306.82,0.13,300.96
2022-05-04,21.0,79.5,303.13,0.0,300.57
2022-05-04,21.0,79.75,305.73,0.0,300.63
2022-05-04,21.25,78.75,303.25,0.0,300.04
2022-05-04,21.25,79.0,305.3,3.09,301.09
2022-05-04,21.25,79.25,304.33,0.0,300.28
2022-05-04,21.25,79.5,305.09,0.0,300.27
2022-05-04,21.25,79.75,302.26,2.47,300.67
2022-05-04,21.5,78.75,303.97,1.26,299.84
2022-05-04,21.5,79.0,303.91,0.0,300.17
2022-05-04,21.5,79.25,303.78,0.0,301.26
2022-05-04,21.5,79.5,306.32,0.02,299.75
2022-05-04,21.5,79.75,304.33,0.0,301.1
2022-05-04,21.75,78.75,305.37,1.44,301.13
2022-05-04,21.75,79.0,306.93,2.06,300.44
2022-05-04,21.75,79.25,306.24,0.82,299.88
2022-05-04,21.75,79.5,304.74,1.35,300.49
2022-05-04,21.75,79.75,303.48,0.0,300.51
2022-05-05,20.75,78.75,302.4,0.0,300.74
2022-05-05,20.75,79.0,302.59,1.18,300.36
2022-05-05,20.75,79.25,303.84,0.0,301.07
2022-05-05,20.75,79.5,307.82,0.0,299.18
2022-05-05,20.75,79.75,306.2,3.37,300.17
2022-05-05,21.0,78.75,304.88,0.0,300.57
2022-05-05,21.0,79.0,302.68,0.0,300.95
2022-05-05,21.0,79.25,304.96,4.17,300.17
2022-05-05,21.0,79.5,306.47,0.0,301.0
2022-05-05,21.0,79.75,304.82,4.63,299.8
2022-05-05,21.25,78.75,305.85,1.62,300.58
2022-05-05,21.25,79.0,303.84,1.23,299.86
2022-05-05,21.25,79.25,306.93,0.0,300.26
2022-05-05,21.25,79.5,304.23,0.0,299.66
2022-05-05,21.25,79.75,307.98,0.0,300.5
2022-05-05,21.5,78.75,303.96,1.19,300.5
2022-05-05,21.5,79.0,303.58,0.54,300.27
2022-05-05,21.5,79.25,304.7,0.0,300.09
2022-05-05,21.5,79.5,306.65,5.18,300.96
2022-05-05,21.5,79.75,306.08,0.0,300.4
2022-05-05,21.75,78.75,307.17,0.0,300.43
2022-05-05,21.75,79.0,306.88,0.0,300.7
2022-05-05,21.75,79.25,306.46,0.72,300.05
2022-05-05,21.75,79.5,304.46,2.09,300.12
2022-05-05,21.75,79.75,306.46,0.0,300.0
2022-05-06,20.75,78.75,303.02,0.0,301.06
2022-05-06,20.75,79.0,303.5,0.81,299.68
2022-05-06,20.75,79.25,302.15,0.43,301.22
2022-05-06,20.75,79.5,303.75,0.64,300.36
2022-05-06,20.75,79.75,306.8,0.0,301.23
2022-05-06,21.0,78.75,305.61,0.0,300.52
2022-05-06,21.0,79.0,305.24,0.31,299.63
2022-05-06,21.0,79.25,302.77,0.0,300.36
2022-05-06,21.0,79.5,304.23,0.15,299.41
2022-05-06,21.0,79.75,306.91,2.47,300.16
2022-05-06,21.25,78.75,304.88,0.0,300.05
2022-05-06,21.25,79.0,307.11,0.0,299.81
2022-05-06,21.25,79.25,305.29,1.61,299.7
2022-05-06,21.25,79.5,303.22,3.46,299.93
2022-05-06,21.25,79.75,304.75,0.0,300.09
2022-05-06,21.5,78.75,306.01,2.69,300.63
2022-05-06,21.5,79.0,303.77,0.0,300.13
2022-05-06,21.5,79.25,301.46,0.0,300.29
2022-05-06,21.5,79.5,303.33,7.71,299.43
2022-05-06,21.5,79.75,301.63,0.29,299.98
2022-05-06,21.75,78.75,305.39,0.44,300.73
2022-05-06,21.75,79.0,307.28,0.0,300.07
2022-05-06,21.75,79.25,305.37,3.81,300.09
2022-05-06,21.75,79.5,303.61,0.0,299.65
2022-05-06,21.75,79.75,303.25,2.66,300.12
2022-05-07,20.75,78.75,307.41,0.6,300.56
2022-05-07,20.75,79.0,303.86,0.0,301.07
2022-05-07,20.75,79.25,303.27,3.14,300.08
2022-05-07,20.75,79.5,304.99,0.0,299.63
2022-05-07,20.75,79.75,304.23,0.01,300.49
2022-05-07,21.0,78.75,305.7,0.0,300.0
2022-05-07,21.0,79.0,304.69,2.07,300.38
2022-05-07,21.0,79.25,307.6,1.46,299.58
2022-05-07,21.0,79.5,307.73,0.4,299.55
2022-05-07,21.0,79.75,306.12,3.71,300.43
2022-05-07,21.25,78.75,306.75,4.21,300.15
2022-05-07,21.25,79.0,303.74,2.24,300.93
2022-05-07,21.25,79.25,305.81,0.0,300.45
2022-05-07,21.25,79.5,307.48,2.39,301.32
2022-05-07,21.25,79.75,306.24,0.94,300.39
2022-05-07,21.5,78.75,304.38,2.79,299.11
2022-05-07,21.5,79.0,306.26,1.89,300.13
2022-05-07,21.5,79.25,307.16,2.55,300.99
2022-05-07,21.5,79.5,304.19,0.0,300.02
2022-05-07,21.5,79.75,307.26,0.63,300.7
2022-05-07,21.75,78.75,306.76,0.0,300.7
2022-05-07,21.75,79.0,304.24,0.16,300.42
2022-05-07,21.75,79.25,306.85,0.0,300.03
2022-05-07,21.75,79.5,305.83,0.0,299.87
2022-05-07,21.75,79.75,306.33,0.78,300.07
2022-05-08,20.75,78.75,305.28,0.0,299.16
2022-05-08,20.75,79.0,305.4,0.42,300.01
2022-05-08,20.75,79.25,305.16,5.46,300.18
2022-05-08,20.75,79.5,303.11,0.82,300.63
2022-05-08,20.75,79.75,306.86,0.0,300.35
2022-05-08,21.0,78.75,306.42,0.0,300.3
2022-05-08,21.0,79.0,306.55,8.02,300.14
2022-05-08,21.0,79.25,302.68,0.0,300.24
2022-05-08,21.0,79.5,307.66,1.4,301.1
2022-05-08,21.0,79.75,306.25,0.64,299.88
2022-05-08,21.25,78.75,303.9,0.52,301.2
2022-05-08,21.25,79.0,307.91,0.0,298.75
2022-05-08,21.25,79.25,304.92,3.36,300.22
2022-05-08,21.25,79.5,303.91,1.18,299.98
2022-05-08,21.25,79.75,306.91,0.0,299.69
2022-05-08,21.5,78.75,306.49,0.71,299.68
2022-05-08,21.5,79.0,305.97,0.95,299.72
2022-05-08,21.5,79.25,304.89,0.31,301.45
2022-05-08,21.5,79.5,304.37,3.27,300.35
2022-05-08,21.5,79.75,305.96,0.0,300.53
2022-05-08,21.75,78.75,303.25,0.0,299.82
2022-05-08,21.75,79.0,308.04,0.0,300.31
2022-05-08,21.75,79.25,307.46,2.96,299.75
2022-05-08,21.75,79.5,304.48,0.0,299.49
2022-05-08,21.75,79.75,307.0,0.0,300.71
2022-05-09,20.75,78.75,308.04,3.81,300.16
2022-05-09,20.75,79.0,304.87,0.06,300.85
2022-05-09,20.75,79.25,305.21,0.0,300.31
2022-05-09,20.75,79.5,305.55,1.33,300.03
2022-05-09,20.75,79.75,307.62,4.27,300.51
2022-05-09,21.0,78.75,305.41,0.0,300.31
2022-05-09,21.0,79.0,304.15,1.91,300.2
2022-05-09,21.0,79.25,304.29,4.91,299.75
2022-05-09,21.0,79.5,305.92,3.2,299.82
2022-05-09,21.0,79.75,305.48,3.18,299.59
2022-05-09,21.25,78.75,304.91,0.0,300.64
2022-05-09,21.25,79.0,306.38,1.18,300.38
2022-05-09,21.25,79.25,306.09,5.61,299.94
2022-05-09,21.25,79.5,308.67,0.0,300.52
2022-05-09,21.25,79.75,303.89,0.0,299.35
2022-05-09,21.5,78.75,304.85,0.96,300.45
2022-05-09,21.5,79.0,306.33,0.0,300.04
2022-05-09,21.5,79.25,305.17,0.49,300.14
2022-05-09,21.5,79.5,302.67,0.55,299.98
2022-05-09,21.5,79.75,302.19,4.99,299.18
2022-05-09,21.75,78.75,304.82,3.2,298.93
2022-05-09,21.75,79.0,307.01,0.0,300.66
2022-05-09,21.75,79.25,305.75,1.8,299.66
2022-05-09,21.75,79.5,307.23,0.0,299.71
2022-05-09,21.75,79.75,305.91,2.16,299.73
2022-05-10,20.75,78.75,305.93,0.0,299.53
2022-05-10,20.75,79.0,304.78,2.09,300.24
2022-05-10,20.75,79.25,307.86,9.95,300.43
2022-05-10,20.75,79.5,304.05,1.3,300.78
2022-05-10,20.75,79.75,304.24,4.3,299.74
2022-05-10,21.0,78.75,301.52,0.94,300.35
2022-05-10,21.0,79.0,306.18,0.0,300.13
2022-05-10,21.0,79.25,306.74,4.36,300.33
2022-05-10,21.0,79.5,304.51,0.0,300.81
2022-05-10,21.0,79.75,307.12,0.6,299.42
2022-05-10,21.25,78.75,305.41,0.73,299.97
2022-05-10,21.25,79.0,306.23,9.22,300.04
2022-05-10,21.25,79.25,304.57,0.0,300.19
2022-05-10,21.25,79.5,308.73,0.0,299.96
2022-05-10,21.25,79.75,303.73,0.0,300.2
2022-05-10,21.5,78.75,303.33,0.0,300.86
2022-05-10,21.5,79.0,303.83,4.91,300.02
2022-05-10,21.5,79.25,306.56,5.4,300.09
2022-05-10,21.5,79.5,304.71,1.65,300.11
2022-05-10,21.5,79.75,306.74,1.09,299.95
2022-05-10,21.75,78.75,305.09,0.7,300.52
2022-05-10,21.75,79.0,307.68,0.0,300.68
2022-05-10,21.75,79.25,306.79,2.55,299.09
2022-05-10,21.75,79.5,307.21,0.0,299.29
2022-05-10,21.75,79.75,303.39,1.68,300.58
2022-05-11,20.75,78.75,308.81,0.0,300.65
2022-05-11,20.75,79.0,304.65,0.04,299.68
2022-05-11,20.75,79.25,304.32,2.21,300.01
2022-05-11,20.75,79.5,303.52,0.0,301.03
2022-05-11,20.75,79.75,303.87,3.73,299.95
2022-05-11,21.0,78.75,306.13,0.0,300.75
2022-05-11,21.0,79.0,303.76,0.0,300.57
2022-05-11,21.0,79.25,306.48,2.14,300.09
2022-05-11,21.0,79.5,305.79,0.0,300.12
2022-05-11,21.0,79.75,307.55,6.87,300.14
2022-05-11,21.25,78.75,305.75,5.05,299.62
2022-05-11,21.25,79.0,307.32,0.0,300.52
2022-05-11,21.25,79.25,303.69,0.51,300.7
2022-05-11,21.25,79.5,306.11,1.64,300.24
2022-05-11,21.25,79.75,305.18,0.45,299.71
2022-05-11,21.5,78.75,306.18,0.36,300.53
2022-05-11,21.5,79.0,302.48,1.47,300.5
2022-05-11,21.5,79.25,306.52,0.27,300.72
2022-05-11,21.5,79.5,305.92,0.42,299.56
2022-05-11,21.5,79.75,306.85,1.39,299.64
2022-05-11,21.75,78.75,305.63,0.13,300.77
2022-05-11,21.75,79.0,306.21,2.63,299.88
2022-05-11,21.75,79.25,304.74,0.0,300.35
2022-05-11,21.75,79.5,308.35,6.32,300.87
2022-05-11,21.75,79.75,304.84,0.02,299.77
2022-05-12,20.75,78.75,306.21,0.0,299.98
2022-05-12,20.75,79.0,305.42,0.0,299.9
2022-05-12,20.75,79.25,308.3,1.28,300.08
2022-05-12,20.75,79.5,307.93,4.07,300.17
2022-05-12,20.75,79.75,305.26,0.0,299.92
2022-05-12,21.0,78.75,302.49,2.61,300.5
2022-05-12,21.0,79.0,304.94,0.0,301.44
2022-05-12,21.0,79.25,306.36,7.39,300.4
2022-05-12,21.0,79.5,306.1,0.0,300.11
2022-05-12,21.0,79.75,305.1,0.0,300.02
2022-05-12,21.25,78.75,304.98,2.37,299.68
2022-05-12,21.25,79.0,305.29,1.07,300.48
2022-05-12,21.25,79.25,303.66,0.0,300.04
2022-05-12,21.25,79.5,306.6,0.0,299.88
2022-05-12,21.25,79.75,306.68,0.0,300.06
2022-05-12,21.5,78.75,308.7,0.16,300.59
2022-05-12,21.5,79.0,307.3,2.55,300.36
2022-05-12,21.5,79.25,305.37,2.33,299.96
2022-05-12,21.5,79.5,305.97,1.36,300.46
2022-05-12,21.5,79.75,305.07,0.0,299.23
2022-05-12,21.75,78.75,305.65,0.28,299.78
2022-05-12,21.75,79.0,307.33,0.65,301.29
2022-05-12,21.75,79.25,306.69,1.36,300.65
2022-05-12,21.75,79.5,305.78,0.14,300.53
2022-05-12,21.75,79.75,302.98,0.0,300.35
2022-05-13,20.75,78.75,305.87,0.0,300.01
2022-05-13,20.75,79.0,305.78,0.73,300.35
2022-05-13,20.75,79.25,305.56,0.0,300.83
2022-05-13,20.75,79.5,304.55,3.12,300.1
2022-05-13,20.75,79.75,305.72,0.0,300.37
2022-05-13,21.0,78.75,307.18,0.0,300.01
2022-05-13,21.0,79.0,304.45,0.0,299.63
2022-05-13,21.0,79.25,307.27,0.0,300.22
2022-05-13,21.0,79.5,305.17,4.28,300.24
2022-05-13,21.0,79.75,303.98,0.0,301.16
2022-05-13,21.25,78.75,306.21,0.0,300.53
2022-05-13,21.25,79.0,304.87,1.2,299.11
2022-05-13,21.25,79.25,306.13,0.0,300.56
2022-05-13,21.25,79.5,307.63,1.9,300.49
2022-05-13,21.25,79.75,310.5,1.88,300.67
2022-05-13,21.5,78.75,305.38,0.41,300.79
2022-05-13,21.5,79.0,306.73,0.0,300.99
2022-05-13,21.5,79.25,307.1,0.0,300.97
2022-05-13,21.5,79.5,305.59,0.81,300.51
2022-05-13,21.5,79.75,305.39,0.96,299.72
2022-05-13,21.75,78.75,305.22,1.0,300.14
2022-05-13,21.75,79.0,303.57,0.0,300.11
2022-05-13,21.75,79.25,307.34,2.89,301.32
2022-05-13,21.75,79.5,305.92,1.2,300.19
2022-05-13,21.75,79.75,305.35,0.15,300.77
2022-05-14,20.75,78.75,303.82,1.47,300.29
2022-05-14,20.75,79.0,304.09,2.22,301.1
2022-05-14,20.75,79.25,302.2,3.08,300.59
2022-05-14,20.75,79.5,307.23,1.68,299.14
2022-05-14,20.75,79.75,305.69,0.69,299.85
2022-05-14,21.0,78.75,307.22,0.66,301.16
2022-05-14,21.0,79.0,307.21,0.0,299.86
2022-05-14,21.0,79.25,306.39,1.22,300.03
2022-05-14,21.0,79.5,305.07,1.62,299.66
2022-05-14,21.0,79.75,307.66,1.57,299.53
2022-05-14,21.25,78.75,305.2,0.0,300.03
2022-05-14,21.25,79.0,302.59,0.35,300.76
2022-05-14,21.25,79.25,307.69,9.85,299.44
2022-05-14,21.25,79.5,307.64,0.0,299.89
2022-05-14,21.25,79.75,304.43,0.0,299.75
2022-05-14,21.5,78.75,307.92,2.66,300.03
2022-05-14,21.5,79.0,306.21,1.19,299.65
2022-05-14,21.5,79.25,305.16,1.82,301.05
2022-05-14,21.5,79.5,304.65,5.81,300.12
2022-05-14,21.5,79.75,305.45,1.2,300.64
2022-05-14,21.75,78.75,306.99,2.35,300.03
2022-05-14,21.75,79.0,304.87,0.72,301.16
2022-05-14,21.75,79.25,306.94,2.65,300.32
2022-05-14,21.75,79.5,303.16,4.01,299.2
2022-05-14,21.75,79.75,305.69,1.8,301.49
2022-05-15,20.75,78.75,307.09,8.72,298.94
2022-05-15,20.75,79.0,306.12,6.9,300.85
2022-05-15,20.75,79.25,305.94,1.89,301.4
2022-05-15,20.75,79.5,304.9,0.37,300.33
2022-05-15,20.75,79.75,306.76,0.42,300.6
2022-05-15,21.0,78.75,304.67,0.84,299.97
2022-05-15,21.0,79.0,303.96,1.91,300.03
2022-05-15,21.0,79.25,306.27,1.2,300.65
2022-05-15,21.0,79.5,306.98,0.0,299.1
2022-05-15,21.0,79.75,306.21,0.15,299.75
2022-05-15,21.25,78.75,308.07,1.77,300.15
2022-05-15,21.25,79.0,304.34,0.18,299.28
2022-05-15,21.25,79.25,304.68,1.1,299.2
2022-05-15,21.25,79.5,305.8,1.5,300.16
2022-05-15,21.25,79.75,306.49,4.39,300.16
2022-05-15,21.5,78.75,304.32,0.0,300.19
2022-05-15,21.5,79.0,307.4,2.48,300.09
2022-05-15,21.5,79.25,303.93,0.67,300.16
2022-05-15,21.5,79.5,307.9,0.83,300.53
2022-05-15,21.5,79.75,306.55,2.36,300.34
2022-05-15,21.75,78.75,307.57,2.7,299.9
2022-05-15,21.75,79.0,305.07,1.11,299.48
2022-05-15,21.75,79.25,306.12,0.0,299.78
2022-05-15,21.75,79.5,306.72,0.0,300.73
2022-05-15,21.75,79.75,309.01,0.12,300.27
2022-05-16,20.75,78.75,306.9,4.21,299.73
2022-05-16,20.75,79.0,304.09,0.0,301.23
2022-05-16,20.75,79.25,308.3,3.68,300.2
2022-05-16,20.75,79.5,308.29,3.28,300.55
2022-05-16,20.75,79.75,306.28,1.72,299.8
2022-05-16,21.0,78.75,303.16,1.03,300.14
2022-05-16,21.0,79.0,304.97,0.0,299.89
2022-05-16,21.0,79.25,307.17,0.0,300.48
2022-05-16,21.0,79.5,306.78,7.56,300.52
2022-05-16,21.0,79.75,307.23,4.06,300.04
2022-05-16,21.25,78.75,304.4,0.0,300.69
2022-05-16,21.25,79.0,306.16,0.0,300.6
2022-05-16,21.25,79.25,306.49,0.0,301.31
2022-05-16,21.25,79.5,304.14,0.0,299.9
2022-05-16,21.25,79.75,304.65,0.07,300.86
2022-05-16,21.5,78.75,304.11,3.69,299.8
2022-05-16,21.5,79.0,300.51,1.66,299.69
2022-05-16,21.5,79.25,307.03,2.25,300.49
2022-05-16,21.5,79.5,306.74,0.0,300.94
2022-05-16,21.5,79.75,304.96,5.93,299.98
2022-05-16,21.75,78.75,304.38,0.22,299.33
2022-05-16,21.75,79.0,305.06,0.13,300.18
2022-05-16,21.75,79.25,308.44,0.25,299.64
2022-05-16,21.75,79.5,305.18,0.89,299.7
2022-05-16,21.75,79.75,304.18,0.0,300.55
2022-05-17,20.75,78.75,305.55,0.08,299.77
2022-05-17,20.75,79.0,306.07,0.0,300.3
2022-05-17,20.75,79.25,306.47,0.0,300.24
2022-05-17,20.75,79.5,305.61,0.79,300.37
2022-05-17,20.75,79.75,306.48,3.46,300.4
2022-05-17,21.0,78.75,306.36,1.32,299.74
2022-05-17,21.0,79.0,306.53,6.28,300.44
2022-05-17,21.0,79.25,308.88,1.32,300.82
2022-05-17,21.0,79.5,304.1,0.21,300.58
2022-05-17,21.0,79.75,304.58,1.69,299.96
2022-05-17,21.25,78.75,306.98,0.0,300.19
2022-05-17,21.25,79.0,303.86,2.4,299.4
2022-05-17,21.25,79.25,307.49,3.62,300.68
2022-05-17,21.25,79.5,304.38,0.85,299.47
2022-05-17,21.25,79.75,304.94,2.21,300.7
2022-05-17,21.5,78.75,307.15,0.0,299.43
2022-05-17,21.5,79.0,308.76,2.77,300.44
2022-05-17,21.5,79.25,307.68,0.04,299.91
2022-05-17,21.5,79.5,306.01,0.88,300.65
2022-05-17,21.5,79.75,308.0,0.33,300.68
2022-05-17,21.75,78.75,305.45,5.31,299.67
2022-05-17,21.75,79.0,305.67,0.28,300.07
2022-05-17,21.75,79.25,305.97,1.13,300.17
2022-05-17,21.75,79.5,306.15,3.57,300.54
2022-05-17,21.75,79.75,306.9,0.0,299.97
2022-05-18,20.75,78.75,305.29,2.47,299.63
2022-05-18,20.75,79.0,305.14,0.15,300.07
2022-05-18,20.75,79.25,308.07,0.44,300.38
2022-05-18,20.75,79.5,304.71,0.0,300.31
2022-05-18,20.75,79.75,307.78,0.04,299.58
2022-05-18,21.0,78.75,307.6,0.0,299.49
2022-05-18,21.0,79.0,306.31,1.72,300.29
2022-05-18,21.0,79.25,307.07,0.65,300.11
2022-05-18,21.0,79.5,306.97,0.37,300.02
2022-05-18,21.0,79.75,306.58,0.48,300.33
2022-05-18,21.25,78.75,309.87,0.32,300.08
2022-05-18,21.25,79.0,306.74,3.53,300.5
2022-05-18,21.25,79.25,306.48,1.59,300.84
2022-05-18,21.25,79.5,305.53,0.9,300.58
2022-05-18,21.25,79.75,304.44,3.56,300.47
2022-05-18,21.5,78.75,307.69,0.73,300.01
2022-05-18,21.5,79.0,307.61,1.33,300.43
2022-05-18,21.5,79.25,305.24,0.49,300.44
2022-05-18,21.5,79.5,307.72,0.0,300.66
2022-05-18,21.5,79.75,304.91,2.33,300.62
2022-05-18,21.75,78.75,305.64,0.0,300.42
2022-05-18,21.75,79.0,306.64,1.94,300.03
2022-05-18,21.75,79.25,306.84,0.46,300.38
2022-05-18,21.75,79.5,307.22,0.0,300.51
2022-05-18,21.75,79.75,306.02,0.0,300.01
2022-05-19,20.75,78.75,304.51,0.0,300.19
2022-05-19,20.75,79.0,302.46,0.0,300.68
2022-05-19,20.75,79.25,308.59,2.76,299.68
2022-05-19,20.75,79.5,306.17,4.72,299.92
2022-05-19,20.75,79.75,303.17,2.18,299.64
2022-05-19,21.0,78.75,307.47,1.49,299.94
2022-05-19,21.0,79.0,306.55,0.0,300.91
2022-05-19,21.0,79.25,306.55,0.17,300.07
2022-05-19,21.0,79.5,307.03,2.22,300.98
2022-05-19,21.0,79.75,305.76,1.23,299.29
2022-05-19,21.25,78.75,305.26,0.0,299.99
2022-05-19,21.25,79.0,306.15,0.0,299.96
2022-05-19,21.25,79.25,307.41,0.91,300.2
2022-05-19,21.25,79.5,306.82,4.05,300.18
2022-05-19,21.25,79.75,306.87,0.44,300.02
2022-05-19,21.5,78.75,309.02,1.05,300.12
2022-05-19,21.5,79.0,304.38,0.19,300.35
2022-05-19,21.5,79.25,304.47,3.83,299.39
2022-05-19,21.5,79.5,306.12,5.83,300.3
2022-05-19,21.5,79.75,306.71,3.09,299.88
2022-05-19,21.75,78.75,305.57,0.38,300.71
2022-05-19,21.75,79.0,307.73,1.2,300.94
2022-05-19,21.75,79.25,305.31,0.45,299.67
2022-05-19,21.75,79.5,308.26,1.4,300.78
2022-05-19,21.75,79.75,306.54,1.36,300.64
2022-05-20,20.75,78.75,307.89,2.76,300.45
2022-05-20,20.75,79.0,307.86,0.0,299.79
2022-05-20,20.75,79.25,306.18,5.22,300.17
2022-05-20,20.75,79.5,308.16,5.25,300.77
2022-05-20,20.75,79.75,307.49,0.25,300.34
2022-05-20,21.0,78.75,306.47,0.0,300.57
2022-05-20,21.0,79.0,307.51,0.86,299.84
2022-05-20,21.0,79.25,307.44,1.36,300.93
2022-05-20,21.0,79.5,307.09,6.53,298.37
2022-05-20,21.0,79.75,304.63,0.9,299.38
2022-05-20,21.25,78.75,304.94,0.91,299.53
2022-05-20,21.25,79.0,307.72,0.41,300.15
2022-05-20,21.25,79.25,307.97,1.92,300.39
2022-05-20,21.25,79.5,303.91,0.07,300.31
2022-05-20,21.25,79.75,304.89,13.66,300.54
2022-05-20,21.5,78.75,306.76,0.07,300.2
2022-05-20,21.5,79.0,306.19,2.43,300.63
2022-05-20,21.5,79.25,305.64,0.0,300.36
2022-05-20,21.5,79.5,305.02,1.3,301.07
2022-05-20,21.5,79.75,305.73,4.29,299.46
2022-05-20,21.75,78.75,304.51,1.15,300.39
2022-05-20,21.75,79.0,305.67,0.82,299.98
2022-05-20,21.75,79.25,306.79,0.48,299.62
2022-05-20,21.75,79.5,304.56,1.38,299.65
2022-05-20,21.75,79.75,308.58,0.29,300.0
2022-05-21,20.75,78.75,304.05,6.81,299.83
2022-05-21,20.75,79.0,305.14,1.14,300.02
2022-05-21,20.75,79.25,307.45,3.64,299.6
2022-05-21,20.75,79.5,308.61,2.6,299.93
2022-05-21,20.75,79.75,309.92,3.89,300.07
2022-05-21,21.0,78.75,306.72,0.82,300.18
2022-05-21,21.0,79.0,306.75,11.97,300.68
2022-05-21,21.0,79.25,308.4,0.0,299.22
2022-05-21,21.0,79.5,309.27,0.49,299.98
2022-05-21,21.0,79.75,307.62,2.56,300.58
2022-05-21,21.25,78.75,304.54,0.11,300.59
2022-05-21,21.25,79.0,309.15,3.15,300.12
2022-05-21,21.25,79.25,305.48,0.96,299.99
2022-05-21,21.25,79.5,306.99,3.42,300.16
2022-05-21,21.25,79.75,307.48,1.32,300.92
2022-05-21,21.5,78.75,306.07,0.53,300.47
2022-05-21,21.5,79.0,305.74,1.47,299.8
2022-05-21,21.5,79.25,307.14,2.15,300.4
2022-05-21,21.5,79.5,303.02,2.04,299.72
2022-05-21,21.5,79.75,305.83,0.39,300.27
2022-05-21,21.75,78.75,307.63,2.53,300.19
2022-05-21,21.75,79.0,308.11,0.82,299.56
2022-05-21,21.75,79.25,305.94,6.51,300.22
2022-05-21,21.75,79.5,308.64,1.35,299.81
2022-05-21,21.75,79.75,305.98,0.79,300.1
2022-05-22,20.75,78.75,306.15,0.42,300.2
2022-05-22,20.75,79.0,305.1,0.0,300.19
2022-05-22,20.75,79.25,309.17,1.34,300.32
2022-05-22,20.75,79.5,303.97,0.6,300.32
2022-05-22,20.75,79.75,306.48,4.22,300.27
2022-05-22,21.0,78.75,303.41,3.04,299.61
2022-05-22,21.0,79.0,307.42,0.06,299.55
2022-05-22,21.0,79.25,306.21,0.0,300.0
2022-05-22,21.0,79.5,304.67,4.05,300.62
2022-05-22,21.0,79.75,305.19,3.39,299.61
2022-05-22,21.25,78.75,306.08,0.94,299.45
2022-05-22,21.25,79.0,306.19,1.75,300.67
2022-05-22,21.25,79.25,309.12,1.33,300.14
2022-05-22,21.25,79.5,306.52,0.07,299.53
2022-05-22,21.25,79.75,303.8,2.1,300.65
2022-05-22,21.5,78.75,306.29,1.45,300.9
2022-05-22,21.5,79.0,305.42,1.64,299.95
2022-05-22,21.5,79.25,306.84,3.18,300.16
2022-05-22,21.5,79.5,305.54,0.05,300.06
2022-05-22,21.5,79.75,306.02,0.83,300.09
2022-05-22,21.75,78.75,305.07,1.79,300.2
2022-05-22,21.75,79.0,306.55,0.0,300.25
2022-05-22,21.75,79.25,305.74,1.87,300.35
2022-05-22,21.75,79.5,310.66,4.5,300.4
2022-05-22,21.75,79.75,305.94,0.59,301.01
2022-05-23,20.75,78.75,305.91,0.32,300.15
2022-05-23,20.75,79.0,306.31,0.26,300.99
2022-05-23,20.75,79.25,305.54,0.72,300.28
2022-05-23,20.75,79.5,306.1,2.04,300.28
2022-05-23,20.75,79.75,303.72,1.89,299.92
2022-05-23,21.0,78.75,308.25,3.14,300.75
2022-05-23,21.0,79.0,306.94,1.02,299.96
2022-05-23,21.0,79.25,309.26,0.46,300.62
2022-05-23,21.0,79.5,308.24,4.45,300.04
2022-05-23,21.0,79.75,307.6,1.5,300.3
2022-05-23,21.25,78.75,307.81,3.91,299.11
2022-05-23,21.25,79.0,308.37,0.91,299.1
2022-05-23,21.25,79.25,306.85,0.0,300.48
2022-05-23,21.25,79.5,309.56,0.43,300.11
2022-05-23,21.25,79.75,308.43,0.32,300.81
2022-05-23,21.5,78.75,310.83,0.72,299.57
2022-05-23,21.5,79.0,307.09,0.07,299.7
2022-05-23,21.5,79.25,309.5,5.83,299.56
2022-05-23,21.5,79.5,305.15,0.31,299.91
2022-05-23,21.5,79.75,306.74,1.42,300.28
2022-05-23,21.75,78.75,301.76,1.39,300.38
2022-05-23,21.75,79.0,309.27,0.54,300.58
2022-05-23,21.75,79.25,305.87,0.2,299.82
2022-05-23,21.75,79.5,307.03,0.56,300.44
2022-05-23,21.75,79.75,307.31,0.47,299.93
2022-05-24,20.75,78.75,302.72,0.28,300.3
2022-05-24,20.75,79.0,306.1,2.12,299.5
2022-05-24,20.75,79.25,309.88,0.9,300.16
2022-05-24,20.75,79.5,308.29,2.72,300.85
2022-05-24,20.75,79.75,304.49,1.95,300.32
2022-05-24,21.0,78.75,307.05,5.65,300.97
2022-05-24,21.0,79.0,306.07,0.0,299.72
2022-05-24,21.0,79.25,306.1,4.09,300.63
2022-05-24,21.0,79.5,305.02,1.12,300.75
2022-05-24,21.0,79.75,304.82,3.64,300.16
2022-05-24,21.25,78.75,306.6,1.12,299.41
2022-05-24,21.25,79.0,310.94,1.5,300.4
2022-05-24,21.25,79.25,305.98,3.84,300.85
2022-05-24,21.25,79.5,307.72,1.78,299.75
2022-05-24,21.25,79.75,305.3,3.03,299.66
2022-05-24,21.5,78.75,304.62,10.09,299.21
2022-05-24,21.5,79.0,306.32,1.55,300.5
2022-05-24,21.5,79.25,305.71,0.41,300.58
2022-05-24,21.5,79.5,306.94,3.07,299.31
2022-05-24,21.5,79.75,305.35,3.35,300.21
2022-05-24,21.75,78.75,307.59,0.8,300.06
2022-05-24,21.75,79.0,305.62,0.31,299.45
2022-05-24,21.75,79.25,304.97,1.02,299.77
2022-05-24,21.75,79.5,305.66,0.0,300.07
2022-05-24,21.75,79.75,306.14,2.99,299.8
2022-05-25,20.75,78.75,307.34,0.0,299.66
2022-05-25,20.75,79.0,308.38,5.83,300.75
2022-05-25,20.75,79.25,305.66,2.79,299.85
2022-05-25,20.75,79.5,308.97,0.73,299.85
2022-05-25,20.75,79.75,308.27,0.38,300.0
2022-05-25,21.0,78.75,306.28,0.14,299.9
2022-05-25,21.0,79.0,307.56,2.91,299.95
2022-05-25,21.0,79.25,305.6,5.37,299.66
2022-05-25,21.0,79.5,306.15,0.23,300.63
2022-05-25,21.0,79.75,303.69,1.07,300.23
2022-05-25,21.25,78.75,307.15,0.71,299.58
2022-05-25,21.25,79.0,306.17,0.97,300.01
2022-05-25,21.25,79.25,304.72,1.21,300.23
2022-05-25,21.25,79.5,305.62,5.5,299.59
2022-05-25,21.25,79.75,308.85,3.8,300.27
2022-05-25,21.5,78.75,306.27,0.08,300.13
2022-05-25,21.5,79.0,306.13,1.39,300.35
2022-05-25,21.5,79.25,307.27,0.69,299.55
2022-05-25,21.5,79.5,306.14,4.91,300.6
2022-05-25,21.5,79.75,305.6,0.5,299.71
2022-05-25,21.75,78.75,306.03,0.71,300.31
2022-05-25,21.75,79.0,306.4,0.44,299.51
2022-05-25,21.75,79.25,308.86,0.5,301.42
2022-05-25,21.75,79.5,307.01,6.18,300.29
2022-05-25,21.75,79.75,307.6,3.3,300.53
2022-05-26,20.75,78.75,304.95,1.65,300.2
2022-05-26,20.75,79.0,307.22,1.79,300.66
2022-05-26,20.75,79.25,305.71,0.49,300.06
2022-05-26,20.75,79.5,308.05,0.49,300.11
2022-05-26,20.75,79.75,307.71,1.83,300.64
2022-05-26,21.0,78.75,308.77,0.85,300.4
2022-05-26,21.0,79.0,306.81,0.25,299.09
2022-05-26,21.0,79.25,307.76,1.86,300.29
2022-05-26,21.0,79.5,307.39,0.81,299.68
2022-05-26,21.0,79.75,306.14,1.7,301.12
2022-05-26,21.25,78.75,309.66,1.38,300.32
2022-05-26,21.25,79.0,304.93,4.25,300.99
2022-05-26,21.25,79.25,306.05,1.3,299.66
2022-05-26,21.25,79.5,306.06,0.0,300.68
2022-05-26,21.25,79.75,306.52,0.88,300.15
2022-05-26,21.5,78.75,307.26,1.16,299.8
2022-05-26,21.5,79.0,303.02,0.39,299.59
2022-05-26,21.5,79.25,304.92,1.53,299.76
2022-05-26,21.5,79.5,306.38,1.31,299.95
2022-05-26,21.5,79.75,306.31,0.7,300.02
2022-05-26,21.75,78.75,303.82,0.05,300.48
2022-05-26,21.75,79.0,308.3,2.27,299.75
2022-05-26,21.75,79.25,306.55,0.0,299.5
2022-05-26,21.75,79.5,305.71,3.0,300.63
2022-05-26,21.75,79.75,307.74,1.49,300.27
2022-05-27,20.75,78.75,308.1,0.54,301.05
2022-05-27,20.75,79.0,307.69,1.53,300.4
2022-05-27,20.75,79.25,305.22,0.0,300.83
2022-05-27,20.75,79.5,306.39,4.28,300.4
2022-05-27,20.75,79.75,308.23,0.0,299.57
2022-05-27,21.0,78.75,306.55,5.55,300.0
2022-05-27,21.0,79.0,306.52,0.66,300.2
2022-05-27,21.0,79.25,305.75,3.58,299.77
2022-05-27,21.0,79.5,307.91,3.32,300.12
2022-05-27,21.0,79.75,307.61,5.28,300.56
2022-05-27,21.25,78.75,308.94,1.67,300.14
2022-05-27,21.25,79.0,308.65,2.01,299.91
2022-05-27,21.25,79.25,308.34,2.0,300.1
2022-05-27,21.25,79.5,307.59,1.24,299.39
2022-05-27,21.25,79.75,303.52,1.84,300.37
2022-05-27,21.5,78.75,307.1,1.68,299.8
2022-05-27,21.5,79.0,308.58,1.06,299.8
2022-05-27,21.5,79.25,307.61,2.44,300.2
2022-05-27,21.5,79.5,308.4,0.0,301.05
2022-05-27,21.5,79.75,306.16,0.41,300.04
2022-05-27,21.75,78.75,305.8,2.12,300.23
2022-05-27,21.75,79.0,309.11,0.72,299.68
2022-05-27,21.75,79.25,309.43,0.32,300.75
2022-05-27,21.75,79.5,306.15,0.3,299.95
2022-05-27,21.75,79.75,308.4,1.42,299.96
2022-05-28,20.75,78.75,308.57,1.93,301.25
2022-05-28,20.75,79.0,306.35,4.4,300.43
2022-05-28,20.75,79.25,305.26,2.41,300.51
2022-05-28,20.75,79.5,302.04,2.25,300.47
2022-05-28,20.75,79.75,303.96,0.07,299.81
2022-05-28,21.0,78.75,306.26,0.0,300.17
2022-05-28,21.0,79.0,307.99,7.67,300.17
2022-05-28,21.0,79.25,307.73,0.97,299.85
2022-05-28,21.0,79.5,307.04,1.88,300.34
2022-05-28,21.0,79.75,307.47,1.14,299.83
2022-05-28,21.25,78.75,306.84,0.0,299.18
2022-05-28,21.25,79.0,305.36,7.28,299.71
2022-05-28,21.25,79.25,305.94,0.72,300.81
2022-05-28,21.25,79.5,308.19,6.88,300.37
2022-05-28,21.25,79.75,308.48,1.26,299.9
2022-05-28,21.5,78.75,306.15,4.77,299.57
2022-05-28,21.5,79.0,307.07,2.06,299.93
2022-05-28,21.5,79.25,304.93,1.05,299.61
2022-05-28,21.5,79.5,308.83,0.0,299.78
2022-05-28,21.5,79.75,306.93,4.1,299.6
2022-05-28,21.75,78.75,306.82,4.87,299.59
2022-05-28,21.75,79.0,305.83,3.1,299.48
2022-05-28,21.75,79.25,307.27,0.4,300.32
2022-05-28,21.75,79.5,307.13,4.63,300.53
2022-05-28,21.75,79.75,307.48,1.64,299.96
2022-05-29,20.75,78.75,305.21,1.36,299.18
2022-05-29,20.75,79.0,304.18,1.62,299.2
2022-05-29,20.75,79.25,306.3,0.23,300.68
2022-05-29,20.75,79.5,306.47,0.52,300.36
2022-05-29,20.75,79.75,306.55,0.12,300.58
2022-05-29,21.0,78.75,306.39,2.27,299.45
2022-05-29,21.0,79.0,307.49,1.88,299.26
2022-05-29,21.0,79.25,308.74,1.39,299.83
2022-05-29,21.0,79.5,308.0,1.31,300.16
2022-05-29,21.0,79.75,304.38,1.11,300.34
2022-05-29,21.25,78.75,306.7,1.63,299.92
2022-05-29,21.25,79.0,306.84,0.31,300.49
2022-05-29,21.25,79.25,309.48,2.83,300.24
2022-05-29,21.25,79.5,308.47,0.42,300.04
2022-05-29,21.25,79.75,305.7,7.51,298.87
2022-05-29,21.5,78.75,306.71,5.32,300.61
2022-05-29,21.5,79.0,306.1,0.99,299.77
2022-05-29,21.5,79.25,306.93,1.79,300.65
2022-05-29,21.5,79.5,305.16,10.12,299.22
2022-05-29,21.5,79.75,308.94,0.87,300.21
2022-05-29,21.75,78.75,309.74,2.67,299.55
2022-05-29,21.75,79.0,306.22,0.53,300.11
2022-05-29,21.75,79.25,306.48,0.0,300.47
2022-05-29,21.75,79.5,304.96,1.1,299.61
2022-05-29,21.75,79.75,307.9,4.01,299.52
2022-05-30,20.75,78.75,305.86,3.74,300.35
2022-05-30,20.75,79.0,306.26,2.22,299.92
2022-05-30,20.75,79.25,307.49,0.16,300.14
2022-05-30,20.75,79.5,306.8,1.25,299.94
2022-05-30,20.75,79.75,306.05,1.38,299.48
2022-05-30,21.0,78.75,304.97,4.47,299.91
2022-05-30,21.0,79.0,306.39,1.8,299.53
2022-05-30,21.0,79.25,309.13,0.0,300.25
2022-05-30,21.0,79.5,303.32,2.13,300.41
2022-05-30,21.0,79.75,308.53,1.07,300.74
2022-05-30,21.25,78.75,307.84,6.04,299.42
2022-05-30,21.25,79.0,307.77,0.6,300.28
2022-05-30,21.25,79.25,308.6,3.71,300.31
2022-05-30,21.25,79.5,309.04,1.05,299.84
2022-05-30,21.25,79.75,305.88,4.83,299.98
2022-05-30,21.5,78.75,304.21,6.31,299.68
2022-05-30,21.5,79.0,309.21,1.94,300.41
2022-05-30,21.5,79.25,308.1,14.27,300.56
2022-05-30,21.5,79.5,306.64,2.47,300.53
2022-05-30,21.5,79.75,307.8,1.31,299.64
2022-05-30,21.75,78.75,306.93,9.98,300.0
2022-05-30,21.75,79.0,306.37,1.27,300.45
2022-05-30,21.75,79.25,307.52,2.26,299.9
2022-05-30,21.75,79.5,307.61,4.09,299.79
2022-05-30,21.75,79.75,306.48,1.91,299.31
2022-05-31,20.75,78.75,305.84,0.38,299.34
2022-05-31,20.75,79.0,307.4,2.26,300.07
2022-05-31,20.75,79.25,309.86,4.07,299.63
2022-05-31,20.75,79.5,306.66,6.12,300.52
2022-05-31,20.75,79.75,304.64,0.83,300.65
2022-05-31,21.0,78.75,307.42,2.76,300.16
2022-05-31,21.0,79.0,306.87,3.26,300.06
2022-05-31,21.0,79.25,305.33,2.0,300.5
2022-05-31,21.0,79.5,306.6,1.08,300.23
2022-05-31,21.0,79.75,308.51,4.36,299.83
2022-05-31,21.25,78.75,307.72,1.4,300.42
2022-05-31,21.25,79.0,305.25,2.81,300.53
2022-05-31,21.25,79.25,309.48,0.75,299.8
2022-05-31,21.25,79.5,304.25,1.35,300.3
2022-05-31,21.25,79.75,308.71,0.56,300.17
2022-05-31,21.5,78.75,305.2,4.1,299.53
2022-05-31,21.5,79.0,305.49,3.45,300.98
2022-05-31,21.5,79.25,306.56,1.8,300.85
2022-05-31,21.5,79.5,306.93,0.58,299.8
2022-05-31,21.5,79.75,309.66,0.68,299.77
2022-05-31,21.75,78.75,308.35,2.97,299.98
2022-05-31,21.75,79.0,308.55,4.09,299.85
2022-05-31,21.75,79.25,307.69,1.31,299.65
2022-05-31,21.75,79.5,308.94,1.86,299.88
2022-05-31,21.75,79.75,306.89,3.42,300.67
2022-06-01,20.75,78.75,306.98,0.78,300.12
2022-06-01,20.75,79.0,305.34,1.85,299.74
2022-06-01,20.75,79.25,306.52,0.99,300.14
2022-06-01,20.75,79.5,307.25,3.51,300.07
2022-06-01,20.75,79.75,306.3,3.43,300.88
2022-06-01,21.0,78.75,307.8,0.64,299.64
2022-06-01,21.0,79.0,305.81,9.16,299.97
2022-06-01,21.0,79.25,308.57,0.52,300.24
2022-06-01,21.0,79.5,305.8,2.47,300.87
2022-06-01,21.0,79.75,306.84,1.03,300.39
2022-06-01,21.25,78.75,308.02,3.82,300.26
2022-06-01,21.25,79.0,308.15,3.54,300.78
2022-06-01,21.25,79.25,309.48,0.94,299.86
2022-06-01,21.25,79.5,308.01,2.21,300.71
2022-06-01,21.25,79.75,305.81,8.53,300.29
2022-06-01,21.5,78.75,307.75,0.32,299.94
2022-06-01,21.5,79.0,307.6,0.32,299.42
2022-06-01,21.5,79.25,306.96,0.7,300.76
2022-06-01,21.5,79.5,305.15,4.45,299.83
2022-06-01,21.5,79.75,307.56,0.09,300.55
2022-06-01,21.75,78.75,309.34,1.59,299.88
2022-06-01,21.75,79.0,307.55,2.1,300.36
2022-06-01,21.75,79.25,305.93,1.39,300.09
2022-06-01,21.75,79.5,304.32,2.47,299.75
2022-06-01,21.75,79.75,307.71,1.56,300.05
2022-06-02,20.75,78.75,305.73,4.56,300.04
2022-06-02,20.75,79.0,306.76,3.68,299.96
2022-06-02,20.75,79.25,309.33,1.25,299.96
2022-06-02,20.75,79.5,307.46,0.42,299.77
2022-06-02,20.75,79.75,305.86,1.15,300.43
2022-06-02,21.0,78.75,307.1,0.21,299.39
2022-06-02,21.0,79.0,307.06,2.32,300.06
2022-06-02,21.0,79.25,308.2,0.58,300.01
2022-06-02,21.0,79.5,304.32,3.12,299.42
2022-06-02,21.0,79.75,307.11,0.18,300.18
2022-06-02,21.25,78.75,308.51,1.0,299.78
2022-06-02,21.25,79.0,308.22,2.86,300.4
2022-06-02,21.25,79.25,305.61,5.37,300.48
2022-06-02,21.25,79.5,308.69,0.64,300.9
2022-06-02,21.25,79.75,305.92,1.04,298.72
2022-06-02,21.5,78.75,311.68,5.16,298.85
2022-06-02,21.5,79.0,309.29,0.15,300.31
2022-06-02,21.5,79.25,306.59,0.37,300.38
2022-06-02,21.5,79.5,308.87,2.58,300.8
2022-06-02,21.5,79.75,307.47,1.97,300.62
2022-06-02,21.75,78.75,305.34,6.06,300.08
2022-06-02,21.75,79.0,307.98,0.22,300.41
2022-06-02,21.75,79.25,306.29,5.97,299.63
2022-06-02,21.75,79.5,309.16,0.62,300.42
2022-06-02,21.75,79.75,306.58,1.83,300.23
2022-06-03,20.75,78.75,305.91,3.8,300.5
2022-06-03,20.75,79.0,307.49,1.19,299.35
2022-06-03,20.75,79.25,307.16,0.6,299.38
2022-06-03,20.75,79.5,307.74,2.16,300.11
2022-06-03,20.75,79.75,308.24,0.65,300.72
2022-06-03,21.0,78.75,304.97,2.88,299.29
2022-06-03,21.0,79.0,309.56,2.34,300.5
2022-06-03,21.0,79.25,303.42,2.09,298.61
2022-06-03,21.0,79.5,306.37,0.97,300.62
2022-06-03,21.0,79.75,307.2,3.21,300.14
2022-06-03,21.25,78.75,307.23,0.74,300.61
2022-06-03,21.25,79.0,309.66,5.86,300.22
2022-06-03,21.25,79.25,308.74,1.29,299.62
2022-06-03,21.25,79.5,304.66,12.86,299.28
2022-06-03,21.25,79.75,305.8,2.37,300.56
2022-06-03,21.5,78.75,309.5,1.17,300.06
2022-06-03,21.5,79.0,306.93,0.7,300.74
2022-06-03,21.5,79.25,305.86,0.5,299.89
2022-06-03,21.5,79.5,309.5,3.36,300.81
2022-06-03,21.5,79.75,304.71,1.65,300.01
2022-06-03,21.75,78.75,307.03,4.88,300.75
2022-06-03,21.75,79.0,306.51,2.19,299.83
2022-06-03,21.75,79.25,305.72,1.14,300.29
2022-06-03,21.75,79.5,308.68,3.48,300.01
2022-06-03,21.75,79.75,307.74,1.82,300.66
2022-06-04,20.75,78.75,307.13,2.24,299.6
2022-06-04,20.75,79.0,305.89,2.65,300.48
2022-06-04,20.75,79.25,304.31,2.01,300.02
2022-06-04,20.75,79.5,305.22,1.12,299.55
2022-06-04,20.75,79.75,309.66,3.87,300.16
2022-06-04,21.0,78.75,308.57,1.49,299.59
2022-06-04,21.0,79.0,306.76,3.43,298.87
2022-06-04,21.0,79.25,308.84,5.05,300.03
2022-06-04,21.0,79.5,306.18,2.15,299.79
2022-06-04,21.0,79.75,306.86,0.49,299.51
2022-06-04,21.25,78.75,306.78,2.13,299.43
2022-06-04,21.25,79.0,307.74,0.92,300.05
2022-06-04,21.25,79.25,308.9,4.75,300.04
2022-06-04,21.25,79.5,306.84,1.49,300.22
2022-06-04,21.25,79.75,307.29,5.05,299.31
2022-06-04,21.5,78.75,308.0,0.65,299.89
2022-06-04,21.5,79.0,306.7,5.07,300.4
2022-06-04,21.5,79.25,309.91,8.35,301.26
2022-06-04,21.5,79.5,309.09,6.73,299.97
2022-06-04,21.5,79.75,307.76,1.18,300.34
2022-06-04,21.75,78.75,307.17,1.46,299.25
2022-06-04,21.75,79.0,308.5,0.76,300.1
2022-06-04,21.75,79.25,310.11,4.2,300.15
2022-06-04,21.75,79.5,306.78,3.86,300.21
2022-06-04,21.75,79.75,308.82,6.99,300.11
2022-06-05,20.75,78.75,305.94,4.0,299.92
2022-06-05,20.75,79.0,311.05,0.56,299.49
2022-06-05,20.75,79.25,307.0,1.33,299.71
2022-06-05,20.75,79.5,307.72,0.44,298.91
2022-06-05,20.75,79.75,308.85,3.23,300.18
2022-06-05,21.0,78.75,309.43,2.05,300.14
2022-06-05,21.0,79.0,309.21,0.33,300.74
2022-06-05,21.0,79.25,305.27,0.65,300.15
2022-06-05,21.0,79.5,309.04,5.98,300.45
2022-06-05,21.0,79.75,306.88,0.84,299.45
2022-06-05,21.25,78.75,305.58,0.96,299.03
2022-06-05,21.25,79.0,308.47,4.01,299.93
2022-06-05,21.25,79.25,306.52,3.76,300.27
2022-06-05,21.25,79.5,306.84,1.97,299.64
2022-06-05,21.25,79.75,306.14,1.44,299.56
2022-06-05,21.5,78.75,310.28,0.5,299.75
2022-06-05,21.5,79.0,306.82,4.08,300.53
2022-06-05,21.5,79.25,305.87,3.88,299.81
2022-06-05,21.5,79.5,308.43,1.19,300.26
2022-06-05,21.5,79.75,306.21,0.99,299.88
2022-06-05,21.75,78.75,305.59,1.59,300.31
2022-06-05,21.75,79.0,309.08,0.83,300.63
2022-06-05,21.75,79.25,309.81,1.13,299.83
2022-06-05,21.75,79.5,310.37,3.45,299.68
2022-06-05,21.75,79.75,307.14,4.21,301.07
2022-06-06,20.75,78.75,305.91,1.78,300.85
2022-06-06,20.75,79.0,309.67,1.2,300.72
2022-06-06,20.75,79.25,306.09,3.38,299.36
2022-06-06,20.75,79.5,307.01,2.51,300.27
2022-06-06,20.75,79.75,309.46,3.09,300.09
2022-06-06,21.0,78.75,306.47,2.88,300.02
2022-06-06,21.0,79.0,307.87,1.77,299.71
2022-06-06,21.0,79.25,306.38,3.36,299.57
2022-06-06,21.0,79.5,307.08,0.7,300.28
2022-06-06,21.0,79.75,306.14,0.35,300.19
2022-06-06,21.25,78.75,307.77,3.72,299.75
2022-06-06,21.25,79.0,307.1,0.6,301.37
2022-06-06,21.25,79.25,305.6,2.45,300.01
2022-06-06,21.25,79.5,306.29,5.59,299.4
2022-06-06,21.25,79.75,309.37,2.27,300.35
2022-06-06,21.5,78.75,307.38,2.36,300.06
2022-06-06,21.5,79.0,308.1,0.38,300.63
2022-06-06,21.5,79.25,306.21,2.72,300.32
2022-06-06,21.5,79.5,308.57,0.48,300.07
2022-06-06,21.5,79.75,308.08,3.78,299.76
2022-06-06,21.75,78.75,307.34,1.41,299.92
2022-06-06,21.75,79.0,305.95,2.66,300.2
2022-06-06,21.75,79.25,310.37,11.57,299.89
2022-06-06,21.75,79.5,310.12,1.61,301.84
2022-06-06,21.75,79.75,306.62,0.84,299.68
2022-06-07,20.75,78.75,308.35,1.32,300.4
2022-06-07,20.75,79.0,305.22,5.18,298.79
2022-06-07,20.75,79.25,307.18,1.91,300.78
2022-06-07,20.75,79.5,307.47,0.7,300.35
2022-06-07,20.75,79.75,307.25,3.68,300.11
2022-06-07,21.0,78.75,303.87,1.41,299.0
2022-06-07,21.0,79.0,309.64,0.47,299.69
2022-06-07,21.0,79.25,308.75,0.5,300.68
2022-06-07,21.0,79.5,307.54,2.99,299.78
2022-06-07,21.0,79.75,307.36,3.85,299.97
2022-06-07,21.25,78.75,307.47,1.09,300.18
2022-06-07,21.25,79.0,309.08,3.36,299.9
2022-06-07,21.25,79.25,305.95,3.11,299.96
2022-06-07,21.25,79.5,307.69,0.49,300.56
2022-06-07,21.25,79.75,307.51,3.79,300.22
2022-06-07,21.5,78.75,305.92,0.42,299.49
2022-06-07,21.5,79.0,308.79,0.61,299.43
2022-06-07,21.5,79.25,309.0,2.61,300.89
2022-06-07,21.5,79.5,311.09,2.5,299.82
2022-06-07,21.5,79.75,310.75,0.8,300.04
2022-06-07,21.75,78.75,306.99,4.99,299.79
2022-06-07,21.75,79.0,306.9,4.54,299.98
2022-06-07,21.75,79.25,306.91,5.17,299.35
2022-06-07,21.75,79.5,306.97,2.09,301.18
2022-06-07,21.75,79.75,307.62,2.69,299.83
2022-06-08,20.75,78.75,305.19,1.08,301.08
2022-06-08,20.75,79.0,309.35,2.52,300.84
2022-06-08,20.75,79.25,308.34,9.51,300.47
2022-06-08,20.75,79.5,307.89,1.17,300.52
2022-06-08,20.75,79.75,308.71,1.18,300.39
2022-06-08,21.0,78.75,307.48,0.77,301.19
2022-06-08,21.0,79.0,308.26,1.45,299.44
2022-06-08,21.0,79.25,308.4,2.07,300.18
2022-06-08,21.0,79.5,306.51,1.1,301.21
2022-06-08,21.0,79.75,308.58,2.45,299.86
2022-06-08,21.25,78.75,305.96,0.65,300.09
2022-06-08,21.25,79.0,305.37,2.3,300.56
2022-06-08,21.25,79.25,309.57,4.79,300.44
2022-06-08,21.25,79.5,304.19,0.86,299.76
2022-06-08,21.25,79.75,305.39,7.72,300.18
2022-06-08,21.5,78.75,307.5,2.44,300.74
2022-06-08,21.5,79.0,307.76,1.67,299.64
2022-06-08,21.5,79.25,308.28,2.07,299.2
2022-06-08,21.5,79.5,307.05,1.11,299.58
2022-06-08,21.5,79.75,307.51,9.18,299.77
2022-06-08,21.75,78.75,307.0,0.69,301.27
2022-06-08,21.75,79.0,304.95,0.44,299.7
2022-06-08,21.75,79.25,308.88,0.76,300.84
2022-06-08,21.75,79.5,310.29,7.36,300.38
2022-06-08,21.75,79.75,308.35,3.22,300.15
2022-06-09,20.75,78.75,306.68,7.09,299.78
2022-06-09,20.75,79.0,309.06,2.02,299.97
2022-06-09,20.75,79.25,306.54,2.33,299.86
2022-06-09,20.75,79.5,309.18,2.05,300.79
2022-06-09,20.75,79.75,308.84,0.76,299.18
2022-06-09,21.0,78.75,305.92,1.33,300.05
2022-06-09,21.0,79.0,306.74,1.68,300.37
2022-06-09,21.0,79.25,308.97,2.48,300.34
2022-06-09,21.0,79.5,304.66,0.49,299.36
2022-06-09,21.0,79.75,309.78,2.4,301.01
2022-06-09,21.25,78.75,308.44,1.9,299.64
2022-06-09,21.25,79.0,305.89,5.5,299.36
2022-06-09,21.25,79.25,308.33,0.6,300.41
2022-06-09,21.25,79.5,307.35,1.28,299.32
2022-06-09,21.25,79.75,305.54,3.51,300.04
2022-06-09,21.5,78.75,308.02,0.72,299.5
2022-06-09,21.5,79.0,308.29,5.37,300.19
2022-06-09,21.5,79.25,304.99,2.88,300.08
2022-06-09,21.5,79.5,308.07,4.58,300.02
2022-06-09,21.5,79.75,307.32,2.61,300.46
2022-06-09,21.75,78.75,305.29,1.37,301.31
2022-06-09,21.75,79.0,305.67,1.98,300.06
2022-06-09,21.75,79.25,308.35,7.08,299.42
2022-06-09,21.75,79.5,305.32,1.96,300.06
2022-06-09,21.75,79.75,307.82,1.04,299.21
2022-06-10,20.75,78.75,307.18,0.6,300.96
2022-06-10,20.75,79.0,308.39,5.36,299.95
2022-06-10,20.75,79.25,304.73,6.89,299.85
2022-06-10,20.75,79.5,309.39,1.44,299.83
2022-06-10,20.75,79.75,309.67,2.59,300.13
2022-06-10,21.0,78.75,305.65,1.45,299.38
2022-06-10,21.0,79.0,307.65,2.73,299.83
2022-06-10,21.0,79.25,307.2,1.17,300.89
2022-06-10,21.0,79.5,305.63,0.89,299.99
2022-06-10,21.0,79.75,306.59,3.04,299.79
2022-06-10,21.25,78.75,309.87,5.18,300.31
2022-06-10,21.25,79.0,306.98,1.04,299.58
2022-06-10,21.25,79.25,306.65,2.56,300.21
2022-06-10,21.25,79.5,308.41,0.61,300.11
2022-06-10,21.25,79.75,305.51,0.81,300.57
2022-06-10,21.5,78.75,305.12,1.48,300.7
2022-06-10,21.5,79.0,305.99,1.83,300.21
2022-06-10,21.5,79.25,307.73,1.99,299.98
2022-06-10,21.5,79.5,307.33,0.97,300.8
2022-06-10,21.5,79.75,307.64,3.88,300.6
2022-06-10,21.75,78.75,306.59,1.36,299.9
2022-06-10,21.75,79.0,305.19,2.95,300.54
2022-06-10,21.75,79.25,307.08,3.08,299.31
2022-06-10,21.75,79.5,311.02,1.5,300.69
2022-06-10,21.75,79.75,305.05,1.15,300.07
2022-06-11,20.75,78.75,308.76,7.61,298.64
2022-06-11,20.75,79.0,308.57,1.64,300.38
2022-06-11,20.75,79.25,307.92,1.73,300.0
2022-06-11,20.75,79.5,307.07,1.86,299.44
2022-06-11,20.75,79.75,306.55,1.64,299.82
2022-06-11,21.0,78.75,308.04,3.89,299.92
2022-06-11,21.0,79.0,308.39,0.84,299.29
2022-06-11,21.0,79.25,307.58,2.66,300.22
2022-06-11,21.0,79.5,307.64,1.92,299.51
2022-06-11,21.0,79.75,305.58,3.71,300.49
2022-06-11,21.25,78.75,305.87,2.69,299.52
2022-06-11,21.25,79.0,306.48,2.1,300.43
2022-06-11,21.25,79.25,308.69,2.06,299.91
2022-06-11,21.25,79.5,308.57,1.72,299.48
2022-06-11,21.25,79.75,308.75,1.67,299.87
2022-06-11,21.5,78.75,307.4,14.91,299.61
2022-06-11,21.5,79.0,308.41,8.03,300.64
2022-06-11,21.5,79.25,306.24,2.31,300.02
2022-06-11,21.5,79.5,307.08,0.85,299.82
2022-06-11,21.5,79.75,306.53,2.2,300.05
2022-06-11,21.75,78.75,308.59,0.63,299.8
2022-06-11,21.75,79.0,308.4,3.07,299.74
2022-06-11,21.75,79.25,308.73,1.59,299.54
2022-06-11,21.75,79.5,306.76,2.82,300.8
2022-06-11,21.75,79.75,308.33,3.1,299.57
2022-06-12,20.75,78.75,306.75,1.66,300.28
2022-06-12,20.75,79.0,309.04,1.9,299.77
2022-06-12,20.75,79.25,307.64,1.54,300.58
2022-06-12,20.75,79.5,308.13,4.82,298.83
2022-06-12,20.75,79.75,309.0,3.57,300.05
2022-06-12,21.0,78.75,306.74,1.49,300.53
2022-06-12,21.0,79.0,306.55,1.0,299.45
2022-06-12,21.0,79.25,308.17,2.07,299.17
2022-06-12,21.0,79.5,306.67,1.98,300.48
2022-06-12,21.0,79.75,308.65,1.47,299.04
2022-06-12,21.25,78.75,307.71,1.06,300.54
2022-06-12,21.25,79.0,307.82,2.55,299.81
2022-06-12,21.25,79.25,309.74,0.98,299.87
2022-06-12,21.25,79.5,305.45,3.05,300.26
2022-06-12,21.25,79.75,308.1,2.1,299.76
2022-06-12,21.5,78.75,306.86,3.07,299.31
2022-06-12,21.5,79.0,309.07,1.96,299.79
2022-06-12,21.5,79.25,307.97,1.62,299.45
2022-06-12,21.5,79.5,310.02,1.15,299.49
2022-06-12,21.5,79.75,307.83,3.09,300.2
2022-06-12,21.75,78.75,306.94,1.16,299.89
2022-06-12,21.75,79.0,308.94,3.47,299.58
2022-06-12,21.75,79.25,304.94,2.37,300.26
2022-06-12,21.75,79.5,308.07,5.86,299.12
2022-06-12,21.75,79.75,309.77,2.91,299.91
2022-06-13,20.75,78.75,308.58,2.04,299.77
2022-06-13,20.75,79.0,307.73,1.33,300.45
2022-06-13,20.75,79.25,311.86,1.1,299.5
2022-06-13,20.75,79.5,304.82,1.47,298.94
2022-06-13,20.75,79.75,309.38,4.31,300.13
2022-06-13,21.0,78.75,303.7,0.96,298.85
2022-06-13,21.0,79.0,308.55,1.98,299.55
2022-06-13,21.0,79.25,310.64,1.43,300.08
2022-06-13,21.0,79.5,309.25,2.13,299.77
2022-06-13,21.0,79.75,309.37,3.14,299.79
2022-06-13,21.25,78.75,308.56,0.8,299.91
2022-06-13,21.25,79.0,308.74,1.94,299.78
2022-06-13,21.25,79.25,308.66,0.69,300.53
2022-06-13,21.25,79.5,309.08,3.7,299.37
2022-06-13,21.25,79.75,306.92,1.34,300.64
2022-06-13,21.5,78.75,310.08,8.87,300.04
2022-06-13,21.5,79.0,308.73,0.78,300.19
2022-06-13,21.5,79.25,308.16,3.13,300.08
2022-06-13,21.5,79.5,306.75,5.4,299.85
2022-06-13,21.5,79.75,306.12,1.69,299.31
2022-06-13,21.75,78.75,309.25,5.61,299.55
2022-06-13,21.75,79.0,305.2,1.65,299.99
2022-06-13,21.75,79.25,308.49,4.09,299.45
2022-06-13,21.75,79.5,308.12,1.76,299.56
2022-06-13,21.75,79.75,307.1,3.31,299.99
2022-06-14,20.75,78.75,306.61,1.49,299.79
2022-06-14,20.75,79.0,308.4,1.84,300.03
2022-06-14,20.75,79.25,307.18,4.16,300.78
2022-06-14,20.75,79.5,308.22,1.81,299.73
2022-06-14,20.75,79.75,308.97,1.2,300.17
2022-06-14,21.0,78.75,306.26,0.81,300.08
2022-06-14,21.0,79.0,306.09,1.1,300.87
2022-06-14,21.0,79.25,308.06,1.4,299.9
2022-06-14,21.0,79.5,307.44,1.35,300.35
2022-06-14,21.0,79.75,310.24,1.87,300.85
2022-06-14,21.25,78.75,308.97,9.16,299.72
2022-06-14,21.25,79.0,306.56,3.5,299.73
2022-06-14,21.25,79.25,307.54,2.13,299.75
2022-06-14,21.25,79.5,309.17,1.8,299.72
2022-06-14,21.25,79.75,306.91,2.03,300.24
2022-06-14,21.5,78.75,306.37,3.24,299.32
2022-06-14,21.5,79.0,307.29,0.77,299.31
2022-06-14,21.5,79.25,309.28,9.23,299.94
2022-06-14,21.5,79.5,310.64,8.42,299.4
2022-06-14,21.5,79.75,308.27,5.46,299.76
2022-06-14,21.75,78.75,311.34,1.3,300.76
2022-06-14,21.75,79.0,306.2,1.39,299.46
2022-06-14,21.75,79.25,307.79,3.26,299.63
2022-06-14,21.75,79.5,307.81,5.12,300.38
2022-06-14,21.75,79.75,308.1,0.79,299.54
2022-06-15,20.75,78.75,303.65,2.59,299.74
2022-06-15,20.75,79.0,307.77,1.63,300.49
2022-06-15,20.75,79.25,309.4,0.9,300.41
2022-06-15,20.75,79.5,308.46,1.2,300.18
2022-06-15,20.75,79.75,304.13,1.42,299.88
2022-06-15,21.0,78.75,308.73,1.88,299.29
2022-06-15,21.0,79.0,307.7,1.78,301.4
2022-06-15,21.0,79.25,307.58,1.01,299.83
2022-06-15,21.0,79.5,307.5,1.98,299.65
2022-06-15,21.0,79.75,310.64,7.37,299.43
2022-06-15,21.25,78.75,307.25,1.43,301.12
2022-06-15,21.25,79.0,305.57,1.36,299.68
2022-06-15,21.25,79.25,307.8,2.13,300.18
2022-06-15,21.25,79.5,310.14,4.35,300.39
2022-06-15,21.25,79.75,310.3,2.89,299.78
2022-06-15,21.5,78.75,305.72,3.05,300.44
2022-06-15,21.5,79.0,305.25,4.22,299.52
2022-06-15,21.5,79.25,309.23,2.0,299.74
2022-06-15,21.5,79.5,308.14,1.11,299.67
2022-06-15,21.5,79.75,303.1,1.55,300.19
2022-06-15,21.75,78.75,308.82,2.16,299.29
2022-06-15,21.75,79.0,309.31,0.89,299.57
2022-06-15,21.75,79.25,307.78,5.08,300.12
2022-06-15,21.75,79.5,308.25,1.44,299.59
2022-06-15,21.75,79.75,305.72,2.88,299.89
2022-06-16,20.75,78.75,305.2,2.58,300.06
2022-06-16,20.75,79.0,307.04,10.17,299.37
2022-06-16,20.75,79.25,309.14,4.03,300.7
2022-06-16,20.75,79.5,308.34,2.21,300.85
2022-06-16,20.75,79.75,309.02,1.1,300.34
2022-06-16,21.0,78.75,308.59,1.41,299.64
2022-06-16,21.0,79.0,310.6,4.31,300.29
2022-06-16,21.0,79.25,307.65,2.74,299.95
2022-06-16,21.0,79.5,307.69,4.58,300.74
2022-06-16,21.0,79.75,308.42,7.39,300.3
2022-06-16,21.25,78.75,307.71,2.79,299.89
2022-06-16,21.25,79.0,309.24,2.92,299.91
2022-06-16,21.25,79.25,308.4,2.25,300.29
2022-06-16,21.25,79.5,307.58,9.81,300.21
2022-06-16,21.25,79.75,309.42,3.66,299.87
2022-06-16,21.5,78.75,306.57,2.32,300.27
2022-06-16,21.5,79.0,307.62,1.38,299.73
2022-06-16,21.5,79.25,306.18,2.04,299.56
2022-06-16,21.5,79.5,307.71,5.48,300.08
2022-06-16,21.5,79.75,309.0,2.29,300.01
2022-06-16,21.75,78.75,306.05,2.27,300.91
2022-06-16,21.75,79.0,310.82,1.19,300.27
2022-06-16,21.75,79.25,304.89,0.91,300.6
2022-06-16,21.75,79.5,308.22,3.25,300.72
2022-06-16,21.75,79.75,308.38,5.01,300.89
2022-06-17,20.75,78.75,307.72,1.29,300.21
2022-06-17,20.75,79.0,309.14,1.6,299.81
2022-06-17,20.75,79.25,306.93,1.71,300.25
2022-06-17,20.75,79.5,307.6,2.21,299.42
2022-06-17,20.75,79.75,309.45,1.94,299.88
2022-06-17,21.0,78.75,304.43,3.43,300.09
2022-06-17,21.0,79.0,310.13,1.43,300.27
2022-06-17,21.0,79.25,307.18,3.43,299.84
2022-06-17,21.0,79.5,307.0,5.4,300.86
2022-06-17,21.0,79.75,308.46,2.71,300.63
2022-06-17,21.25,78.75,307.83,2.28,300.26
2022-06-17,21.25,79.0,311.98,2.18,299.83
2022-06-17,21.25,79.25,308.64,2.2,300.8
2022-06-17,21.25,79.5,308.15,1.93,300.32
2022-06-17,21.25,79.75,308.94,1.15,298.95
2022-06-17,21.5,78.75,308.64,6.13,300.23
2022-06-17,21.5,79.0,311.0,4.36,300.25
2022-06-17,21.5,79.25,307.85,2.9,298.81
2022-06-17,21.5,79.5,307.78,4.33,301.07
2022-06-17,21.5,79.75,310.01,1.16,300.81
2022-06-17,21.75,78.75,306.36,1.81,299.35
2022-06-17,21.75,79.0,309.33,2.51,300.51
2022-06-17,21.75,79.25,306.78,1.42,299.7
2022-06-17,21.75,79.5,308.03,1.07,299.17
2022-06-17,21.75,79.75,306.42,1.57,299.76
2022-06-18,20.75,78.75,307.24,3.16,299.26
2022-06-18,20.75,79.0,306.1,4.05,299.25
2022-06-18,20.75,79.25,311.02,5.71,300.02
2022-06-18,20.75,79.5,307.4,5.18,300.8
2022-06-18,20.75,79.75,308.7,6.26,298.78
2022-06-18,21.0,78.75,306.74,1.54,300.58
2022-06-18,21.0,79.0,307.49,1.42,298.73
2022-06-18,21.0,79.25,306.39,3.59,300.61
2022-06-18,21.0,79.5,309.72,6.95,299.63
2022-06-18,21.0,79.75,308.51,2.88,300.66
2022-06-18,21.25,78.75,308.16,1.45,298.97
2022-06-18,21.25,79.0,309.26,1.04,300.07
2022-06-18,21.25,79.25,308.37,2.4,299.79
2022-06-18,21.25,79.5,309.47,4.64,300.65
2022-06-18,21.25,79.75,306.08,9.44,300.08
2022-06-18,21.5,78.75,310.6,1.23,299.33
2022-06-18,21.5,79.0,308.54,1.66,300.14
2022-06-18,21.5,79.25,310.27,4.46,299.55
2022-06-18,21.5,79.5,310.31,0.97,300.44
2022-06-18,21.5,79.75,305.75,1.39,299.77
2022-06-18,21.75,78.75,306.12,2.4,299.49
2022-06-18,21.75,79.0,308.34,4.06,299.67
2022-06-18,21.75,79.25,306.93,4.59,299.31
2022-06-18,21.75,79.5,307.44,1.55,300.52
2022-06-18,21.75,79.75,309.77,1.23,299.23
2022-06-19,20.75,78.75,308.22,2.06,300.26
2022-06-19,20.75,79.0,306.27,1.87,298.9
2022-06-19,20.75,79.25,307.45,4.18,300.17
2022-06-19,20.75,79.5,307.54,3.29,300.39
2022-06-19,20.75,79.75,308.87,7.68,299.31
2022-06-19,21.0,78.75,308.68,2.86,300.49
2022-06-19,21.0,79.0,306.2,2.18,299.81
2022-06-19,21.0,79.25,306.72,2.81,298.56
2022-06-19,21.0,79.5,307.77,4.76,299.97
2022-06-19,21.0,79.75,306.19,1.85,300.91
2022-06-19,21.25,78.75,306.27,1.3,299.8
2022-06-19,21.25,79.0,309.97,2.8,299.59
2022-06-19,21.25,79.25,307.15,1.77,300.61
2022-06-19,21.25,79.5,309.0,1.21,299.88
2022-06-19,21.25,79.75,306.5,4.44,299.21
2022-06-19,21.5,78.75,309.63,3.42,299.31
2022-06-19,21.5,79.0,308.33,7.13,298.79
2022-06-19,21.5,79.25,307.36,1.28,299.37
2022-06-19,21.5,79.5,306.95,1.12,300.49
2022-06-19,21.5,79.75,308.14,4.02,300.23
2022-06-19,21.75,78.75,306.47,2.29,300.54
2022-06-19,21.75,79.0,306.32,3.07,300.03
2022-06-19,21.75,79.25,306.31,2.48,299.36
2022-06-19,21.75,79.5,310.57,4.62,299.97
2022-06-19,21.75,79.75,308.07,3.62,300.01
2022-06-20,20.75,78.75,306.79,1.79,300.19
2022-06-20,20.75,79.0,308.36,2.39,300.48
2022-06-20,20.75,79.25,307.57,1.71,299.89
2022-06-20,20.75,79.5,307.23,2.98,299.83
2022-06-20,20.75,79.75,306.49,1.95,300.42
2022-06-20,21.0,78.75,309.29,2.27,299.95
2022-06-20,21.0,79.0,307.8,2.37,299.94
2022-06-20,21.0,79.25,306.58,2.88,299.4
2022-06-20,21.0,79.5,309.02,1.52,300.43
2022-06-20,21.0,79.75,307.83,1.86,300.09
2022-06-20,21.25,78.75,307.3,1.45,299.83
2022-06-20,21.25,79.0,307.96,2.07,300.13
2022-06-20,21.25,79.25,309.45,2.32,300.07
2022-06-20,21.25,79.5,307.14,2.77,298.75
2022-06-20,21.25,79.75,307.27,4.65,301.1
2022-06-20,21.5,78.75,307.56,1.09,300.21
2022-06-20,21.5,79.0,309.1,3.7,299.36
2022-06-20,21.5,79.25,308.72,8.38,299.26
2022-06-20,21.5,79.5,307.74,2.28,300.05
2022-06-20,21.5,79.75,306.8,4.86,299.83
2022-06-20,21.75,78.75,306.23,1.37,299.66
2022-06-20,21.75,79.0,307.72,1.98,299.84
2022-06-20,21.75,79.25,310.07,5.78,300.5
2022-06-20,21.75,79.5,307.66,1.39,299.59
2022-06-20,21.75,79.75,309.52,3.42,300.72
2022-06-21,20.75,78.75,309.21,2.15,300.33
2022-06-21,20.75,79.0,308.66,6.42,299.92
2022-06-21,20.75,79.25,308.02,3.1,300.01
2022-06-21,20.75,79.5,306.56,2.07,300.09
2022-06-21,20.75,79.75,308.91,1.4,300.06
2022-06-21,21.0,78.75,307.2,2.27,299.8
2022-06-21,21.0,79.0,309.38,3.74,299.98
2022-06-21,21.0,79.25,311.01,1.78,299.54
2022-06-21,21.0,79.5,308.65,1.14,299.61
2022-06-21,21.0,79.75,305.27,2.74,300.44
2022-06-21,21.25,78.75,308.42,1.2,299.39
2022-06-21,21.25,79.0,306.96,1.88,300.26
2022-06-21,21.25,79.25,307.26,1.37,299.77
2022-06-21,21.25,79.5,308.93,2.86,299.26
2022-06-21,21.25,79.75,308.52,3.36,299.83
2022-06-21,21.5,78.75,309.56,5.54,300.15
2022-06-21,21.5,79.0,307.47,1.57,300.05
2022-06-21,21.5,79.25,308.66,1.33,300.04
2022-06-21,21.5,79.5,309.13,1.16,299.78
2022-06-21,21.5,79.75,309.98,3.88,300.6
2022-06-21,21.75,78.75,305.03,3.11,299.87
2022-06-21,21.75,79.0,307.0,2.92,299.81
2022-06-21,21.75,79.25,307.31,4.55,299.95
2022-06-21,21.75,79.5,304.8,3.54,299.96
2022-06-21,21.75,79.75,309.0,3.44,300.32
2022-06-22,20.75,78.75,307.85,1.35,299.16
2022-06-22,20.75,79.0,305.98,3.31,300.16
2022-06-22,20.75,79.25,306.43,1.7,300.41
2022-06-22,20.75,79.5,308.42,1.31,300.33
2022-06-22,20.75,79.75,306.07,2.73,300.43
2022-06-22,21.0,78.75,309.79,2.76,300.76
2022-06-22,21.0,79.0,309.2,1.6,300.15
2022-06-22,21.0,79.25,309.27,2.46,300.69
2022-06-22,21.0,79.5,309.03,1.2,299.87
2022-06-22,21.0,79.75,308.93,1.73,300.87
2022-06-22,21.25,78.75,309.12,1.69,299.96
2022-06-22,21.25,79.0,309.01,8.55,299.97
2022-06-22,21.25,79.25,306.99,5.98,300.25
2022-06-22,21.25,79.5,307.51,2.29,299.99
2022-06-22,21.25,79.75,304.5,1.33,300.54
2022-06-22,21.5,78.75,306.24,3.28,300.57
2022-06-22,21.5,79.0,307.34,1.76,300.0
2022-06-22,21.5,79.25,308.72,1.21,299.9
2022-06-22,21.5,79.5,307.8,4.59,299.9
2022-06-22,21.5,79.75,307.1,1.78,299.03
2022-06-22,21.75,78.75,306.03,5.1,299.94
2022-06-22,21.75,79.0,305.33,1.15,300.79
2022-06-22,21.75,79.25,308.55,4.67,300.09
2022-06-22,21.75,79.5,310.97,1.19,300.06
2022-06-22,21.75,79.75,307.27,3.15,299.66
2022-06-23,20.75,78.75,306.84,2.47,299.84
2022-06-23,20.75,79.0,309.46,2.25,300.31
2022-06-23,20.75,79.25,309.22,3.04,300.24
2022-06-23,20.75,79.5,307.76,4.8,300.07
2022-06-23,20.75,79.75,306.63,1.63,299.22
2022-06-23,21.0,78.75,307.1,1.45,300.61
2022-06-23,21.0,79.0,306.93,1.24,299.73
2022-06-23,21.0,79.25,305.25,1.85,299.34
2022-06-23,21.0,79.5,309.43,3.53,299.27
2022-06-23,21.0,79.75,310.27,2.78,299.81
2022-06-23,21.25,78.75,308.46,2.13,300.02
2022-06-23,21.25,79.0,307.63,1.26,299.84
2022-06-23,21.25,79.25,305.88,8.81,299.76
2022-06-23,21.25,79.5,305.86,4.9,300.51
2022-06-23,21.25,79.75,307.33,1.97,299.44
2022-06-23,21.5,78.75,308.23,1.74,300.67
2022-06-23,21.5,79.0,306.27,1.64,299.41
2022-06-23,21.5,79.25,308.43,3.42,299.51
2022-06-23,21.5,79.5,309.6,3.47,299.02
2022-06-23,21.5,79.75,309.73,1.53,299.76
2022-06-23,21.75,78.75,306.01,2.45,299.91
2022-06-23,21.75,79.0,307.2,2.29,300.1
2022-06-23,21.75,79.25,304.89,3.22,299.62
2022-06-23,21.75,79.5,306.25,1.74,298.98
2022-06-23,21.75,79.75,310.24,2.99,299.47
2022-06-24,20.75,78.75,305.56,4.92,300.0
2022-06-24,20.75,79.0,306.13,4.61,299.23
2022-06-24,20.75,79.25,305.4,1.46,299.91
2022-06-24,20.75,79.5,306.23,2.1,300.18
2022-06-24,20.75,79.75,307.61,3.21,299.81
2022-06-24,21.0,78.75,308.26,1.94,299.91
2022-06-24,21.0,79.0,308.67,4.34,299.57
2022-06-24,21.0,79.25,307.87,3.85,300.91
2022-06-24,21.0,79.5,308.16,3.79,300.21
2022-06-24,21.0,79.75,306.01,2.73,299.82
2022-06-24,21.25,78.75,309.05,5.98,300.25
2022-06-24,21.25,79.0,307.01,1.74,300.26
2022-06-24,21.25,79.25,308.28,5.52,299.66
2022-06-24,21.25,79.5,309.89,3.43,299.53
2022-06-24,21.25,79.75,310.26,1.72,299.62
2022-06-24,21.5,78.75,306.97,14.16,300.57
2022-06-24,21.5,79.0,306.4,3.92,300.05
2022-06-24,21.5,79.25,306.7,4.2,300.03
2022-06-24,21.5,79.5,307.58,4.03,300.48
2022-06-24,21.5,79.75,306.7,2.81,299.76
2022-06-24,21.75,78.75,306.64,10.94,299.34
2022-06-24,21.75,79.0,306.16,9.89,300.32
2022-06-24,21.75,79.25,309.91,6.97,299.4
2022-06-24,21.75,79.5,307.17,6.31,299.76
2022-06-24,21.75,79.75,306.94,3.01,299.97
2022-06-25,20.75,78.75,307.68,2.23,299.15
2022-06-25,20.75,79.0,304.99,3.57,300.16
2022-06-25,20.75,79.25,311.88,1.73,299.34
2022-06-25,20.75,79.5,308.48,1.57,299.35
2022-06-25,20.75,79.75,307.57,1.55,300.58
2022-06-25,21.0,78.75,310.4,2.16,299.74
2022-06-25,21.0,79.0,311.44,3.45,299.07
2022-06-25,21.0,79.25,306.93,4.19,300.39
2022-06-25,21.0,79.5,307.65,2.03,299.85
2022-06-25,21.0,79.75,304.8,1.33,300.02
2022-06-25,21.25,78.75,310.9,6.59,300.73
2022-06-25,21.25,79.0,308.84,1.98,300.45
2022-06-25,21.25,79.25,306.16,2.77,299.39
2022-06-25,21.25,79.5,307.45,5.59,300.15
2022-06-25,21.25,79.75,310.94,4.01,300.13
2022-06-25,21.5,78.75,305.57,3.19,299.73
2022-06-25,21.5,79.0,307.85,2.64,299.4
2022-06-25,21.5,79.25,305.03,8.02,300.94
2022-06-25,21.5,79.5,309.29,4.13,301.25
2022-06-25,21.5,79.75,308.88,1.84,300.18
2022-06-25,21.75,78.75,308.41,3.35,299.57
2022-06-25,21.75,79.0,309.17,3.92,299.85
2022-06-25,21.75,79.25,307.6,3.94,299.49
2022-06-25,21.75,79.5,308.69,3.84,301.04
2022-06-25,21.75,79.75,306.48,3.9,299.82
2022-06-26,20.75,78.75,308.27,2.52,299.81
2022-06-26,20.75,79.0,307.51,1.98,300.13
2022-06-26,20.75,79.25,306.53,2.69,300.75
2022-06-26,20.75,79.5,305.93,6.7,300.84
2022-06-26,20.75,79.75,308.93,2.51,300.34
2022-06-26,21.0,78.75,306.61,4.23,300.09
2022-06-26,21.0,79.0,308.92,3.41,300.17
2022-06-26,21.0,79.25,308.57,5.74,301.19
2022-06-26,21.0,79.5,306.93,1.73,299.51
2022-06-26,21.0,79.75,307.24,3.22,300.29
2022-06-26,21.25,78.75,308.26,3.88,299.93
2022-06-26,21.25,79.0,309.41,7.05,300.18
2022-06-26,21.25,79.25,306.07,3.36,300.26
2022-06-26,21.25,79.5,307.32,5.02,299.84
2022-06-26,21.25,79.75,305.89,6.91,300.13
2022-06-26,21.5,78.75,308.67,1.42,300.4
2022-06-26,21.5,79.0,309.68,1.75,300.58
2022-06-26,21.5,79.25,308.59,3.59,299.65
2022-06-26,21.5,79.5,306.31,1.51,299.47
2022-06-26,21.5,79.75,309.9,2.55,300.04
2022-06-26,21.75,78.75,305.88,2.81,299.56
2022-06-26,21.75,79.0,307.5,1.48,299.43
2022-06-26,21.75,79.25,306.06,1.77,299.83
2022-06-26,21.75,79.5,306.79,1.54,299.99
2022-06-26,21.75,79.75,305.13,2.03,300.13
2022-06-27,20.75,78.75,308.71,5.75,300.38
2022-06-27,20.75,79.0,304.05,3.05,300.84
2022-06-27,20.75,79.25,307.49,2.77,300.11
2022-06-27,20.75,79.5,308.13,2.69,300.29
2022-06-27,20.75,79.75,308.97,2.68,300.43
2022-06-27,21.0,78.75,306.83,1.87,300.48
2022-06-27,21.0,79.0,307.9,6.48,300.55
2022-06-27,21.0,79.25,307.23,3.49,299.84
2022-06-27,21.0,79.5,307.17,3.8,300.18
2022-06-27,21.0,79.75,309.77,2.18,300.01
2022-06-27,21.25,78.75,308.6,2.6,299.6
2022-06-27,21.25,79.0,308.12,3.41,300.56
2022-06-27,21.25,79.25,306.13,4.04,300.49
2022-06-27,21.25,79.5,309.82,3.14,299.74
2022-06-27,21.25,79.75,308.49,2.04,300.51
2022-06-27,21.5,78.75,308.97,2.45,299.04
2022-06-27,21.5,79.0,311.01,2.35,300.09
2022-06-27,21.5,79.25,310.48,7.07,299.4
2022-06-27,21.5,79.5,309.97,2.06,300.13
2022-06-27,21.5,79.75,308.75,2.45,298.75
2022-06-27,21.75,78.75,308.75,4.18,300.19
2022-06-27,21.75,79.0,308.5,3.18,299.89
2022-06-27,21.75,79.25,307.12,3.63,300.85
2022-06-27,21.75,79.5,306.83,4.42,299.35
2022-06-27,21.75,79.75,307.64,2.77,299.71
2022-06-28,20.75,78.75,307.26,1.83,299.25
2022-06-28,20.75,79.0,306.04,4.42,300.04
2022-06-28,20.75,79.25,307.22,1.69,299.94
2022-06-28,20.75,79.5,307.37,4.52,300.1
2022-06-28,20.75,79.75,310.74,1.8,300.62
2022-06-28,21.0,78.75,307.66,2.15,300.07
2022-06-28,21.0,79.0,308.17,2.41,300.16
2022-06-28,21.0,79.25,309.79,2.59,300.14
2022-06-28,21.0,79.5,309.29,6.12,300.2
2022-06-28,21.0,79.75,304.71,4.23,300.2
2022-06-28,21.25,78.75,307.32,1.95,299.85
2022-06-28,21.25,79.0,307.23,2.91,299.78
2022-06-28,21.25,79.25,307.03,2.8,300.3
2022-06-28,21.25,79.5,309.33,3.77,300.01
2022-06-28,21.25,79.75,307.65,1.69,299.91
2022-06-28,21.5,78.75,307.0,3.51,300.4
2022-06-28,21.5,79.0,305.9,3.14,299.66
2022-06-28,21.5,79.25,307.11,2.32,300.42
2022-06-28,21.5,79.5,307.22,6.18,299.64
2022-06-28,21.5,79.75,310.84,4.41,300.09
2022-06-28,21.75,78.75,307.81,1.44,300.13
2022-06-28,21.75,79.0,307.06,4.5,299.99
2022-06-28,21.75,79.25,306.78,1.91,300.57
2022-06-28,21.75,79.5,307.98,7.12,299.6
2022-06-28,21.75,79.75,307.79,1.51,299.42
2022-06-29,20.75,78.75,309.42,4.32,300.31
2022-06-29,20.75,79.0,308.89,3.08,299.78
2022-06-29,20.75,79.25,306.73,2.88,301.06
2022-06-29,20.75,79.5,307.74,4.5,300.33
2022-06-29,20.75,79.75,305.2,2.59,299.86
2022-06-29,21.0,78.75,304.27,3.35,299.83
2022-06-29,21.0,79.0,306.98,6.21,300.14
2022-06-29,21.0,79.25,307.32,2.67,299.79
2022-06-29,21.0,79.5,309.81,5.39,300.74
2022-06-29,21.0,79.75,307.39,1.98,300.75
2022-06-29,21.25,78.75,307.85,3.08,299.83
2022-06-29,21.25,79.0,303.45,4.47,299.68
2022-06-29,21.25,79.25,305.71,2.33,300.62
2022-06-29,21.25,79.5,308.67,4.2,300.15
2022-06-29,21.25,79.75,308.5,2.46,300.29
2022-06-29,21.5,78.75,308.58,8.44,300.08
2022-06-29,21.5,79.0,305.16,1.47,300.2
2022-06-29,21.5,79.25,310.12,3.05,299.83
2022-06-29,21.5,79.5,308.95,3.32,299.93
2022-06-29,21.5,79.75,309.98,2.73,301.03
2022-06-29,21.75,78.75,308.07,3.02,299.28
2022-06-29,21.75,79.0,308.34,2.12,300.59
2022-06-29,21.75,79.25,307.31,5.94,299.69
2022-06-29,21.75,79.5,307.06,4.59,299.89
2022-06-29,21.75,79.75,308.47,11.87,299.97
2022-06-30,20.75,78.75,309.13,1.73,300.1
2022-06-30,20.75,79.0,309.69,2.51,300.04
2022-06-30,20.75,79.25,309.11,2.55,300.24
2022-06-30,20.75,79.5,309.23,2.72,299.65
2022-06-30,20.75,79.75,309.61,5.61,300.14
2022-06-30,21.0,78.75,309.6,13.01,299.99
2022-06-30,21.0,79.0,308.79,2.67,299.56
2022-06-30,21.0,79.25,308.72,6.38,299.74
2022-06-30,21.0,79.5,309.41,4.44,300.03
2022-06-30,21.0,79.75,307.61,2.16,300.2
2022-06-30,21.25,78.75,307.9,2.13,300.27
2022-06-30,21.25,79.0,307.12,1.89,299.34
2022-06-30,21.25,79.25,306.71,1.49,300.99
2022-06-30,21.25,79.5,309.87,6.43,299.21
2022-06-30,21.25,79.75,308.43,5.24,300.7
2022-06-30,21.5,78.75,308.34,4.39,300.43
2022-06-30,21.5,79.0,307.29,2.13,299.58
2022-06-30,21.5,79.25,303.94,1.84,299.88
2022-06-30,21.5,79.5,308.59,2.38,299.31
2022-06-30,21.5,79.75,305.41,2.01,299.97
2022-06-30,21.75,78.75,308.4,6.33,300.36
2022-06-30,21.75,79.0,306.8,2.21,300.37
2022-06-30,21.75,79.25,310.23,5.31,300.24
2022-06-30,21.75,79.5,305.57,2.42,299.64
2022-06-30,21.75,79.75,308.17,1.73,300.03
2022-07-01,20.75,78.75,307.06,2.03,299.62
2022-07-01,20.75,79.0,309.03,2.52,299.9
2022-07-01,20.75,79.25,305.97,4.35,300.53
2022-07-01,20.75,79.5,306.84,1.83,300.32
2022-07-01,20.75,79.75,307.26,5.74,300.02
2022-07-01,21.0,78.75,304.53,3.37,299.53
2022-07-01,21.0,79.0,307.53,3.07,299.41
2022-07-01,21.0,79.25,310.34,5.17,299.61
2022-07-01,21.0,79.5,309.9,1.81,299.46
2022-07-01,21.0,79.75,307.34,3.91,299.73
2022-07-01,21.25,78.75,307.24,1.78,300.06
2022-07-01,21.25,79.0,308.45,6.49,300.35
2022-07-01,21.25,79.25,307.64,1.95,299.88
2022-07-01,21.25,79.5,306.12,6.95,298.91
2022-07-01,21.25,79.75,306.46,1.63,300.48
2022-07-01,21.5,78.75,306.2,2.24,301.22
2022-07-01,21.5,79.0,309.03,3.31,299.75
2022-07-01,21.5,79.25,307.15,4.85,300.86
2022-07-01,21.5,79.5,306.41,1.85,300.29
2022-07-01,21.5,79.75,308.19,3.19,299.53
2022-07-01,21.75,78.75,309.1,2.7,300.57
2022-07-01,21.75,79.0,307.93,9.9,300.03
2022-07-01,21.75,79.25,307.71,5.39,299.42
2022-07-01,21.75,79.5,310.05,2.2,299.92
2022-07-01,21.75,79.75,307.42,2.22,300.13
2022-07-02,20.75,78.75,308.18,2.78,299.82
2022-07-02,20.75,79.0,307.26,3.15,299.7
2022-07-02,20.75,79.25,304.6,2.24,300.1
2022-07-02,20.75,79.5,308.88,1.93,299.97
2022-07-02,20.75,79.75,308.49,2.53,300.52
2022-07-02,21.0,78.75,309.38,3.59,299.33
2022-07-02,21.0,79.0,306.18,2.35,299.34
2022-07-02,21.0,79.25,308.49,3.96,300.21
2022-07-02,21.0,79.5,306.24,6.32,299.65
2022-07-02,21.0,79.75,310.73,2.94,300.08
2022-07-02,21.25,78.75,306.53,2.33,299.67
2022-07-02,21.25,79.0,307.44,2.16,300.47
2022-07-02,21.25,79.25,309.44,4.93,299.87
2022-07-02,21.25,79.5,307.05,3.93,299.71
2022-07-02,21.25,79.75,306.93,5.19,300.63
2022-07-02,21.5,78.75,308.95,2.63,300.42
2022-07-02,21.5,79.0,308.51,1.74,299.65
2022-07-02,21.5,79.25,305.56,2.12,300.68
2022-07-02,21.5,79.5,306.2,5.47,300.92
2022-07-02,21.5,79.75,306.35,2.92,299.81
2022-07-02,21.75,78.75,310.22,2.94,299.36
2022-07-02,21.75,79.0,307.3,4.91,300.85
2022-07-02,21.75,79.25,308.2,1.99,299.35
2022-07-02,21.75,79.5,310.73,11.23,299.85
2022-07-02,21.75,79.75,309.88,3.01,300.1
2022-07-03,20.75,78.75,306.11,3.58,299.31
2022-07-03,20.75,79.0,304.97,2.93,299.72
2022-07-03,20.75,79.25,308.58,2.24,299.45
2022-07-03,20.75,79.5,309.16,4.35,300.89
2022-07-03,20.75,79.75,305.71,2.21,300.1
2022-07-03,21.0,78.75,308.46,5.13,300.0
2022-07-03,21.0,79.0,307.94,2.34,299.75
2022-07-03,21.0,79.25,308.21,1.81,299.8
2022-07-03,21.0,79.5,306.89,2.95,299.65
2022-07-03,21.0,79.75,305.52,2.5,300.02
2022-07-03,21.25,78.75,305.16,1.77,299.61
2022-07-03,21.25,79.0,308.57,3.92,299.8
2022-07-03,21.25,79.25,308.35,3.78,300.63
2022-07-03,21.25,79.5,307.12,2.01,299.89
2022-07-03,21.25,79.75,309.8,5.23,299.56
2022-07-03,21.5,78.75,308.13,4.08,301.01
2022-07-03,21.5,79.0,309.03,2.5,301.05
2022-07-03,21.5,79.25,310.25,4.06,300.23
2022-07-03,21.5,79.5,307.53,1.7,300.38
2022-07-03,21.5,79.75,308.35,6.57,300.34
2022-07-03,21.75,78.75,306.77,2.66,299.94
2022-07-03,21.75,79.0,308.49,6.04,300.31
2022-07-03,21.75,79.25,306.06,3.08,299.58
2022-07-03,21.75,79.5,306.32,6.14,299.53
2022-07-03,21.75,79.75,305.09,2.23,299.83
2022-07-04,20.75,78.75,306.79,5.08,299.5
2022-07-04,20.75,79.0,311.32,2.53,300.55
2022-07-04,20.75,79.25,305.56,2.52,300.59
2022-07-04,20.75,79.5,310.02,3.07,299.57
2022-07-04,20.75,79.75,307.57,3.35,300.4
2022-07-04,21.0,78.75,309.89,5.37,300.03
2022-07-04,21.0,79.0,308.89,2.48,300.58
2022-07-04,21.0,79.25,308.24,5.02,300.75
2022-07-04,21.0,79.5,308.72,1.89,300.15
2022-07-04,21.0,79.75,308.49,5.25,299.85
2022-07-04,21.25,78.75,307.87,6.03,300.97
2022-07-04,21.25,79.0,306.44,3.4,300.28
2022-07-04,21.25,79.25,308.92,4.23,299.76
2022-07-04,21.25,79.5,305.58,1.98,300.26
2022-07-04,21.25,79.75,308.38,7.62,300.59
2022-07-04,21.5,78.75,307.39,4.54,300.05
2022-07-04,21.5,79.0,309.92,3.63,299.81
2022-07-04,21.5,79.25,312.43,4.46,299.66
2022-07-04,21.5,79.5,306.84,3.28,300.21
2022-07-04,21.5,79.75,308.24,2.28,300.26
2022-07-04,21.75,78.75,310.77,5.61,300.85
2022-07-04,21.75,79.0,307.86,4.29,299.92
2022-07-04,21.75,79.25,310.23,9.42,300.07
2022-07-04,21.75,79.5,308.16,2.26,298.91
2022-07-04,21.75,79.75,307.56,1.95,299.76
2022-07-05,20.75,78.75,308.39,5.2,300.87
2022-07-05,20.75,79.0,307.17,3.45,300.24
2022-07-05,20.75,79.25,306.92,7.37,299.53
2022-07-05,20.75,79.5,309.87,1.94,300.45
2022-07-05,20.75,79.75,307.49,2.18,299.42
2022-07-05,21.0,78.75,309.41,2.15,299.56
2022-07-05,21.0,79.0,309.43,1.91,300.0
2022-07-05,21.0,79.25,308.38,3.59,299.71
2022-07-05,21.0,79.5,309.17,6.14,300.42
2022-07-05,21.0,79.75,304.46,2.93,299.57
2022-07-05,21.25,78.75,308.82,7.63,300.96
2022-07-05,21.25,79.0,306.49,6.9,299.88
2022-07-05,21.25,79.25,306.49,2.22,300.34
2022-07-05,21.25,79.5,310.01,2.13,300.79
2022-07-05,21.25,79.75,306.95,2.89,298.88
2022-07-05,21.5,78.75,308.0,3.59,299.46
2022-07-05,21.5,79.0,306.69,2.12,300.06
2022-07-05,21.5,79.25,310.57,3.96,300.41
2022-07-05,21.5,79.5,306.65,4.62,300.99
2022-07-05,21.5,79.75,306.63,5.93,299.63
2022-07-05,21.75,78.75,306.4,2.97,300.33
2022-07-05,21.75,79.0,307.49,5.48,299.93
2022-07-05,21.75,79.25,308.3,1.77,299.47
2022-07-05,21.75,79.5,308.44,2.57,299.84
2022-07-05,21.75,79.75,306.88,2.85,298.96
2022-07-06,20.75,78.75,309.48,3.98,300.55
2022-07-06,20.75,79.0,305.72,5.69,299.59
2022-07-06,20.75,79.25,304.13,3.37,300.25
2022-07-06,20.75,79.5,307.34,1.89,298.66
2022-07-06,20.75,79.75,307.08,2.22,300.02
2022-07-06,21.0,78.75,306.69,2.26,299.39
2022-07-06,21.0,79.0,304.55,6.1,299.45
2022-07-06,21.0,79.25,309.18,3.22,300.73
2022-07-06,21.0,79.5,309.76,3.76,300.96
2022-07-06,21.0,79.75,306.58,3.46,300.59
2022-07-06,21.25,78.75,306.57,3.99,299.7
2022-07-06,21.25,79.0,309.29,8.02,299.63
2022-07-06,21.25,79.25,307.6,3.34,299.92
2022-07-06,21.25,79.5,311.38,2.14,299.73
2022-07-06,21.25,79.75,305.83,3.03,299.16
2022-07-06,21.5,78.75,307.86,2.73,300.42
2022-07-06,21.5,79.0,309.05,3.73,299.69
2022-07-06,21.5,79.25,308.78,3.95,299.43
2022-07-06,21.5,79.5,308.3,2.59,300.58
2022-07-06,21.5,79.75,306.24,2.0,299.82
2022-07-06,21.75,78.75,310.79,3.04,299.88
2022-07-06,21.75,79.0,307.45,4.29,299.4
2022-07-06,21.75,79.25,307.88,4.62,300.19
2022-07-06,21.75,79.5,307.24,2.26,300.54
2022-07-06,21.75,79.75,306.66,7.46,300.34
2022-07-07,20.75,78.75,310.03,2.37,300.5
2022-07-07,20.75,79.0,307.64,3.43,300.82
2022-07-07,20.75,79.25,309.6,2.24,299.81
2022-07-07,20.75,79.5,306.74,3.88,299.94
2022-07-07,20.75,79.75,307.09,5.65,300.25
2022-07-07,21.0,78.75,310.21,3.57,300.4
2022-07-07,21.0,79.0,307.31,3.09,300.37
2022-07-07,21.0,79.25,308.02,3.07,299.52
2022-07-07,21.0,79.5,307.47,6.2,301.27
2022-07-07,21.0,79.75,309.87,5.96,299.61
2022-07-07,21.25,78.75,308.31,5.26,299.32
2022-07-07,21.25,79.0,308.09,6.36,300.2
2022-07-07,21.25,79.25,308.84,2.74,300.44
2022-07-07,21.25,79.5,305.5,1.78,299.66
2022-07-07,21.25,79.75,308.19,3.04,298.91
2022-07-07,21.5,78.75,308.15,1.85,299.42
2022-07-07,21.5,79.0,308.5,2.16,299.7
2022-07-07,21.5,79.25,306.46,1.9,300.0
2022-07-07,21.5,79.5,304.88,6.32,299.35
2022-07-07,21.5,79.75,307.2,6.54,300.51
2022-07-07,21.75,78.75,307.19,6.68,300.17
2022-07-07,21.75,79.0,307.83,3.92,299.9
2022-07-07,21.75,79.25,308.59,8.2,299.6
2022-07-07,21.75,79.5,307.42,1.79,300.72
2022-07-07,21.75,79.75,308.87,4.43,300.07
2022-07-08,20.75,78.75,306.13,3.86,299.78
2022-07-08,20.75,79.0,305.47,9.66,300.62
2022-07-08,20.75,79.25,307.96,3.96,299.86
2022-07-08,20.75,79.5,308.24,7.34,300.08
2022-07-08,20.75,79.75,311.21,3.54,299.54
2022-07-08,21.0,78.75,310.0,1.96,300.03
2022-07-08,21.0,79.0,305.55,2.22,299.65
2022-07-08,21.0,79.25,307.65,3.01,299.31
2022-07-08,21.0,79.5,310.76,3.35,299.79
2022-07-08,21.0,79.75,308.58,3.98,299.98
2022-07-08,21.25,78.75,308.64,4.52,300.64
2022-07-08,21.25,79.0,308.02,2.24,300.84
2022-07-08,21.25,79.25,305.21,3.83,300.06
2022-07-08,21.25,79.5,308.9,2.02,298.79
2022-07-08,21.25,79.75,308.95,2.0,300.11
2022-07-08,21.5,78.75,308.18,6.74,300.02
2022-07-08,21.5,79.0,308.35,2.11,299.74
2022-07-08,21.5,79.25,307.66,3.85,299.16
2022-07-08,21.5,79.5,305.23,3.85,299.81
2022-07-08,21.5,79.75,309.14,7.84,299.9
2022-07-08,21.75,78.75,308.17,1.87,299.94
2022-07-08,21.75,79.0,307.56,1.79,299.91
2022-07-08,21.75,79.25,307.36,4.55,299.41
2022-07-08,21.75,79.5,307.48,2.68,301.08
2022-07-08,21.75,79.75,309.24,9.01,299.74
2022-07-09,20.75,78.75,307.39,4.57,300.41
2022-07-09,20.75,79.0,308.85,4.59,300.57
2022-07-09,20.75,79.25,307.17,1.83,300.23
2022-07-09,20.75,79.5,309.52,2.79,300.25
2022-07-09,20.75,79.75,305.51,3.32,299.86
2022-07-09,21.0,78.75,306.73,3.27,299.96
2022-07-09,21.0,79.0,306.54,11.15,299.69
2022-07-09,21.0,79.25,308.16,2.25,300.28
2022-07-09,21.0,79.5,306.27,2.88,299.54
2022-07-09,21.0,79.75,308.75,2.09,299.62
2022-07-09,21.25,78.75,310.28,4.07,300.74
2022-07-09,21.25,79.0,307.89,5.24,300.03
2022-07-09,21.25,79.25,308.23,5.3,300.39
2022-07-09,21.25,79.5,309.08,6.55,299.79
2022-07-09,21.25,79.75,305.25,3.76,300.21
2022-07-09,21.5,78.75,307.63,7.31,299.5
2022-07-09,21.5,79.0,305.58,2.36,300.01
2022-07-09,21.5,79.25,309.09,2.73,300.86
2022-07-09,21.5,79.5,309.67,8.38,299.27
2022-07-09,21.5,79.75,307.78,11.96,300.71
2022-07-09,21.75,78.75,309.71,3.33,300.42
2022-07-09,21.75,79.0,308.79,3.65,299.57
2022-07-09,21.75,79.25,309.38,2.7,300.83
2022-07-09,21.75,79.5,309.0,2.8,300.77
2022-07-09,21.75,79.75,305.64,2.19,300.89
2022-07-10,20.75,78.75,307.93,2.29,299.89
2022-07-10,20.75,79.0,305.86,2.92,299.37
2022-07-10,20.75,79.25,307.61,3.74,299.38
2022-07-10,20.75,79.5,307.43,2.47,299.96
2022-07-10,20.75,79.75,310.25,3.51,299.34
2022-07-10,21.0,78.75,308.38,1.99,300.45
2022-07-10,21.0,79.0,308.09,2.45,300.41
2022-07-10,21.0,79.25,307.18,2.2,299.67
2022-07-10,21.0,79.5,307.51,3.08,300.1
2022-07-10,21.0,79.75,307.8,3.51,300.35
2022-07-10,21.25,78.75,309.62,2.49,299.75
2022-07-10,21.25,79.0,306.49,7.51,299.55
2022-07-10,21.25,79.25,307.97,6.11,300.08
2022-07-10,21.25,79.5,308.42,2.45,300.16
2022-07-10,21.25,79.75,308.71,8.54,300.33
2022-07-10,21.5,78.75,308.96,2.46,299.72
2022-07-10,21.5,79.0,308.4,1.93,300.09
2022-07-10,21.5,79.25,308.22,2.2,300.23
2022-07-10,21.5,79.5,311.75,2.43,300.28
2022-07-10,21.5,79.75,310.02,3.94,300.18
2022-07-10,21.75,78.75,311.25,3.81,300.52
2022-07-10,21.75,79.0,307.64,3.57,300.41
2022-07-10,21.75,79.25,308.14,2.49,300.51
2022-07-10,21.75,79.5,307.62,2.83,300.33
2022-07-10,21.75,79.75,306.3,1.94,299.85
2022-07-11,20.75,78.75,309.48,3.95,299.81
2022-07-11,20.75,79.0,306.77,3.48,300.12
2022-07-11,20.75,79.25,306.13,2.61,300.49
2022-07-11,20.75,79.5,305.65,3.2,300.49
2022-07-11,20.75,79.75,307.27,2.81,300.3
2022-07-11,21.0,78.75,306.71,2.82,299.82
2022-07-11,21.0,79.0,307.04,4.44,300.5
2022-07-11,21.0,79.25,308.13,5.42,300.92
2022-07-11,21.0,79.5,307.93,2.09,300.92
2022-07-11,21.0,79.75,307.54,2.81,300.3
2022-07-11,21.25,78.75,309.84,2.85,299.91
2022-07-11,21.25,79.0,310.56,4.92,300.02
2022-07-11,21.25,79.25,308.01,3.45,299.51
2022-07-11,21.25,79.5,307.36,8.29,300.09
2022-07-11,21.25,79.75,307.1,7.79,300.3
2022-07-11,21.5,78.75,306.1,5.98,299.75
2022-07-11,21.5,79.0,308.89,3.45,299.76
2022-07-11,21.5,79.25,307.76,3.42,300.02
2022-07-11,21.5,79.5,308.56,8.25,299.59
2022-07-11,21.5,79.75,307.87,3.91,299.61
2022-07-11,21.75,78.75,307.17,7.02,300.5
2022-07-11,21.75,79.0,310.47,1.98,298.32
2022-07-11,21.75,79.25,306.37,3.02,300.38
2022-07-11,21.75,79.5,306.1,2.53,300.2
2022-07-11,21.75,79.75,307.26,3.54,300.17
2022-07-12,20.75,78.75,308.01,2.35,300.26
2022-07-12,20.75,79.0,306.4,4.0,300.78
2022-07-12,20.75,79.25,305.92,2.15,299.81
2022-07-12,20.75,79.5,308.57,1.99,299.77
2022-07-12,20.75,79.75,310.21,4.48,300.39
2022-07-12,21.0,78.75,306.74,2.18,299.96
2022-07-12,21.0,79.0,308.29,17.84,299.64
2022-07-12,21.0,79.25,306.86,2.17,300.34
2022-07-12,21.0,79.5,306.59,3.42,299.63
2022-07-12,21.0,79.75,305.34,2.33,300.68
2022-07-12,21.25,78.75,307.26,3.26,300.04
2022-07-12,21.25,79.0,308.72,2.1,299.75
2022-07-12,21.25,79.25,307.81,5.13,300.65
2022-07-12,21.25,79.5,306.31,3.0,300.0
2022-07-12,21.25,79.75,306.98,2.09,300.55
2022-07-12,21.5,78.75,309.43,6.86,300.32
2022-07-12,21.5,79.0,309.85,2.04,300.41
2022-07-12,21.5,79.25,308.55,5.42,300.06
2022-07-12,21.5,79.5,308.47,3.46,299.62
2022-07-12,21.5,79.75,308.24,2.14,299.02
2022-07-12,21.75,78.75,309.12,3.34,300.43
2022-07-12,21.75,79.0,309.07,2.19,300.53
2022-07-12,21.75,79.25,308.49,2.09,300.62
2022-07-12,21.75,79.5,304.49,6.89,299.62
2022-07-12,21.75,79.75,308.36,2.82,301.12
2022-07-13,20.75,78.75,307.75,7.23,299.72
2022-07-13,20.75,79.0,306.9,3.69,299.91
2022-07-13,20.75,79.25,309.25,9.09,301.16
2022-07-13,20.75,79.5,309.76,2.39,300.88
2022-07-13,20.75,79.75,304.98,4.68,300.18
2022-07-13,21.0,78.75,310.12,2.44,299.88
2022-07-13,21.0,79.0,307.86,3.4,300.25
2022-07-13,21.0,79.25,305.98,2.49,300.81
2022-07-13,21.0,79.5,308.31,2.77,300.46
2022-07-13,21.0,79.75,308.38,2.58,299.64
2022-07-13,21.25,78.75,306.05,2.78,299.43
2022-07-13,21.25,79.0,310.09,2.54,300.01
2022-07-13,21.25,79.25,310.07,3.33,299.87
2022-07-13,21.25,79.5,308.85,4.57,299.99
2022-07-13,21.25,79.75,308.57,2.04,299.5
2022-07-13,21.5,78.75,309.26,2.43,300.54
2022-07-13,21.5,79.0,308.88,2.13,299.81
2022-07-13,21.5,79.25,309.12,5.41,301.31
2022-07-13,21.5,79.5,306.25,2.96,300.27
2022-07-13,21.5,79.75,306.73,4.61,300.34
2022-07-13,21.75,78.75,304.96,5.89,300.63
2022-07-13,21.75,79.0,308.03,4.5,300.49
2022-07-13,21.75,79.25,306.29,3.07,299.77
2022-07-13,21.75,79.5,304.79,2.66,299.75
2022-07-13,21.75,79.75,309.61,2.27,300.14
2022-07-14,20.75,78.75,308.36,3.11,300.2
2022-07-14,20.75,79.0,307.38,2.06,300.48
2022-07-14,20.75,79.25,306.96,2.72,300.6
2022-07-14,20.75,79.5,309.75,4.67,299.7
2022-07-14,20.75,79.75,309.26,6.41,300.47
2022-07-14,21.0,78.75,305.74,2.85,300.81
2022-07-14,21.0,79.0,307.82,5.45,300.05
2022-07-14,21.0,79.25,307.15,5.79,300.4
2022-07-14,21.0,79.5,305.41,7.03,300.4
2022-07-14,21.0,79.75,308.94,2.36,299.62
2022-07-14,21.25,78.75,309.92,2.36,301.24
2022-07-14,21.25,79.0,308.35,2.17,299.38
2022-07-14,21.25,79.25,308.43,3.45,298.43
2022-07-14,21.25,79.5,308.16,2.36,300.35
2022-07-14,21.25,79.75,308.72,2.34,300.55
2022-07-14,21.5,78.75,305.32,5.12,300.12
2022-07-14,21.5,79.0,310.7,3.73,299.76
2022-07-14,21.5,79.25,308.62,2.41,301.21
2022-07-14,21.5,79.5,307.23,3.98,300.92
2022-07-14,21.5,79.75,308.15,6.31,300.17
2022-07-14,21.75,78.75,306.17,2.46,299.77
2022-07-14,21.75,79.0,310.13,2.38,300.87
2022-07-14,21.75,79.25,310.68,2.85,300.01
2022-07-14,21.75,79.5,308.82,2.29,300.62
2022-07-14,21.75,79.75,307.14,2.26,300.49
2022-07-15,20.75,78.75,305.71,5.2,300.64
2022-07-15,20.75,79.0,311.19,2.34,300.78
2022-07-15,20.75,79.25,308.41,2.47,300.66
2022-07-15,20.75,79.5,306.06,2.21,300.51
2022-07-15,20.75,79.75,304.05,2.78,299.9
2022-07-15,21.0,78.75,305.9,5.47,299.88
2022-07-15,21.0,79.0,307.68,6.16,300.89
2022-07-15,21.0,79.25,304.71,3.95,300.33
2022-07-15,21.0,79.5,305.94,4.18,300.04
2022-07-15,21.0,79.75,307.35,2.51,300.25
2022-07-15,21.25,78.75,305.57,10.56,300.67
2022-07-15,21.25,79.0,306.95,2.18,298.9
2022-07-15,21.25,79.25,305.52,2.78,299.72
2022-07-15,21.25,79.5,309.69,2.95,300.34
2022-07-15,21.25,79.75,307.04,2.68,300.02
2022-07-15,21.5,78.75,305.6,2.59,300.02
2022-07-15,21.5,79.0,310.28,1.97,299.43
2022-07-15,21.5,79.25,307.47,4.23,299.83
2022-07-15,21.5,79.5,309.72,2.75,299.76
2022-07-15,21.5,79.75,308.15,4.35,300.13
2022-07-15,21.75,78.75,310.07,2.18,300.3
2022-07-15,21.75,79.0,307.47,3.01,300.31
2022-07-15,21.75,79.25,308.6,2.45,299.87
2022-07-15,21.75,79.5,306.29,3.18,298.91
2022-07-15,21.75,79.75,309.57,2.79,299.48
2022-07-16,20.75,78.75,305.64,4.0,299.1
2022-07-16,20.75,79.0,308.07,7.17,299.83
2022-07-16,20.75,79.25,304.54,3.75,300.05
2022-07-16,20.75,79.5,307.24,4.46,300.8
2022-07-16,20.75,79.75,305.15,2.61,300.3
2022-07-16,21.0,78.75,307.55,2.86,299.78
2022-07-16,21.0,79.0,307.39,3.26,299.6
2022-07-16,21.0,79.25,307.81,2.4,299.99
2022-07-16,21.0,79.5,307.75,3.22,299.83
2022-07-16,21.0,79.75,308.06,3.37,299.75
2022-07-16,21.25,78.75,306.24,2.87,300.44
2022-07-16,21.25,79.0,306.91,4.99,300.17
2022-07-16,21.25,79.25,307.7,7.26,299.03
2022-07-16,21.25,79.5,306.16,7.6,300.13
2022-07-16,21.25,79.75,310.87,6.35,300.93
2022-07-16,21.5,78.75,308.12,2.23,300.48
2022-07-16,21.5,79.0,305.43,5.21,300.36
2022-07-16,21.5,79.25,306.77,3.48,300.94
2022-07-16,21.5,79.5,310.12,3.36,300.46
2022-07-16,21.5,79.75,307.38,8.57,299.78
2022-07-16,21.75,78.75,310.13,2.84,299.88
2022-07-16,21.75,79.0,307.39,2.36,299.81
2022-07-16,21.75,79.25,309.07,4.77,300.68
2022-07-16,21.75,79.5,307.9,3.12,299.65
2022-07-16,21.75,79.75,309.16,3.0,299.6
2022-07-17,20.75,78.75,305.88,3.02,299.5
2022-07-17,20.75,79.0,306.47,2.62,300.65
2022-07-17,20.75,79.25,306.4,2.42,301.04
2022-07-17,20.75,79.5,308.03,8.65,300.77
2022-07-17,20.75,79.75,305.78,2.86,300.12
2022-07-17,21.0,78.75,308.7,5.33,300.33
2022-07-17,21.0,79.0,308.27,9.61,300.33
2022-07-17,21.0,79.25,307.56,2.7,300.21
2022-07-17,21.0,79.5,308.8,2.22,300.78
2022-07-17,21.0,79.75,305.36,2.46,299.65
2022-07-17,21.25,78.75,307.18,5.86,300.59
2022-07-17,21.25,79.0,306.29,2.11,299.64
2022-07-17,21.25,79.25,305.97,6.07,300.3
2022-07-17,21.25,79.5,308.29,4.07,300.64
2022-07-17,21.25,79.75,304.71,3.82,300.36
2022-07-17,21.5,78.75,306.68,6.68,300.83
2022-07-17,21.5,79.0,307.5,4.17,300.6
2022-07-17,21.5,79.25,306.2,4.14,300.08
2022-07-17,21.5,79.5,309.62,2.15,299.38
2022-07-17,21.5,79.75,309.16,2.48,300.29
2022-07-17,21.75,78.75,306.23,5.82,299.98
2022-07-17,21.75,79.0,307.79,7.19,300.1
2022-07-17,21.75,79.25,306.46,2.27,299.81
2022-07-17,21.75,79.5,309.54,2.19,300.15
2022-07-17,21.75,79.75,307.66,3.58,299.93
2022-07-18,20.75,78.75,308.62,3.44,299.56
2022-07-18,20.75,79.0,307.0,2.78,300.1
2022-07-18,20.75,79.25,307.18,4.8,299.99
2022-07-18,20.75,79.5,307.57,2.75,299.97
2022-07-18,20.75,79.75,306.83,2.51,300.23
2022-07-18,21.0,78.75,308.0,2.68,300.26
2022-07-18,21.0,79.0,308.41,12.77,300.61
2022-07-18,21.0,79.25,304.85,2.77,300.68
2022-07-18,21.0,79.5,308.82,3.86,299.88
2022-07-18,21.0,79.75,308.93,9.13,300.24
2022-07-18,21.25,78.75,308.44,2.75,300.54
2022-07-18,21.25,79.0,307.69,1.97,300.68
2022-07-18,21.25,79.25,308.6,2.88,300.04
2022-07-18,21.25,79.5,307.43,4.86,299.95
2022-07-18,21.25,79.75,306.84,2.45,299.37
2022-07-18,21.5,78.75,305.35,2.41,300.07
2022-07-18,21.5,79.0,305.06,3.37,299.0
2022-07-18,21.5,79.25,306.38,3.75,300.3
2022-07-18,21.5,79.5,306.66,2.23,301.07
2022-07-18,21.5,79.75,309.41,2.19,300.43
2022-07-18,21.75,78.75,306.45,5.11,299.59
2022-07-18,21.75,79.0,307.13,1.99,299.76
2022-07-18,21.75,79.25,308.37,2.86,300.39
2022-07-18,21.75,79.5,305.25,2.69,300.13
2022-07-18,21.75,79.75,305.84,3.28,301.2
2022-07-19,20.75,78.75,304.84,2.05,301.26
2022-07-19,20.75,79.0,307.09,3.06,301.13
2022-07-19,20.75,79.25,304.63,2.6,300.4
2022-07-19,20.75,79.5,308.87,8.36,300.0
2022-07-19,20.75,79.75,307.94,2.86,300.57
2022-07-19,21.0,78.75,306.59,9.64,300.11
2022-07-19,21.0,79.0,308.6,6.8,299.73
2022-07-19,21.0,79.25,308.16,4.51,300.31
2022-07-19,21.0,79.5,307.59,5.16,300.32
2022-07-19,21.0,79.75,306.65,4.32,300.76
2022-07-19,21.25,78.75,307.88,3.25,299.91
2022-07-19,21.25,79.0,307.35,3.66,299.82
2022-07-19,21.25,79.25,307.46,2.25,300.32
2022-07-19,21.25,79.5,307.01,4.43,299.58
2022-07-19,21.25,79.75,306.67,3.23,300.67
2022-07-19,21.5,78.75,306.17,4.18,299.38
2022-07-19,21.5,79.0,306.69,5.33,299.92
2022-07-19,21.5,79.25,307.18,2.36,299.22
2022-07-19,21.5,79.5,308.95,2.88,300.05
2022-07-19,21.5,79.75,305.45,3.97,300.26
2022-07-19,21.75,78.75,306.59,2.43,300.37
2022-07-19,21.75,79.0,307.42,5.65,300.18
2022-07-19,21.75,79.25,307.56,6.79,299.98
2022-07-19,21.75,79.5,308.38,5.9,299.89
2022-07-19,21.75,79.75,305.44,4.19,300.11
2022-07-20,20.75,78.75,308.87,4.84,299.78
2022-07-20,20.75,79.0,309.03,5.1,299.84
2022-07-20,20.75,79.25,306.55,4.02,300.14
2022-07-20,20.75,79.5,307.72,2.33,300.23
2022-07-20,20.75,79.75,309.41,3.34,300.24
2022-07-20,21.0,78.75,306.67,4.88,299.91
2022-07-20,21.0,79.0,306.89,8.58,300.19
2022-07-20,21.0,79.25,308.75,7.83,300.65
2022-07-20,21.0,79.5,305.78,7.43,299.84
2022-07-20,21.0,79.75,306.41,2.82,299.35
2022-07-20,21.25,78.75,308.09,4.57,300.02
2022-07-20,21.25,79.0,307.42,3.42,299.83
2022-07-20,21.25,79.25,307.02,5.14,300.49
2022-07-20,21.25,79.5,307.02,5.8,299.94
2022-07-20,21.25,79.75,309.1,7.27,299.74
2022-07-20,21.5,78.75,308.55,3.69,299.9
2022-07-20,21.5,79.0,308.0,3.49,300.17
2022-07-20,21.5,79.25,308.93,4.36,300.24
2022-07-20,21.5,79.5,305.23,2.67,299.83
2022-07-20,21.5,79.75,306.73,2.88,301.1
2022-07-20,21.75,78.75,306.94,2.48,299.16
2022-07-20,21.75,79.0,308.07,3.41,301.22
2022-07-20,21.75,79.25,308.22,2.05,299.73
2022-07-20,21.75,79.5,308.37,5.56,301.28
2022-07-20,21.75,79.75,304.91,3.38,300.45
2022-07-21,20.75,78.75,306.63,2.59,299.52
2022-07-21,20.75,79.0,307.13,2.74,299.55
2022-07-21,20.75,79.25,306.22,7.54,299.95
2022-07-21,20.75,79.5,307.55,3.18,299.77
2022-07-21,20.75,79.75,305.72,3.21,300.5
2022-07-21,21.0,78.75,306.93,3.17,299.24
2022-07-21,21.0,79.0,309.31,3.86,300.53
2022-07-21,21.0,79.25,304.5,7.06,299.14
2022-07-21,21.0,79.5,308.04,6.4,301.09
2022-07-21,21.0,79.75,308.91,3.73,299.68
2022-07-21,21.25,78.75,308.64,2.76,299.86
2022-07-21,21.25,79.0,308.49,5.8,299.43
2022-07-21,21.25,79.25,306.33,3.28,300.51
2022-07-21,21.25,79.5,306.64,4.4,300.18
2022-07-21,21.25,79.75,308.32,4.88,300.36
2022-07-21,21.5,78.75,309.5,2.69,300.06
2022-07-21,21.5,79.0,307.76,5.75,300.24
2022-07-21,21.5,79.25,308.35,4.02,299.91
2022-07-21,21.5,79.5,304.07,3.04,299.9
2022-07-21,21.5,79.75,308.04,2.27,299.51
2022-07-21,21.75,78.75,307.33,2.37,300.51
2022-07-21,21.75,79.0,306.88,4.0,299.76
2022-07-21,21.75,79.25,307.4,2.49,299.67
2022-07-21,21.75,79.5,306.46,3.28,299.25
2022-07-21,21.75,79.75,307.98,2.44,299.6
2022-07-22,20.75,78.75,305.78,2.12,299.91
2022-07-22,20.75,79.0,306.26,6.1,300.75
2022-07-22,20.75,79.25,309.55,3.68,299.98
2022-07-22,20.75,79.5,310.03,3.84,300.2
2022-07-22,20.75,79.75,306.49,3.81,299.72
2022-07-22,21.0,78.75,305.69,3.57,301.07
2022-07-22,21.0,79.0,304.66,2.95,301.01
2022-07-22,21.0,79.25,305.0,9.0,299.08
2022-07-22,21.0,79.5,306.06,3.0,300.2
2022-07-22,21.0,79.75,303.67,5.3,300.36
2022-07-22,21.25,78.75,310.73,4.78,300.17
2022-07-22,21.25,79.0,308.69,4.8,299.7
2022-07-22,21.25,79.25,304.41,4.92,299.49
2022-07-22,21.25,79.5,305.15,7.33,300.73
2022-07-22,21.25,79.75,306.02,4.15,300.31
2022-07-22,21.5,78.75,309.31,3.18,299.54
2022-07-22,21.5,79.0,307.11,3.39,299.23
2022-07-22,21.5,79.25,307.07,2.4,300.31
2022-07-22,21.5,79.5,307.16,3.82,300.23
2022-07-22,21.5,79.75,305.83,3.83,300.44
2022-07-22,21.75,78.75,306.27,2.96,299.57
2022-07-22,21.75,79.0,306.03,4.25,301.34
2022-07-22,21.75,79.25,306.33,2.76,301.08
2022-07-22,21.75,79.5,307.96,2.58,299.99
2022-07-22,21.75,79.75,308.6,7.44,299.8
2022-07-23,20.75,78.75,306.07,8.42,298.64
2022-07-23,20.75,79.0,304.9,2.78,300.75
2022-07-23,20.75,79.25,306.2,4.96,299.68
2022-07-23,20.75,79.5,308.79,14.6,299.79
2022-07-23,20.75,79.75,306.52,3.33,300.62
2022-07-23,21.0,78.75,308.81,2.4,300.42
2022-07-23,21.0,79.0,306.34,2.17,299.2
2022-07-23,21.0,79.25,306.0,6.56,300.1
2022-07-23,21.0,79.5,305.89,2.68,300.51
2022-07-23,21.0,79.75,307.79,2.46,299.58
2022-07-23,21.25,78.75,306.57,2.25,300.08
2022-07-23,21.25,79.0,306.08,3.61,300.17
2022-07-23,21.25,79.25,306.53,2.57,299.17
2022-07-23,21.25,79.5,309.27,3.88,300.43
2022-07-23,21.25,79.75,303.54,3.15,300.3
2022-07-23,21.5,78.75,308.27,2.77,300.52
2022-07-23,21.5,79.0,304.95,2.4,299.82
2022-07-23,21.5,79.25,309.79,2.43,301.25
2022-07-23,21.5,79.5,307.71,2.95,300.46
2022-07-23,21.5,79.75,307.92,3.82,300.44
2022-07-23,21.75,78.75,307.83,2.43,300.62
2022-07-23,21.75,79.0,306.69,4.1,300.01
2022-07-23,21.75,79.25,308.56,6.8,300.41
2022-07-23,21.75,79.5,306.54,2.81,300.51
2022-07-23,21.75,79.75,308.75,5.77,300.14
2022-07-24,20.75,78.75,306.8,8.06,300.01
2022-07-24,20.75,79.0,307.58,3.11,300.45
2022-07-24,20.75,79.25,306.47,4.11,300.51
2022-07-24,20.75,79.5,307.26,5.24,299.95
2022-07-24,20.75,79.75,306.44,4.0,299.68
2022-07-24,21.0,78.75,305.65,2.33,300.04
2022-07-24,21.0,79.0,311.11,2.24,299.95
2022-07-24,21.0,79.25,308.06,3.72,300.53
2022-07-24,21.0,79.5,306.68,2.87,299.72
2022-07-24,21.0,79.75,307.7,7.05,300.27
2022-07-24,21.25,78.75,303.57,4.22,299.98
2022-07-24,21.25,79.0,305.64,3.35,299.97
2022-07-24,21.25,79.25,306.5,2.61,300.43
2022-07-24,21.25,79.5,306.87,6.21,300.43
2022-07-24,21.25,79.75,305.89,4.08,299.96
2022-07-24,21.5,78.75,305.03,5.02,300.31
2022-07-24,21.5,79.0,304.2,2.75,300.61
2022-07-24,21.5,79.25,309.06,3.04,299.93
2022-07-24,21.5,79.5,306.27,6.86,300.41
2022-07-24,21.5,79.75,309.46,2.95,300.11
2022-07-24,21.75,78.75,306.02,2.03,300.08
2022-07-24,21.75,79.0,305.25,4.33,298.91
2022-07-24,21.75,79.25,310.8,5.23,300.52
2022-07-24,21.75,79.5,307.59,2.2,299.5
2022-07-24,21.75,79.75,308.62,4.37,299.55
2022-07-25,20.75,78.75,305.56,5.75,300.17
2022-07-25,20.75,79.0,306.75,3.45,299.95
2022-07-25,20.75,79.25,308.43,3.06,300.2
2022-07-25,20.75,79.5,305.82,2.17,299.18
2022-07-25,20.75,79.75,306.27,3.76,299.88
2022-07-25,21.0,78.75,307.38,10.37,300.03
2022-07-25,21.0,79.0,305.78,3.01,299.8
2022-07-25,21.0,79.25,307.0,8.39,299.59
2022-07-25,21.0,79.5,305.66,2.15,300.0
2022-07-25,21.0,79.75,305.63,5.57,300.08
2022-07-25,21.25,78.75,307.68,2.47,300.26
2022-07-25,21.25,79.0,307.78,3.84,300.63
2022-07-25,21.25,79.25,308.42,4.22,301.0
2022-07-25,21.25,79.5,308.26,2.47,300.09
2022-07-25,21.25,79.75,306.86,6.8,300.57
2022-07-25,21.5,78.75,306.17,2.71,300.6
2022-07-25,21.5,79.0,305.49,3.6,299.77
2022-07-25,21.5,79.25,309.39,3.01,300.22
2022-07-25,21.5,79.5,309.72,3.28,300.17
2022-07-25,21.5,79.75,310.8,3.4,301.23
2022-07-25,21.75,78.75,306.93,4.48,300.08
2022-07-25,21.75,79.0,309.19,2.68,299.69
2022-07-25,21.75,79.25,307.12,7.66,300.32
2022-07-25,21.75,79.5,307.45,2.58,300.69
2022-07-25,21.75,79.75,307.37,3.54,301.02
2022-07-26,20.75,78.75,306.25,8.3,300.29
2022-07-26,20.75,79.0,305.57,4.66,299.59
2022-07-26,20.75,79.25,306.32,8.43,299.86
2022-07-26,20.75,79.5,306.06,2.33,299.96
2022-07-26,20.75,79.75,307.77,2.35,300.35
2022-07-26,21.0,78.75,304.55,5.25,299.74
2022-07-26,21.0,79.0,306.94,4.5,299.45
2022-07-26,21.0,79.25,309.0,4.29,300.06
2022-07-26,21.0,79.5,306.84,7.94,300.58
2022-07-26,21.0,79.75,307.36,9.75,299.86
2022-07-26,21.25,78.75,308.6,2.91,299.7
2022-07-26,21.25,79.0,305.53,2.93,300.44
2022-07-26,21.25,79.25,308.02,6.43,300.84
2022-07-26,21.25,79.5,306.21,4.75,299.48
2022-07-26,21.25,79.75,307.41,7.14,299.76
2022-07-26,21.5,78.75,307.8,2.9,300.27
2022-07-26,21.5,79.0,307.6,3.37,300.14
2022-07-26,21.5,79.25,304.31,6.5,299.78
2022-07-26,21.5,79.5,307.43,3.53,300.82
2022-07-26,21.5,79.75,310.61,4.59,300.07
2022-07-26,21.75,78.75,304.84,4.18,300.12
2022-07-26,21.75,79.0,306.38,5.34,300.11
2022-07-26,21.75,79.25,304.43,3.89,299.84
2022-07-26,21.75,79.5,308.78,3.63,300.24
2022-07-26,21.75,79.75,305.66,3.61,299.88
2022-07-27,20.75,78.75,304.81,2.11,300.56
2022-07-27,20.75,79.0,304.31,5.06,300.24
2022-07-27,20.75,79.25,306.74,3.39,300.64
2022-07-27,20.75,79.5,306.64,2.81,299.29
2022-07-27,20.75,79.75,305.86,3.05,300.3
2022-07-27,21.0,78.75,307.45,4.4,299.93
2022-07-27,21.0,79.0,304.34,3.9,300.27
2022-07-27,21.0,79.25,306.1,3.62,300.27
2022-07-27,21.0,79.5,307.7,4.05,299.92
2022-07-27,21.0,79.75,305.37,2.74,299.54
2022-07-27,21.25,78.75,305.0,4.99,300.65
2022-07-27,21.25,79.0,307.97,3.17,300.35
2022-07-27,21.25,79.25,306.24,5.01,301.04
2022-07-27,21.25,79.5,306.14,2.02,299.27
2022-07-27,21.25,79.75,307.48,10.49,299.93
2022-07-27,21.5,78.75,308.91,3.04,300.85
2022-07-27,21.5,79.0,306.8,4.65,300.15
2022-07-27,21.5,79.25,308.65,5.88,299.75
2022-07-27,21.5,79.5,308.72,2.67,299.92
2022-07-27,21.5,79.75,310.24,7.15,299.78
2022-07-27,21.75,78.75,306.43,2.61,299.85
2022-07-27,21.75,79.0,305.27,2.83,300.43
2022-07-27,21.75,79.25,307.14,2.42,300.93
2022-07-27,21.75,79.5,306.88,3.83,301.0
2022-07-27,21.75,79.75,308.32,2.81,300.47
2022-07-28,20.75,78.75,303.78,2.05,301.06
2022-07-28,20.75,79.0,307.49,8.26,300.14
2022-07-28,20.75,79.25,305.25,3.82,299.67
2022-07-28,20.75,79.5,308.3,4.9,300.24
2022-07-28,20.75,79.75,308.04,2.77,300.06
2022-07-28,21.0,78.75,308.54,3.34,299.69
2022-07-28,21.0,79.0,306.39,2.53,300.88
2022-07-28,21.0,79.25,306.5,3.81,300.48
2022-07-28,21.0,79.5,306.82,7.46,299.74
2022-07-28,21.0,79.75,306.43,7.38,299.8
2022-07-28,21.25,78.75,307.63,2.11,300.69
2022-07-28,21.25,79.0,307.36,4.67,300.32
2022-07-28,21.25,79.25,306.22,3.75,300.19
2022-07-28,21.25,79.5,306.62,2.81,299.4
2022-07-28,21.25,79.75,308.98,5.29,299.96
2022-07-28,21.5,78.75,308.23,7.25,300.34
2022-07-28,21.5,79.0,306.3,3.05,298.77
2022-07-28,21.5,79.25,307.83,7.6,300.75
2022-07-28,21.5,79.5,304.84,2.32,300.81
2022-07-28,21.5,79.75,307.36,2.76,299.23
2022-07-28,21.75,78.75,306.12,4.73,299.77
2022-07-28,21.75,79.0,305.97,2.61,299.97
2022-07-28,21.75,79.25,307.59,2.16,300.39
2022-07-28,21.75,79.5,307.89,6.2,299.63
2022-07-28,21.75,79.75,306.16,3.03,300.74
2022-07-29,20.75,78.75,304.32,2.67,298.25
2022-07-29,20.75,79.0,305.49,5.56,300.51
2022-07-29,20.75,79.25,306.91,3.01,301.07
2022-07-29,20.75,79.5,302.32,7.14,300.15
2022-07-29,20.75,79.75,309.22,2.88,299.65
2022-07-29,21.0,78.75,305.8,6.21,300.27
2022-07-29,21.0,79.0,305.24,2.63,300.14
2022-07-29,21.0,79.25,306.71,4.66,300.33
2022-07-29,21.0,79.5,306.28,2.43,300.82
2022-07-29,21.0,79.75,307.01,3.89,300.49
2022-07-29,21.25,78.75,308.2,4.07,299.52
2022-07-29,21.25,79.0,306.31,2.28,300.57
2022-07-29,21.25,79.25,306.08,2.72,300.54
2022-07-29,21.25,79.5,308.83,5.59,300.78
2022-07-29,21.25,79.75,307.23,4.1,300.81
2022-07-29,21.5,78.75,308.46,4.57,300.24
2022-07-29,21.5,79.0,304.85,4.79,300.5
2022-07-29,21.5,79.25,309.41,2.98,299.9
2022-07-29,21.5,79.5,309.09,4.05,299.76
2022-07-29,21.5,79.75,306.41,2.13,300.06
2022-07-29,21.75,78.75,305.78,4.66,300.06
2022-07-29,21.75,79.0,306.63,3.73,299.2
2022-07-29,21.75,79.25,304.46,2.21,299.82
2022-07-29,21.75,79.5,309.67,3.63,300.46
2022-07-29,21.75,79.75,304.19,4.99,300.14
2022-07-30,20.75,78.75,305.79,3.45,299.89
2022-07-30,20.75,79.0,307.19,2.68,299.69
2022-07-30,20.75,79.25,306.28,5.62,299.82
2022-07-30,20.75,79.5,307.85,2.03,299.02
2022-07-30,20.75,79.75,306.03,3.93,300.52
2022-07-30,21.0,78.75,306.06,3.15,299.99
2022-07-30,21.0,79.0,306.38,5.17,300.47
2022-07-30,21.0,79.25,305.4,5.64,300.83
2022-07-30,21.0,79.5,305.82,2.14,299.91
2022-07-30,21.0,79.75,308.52,5.53,301.0
2022-07-30,21.25,78.75,307.1,8.22,300.86
2022-07-30,21.25,79.0,307.85,2.22,300.54
2022-07-30,21.25,79.25,305.12,3.87,299.84
2022-07-30,21.25,79.5,306.06,6.25,299.36
2022-07-30,21.25,79.75,308.07,5.61,300.66
2022-07-30,21.5,78.75,308.6,3.22,300.57
2022-07-30,21.5,79.0,304.19,6.65,299.16
2022-07-30,21.5,79.25,306.4,2.59,299.9
2022-07-30,21.5,79.5,304.18,6.03,300.55
2022-07-30,21.5,79.75,304.11,2.63,300.25
2022-07-30,21.75,78.75,304.69,2.97,300.19
2022-07-30,21.75,79.0,308.47,2.45,300.72
2022-07-30,21.75,79.25,306.23,2.81,300.35
2022-07-30,21.75,79.5,305.95,4.54,300.78
2022-07-30,21.75,79.75,306.63,3.1,299.72
2022-07-31,20.75,78.75,307.96,2.04,300.44
2022-07-31,20.75,79.0,305.21,5.71,299.68
2022-07-31,20.75,79.25,304.3,2.68,300.29
2022-07-31,20.75,79.5,306.06,5.41,299.92
2022-07-31,20.75,79.75,306.09,3.75,299.93
2022-07-31,21.0,78.75,308.32,4.47,299.98
2022-07-31,21.0,79.0,309.11,2.88,299.13
2022-07-31,21.0,79.25,306.34,2.72,300.29
2022-07-31,21.0,79.5,305.03,3.72,300.34
2022-07-31,21.0,79.75,303.81,3.12,299.7
2022-07-31,21.25,78.75,308.95,3.44,300.74
2022-07-31,21.25,79.0,308.21,9.06,299.89
2022-07-31,21.25,79.25,306.95,5.24,300.83
2022-07-31,21.25,79.5,304.69,2.65,299.38
2022-07-31,21.25,79.75,308.82,2.64,300.69
2022-07-31,21.5,78.75,309.26,3.65,300.26
2022-07-31,21.5,79.0,307.41,2.54,300.98
2022-07-31,21.5,79.25,307.1,5.14,300.02
2022-07-31,21.5,79.5,308.06,4.55,299.89
2022-07-31,21.5,79.75,307.11,3.67,300.19
2022-07-31,21.75,78.75,306.59,2.07,299.93
2022-07-31,21.75,79.0,305.85,2.15,300.9
2022-07-31,21.75,79.25,307.13,3.08,300.14
2022-07-31,21.75,79.5,307.84,2.51,300.38
2022-07-31,21.75,79.75,306.91,3.25,300.19
2022-08-01,20.75,78.75,305.08,5.27,300.21
2022-08-01,20.75,79.0,305.33,2.26,300.36
2022-08-01,20.75,79.25,308.48,2.04,300.47
2022-08-01,20.75,79.5,308.32,2.18,300.42
2022-08-01,20.75,79.75,305.58,3.91,300.1
2022-08-01,21.0,78.75,308.2,2.81,300.56
2022-08-01,21.0,79.0,305.43,2.38,300.35
2022-08-01,21.0,79.25,308.19,5.14,300.28
2022-08-01,21.0,79.5,305.14,4.91,300.21
2022-08-01,21.0,79.75,307.18,2.93,300.25
2022-08-01,21.25,78.75,305.24,3.97,300.24
2022-08-01,21.25,79.0,303.85,2.27,301.21
2022-08-01,21.25,79.25,308.31,2.46,300.57
2022-08-01,21.25,79.5,305.14,7.4,300.48
2022-08-01,21.25,79.75,303.82,5.68,301.5
2022-08-01,21.5,78.75,306.65,14.65,300.31
2022-08-01,21.5,79.0,305.56,2.58,299.63
2022-08-01,21.5,79.25,309.06,4.35,299.86
2022-08-01,21.5,79.5,307.35,3.81,300.6
2022-08-01,21.5,79.75,305.61,4.47,300.65
2022-08-01,21.75,78.75,306.18,4.63,299.3
2022-08-01,21.75,79.0,305.97,2.29,300.36
2022-08-01,21.75,79.25,308.29,4.66,299.8
2022-08-01,21.75,79.5,306.74,3.12,300.06
2022-08-01,21.75,79.75,305.43,4.86,299.51
2022-08-02,20.75,78.75,308.14,2.4,300.09
2022-08-02,20.75,79.0,304.48,2.83,300.44
2022-08-02,20.75,79.25,304.88,4.07,299.86
2022-08-02,20.75,79.5,306.01,2.04,300.95
2022-08-02,20.75,79.75,307.19,6.83,299.7
2022-08-02,21.0,78.75,305.31,2.02,300.75
2022-08-02,21.0,79.0,307.15,4.22,300.19
2022-08-02,21.0,79.25,308.2,2.96,299.46
2022-08-02,21.0,79.5,305.13,5.85,300.26
2022-08-02,21.0,79.75,307.82,5.66,300.07
2022-08-02,21.25,78.75,307.84,5.04,299.92
2022-08-02,21.25,79.0,305.47,3.64,299.92
2022-08-02,21.25,79.25,304.92,4.44,300.34
2022-08-02,21.25,79.5,305.93,3.93,299.98
2022-08-02,21.25,79.75,305.89,3.3,300.3
2022-08-02,21.5,78.75,307.42,2.48,300.11
2022-08-02,21.5,79.0,306.75,4.87,300.27
2022-08-02,21.5,79.25,304.91,2.24,300.0
2022-08-02,21.5,79.5,307.27,2.17,299.75
2022-08-02,21.5,79.75,307.64,2.62,299.64
2022-08-02,21.75,78.75,304.46,2.35,299.53
2022-08-02,21.75,79.0,305.28,3.84,301.04
2022-08-02,21.75,79.25,305.02,6.22,299.81
2022-08-02,21.75,79.5,305.08,3.33,300.49
2022-08-02,21.75,79.75,308.01,4.04,300.72
2022-08-03,20.75,78.75,307.4,6.6,299.27
2022-08-03,20.75,79.0,308.28,3.74,299.52
2022-08-03,20.75,79.25,305.59,3.32,299.95
2022-08-03,20.75,79.5,308.22,3.62,300.68
2022-08-03,20.75,79.75,305.7,5.83,300.18
2022-08-03,21.0,78.75,306.9,2.72,300.74
2022-08-03,21.0,79.0,306.37,3.43,300.21
2022-08-03,21.0,79.25,305.47,3.01,301.36
2022-08-03,21.0,79.5,308.37,2.0,299.81
2022-08-03,21.0,79.75,307.52,2.9,301.02
2022-08-03,21.25,78.75,304.4,2.22,300.43
2022-08-03,21.25,79.0,308.9,4.98,300.36
2022-08-03,21.25,79.25,306.15,4.02,299.87
2022-08-03,21.25,79.5,308.86,3.7,300.58
2022-08-03,21.25,79.75,306.44,3.61,301.0
2022-08-03,21.5,78.75,304.45,2.92,300.6
2022-08-03,21.5,79.0,308.41,4.24,299.98
2022-08-03,21.5,79.25,305.7,3.49,300.04
2022-08-03,21.5,79.5,305.63,2.24,300.49
2022-08-03,21.5,79.75,305.34,2.82,299.71
2022-08-03,21.75,78.75,306.09,3.56,300.76
2022-08-03,21.75,79.0,306.58,1.97,300.41
2022-08-03,21.75,79.25,306.0,19.22,300.94
2022-08-03,21.75,79.5,307.35,7.14,301.14
2022-08-03,21.75,79.75,307.12,2.84,299.95
2022-08-04,20.75,78.75,309.75,2.44,300.6
2022-08-04,20.75,79.0,309.39,4.39,300.52
2022-08-04,20.75,79.25,305.46,1.91,300.53
2022-08-04,20.75,79.5,306.47,2.38,300.03
2022-08-04,20.75,79.75,302.76,2.94,299.89
2022-08-04,21.0,78.75,306.63,3.29,299.93
2022-08-04,21.0,79.0,303.76,8.63,300.67
2022-08-04,21.0,79.25,303.66,5.77,300.49
2022-08-04,21.0,79.5,306.02,2.41,300.5
2022-08-04,21.0,79.75,308.73,4.23,299.78
2022-08-04,21.25,78.75,307.58,7.24,300.69
2022-08-04,21.25,79.0,304.69,1.89,300.18
2022-08-04,21.25,79.25,308.52,1.97,300.16
2022-08-04,21.25,79.5,307.27,9.06,300.08
2022-08-04,21.25,79.75,307.62,6.17,300.12
2022-08-04,21.5,78.75,303.99,2.83,299.79
2022-08-04,21.5,79.0,302.95,8.15,300.58
2022-08-04,21.5,79.25,306.78,2.42,300.67
2022-08-04,21.5,79.5,306.38,3.2,300.9
2022-08-04,21.5,79.75,306.19,2.1,300.47
2022-08-04,21.75,78.75,306.02,3.62,300.53
2022-08-04,21.75,79.0,306.52,2.6,300.23
2022-08-04,21.75,79.25,304.58,3.2,300.93
2022-08-04,21.75,79.5,306.93,2.91,300.93
2022-08-04,21.75,79.75,306.84,6.23,300.72
2022-08-05,20.75,78.75,306.6,2.07,300.27
2022-08-05,20.75,79.0,307.08,2.73,300.43
2022-08-05,20.75,79.25,306.16,2.41,301.06
2022-08-05,20.75,79.5,307.57,5.9,300.05
2022-08-05,20.75,79.75,305.97,2.02,300.71
2022-08-05,21.0,78.75,310.16,5.99,299.42
2022-08-05,21.0,79.0,306.22,8.59,300.41
2022-08-05,21.0,79.25,307.66,3.16,300.53
2022-08-05,21.0,79.5,304.33,6.01,301.0
2022-08-05,21.0,79.75,306.27,5.35,300.56
2022-08-05,21.25,78.75,305.5,2.37,300.14
2022-08-05,21.25,79.0,305.46,2.07,300.12
2022-08-05,21.25,79.25,305.58,2.12,300.83
2022-08-05,21.25,79.5,308.48,4.01,300.46
2022-08-05,21.25,79.75,306.44,5.67,300.45
2022-08-05,21.5,78.75,305.83,2.31,300.48
2022-08-05,21.5,79.0,309.2,2.31,300.57
2022-08-05,21.5,79.25,308.62,4.97,300.21
2022-08-05,21.5,79.5,307.2,6.45,299.89
2022-08-05,21.5,79.75,306.14,4.45,299.66
2022-08-05,21.75,78.75,306.8,2.09,300.36
2022-08-05,21.75,79.0,305.52,5.06,300.02
2022-08-05,21.75,79.25,306.1,5.53,299.72
2022-08-05,21.75,79.5,307.5,2.21,299.65
2022-08-05,21.75,79.75,307.9,2.37,300.33
2022-08-06,20.75,78.75,305.63,3.93,300.86
2022-08-06,20.75,79.0,304.37,1.98,299.38
2022-08-06,20.75,79.25,304.9,3.13,300.47
2022-08-06,20.75,79.5,304.0,3.45,300.38
2022-08-06,20.75,79.75,306.72,1.97,299.52
2022-08-06,21.0,78.75,306.44,3.73,299.12
2022-08-06,21.0,79.0,307.19,2.0,299.9
2022-08-06,21.0,79.25,307.87,2.6,300.88
2022-08-06,21.0,79.5,305.62,4.01,300.68
2022-08-06,21.0,79.75,304.33,3.09,300.79
2022-08-06,21.25,78.75,306.67,8.93,301.07
2022-08-06,21.25,79.0,303.0,4.64,300.22
2022-08-06,21.25,79.25,305.43,4.08,299.66
2022-08-06,21.25,79.5,306.73,2.73,299.95
2022-08-06,21.25,79.75,309.27,3.23,300.53
2022-08-06,21.5,78.75,306.52,3.46,300.81
2022-08-06,21.5,79.0,306.06,3.11,299.77
2022-08-06,21.5,79.25,306.45,10.6,299.93
2022-08-06,21.5,79.5,305.95,8.14,300.18
2022-08-06,21.5,79.75,306.36,2.44,300.61
2022-08-06,21.75,78.75,303.64,1.96,299.67
2022-08-06,21.75,79.0,308.01,5.42,300.17
2022-08-06,21.75,79.25,306.79,8.81,301.24
2022-08-06,21.75,79.5,307.04,3.75,300.63
2022-08-06,21.75,79.75,304.34,2.5,301.0
2022-08-07,20.75,78.75,305.31,4.22,300.92
2022-08-07,20.75,79.0,306.87,3.41,300.53
2022-08-07,20.75,79.25,305.4,6.73,301.22
2022-08-07,20.75,79.5,303.6,13.51,300.18
2022-08-07,20.75,79.75,305.63,2.13,300.44
2022-08-07,21.0,78.75,306.15,2.06,300.66
2022-08-07,21.0,79.0,305.77,2.85,301.01
2022-08-07,21.0,79.25,305.11,3.93,300.32
2022-08-07,21.0,79.5,303.91,1.94,299.6
2022-08-07,21.0,79.75,308.7,3.09,299.35
2022-08-07,21.25,78.75,305.94,5.57,299.59
2022-08-07,21.25,79.0,307.15,2.95,299.47
2022-08-07,21.25,79.25,306.83,3.62,301.04
2022-08-07,21.25,79.5,304.46,2.59,300.7
2022-08-07,21.25,79.75,303.59,3.39,299.91
2022-08-07,21.5,78.75,307.26,8.55,300.5
2022-08-07,21.5,79.0,305.29,1.94,300.56
2022-08-07,21.5,79.25,308.09,6.22,300.27
2022-08-07,21.5,79.5,304.9,1.95,301.25
2022-08-07,21.5,79.75,304.94,4.09,300.82
2022-08-07,21.75,78.75,305.13,4.85,300.79
2022-08-07,21.75,79.0,306.11,9.5,300.89
2022-08-07,21.75,79.25,308.25,3.37,300.24
2022-08-07,21.75,79.5,305.47,2.28,300.48
2022-08-07,21.75,79.75,305.21,3.21,300.24
2022-08-08,20.75,78.75,303.28,2.23,300.65
2022-08-08,20.75,79.0,306.32,2.15,299.34
2022-08-08,20.75,79.25,304.52,2.36,300.08
2022-08-08,20.75,79.5,305.05,3.18,300.09
2022-08-08,20.75,79.75,306.19,2.7,300.32
2022-08-08,21.0,78.75,306.36,2.99,300.0
2022-08-08,21.0,79.0,306.16,2.35,300.8
2022-08-08,21.0,79.25,303.83,2.81,300.46
2022-08-08,21.0,79.5,307.43,7.04,301.0
2022-08-08,21.0,79.75,304.6,6.48,301.09
2022-08-08,21.25,78.75,305.66,2.61,300.23
2022-08-08,21.25,79.0,304.35,4.16,300.03
2022-08-08,21.25,79.25,306.35,2.08,300.5
2022-08-08,21.25,79.5,306.33,2.18,300.36
2022-08-08,21.25,79.75,306.2,2.3,300.46
2022-08-08,21.5,78.75,305.4,1.96,300.26
2022-08-08,21.5,79.0,306.7,1.9,300.75
2022-08-08,21.5,79.25,307.81,2.96,300.95
2022-08-08,21.5,79.5,305.88,3.24,299.84
2022-08-08,21.5,79.75,307.63,2.93,301.15
2022-08-08,21.75,78.75,303.68,1.89,300.28
2022-08-08,21.75,79.0,307.62,2.58,300.2
2022-08-08,21.75,79.25,305.84,2.39,300.1
2022-08-08,21.75,79.5,304.98,4.87,300.56
2022-08-08,21.75,79.75,305.28,3.53,301.15
2022-08-09,20.75,78.75,306.17,2.07,301.04
2022-08-09,20.75,79.0,307.06,7.75,300.36
2022-08-09,20.75,79.25,305.82,2.29,300.92
2022-08-09,20.75,79.5,307.25,2.15,299.85
2022-08-09,20.75,79.75,305.1,2.15,299.54
2022-08-09,21.0,78.75,306.63,4.4,301.52
2022-08-09,21.0,79.0,305.53,3.86,300.56
2022-08-09,21.0,79.25,304.55,2.05,300.1
2022-08-09,21.0,79.5,305.4,2.17,300.63
2022-08-09,21.0,79.75,305.46,2.94,301.72
2022-08-09,21.25,78.75,305.78,4.54,300.8
2022-08-09,21.25,79.0,304.38,2.69,301.19
2022-08-09,21.25,79.25,309.0,2.4,300.44
2022-08-09,21.25,79.5,304.84,1.99,300.12
2022-08-09,21.25,79.75,306.18,3.17,300.22
2022-08-09,21.5,78.75,307.72,3.3,300.9
2022-08-09,21.5,79.0,305.99,1.94,301.49
2022-08-09,21.5,79.25,302.85,3.35,301.16
2022-08-09,21.5,79.5,304.36,8.6,300.51
2022-08-09,21.5,79.75,307.55,2.05,300.16
2022-08-09,21.75,78.75,305.46,1.87,300.15
2022-08-09,21.75,79.0,303.86,2.49,300.6
2022-08-09,21.75,79.25,305.53,7.9,300.11
2022-08-09,21.75,79.5,306.48,2.43,299.57
2022-08-09,21.75,79.75,307.12,3.15,300.53
2022-08-10,20.75,78.75,305.8,3.4,301.07
2022-08-10,20.75,79.0,304.12,1.91,299.92
2022-08-10,20.75,79.25,305.81,2.75,300.93
2022-08-10,20.75,79.5,306.03,2.06,300.26
2022-08-10,20.75,79.75,306.05,1.88,300.48
2022-08-10,21.0,78.75,304.57,9.59,300.6
2022-08-10,21.0,79.0,304.4,4.92,300.16
2022-08-10,21.0,79.25,302.28,4.69,300.9
2022-08-10,21.0,79.5,306.69,5.57,299.84
2022-08-10,21.0,79.75,305.45,5.58,300.56
2022-08-10,21.25,78.75,307.3,4.76,300.45
2022-08-10,21.25,79.0,303.39,6.27,300.76
2022-08-10,21.25,79.25,306.02,3.12,299.81
2022-08-10,21.25,79.5,304.8,2.04,299.66
2022-08-10,21.25,79.75,304.49,2.77,300.19
2022-08-10,21.5,78.75,304.61,5.33,300.5
2022-08-10,21.5,79.0,304.17,2.14,300.03
2022-08-10,21.5,79.25,308.35,2.13,299.33
2022-08-10,21.5,79.5,306.46,2.54,299.87
2022-08-10,21.5,79.75,306.77,10.29,301.37
2022-08-10,21.75,78.75,304.33,5.37,300.58
2022-08-10,21.75,79.0,309.77,3.14,299.69
2022-08-10,21.75,79.25,307.2,3.16,301.12
2022-08-10,21.75,79.5,305.81,10.44,300.08
2022-08-10,21.75,79.75,305.61,1.96,300.97
2022-08-11,20.75,78.75,305.41,1.89,300.13
2022-08-11,20.75,79.0,305.81,4.56,299.36
2022-08-11,20.75,79.25,304.89,4.73,300.15
2022-08-11,20.75,79.5,307.51,3.69,301.0
2022-08-11,20.75,79.75,308.68,4.41,300.24
2022-08-11,21.0,78.75,303.82,6.83,300.27
2022-08-11,21.0,79.0,305.18,2.08,300.47
2022-08-11,21.0,79.25,304.99,2.02,299.58
2022-08-11,21.0,79.5,308.29,3.71,300.16
2022-08-11,21.0,79.75,306.71,3.48,300.37
2022-08-11,21.25,78.75,305.35,2.47,300.29
2022-08-11,21.25,79.0,303.35,3.83,299.73
2022-08-11,21.25,79.25,304.32,7.8,300.6
2022-08-11,21.25,79.5,304.57,3.3,300.33
2022-08-11,21.25,79.75,306.64,3.11,299.16
2022-08-11,21.5,78.75,305.42,3.17,300.37
2022-08-11,21.5,79.0,305.45,1.87,300.33
2022-08-11,21.5,79.25,304.38,5.21,300.85
2022-08-11,21.5,79.5,306.92,2.53,299.64
2022-08-11,21.5,79.75,306.07,1.75,300.74
2022-08-11,21.75,78.75,305.56,4.92,300.48
2022-08-11,21.75,79.0,307.06,5.98,300.26
2022-08-11,21.75,79.25,302.53,5.57,300.66
2022-08-11,21.75,79.5,303.32,4.08,300.52
2022-08-11,21.75,79.75,305.07,2.51,299.8
2022-08-12,20.75,78.75,302.16,6.9,300.44
2022-08-12,20.75,79.0,305.36,2.04,300.07
2022-08-12,20.75,79.25,305.2,2.24,299.06
2022-08-12,20.75,79.5,302.81,5.32,300.29
2022-08-12,20.75,79.75,304.65,2.05,300.12
2022-08-12,21.0,78.75,307.0,4.25,300.57
2022-08-12,21.0,79.0,307.25,2.39,300.22
2022-08-12,21.0,79.25,305.54,8.54,300.31
2022-08-12,21.0,79.5,306.3,2.54,300.77
2022-08-12,21.0,79.75,305.32,4.56,300.6
2022-08-12,21.25,78.75,307.9,3.27,300.28
2022-08-12,21.25,79.0,303.11,3.5,300.49
2022-08-12,21.25,79.25,305.82,2.73,300.51
2022-08-12,21.25,79.5,304.32,1.87,300.74
2022-08-12,21.25,79.75,304.29,3.38,299.75
2022-08-12,21.5,78.75,305.74,3.04,300.94
2022-08-12,21.5,79.0,305.02,2.68,300.1
2022-08-12,21.5,79.25,305.36,3.59,300.33
2022-08-12,21.5,79.5,305.98,2.39,299.96
2022-08-12,21.5,79.75,306.04,4.45,300.63
2022-08-12,21.75,78.75,307.64,4.84,300.76
2022-08-12,21.75,79.0,307.08,4.34,299.69
2022-08-12,21.75,79.25,305.9,5.07,300.14
2022-08-12,21.75,79.5,306.54,2.28,300.06
2022-08-12,21.75,79.75,305.46,2.81,300.42
2022-08-13,20.75,78.75,302.04,6.62,299.99
2022-08-13,20.75,79.0,304.63,3.73,300.72
2022-08-13,20.75,79.25,305.89,3.57,300.7
2022-08-13,20.75,79.5,304.92,2.2,299.48
2022-08-13,20.75,79.75,304.09,2.01,300.3
2022-08-13,21.0,78.75,303.46,1.88,301.24
2022-08-13,21.0,79.0,309.3,15.65,300.71
2022-08-13,21.0,79.25,306.33,4.73,299.83
2022-08-13,21.0,79.5,305.89,7.58,300.37
2022-08-13,21.0,79.75,305.29,3.46,299.39
2022-08-13,21.25,78.75,305.26,3.33,300.14
2022-08-13,21.25,79.0,303.62,3.98,300.83
2022-08-13,21.25,79.25,305.24,2.53,299.59
2022-08-13,21.25,79.5,304.48,2.75,300.17
2022-08-13,21.25,79.75,306.5,2.6,300.67
2022-08-13,21.5,78.75,305.48,3.79,300.56
2022-08-13,21.5,79.0,304.97,3.16,300.77
2022-08-13,21.5,79.25,306.33,7.11,300.86
2022-08-13,21.5,79.5,301.54,8.27,299.84
2022-08-13,21.5,79.75,306.64,6.91,300.37
2022-08-13,21.75,78.75,300.44,3.93,300.21
2022-08-13,21.75,79.0,306.44,3.25,299.53
2022-08-13,21.75,79.25,305.51,2.22,299.74
2022-08-13,21.75,79.5,308.21,2.92,300.57
2022-08-13,21.75,79.75,302.33,3.9,299.57
2022-08-14,20.75,78.75,306.39,2.07,300.14
2022-08-14,20.75,79.0,304.46,2.08,301.08
2022-08-14,20.75,79.25,306.44,2.49,300.99
2022-08-14,20.75,79.5,303.79,2.79,301.59
2022-08-14,20.75,79.75,306.47,2.0,300.79
2022-08-14,21.0,78.75,305.27,3.78,300.05
2022-08-14,21.0,79.0,305.52,4.76,300.56
2022-08-14,21.0,79.25,304.15,2.05,299.8
2022-08-14,21.0,79.5,308.23,2.76,300.66
2022-08-14,21.0,79.75,303.98,4.93,301.15
2022-08-14,21.25,78.75,302.06,2.93,300.17
2022-08-14,21.25,79.0,305.0,3.29,300.72
2022-08-14,21.25,79.25,305.49,2.84,300.59
2022-08-14,21.25,79.5,305.18,5.97,299.96
2022-08-14,21.25,79.75,304.63,8.17,300.59
2022-08-14,21.5,78.75,305.34,4.14,300.0
2022-08-14,21.5,79.0,306.86,3.11,300.56
2022-08-14,21.5,79.25,305.75,1.89,300.64
2022-08-14,21.5,79.5,303.72,3.09,299.96
2022-08-14,21.5,79.75,307.32,2.31,300.45
2022-08-14,21.75,78.75,303.11,2.46,300.44
2022-08-14,21.75,79.0,305.45,3.47,301.01
2022-08-14,21.75,79.25,305.51,4.53,300.23
2022-08-14,21.75,79.5,305.52,6.62,300.68
2022-08-14,21.75,79.75,304.48,1.99,301.16
2022-08-15,20.75,78.75,304.69,2.96,300.99
2022-08-15,20.75,79.0,304.57,3.78,299.93
2022-08-15,20.75,79.25,307.53,3.4,300.3
2022-08-15,20.75,79.5,305.31,4.39,301.27
2022-08-15,20.75,79.75,300.74,3.17,300.26
2022-08-15,21.0,78.75,306.53,2.64,299.94
2022-08-15,21.0,79.0,304.34,8.83,300.67
2022-08-15,21.0,79.25,304.61,5.66,300.06
2022-08-15,21.0,79.5,304.1,4.93,300.17
2022-08-15,21.0,79.75,307.97,3.23,300.12
2022-08-15,21.25,78.75,305.39,2.25,300.24
2022-08-15,21.25,79.0,302.99,2.61,300.81
2022-08-15,21.25,79.25,303.34,3.63,299.67
2022-08-15,21.25,79.5,303.27,4.5,300.88
2022-08-15,21.25,79.75,303.05,6.98,299.72
2022-08-15,21.5,78.75,306.08,5.44,300.34
2022-08-15,21.5,79.0,302.63,3.78,300.81
2022-08-15,21.5,79.25,306.03,1.9,300.2
2022-08-15,21.5,79.5,304.14,2.15,300.51
2022-08-15,21.5,79.75,304.93,2.71,299.64
2022-08-15,21.75,78.75,303.69,8.25,300.69
2022-08-15,21.75,79.0,304.31,4.19,299.33
2022-08-15,21.75,79.25,305.27,5.58,300.83
2022-08-15,21.75,79.5,302.53,1.86,300.12
2022-08-15,21.75,79.75,304.68,4.79,301.3
2022-08-16,20.75,78.75,304.46,7.35,299.97
2022-08-16,20.75,79.0,306.53,2.57,300.75
2022-08-16,20.75,79.25,304.06,5.1,300.12
2022-08-16,20.75,79.5,306.25,2.71,300.24
2022-08-16,20.75,79.75,307.71,3.93,299.99
2022-08-16,21.0,78.75,307.18,8.01,300.2
2022-08-16,21.0,79.0,304.16,5.1,300.15
2022-08-16,21.0,79.25,305.25,3.55,300.92
2022-08-16,21.0,79.5,306.35,2.46,301.08
2022-08-16,21.0,79.75,302.23,1.53,300.92
2022-08-16,21.25,78.75,303.59,3.02,299.85
2022-08-16,21.25,79.0,303.82,2.01,300.33
2022-08-16,21.25,79.25,304.48,1.82,301.31
2022-08-16,21.25,79.5,303.19,1.7,299.46
2022-08-16,21.25,79.75,304.75,9.23,299.81
2022-08-16,21.5,78.75,304.42,4.46,301.19
2022-08-16,21.5,79.0,306.72,1.8,300.65
2022-08-16,21.5,79.25,304.95,3.51,300.49
2022-08-16,21.5,79.5,301.56,5.45,299.86
2022-08-16,21.5,79.75,303.34,9.47,299.75
2022-08-16,21.75,78.75,303.56,2.68,299.96
2022-08-16,21.75,79.0,303.85,1.86,301.74
2022-08-16,21.75,79.25,307.5,2.17,300.43
2022-08-16,21.75,79.5,302.27,2.03,301.35
2022-08-16,21.75,79.75,304.3,5.54,301.28
2022-08-17,20.75,78.75,306.25,2.45,300.23
2022-08-17,20.75,79.0,303.04,7.15,300.55
2022-08-17,20.75,79.25,305.07,4.66,300.57
2022-08-17,20.75,79.5,305.14,3.85,301.02
2022-08-17,20.75,79.75,304.37,1.67,300.88
2022-08-17,21.0,78.75,304.84,1.65,300.05
2022-08-17,21.0,79.0,305.91,4.43,300.23
2022-08-17,21.0,79.25,306.99,2.02,300.63
2022-08-17,21.0,79.5,303.4,3.95,300.26
2022-08-17,21.0,79.75,305.37,3.83,300.67
2022-08-17,21.25,78.75,305.87,1.96,300.11
2022-08-17,21.25,79.0,305.73,3.73,301.65
2022-08-17,21.25,79.25,305.57,2.25,301.09
2022-08-17,21.25,79.5,301.97,2.0,301.39
2022-08-17,21.25,79.75,305.88,3.52,299.89
2022-08-17,21.5,78.75,304.99,2.92,299.13
2022-08-17,21.5,79.0,305.4,3.71,300.71
2022-08-17,21.5,79.25,303.77,2.76,300.34
2022-08-17,21.5,79.5,308.35,3.3,300.97
2022-08-17,21.5,79.75,306.29,1.59,300.42
2022-08-17,21.75,78.75,303.58,7.45,299.86
2022-08-17,21.75,79.0,303.85,2.81,298.95
2022-08-17,21.75,79.25,302.09,2.69,300.23
2022-08-17,21.75,79.5,306.53,8.0,299.49
2022-08-17,21.75,79.75,305.28,3.84,300.72
2022-08-18,20.75,78.75,304.31,2.99,300.93
2022-08-18,20.75,79.0,303.0,5.56,299.72
2022-08-18,20.75,79.25,305.62,5.39,299.99
2022-08-18,20.75,79.5,304.46,4.08,300.04
2022-08-18,20.75,79.75,306.55,2.12,300.33
2022-08-18,21.0,78.75,305.33,3.76,299.93
2022-08-18,21.0,79.0,305.98,4.6,300.02
2022-08-18,21.0,79.25,302.65,4.4,300.84
2022-08-18,21.0,79.5,305.57,2.36,299.84
2022-08-18,21.0,79.75,304.37,6.85,299.28
2022-08-18,21.25,78.75,303.09,1.9,301.18
2022-08-18,21.25,79.0,304.78,2.59,301.25
2022-08-18,21.25,79.25,302.89,1.71,298.91
2022-08-18,21.25,79.5,306.25,4.28,300.73
2022-08-18,21.25,79.75,306.56,8.61,300.66
2022-08-18,21.5,78.75,307.55,1.62,300.54
2022-08-18,21.5,79.0,307.48,4.64,300.92
2022-08-18,21.5,79.25,304.64,5.13,300.81
2022-08-18,21.5,79.5,304.89,8.64,300.41
2022-08-18,21.5,79.75,302.97,7.43,300.61
2022-08-18,21.75,78.75,304.86,1.85,300.24
2022-08-18,21.75,79.0,303.8,4.63,299.72
2022-08-18,21.75,79.25,305.19,2.12,300.51
2022-08-18,21.75,79.5,305.11,3.06,300.2
2022-08-18,21.75,79.75,304.3,2.47,301.45
2022-08-19,20.75,78.75,303.3,5.32,300.66
2022-08-19,20.75,79.0,302.36,2.42,301.33
2022-08-19,20.75,79.25,305.62,6.06,300.68
2022-08-19,20.75,79.5,307.79,4.3,300.7
2022-08-19,20.75,79.75,303.57,3.4,300.84
2022-08-19,21.0,78.75,305.39,2.6,301.86
2022-08-19,21.0,79.0,305.18,3.65,300.7
2022-08-19,21.0,79.25,300.81,2.32,300.76
2022-08-19,21.0,79.5,306.11,1.72,300.63
2022-08-19,21.0,79.75,305.98,3.28,300.5
2022-08-19,21.25,78.75,306.49,2.92,299.94
2022-08-19,21.25,79.0,305.9,2.14,300.18
2022-08-19,21.25,79.25,303.23,5.17,301.11
2022-08-19,21.25,79.5,305.82,4.81,300.66
2022-08-19,21.25,79.75,304.44,3.44,299.98
2022-08-19,21.5,78.75,302.79,6.34,300.53
2022-08-19,21.5,79.0,303.48,1.73,300.3
2022-08-19,21.5,79.25,305.59,3.4,300.18
2022-08-19,21.5,79.5,303.83,6.35,301.41
2022-08-19,21.5,79.75,303.35,2.82,300.3
2022-08-19,21.75,78.75,305.65,3.76,300.65
2022-08-19,21.75,79.0,305.13,5.98,300.7
2022-08-19,21.75,79.25,308.0,8.58,300.43
2022-08-19,21.75,79.5,304.63,5.13,299.68
2022-08-19,21.75,79.75,304.1,4.08,301.37
2022-08-20,20.75,78.75,303.51,4.35,299.71
2022-08-20,20.75,79.0,305.6,1.44,300.5
2022-08-20,20.75,79.25,304.41,5.87,300.2
2022-08-20,20.75,79.5,302.73,2.06,301.51
2022-08-20,20.75,79.75,303.43,2.86,299.95
2022-08-20,21.0,78.75,304.42,2.05,300.45
2022-08-20,21.0,79.0,303.8,1.48,300.29
2022-08-20,21.0,79.25,304.61,1.65,300.72
2022-08-20,21.0,79.5,304.36,4.36,301.09
2022-08-20,21.0,79.75,303.76,5.62,300.27
2022-08-20,21.25,78.75,306.85,3.99,300.47
2022-08-20,21.25,79.0,305.31,4.65,300.74
2022-08-20,21.25,79.25,305.63,2.9,300.06
2022-08-20,21.25,79.5,306.27,1.72,300.49
2022-08-20,21.25,79.75,304.4,4.21,300.1
2022-08-20,21.5,78.75,304.53,4.14,300.08
2022-08-20,21.5,79.0,305.48,8.47,299.53
2022-08-20,21.5,79.25,306.51,7.53,301.17
2022-08-20,21.5,79.5,305.71,4.22,300.98
2022-08-20,21.5,79.75,305.4,1.42,300.79
2022-08-20,21.75,78.75,301.98,2.69,300.89
2022-08-20,21.75,79.0,306.71,2.53,300.55
2022-08-20,21.75,79.25,303.73,2.06,300.56
2022-08-20,21.75,79.5,303.7,2.47,301.28
2022-08-20,21.75,79.75,305.33,2.26,300.59
2022-08-21,20.75,78.75,302.27,2.56,299.81
2022-08-21,20.75,79.0,305.97,1.87,300.94
2022-08-21,20.75,79.25,305.42,3.45,300.12
2022-08-21,20.75,79.5,305.42,2.86,300.52
2022-08-21,20.75,79.75,306.03,1.51,300.89
2022-08-21,21.0,78.75,303.59,3.72,300.81
2022-08-21,21.0,79.0,305.58,4.37,300.44
2022-08-21,21.0,79.25,306.94,4.02,300.92
2022-08-21,21.0,79.5,305.04,3.44,300.27
2022-08-21,21.0,79.75,303.22,2.42,300.23
2022-08-21,21.25,78.75,306.25,3.28,300.52
2022-08-21,21.25,79.0,305.21,2.59,300.07
2022-08-21,21.25,79.25,304.87,5.76,300.68
2022-08-21,21.25,79.5,306.82,2.91,300.47
2022-08-21,21.25,79.75,304.32,7.37,300.63
2022-08-21,21.5,78.75,306.13,2.38,300.0
2022-08-21,21.5,79.0,306.39,3.7,300.72
2022-08-21,21.5,79.25,306.41,1.81,300.55
2022-08-21,21.5,79.5,304.91,2.32,300.08
2022-08-21,21.5,79.75,302.8,5.84,299.75
2022-08-21,21.75,78.75,305.05,2.48,300.52
2022-08-21,21.75,79.0,303.16,2.57,301.09
2022-08-21,21.75,79.25,302.98,4.68,301.39
2022-08-21,21.75,79.5,305.0,3.13,300.94
2022-08-21,21.75,79.75,305.36,6.34,299.67
2022-08-22,20.75,78.75,304.53,5.22,300.0
2022-08-22,20.75,79.0,302.94,2.67,300.56
2022-08-22,20.75,79.25,306.77,3.25,300.1
2022-08-22,20.75,79.5,306.6,1.46,300.39
2022-08-22,20.75,79.75,304.83,5.08,301.03
2022-08-22,21.0,78.75,302.25,2.13,301.64
2022-08-22,21.0,79.0,304.91,4.79,299.97
2022-08-22,21.0,79.25,302.04,5.83,300.56
2022-08-22,21.0,79.5,303.74,1.91,300.41
2022-08-22,21.0,79.75,302.91,6.29,300.52
2022-08-22,21.25,78.75,303.46,1.75,299.6
2022-08-22,21.25,79.0,303.26,4.66,299.74
2022-08-22,21.25,79.25,301.37,3.76,300.96
2022-08-22,21.25,79.5,306.48,2.32,300.2
2022-08-22,21.25,79.75,304.3,2.84,299.82
2022-08-22,21.5,78.75,306.37,2.92,300.16
2022-08-22,21.5,79.0,304.43,3.84,300.59
2022-08-22,21.5,79.25,304.93,9.37,300.23
2022-08-22,21.5,79.5,302.55,2.2,300.55
2022-08-22,21.5,79.75,306.15,3.79,299.6
2022-08-22,21.75,78.75,305.91,1.77,300.69
2022-08-22,21.75,79.0,303.56,1.94,300.05
2022-08-22,21.75,79.25,302.72,2.23,300.11
2022-08-22,21.75,79.5,303.28,4.65,299.92
2022-08-22,21.75,79.75,303.84,1.88,300.26
2022-08-23,20.75,78.75,304.6,1.88,300.89
2022-08-23,20.75,79.0,306.69,1.83,299.6
2022-08-23,20.75,79.25,302.15,3.19,301.11
2022-08-23,20.75,79.5,304.7,3.58,300.41
2022-08-23,20.75,79.75,304.25,4.81,301.69
2022-08-23,21.0,78.75,303.36,2.89,300.74
2022-08-23,21.0,79.0,302.3,3.7,300.05
2022-08-23,21.0,79.25,304.42,1.7,301.36
2022-08-23,21.0,79.5,302.98,2.13,301.54
2022-08-23,21.0,79.75,305.77,6.05,300.79
2022-08-23,21.25,78.75,303.37,2.26,300.35
2022-08-23,21.25,79.0,304.54,2.2,300.94
2022-08-23,21.25,79.25,302.75,3.02,300.48
2022-08-23,21.25,79.5,301.49,7.01,300.34
2022-08-23,21.25,79.75,305.39,3.56,300.38
2022-08-23,21.5,78.75,305.93,2.08,300.82
2022-08-23,21.5,79.0,306.14,3.25,300.4
2022-08-23,21.5,79.25,306.13,3.19,299.98
2022-08-23,21.5,79.5,305.1,5.47,300.63
2022-08-23,21.5,79.75,303.25,5.95,301.21
2022-08-23,21.75,78.75,303.24,1.97,300.29
2022-08-23,21.75,79.0,302.24,2.34,301.22
2022-08-23,21.75,79.25,306.78,5.46,301.04
2022-08-23,21.75,79.5,305.23,1.94,300.99
2022-08-23,21.75,79.75,303.55,8.66,300.94
2022-08-24,20.75,78.75,302.09,5.08,300.64
2022-08-24,20.75,79.0,302.26,3.14,300.46
2022-08-24,20.75,79.25,302.54,3.86,300.62
2022-08-24,20.75,79.5,301.26,2.42,300.98
2022-08-24,20.75,79.75,304.39,3.24,301.26
2022-08-24,21.0,78.75,304.76,1.61,300.22
2022-08-24,21.0,79.0,302.02,2.75,300.73
2022-08-24,21.0,79.25,304.55,3.74,300.28
2022-08-24,21.0,79.5,303.59,4.4,300.28
2022-08-24,21.0,79.75,305.94,3.5,299.47
2022-08-24,21.25,78.75,303.28,3.97,299.58
2022-08-24,21.25,79.0,304.09,4.36,300.75
2022-08-24,21.25,79.25,303.17,9.79,300.06
2022-08-24,21.25,79.5,304.36,2.96,301.64
2022-08-24,21.25,79.75,305.58,4.43,301.11
2022-08-24,21.5,78.75,304.44,1.95,300.97
2022-08-24,21.5,79.0,301.46,6.44,301.15
2022-08-24,21.5,79.25,306.54,2.87,300.83
2022-08-24,21.5,79.5,302.56,2.53,300.28
2022-08-24,21.5,79.75,304.08,2.43,299.99
2022-08-24,21.75,78.75,306.57,11.79,300.46
2022-08-24,21.75,79.0,303.64,2.39,300.53
2022-08-24,21.75,79.25,304.79,1.5,300.56
2022-08-24,21.75,79.5,306.2,2.89,300.57
2022-08-24,21.75,79.75,306.08,2.18,300.22
2022-08-25,20.75,78.75,303.78,1.56,300.38
2022-08-25,20.75,79.0,303.51,5.38,299.8
2022-08-25,20.75,79.25,306.33,1.14,301.1
2022-08-25,20.75,79.5,299.99,1.48,300.64
2022-08-25,20.75,79.75,304.88,1.76,300.03
2022-08-25,21.0,78.75,302.34,1.76,300.17
2022-08-25,21.0,79.0,300.95,2.63,300.37
2022-08-25,21.0,79.25,302.19,1.54,300.27
2022-08-25,21.0,79.5,305.16,1.45,299.99
2022-08-25,21.0,79.75,304.64,1.66,300.81
2022-08-25,21.25,78.75,305.46,1.53,301.38
2022-08-25,21.25,79.0,306.48,2.17,299.79
2022-08-25,21.25,79.25,306.5,9.01,300.76
2022-08-25,21.25,79.5,305.59,3.27,299.82
2022-08-25,21.25,79.75,306.13,5.25,300.34
2022-08-25,21.5,78.75,303.32,1.35,300.47
2022-08-25,21.5,79.0,304.63,1.92,301.05
2022-08-25,21.5,79.25,307.04,2.88,300.75
2022-08-25,21.5,79.5,303.02,4.06,300.51
2022-08-25,21.5,79.75,303.0,2.46,299.99
2022-08-25,21.75,78.75,304.79,3.34,300.64
2022-08-25,21.75,79.0,305.11,1.75,300.56
2022-08-25,21.75,79.25,304.17,2.69,300.91
2022-08-25,21.75,79.5,304.88,3.53,299.89
2022-08-25,21.75,79.75,303.86,5.56,300.15
2022-08-26,20.75,78.75,303.51,4.18,299.8
2022-08-26,20.75,79.0,304.61,1.34,300.03
2022-08-26,20.75,79.25,304.13,3.65,300.99
2022-08-26,20.75,79.5,303.37,1.34,300.61
2022-08-26,20.75,79.75,303.69,2.96,300.79
2022-08-26,21.0,78.75,302.39,2.25,300.46
2022-08-26,21.0,79.0,306.7,1.73,300.62
2022-08-26,21.0,79.25,302.04,3.09,301.08
2022-08-26,21.0,79.5,299.66,2.24,300.35
2022-08-26,21.0,79.75,303.38,2.48,300.02
2022-08-26,21.25,78.75,302.97,3.15,300.61
2022-08-26,21.25,79.0,303.18,1.87,300.33
2022-08-26,21.25,79.25,300.76,2.89,299.91
2022-08-26,21.25,79.5,301.4,4.65,300.53
2022-08-26,21.25,79.75,304.32,1.14,299.37
2022-08-26,21.5,78.75,303.1,1.6,300.63
2022-08-26,21.5,79.0,303.12,1.34,300.74
2022-08-26,21.5,79.25,306.21,2.02,300.61
2022-08-26,21.5,79.5,304.89,4.38,300.62
2022-08-26,21.5,79.75,303.42,2.45,300.44
2022-08-26,21.75,78.75,302.36,5.89,300.54
2022-08-26,21.75,79.0,305.42,2.63,300.99
2022-08-26,21.75,79.25,305.19,3.67,301.54
2022-08-26,21.75,79.5,305.03,6.9,300.22
2022-08-26,21.75,79.75,305.08,1.78,301.22
2022-08-27,20.75,78.75,303.95,2.25,301.26
2022-08-27,20.75,79.0,302.56,7.15,300.82
2022-08-27,20.75,79.25,301.73,1.42,300.43
2022-08-27,20.75,79.5,302.89,5.8,301.0
2022-08-27,20.75,79.75,304.03,1.81,300.28
2022-08-27,21.0,78.75,303.61,3.86,300.64
2022-08-27,21.0,79.0,303.85,1.34,301.17
2022-08-27,21.0,79.25,303.71,1.33,300.21
2022-08-27,21.0,79.5,304.85,1.39,300.49
2022-08-27,21.0,79.75,301.76,1.44,300.75
2022-08-27,21.25,78.75,302.52,5.61,301.58
2022-08-27,21.25,79.0,302.54,6.57,299.28
2022-08-27,21.25,79.25,305.73,1.93,300.72
2022-08-27,21.25,79.5,304.04,1.67,301.07
2022-08-27,21.25,79.75,304.31,1.71,299.54
2022-08-27,21.5,78.75,303.28,2.96,301.64
2022-08-27,21.5,79.0,305.33,1.32,300.36
2022-08-27,21.5,79.25,307.71,4.66,300.24
2022-08-27,21.5,79.5,304.88,10.22,300.02
2022-08-27,21.5,79.75,304.33,2.83,302.08
2022-08-27,21.75,78.75,305.61,2.36,301.65
2022-08-27,21.75,79.0,304.9,4.33,300.41
2022-08-27,21.75,79.25,304.29,4.53,300.55
2022-08-27,21.75,79.5,304.4,3.96,300.94
2022-08-27,21.75,79.75,303.79,1.32,300.78
2022-08-28,20.75,78.75,305.78,4.22,300.82
2022-08-28,20.75,79.0,305.37,3.84,301.12
2022-08-28,20.75,79.25,305.53,6.87,301.21
2022-08-28,20.75,79.5,305.11,1.73,300.53
2022-08-28,20.75,79.75,302.79,3.16,300.49
2022-08-28,21.0,78.75,305.86,2.42,299.95
2022-08-28,21.0,79.0,304.7,2.03,300.75
2022-08-28,21.0,79.25,302.66,8.54,299.77
2022-08-28,21.0,79.5,301.24,2.95,300.81
2022-08-28,21.0,79.75,303.85,3.22,300.93
2022-08-28,21.25,78.75,303.42,3.5,300.68
2022-08-28,21.25,79.0,304.15,3.14,300.92
2022-08-28,21.25,79.25,304.13,1.83,300.97
2022-08-28,21.25,79.5,303.12,1.19,300.25
2022-08-28,21.25,79.75,303.23,1.37,301.0
2022-08-28,21.5,78.75,302.06,5.69,300.31
2022-08-28,21.5,79.0,302.99,4.21,301.14
2022-08-28,21.5,79.25,303.56,9.13,301.42
2022-08-28,21.5,79.5,302.78,1.56,301.07
2022-08-28,21.5,79.75,306.31,2.92,300.25
2022-08-28,21.75,78.75,302.41,3.43,300.2
2022-08-28,21.75,79.0,303.32,2.31,300.25
2022-08-28,21.75,79.25,305.49,1.84,301.05
2022-08-28,21.75,79.5,302.2,5.05,300.75
2022-08-28,21.75,79.75,304.4,2.01,300.31
2022-08-29,20.75,78.75,302.96,2.4,300.04
2022-08-29,20.75,79.0,304.77,3.77,299.95
2022-08-29,20.75,79.25,306.82,5.1,299.97
2022-08-29,20.75,79.5,304.31,1.4,301.23
2022-08-29,20.75,79.75,303.25,4.6,300.69
2022-08-29,21.0,78.75,301.9,5.41,300.52
2022-08-29,21.0,79.0,303.76,2.93,300.69
2022-08-29,21.0,79.25,303.27,1.45,300.11
2022-08-29,21.0,79.5,307.06,2.74,300.65
2022-08-29,21.0,79.75,303.51,3.05,300.63
2022-08-29,21.25,78.75,302.25,1.5,301.22
2022-08-29,21.25,79.0,300.76,1.2,300.92
2022-08-29,21.25,79.25,303.92,9.46,300.82
2022-08-29,21.25,79.5,302.23,6.98,300.28
2022-08-29,21.25,79.75,302.91,3.04,299.94
2022-08-29,21.5,78.75,305.16,3.87,300.93
2022-08-29,21.5,79.0,302.67,1.31,300.61
2022-08-29,21.5,79.25,303.25,5.97,300.63
2022-08-29,21.5,79.5,301.98,1.94,300.7
2022-08-29,21.5,79.75,301.33,1.02,300.01
2022-08-29,21.75,78.75,302.35,2.89,301.84
2022-08-29,21.75,79.0,304.43,3.82,300.25
2022-08-29,21.75,79.25,304.09,1.69,300.49
2022-08-29,21.75,79.5,303.84,1.57,300.85
2022-08-29,21.75,79.75,302.02,7.25,300.19
2022-08-30,20.75,78.75,303.12,1.91,301.08
2022-08-30,20.75,79.0,303.46,8.19,300.75
2022-08-30,20.75,79.25,302.05,1.26,300.89
2022-08-30,20.75,79.5,302.67,3.34,300.42
2022-08-30,20.75,79.75,301.62,6.73,300.76
2022-08-30,21.0,78.75,301.72,1.53,300.4
2022-08-30,21.0,79.0,302.51,2.54,299.69
2022-08-30,21.0,79.25,302.41,1.51,301.58
2022-08-30,21.0,79.5,304.84,1.21,301.71
2022-08-30,21.0,79.75,300.45,1.12,300.04
2022-08-30,21.25,78.75,305.23,3.94,301.14
2022-08-30,21.25,79.0,302.8,3.9,300.32
2022-08-30,21.25,79.25,303.07,6.9,301.06
2022-08-30,21.25,79.5,304.72,5.0,300.47
2022-08-30,21.25,79.75,302.7,1.26,300.41
2022-08-30,21.5,78.75,304.28,1.22,301.27
2022-08-30,21.5,79.0,304.22,4.59,301.44
2022-08-30,21.5,79.25,303.74,2.89,301.97
2022-08-30,21.5,79.5,302.09,3.46,301.42
2022-08-30,21.5,79.75,302.73,3.29,300.56
2022-08-30,21.75,78.75,306.53,1.32,300.6
2022-08-30,21.75,79.0,303.03,2.35,300.38
2022-08-30,21.75,79.25,304.82,2.61,300.16
2022-08-30,21.75,79.5,305.23,7.04,301.3
2022-08-30,21.75,79.75,303.61,5.66,301.47
2022-08-31,20.75,78.75,302.85,1.19,301.05
2022-08-31,20.75,79.0,303.28,11.01,300.61
2022-08-31,20.75,79.25,302.47,9.39,300.61
2022-08-31,20.75,79.5,302.84,2.55,301.6
2022-08-31,20.75,79.75,303.46,1.58,300.92
2022-08-31,21.0,78.75,305.51,1.63,300.24
2022-08-31,21.0,79.0,304.23,2.36,299.97
2022-08-31,21.0,79.25,301.3,4.54,301.15
2022-08-31,21.0,79.5,302.39,1.1,300.13
2022-08-31,21.0,79.75,302.95,6.43,301.03
2022-08-31,21.25,78.75,299.28,1.22,301.22
2022-08-31,21.25,79.0,303.94,5.96,300.96
2022-08-31,21.25,79.25,303.92,1.77,300.22
2022-08-31,21.25,79.5,302.04,3.27,300.91
2022-08-31,21.25,79.75,301.75,5.16,300.83
2022-08-31,21.5,78.75,302.21,3.4,299.87
2022-08-31,21.5,79.0,302.91,9.21,300.9
2022-08-31,21.5,79.25,304.78,1.08,300.7
2022-08-31,21.5,79.5,305.26,0.84,300.47
2022-08-31,21.5,79.75,305.75,1.96,301.32
2022-08-31,21.75,78.75,305.74,3.22,300.27
2022-08-31,21.75,79.0,301.76,6.88,301.1
2022-08-31,21.75,79.25,302.29,5.79,300.12
2022-08-31,21.75,79.5,304.3,8.3,301.25
2022-08-31,21.75,79.75,303.26,1.23,300.39
2022-09-01,20.75,78.75,302.53,0.83,300.16
2022-09-01,20.75,79.0,303.09,1.95,300.71
2022-09-01,20.75,79.25,302.61,1.62,301.24
2022-09-01,20.75,79.5,303.28,6.97,301.47
2022-09-01,20.75,79.75,302.56,2.24,300.18
2022-09-01,21.0,78.75,303.27,2.91,301.03
2022-09-01,21.0,79.0,302.71,2.69,299.87
2022-09-01,21.0,79.25,303.52,2.01,300.38
2022-09-01,21.0,79.5,303.37,2.63,300.23
2022-09-01,21.0,79.75,306.05,4.01,300.38
2022-09-01,21.25,78.75,300.46,4.94,300.51
2022-09-01,21.25,79.0,303.12,1.89,301.12
2022-09-01,21.25,79.25,301.32,4.51,299.89
2022-09-01,21.25,79.5,302.32,7.33,300.07
2022-09-01,21.25,79.75,304.17,2.55,299.97
2022-09-01,21.5,78.75,303.24,2.73,300.33
2022-09-01,21.5,79.0,303.14,1.19,300.44
2022-09-01,21.5,79.25,304.29,1.26,301.04
2022-09-01,21.5,79.5,300.24,1.88,300.49
2022-09-01,21.5,79.75,302.48,3.08,300.55
2022-09-01,21.75,78.75,302.31,1.62,300.94
2022-09-01,21.75,79.0,303.95,1.17,300.33
2022-09-01,21.75,79.25,304.78,1.7,300.26
2022-09-01,21.75,79.5,303.46,2.22,300.5
2022-09-01,21.75,79.75,303.68,2.75,301.47
2022-09-02,20.75,78.75,298.54,2.33,301.02
2022-09-02,20.75,79.0,306.49,2.13,300.91
2022-09-02,20.75,79.25,303.27,4.09,300.3
2022-09-02,20.75,79.5,304.98,1.47,301.39
2022-09-02,20.75,79.75,301.6,1.14,300.36
2022-09-02,21.0,78.75,304.08,3.12,300.03
2022-09-02,21.0,79.0,302.48,7.67,301.04
2022-09-02,21.0,79.25,303.26,5.72,300.61
2022-09-02,21.0,79.5,301.47,1.88,301.01
2022-09-02,21.0,79.75,301.89,3.49,300.9
2022-09-02,21.25,78.75,300.69,1.27,300.58
2022-09-02,21.25,79.0,303.98,2.02,300.96
2022-09-02,21.25,79.25,307.0,1.87,301.4
2022-09-02,21.25,79.5,302.2,2.02,301.49
2022-09-02,21.25,79.75,303.15,2.3,300.68
2022-09-02,21.5,78.75,302.02,3.81,301.07
2022-09-02,21.5,79.0,301.83,1.46,301.03
2022-09-02,21.5,79.25,303.3,4.6,300.46
2022-09-02,21.5,79.5,302.66,6.26,300.65
2022-09-02,21.5,79.75,299.83,1.2,300.46
2022-09-02,21.75,78.75,303.54,1.08,301.81
2022-09-02,21.75,79.0,301.6,4.36,301.58
2022-09-02,21.75,79.25,302.74,1.43,301.54
2022-09-02,21.75,79.5,304.39,2.68,301.7
2022-09-02,21.75,79.75,300.9,4.04,301.46
2022-09-03,20.75,78.75,299.85,0.98,300.29
2022-09-03,20.75,79.0,301.65,1.4,300.99
2022-09-03,20.75,79.25,301.91,4.94,301.31
2022-09-03,20.75,79.5,302.34,5.48,300.57
2022-09-03,20.75,79.75,303.34,1.83,300.8
2022-09-03,21.0,78.75,303.74,1.05,301.19
2022-09-03,21.0,79.0,302.16,4.33,301.07
2022-09-03,21.0,79.25,303.73,0.76,300.51
2022-09-03,21.0,79.5,303.84,3.12,300.92
2022-09-03,21.0,79.75,302.97,4.05,300.54
2022-09-03,21.25,78.75,304.56,3.82,300.77
2022-09-03,21.25,79.0,302.89,2.12,300.88
2022-09-03,21.25,79.25,302.84,2.07,300.62
2022-09-03,21.25,79.5,305.38,5.08,300.99
2022-09-03,21.25,79.75,304.72,2.39,300.36
2022-09-03,21.5,78.75,301.91,1.34,301.01
2022-09-03,21.5,79.0,303.19,1.25,300.04
2022-09-03,21.5,79.25,305.73,0.69,300.08
2022-09-03,21.5,79.5,304.83,5.59,300.95
2022-09-03,21.5,79.75,300.99,1.79,300.94
2022-09-03,21.75,78.75,302.29,1.69,300.73
2022-09-03,21.75,79.0,303.22,4.61,301.33
2022-09-03,21.75,79.25,301.66,5.18,301.22
2022-09-03,21.75,79.5,302.31,0.72,301.67
2022-09-03,21.75,79.75,303.95,1.38,301.28
2022-09-04,20.75,78.75,300.93,0.88,300.35
2022-09-04,20.75,79.0,300.65,1.67,300.22
2022-09-04,20.75,79.25,303.41,1.97,301.18
2022-09-04,20.75,79.5,302.33,0.91,301.03
2022-09-04,20.75,79.75,302.19,0.96,300.44
2022-09-04,21.0,78.75,304.09,2.26,300.86
2022-09-04,21.0,79.0,301.68,2.66,300.2
2022-09-04,21.0,79.25,300.77,2.8,300.12
2022-09-04,21.0,79.5,303.92,5.25,300.54
2022-09-04,21.0,79.75,305.31,2.37,300.95
2022-09-04,21.25,78.75,300.82,10.61,301.47
2022-09-04,21.25,79.0,302.24,1.85,300.88
2022-09-04,21.25,79.25,300.86,0.84,300.68
2022-09-04,21.25,79.5,300.77,4.27,300.4
2022-09-04,21.25,79.75,301.6,3.99,300.28
2022-09-04,21.5,78.75,300.85,1.24,300.8
2022-09-04,21.5,79.0,302.4,6.81,300.67
2022-09-04,21.5,79.25,303.21,6.65,300.65
2022-09-04,21.5,79.5,304.99,2.52,300.96
2022-09-04,21.5,79.75,301.57,3.92,301.16
2022-09-04,21.75,78.75,301.21,1.99,300.51
2022-09-04,21.75,79.0,302.08,3.16,300.43
2022-09-04,21.75,79.25,301.95,0.79,300.98
2022-09-04,21.75,79.5,301.4,1.72,300.83
2022-09-04,21.75,79.75,303.78,1.87,300.59
2022-09-05,20.75,78.75,302.84,1.07,300.51
2022-09-05,20.75,79.0,300.45,2.98,300.3
2022-09-05,20.75,79.25,301.41,1.45,300.73
2022-09-05,20.75,79.5,302.84,5.35,300.77
2022-09-05,20.75,79.75,304.63,0.87,301.63
2022-09-05,21.0,78.75,302.59,3.17,300.36
2022-09-05,21.0,79.0,303.28,2.87,301.15
2022-09-05,21.0,79.25,300.85,2.74,300.31
2022-09-05,21.0,79.5,300.24,1.13,301.14
2022-09-05,21.0,79.75,305.2,5.2,300.61
2022-09-05,21.25,78.75,301.07,1.45,300.04
2022-09-05,21.25,79.0,304.1,4.62,301.65
2022-09-05,21.25,79.25,302.71,0.92,301.14
2022-09-05,21.25,79.5,303.45,2.85,301.51
2022-09-05,21.25,79.75,303.52,5.29,299.88
2022-09-05,21.5,78.75,301.92,0.83,301.06
2022-09-05,21.5,79.0,303.53,2.35,301.25
2022-09-05,21.5,79.25,303.41,5.57,300.33
2022-09-05,21.5,79.5,301.43,2.87,301.04
2022-09-05,21.5,79.75,303.43,2.58,301.03
2022-09-05,21.75,78.75,302.98,4.19,301.6
2022-09-05,21.75,79.0,302.5,5.94,301.43
2022-09-05,21.75,79.25,304.57,3.8,301.15
2022-09-05,21.75,79.5,300.44,7.96,301.56
2022-09-05,21.75,79.75,302.57,4.13,301.33
2022-09-06,20.75,78.75,300.46,4.14,299.92
2022-09-06,20.75,79.0,302.77,1.03,301.1
2022-09-06,20.75,79.25,300.48,1.73,300.59
2022-09-06,20.75,79.5,302.74,3.11,300.16
2022-09-06,20.75,79.75,300.81,5.62,301.37
2022-09-06,21.0,78.75,303.14,6.16,300.63
2022-09-06,21.0,79.0,302.54,1.69,300.91
2022-09-06,21.0,79.25,303.13,3.47,300.43
2022-09-06,21.0,79.5,305.17,0.87,301.24
2022-09-06,21.0,79.75,301.34,5.2,300.94
2022-09-06,21.25,78.75,299.16,2.53,302.12
2022-09-06,21.25,79.0,301.33,3.69,300.38
2022-09-06,21.25,79.25,301.73,0.59,300.88
2022-09-06,21.25,79.5,302.15,2.52,300.27
2022-09-06,21.25,79.75,301.91,1.47,300.53
2022-09-06,21.5,78.75,302.22,2.56,301.38
2022-09-06,21.5,79.0,302.69,0.94,300.86
2022-09-06,21.5,79.25,301.77,9.31,300.89
2022-09-06,21.5,79.5,304.49,3.25,300.17
2022-09-06,21.5,79.75,300.85,2.19,301.66
2022-09-06,21.75,78.75,303.89,3.6,300.57
2022-09-06,21.75,79.0,302.33,4.07,300.12
2022-09-06,21.75,79.25,302.57,0.82,300.49
2022-09-06,21.75,79.5,301.16,0.9,300.46
2022-09-06,21.75,79.75,302.63,1.47,301.22
2022-09-07,20.75,78.75,303.64,4.52,301.33
2022-09-07,20.75,79.0,301.65,3.92,300.27
2022-09-07,20.75,79.25,301.97,2.45,300.33
2022-09-07,20.75,79.5,302.17,0.98,300.5
2022-09-07,20.75,79.75,300.09,6.65,300.31
2022-09-07,21.0,78.75,303.28,0.9,300.82
2022-09-07,21.0,79.0,302.72,6.49,300.78
2022-09-07,21.0,79.25,300.24,4.85,300.52
2022-09-07,21.0,79.5,302.56,1.84,300.31
2022-09-07,21.0,79.75,301.37,0.8,299.56
2022-09-07,21.25,78.75,301.73,0.94,300.62
2022-09-07,21.25,79.0,302.21,1.51,300.98
2022-09-07,21.25,79.25,302.64,1.14,301.17
2022-09-07,21.25,79.5,301.24,3.94,301.08
2022-09-07,21.25,79.75,302.83,1.9,300.9
2022-09-07,21.5,78.75,302.5,3.02,300.85
2022-09-07,21.5,79.0,300.79,1.74,301.43
2022-09-07,21.5,79.25,302.3,2.42,299.77
2022-09-07,21.5,79.5,299.28,0.61,300.19
2022-09-07,21.5,79.75,302.58,2.21,301.69
2022-09-07,21.75,78.75,303.82,1.26,299.85
2022-09-07,21.75,79.0,303.16,0.85,300.19
2022-09-07,21.75,79.25,302.2,1.48,300.62
2022-09-07,21.75,79.5,307.23,1.16,301.64
2022-09-07,21.75,79.75,300.19,1.3,300.41
2022-09-08,20.75,78.75,299.71,1.64,301.68
2022-09-08,20.75,79.0,301.59,1.91,300.72
2022-09-08,20.75,79.25,301.85,5.74,301.01
2022-09-08,20.75,79.5,303.36,5.23,300.33
2022-09-08,20.75,79.75,299.61,2.5,300.5
2022-09-08,21.0,78.75,304.62,2.3,301.06
2022-09-08,21.0,79.0,301.06,1.43,300.49
2022-09-08,21.0,79.25,303.92,10.8,300.56
2022-09-08,21.0,79.5,302.32,1.59,300.49
2022-09-08,21.0,79.75,303.55,1.05,300.19
2022-09-08,21.25,78.75,301.45,0.71,301.53
2022-09-08,21.25,79.0,299.66,2.14,300.37
2022-09-08,21.25,79.25,300.21,0.51,300.85
2022-09-08,21.25,79.5,302.26,1.72,301.38
2022-09-08,21.25,79.75,302.69,3.96,301.05
2022-09-08,21.5,78.75,301.74,1.99,301.07
2022-09-08,21.5,79.0,302.71,0.78,300.84
2022-09-08,21.5,79.25,301.06,0.73,299.83
2022-09-08,21.5,79.5,301.17,0.9,300.97
2022-09-08,21.5,79.75,302.95,3.12,300.19
2022-09-08,21.75,78.75,301.83,1.68,300.65
2022-09-08,21.75,79.0,304.02,2.75,300.47
2022-09-08,21.75,79.25,303.09,2.01,301.04
2022-09-08,21.75,79.5,304.43,0.9,301.13
2022-09-08,21.75,79.75,302.87,0.73,301.71
2022-09-09,20.75,78.75,301.52,1.86,300.65
2022-09-09,20.75,79.0,303.94,6.1,301.01
2022-09-09,20.75,79.25,302.96,4.0,300.33
2022-09-09,20.75,79.5,302.11,1.76,300.47
2022-09-09,20.75,79.75,302.02,1.05,301.51
2022-09-09,21.0,78.75,300.49,2.56,300.83
2022-09-09,21.0,79.0,302.57,4.84,300.9
2022-09-09,21.0,79.25,302.34,1.34,300.65
2022-09-09,21.0,79.5,305.01,0.99,300.24
2022-09-09,21.0,79.75,301.38,9.93,300.4
2022-09-09,21.25,78.75,299.91,2.26,301.18
2022-09-09,21.25,79.0,300.68,1.97,301.22
2022-09-09,21.25,79.25,302.39,2.39,300.82
2022-09-09,21.25,79.5,305.65,1.35,301.42
2022-09-09,21.25,79.75,302.88,5.05,301.21
2022-09-09,21.5,78.75,302.64,1.96,301.16
2022-09-09,21.5,79.0,301.34,1.62,300.83
2022-09-09,21.5,79.25,300.06,2.07,300.38
2022-09-09,21.5,79.5,299.85,3.24,301.4
2022-09-09,21.5,79.75,302.64,7.94,300.28
2022-09-09,21.75,78.75,301.61,1.4,301.28
2022-09-09,21.75,79.0,301.5,0.55,300.93
2022-09-09,21.75,79.25,302.5,0.39,301.82
2022-09-09,21.75,79.5,302.77,1.34,300.77
2022-09-09,21.75,79.75,301.78,3.4,300.71
2022-09-10,20.75,78.75,301.43,0.5,299.96
2022-09-10,20.75,79.0,300.44,1.58,301.01
2022-09-10,20.75,79.25,301.92,0.5,301.23
2022-09-10,20.75,79.5,300.28,0.91,300.32
2022-09-10,20.75,79.75,301.92,3.77,300.47
2022-09-10,21.0,78.75,301.21,2.74,300.87
2022-09-10,21.0,79.0,302.07,1.72,301.31
2022-09-10,21.0,79.25,303.09,5.29,301.01
2022-09-10,21.0,79.5,301.85,2.61,299.48
2022-09-10,21.0,79.75,303.86,5.85,300.67
2022-09-10,21.25,78.75,302.46,0.6,299.66
2022-09-10,21.25,79.0,301.35,3.97,300.89
2022-09-10,21.25,79.25,303.17,1.72,300.91
2022-09-10,21.25,79.5,303.71,0.49,300.22
2022-09-10,21.25,79.75,299.68,1.89,301.03
2022-09-10,21.5,78.75,300.65,3.37,300.69
2022-09-10,21.5,79.0,302.29,3.52,300.91
2022-09-10,21.5,79.25,304.6,2.43,301.33
2022-09-10,21.5,79.5,302.41,2.34,300.8
2022-09-10,21.5,79.75,301.95,0.8,301.71
2022-09-10,21.75,78.75,304.19,1.89,300.87
2022-09-10,21.75,79.0,301.59,1.58,300.76
2022-09-10,21.75,79.25,302.19,0.61,300.33
2022-09-10,21.75,79.5,303.54,1.58,300.56
2022-09-10,21.75,79.75,302.98,2.84,300.2
2022-09-11,20.75,78.75,301.26,1.93,300.18
2022-09-11,20.75,79.0,299.89,0.41,300.89
2022-09-11,20.75,79.25,300.29,0.72,301.01
2022-09-11,20.75,79.5,302.54,2.14,300.87
2022-09-11,20.75,79.75,303.27,0.87,300.88
2022-09-11,21.0,78.75,301.01,1.06,300.31
2022-09-11,21.0,79.0,302.83,2.12,300.74
2022-09-11,21.0,79.25,301.95,0.79,300.87
2022-09-11,21.0,79.5,301.68,10.13,301.14
2022-09-11,21.0,79.75,302.39,0.82,301.48
2022-09-11,21.25,78.75,300.93,1.41,300.59
2022-09-11,21.25,79.0,303.39,1.84,301.28
2022-09-11,21.25,79.25,299.96,2.12,300.54
2022-09-11,21.25,79.5,299.37,2.51,301.24
2022-09-11,21.25,79.75,300.51,4.74,301.59
2022-09-11,21.5,78.75,301.13,9.91,301.59
2022-09-11,21.5,79.0,302.44,1.55,301.25
2022-09-11,21.5,79.25,303.67,1.84,301.15
2022-09-11,21.5,79.5,299.53,1.72,300.79
2022-09-11,21.5,79.75,301.95,0.91,301.0
2022-09-11,21.75,78.75,303.81,2.65,300.44
2022-09-11,21.75,79.0,301.96,1.91,300.64
2022-09-11,21.75,79.25,303.91,0.33,301.05
2022-09-11,21.75,79.5,302.48,1.89,300.45
2022-09-11,21.75,79.75,300.84,0.7,300.18
2022-09-12,20.75,78.75,300.83,0.32,300.04
2022-09-12,20.75,79.0,299.78,0.53,300.45
2022-09-12,20.75,79.25,300.27,0.29,300.7
2022-09-12,20.75,79.5,299.76,1.36,300.79
2022-09-12,20.75,79.75,301.33,0.46,300.97
2022-09-12,21.0,78.75,298.19,2.32,301.61
2022-09-12,21.0,79.0,301.71,0.92,300.89
2022-09-12,21.0,79.25,300.93,0.92,301.51
2022-09-12,21.0,79.5,300.92,3.18,300.72
2022-09-12,21.0,79.75,299.31,0.67,300.35
2022-09-12,21.25,78.75,299.35,2.52,301.02
2022-09-12,21.25,79.0,299.29,2.38,301.75
2022-09-12,21.25,79.25,304.93,1.11,300.94
2022-09-12,21.25,79.5,301.95,1.04,301.79
2022-09-12,21.25,79.75,300.65,0.84,301.18
2022-09-12,21.5,78.75,301.91,0.46,300.29
2022-09-12,21.5,79.0,299.66,0.74,300.85
2022-09-12,21.5,79.25,300.51,2.2,299.77
2022-09-12,21.5,79.5,300.08,0.23,300.72
2022-09-12,21.5,79.75,299.6,6.07,301.09
2022-09-12,21.75,78.75,301.21,1.61,300.84
2022-09-12,21.75,79.0,303.4,7.78,301.04
2022-09-12,21.75,79.25,305.07,2.78,300.94
2022-09-12,21.75,79.5,300.79,3.65,300.74
2022-09-12,21.75,79.75,300.33,1.83,300.64
2022-09-13,20.75,78.75,298.79,2.39,301.9
2022-09-13,20.75,79.0,301.21,0.29,301.24
2022-09-13,20.75,79.25,300.79,2.85,301.29
2022-09-13,20.75,79.5,300.12,1.85,300.95
2022-09-13,20.75,79.75,301.34,0.59,300.8
2022-09-13,21.0,78.75,297.98,3.78,300.91
2022-09-13,21.0,79.0,302.06,2.01,301.1
2022-09-13,21.0,79.25,300.6,5.64,301.16
2022-09-13,21.0,79.5,300.36,0.89,301.71
2022-09-13,21.0,79.75,300.94,0.97,301.45
2022-09-13,21.25,78.75,297.66,3.06,300.58
2022-09-13,21.25,79.0,304.02,1.3,301.41
2022-09-13,21.25,79.25,299.91,0.51,300.43
2022-09-13,21.25,79.5,300.35,1.23,300.94
2022-09-13,21.25,79.75,300.31,2.49,300.57
2022-09-13,21.5,78.75,301.18,0.86,300.8
2022-09-13,21.5,79.0,302.82,0.9,300.47
2022-09-13,21.5,79.25,303.23,3.06,300.83
2022-09-13,21.5,79.5,301.74,5.37,301.23
2022-09-13,21.5,79.75,299.68,0.56,301.68
2022-09-13,21.75,78.75,300.27,1.93,300.8
2022-09-13,21.75,79.0,301.75,3.09,300.71
2022-09-13,21.75,79.25,302.74,2.84,301.47
2022-09-13,21.75,79.5,300.17,0.85,300.65
2022-09-13,21.75,79.75,298.98,1.81,300.84
2022-09-14,20.75,78.75,302.69,2.24,300.32
2022-09-14,20.75,79.0,301.42,10.91,300.47
2022-09-14,20.75,79.25,300.76,4.07,299.97
2022-09-14,20.75,79.5,300.45,1.27,301.37
2022-09-14,20.75,79.75,302.27,1.74,300.69
2022-09-14,21.0,78.75,296.54,0.47,300.58
2022-09-14,21.0,79.0,301.72,1.68,301.35
2022-09-14,21.0,79.25,303.09,1.07,301.05
2022-09-14,21.0,79.5,301.58,3.51,300.52
2022-09-14,21.0,79.75,302.12,5.17,300.91
2022-09-14,21.25,78.75,299.41,0.39,301.48
2022-09-14,21.25,79.0,304.28,0.4,300.42
2022-09-14,21.25,79.25,302.23,2.38,300.83
2022-09-14,21.25,79.5,302.14,1.86,301.13
2022-09-14,21.25,79.75,303.19,4.46,301.45
2022-09-14,21.5,78.75,302.94,4.87,301.25
2022-09-14,21.5,79.0,301.91,3.94,300.99
2022-09-14,21.5,79.25,303.68,1.21,301.02
2022-09-14,21.5,79.5,302.11,2.35,301.55
2022-09-14,21.5,79.75,300.13,1.46,301.0
2022-09-14,21.75,78.75,298.68,1.32,299.88
2022-09-14,21.75,79.0,297.48,1.71,300.58
2022-09-14,21.75,79.25,299.39,6.12,301.63
2022-09-14,21.75,79.5,301.07,0.67,301.73
2022-09-14,21.75,79.75,301.87,1.8,300.97
2022-09-15,20.75,78.75,302.03,1.05,300.36
2022-09-15,20.75,79.0,302.52,0.81,300.7
2022-09-15,20.75,79.25,301.67,0.22,300.89
2022-09-15,20.75,79.5,298.88,1.77,300.35
2022-09-15,20.75,79.75,301.06,0.39,300.25
2022-09-15,21.0,78.75,300.44,1.04,301.09
2022-09-15,21.0,79.0,300.55,1.38,300.41
2022-09-15,21.0,79.25,299.79,1.14,299.88
2022-09-15,21.0,79.5,303.64,2.3,301.34
2022-09-15,21.0,79.75,305.98,1.07,300.77
2022-09-15,21.25,78.75,301.7,0.24,301.54
2022-09-15,21.25,79.0,302.05,1.99,301.39
2022-09-15,21.25,79.25,301.13,0.88,301.14
2022-09-15,21.25,79.5,300.52,2.01,301.46
2022-09-15,21.25,79.75,302.26,0.44,300.72
2022-09-15,21.5,78.75,300.06,0.2,300.68
2022-09-15,21.5,79.0,300.87,2.04,299.33
2022-09-15,21.5,79.25,301.79,1.18,300.65
2022-09-15,21.5,79.5,301.2,0.65,300.97
2022-09-15,21.5,79.75,300.77,0.69,300.63
2022-09-15,21.75,78.75,300.37,1.51,301.26
2022-09-15,21.75,79.0,301.08,0.23,300.38
2022-09-15,21.75,79.25,302.99,3.0,301.19
2022-09-15,21.75,79.5,301.96,0.79,301.78
2022-09-15,21.75,79.75,299.9,1.44,300.85
2022-09-16,20.75,78.75,302.94,2.83,301.31
2022-09-16,20.75,79.0,301.67,0.39,299.84
2022-09-16,20.75,79.25,303.07,3.07,302.05
2022-09-16,20.75,79.5,302.01,2.64,301.36
2022-09-16,20.75,79.75,302.26,0.17,300.4
2022-09-16,21.0,78.75,297.65,2.75,301.31
2022-09-16,21.0,79.0,303.19,3.42,301.28
2022-09-16,21.0,79.25,299.86,3.98,301.46
2022-09-16,21.0,79.5,300.9,0.44,301.23
2022-09-16,21.0,79.75,298.76,3.3,301.07
2022-09-16,21.25,78.75,301.02,2.57,300.6
2022-09-16,21.25,79.0,302.65,2.86,301.43
2022-09-16,21.25,79.25,299.3,1.76,302.24
2022-09-16,21.25,79.5,299.39,0.95,301.52
2022-09-16,21.25,79.75,302.52,3.18,300.62
2022-09-16,21.5,78.75,300.12,1.99,301.19
2022-09-16,21.5,79.0,303.04,11.61,301.33
2022-09-16,21.5,79.25,301.13,2.52,300.96
2022-09-16,21.5,79.5,300.38,1.72,300.45
2022-09-16,21.5,79.75,299.63,1.27,300.72
2022-09-16,21.75,78.75,299.08,0.67,301.23
2022-09-16,21.75,79.0,302.75,1.07,301.04
2022-09-16,21.75,79.25,302.9,1.69,301.4
2022-09-16,21.75,79.5,301.1,1.08,301.49
2022-09-16,21.75,79.75,301.78,1.58,301.89
2022-09-17,20.75,78.75,298.33,4.16,301.14
2022-09-17,20.75,79.0,297.37,5.0,301.01
2022-09-17,20.75,79.25,301.01,1.69,300.86
2022-09-17,20.75,79.5,303.36,2.3,299.85
2022-09-17,20.75,79.75,299.17,0.93,301.08
2022-09-17,21.0,78.75,300.25,0.91,300.68
2022-09-17,21.0,79.0,302.07,1.95,300.67
2022-09-17,21.0,79.25,300.18,2.74,300.34
2022-09-17,21.0,79.5,297.15,0.46,300.88
2022-09-17,21.0,79.75,300.25,1.2,300.98
2022-09-17,21.25,78.75,298.51,1.25,300.93
2022-09-17,21.25,79.0,301.19,3.84,301.28
2022-09-17,21.25,79.25,298.96,0.49,300.72
2022-09-17,21.25,79.5,301.32,0.93,301.58
2022-09-17,21.25,79.75,302.52,0.87,300.82
2022-09-17,21.5,78.75,301.4,3.21,301.71
2022-09-17,21.5,79.0,300.31,0.67,300.79
2022-09-17,21.5,79.25,301.87,1.23,300.61
2022-09-17,21.5,79.5,302.57,1.43,301.23
2022-09-17,21.5,79.75,302.31,6.41,301.26
2022-09-17,21.75,78.75,300.93,7.61,300.41
2022-09-17,21.75,79.0,298.43,0.78,301.37
2022-09-17,21.75,79.25,300.97,0.43,300.37
2022-09-17,21.75,79.5,297.92,2.98,301.83
2022-09-17,21.75,79.75,299.13,3.55,300.63
2022-09-18,20.75,78.75,300.42,1.33,301.77
2022-09-18,20.75,79.0,300.96,3.86,300.89
2022-09-18,20.75,79.25,300.85,1.88,300.7
2022-09-18,20.75,79.5,300.3,0.62,302.12
2022-09-18,20.75,79.75,300.22,4.52,301.62
2022-09-18,21.0,78.75,301.82,2.06,300.37
2022-09-18,21.0,79.0,301.84,0.8,301.38
2022-09-18,21.0,79.25,302.03,0.94,299.94
2022-09-18,21.0,79.5,302.24,7.46,301.11
2022-09-18,21.0,79.75,302.61,1.18,301.51
2022-09-18,21.25,78.75,302.72,3.28,301.06
2022-09-18,21.25,79.0,300.65,2.56,302.42
2022-09-18,21.25,79.25,299.76,4.36,300.84
2022-09-18,21.25,79.5,301.36,0.14,300.92
2022-09-18,21.25,79.75,300.49,0.07,301.25
2022-09-18,21.5,78.75,302.41,0.0,300.94
2022-09-18,21.5,79.0,299.26,0.55,300.01
2022-09-18,21.5,79.25,299.13,0.11,300.82
2022-09-18,21.5,79.5,300.03,2.15,301.11
2022-09-18,21.5,79.75,301.02,0.26,300.79
2022-09-18,21.75,78.75,300.78,0.76,300.93
2022-09-18,21.75,79.0,299.69,0.18,301.7
2022-09-18,21.75,79.25,298.62,0.57,301.19
2022-09-18,21.75,79.5,298.92,1.42,300.67
2022-09-18,21.75,79.75,302.74,2.08,301.8
2022-09-19,20.75,78.75,300.23,1.78,300.74
2022-09-19,20.75,79.0,301.17,1.12,300.97
2022-09-19,20.75,79.25,301.48,2.56,301.72
2022-09-19,20.75,79.5,298.64,3.43,300.77
2022-09-19,20.75,79.75,302.5,1.26,301.32
2022-09-19,21.0,78.75,298.92,1.94,301.25
2022-09-19,21.0,79.0,301.34,0.54,300.07
2022-09-19,21.0,79.25,301.99,0.0,301.17
2022-09-19,21.0,79.5,301.8,2.03,300.81
2022-09-19,21.0,79.75,298.66,1.42,300.25
2022-09-19,21.25,78.75,298.34,0.4,300.75
2022-09-19,21.25,79.0,299.66,1.17,301.64
2022-09-19,21.25,79.25,299.87,0.01,301.6
2022-09-19,21.25,79.5,302.47,0.06,300.73
2022-09-19,21.25,79.75,298.93,1.14,301.58
2022-09-19,21.5,78.75,299.47,10.03,301.37
2022-09-19,21.5,79.0,301.13,5.71,301.2
2022-09-19,21.5,79.25,300.59,0.33,300.9
2022-09-19,21.5,79.5,299.42,6.02,301.3
2022-09-19,21.5,79.75,300.93,1.26,300.95
2022-09-19,21.75,78.75,300.3,0.24,301.31
2022-09-19,21.75,79.0,300.65,0.43,301.43
2022-09-19,21.75,79.25,304.07,1.93,301.0
2022-09-19,21.75,79.5,300.57,0.44,300.96
2022-09-19,21.75,79.75,301.27,0.01,302.01
2022-09-20,20.75,78.75,297.74,1.56,301.17
2022-09-20,20.75,79.0,299.45,0.77,301.52
2022-09-20,20.75,79.25,301.05,0.69,300.57
2022-09-20,20.75,79.5,298.45,0.14,300.65
2022-09-20,20.75,79.75,301.44,3.06,301.09
2022-09-20,21.0,78.75,299.65,2.22,301.19
2022-09-20,21.0,79.0,301.24,0.46,301.26
2022-09-20,21.0,79.25,299.5,3.57,300.75
2022-09-20,21.0,79.5,301.28,1.76,301.06
2022-09-20,21.0,79.75,298.1,1.39,301.04
2022-09-20,21.25,78.75,299.33,0.48,300.69
2022-09-20,21.25,79.0,301.61,5.43,300.62
2022-09-20,21.25,79.25,299.89,0.24,300.79
2022-09-20,21.25,79.5,301.67,1.92,301.24
2022-09-20,21.25,79.75,302.37,2.94,300.14
2022-09-20,21.5,78.75,302.15,0.51,301.42
2022-09-20,21.5,79.0,301.55,1.26,300.91
2022-09-20,21.5,79.25,298.78,1.66,301.0
2022-09-20,21.5,79.5,302.06,2.05,301.62
2022-09-20,21.5,79.75,301.41,3.76,300.72
2022-09-20,21.75,78.75,302.01,0.0,301.74
2022-09-20,21.75,79.0,299.78,0.86,301.25
2022-09-20,21.75,79.25,301.67,2.06,300.8
2022-09-20,21.75,79.5,300.11,0.66,300.89
2022-09-20,21.75,79.75,300.88,4.62,301.31
2022-09-21,20.75,78.75,300.71,0.65,300.28
2022-09-21,20.75,79.0,301.12,2.58,300.92
2022-09-21,20.75,79.25,302.45,5.01,300.89
2022-09-21,20.75,79.5,300.19,0.84,301.6
2022-09-21,20.75,79.75,301.22,2.21,300.7
2022-09-21,21.0,78.75,299.72,1.38,301.3
2022-09-21,21.0,79.0,299.34,0.2,301.24
2022-09-21,21.0,79.25,299.14,7.3,301.23
2022-09-21,21.0,79.5,301.38,1.47,301.01
2022-09-21,21.0,79.75,296.37,1.23,301.14
2022-09-21,21.25,78.75,303.53,1.43,301.33
2022-09-21,21.25,79.0,302.67,3.11,300.63
2022-09-21,21.25,79.25,300.85,0.08,300.38
2022-09-21,21.25,79.5,301.89,0.98,301.37
2022-09-21,21.25,79.75,300.93,0.44,301.15
2022-09-21,21.5,78.75,300.69,0.82,300.54
2022-09-21,21.5,79.0,298.34,0.0,301.13
2022-09-21,21.5,79.25,301.51,0.24,300.59
2022-09-21,21.5,79.5,300.77,3.0,299.54
2022-09-21,21.5,79.75,302.05,4.25,301.6
2022-09-21,21.75,78.75,299.13,0.52,300.86
2022-09-21,21.75,79.0,302.84,0.34,300.43
2022-09-21,21.75,79.25,301.79,0.0,300.62
2022-09-21,21.75,79.5,298.45,0.47,300.92
2022-09-21,21.75,79.75,299.65,0.15,301.33
2022-09-22,20.75,78.75,299.9,3.01,301.15
2022-09-22,20.75,79.0,298.75,0.49,301.8
2022-09-22,20.75,79.25,300.66,0.09,300.68
2022-09-22,20.75,79.5,300.11,0.0,300.71
2022-09-22,20.75,79.75,299.82,0.21,300.74
2022-09-22,21.0,78.75,301.5,0.34,301.15
2022-09-22,21.0,79.0,299.42,0.0,301.8
2022-09-22,21.0,79.25,300.68,0.13,300.65
2022-09-22,21.0,79.5,300.06,0.92,300.78
2022-09-22,21.0,79.75,302.21,3.6,301.03
2022-09-22,21.25,78.75,301.31,1.87,301.48
2022-09-22,21.25,79.0,298.71,0.43,301.44
2022-09-22,21.25,79.25,301.59,0.95,302.07
2022-09-22,21.25,79.5,299.14,0.0,301.35
2022-09-22,21.25,79.75,299.54,0.16,300.89
2022-09-22,21.5,78.75,297.07,0.0,300.88
2022-09-22,21.5,79.0,298.47,0.0,300.9
2022-09-22,21.5,79.25,301.19,1.7,301.19
2022-09-22,21.5,79.5,300.39,2.45,300.85
2022-09-22,21.5,79.75,297.86,0.35,301.31
2022-09-22,21.75,78.75,299.4,0.48,301.26
2022-09-22,21.75,79.0,300.39,2.5,300.32
2022-09-22,21.75,79.25,300.32,0.0,301.03
2022-09-22,21.75,79.5,301.02,0.66,300.62
2022-09-22,21.75,79.75,299.61,1.02,301.3
2022-09-23,20.75,78.75,299.06,0.04,300.78
2022-09-23,20.75,79.0,300.28,0.6,301.49
2022-09-23,20.75,79.25,300.15,2.92,300.07
2022-09-23,20.75,79.5,296.42,5.17,300.55
2022-09-23,20.75,79.75,301.67,3.25,302.17
2022-09-23,21.0,78.75,300.59,0.61,300.9
2022-09-23,21.0,79.0,298.53,0.0,301.49
2022-09-23,21.0,79.25,302.89,6.95,300.54
2022-09-23,21.0,79.5,300.93,1.37,301.56
2022-09-23,21.0,79.75,299.05,0.18,301.35
2022-09-23,21.25,78.75,298.91,2.34,301.2
2022-09-23,21.25,79.0,298.94,2.16,301.99
2022-09-23,21.25,79.25,301.09,0.0,300.93
2022-09-23,21.25,79.5,301.03,2.13,300.53
2022-09-23,21.25,79.75,302.85,3.84,300.64
2022-09-23,21.5,78.75,299.56,5.02,301.24
2022-09-23,21.5,79.0,299.75,2.54,300.82
2022-09-23,21.5,79.25,298.48,0.26,300.68
2022-09-23,21.5,79.5,301.37,2.49,300.13
2022-09-23,21.5,79.75,300.56,1.01,301.05
2022-09-23,21.75,78.75,299.73,1.33,301.64
2022-09-23,21.75,79.0,298.44,0.45,301.24
2022-09-23,21.75,79.25,298.05,0.62,301.3
2022-09-23,21.75,79.5,297.88,0.53,300.74
2022-09-23,21.75,79.75,300.64,0.85,301.8
2022-09-24,20.75,78.75,299.74,4.23,301.15
2022-09-24,20.75,79.0,299.02,0.0,301.16
2022-09-24,20.75,79.25,301.98,0.79,301.85
2022-09-24,20.75,79.5,298.83,1.41,300.65
2022-09-24,20.75,79.75,299.68,2.3,301.04
2022-09-24,21.0,78.75,301.4,2.13,301.7
2022-09-24,21.0,79.0,301.83,1.74,301.73
2022-09-24,21.0,79.25,298.74,1.49,300.74
2022-09-24,21.0,79.5,299.8,0.0,300.56
2022-09-24,21.0,79.75,298.24,0.28,301.24
2022-09-24,21.25,78.75,300.12,2.87,301.48
2022-09-24,21.25,79.0,298.9,3.14,301.47
2022-09-24,21.25,79.25,298.39,0.83,300.9
2022-09-24,21.25,79.5,296.73,1.95,300.77
2022-09-24,21.25,79.75,300.93,0.62,301.44
2022-09-24,21.5,78.75,300.14,0.0,301.21
2022-09-24,21.5,79.0,301.69,8.88,301.51
2022-09-24,21.5,79.25,299.97,0.44,301.57
2022-09-24,21.5,79.5,299.71,1.27,301.48
2022-09-24,21.5,79.75,298.92,1.33,300.13
2022-09-24,21.75,78.75,302.31,1.44,301.07
2022-09-24,21.75,79.0,299.8,5.8,300.07
2022-09-24,21.75,79.25,298.4,0.25,300.88
2022-09-24,21.75,79.5,300.22,2.51,300.75
2022-09-24,21.75,79.75,299.72,3.39,301.25
2022-09-25,20.75,78.75,300.06,0.0,301.84
2022-09-25,20.75,79.0,298.91,2.36,300.76
2022-09-25,20.75,79.25,297.94,0.62,301.33
2022-09-25,20.75,79.5,297.36,4.48,301.25
2022-09-25,20.75,79.75,299.41,0.87,302.05
2022-09-25,21.0,78.75,300.83,0.81,300.89
2022-09-25,21.0,79.0,297.19,0.0,301.89
2022-09-25,21.0,79.25,300.42,0.0,300.67
2022-09-25,21.0,79.5,298.41,1.05,300.67
2022-09-25,21.0,79.75,301.85,1.31,300.75
2022-09-25,21.25,78.75,302.47,3.49,300.61
2022-09-25,21.25,79.0,301.88,3.66,300.64
2022-09-25,21.25,79.25,301.44,5.36,302.17
2022-09-25,21.25,79.5,300.64,3.56,301.63
2022-09-25,21.25,79.75,300.19,0.94,301.27
2022-09-25,21.5,78.75,300.24,0.8,300.59
2022-09-25,21.5,79.0,297.46,0.0,301.85
2022-09-25,21.5,79.25,298.07,0.41,301.31
2022-09-25,21.5,79.5,298.48,0.61,300.17
2022-09-25,21.5,79.75,302.12,0.51,301.6
2022-09-25,21.75,78.75,301.39,7.5,300.56
2022-09-25,21.75,79.0,296.05,2.95,301.37
2022-09-25,21.75,79.25,296.19,3.72,301.44
2022-09-25,21.75,79.5,295.39,1.66,302.12
2022-09-25,21.75,79.75,298.14,1.13,301.38
2022-09-26,20.75,78.75,300.53,0.84,301.54
2022-09-26,20.75,79.0,299.12,0.25,301.06
2022-09-26,20.75,79.25,297.08,5.45,300.21
2022-09-26,20.75,79.5,300.93,3.5,301.97
2022-09-26,20.75,79.75,298.0,3.48,302.19
2022-09-26,21.0,78.75,299.58,0.41,301.88
2022-09-26,21.0,79.0,300.18,1.84,301.91
2022-09-26,21.0,79.25,300.8,0.0,300.79
2022-09-26,21.0,79.5,300.79,0.0,300.51
2022-09-26,21.0,79.75,297.17,1.27,301.25
2022-09-26,21.25,78.75,299.81,5.55,301.21
2022-09-26,21.25,79.0,298.09,4.87,300.95
2022-09-26,21.25,79.25,301.57,1.18,301.4
2022-09-26,21.25,79.5,297.63,0.94,301.31
2022-09-26,21.25,79.75,300.24,0.0,301.42
2022-09-26,21.5,78.75,301.5,1.02,301.35
2022-09-26,21.5,79.0,300.16,0.58,301.45
2022-09-26,21.5,79.25,300.07,3.48,300.5
2022-09-26,21.5,79.5,300.02,0.84,300.9
2022-09-26,21.5,79.75,298.74,0.0,301.39
2022-09-26,21.75,78.75,301.72,0.0,301.83
2022-09-26,21.75,79.0,299.93,0.37,301.25
2022-09-26,21.75,79.25,300.86,1.94,300.23
2022-09-26,21.75,79.5,300.56,2.97,301.42
2022-09-26,21.75,79.75,298.71,0.0,301.16
2022-09-27,20.75,78.75,300.28,7.24,301.17
2022-09-27,20.75,79.0,299.95,0.0,300.32
2022-09-27,20.75,79.25,298.77,0.0,300.95
2022-09-27,20.75,79.5,300.49,0.23,300.18
2022-09-27,20.75,79.75,300.36,1.98,301.35
2022-09-27,21.0,78.75,301.83,0.63,301.32
2022-09-27,21.0,79.0,298.6,0.0,301.5
2022-09-27,21.0,79.25,296.79,6.29,301.15
2022-09-27,21.0,79.5,298.51,2.92,302.01
2022-09-27,21.0,79.75,297.72,0.31,302.65
2022-09-27,21.25,78.75,300.05,3.41,300.93
2022-09-27,21.25,79.0,298.47,0.99,301.95
2022-09-27,21.25,79.25,298.15,0.0,301.25
2022-09-27,21.25,79.5,298.37,0.15,301.35
2022-09-27,21.25,79.75,298.28,0.51,301.86
2022-09-27,21.5,78.75,302.17,1.62,300.22
2022-09-27,21.5,79.0,299.71,0.26,301.42
2022-09-27,21.5,79.25,298.55,2.3,301.55
2022-09-27,21.5,79.5,301.31,6.21,301.62
2022-09-27,21.5,79.75,297.67,0.0,301.08
2022-09-27,21.75,78.75,300.78,0.67,300.65
2022-09-27,21.75,79.0,300.6,0.08,301.26
2022-09-27,21.75,79.25,299.72,7.39,301.14
2022-09-27,21.75,79.5,301.57,0.54,301.65
2022-09-27,21.75,79.75,294.77,1.59,300.32
2022-09-28,20.75,78.75,300.76,0.0,301.13
2022-09-28,20.75,79.0,299.51,0.0,300.52
2022-09-28,20.75,79.25,297.71,3.36,300.81
2022-09-28,20.75,79.5,299.65,0.78,302.01
2022-09-28,20.75,79.75,298.58,0.0,301.55
2022-09-28,21.0,78.75,299.38,0.0,300.92
2022-09-28,21.0,79.0,295.37,2.15,300.76
2022-09-28,21.0,79.25,301.05,2.74,301.94
2022-09-28,21.0,79.5,298.83,0.0,301.1
2022-09-28,21.0,79.75,300.58,0.22,301.01
2022-09-28,21.25,78.75,298.95,0.0,301.37
2022-09-28,21.25,79.0,300.25,5.03,300.8
2022-09-28,21.25,79.25,301.06,1.61,301.07
2022-09-28,21.25,79.5,300.35,0.68,301.7
2022-09-28,21.25,79.75,301.22,2.85,301.36
2022-09-28,21.5,78.75,300.83,0.02,301.04
2022-09-28,21.5,79.0,299.72,0.74,300.86
2022-09-28,21.5,79.25,297.78,0.0,301.7
2022-09-28,21.5,79.5,298.49,1.14,301.49
2022-09-28,21.5,79.75,296.81,5.79,301.38
2022-09-28,21.75,78.75,298.93,0.0,301.83
2022-09-28,21.75,79.0,297.79,4.71,301.54
2022-09-28,21.75,79.25,299.01,0.0,300.88
2022-09-28,21.75,79.5,300.34,0.93,301.93
2022-09-28,21.75,79.75,298.8,0.0,301.03
2022-09-29,20.75,78.75,298.57,1.02,301.49
2022-09-29,20.75,79.0,301.16,0.02,300.92
2022-09-29,20.75,79.25,299.96,0.0,301.68
2022-09-29,20.75,79.5,299.59,0.0,300.93
2022-09-29,20.75,79.75,298.25,1.71,300.75
2022-09-29,21.0,78.75,300.76,0.0,301.28
2022-09-29,21.0,79.0,299.43,4.65,301.44
2022-09-29,21.0,79.25,300.38,1.03,300.5
2022-09-29,21.0,79.5,298.09,0.38,301.3
2022-09-29,21.0,79.75,298.42,0.47,301.7
2022-09-29,21.25,78.75,298.3,2.1,301.3
2022-09-29,21.25,79.0,299.93,2.23,300.66
2022-09-29,21.25,79.25,300.96,1.03,301.58
2022-09-29,21.25,79.5,299.67,0.0,301.31
2022-09-29,21.25,79.75,300.79,0.0,301.6
2022-09-29,21.5,78.75,299.75,0.44,300.95
2022-09-29,21.5,79.0,295.79,2.14,301.14
2022-09-29,21.5,79.25,301.37,1.46,301.25
2022-09-29,21.5,79.5,300.03,2.65,301.85
2022-09-29,21.5,79.75,301.98,3.04,300.96
2022-09-29,21.75,78.75,300.78,0.42,302.03
2022-09-29,21.75,79.0,300.05,0.0,301.41
2022-09-29,21.75,79.25,301.34,2.89,301.15
2022-09-29,21.75,79.5,301.02,2.05,301.3
2022-09-29,21.75,79.75,298.58,12.43,301.33
2022-09-30,20.75,78.75,297.72,1.6,300.62
2022-09-30,20.75,79.0,300.16,0.0,300.96
2022-09-30,20.75,79.25,298.61,0.0,300.95
2022-09-30,20.75,79.5,297.47,0.19,301.47
2022-09-30,20.75,79.75,301.15,1.77,301.36
2022-09-30,21.0,78.75,297.46,0.64,301.47
2022-09-30,21.0,79.0,300.19,1.13,301.83
2022-09-30,21.0,79.25,300.22,0.0,301.14
2022-09-30,21.0,79.5,298.69,0.35,300.47
2022-09-30,21.0,79.75,299.82,1.74,300.34
2022-09-30,21.25,78.75,297.26,0.0,300.84
2022-09-30,21.25,79.0,301.19,4.66,300.83
2022-09-30,21.25,79.25,298.29,4.04,300.65
2022-09-30,21.25,79.5,302.65,3.37,301.28
2022-09-30,21.25,79.75,297.45,0.91,302.07
2022-09-30,21.5,78.75,298.4,14.19,301.98
2022-09-30,21.5,79.0,300.03,0.82,300.7
2022-09-30,21.5,79.25,298.55,0.44,300.9
2022-09-30,21.5,79.5,301.47,4.7,301.11
2022-09-30,21.5,79.75,299.2,1.3,300.15
2022-09-30,21.75,78.75,299.47,0.0,300.96
2022-09-30,21.75,79.0,296.88,4.82,301.6
2022-09-30,21.75,79.25,298.97,0.65,300.21
2022-09-30,21.75,79.5,297.58,2.12,300.62
2022-09-30,21.75,79.75,297.11,0.95,301.98
2022-10-01,20.75,78.75,295.4,0.17,301.8
2022-10-01,20.75,79.0,300.57,2.62,301.31
2022-10-01,20.75,79.25,296.4,0.42,301.79
2022-10-01,20.75,79.5,299.56,2.12,301.48
2022-10-01,20.75,79.75,297.74,1.78,300.59
2022-10-01,21.0,78.75,299.3,0.38,301.76
2022-10-01,21.0,79.0,301.67,4.22,301.19
2022-10-01,21.0,79.25,297.4,4.83,300.8
2022-10-01,21.0,79.5,299.66,0.0,301.86
2022-10-01,21.0,79.75,299.4,2.52,301.57
2022-10-01,21.25,78.75,297.97,2.6,301.96
2022-10-01,21.25,79.0,299.48,0.48,301.5
2022-10-01,21.25,79.25,297.22,0.45,300.1
2022-10-01,21.25,79.5,296.96,1.37,301.32
2022-10-01,21.25,79.75,298.87,0.03,300.4
2022-10-01,21.5,78.75,300.46,0.0,300.99
2022-10-01,21.5,79.0,298.39,0.0,302.05
2022-10-01,21.5,79.25,297.95,0.0,300.51
2022-10-01,21.5,79.5,298.62,0.0,301.24
2022-10-01,21.5,79.75,297.23,0.0,300.91
2022-10-01,21.75,78.75,298.42,4.67,301.03
2022-10-01,21.75,79.0,297.43,0.0,301.58
2022-10-01,21.75,79.25,297.49,0.94,300.41
2022-10-01,21.75,79.5,299.55,0.92,300.64
2022-10-01,21.75,79.75,300.34,0.58,300.31
2022-10-02,20.75,78.75,301.61,3.72,301.0
2022-10-02,20.75,79.0,299.99,2.27,301.14
2022-10-02,20.75,79.25,300.19,0.9,300.9
2022-10-02,20.75,79.5,300.23,3.44,301.11
2022-10-02,20.75,79.75,297.32,1.23,300.15
2022-10-02,21.0,78.75,299.16,0.0,299.91
2022-10-02,21.0,79.0,299.06,0.0,301.62
2022-10-02,21.0,79.25,299.33,0.54,301.45
2022-10-02,21.0,79.5,298.7,0.0,301.27
2022-10-02,21.0,79.75,296.63,0.0,301.39
2022-10-02,21.25,78.75,299.4,2.67,301.63
2022-10-02,21.25,79.0,298.99,0.84,300.88
2022-10-02,21.25,79.25,296.57,0.08,301.82
2022-10-02,21.25,79.5,297.41,1.97,301.24
2022-10-02,21.25,79.75,298.24,1.22,301.77
2022-10-02,21.5,78.75,297.44,0.96,301.36
2022-10-02,21.5,79.0,300.06,3.61,302.68
2022-10-02,21.5,79.25,295.61,0.07,301.16
2022-10-02,21.5,79.5,298.76,0.0,300.89
2022-10-02,21.5,79.75,299.24,0.0,301.22
2022-10-02,21.75,78.75,299.69,0.0,300.61
2022-10-02,21.75,79.0,298.26,0.52,301.26
2022-10-02,21.75,79.25,300.09,2.59,301.05
2022-10-02,21.75,79.5,298.55,0.0,300.3
2022-10-02,21.75,79.75,297.36,0.0,301.16
2022-10-03,20.75,78.75,299.68,3.05,301.37
2022-10-03,20.75,79.0,296.83,1.75,301.37
2022-10-03,20.75,79.25,296.64,0.07,300.99
2022-10-03,20.75,79.5,299.78,0.36,300.68
2022-10-03,20.75,79.75,301.11,0.0,301.23
2022-10-03,21.0,78.75,296.27,0.0,301.64
2022-10-03,21.0,79.0,297.85,0.0,301.2
2022-10-03,21.0,79.25,298.18,0.0,300.91
2022-10-03,21.0,79.5,298.69,3.61,299.63
2022-10-03,21.0,79.75,300.06,0.43,301.6
2022-10-03,21.25,78.75,299.14,0.18,301.42
2022-10-03,21.25,79.0,297.76,0.02,301.12
2022-10-03,21.25,79.25,296.72,0.0,301.11
2022-10-03,21.25,79.5,298.1,0.84,301.42
2022-10-03,21.25,79.75,299.45,2.49,300.67
2022-10-03,21.5,78.75,297.74,0.0,300.98
2022-10-03,21.5,79.0,301.11,1.46,301.69
2022-10-03,21.5,79.25,299.87,0.07,301.68
2022-10-03,21.5,79.5,299.32,1.62,302.51
2022-10-03,21.5,79.75,297.53,0.39,301.08
2022-10-03,21.75,78.75,297.7,1.39,301.84
2022-10-03,21.75,79.0,297.06,5.91,300.86
2022-10-03,21.75,79.25,296.3,1.73,301.66
2022-10-03,21.75,79.5,298.09,1.17,300.91
2022-10-03,21.75,79.75,298.51,6.0,301.95
2022-10-04,20.75,78.75,294.94,1.68,301.14
2022-10-04,20.75,79.0,298.69,0.19,301.67
2022-10-04,20.75,79.25,297.27,0.61,300.62
2022-10-04,20.75,79.5,300.05,2.14,301.11
2022-10-04,20.75,79.75,299.38,1.54,301.2
2022-10-04,21.0,78.75,301.52,1.97,300.64
2022-10-04,21.0,79.0,299.0,0.03,300.66
2022-10-04,21.0,79.25,296.99,0.92,300.9
2022-10-04,21.0,79.5,298.97,3.47,300.55
2022-10-04,21.0,79.75,299.92,0.8,301.37
2022-10-04,21.25,78.75,298.01,1.88,300.49
2022-10-04,21.25,79.0,299.89,0.0,301.14
2022-10-04,21.25,79.25,299.96,0.79,300.8
2022-10-04,21.25,79.5,297.86,1.86,301.72
2022-10-04,21.25,79.75,299.73,0.0,301.86
2022-10-04,21.5,78.75,298.35,6.41,300.87
2022-10-04,21.5,79.0,299.18,0.0,301.32
2022-10-04,21.5,79.25,298.58,0.0,301.32
2022-10-04,21.5,79.5,299.38,6.52,301.49
2022-10-04,21.5,79.75,299.9,0.0,300.79
2022-10-04,21.75,78.75,298.4,3.13,300.92
2022-10-04,21.75,79.0,297.67,2.2,301.16
2022-10-04,21.75,79.25,297.77,0.0,301.26
2022-10-04,21.75,79.5,297.57,0.31,300.65
2022-10-04,21.75,79.75,296.89,3.17,301.18
2022-10-05,20.75,78.75,299.37,2.57,301.06
2022-10-05,20.75,79.0,298.66,0.71,301.21
2022-10-05,20.75,79.25,299.11,0.22,302.17
2022-10-05,20.75,79.5,297.88,1.73,301.27
2022-10-05,20.75,79.75,298.63,2.14,301.23
2022-10-05,21.0,78.75,298.15,0.48,301.68
2022-10-05,21.0,79.0,297.36,5.55,301.79
2022-10-05,21.0,79.25,296.73,1.68,299.96
2022-10-05,21.0,79.5,298.13,0.02,301.48
2022-10-05,21.0,79.75,300.46,0.4,300.03
2022-10-05,21.25,78.75,300.4,3.55,302.18
2022-10-05,21.25,79.0,297.2,0.55,301.27
2022-10-05,21.25,79.25,298.5,0.54,301.77
2022-10-05,21.25,79.5,300.23,0.58,301.0
2022-10-05,21.25,79.75,297.95,0.0,301.66
2022-10-05,21.5,78.75,297.56,0.0,300.37
2022-10-05,21.5,79.0,299.28,1.01,301.21
2022-10-05,21.5,79.25,296.93,0.0,301.94
2022-10-05,21.5,79.5,297.25,2.77,301.9
2022-10-05,21.5,79.75,297.81,0.0,301.26
2022-10-05,21.75,78.75,299.93,0.78,301.97
2022-10-05,21.75,79.0,299.08,0.02,300.92
2022-10-05,21.75,79.25,299.45,0.0,300.74
2022-10-05,21.75,79.5,298.55,2.38,301.64
2022-10-05,21.75,79.75,299.51,0.0,301.61
2022-10-06,20.75,78.75,296.17,0.98,301.71
2022-10-06,20.75,79.0,297.25,1.54,300.41
2022-10-06,20.75,79.25,296.21,0.0,300.89
2022-10-06,20.75,79.5,298.54,4.23,300.93
2022-10-06,20.75,79.75,302.13,1.1,301.72
2022-10-06,21.0,78.75,297.7,0.48,300.69
2022-10-06,21.0,79.0,296.3,0.0,301.18
2022-10-06,21.0,79.25,299.33,0.0,301.09
2022-10-06,21.0,79.5,298.38,2.83,300.69
2022-10-06,21.0,79.75,299.62,2.38,300.77
2022-10-06,21.25,78.75,297.48,0.0,301.35
2022-10-06,21.25,79.0,298.11,0.95,301.49
2022-10-06,21.25,79.25,296.62,3.92,301.5
2022-10-06,21.25,79.5,295.46,3.25,301.43
2022-10-06,21.25,79.75,296.99,0.0,301.62
2022-10-06,21.5,78.75,297.78,0.96,300.43
2022-10-06,21.5,79.0,298.02,0.95,300.62
2022-10-06,21.5,79.25,301.09,8.21,301.11
2022-10-06,21.5,79.5,299.2,1.62,301.38
2022-10-06,21.5,79.75,298.75,1.1,302.18
2022-10-06,21.75,78.75,297.63,3.18,301.56
2022-10-06,21.75,79.0,295.42,5.41,302.47
2022-10-06,21.75,79.25,297.54,0.73,301.61
2022-10-06,21.75,79.5,298.35,3.33,300.89
2022-10-06,21.75,79.75,297.28,1.18,301.44
2022-10-07,20.75,78.75,297.0,1.6,301.68
2022-10-07,20.75,79.0,297.42,5.94,301.21
2022-10-07,20.75,79.25,299.68,0.28,301.18
2022-10-07,20.75,79.5,295.63,0.0,301.87
2022-10-07,20.75,79.75,299.53,2.62,301.42
2022-10-07,21.0,78.75,295.99,0.95,301.66
2022-10-07,21.0,79.0,297.65,0.0,301.82
2022-10-07,21.0,79.25,298.9,0.11,300.46
2022-10-07,21.0,79.5,298.23,1.32,301.06
2022-10-07,21.0,79.75,298.08,0.65,300.99
2022-10-07,21.25,78.75,299.39,6.4,301.64
2022-10-07,21.25,79.0,296.54,2.74,301.04
2022-10-07,21.25,79.25,298.84,0.61,300.67
2022-10-07,21.25,79.5,296.57,0.99,300.83
2022-10-07,21.25,79.75,296.17,0.0,301.4
2022-10-07,21.5,78.75,299.09,0.31,301.58
2022-10-07,21.5,79.0,296.76,0.4,301.0
2022-10-07,21.5,79.25,298.25,1.72,300.73
2022-10-07,21.5,79.5,301.17,0.0,299.96
2022-10-07,21.5,79.75,297.43,2.73,301.34
2022-10-07,21.75,78.75,297.74,0.0,300.89
2022-10-07,21.75,79.0,298.79,0.0,301.7
2022-10-07,21.75,79.25,298.68,0.0,301.92
2022-10-07,21.75,79.5,301.1,0.01,301.49
2022-10-07,21.75,79.75,299.91,0.0,302.6
2022-10-08,20.75,78.75,299.27,2.29,301.03
2022-10-08,20.75,79.0,296.66,0.0,301.65
2022-10-08,20.75,79.25,295.75,0.0,301.41
2022-10-08,20.75,79.5,298.37,0.0,300.55
2022-10-08,20.75,79.75,296.41,0.36,300.52
2022-10-08,21.0,78.75,296.17,0.81,301.9
2022-10-08,21.0,79.0,294.75,0.0,301.31
2022-10-08,21.0,79.25,296.98,0.49,302.16
2022-10-08,21.0,79.5,299.75,3.1,300.7
2022-10-08,21.0,79.75,296.34,2.96,301.98
2022-10-08,21.25,78.75,299.16,0.0,300.89
2022-10-08,21.25,79.0,296.84,3.94,300.06
2022-10-08,21.25,79.25,295.58,1.12,301.74
2022-10-08,21.25,79.5,298.51,2.52,301.74
2022-10-08,21.25,79.75,295.85,4.38,301.66
2022-10-08,21.5,78.75,295.82,0.51,301.15
2022-10-08,21.5,79.0,297.92,3.58,302.03
2022-10-08,21.5,79.25,297.77,2.54,302.07
2022-10-08,21.5,79.5,298.91,0.0,302.0
2022-10-08,21.5,79.75,297.23,0.58,301.42
2022-10-08,21.75,78.75,297.51,0.0,301.5
2022-10-08,21.75,79.0,300.47,1.65,301.73
2022-10-08,21.75,79.25,298.18,0.39,301.97
2022-10-08,21.75,79.5,296.83,0.0,301.28
2022-10-08,21.75,79.75,298.87,6.3,301.52
2022-10-09,20.75,78.75,296.47,3.0,301.46
2022-10-09,20.75,79.0,295.2,3.67,301.02
2022-10-09,20.75,79.25,299.54,0.0,301.91
2022-10-09,20.75,79.5,298.37,0.23,300.61
2022-10-09,20.75,79.75,299.57,0.0,301.85
2022-10-09,21.0,78.75,300.73,0.0,300.89
2022-10-09,21.0,79.0,296.98,0.62,302.14
2022-10-09,21.0,79.25,297.41,5.57,301.13
2022-10-09,21.0,79.5,297.5,3.46,301.12
2022-10-09,21.0,79.75,295.7,3.23,301.6
2022-10-09,21.25,78.75,296.65,2.8,301.56
2022-10-09,21.25,79.0,296.2,0.0,301.42
2022-10-09,21.25,79.25,297.02,8.85,301.5
2022-10-09,21.25,79.5,297.7,0.26,300.87
2022-10-09,21.25,79.75,296.36,0.75,301.22
2022-10-09,21.5,78.75,295.67,2.07,300.91
2022-10-09,21.5,79.0,298.62,2.14,300.84
2022-10-09,21.5,79.25,296.63,0.68,301.34
2022-10-09,21.5,79.5,297.15,0.0,301.25
2022-10-09,21.5,79.75,297.18,1.27,300.98
2022-10-09,21.75,78.75,297.82,0.04,301.91
2022-10-09,21.75,79.0,297.7,0.8,300.41
2022-10-09,21.75,79.25,298.28,0.26,301.23
2022-10-09,21.75,79.5,296.94,0.0,301.5
2022-10-09,21.75,79.75,295.39,0.27,301.07
2022-10-10,20.75,78.75,296.08,0.0,301.13
2022-10-10,20.75,79.0,297.05,5.02,301.52
2022-10-10,20.75,79.25,299.19,4.54,301.47
2022-10-10,20.75,79.5,300.22,0.0,301.28
2022-10-10,20.75,79.75,297.79,1.45,300.98
2022-10-10,21.0,78.75,298.22,2.09,301.92
2022-10-10,21.0,79.0,300.17,0.0,301.25
2022-10-10,21.0,79.25,298.28,0.0,301.22
2022-10-10,21.0,79.5,299.3,0.88,300.64
2022-10-10,21.0,79.75,296.56,0.0,301.18
2022-10-10,21.25,78.75,295.76,0.0,301.73
2022-10-10,21.25,79.0,297.45,0.0,301.6
2022-10-10,21.25,79.25,297.26,0.0,300.66
2022-10-10,21.25,79.5,296.92,1.84,301.2
2022-10-10,21.25,79.75,297.6,2.39,300.85
2022-10-10,21.5,78.75,298.21,0.02,301.44
2022-10-10,21.5,79.0,297.04,0.04,300.54
2022-10-10,21.5,79.25,298.76,0.0,301.17
2022-10-10,21.5,79.5,298.39,2.32,300.94
2022-10-10,21.5,79.75,297.6,1.41,300.69
2022-10-10,21.75,78.75,298.72,1.47,302.68
2022-10-10,21.75,79.0,297.09,3.08,301.24
2022-10-10,21.75,79.25,297.52,0.19,300.39
2022-10-10,21.75,79.5,298.61,0.38,301.47
2022-10-10,21.75,79.75,297.11,0.0,300.96
2022-10-11,20.75,78.75,296.75,1.26,300.59
2022-10-11,20.75,79.0,298.43,1.78,301.93
2022-10-11,20.75,79.25,298.32,0.0,301.38
2022-10-11,20.75,79.5,296.42,0.34,301.25
2022-10-11,20.75,79.75,297.49,2.63,300.7
2022-10-11,21.0,78.75,297.76,3.29,301.23
2022-10-11,21.0,79.0,297.47,2.05,301.24
2022-10-11,21.0,79.25,296.91,0.0,302.18
2022-10-11,21.0,79.5,299.75,0.0,300.85
2022-10-11,21.0,79.75,299.02,0.32,301.05
2022-10-11,21.25,78.75,298.2,0.37,300.86
2022-10-11,21.25,79.0,297.99,2.61,301.09
2022-10-11,21.25,79.25,299.06,0.0,301.57
2022-10-11,21.25,79.5,297.46,0.0,301.84
2022-10-11,21.25,79.75,297.08,0.0,301.39
2022-10-11,21.5,78.75,297.96,1.76,301.45
2022-10-11,21.5,79.0,297.44,1.2,301.51
2022-10-11,21.5,79.25,301.6,0.0,301.09
2022-10-11,21.5,79.5,299.34,0.19,300.82
2022-10-11,21.5,79.75,297.9,0.0,301.28
2022-10-11,21.75,78.75,299.68,0.79,300.19
2022-10-11,21.75,79.0,297.88,0.0,301.92
2022-10-11,21.75,79.25,296.17,0.0,301.88
2022-10-11,21.75,79.5,298.85,0.53,301.28
2022-10-11,21.75,79.75,298.47,0.63,301.68
2022-10-12,20.75,78.75,301.18,0.02,300.61
2022-10-12,20.75,79.0,294.16,0.05,302.29
2022-10-12,20.75,79.25,297.17,1.05,301.2
2022-10-12,20.75,79.5,299.03,0.0,301.47
2022-10-12,20.75,79.75,298.16,0.46,301.02
2022-10-12,21.0,78.75,294.7,2.68,301.53
2022-10-12,21.0,79.0,299.45,0.0,301.86
2022-10-12,21.0,79.25,296.38,0.0,300.79
2022-10-12,21.0,79.5,296.93,0.0,301.29
2022-10-12,21.0,79.75,294.88,0.0,300.96
2022-10-12,21.25,78.75,298.15,1.23,301.07
2022-10-12,21.25,79.0,296.22,0.0,301.11
2022-10-12,21.25,79.25,297.23,0.62,301.71
2022-10-12,21.25,79.5,296.82,2.21,301.61
2022-10-12,21.25,79.75,296.37,2.33,301.29
2022-10-12,21.5,78.75,295.94,0.0,301.16
2022-10-12,21.5,79.0,292.98,0.11,301.64
2022-10-12,21.5,79.25,297.37,0.0,301.16
2022-10-12,21.5,79.5,296.4,0.0,301.53
2022-10-12,21.5,79.75,300.2,0.0,300.94
2022-10-12,21.75,78.75,296.23,0.14,301.07
2022-10-12,21.75,79.0,301.12,0.0,302.15
2022-10-12,21.75,79.25,298.75,0.02,300.84
2022-10-12,21.75,79.5,296.42,0.0,301.0
2022-10-12,21.75,79.75,299.14,1.37,301.27
2022-10-13,20.75,78.75,299.64,2.2,300.31
2022-10-13,20.75,79.0,296.22,0.0,301.86
2022-10-13,20.75,79.25,295.19,0.44,301.75
2022-10-13,20.75,79.5,297.25,0.0,301.33
2022-10-13,20.75,79.75,296.2,0.0,300.95
2022-10-13,21.0,78.75,299.22,0.0,301.52
2022-10-13,21.0,79.0,297.52,0.0,301.25
2022-10-13,21.0,79.25,296.31,0.77,300.98
2022-10-13,21.0,79.5,297.54,0.0,301.13
2022-10-13,21.0,79.75,298.59,8.7,301.34
2022-10-13,21.25,78.75,295.49,1.94,301.57
2022-10-13,21.25,79.0,296.93,4.92,301.06
2022-10-13,21.25,79.25,294.85,3.72,300.95
2022-10-13,21.25,79.5,298.18,0.0,301.27
2022-10-13,21.25,79.75,299.76,1.31,301.71
2022-10-13,21.5,78.75,294.94,0.0,300.76
2022-10-13,21.5,79.0,301.08,0.0,301.53
2022-10-13,21.5,79.25,298.89,0.0,301.67
2022-10-13,21.5,79.5,296.51,0.0,301.27
2022-10-13,21.5,79.75,298.06,0.0,301.83
2022-10-13,21.75,78.75,297.59,3.0,301.44
2022-10-13,21.75,79.0,296.37,0.29,300.71
2022-10-13,21.75,79.25,298.71,1.92,301.64
2022-10-13,21.75,79.5,297.7,3.98,301.48
2022-10-13,21.75,79.75,298.77,0.0,300.45
2022-10-14,20.75,78.75,295.25,0.08,302.27
2022-10-14,20.75,79.0,296.84,0.5,301.32
2022-10-14,20.75,79.25,298.72,0.0,301.91
2022-10-14,20.75,79.5,294.47,0.0,301.51
2022-10-14,20.75,79.75,296.24,2.66,301.3
2022-10-14,21.0,78.75,297.59,0.0,301.01
2022-10-14,21.0,79.0,295.64,0.0,301.2
2022-10-14,21.0,79.25,298.15,0.0,301.38
2022-10-14,21.0,79.5,296.42,0.22,302.03
2022-10-14,21.0,79.75,297.53,0.0,301.68
2022-10-14,21.25,78.75,296.37,0.0,302.22
2022-10-14,21.25,79.0,296.85,0.0,301.13
2022-10-14,21.25,79.25,298.18,0.0,300.9
2022-10-14,21.25,79.5,294.3,0.99,301.57
2022-10-14,21.25,79.75,298.51,1.18,302.0
2022-10-14,21.5,78.75,296.71,0.0,301.53
2022-10-14,21.5,79.0,297.82,0.81,301.53
2022-10-14,21.5,79.25,299.43,0.54,301.16
2022-10-14,21.5,79.5,298.69,2.76,300.93
2022-10-14,21.5,79.75,296.16,1.11,300.9
2022-10-14,21.75,78.75,300.32,2.44,300.98
2022-10-14,21.75,79.0,298.27,1.27,301.43
2022-10-14,21.75,79.25,297.45,1.85,301.56
2022-10-14,21.75,79.5,297.18,0.0,300.84
2022-10-14,21.75,79.75,298.38,2.9,301.06
2022-10-15,20.75,78.75,299.03,0.0,301.01
2022-10-15,20.75,79.0,296.81,2.13,300.49
2022-10-15,20.75,79.25,298.03,0.9,300.98
2022-10-15,20.75,79.5,299.23,0.0,301.71
2022-10-15,20.75,79.75,299.16,0.25,301.61
2022-10-15,21.0,78.75,295.3,1.81,301.2
2022-10-15,21.0,79.0,298.07,0.0,301.38
2022-10-15,21.0,79.25,298.37,5.26,301.72
2022-10-15,21.0,79.5,297.32,3.87,300.58
2022-10-15,21.0,79.75,295.73,5.19,301.62
2022-10-15,21.25,78.75,296.39,1.45,301.24
2022-10-15,21.25,79.0,295.13,0.32,301.98
2022-10-15,21.25,79.25,299.55,0.75,300.65
2022-10-15,21.25,79.5,295.9,0.0,301.13
2022-10-15,21.25,79.75,297.87,1.02,302.15
2022-10-15,21.5,78.75,293.61,1.4,301.6
2022-10-15,21.5,79.0,296.67,0.0,301.47
2022-10-15,21.5,79.25,296.63,0.0,301.59
2022-10-15,21.5,79.5,299.09,1.47,301.73
2022-10-15,21.5,79.75,297.61,5.38,301.32
2022-10-15,21.75,78.75,297.25,0.0,301.02
2022-10-15,21.75,79.0,296.86,1.6,301.53
2022-10-15,21.75,79.25,299.59,0.0,301.29
2022-10-15,21.75,79.5,297.3,2.48,301.98
2022-10-15,21.75,79.75,295.52,0.0,301.0
2022-10-16,20.75,78.75,297.83,0.98,301.75
2022-10-16,20.75,79.0,297.53,0.0,302.08
2022-10-16,20.75,79.25,297.17,0.0,301.79
2022-10-16,20.75,79.5,298.33,2.54,301.95
2022-10-16,20.75,79.75,298.92,0.0,301.01
2022-10-16,21.0,78.75,296.65,0.0,301.27
2022-10-16,21.0,79.0,297.07,0.05,302.15
2022-10-16,21.0,79.25,296.79,3.25,301.8
2022-10-16,21.0,79.5,296.42,2.4,301.05
2022-10-16,21.0,79.75,297.9,0.42,302.03
2022-10-16,21.25,78.75,296.74,0.56,301.43
2022-10-16,21.25,79.0,297.52,0.0,302.2
2022-10-16,21.25,79.25,297.93,1.25,301.53
2022-10-16,21.25,79.5,295.82,2.62,300.55
2022-10-16,21.25,79.75,296.44,0.0,302.0
2022-10-16,21.5,78.75,297.07,1.79,302.67
2022-10-16,21.5,79.0,295.25,0.0,301.8
2022-10-16,21.5,79.25,296.62,0.0,302.22
2022-10-16,21.5,79.5,296.6,0.39,300.7
2022-10-16,21.5,79.75,297.02,1.85,301.93
2022-10-16,21.75,78.75,297.97,1.25,302.41
2022-10-16,21.75,79.0,296.3,0.0,301.43
2022-10-16,21.75,79.25,297.11,0.41,301.78
2022-10-16,21.75,79.5,295.54,0.73,301.4
2022-10-16,21.75,79.75,294.8,0.0,301.67
2022-10-17,20.75,78.75,295.12,1.78,301.72
2022-10-17,20.75,79.0,296.54,1.14,301.39
2022-10-17,20.75,79.25,298.09,0.0,302.37
2022-10-17,20.75,79.5,295.7,6.97,301.71
2022-10-17,20.75,79.75,299.19,0.0,301.9
2022-10-17,21.0,78.75,298.64,6.33,301.95
2022-10-17,21.0,79.0,297.01,0.78,301.61
2022-10-17,21.0,79.25,297.24,0.0,301.85
2022-10-17,21.0,79.5,298.18,0.21,301.4
2022-10-17,21.0,79.75,297.97,0.0,301.53
2022-10-17,21.25,78.75,295.89,0.0,301.32
2022-10-17,21.25,79.0,296.4,1.27,302.06
2022-10-17,21.25,79.25,296.41,0.0,300.7
2022-10-17,21.25,79.5,297.9,0.0,301.18
2022-10-17,21.25,79.75,299.84,1.34,300.97
2022-10-17,21.5,78.75,296.09,0.0,300.37
2022-10-17,21.5,79.0,297.56,0.48,301.39
2022-10-17,21.5,79.25,297.6,5.08,300.96
2022-10-17,21.5,79.5,297.8,0.02,301.46
2022-10-17,21.5,79.75,295.67,0.0,300.95
2022-10-17,21.75,78.75,297.74,2.17,300.91
2022-10-17,21.75,79.0,296.27,0.0,301.0
2022-10-17,21.75,79.25,297.88,0.0,301.16
2022-10-17,21.75,79.5,300.26,1.59,301.53
2022-10-17,21.75,79.75,297.4,3.29,302.0
2022-10-18,20.75,78.75,297.98,3.46,302.54
2022-10-18,20.75,79.0,297.11,0.0,301.88
2022-10-18,20.75,79.25,296.67,1.15,300.79
2022-10-18,20.75,79.5,297.71,0.48,301.2
2022-10-18,20.75,79.75,296.69,1.22,300.75
2022-10-18,21.0,78.75,296.98,7.52,300.89
2022-10-18,21.0,79.0,297.43,0.0,301.27
2022-10-18,21.0,79.25,295.85,6.04,301.72
2022-10-18,21.0,79.5,299.38,0.88,301.41
2022-10-18,21.0,79.75,295.93,0.0,301.06
2022-10-18,21.25,78.75,297.19,0.14,302.34
2022-10-18,21.25,79.0,298.98,1.68,300.96
2022-10-18,21.25,79.25,295.97,1.22,301.37
2022-10-18,21.25,79.5,294.8,0.0,301.84
2022-10-18,21.25,79.75,296.86,4.12,301.64
2022-10-18,21.5,78.75,294.58,0.0,301.36
2022-10-18,21.5,79.0,296.03,1.73,301.12
2022-10-18,21.5,79.25,296.33,1.15,301.87
2022-10-18,21.5,79.5,297.38,0.0,300.62
2022-10-18,21.5,79.75,297.23,1.85,301.85
2022-10-18,21.75,78.75,297.81,2.13,301.11
2022-10-18,21.75,79.0,295.46,0.0,300.94
2022-10-18,21.75,79.25,296.52,0.0,301.42
2022-10-18,21.75,79.5,296.7,3.58,301.37
2022-10-18,21.75,79.75,296.07,0.0,301.57
2022-10-19,20.75,78.75,296.53,0.0,301.71
2022-10-19,20.75,79.0,297.38,0.14,301.98
2022-10-19,20.75,79.25,297.1,0.0,301.85
2022-10-19,20.75,79.5,297.57,1.04,301.63
2022-10-19,20.75,79.75,295.48,0.0,301.73
2022-10-19,21.0,78.75,297.62,1.19,300.89
2022-10-19,21.0,79.0,296.11,0.0,301.42
2022-10-19,21.0,79.25,296.47,0.0,301.51
2022-10-19,21.0,79.5,295.9,0.46,301.03
2022-10-19,21.0,79.75,293.57,5.53,302.66
2022-10-19,21.25,78.75,299.53,0.3,301.91
2022-10-19,21.25,79.0,297.18,0.0,301.26
2022-10-19,21.25,79.25,294.53,0.78,300.7
2022-10-19,21.25,79.5,296.83,0.0,301.84
2022-10-19,21.25,79.75,298.9,2.59,301.81
2022-10-19,21.5,78.75,293.66,0.0,301.65
2022-10-19,21.5,79.0,295.48,0.0,300.84
2022-10-19,21.5,79.25,296.77,3.46,302.12
2022-10-19,21.5,79.5,297.2,0.0,302.05
2022-10-19,21.5,79.75,298.64,1.18,300.69
2022-10-19,21.75,78.75,298.72,0.0,301.46
2022-10-19,21.75,79.0,299.22,0.91,301.46
2022-10-19,21.75,79.25,295.67,0.0,302.28
2022-10-19,21.75,79.5,295.97,0.12,301.48
2022-10-19,21.75,79.75,295.11,0.0,301.49
2022-10-20,20.75,78.75,296.58,3.28,301.99
2022-10-20,20.75,79.0,298.97,0.0,301.58
2022-10-20,20.75,79.25,297.84,0.0,302.42
2022-10-20,20.75,79.5,295.41,0.0,301.26
2022-10-20,20.75,79.75,298.27,6.63,301.44
2022-10-20,21.0,78.75,297.52,1.52,302.06
2022-10-20,21.0,79.0,294.66,0.03,301.29
2022-10-20,21.0,79.25,296.07,1.22,301.53
2022-10-20,21.0,79.5,294.62,0.0,301.56
2022-10-20,21.0,79.75,296.7,0.0,301.6
2022-10-20,21.25,78.75,300.95,2.35,300.71
2022-10-20,21.25,79.0,295.71,2.37,301.03
2022-10-20,21.25,79.25,301.08,1.28,301.48
2022-10-20,21.25,79.5,296.37,0.16,301.12
2022-10-20,21.25,79.75,297.59,0.55,302.07
2022-10-20,21.5,78.75,295.41,0.0,301.68
2022-10-20,21.5,79.0,298.09,2.58,301.77
2022-10-20,21.5,79.25,296.53,0.55,301.84
2022-10-20,21.5,79.5,296.74,6.54,300.98
2022-10-20,21.5,79.75,298.76,0.0,300.63
2022-10-20,21.75,78.75,301.73,0.28,301.11
2022-10-20,21.75,79.0,297.64,0.75,301.58
2022-10-20,21.75,79.25,295.49,0.31,301.56
2022-10-20,21.75,79.5,295.04,0.0,301.11
2022-10-20,21.75,79.75,297.74,1.76,300.97
2022-10-21,20.75,78.75,296.77,0.0,301.63
2022-10-21,20.75,79.0,298.24,0.0,301.05
2022-10-21,20.75,79.25,299.12,0.0,301.45
2022-10-21,20.75,79.5,296.3,2.72,302.03
2022-10-21,20.75,79.75,296.58,1.44,301.4
2022-10-21,21.0,78.75,294.61,0.57,302.42
2022-10-21,21.0,79.0,297.2,1.73,301.21
2022-10-21,21.0,79.25,295.2,1.1,301.24
2022-10-21,21.0,79.5,295.98,0.0,302.23
2022-10-21,21.0,79.75,293.76,4.09,301.36
2022-10-21,21.25,78.75,299.14,4.33,301.42
2022-10-21,21.25,79.0,299.17,0.29,301.53
2022-10-21,21.25,79.25,295.3,3.77,301.05
2022-10-21,21.25,79.5,292.87,0.0,301.63
2022-10-21,21.25,79.75,296.71,3.49,301.47
2022-10-21,21.5,78.75,296.8,0.25,301.53
2022-10-21,21.5,79.0,294.04,0.0,302.02
2022-10-21,21.5,79.25,297.38,2.17,301.17
2022-10-21,21.5,79.5,298.97,0.0,301.61
2022-10-21,21.5,79.75,296.85,4.54,301.35
2022-10-21,21.75,78.75,294.3,0.0,300.58
2022-10-21,21.75,79.0,301.19,0.0,302.45
2022-10-21,21.75,79.25,296.41,0.0,301.17
2022-10-21,21.75,79.5,294.86,0.94,302.09
2022-10-21,21.75,79.75,296.03,0.0,301.62
2022-10-22,20.75,78.75,297.11,0.0,302.48
2022-10-22,20.75,79.0,293.7,0.0,301.1
2022-10-22,20.75,79.25,296.11,0.35,301.81
2022-10-22,20.75,79.5,295.59,1.29,302.19
2022-10-22,20.75,79.75,296.1,2.91,301.83
2022-10-22,21.0,78.75,296.79,1.37,301.27
2022-10-22,21.0,79.0,294.89,0.76,301.45
2022-10-22,21.0,79.25,296.61,0.0,301.39
2022-10-22,21.0,79.5,293.72,0.83,301.16
2022-10-22,21.0,79.75,293.4,0.0,301.76
2022-10-22,21.25,78.75,295.0,2.4,301.98
2022-10-22,21.25,79.0,297.11,0.0,301.82
2022-10-22,21.25,79.25,296.23,0.84,301.88
2022-10-22,21.25,79.5,296.3,0.0,301.33
2022-10-22,21.25,79.75,296.59,2.37,300.59
2022-10-22,21.5,78.75,298.48,0.0,300.42
2022-10-22,21.5,79.0,298.81,0.0,300.37
2022-10-22,21.5,79.25,296.54,1.4,301.41
2022-10-22,21.5,79.5,299.13,0.0,302.14
2022-10-22,21.5,79.75,298.58,0.0,301.28
2022-10-22,21.75,78.75,295.51,0.0,301.51
2022-10-22,21.75,79.0,295.71,0.0,301.21
2022-10-22,21.75,79.25,297.14,0.0,302.13
2022-10-22,21.75,79.5,296.66,4.4,302.67
2022-10-22,21.75,79.75,293.63,0.0,301.55
2022-10-23,20.75,78.75,294.0,0.55,301.56
2022-10-23,20.75,79.0,295.2,1.23,301.2
2022-10-23,20.75,79.25,296.17,1.81,301.72
2022-10-23,20.75,79.5,296.48,0.0,301.7
2022-10-23,20.75,79.75,293.49,0.64,300.56
2022-10-23,21.0,78.75,294.61,2.66,300.86
2022-10-23,21.0,79.0,296.99,0.0,301.4
2022-10-23,21.0,79.25,295.5,9.56,301.25
2022-10-23,21.0,79.5,295.58,0.0,301.68
2022-10-23,21.0,79.75,294.13,0.8,301.47
2022-10-23,21.25,78.75,295.4,0.0,302.43
2022-10-23,21.25,79.0,298.39,0.0,301.19
2022-10-23,21.25,79.25,296.37,3.73,302.02
2022-10-23,21.25,79.5,293.98,2.08,301.8
2022-10-23,21.25,79.75,295.28,2.85,300.69
2022-10-23,21.5,78.75,296.81,0.0,301.05
2022-10-23,21.5,79.0,297.01,0.0,300.95
2022-10-23,21.5,79.25,296.03,3.6,301.3
2022-10-23,21.5,79.5,297.03,0.0,301.15
2022-10-23,21.5,79.75,295.79,0.9,302.22
2022-10-23,21.75,78.75,296.73,0.0,301.39
2022-10-23,21.75,79.0,299.12,0.03,301.54
2022-10-23,21.75,79.25,293.98,1.73,300.95
2022-10-23,21.75,79.5,296.01,1.8,301.95
2022-10-23,21.75,79.75,297.49,0.6,301.36
2022-10-24,20.75,78.75,296.59,0.0,302.64
2022-10-24,20.75,79.0,294.62,0.0,301.26
2022-10-24,20.75,79.25,295.07,0.0,301.13
2022-10-24,20.75,79.5,294.74,0.0,301.22
2022-10-24,20.75,79.75,296.16,0.91,301.58
2022-10-24,21.0,78.75,297.03,0.0,301.6
2022-10-24,21.0,79.0,298.19,0.0,301.29
2022-10-24,21.0,79.25,294.2,0.58,302.43
2022-10-24,21.0,79.5,296.2,0.0,303.09
2022-10-24,21.0,79.75,294.17,0.0,301.05
2022-10-24,21.25,78.75,296.4,0.0,301.82
2022-10-24,21.25,79.0,298.2,0.0,301.4
2022-10-24,21.25,79.25,292.36,0.76,300.92
2022-10-24,21.25,79.5,292.4,2.36,301.65
2022-10-24,21.25,79.75,294.92,0.0,300.98
2022-10-24,21.5,78.75,295.06,0.86,300.99
2022-10-24,21.5,79.0,296.09,0.5,301.83
2022-10-24,21.5,79.25,295.87,2.36,301.89
2022-10-24,21.5,79.5,295.09,0.0,300.72
2022-10-24,21.5,79.75,298.05,0.0,301.23
2022-10-24,21.75,78.75,295.17,0.22,301.15
2022-10-24,21.75,79.0,297.81,0.0,301.32
2022-10-24,21.75,79.25,293.27,0.0,301.46
2022-10-24,21.75,79.5,296.23,0.0,301.91
2022-10-24,21.75,79.75,297.55,0.95,301.26
2022-10-25,20.75,78.75,294.52,0.04,302.5
2022-10-25,20.75,79.0,294.04,1.71,301.62
2022-10-25,20.75,79.25,296.66,0.66,302.21
2022-10-25,20.75,79.5,295.89,0.0,301.12
2022-10-25,20.75,79.75,296.04,2.04,302.11
2022-10-25,21.0,78.75,293.4,1.23,300.6
2022-10-25,21.0,79.0,295.34,1.04,301.49
2022-10-25,21.0,79.25,294.91,0.0,302.56
2022-10-25,21.0,79.5,296.62,0.0,300.88
2022-10-25,21.0,79.75,296.36,1.28,301.12
2022-10-25,21.25,78.75,296.54,0.0,302.46
2022-10-25,21.25,79.0,293.09,1.32,300.74
2022-10-25,21.25,79.25,295.43,6.03,301.41
2022-10-25,21.25,79.5,299.35,0.0,300.97
2022-10-25,21.25,79.75,299.73,0.0,301.26
2022-10-25,21.5,78.75,298.35,1.6,300.91
2022-10-25,21.5,79.0,296.99,0.0,300.68
2022-10-25,21.5,79.25,294.24,0.0,301.26
2022-10-25,21.5,79.5,296.84,0.0,300.66
2022-10-25,21.5,79.75,295.32,0.0,301.26
2022-10-25,21.75,78.75,297.42,4.01,301.59
2022-10-25,21.75,79.0,296.19,0.42,301.95
2022-10-25,21.75,79.25,297.85,0.0,302.28
2022-10-25,21.75,79.5,297.17,5.53,301.39
2022-10-25,21.75,79.75,297.24,0.0,301.74
2022-10-26,20.75,78.75,298.52,0.87,301.95
2022-10-26,20.75,79.0,297.35,5.44,300.73
2022-10-26,20.75,79.25,297.39,0.0,302.16
2022-10-26,20.75,79.5,295.16,0.0,301.68
2022-10-26,20.75,79.75,292.94,0.0,301.85
2022-10-26,21.0,78.75,293.69,0.0,301.88
2022-10-26,21.0,79.0,298.0,0.0,300.56
2022-10-26,21.0,79.25,295.54,4.3,302.06
2022-10-26,21.0,79.5,296.23,2.77,301.27
2022-10-26,21.0,79.75,293.66,3.32,302.59
2022-10-26,21.25,78.75,295.63,1.3,302.23
2022-10-26,21.25,79.0,294.84,4.14,302.11
2022-10-26,21.25,79.25,297.25,0.0,301.37
2022-10-26,21.25,79.5,297.39,3.1,302.28
2022-10-26,21.25,79.75,294.98,6.03,301.61
2022-10-26,21.5,78.75,297.48,7.14,301.5
2022-10-26,21.5,79.0,295.68,2.1,301.64
2022-10-26,21.5,79.25,295.77,1.0,302.14
2022-10-26,21.5,79.5,297.65,0.0,302.66
2022-10-26,21.5,79.75,294.83,3.09,301.53
2022-10-26,21.75,78.75,295.26,1.66,301.13
2022-10-26,21.75,79.0,297.65,0.0,300.79
2022-10-26,21.75,79.25,294.47,0.32,301.18
2022-10-26,21.75,79.5,295.48,3.45,302.49
2022-10-26,21.75,79.75,297.04,0.0,302.05
2022-10-27,20.75,78.75,297.32,3.18,301.12
2022-10-27,20.75,79.0,294.68,0.0,301.05
2022-10-27,20.75,79.25,296.34,0.0,301.76
2022-10-27,20.75,79.5,295.59,0.0,301.69
2022-10-27,20.75,79.75,294.52,0.0,301.26
2022-10-27,21.0,78.75,297.57,1.51,302.01
2022-10-27,21.0,79.0,297.76,3.09,301.42
2022-10-27,21.0,79.25,294.41,0.0,301.75
2022-10-27,21.0,79.5,295.58,0.48,301.65
2022-10-27,21.0,79.75,297.15,2.82,301.73
2022-10-27,21.25,78.75,293.9,1.09,300.93
2022-10-27,21.25,79.0,293.94,0.0,302.79
2022-10-27,21.25,79.25,295.74,1.28,301.52
2022-10-27,21.25,79.5,297.5,0.0,300.85
2022-10-27,21.25,79.75,296.93,0.0,301.04
2022-10-27,21.5,78.75,297.82,2.27,301.41
2022-10-27,21.5,79.0,294.88,3.13,302.33
2022-10-27,21.5,79.25,297.1,0.0,301.58
2022-10-27,21.5,79.5,297.17,2.39,301.5
2022-10-27,21.5,79.75,297.62,0.0,301.8
2022-10-27,21.75,78.75,295.26,3.38,301.75
2022-10-27,21.75,79.0,296.39,0.0,302.12
2022-10-27,21.75,79.25,297.56,0.65,301.88
2022-10-27,21.75,79.5,295.59,0.0,301.81
2022-10-27,21.75,79.75,296.52,0.47,300.98
2022-10-28,20.75,78.75,295.08,0.0,301.29
2022-10-28,20.75,79.0,293.69,0.0,300.88
2022-10-28,20.75,79.25,295.39,0.74,300.73
2022-10-28,20.75,79.5,297.08,0.0,301.52
2022-10-28,20.75,79.75,293.51,1.08,301.64
2022-10-28,21.0,78.75,299.25,0.0,300.43
2022-10-28,21.0,79.0,298.95,0.0,301.05
2022-10-28,21.0,79.25,294.6,0.0,301.5
2022-10-28,21.0,79.5,293.55,0.87,301.01
2022-10-28,21.0,79.75,296.75,1.74,301.08
2022-10-28,21.25,78.75,296.87,0.0,301.39
2022-10-28,21.25,79.0,295.19,0.0,301.31
2022-10-28,21.25,79.25,296.92,0.0,302.83
2022-10-28,21.25,79.5,297.14,0.9,301.74
2022-10-28,21.25,79.75,294.38,2.19,301.51
2022-10-28,21.5,78.75,297.69,0.0,302.1
2022-10-28,21.5,79.0,295.93,0.0,301.91
2022-10-28,21.5,79.25,296.08,0.0,301.66
2022-10-28,21.5,79.5,293.58,0.38,301.79
2022-10-28,21.5,79.75,298.45,0.51,302.02
2022-10-28,21.75,78.75,293.79,0.0,302.05
2022-10-28,21.75,79.0,296.55,0.0,301.39
2022-10-28,21.75,79.25,296.13,2.75,300.82
2022-10-28,21.75,79.5,296.62,0.0,302.12
2022-10-28,21.75,79.75,294.43,0.0,301.91
2022-10-29,20.75,78.75,296.11,0.0,302.0
2022-10-29,20.75,79.0,295.89,0.0,301.33
2022-10-29,20.75,79.25,295.51,0.0,302.29
2022-10-29,20.75,79.5,299.87,1.8,301.05
2022-10-29,20.75,79.75,295.48,5.39,301.79
2022-10-29,21.0,78.75,298.33,0.46,300.39
2022-10-29,21.0,79.0,295.81,4.06,302.05
2022-10-29,21.0,79.25,295.28,0.0,301.04
2022-10-29,21.0,79.5,299.04,0.0,302.47
2022-10-29,21.0,79.75,295.79,1.4,302.2
2022-10-29,21.25,78.75,297.14,1.12,301.3
2022-10-29,21.25,79.0,296.54,0.0,301.71
2022-10-29,21.25,79.25,298.1,0.0,301.04
2022-10-29,21.25,79.5,295.3,0.0,300.89
2022-10-29,21.25,79.75,294.59,0.0,301.94
2022-10-29,21.5,78.75,298.88,0.0,302.14
2022-10-29,21.5,79.0,294.22,0.0,301.51
2022-10-29,21.5,79.25,297.07,0.0,301.1
2022-10-29,21.5,79.5,295.16,0.0,301.85
2022-10-29,21.5,79.75,295.8,0.0,301.67
2022-10-29,21.75,78.75,297.24,0.0,300.11
2022-10-29,21.75,79.0,297.33,0.15,301.91
2022-10-29,21.75,79.25,298.36,0.0,301.8
2022-10-29,21.75,79.5,294.9,0.0,301.62
2022-10-29,21.75,79.75,295.44,1.45,302.36
2022-10-30,20.75,78.75,294.45,0.35,301.49
2022-10-30,20.75,79.0,295.49,0.0,301.75
2022-10-30,20.75,79.25,294.02,0.48,301.68
2022-10-30,20.75,79.5,292.3,0.0,301.74
2022-10-30,20.75,79.75,295.9,3.64,301.38
2022-10-30,21.0,78.75,294.26,0.0,301.53
2022-10-30,21.0,79.0,297.32,3.12,302.26
2022-10-30,21.0,79.25,294.61,0.0,301.76
2022-10-30,21.0,79.5,294.88,1.31,302.03
2022-10-30,21.0,79.75,297.93,0.0,302.01
2022-10-30,21.25,78.75,297.43,0.0,302.47
2022-10-30,21.25,79.0,297.73,3.43,301.36
2022-10-30,21.25,79.25,294.74,4.52,302.7
2022-10-30,21.25,79.5,295.92,0.0,302.24
2022-10-30,21.25,79.75,295.29,0.0,301.74
2022-10-30,21.5,78.75,295.29,1.33,301.83
2022-10-30,21.5,79.0,294.98,0.0,301.93
2022-10-30,21.5,79.25,297.14,0.0,301.65
2022-10-30,21.5,79.5,294.75,1.17,301.76
2022-10-30,21.5,79.75,297.94,0.0,302.38
2022-10-30,21.75,78.75,297.53,0.0,301.46
2022-10-30,21.75,79.0,295.18,1.69,301.68
2022-10-30,21.75,79.25,293.95,0.0,301.97
2022-10-30,21.75,79.5,296.1,0.0,301.31
2022-10-30,21.75,79.75,297.42,0.0,301.53
2022-10-31,20.75,78.75,294.11,0.0,301.17
2022-10-31,20.75,79.0,293.87,0.0,301.56
2022-10-31,20.75,79.25,297.37,0.0,300.17
2022-10-31,20.75,79.5,293.26,0.0,302.0
2022-10-31,20.75,79.75,297.05,3.47,301.44
2022-10-31,21.0,78.75,296.9,0.11,302.01
2022-10-31,21.0,79.0,296.11,0.0,301.8
2022-10-31,21.0,79.25,297.06,0.0,301.16
2022-10-31,21.0,79.5,293.24,1.66,302.21
2022-10-31,21.0,79.75,297.81,2.27,302.06
2022-10-31,21.25,78.75,296.86,0.0,300.97
2022-10-31,21.25,79.0,296.04,0.0,301.26
2022-10-31,21.25,79.25,297.06,1.68,301.57
2022-10-31,21.25,79.5,295.36,0.0,302.25
2022-10-31,21.25,79.75,297.65,1.28,301.76
2022-10-31,21.5,78.75,296.15,0.0,302.0
2022-10-31,21.5,79.0,296.88,0.0,302.17
2022-10-31,21.5,79.25,295.14,8.01,301.66
2022-10-31,21.5,79.5,296.7,0.98,301.68
2022-10-31,21.5,79.75,295.28,1.43,302.07
2022-10-31,21.75,78.75,298.86,2.72,301.72
2022-10-31,21.75,79.0,296.07,2.27,301.47
2022-10-31,21.75,79.25,293.04,0.0,301.11
2022-10-31,21.75,79.5,298.63,0.93,301.42
2022-10-31,21.75,79.75,294.74,0.87,301.71
2022-11-01,20.75,78.75,295.92,1.09,301.09
2022-11-01,20.75,79.0,294.89,1.57,301.55
2022-11-01,20.75,79.25,293.93,2.87,301.72
2022-11-01,20.75,79.5,294.04,0.0,300.64
2022-11-01,20.75,79.75,295.58,0.59,301.69
2022-11-01,21.0,78.75,296.2,2.6,301.21
2022-11-01,21.0,79.0,295.56,0.0,301.36
2022-11-01,21.0,79.25,296.09,3.77,301.77
2022-11-01,21.0,79.5,295.73,0.0,301.6
2022-11-01,21.0,79.75,294.05,0.0,301.35
2022-11-01,21.25,78.75,294.93,0.0,301.69
2022-11-01,21.25,79.0,295.56,1.42,302.11
2022-11-01,21.25,79.25,294.33,0.0,301.7
2022-11-01,21.25,79.5,296.54,1.36,301.78
2022-11-01,21.25,79.75,297.17,0.77,301.2
2022-11-01,21.5,78.75,294.63,0.0,301.21
2022-11-01,21.5,79.0,295.73,1.96,301.39
2022-11-01,21.5,79.25,294.5,0.0,301.59
2022-11-01,21.5,79.5,293.42,0.5,302.63
2022-11-01,21.5,79.75,294.22,0.0,301.8
2022-11-01,21.75,78.75,296.39,0.0,300.93
2022-11-01,21.75,79.0,295.47,0.0,300.88
2022-11-01,21.75,79.25,293.7,0.0,301.66
2022-11-01,21.75,79.5,295.33,2.79,301.1
2022-11-01,21.75,79.75,298.15,0.0,301.78
2022-11-02,20.75,78.75,297.53,0.0,301.66
2022-11-02,20.75,79.0,293.52,2.27,301.31
2022-11-02,20.75,79.25,290.46,2.19,301.51
2022-11-02,20.75,79.5,293.72,0.24,302.63
2022-11-02,20.75,79.75,296.64,1.11,301.19
2022-11-02,21.0,78.75,294.33,0.31,301.3
2022-11-02,21.0,79.0,294.7,0.0,301.38
2022-11-02,21.0,79.25,293.05,0.0,302.51
2022-11-02,21.0,79.5,293.28,0.0,300.51
2022-11-02,21.0,79.75,295.82,9.91,302.12
2022-11-02,21.25,78.75,296.09,3.47,301.1
2022-11-02,21.25,79.0,298.22,0.68,301.52
2022-11-02,21.25,79.25,295.43,1.35,301.48
2022-11-02,21.25,79.5,295.12,0.0,301.21
2022-11-02,21.25,79.75,295.29,0.0,301.45
2022-11-02,21.5,78.75,296.65,0.0,302.01
2022-11-02,21.5,79.0,294.98,0.08,300.77
2022-11-02,21.5,79.25,293.08,1.24,300.83
2022-11-02,21.5,79.5,292.99,1.47,302.16
2022-11-02,21.5,79.75,295.01,0.0,301.27
2022-11-02,21.75,78.75,294.98,0.23,300.87
2022-11-02,21.75,79.0,295.26,1.33,302.02
2022-11-02,21.75,79.25,294.29,0.07,301.6
2022-11-02,21.75,79.5,295.56,0.0,301.33
2022-11-02,21.75,79.75,295.19,0.0,301.99
2022-11-03,20.75,78.75,295.94,0.0,301.43
2022-11-03,20.75,79.0,295.08,0.0,301.24
2022-11-03,20.75,79.25,293.94,0.83,302.46
2022-11-03,20.75,79.5,294.11,2.51,301.18
2022-11-03,20.75,79.75,297.3,0.62,302.66
2022-11-03,21.0,78.75,296.98,0.0,302.01
2022-11-03,21.0,79.0,295.53,2.17,302.12
2022-11-03,21.0,79.25,295.42,0.28,302.24
2022-11-03,21.0,79.5,293.84,0.0,301.56
2022-11-03,21.0,79.75,295.37,0.0,301.4
2022-11-03,21.25,78.75,295.42,0.0,301.34
2022-11-03,21.25,79.0,294.58,0.0,301.48
2022-11-03,21.25,79.25,294.53,0.0,301.9
2022-11-03,21.25,79.5,294.22,4.59,301.22
2022-11-03,21.25,79.75,295.07,0.38,301.6
2022-11-03,21.5,78.75,296.85,0.0,301.86
2022-11-03,21.5,79.0,295.57,0.0,301.8
2022-11-03,21.5,79.25,295.74,4.67,301.35
2022-11-03,21.5,79.5,295.1,0.47,301.24
2022-11-03,21.5,79.75,297.94,0.0,301.89
2022-11-03,21.75,78.75,294.65,0.0,301.81
2022-11-03,21.75,79.0,294.65,0.0,302.66
2022-11-03,21.75,79.25,294.52,0.39,301.75
2022-11-03,21.75,79.5,296.04,0.0,301.73
2022-11-03,21.75,79.75,295.37,6.79,301.61
2022-11-04,20.75,78.75,292.92,0.0,301.07
2022-11-04,20.75,79.0,295.34,3.24,301.87
2022-11-04,20.75,79.25,296.8,0.37,301.83
2022-11-04,20.75,79.5,297.34,5.1,301.42
2022-11-04,20.75,79.75,295.2,0.0,301.16
2022-11-04,21.0,78.75,294.64,0.14,301.68
2022-11-04,21.0,79.0,295.54,0.0,301.43
2022-11-04,21.0,79.25,295.33,0.0,301.16
2022-11-04,21.0,79.5,293.22,2.23,301.24
2022-11-04,21.0,79.75,297.02,0.84,301.76
2022-11-04,21.25,78.75,297.53,2.3,301.7
2022-11-04,21.25,79.0,296.93,0.0,301.79
2022-11-04,21.25,79.25,295.33,1.93,300.66
2022-11-04,21.25,79.5,294.77,0.42,302.19
2022-11-04,21.25,79.75,296.32,3.93,301.43
2022-11-04,21.5,78.75,294.42,2.61,301.08
2022-11-04,21.5,79.0,294.23,1.39,301.86
2022-11-04,21.5,79.25,294.42,0.0,301.4
2022-11-04,21.5,79.5,296.71,1.3,302.1
2022-11-04,21.5,79.75,296.11,5.56,301.25
2022-11-04,21.75,78.75,293.57,0.0,300.67
2022-11-04,21.75,79.0,295.34,2.52,302.3
2022-11-04,21.75,79.25,296.81,0.0,302.67
2022-11-04,21.75,79.5,293.0,4.3,301.79
2022-11-04,21.75,79.75,294.43,8.73,302.08
2022-11-05,20.75,78.75,296.79,0.76,301.76
2022-11-05,20.75,79.0,295.21,0.0,302.06
2022-11-05,20.75,79.25,296.92,0.0,301.33
2022-11-05,20.75,79.5,297.03,0.0,301.19
2022-11-05,20.75,79.75,292.92,5.37,301.74
2022-11-05,21.0,78.75,294.26,0.0,301.6
2022-11-05,21.0,79.0,296.37,3.33,300.91
2022-11-05,21.0,79.25,294.46,0.0,301.16
2022-11-05,21.0,79.5,295.9,0.92,301.07
2022-11-05,21.0,79.75,295.3,0.0,300.88
2022-11-05,21.25,78.75,294.27,4.78,301.12
2022-11-05,21.25,79.0,296.25,0.0,301.67
2022-11-05,21.25,79.25,295.62,1.64,301.6
2022-11-05,21.25,79.5,295.21,1.27,301.43
2022-11-05,21.25,79.75,295.26,0.0,302.06
2022-11-05,21.5,78.75,296.22,0.19,301.72
2022-11-05,21.5,79.0,295.27,6.35,301.43
2022-11-05,21.5,79.25,294.1,0.95,302.28
2022-11-05,21.5,79.5,295.4,0.88,301.43
2022-11-05,21.5,79.75,294.75,2.52,301.72
2022-11-05,21.75,78.75,294.22,8.45,302.17
2022-11-05,21.75,79.0,294.44,2.59,301.72
2022-11-05,21.75,79.25,295.96,0.0,302.69
2022-11-05,21.75,79.5,294.01,0.0,302.03
2022-11-05,21.75,79.75,292.5,0.0,302.22
2022-11-06,20.75,78.75,293.67,0.0,301.65
2022-11-06,20.75,79.0,296.38,0.0,302.14
2022-11-06,20.75,79.25,296.49,0.0,301.43
2022-11-06,20.75,79.5,295.51,0.16,301.44
2022-11-06,20.75,79.75,293.33,0.07,302.11
2022-11-06,21.0,78.75,296.75,0.76,301.91
2022-11-06,21.0,79.0,290.48,0.0,301.98
2022-11-06,21.0,79.25,294.58,0.0,301.4
2022-11-06,21.0,79.5,294.92,0.25,301.06
2022-11-06,21.0,79.75,297.89,4.66,300.92
2022-11-06,21.25,78.75,293.58,0.0,302.51
2022-11-06,21.25,79.0,296.42,0.0,301.52
2022-11-06,21.25,79.25,293.24,0.04,301.58
2022-11-06,21.25,79.5,295.01,0.0,301.27
2022-11-06,21.25,79.75,294.03,1.37,302.22
2022-11-06,21.5,78.75,295.66,0.02,301.65
2022-11-06,21.5,79.0,294.44,0.0,301.7
2022-11-06,21.5,79.25,294.71,0.0,302.48
2022-11-06,21.5,79.5,296.12,0.54,301.61
2022-11-06,21.5,79.75,296.75,0.0,301.55
2022-11-06,21.75,78.75,294.06,0.0,302.46
2022-11-06,21.75,79.0,294.2,0.04,301.88
2022-11-06,21.75,79.25,294.06,0.0,301.68
2022-11-06,21.75,79.5,296.99,0.0,301.8
2022-11-06,21.75,79.75,295.43,1.11,301.32
2022-11-07,20.75,78.75,294.0,3.32,302.53
2022-11-07,20.75,79.0,294.56,0.0,302.07
2022-11-07,20.75,79.25,296.6,0.88,302.29
2022-11-07,20.75,79.5,292.76,4.6,302.05
2022-11-07,20.75,79.75,292.32,0.0,302.23
2022-11-07,21.0,78.75,293.07,2.12,301.61
2022-11-07,21.0,79.0,295.01,0.07,301.35
2022-11-07,21.0,79.25,294.79,0.29,301.0
2022-11-07,21.0,79.5,297.6,0.0,302.35
2022-11-07,21.0,79.75,293.36,0.57,302.56
2022-11-07,21.25,78.75,297.15,5.27,301.33
2022-11-07,21.25,79.0,294.23,0.0,302.12
2022-11-07,21.25,79.25,294.06,0.0,301.6
2022-11-07,21.25,79.5,293.49,0.59,301.87
2022-11-07,21.25,79.75,292.02,2.72,301.46
2022-11-07,21.5,78.75,293.39,1.1,302.32
2022-11-07,21.5,79.0,293.67,0.0,302.23
2022-11-07,21.5,79.25,295.23,0.98,302.98
2022-11-07,21.5,79.5,295.21,0.36,302.38
2022-11-07,21.5,79.75,296.35,2.44,302.08
2022-11-07,21.75,78.75,294.54,1.77,302.5
2022-11-07,21.75,79.0,297.15,0.0,301.88
2022-11-07,21.75,79.25,293.06,2.18,301.95
2022-11-07,21.75,79.5,296.63,2.58,301.81
2022-11-07,21.75,79.75,294.77,2.05,301.17
2022-11-08,20.75,78.75,293.92,0.0,302.07
2022-11-08,20.75,79.0,295.75,0.0,301.65
2022-11-08,20.75,79.25,295.47,0.0,301.75
2022-11-08,20.75,79.5,296.33,0.0,302.17
2022-11-08,20.75,79.75,296.24,0.0,302.38
2022-11-08,21.0,78.75,292.45,0.0,301.98
2022-11-08,21.0,79.0,294.53,0.02,301.94
2022-11-08,21.0,79.25,294.42,0.0,301.38
2022-11-08,21.0,79.5,295.33,0.0,301.33
2022-11-08,21.0,79.75,293.72,4.09,302.51
2022-11-08,21.25,78.75,296.57,3.43,302.51
2022-11-08,21.25,79.0,292.92,1.36,303.13
2022-11-08,21.25,79.25,292.22,0.18,301.86
2022-11-08,21.25,79.5,295.25,5.35,302.79
2022-11-08,21.25,79.75,296.19,0.0,301.3
2022-11-08,21.5,78.75,294.26,1.15,301.65
2022-11-08,21.5,79.0,295.89,0.0,301.24
2022-11-08,21.5,79.25,295.21,2.25,302.18
2022-11-08,21.5,79.5,291.96,2.27,301.58
2022-11-08,21.5,79.75,296.86,0.0,301.67
2022-11-08,21.75,78.75,295.93,0.0,302.05
2022-11-08,21.75,79.0,293.17,0.0,301.87
2022-11-08,21.75,79.25,294.47,0.85,302.26
2022-11-08,21.75,79.5,295.75,1.98,301.23
2022-11-08,21.75,79.75,297.18,0.14,302.28
2022-11-09,20.75,78.75,299.61,0.85,301.7
2022-11-09,20.75,79.0,293.33,0.0,301.33
2022-11-09,20.75,79.25,297.57,2.38,302.1
2022-11-09,20.75,79.5,294.55,0.0,300.99
2022-11-09,20.75,79.75,296.07,0.0,301.51
2022-11-09,21.0,78.75,297.51,0.37,301.96
2022-11-09,21.0,79.0,294.4,0.0,301.13
2022-11-09,21.0,79.25,295.89,0.0,301.78
2022-11-09,21.0,79.5,296.2,0.0,301.28
2022-11-09,21.0,79.75,294.3,4.16,302.91
2022-11-09,21.25,78.75,292.87,0.0,301.84
2022-11-09,21.25,79.0,294.56,0.0,301.73
2022-11-09,21.25,79.25,294.91,5.7,301.11
2022-11-09,21.25,79.5,293.78,2.65,301.48
2022-11-09,21.25,79.75,299.47,2.57,301.58
2022-11-09,21.5,78.75,293.34,6.11,301.82
2022-11-09,21.5,79.0,294.51,3.76,302.06
2022-11-09,21.5,79.25,295.47,0.0,302.49
2022-11-09,21.5,79.5,297.21,0.0,300.84
2022-11-09,21.5,79.75,293.76,0.0,301.74
2022-11-09,21.75,78.75,297.78,0.0,302.32
2022-11-09,21.75,79.0,295.75,5.3,300.57
2022-11-09,21.75,79.25,296.54,0.0,301.64
2022-11-09,21.75,79.5,294.88,0.0,301.99
2022-11-09,21.75,79.75,298.49,0.0,302.41
2022-11-10,20.75,78.75,290.95,1.85,301.92
2022-11-10,20.75,79.0,296.79,0.45,301.86
2022-11-10,20.75,79.25,296.17,5.16,301.89
2022-11-10,20.75,79.5,294.58,2.36,301.73
2022-11-10,20.75,79.75,293.01,0.0,301.37
2022-11-10,21.0,78.75,295.28,0.5,301.25
2022-11-10,21.0,79.0,293.7,0.1,301.97
2022-11-10,21.0,79.25,295.09,0.74,302.01
2022-11-10,21.0,79.5,296.0,0.86,301.94
2022-11-10,21.0,79.75,295.76,0.0,301.94
2022-11-10,21.25,78.75,295.18,0.4,301.7
2022-11-10,21.25,79.0,296.26,0.0,301.74
2022-11-10,21.25,79.25,296.1,0.0,301.82
2022-11-10,21.25,79.5,294.04,0.53,301.46
2022-11-10,21.25,79.75,294.9,2.43,302.38
2022-11-10,21.5,78.75,296.46,0.23,301.71
2022-11-10,21.5,79.0,296.16,1.66,302.38
2022-11-10,21.5,79.25,295.32,0.98,302.0
2022-11-10,21.5,79.5,294.18,0.0,301.63
2022-11-10,21.5,79.75,294.59,2.92,301.71
2022-11-10,21.75,78.75,295.76,1.8,301.16
2022-11-10,21.75,79.0,292.92,3.72,301.89
2022-11-10,21.75,79.25,293.75,0.0,301.93
2022-11-10,21.75,79.5,294.06,0.74,302.36
2022-11-10,21.75,79.75,296.85,0.0,302.27
2022-11-11,20.75,78.75,293.13,0.0,301.43
2022-11-11,20.75,79.0,296.06,0.15,302.05
2022-11-11,20.75,79.25,293.87,6.14,302.34
2022-11-11,20.75,79.5,292.11,0.31,302.22
2022-11-11,20.75,79.75,293.77,3.5,301.57
2022-11-11,21.0,78.75,292.08,0.0,301.54
2022-11-11,21.0,79.0,293.81,0.0,301.95
2022-11-11,21.0,79.25,290.7,0.61,302.45
2022-11-11,21.0,79.5,292.71,0.44,301.94
2022-11-11,21.0,79.75,293.93,0.4,301.74
2022-11-11,21.25,78.75,294.24,0.0,301.05
2022-11-11,21.25,79.0,292.38,0.0,300.32
2022-11-11,21.25,79.25,295.69,0.53,302.02
2022-11-11,21.25,79.5,296.68,0.0,301.92
2022-11-11,21.25,79.75,296.62,0.0,301.63
2022-11-11,21.5,78.75,296.34,0.9,302.05
2022-11-11,21.5,79.0,295.51,0.0,301.94
2022-11-11,21.5,79.25,295.18,1.75,301.55
2022-11-11,21.5,79.5,295.07,3.74,301.96
2022-11-11,21.5,79.75,294.39,0.0,301.31
2022-11-11,21.75,78.75,294.59,0.0,301.79
2022-11-11,21.75,79.0,295.56,0.12,301.91
2022-11-11,21.75,79.25,293.53,5.95,302.19
2022-11-11,21.75,79.5,293.04,0.0,301.29
2022-11-11,21.75,79.75,298.18,1.73,300.87
2022-11-12,20.75,78.75,292.29,0.0,302.01
2022-11-12,20.75,79.0,293.56,2.41,302.14
2022-11-12,20.75,79.25,294.97,0.0,302.26
2022-11-12,20.75,79.5,296.65,0.01,301.6
2022-11-12,20.75,79.75,292.79,3.44,301.95
2022-11-12,21.0,78.75,295.05,0.31,302.35
2022-11-12,21.0,79.0,294.35,0.0,302.44
2022-11-12,21.0,79.25,294.97,7.61,302.29
2022-11-12,21.0,79.5,294.2,0.0,301.9
2022-11-12,21.0,79.75,293.56,2.59,301.25
2022-11-12,21.25,78.75,295.51,1.38,302.07
2022-11-12,21.25,79.0,296.0,0.0,301.66
2022-11-12,21.25,79.25,292.52,0.21,301.79
2022-11-12,21.25,79.5,294.33,2.93,301.94
2022-11-12,21.25,79.75,294.83,0.0,301.48
2022-11-12,21.5,78.75,294.95,0.0,301.65
2022-11-12,21.5,79.0,293.66,0.0,301.62
2022-11-12,21.5,79.25,293.52,0.0,302.16
2022-11-12,21.5,79.5,295.67,0.0,301.1
2022-11-12,21.5,79.75,292.49,2.44,301.42
2022-11-12,21.75,78.75,293.75,0.0,301.91
2022-11-12,21.75,79.0,296.59,0.29,301.69
2022-11-12,21.75,79.25,294.12,3.33,300.87
2022-11-12,21.75,79.5,292.91,0.0,301.6
2022-11-12,21.75,79.75,292.97,0.36,302.98
2022-11-13,20.75,78.75,292.94,0.0,301.37
2022-11-13,20.75,79.0,293.22,0.0,302.2
2022-11-13,20.75,79.25,294.1,0.0,302.18
2022-11-13,20.75,79.5,294.78,2.13,301.56
2022-11-13,20.75,79.75,294.51,0.0,302.09
2022-11-13,21.0,78.75,295.74,0.0,301.68
2022-11-13,21.0,79.0,295.55,1.58,301.59
2022-11-13,21.0,79.25,294.03,0.53,301.97
2022-11-13,21.0,79.5,291.78,1.8,301.95
2022-11-13,21.0,79.75,293.12,0.0,301.58
2022-11-13,21.25,78.75,293.71,0.0,302.01
2022-11-13,21.25,79.0,297.78,0.0,300.58
2022-11-13,21.25,79.25,293.8,0.0,302.37
2022-11-13,21.25,79.5,295.37,3.76,302.28
2022-11-13,21.25,79.75,292.81,2.36,301.85
2022-11-13,21.5,78.75,291.73,0.0,301.99
2022-11-13,21.5,79.0,292.8,1.1,301.89
2022-11-13,21.5,79.25,294.86,0.0,301.82
2022-11-13,21.5,79.5,292.49,1.34,302.23
2022-11-13,21.5,79.75,292.8,0.0,301.55
2022-11-13,21.75,78.75,293.22,0.0,302.34
2022-11-13,21.75,79.0,297.21,3.2,302.3
2022-11-13,21.75,79.25,294.5,0.0,302.09
2022-11-13,21.75,79.5,293.86,1.32,301.91
2022-11-13,21.75,79.75,294.16,0.87,301.63
2022-11-14,20.75,78.75,296.03,0.0,302.51
2022-11-14,20.75,79.0,296.0,1.91,302.64
2022-11-14,20.75,79.25,293.33,2.59,302.04
2022-11-14,20.75,79.5,292.74,0.0,301.42
2022-11-14,20.75,79.75,296.33,3.43,301.72
2022-11-14,21.0,78.75,297.7,0.7,301.24
2022-11-14,21.0,79.0,295.08,0.81,301.38
2022-11-14,21.0,79.25,294.03,3.02,301.46
2022-11-14,21.0,79.5,294.06,0.0,302.67
2022-11-14,21.0,79.75,294.75,0.0,302.14
2022-11-14,21.25,78.75,294.33,2.67,301.3
2022-11-14,21.25,79.0,294.42,0.0,302.42
2022-11-14,21.25,79.25,292.78,0.0,302.12
2022-11-14,21.25,79.5,294.48,0.0,301.51
2022-11-14,21.25,79.75,296.73,0.05,302.39
2022-11-14,21.5,78.75,294.92,0.74,301.85
2022-11-14,21.5,79.0,293.86,0.26,302.19
2022-11-14,21.5,79.25,294.74,0.0,301.41
2022-11-14,21.5,79.5,295.52,5.76,301.13
2022-11-14,21.5,79.75,294.11,0.0,301.14
2022-11-14,21.75,78.75,294.61,0.0,301.88
2022-11-14,21.75,79.0,292.65,3.13,302.03
2022-11-14,21.75,79.25,292.72,0.0,302.46
2022-11-14,21.75,79.5,296.06,0.0,302.56
2022-11-14,21.75,79.75,294.7,0.0,302.2
2022-11-15,20.75,78.75,295.01,3.29,301.79
2022-11-15,20.75,79.0,294.18,0.0,301.33
2022-11-15,20.75,79.25,294.89,0.37,301.53
2022-11-15,20.75,79.5,296.32,1.84,302.07
2022-11-15,20.75,79.75,295.22,0.68,302.25
2022-11-15,21.0,78.75,295.82,0.0,302.87
2022-11-15,21.0,79.0,293.19,0.0,302.23
2022-11-15,21.0,79.25,293.06,0.0,301.58
2022-11-15,21.0,79.5,294.33,0.0,302.42
2022-11-15,21.0,79.75,295.49,1.05,302.2
2022-11-15,21.25,78.75,294.98,0.0,301.58
2022-11-15,21.25,79.0,296.24,0.0,302.17
2022-11-15,21.25,79.25,290.77,1.96,301.99
2022-11-15,21.25,79.5,295.92,0.0,302.42
2022-11-15,21.25,79.75,293.67,0.0,300.69
2022-11-15,21.5,78.75,294.47,3.94,301.88
2022-11-15,21.5,79.0,291.62,0.96,301.51
2022-11-15,21.5,79.25,297.32,2.83,302.43
2022-11-15,21.5,79.5,295.25,0.51,300.9
2022-11-15,21.5,79.75,293.78,3.41,301.19
2022-11-15,21.75,78.75,294.53,0.0,301.37
2022-11-15,21.75,79.0,294.37,2.35,301.29
2022-11-15,21.75,79.25,295.56,1.88,301.61
2022-11-15,21.75,79.5,294.31,0.0,301.47
2022-11-15,21.75,79.75,292.78,0.0,301.37
2022-11-16,20.75,78.75,293.42,0.0,300.8
2022-11-16,20.75,79.0,296.77,0.0,301.42
2022-11-16,20.75,79.25,295.34,2.01,302.98
2022-11-16,20.75,79.5,295.72,3.03,302.25
2022-11-16,20.75,79.75,294.18,0.0,301.12
2022-11-16,21.0,78.75,295.06,0.0,301.65
2022-11-16,21.0,79.0,292.16,3.34,301.24
2022-11-16,21.0,79.25,294.95,0.0,301.62
2022-11-16,21.0,79.5,296.6,0.24,301.89
2022-11-16,21.0,79.75,295.47,4.85,302.04
2022-11-16,21.25,78.75,292.17,1.18,301.0
2022-11-16,21.25,79.0,294.65,0.0,302.02
2022-11-16,21.25,79.25,293.81,0.0,301.94
2022-11-16,21.25,79.5,294.39,3.59,300.78
2022-11-16,21.25,79.75,291.51,2.24,301.48
2022-11-16,21.5,78.75,295.23,0.04,301.33
2022-11-16,21.5,79.0,296.5,0.0,301.94
2022-11-16,21.5,79.25,294.64,0.0,301.38
2022-11-16,21.5,79.5,292.55,0.0,302.18
2022-11-16,21.5,79.75,294.39,0.0,300.82
2022-11-16,21.75,78.75,292.22,0.0,301.78
2022-11-16,21.75,79.0,296.36,0.0,301.27
2022-11-16,21.75,79.25,294.57,0.0,301.95
2022-11-16,21.75,79.5,294.46,0.0,301.97
2022-11-16,21.75,79.75,292.42,0.0,302.97
2022-11-17,20.75,78.75,293.32,1.05,302.77
2022-11-17,20.75,79.0,295.63,0.58,302.0
2022-11-17,20.75,79.25,294.55,0.0,301.15
2022-11-17,20.75,79.5,293.83,0.0,301.28
2022-11-17,20.75,79.75,295.3,0.0,301.94
2022-11-17,21.0,78.75,294.52,0.0,302.9
2022-11-17,21.0,79.0,295.75,2.59,301.77
2022-11-17,21.0,79.25,294.67,0.0,301.32
2022-11-17,21.0,79.5,293.26,0.0,300.82
2022-11-17,21.0,79.75,293.25,0.0,302.43
2022-11-17,21.25,78.75,293.62,0.0,302.31
2022-11-17,21.25,79.0,292.65,0.0,301.82
2022-11-17,21.25,79.25,293.27,6.93,301.78
2022-11-17,21.25,79.5,298.06,0.0,302.04
2022-11-17,21.25,79.75,293.41,0.0,301.54
2022-11-17,21.5,78.75,291.74,0.0,302.18
2022-11-17,21.5,79.0,295.54,5.31,302.29
2022-11-17,21.5,79.25,293.87,0.0,301.67
2022-11-17,21.5,79.5,294.3,2.36,301.29
2022-11-17,21.5,79.75,296.59,0.0,302.55
2022-11-17,21.75,78.75,293.96,0.0,301.49
2022-11-17,21.75,79.0,294.58,0.0,301.52
2022-11-17,21.75,79.25,293.46,4.71,302.05
2022-11-17,21.75,79.5,294.39,5.41,301.85
2022-11-17,21.75,79.75,292.29,0.0,302.4
2022-11-18,20.75,78.75,293.35,0.0,302.23
2022-11-18,20.75,79.0,293.45,0.0,301.83
2022-11-18,20.75,79.25,295.21,0.04,302.29
2022-11-18,20.75,79.5,291.13,0.0,301.56
2022-11-18,20.75,79.75,294.12,0.0,302.09
2022-11-18,21.0,78.75,291.09,0.0,302.43
2022-11-18,21.0,79.0,295.04,0.0,301.73
2022-11-18,21.0,79.25,292.5,2.2,302.18
2022-11-18,21.0,79.5,293.88,0.09,302.54
2022-11-18,21.0,79.75,297.32,0.01,302.06
2022-11-18,21.25,78.75,294.14,0.54,301.68
2022-11-18,21.25,79.0,293.76,0.41,301.86
2022-11-18,21.25,79.25,292.58,0.18,302.06
2022-11-18,21.25,79.5,294.05,1.68,302.25
2022-11-18,21.25,79.75,294.4,0.0,301.98
2022-11-18,21.5,78.75,293.91,1.22,302.05
2022-11-18,21.5,79.0,295.61,0.0,301.2
2022-11-18,21.5,79.25,292.46,3.7,302.08
2022-11-18,21.5,79.5,295.49,3.93,301.82
2022-11-18,21.5,79.75,296.73,0.56,301.18
2022-11-18,21.75,78.75,293.33,0.75,301.65
2022-11-18,21.75,79.0,294.98,0.0,302.43
2022-11-18,21.75,79.25,295.59,0.87,302.5
2022-11-18,21.75,79.5,295.5,0.0,301.71
2022-11-18,21.75,79.75,294.21,2.32,300.93
2022-11-19,20.75,78.75,293.15,0.0,302.55
2022-11-19,20.75,79.0,294.2,0.0,301.3
2022-11-19,20.75,79.25,295.09,1.41,302.16
2022-11-19,20.75,79.5,295.82,2.18,301.79
2022-11-19,20.75,79.75,294.03,2.31,302.08
2022-11-19,21.0,78.75,292.02,0.0,301.49
2022-11-19,21.0,79.0,293.11,0.0,301.9
2022-11-19,21.0,79.25,292.98,0.0,301.78
2022-11-19,21.0,79.5,292.8,0.0,302.5
2022-11-19,21.0,79.75,293.14,0.0,301.53
2022-11-19,21.25,78.75,294.73,0.0,301.88
2022-11-19,21.25,79.0,293.41,0.0,302.18
2022-11-19,21.25,79.25,293.53,0.68,302.56
2022-11-19,21.25,79.5,292.73,5.88,301.59
2022-11-19,21.25,79.75,292.77,0.0,301.51
2022-11-19,21.5,78.75,296.61,0.0,302.01
2022-11-19,21.5,79.0,292.23,0.0,301.97
2022-11-19,21.5,79.25,294.9,0.0,301.6
2022-11-19,21.5,79.5,296.53,0.0,302.25
2022-11-19,21.5,79.75,293.08,0.0,302.12
2022-11-19,21.75,78.75,294.54,0.0,301.67
2022-11-19,21.75,79.0,295.08,0.0,302.52
2022-11-19,21.75,79.25,292.73,3.57,302.76
2022-11-19,21.75,79.5,292.25,0.0,302.03
2022-11-19,21.75,79.75,293.12,3.66,302.25
2022-11-20,20.75,78.75,294.9,0.0,301.09
2022-11-20,20.75,79.0,294.72,0.0,301.63
2022-11-20,20.75,79.25,293.63,0.0,301.04
2022-11-20,20.75,79.5,293.13,0.0,301.7
2022-11-20,20.75,79.75,295.58,4.63,301.81
2022-11-20,21.0,78.75,294.63,0.39,302.21
2022-11-20,21.0,79.0,294.64,0.0,302.31
2022-11-20,21.0,79.25,295.11,0.0,301.6
2022-11-20,21.0,79.5,292.97,4.51,302.99
2022-11-20,21.0,79.75,295.23,0.0,300.9
2022-11-20,21.25,78.75,294.56,3.97,302.18
2022-11-20,21.25,79.0,296.38,0.0,302.31
2022-11-20,21.25,79.25,294.62,0.0,302.15
2022-11-20,21.25,79.5,293.63,4.32,301.54
2022-11-20,21.25,79.75,294.77,0.0,302.64
2022-11-20,21.5,78.75,295.23,1.33,301.89
2022-11-20,21.5,79.0,290.98,0.0,301.76
2022-11-20,21.5,79.25,293.81,0.0,302.22
2022-11-20,21.5,79.5,294.59,2.61,301.03
2022-11-20,21.5,79.75,295.09,0.0,301.53
2022-11-20,21.75,78.75,294.57,0.0,301.37
2022-11-20,21.75,79.0,294.37,0.0,301.88
2022-11-20,21.75,79.25,291.66,0.84,300.87
2022-11-20,21.75,79.5,293.6,4.08,301.86
2022-11-20,21.75,79.75,292.32,0.0,302.36
2022-11-21,20.75,78.75,294.37,1.68,302.89
2022-11-21,20.75,79.0,292.95,0.0,302.17
2022-11-21,20.75,79.25,293.48,0.0,302.67
2022-11-21,20.75,79.5,293.44,0.0,302.93
2022-11-21,20.75,79.75,294.94,0.0,302.02
2022-11-21,21.0,78.75,292.69,0.0,301.71
2022-11-21,21.0,79.0,293.78,0.0,301.71
2022-11-21,21.0,79.25,293.87,0.0,302.2
2022-11-21,21.0,79.5,295.55,0.0,302.52
2022-11-21,21.0,79.75,293.45,1.49,301.65
2022-11-21,21.25,78.75,291.75,0.0,302.05
2022-11-21,21.25,79.0,296.21,0.0,302.73
2022-11-21,21.25,79.25,293.74,0.06,302.06
2022-11-21,21.25,79.5,292.57,0.0,301.02
2022-11-21,21.25,79.75,290.91,1.58,301.22
2022-11-21,21.5,78.75,293.66,0.87,302.33
2022-11-21,21.5,79.0,293.58,3.88,301.2
2022-11-21,21.5,79.25,294.11,0.0,302.12
2022-11-21,21.5,79.5,293.6,0.32,301.19
2022-11-21,21.5,79.75,291.94,0.0,301.52
2022-11-21,21.75,78.75,290.95,0.0,302.47
2022-11-21,21.75,79.0,295.23,0.0,302.15
2022-11-21,21.75,79.25,295.02,1.83,301.86
2022-11-21,21.75,79.5,293.85,0.0,301.75
2022-11-21,21.75,79.75,296.02,0.0,301.14
2022-11-22,20.75,78.75,293.48,0.0,301.88
2022-11-22,20.75,79.0,293.42,0.28,302.37
2022-11-22,20.75,79.25,292.9,0.0,302.22
2022-11-22,20.75,79.5,292.53,0.0,302.73
2022-11-22,20.75,79.75,295.13,0.0,302.57
2022-11-22,21.0,78.75,294.32,0.0,301.88
2022-11-22,21.0,79.0,295.47,0.0,303.34
2022-11-22,21.0,79.25,289.95,1.45,302.26
2022-11-22,21.0,79.5,292.11,0.0,302.7
2022-11-22,21.0,79.75,292.38,0.0,301.43
2022-11-22,21.25,78.75,291.76,0.0,301.01
2022-11-22,21.25,79.0,292.97,0.88,301.25
2022-11-22,21.25,79.25,292.62,2.2,301.71
2022-11-22,21.25,79.5,295.35,0.28,301.47
2022-11-22,21.25,79.75,292.46,0.0,302.84
2022-11-22,21.5,78.75,295.23,0.0,302.37
2022-11-22,21.5,79.0,295.03,0.0,302.19
2022-11-22,21.5,79.25,295.79,0.0,301.48
2022-11-22,21.5,79.5,295.49,0.0,301.66
2022-11-22,21.5,79.75,297.3,3.31,301.37
2022-11-22,21.75,78.75,292.47,1.3,302.83
2022-11-22,21.75,79.0,293.05,1.05,300.85
2022-11-22,21.75,79.25,293.94,0.0,302.23
2022-11-22,21.75,79.5,292.81,0.22,301.8
2022-11-22,21.75,79.75,297.44,0.0,302.23
2022-11-23,20.75,78.75,294.37,1.52,302.45
2022-11-23,20.75,79.0,292.15,3.8,301.9
2022-11-23,20.75,79.25,296.27,1.13,301.49
2022-11-23,20.75,79.5,294.2,0.96,301.74
2022-11-23,20.75,79.75,293.34,0.0,302.68
2022-11-23,21.0,78.75,293.16,0.65,301.88
2022-11-23,21.0,79.0,294.19,2.94,300.75
2022-11-23,21.0,79.25,294.08,0.0,301.8
2022-11-23,21.0,79.5,295.51,0.0,300.19
2022-11-23,21.0,79.75,294.95,0.0,301.83
2022-11-23,21.25,78.75,294.44,0.0,302.1
2022-11-23,21.25,79.0,295.31,0.0,301.93
2022-11-23,21.25,79.25,295.07,0.0,302.26
2022-11-23,21.25,79.5,292.55,0.0,300.9
2022-11-23,21.25,79.75,294.41,0.22,301.07
2022-11-23,21.5,78.75,292.34,0.0,301.36
2022-11-23,21.5,79.0,293.27,0.0,303.02
2022-11-23,21.5,79.25,293.21,0.45,301.72
2022-11-23,21.5,79.5,291.68,0.0,302.68
2022-11-23,21.5,79.75,291.98,0.0,302.57
2022-11-23,21.75,78.75,295.13,0.02,301.3
2022-11-23,21.75,79.0,289.4,0.94,302.57
2022-11-23,21.75,79.25,294.86,0.0,301.84
2022-11-23,21.75,79.5,295.14,0.28,301.31
2022-11-23,21.75,79.75,291.89,1.06,301.34
2022-11-24,20.75,78.75,296.31,0.72,301.27
2022-11-24,20.75,79.0,293.15,0.0,302.69
2022-11-24,20.75,79.25,292.05,0.0,301.6
2022-11-24,20.75,79.5,291.15,1.63,301.54
2022-11-24,20.75,79.75,295.05,0.0,301.58
2022-11-24,21.0,78.75,293.51,0.4,301.25
2022-11-24,21.0,79.0,294.59,0.0,301.64
2022-11-24,21.0,79.25,294.47,0.0,301.54
2022-11-24,21.0,79.5,295.17,3.77,303.26
2022-11-24,21.0,79.75,295.4,0.0,302.85
2022-11-24,21.25,78.75,294.6,0.8,302.51
2022-11-24,21.25,79.0,293.97,0.0,302.51
2022-11-24,21.25,79.25,292.01,0.96,302.45
2022-11-24,21.25,79.5,298.11,0.0,302.25
2022-11-24,21.25,79.75,294.08,0.0,301.64
2022-11-24,21.5,78.75,293.76,0.0,300.88
2022-11-24,21.5,79.0,294.98,0.0,302.17
2022-11-24,21.5,79.25,294.59,0.0,302.3
2022-11-24,21.5,79.5,292.76,0.0,301.23
2022-11-24,21.5,79.75,293.87,0.91,301.6
2022-11-24,21.75,78.75,293.65,0.05,301.62
2022-11-24,21.75,79.0,293.68,4.5,302.15
2022-11-24,21.75,79.25,295.73,0.0,302.66
2022-11-24,21.75,79.5,295.74,0.0,302.93
2022-11-24,21.75,79.75,294.81,2.37,301.38
2022-11-25,20.75,78.75,296.04,0.0,301.06
2022-11-25,20.75,79.0,293.93,0.0,300.78
2022-11-25,20.75,79.25,293.01,1.33,302.31
2022-11-25,20.75,79.5,295.03,0.0,301.52
2022-11-25,20.75,79.75,290.97,0.98,301.97
2022-11-25,21.0,78.75,292.48,0.0,303.19
2022-11-25,21.0,79.0,293.37,0.0,302.02
2022-11-25,21.0,79.25,295.08,4.2,301.81
2022-11-25,21.0,79.5,294.65,3.7,301.41
2022-11-25,21.0,79.75,295.46,0.0,301.76
2022-11-25,21.25,78.75,296.04,0.0,301.35
2022-11-25,21.25,79.0,294.73,0.21,302.28
2022-11-25,21.25,79.25,294.67,5.43,301.65
2022-11-25,21.25,79.5,293.04,0.0,301.7
2022-11-25,21.25,79.75,290.7,1.75,301.58
2022-11-25,21.5,78.75,295.3,0.0,302.29
2022-11-25,21.5,79.0,293.55,0.0,302.5
2022-11-25,21.5,79.25,295.64,0.0,302.71
2022-11-25,21.5,79.5,294.12,0.0,301.97
2022-11-25,21.5,79.75,295.09,0.0,302.4
2022-11-25,21.75,78.75,293.98,0.0,301.56
2022-11-25,21.75,79.0,293.85,0.0,302.46
2022-11-25,21.75,79.25,293.71,1.1,301.36
2022-11-25,21.75,79.5,295.03,0.0,301.82
2022-11-25,21.75,79.75,293.39,0.0,301.89
2022-11-26,20.75,78.75,291.92,0.0,301.43
2022-11-26,20.75,79.0,293.05,0.15,302.45
2022-11-26,20.75,79.25,293.01,0.0,301.85
2022-11-26,20.75,79.5,297.5,1.07,301.4
2022-11-26,20.75,79.75,291.89,0.0,301.4
2022-11-26,21.0,78.75,295.98,0.0,301.5
2022-11-26,21.0,79.0,294.45,1.33,302.21
2022-11-26,21.0,79.25,290.09,4.02,301.13
2022-11-26,21.0,79.5,293.08,1.21,300.82
2022-11-26,21.0,79.75,292.24,0.0,302.37
2022-11-26,21.25,78.75,292.87,0.0,300.96
2022-11-26,21.25,79.0,293.26,0.1,302.42
2022-11-26,21.25,79.25,294.55,0.0,302.36
2022-11-26,21.25,79.5,294.32,0.0,302.54
2022-11-26,21.25,79.75,295.23,0.0,301.87
2022-11-26,21.5,78.75,292.9,1.13,301.69
2022-11-26,21.5,79.0,292.47,0.0,301.78
2022-11-26,21.5,79.25,294.16,0.11,302.56
2022-11-26,21.5,79.5,294.52,0.0,300.94
2022-11-26,21.5,79.75,293.61,0.0,301.41
2022-11-26,21.75,78.75,293.93,1.9,301.35
2022-11-26,21.75,79.0,296.01,0.0,302.35
2022-11-26,21.75,79.25,293.53,0.0,302.3
2022-11-26,21.75,79.5,293.61,0.0,301.8
2022-11-26,21.75,79.75,294.81,1.16,301.81
2022-11-27,20.75,78.75,292.17,7.13,301.6
2022-11-27,20.75,79.0,294.49,1.85,303.5
2022-11-27,20.75,79.25,292.75,0.0,301.73
2022-11-27,20.75,79.5,292.7,0.0,301.41
2022-11-27,20.75,79.75,292.36,2.31,301.63
2022-11-27,21.0,78.75,292.0,0.0,303.02
2022-11-27,21.0,79.0,294.95,1.32,301.91
2022-11-27,21.0,79.25,291.11,4.18,302.4
2022-11-27,21.0,79.5,294.21,1.82,301.88
2022-11-27,21.0,79.75,290.86,1.3,301.94
2022-11-27,21.25,78.75,292.33,0.0,302.75
2022-11-27,21.25,79.0,292.87,0.0,302.58
2022-11-27,21.25,79.25,293.49,0.0,302.15
2022-11-27,21.25,79.5,295.39,0.0,301.43
2022-11-27,21.25,79.75,293.06,0.0,301.85
2022-11-27,21.5,78.75,293.86,0.59,301.66
2022-11-27,21.5,79.0,291.57,0.0,302.6
2022-11-27,21.5,79.25,293.77,2.04,301.69
2022-11-27,21.5,79.5,295.58,0.0,302.12
2022-11-27,21.5,79.75,293.93,0.7,302.62
2022-11-27,21.75,78.75,293.68,0.0,301.3
2022-11-27,21.75,79.0,294.3,0.11,302.16
2022-11-27,21.75,79.25,291.75,2.45,301.65
2022-11-27,21.75,79.5,292.78,3.07,301.98
2022-11-27,21.75,79.75,295.04,0.48,301.71
2022-11-28,20.75,78.75,294.5,1.91,301.09
2022-11-28,20.75,79.0,293.81,0.0,302.03
2022-11-28,20.75,79.25,294.07,5.2,302.99
2022-11-28,20.75,79.5,292.73,0.0,301.74
2022-11-28,20.75,79.75,294.46,0.06,302.38
2022-11-28,21.0,78.75,293.34,0.0,302.01
2022-11-28,21.0,79.0,292.71,0.0,301.21
2022-11-28,21.0,79.25,293.0,2.7,301.89
2022-11-28,21.0,79.5,292.3,0.0,302.11
2022-11-28,21.0,79.75,291.77,0.78,302.84
2022-11-28,21.25,78.75,293.51,0.0,302.02
2022-11-28,21.25,79.0,293.49,0.0,301.78
2022-11-28,21.25,79.25,296.35,0.0,301.47
2022-11-28,21.25,79.5,293.36,0.0,302.64
2022-11-28,21.25,79.75,292.21,0.48,302.06
2022-11-28,21.5,78.75,294.46,0.97,302.48
2022-11-28,21.5,79.0,293.15,0.0,301.79
2022-11-28,21.5,79.25,290.95,2.6,301.55
2022-11-28,21.5,79.5,293.61,0.0,302.95
2022-11-28,21.5,79.75,294.75,1.2,302.27
2022-11-28,21.75,78.75,292.54,3.31,302.2
2022-11-28,21.75,79.0,294.0,0.5,301.37
2022-11-28,21.75,79.25,292.95,0.35,302.32
2022-11-28,21.75,79.5,293.24,3.72,302.48
2022-11-28,21.75,79.75,292.82,0.0,301.71
2022-11-29,20.75,78.75,291.49,0.7,302.17
2022-11-29,20.75,79.0,297.63,0.0,301.62
2022-11-29,20.75,79.25,292.23,0.0,301.96
2022-11-29,20.75,79.5,293.88,0.0,301.35
2022-11-29,20.75,79.75,293.66,1.96,301.33
2022-11-29,21.0,78.75,294.06,0.0,302.75
2022-11-29,21.0,79.0,294.8,2.5,302.08
2022-11-29,21.0,79.25,294.38,0.0,302.1
2022-11-29,21.0,79.5,292.08,0.0,302.64
2022-11-29,21.0,79.75,294.14,0.01,301.69
2022-11-29,21.25,78.75,294.17,0.0,301.99
2022-11-29,21.25,79.0,293.54,8.44,302.07
2022-11-29,21.25,79.25,292.61,2.99,302.16
2022-11-29,21.25,79.5,290.47,2.34,301.76
2022-11-29,21.25,79.75,294.7,0.0,301.87
2022-11-29,21.5,78.75,294.78,1.87,301.89
2022-11-29,21.5,79.0,293.15,0.0,302.14
2022-11-29,21.5,79.25,292.09,0.21,301.5
2022-11-29,21.5,79.5,293.55,0.0,302.12
2022-11-29,21.5,79.75,294.56,0.0,301.75
2022-11-29,21.75,78.75,293.25,0.0,301.16
2022-11-29,21.75,79.0,292.46,1.54,302.39
2022-11-29,21.75,79.25,294.59,3.72,301.87
2022-11-29,21.75,79.5,292.23,0.0,302.99
2022-11-29,21.75,79.75,296.34,0.91,302.31
2022-11-30,20.75,78.75,291.35,0.0,302.5
2022-11-30,20.75,79.0,294.14,0.0,302.69
2022-11-30,20.75,79.25,296.11,0.0,301.25
2022-11-30,20.75,79.5,290.09,0.0,301.93
2022-11-30,20.75,79.75,292.08,0.0,302.01
2022-11-30,21.0,78.75,293.5,2.19,302.16
2022-11-30,21.0,79.0,294.35,0.72,302.16
2022-11-30,21.0,79.25,292.11,1.05,301.8
2022-11-30,21.0,79.5,291.61,6.08,301.59
2022-11-30,21.0,79.75,295.86,1.06,302.72
2022-11-30,21.25,78.75,292.55,0.74,302.69
2022-11-30,21.25,79.0,294.89,0.0,302.15
2022-11-30,21.25,79.25,294.36,5.28,301.85
2022-11-30,21.25,79.5,293.69,0.44,302.31
2022-11-30,21.25,79.75,293.49,0.0,302.05
2022-11-30,21.5,78.75,294.61,4.64,302.0
2022-11-30,21.5,79.0,294.28,0.54,302.22
2022-11-30,21.5,79.25,289.95,1.79,301.57
2022-11-30,21.5,79.5,291.37,0.0,302.31
2022-11-30,21.5,79.75,292.5,0.0,301.52
2022-11-30,21.75,78.75,294.4,0.96,302.16
2022-11-30,21.75,79.0,293.91,3.96,302.11
2022-11-30,21.75,79.25,295.31,0.0,302.01
2022-11-30,21.75,79.5,291.09,0.0,302.18
2022-11-30,21.75,79.75,294.39,0.0,301.4
2022-12-01,20.75,78.75,292.0,0.0,302.26
2022-12-01,20.75,79.0,294.0,0.0,300.89
2022-12-01,20.75,79.25,292.82,1.52,302.37
2022-12-01,20.75,79.5,292.38,0.0,301.53
2022-12-01,20.75,79.75,293.03,0.0,301.29
2022-12-01,21.0,78.75,294.08,0.0,301.75
2022-12-01,21.0,79.0,295.02,0.47,302.73
2022-12-01,21.0,79.25,293.95,0.0,301.65
2022-12-01,21.0,79.5,293.79,2.87,301.59
2022-12-01,21.0,79.75,293.6,2.32,302.76
2022-12-01,21.25,78.75,295.83,0.0,302.69
2022-12-01,21.25,79.0,291.4,0.0,301.21
2022-12-01,21.25,79.25,291.83,0.0,301.55
2022-12-01,21.25,79.5,290.97,0.89,301.94
2022-12-01,21.25,79.75,293.69,0.0,301.95
2022-12-01,21.5,78.75,294.39,0.58,302.0
2022-12-01,21.5,79.0,293.94,0.0,304.06
2022-12-01,21.5,79.25,293.18,1.72,302.12
2022-12-01,21.5,79.5,292.61,2.6,302.15
2022-12-01,21.5,79.75,292.72,1.06,303.02
2022-12-01,21.75,78.75,291.96,0.02,301.9
2022-12-01,21.75,79.0,293.86,0.16,300.81
2022-12-01,21.75,79.25,294.51,1.69,301.39
2022-12-01,21.75,79.5,292.23,0.28,301.65
2022-12-01,21.75,79.75,294.87,0.0,302.02
2022-12-02,20.75,78.75,294.26,0.0,301.82
2022-12-02,20.75,79.0,293.81,0.84,301.43
2022-12-02,20.75,79.25,293.48,0.18,301.5
2022-12-02,20.75,79.5,293.05,2.65,301.48
2022-12-02,20.75,79.75,295.91,0.0,301.8
2022-12-02,21.0,78.75,294.58,0.0,301.98
2022-12-02,21.0,79.0,291.36,0.37,301.42
2022-12-02,21.0,79.25,291.24,3.04,301.4
2022-12-02,21.0,79.5,293.72,0.0,301.76
2022-12-02,21.0,79.75,294.26,2.56,301.57
2022-12-02,21.25,78.75,291.61,3.46,302.65
2022-12-02,21.25,79.0,292.32,0.24,302.59
2022-12-02,21.25,79.25,293.62,0.0,302.01
2022-12-02,21.25,79.5,292.16,0.0,302.82
2022-12-02,21.25,79.75,290.18,0.0,301.45
2022-12-02,21.5,78.75,294.71,0.0,301.19
2022-12-02,21.5,79.0,291.87,5.31,302.33
2022-12-02,21.5,79.25,293.98,0.0,301.63
2022-12-02,21.5,79.5,294.76,1.11,301.4
2022-12-02,21.5,79.75,295.2,0.0,302.59
2022-12-02,21.75,78.75,294.09,0.48,302.5
2022-12-02,21.75,79.0,293.19,2.17,302.86
2022-12-02,21.75,79.25,292.69,0.0,301.53
2022-12-02,21.75,79.5,294.48,0.0,301.85
2022-12-02,21.75,79.75,291.8,0.14,302.34
2022-12-03,20.75,78.75,295.78,0.0,303.18
2022-12-03,20.75,79.0,292.57,0.0,301.69
2022-12-03,20.75,79.25,293.71,4.11,301.44
2022-12-03,20.75,79.5,294.64,0.0,302.08
2022-12-03,20.75,79.75,294.01,0.0,301.81
2022-12-03,21.0,78.75,292.98,0.99,302.43
2022-12-03,21.0,79.0,293.95,0.0,301.41
2022-12-03,21.0,79.25,290.14,0.0,302.51
2022-12-03,21.0,79.5,293.19,1.12,301.3
2022-12-03,21.0,79.75,293.34,0.0,302.91
2022-12-03,21.25,78.75,293.37,1.86,302.86
2022-12-03,21.25,79.0,294.42,2.29,301.46
2022-12-03,21.25,79.25,293.16,0.0,301.0
2022-12-03,21.25,79.5,293.03,0.0,302.55
2022-12-03,21.25,79.75,292.11,0.0,302.33
2022-12-03,21.5,78.75,295.12,6.44,301.89
2022-12-03,21.5,79.0,292.77,0.0,302.63
2022-12-03,21.5,79.25,291.2,0.88,302.44
2022-12-03,21.5,79.5,294.0,0.09,301.2
2022-12-03,21.5,79.75,292.56,0.06,302.05
2022-12-03,21.75,78.75,293.57,2.4,301.57
2022-12-03,21.75,79.0,294.0,2.75,301.96
2022-12-03,21.75,79.25,293.42,1.46,301.95
2022-12-03,21.75,79.5,292.63,0.0,302.48
2022-12-03,21.75,79.75,292.07,0.0,301.66
2022-12-04,20.75,78.75,293.47,8.26,301.31
2022-12-04,20.75,79.0,291.6,0.0,301.98
2022-12-04,20.75,79.25,291.69,0.28,302.79
2022-12-04,20.75,79.5,293.95,1.39,301.67
2022-12-04,20.75,79.75,292.62,0.0,302.03
2022-12-04,21.0,78.75,294.98,0.0,301.79
2022-12-04,21.0,79.0,290.99,0.0,302.81
2022-12-04,21.0,79.25,293.55,0.0,301.87
2022-12-04,21.0,79.5,292.98,0.0,301.2
2022-12-04,21.0,79.75,293.99,1.44,301.86
2022-12-04,21.25,78.75,294.32,0.0,302.43
2022-12-04,21.25,79.0,293.75,0.0,302.41
2022-12-04,21.25,79.25,291.86,2.01,302.29
2022-12-04,21.25,79.5,292.42,1.31,302.71
2022-12-04,21.25,79.75,293.74,0.0,300.91
2022-12-04,21.5,78.75,290.7,0.0,302.39
2022-12-04,21.5,79.0,291.1,0.0,301.32
2022-12-04,21.5,79.25,292.49,3.45,301.63
2022-12-04,21.5,79.5,293.65,0.0,301.9
2022-12-04,21.5,79.75,293.36,0.0,301.39
2022-12-04,21.75,78.75,291.85,0.0,302.28
2022-12-04,21.75,79.0,292.41,0.0,301.8
2022-12-04,21.75,79.25,294.16,2.69,302.51
2022-12-04,21.75,79.5,294.64,2.03,301.57
2022-12-04,21.75,79.75,293.26,1.6,302.82
2022-12-05,20.75,78.75,291.79,3.97,302.46
2022-12-05,20.75,79.0,292.6,0.3,301.32
2022-12-05,20.75,79.25,293.51,0.0,301.47
2022-12-05,20.75,79.5,292.88,0.0,301.89
2022-12-05,20.75,79.75,295.24,0.0,301.39
2022-12-05,21.0,78.75,294.43,0.0,302.17
2022-12-05,21.0,79.0,292.29,1.83,302.47
2022-12-05,21.0,79.25,294.13,0.0,302.23
2022-12-05,21.0,79.5,291.48,0.0,301.87
2022-12-05,21.0,79.75,295.58,0.0,303.28
2022-12-05,21.25,78.75,292.73,0.0,301.86
2022-12-05,21.25,79.0,292.59,0.0,301.96
2022-12-05,21.25,79.25,292.8,0.0,301.25
2022-12-05,21.25,79.5,294.48,0.0,301.34
2022-12-05,21.25,79.75,293.44,0.0,302.22
2022-12-05,21.5,78.75,293.84,0.0,302.58
2022-12-05,21.5,79.0,292.63,0.0,302.02
2022-12-05,21.5,79.25,292.61,4.76,302.51
2022-12-05,21.5,79.5,293.69,0.0,301.1
2022-12-05,21.5,79.75,294.14,4.12,302.05
2022-12-05,21.75,78.75,294.19,0.0,301.1
2022-12-05,21.75,79.0,292.56,0.24,300.72
2022-12-05,21.75,79.25,293.04,2.01,301.97
2022-12-05,21.75,79.5,294.95,0.0,301.79
2022-12-05,21.75,79.75,294.03,0.0,302.36
2022-12-06,20.75,78.75,292.85,0.0,301.12
2022-12-06,20.75,79.0,293.1,2.78,301.86
2022-12-06,20.75,79.25,291.32,0.15,301.92
2022-12-06,20.75,79.5,292.04,0.0,301.53
2022-12-06,20.75,79.75,291.07,2.3,302.09
2022-12-06,21.0,78.75,291.42,0.0,301.73
2022-12-06,21.0,79.0,293.37,0.0,301.3
2022-12-06,21.0,79.25,295.78,0.0,301.18
2022-12-06,21.0,79.5,294.78,0.0,301.86
2022-12-06,21.0,79.75,291.04,0.0,301.51
2022-12-06,21.25,78.75,293.0,0.0,301.12
2022-12-06,21.25,79.0,293.54,0.0,301.4
2022-12-06,21.25,79.25,294.39,1.97,301.23
2022-12-06,21.25,79.5,295.3,0.0,301.55
2022-12-06,21.25,79.75,292.09,1.56,302.57
2022-12-06,21.5,78.75,293.86,1.14,301.44
2022-12-06,21.5,79.0,292.25,0.57,301.34
2022-12-06,21.5,79.25,296.8,0.0,302.7
2022-12-06,21.5,79.5,290.49,0.66,301.94
2022-12-06,21.5,79.75,295.19,0.0,301.97
2022-12-06,21.75,78.75,293.65,0.14,301.74
2022-12-06,21.75,79.0,296.91,0.0,302.4
2022-12-06,21.75,79.25,296.77,0.0,301.11
2022-12-06,21.75,79.5,294.13,1.79,301.9
2022-12-06,21.75,79.75,290.12,0.2,302.7
2022-12-07,20.75,78.75,293.92,2.38,301.9
2022-12-07,20.75,79.0,294.64,0.0,301.25
2022-12-07,20.75,79.25,292.5,0.0,301.89
2022-12-07,20.75,79.5,292.18,2.16,302.11
2022-12-07,20.75,79.75,289.8,0.11,301.73
2022-12-07,21.0,78.75,292.53,0.36,302.07
2022-12-07,21.0,79.0,294.81,4.3,301.34
2022-12-07,21.0,79.25,293.34,0.0,301.95
2022-12-07,21.0,79.5,294.52,0.92,302.3
2022-12-07,21.0,79.75,292.75,0.0,302.34
2022-12-07,21.25,78.75,294.07,0.0,302.41
2022-12-07,21.25,79.0,294.27,0.0,302.03
2022-12-07,21.25,79.25,292.16,0.0,302.57
2022-12-07,21.25,79.5,293.24,0.0,302.57
2022-12-07,21.25,79.75,291.83,3.52,301.53
2022-12-07,21.5,78.75,291.2,0.0,302.0
2022-12-07,21.5,79.0,293.01,3.5,301.47
2022-12-07,21.5,79.25,290.92,0.25,301.14
2022-12-07,21.5,79.5,292.01,0.0,301.75
2022-12-07,21.5,79.75,294.02,0.0,301.78
2022-12-07,21.75,78.75,292.71,0.0,302.02
2022-12-07,21.75,79.0,292.49,0.0,302.04
2022-12-07,21.75,79.25,291.84,0.0,301.4
2022-12-07,21.75,79.5,293.76,5.07,301.91
2022-12-07,21.75,79.75,292.38,0.0,301.42
2022-12-08,20.75,78.75,293.79,0.0,301.8
2022-12-08,20.75,79.0,291.7,2.83,302.7
2022-12-08,20.75,79.25,293.76,0.0,301.05
2022-12-08,20.75,79.5,290.23,3.74,302.41
2022-12-08,20.75,79.75,292.45,0.0,302.05
2022-12-08,21.0,78.75,292.49,1.14,301.84
2022-12-08,21.0,79.0,292.07,0.0,302.08
2022-12-08,21.0,79.25,288.45,1.19,302.36
2022-12-08,21.0,79.5,292.29,0.83,302.29
2022-12-08,21.0,79.75,294.74,3.14,301.35
2022-12-08,21.25,78.75,291.65,0.0,301.55
2022-12-08,21.25,79.0,293.96,0.0,301.94
2022-12-08,21.25,79.25,293.84,0.61,302.12
2022-12-08,21.25,79.5,295.0,0.25,302.71
2022-12-08,21.25,79.75,291.88,0.0,301.63
2022-12-08,21.5,78.75,294.4,0.23,301.46
2022-12-08,21.5,79.0,293.99,4.7,302.26
2022-12-08,21.5,79.25,292.78,2.14,303.04
2022-12-08,21.5,79.5,293.33,0.5,301.99
2022-12-08,21.5,79.75,294.27,0.68,302.31
2022-12-08,21.75,78.75,292.78,0.0,301.51
2022-12-08,21.75,79.0,292.78,0.56,301.8
2022-12-08,21.75,79.25,293.33,0.0,301.02
2022-12-08,21.75,79.5,293.96,0.21,302.34
2022-12-08,21.75,79.75,292.05,0.0,302.41
2022-12-09,20.75,78.75,295.29,3.35,301.69
2022-12-09,20.75,79.0,292.74,0.0,301.48
2022-12-09,20.75,79.25,293.17,0.13,301.97
2022-12-09,20.75,79.5,290.89,0.0,302.81
2022-12-09,20.75,79.75,294.22,0.0,302.24
2022-12-09,21.0,78.75,293.93,0.74,301.92
2022-12-09,21.0,79.0,293.79,0.0,302.11
2022-12-09,21.0,79.25,294.04,0.0,302.23
2022-12-09,21.0,79.5,294.2,0.0,302.07
2022-12-09,21.0,79.75,290.53,1.44,300.89
2022-12-09,21.25,78.75,292.85,1.84,302.69
2022-12-09,21.25,79.0,292.59,2.53,302.6
2022-12-09,21.25,79.25,294.36,0.0,302.17
2022-12-09,21.25,79.5,293.82,2.23,302.27
2022-12-09,21.25,79.75,293.85,0.0,302.03
2022-12-09,21.5,78.75,290.58,0.0,302.43
2022-12-09,21.5,79.0,293.8,0.0,302.75
2022-12-09,21.5,79.25,294.51,0.84,302.57
2022-12-09,21.5,79.5,295.29,0.25,302.28
2022-12-09,21.5,79.75,292.58,0.0,301.86
2022-12-09,21.75,78.75,292.62,0.0,302.0
2022-12-09,21.75,79.0,291.98,0.72,302.1
2022-12-09,21.75,79.25,291.4,2.41,301.33
2022-12-09,21.75,79.5,294.08,0.0,301.58
2022-12-09,21.75,79.75,294.74,0.75,301.85
2022-12-10,20.75,78.75,292.11,0.0,301.97
2022-12-10,20.75,79.0,292.79,8.35,302.07
2022-12-10,20.75,79.25,296.36,0.81,301.36
2022-12-10,20.75,79.5,295.7,0.11,302.16
2022-12-10,20.75,79.75,292.49,0.93,300.79
2022-12-10,21.0,78.75,295.76,0.0,301.91
2022-12-10,21.0,79.0,293.07,0.41,302.03
2022-12-10,21.0,79.25,293.52,0.0,302.68
2022-12-10,21.0,79.5,294.25,0.0,301.6
2022-12-10,21.0,79.75,297.91,0.0,302.08
2022-12-10,21.25,78.75,293.86,0.0,301.61
2022-12-10,21.25,79.0,294.73,0.0,301.88
2022-12-10,21.25,79.25,294.03,2.1,301.38
2022-12-10,21.25,79.5,293.45,0.0,302.42
2022-12-10,21.25,79.75,288.81,0.68,302.23
2022-12-10,21.5,78.75,291.91,0.8,301.73
2022-12-10,21.5,79.0,292.4,0.0,302.49
2022-12-10,21.5,79.25,293.54,0.54,301.0
2022-12-10,21.5,79.5,294.76,0.0,302.23
2022-12-10,21.5,79.75,291.23,0.0,302.26
2022-12-10,21.75,78.75,290.75,0.0,301.94
2022-12-10,21.75,79.0,293.1,0.77,301.58
2022-12-10,21.75,79.25,291.59,0.0,302.26
2022-12-10,21.75,79.5,295.77,2.02,301.67
2022-12-10,21.75,79.75,291.45,0.0,302.31
2022-12-11,20.75,78.75,292.25,0.0,301.9
2022-12-11,20.75,79.0,292.68,0.0,301.94
2022-12-11,20.75,79.25,295.23,0.0,301.65
2022-12-11,20.75,79.5,291.33,2.63,303.02
2022-12-11,20.75,79.75,289.19,0.0,303.2
2022-12-11,21.0,78.75,293.91,0.0,302.28
2022-12-11,21.0,79.0,291.74,0.0,302.13
2022-12-11,21.0,79.25,294.86,0.0,301.94
2022-12-11,21.0,79.5,294.26,2.4,302.5
2022-12-11,21.0,79.75,294.09,1.26,302.24
2022-12-11,21.25,78.75,292.62,0.35,302.34
2022-12-11,21.25,79.0,293.59,0.0,301.66
2022-12-11,21.25,79.25,294.93,0.5,302.63
2022-12-11,21.25,79.5,292.63,0.0,301.21
2022-12-11,21.25,79.75,292.04,0.0,301.45
2022-12-11,21.5,78.75,291.06,0.0,301.65
2022-12-11,21.5,79.0,294.25,7.3,302.78
2022-12-11,21.5,79.25,289.77,0.0,301.93
2022-12-11,21.5,79.5,294.44,0.0,302.66
2022-12-11,21.5,79.75,294.32,4.27,301.91
2022-12-11,21.75,78.75,292.62,0.9,301.82
2022-12-11,21.75,79.0,291.51,0.0,302.54
2022-12-11,21.75,79.25,294.75,0.25,302.33
2022-12-11,21.75,79.5,293.55,2.81,301.52
2022-12-11,21.75,79.75,294.28,0.0,301.89
2022-12-12,20.75,78.75,292.64,0.0,301.33
2022-12-12,20.75,79.0,291.89,0.21,302.3
2022-12-12,20.75,79.25,293.54,4.63,302.82
2022-12-12,20.75,79.5,291.07,0.0,302.57
2022-12-12,20.75,79.75,291.52,0.0,302.6
2022-12-12,21.0,78.75,295.53,1.34,301.95
2022-12-12,21.0,79.0,290.03,0.0,301.25
2022-12-12,21.0,79.25,291.51,0.75,301.78
2022-12-12,21.0,79.5,293.27,0.0,302.49
2022-12-12,21.0,79.75,294.83,0.0,301.7
2022-12-12,21.25,78.75,297.82,0.0,301.94
2022-12-12,21.25,79.0,292.52,1.43,302.44
2022-12-12,21.25,79.25,290.14,0.4,302.49
2022-12-12,21.25,79.5,289.89,0.0,302.29
2022-12-12,21.25,79.75,294.12,0.0,302.47
2022-12-12,21.5,78.75,290.69,0.0,302.51
2022-12-12,21.5,79.0,293.7,0.0,302.71
2022-12-12,21.5,79.25,290.74,0.0,301.83
2022-12-12,21.5,79.5,292.62,0.0,301.97
2022-12-12,21.5,79.75,294.89,0.0,300.92
2022-12-12,21.75,78.75,291.98,0.0,302.12
2022-12-12,21.75,79.0,289.77,1.01,302.21
2022-12-12,21.75,79.25,293.02,0.0,301.67
2022-12-12,21.75,79.5,292.46,5.35,301.75
2022-12-12,21.75,79.75,293.09,0.0,302.14
2022-12-13,20.75,78.75,291.62,0.14,301.74
2022-12-13,20.75,79.0,295.02,0.28,302.6
2022-12-13,20.75,79.25,294.4,1.78,301.79
2022-12-13,20.75,79.5,293.18,0.4,301.46
2022-12-13,20.75,79.75,293.02,0.0,301.73
2022-12-13,21.0,78.75,292.03,0.0,301.75
2022-12-13,21.0,79.0,291.99,1.86,302.7
2022-12-13,21.0,79.25,293.19,0.49,302.59
2022-12-13,21.0,79.5,292.54,3.96,302.23
2022-12-13,21.0,79.75,293.39,1.86,302.72
2022-12-13,21.25,78.75,292.38,0.56,302.41
2022-12-13,21.25,79.0,294.89,0.0,302.06
2022-12-13,21.25,79.25,294.26,4.03,302.21
2022-12-13,21.25,79.5,293.6,1.5,302.69
2022-12-13,21.25,79.75,291.55,0.0,301.79
2022-12-13,21.5,78.75,294.55,0.0,301.12
2022-12-13,21.5,79.0,293.86,0.0,301.51
2022-12-13,21.5,79.25,291.53,0.0,301.75
2022-12-13,21.5,79.5,292.31,0.0,301.04
2022-12-13,21.5,79.75,293.34,1.13,301.99
2022-12-13,21.75,78.75,294.49,0.0,302.12
2022-12-13,21.75,79.0,294.11,0.0,300.86
2022-12-13,21.75,79.25,293.51,0.0,302.06
2022-12-13,21.75,79.5,294.31,0.01,302.49
2022-12-13,21.75,79.75,291.64,0.32,301.73
2022-12-14,20.75,78.75,290.97,0.39,301.62
2022-12-14,20.75,79.0,293.68,0.52,302.04
2022-12-14,20.75,79.25,291.66,0.08,301.46
2022-12-14,20.75,79.5,292.56,0.0,302.22
2022-12-14,20.75,79.75,293.83,0.0,302.63
2022-12-14,21.0,78.75,292.74,0.0,301.54
2022-12-14,21.0,79.0,292.3,0.0,302.06
2022-12-14,21.0,79.25,293.26,0.0,300.93
2022-12-14,21.0,79.5,295.63,5.57,302.14
2022-12-14,21.0,79.75,292.59,0.0,303.06
2022-12-14,21.25,78.75,293.01,0.0,301.86
2022-12-14,21.25,79.0,293.8,0.0,302.22
2022-12-14,21.25,79.25,291.78,3.72,303.1
2022-12-14,21.25,79.5,291.19,0.0,301.61
2022-12-14,21.25,79.75,294.15,0.0,301.9
2022-12-14,21.5,78.75,292.69,0.0,301.85
2022-12-14,21.5,79.0,294.02,0.0,301.56
2022-12-14,21.5,79.25,293.42,1.71,301.52
2022-12-14,21.5,79.5,291.54,1.99,301.68
2022-12-14,21.5,79.75,293.67,0.0,301.81
2022-12-14,21.75,78.75,291.3,4.13,301.56
2022-12-14,21.75,79.0,294.36,0.0,301.69
2022-12-14,21.75,79.25,291.71,0.0,302.27
2022-12-14,21.75,79.5,295.51,0.0,302.28
2022-12-14,21.75,79.75,292.47,6.68,302.38
2022-12-15,20.75,78.75,292.62,0.0,302.21
2022-12-15,20.75,79.0,294.04,6.03,301.49
2022-12-15,20.75,79.25,292.49,0.0,301.56
2022-12-15,20.75,79.5,292.63,0.0,302.17
2022-12-15,20.75,79.75,294.39,0.0,302.75
2022-12-15,21.0,78.75,292.13,0.0,302.82
2022-12-15,21.0,79.0,292.91,1.32,302.01
2022-12-15,21.0,79.25,294.54,0.0,302.09
2022-12-15,21.0,79.5,292.8,0.0,302.32
2022-12-15,21.0,79.75,292.87,0.0,301.7
2022-12-15,21.25,78.75,295.15,0.0,301.58
2022-12-15,21.25,79.0,292.72,0.0,301.71
2022-12-15,21.25,79.25,293.55,0.0,301.57
2022-12-15,21.25,79.5,294.59,0.0,300.98
2022-12-15,21.25,79.75,293.54,0.0,302.22
2022-12-15,21.5,78.75,292.79,0.0,301.29
2022-12-15,21.5,79.0,290.87,0.0,302.61
2022-12-15,21.5,79.25,291.46,0.0,301.86
2022-12-15,21.5,79.5,293.45,0.0,301.33
2022-12-15,21.5,79.75,294.94,0.36,302.16
2022-12-15,21.75,78.75,291.32,3.37,301.56
2022-12-15,21.75,79.0,291.14,0.61,301.41
2022-12-15,21.75,79.25,293.11,3.86,301.44
2022-12-15,21.75,79.5,295.91,0.0,301.51
2022-12-15,21.75,79.75,293.75,0.0,303.09
2022-12-16,20.75,78.75,291.66,0.0,302.35
2022-12-16,20.75,79.0,292.26,0.0,301.66
2022-12-16,20.75,79.25,294.75,0.0,302.14
2022-12-16,20.75,79.5,291.56,0.0,301.65
2022-12-16,20.75,79.75,293.21,0.0,302.49
2022-12-16,21.0,78.75,293.62,2.56,302.87
2022-12-16,21.0,79.0,294.01,0.0,301.5
2022-12-16,21.0,79.25,294.96,0.0,302.02
2022-12-16,21.0,79.5,292.09,0.0,302.08
2022-12-16,21.0,79.75,292.41,0.92,302.51
2022-12-16,21.25,78.75,294.52,0.0,302.11
2022-12-16,21.25,79.0,292.44,3.03,302.58
2022-12-16,21.25,79.25,295.39,3.52,301.93
2022-12-16,21.25,79.5,293.25,0.0,301.3
2022-12-16,21.25,79.75,293.59,2.46,302.39
2022-12-16,21.5,78.75,291.66,0.0,301.99
2022-12-16,21.5,79.0,291.46,6.56,302.57
2022-12-16,21.5,79.25,295.25,3.32,302.49
2022-12-16,21.5,79.5,292.6,0.0,302.76
2022-12-16,21.5,79.75,294.47,0.0,302.24
2022-12-16,21.75,78.75,295.17,2.71,302.43
2022-12-16,21.75,79.0,293.36,0.32,300.88
2022-12-16,21.75,79.25,293.14,0.0,301.82
2022-12-16,21.75,79.5,294.18,0.0,302.12
2022-12-16,21.75,79.75,293.04,0.0,302.74
2022-12-17,20.75,78.75,291.48,0.0,300.74
2022-12-17,20.75,79.0,291.84,0.0,302.34
2022-12-17,20.75,79.25,293.84,0.0,301.44
2022-12-17,20.75,79.5,292.74,0.0,301.11
2022-12-17,20.75,79.75,294.5,0.0,302.46
2022-12-17,21.0,78.75,293.02,0.71,301.51
2022-12-17,21.0,79.0,291.83,0.0,302.05
2022-12-17,21.0,79.25,293.44,0.0,301.72
2022-12-17,21.0,79.5,293.49,1.11,302.61
2022-12-17,21.0,79.75,293.4,0.0,302.33
2022-12-17,21.25,78.75,294.7,0.87,301.86
2022-12-17,21.25,79.0,294.83,0.0,302.41
2022-12-17,21.25,79.25,291.9,0.53,302.96
2022-12-17,21.25,79.5,294.18,0.0,301.72
2022-12-17,21.25,79.75,290.81,0.0,302.33
2022-12-17,21.5,78.75,292.98,0.4,302.04
2022-12-17,21.5,79.0,290.77,0.97,301.67
2022-12-17,21.5,79.25,293.93,0.25,301.2
2022-12-17,21.5,79.5,293.17,0.0,301.88
2022-12-17,21.5,79.75,294.36,0.0,301.82
2022-12-17,21.75,78.75,291.76,4.1,302.36
2022-12-17,21.75,79.0,294.66,0.0,301.54
2022-12-17,21.75,79.25,291.5,0.0,301.77
2022-12-17,21.75,79.5,295.43,0.0,302.34
2022-12-17,21.75,79.75,294.63,0.0,301.85
2022-12-18,20.75,78.75,291.74,0.0,301.17
2022-12-18,20.75,79.0,292.12,0.54,302.45
2022-12-18,20.75,79.25,290.57,4.43,302.33
2022-12-18,20.75,79.5,291.43,1.13,300.92
2022-12-18,20.75,79.75,290.98,0.0,302.04
2022-12-18,21.0,78.75,293.18,0.0,301.86
2022-12-18,21.0,79.0,293.45,1.48,301.84
2022-12-18,21.0,79.25,291.12,1.56,301.72
2022-12-18,21.0,79.5,296.16,0.0,301.77
2022-12-18,21.0,79.75,291.63,0.0,301.6
2022-12-18,21.25,78.75,292.45,0.0,301.76
2022-12-18,21.25,79.0,294.36,0.0,303.16
2022-12-18,21.25,79.25,290.14,4.15,302.01
2022-12-18,21.25,79.5,294.58,0.0,301.76
2022-12-18,21.25,79.75,293.16,0.0,302.04
2022-12-18,21.5,78.75,291.14,0.0,302.68
2022-12-18,21.5,79.0,290.09,0.88,301.43
2022-12-18,21.5,79.25,294.16,0.0,302.14
2022-12-18,21.5,79.5,293.77,0.31,301.96
2022-12-18,21.5,79.75,294.29,0.0,302.17
2022-12-18,21.75,78.75,293.52,0.0,302.36
2022-12-18,21.75,79.0,291.63,2.2,299.98
2022-12-18,21.75,79.25,295.21,2.38,302.76
2022-12-18,21.75,79.5,292.71,0.0,302.2
2022-12-18,21.75,79.75,295.01,0.0,301.74
2022-12-19,20.75,78.75,292.04,0.0,301.99
2022-12-19,20.75,79.0,294.81,0.0,302.13
2022-12-19,20.75,79.25,291.49,0.0,302.26
2022-12-19,20.75,79.5,293.24,5.7,302.61
2022-12-19,20.75,79.75,292.31,1.93,301.9
2022-12-19,21.0,78.75,292.26,0.0,301.72
2022-12-19,21.0,79.0,292.96,0.0,301.98
2022-12-19,21.0,79.25,293.82,0.06,302.33
2022-12-19,21.0,79.5,291.86,7.3,301.62
2022-12-19,21.0,79.75,293.82,2.35,301.26
2022-12-19,21.25,78.75,294.63,0.0,301.96
2022-12-19,21.25,79.0,293.23,0.47,301.78
2022-12-19,21.25,79.25,291.7,2.73,301.73
2022-12-19,21.25,79.5,292.53,0.0,302.12
2022-12-19,21.25,79.75,293.9,0.0,301.78
2022-12-19,21.5,78.75,294.28,0.0,302.06
2022-12-19,21.5,79.0,290.34,0.19,302.82
2022-12-19,21.5,79.25,292.66,0.2,302.11
2022-12-19,21.5,79.5,295.39,0.0,301.93
2022-12-19,21.5,79.75,293.21,0.0,302.16
2022-12-19,21.75,78.75,293.82,2.19,302.61
2022-12-19,21.75,79.0,292.57,1.11,303.34
2022-12-19,21.75,79.25,292.1,7.61,302.45
2022-12-19,21.75,79.5,293.97,0.0,301.48
2022-12-19,21.75,79.75,294.22,0.0,301.81
2022-12-20,20.75,78.75,293.87,0.0,302.26
2022-12-20,20.75,79.0,292.79,0.0,301.94
2022-12-20,20.75,79.25,291.21,5.19,302.45
2022-12-20,20.75,79.5,292.96,0.0,302.35
2022-12-20,20.75,79.75,294.64,2.04,301.72
2022-12-20,21.0,78.75,292.19,0.0,301.05
2022-12-20,21.0,79.0,290.49,1.69,302.3
2022-12-20,21.0,79.25,293.9,0.0,301.98
2022-12-20,21.0,79.5,293.02,0.7,302.16
2022-12-20,21.0,79.75,288.97,0.3,302.08
2022-12-20,21.25,78.75,292.89,0.0,301.23
2022-12-20,21.25,79.0,291.8,0.0,301.78
2022-12-20,21.25,79.25,291.8,0.0,302.61
2022-12-20,21.25,79.5,292.3,0.0,302.03
2022-12-20,21.25,79.75,292.77,8.08,301.84
2022-12-20,21.5,78.75,292.14,0.0,302.6
2022-12-20,21.5,79.0,292.91,0.38,302.45
2022-12-20,21.5,79.25,292.47,0.0,300.96
2022-12-20,21.5,79.5,292.74,0.0,302.79
2022-12-20,21.5,79.75,292.55,0.0,302.48
2022-12-20,21.75,78.75,292.32,0.0,301.33
2022-12-20,21.75,79.0,293.12,0.63,300.89
2022-12-20,21.75,79.25,293.84,0.0,301.67
2022-12-20,21.75,79.5,293.92,2.56,301.68
2022-12-20,21.75,79.75,294.08,0.0,301.86
2022-12-21,20.75,78.75,292.47,0.42,301.17
2022-12-21,20.75,79.0,291.27,0.79,301.75
2022-12-21,20.75,79.25,292.23,0.43,301.42
2022-12-21,20.75,79.5,293.91,4.04,302.25
2022-12-21,20.75,79.75,293.72,0.0,301.89
2022-12-21,21.0,78.75,289.31,0.23,302.59
2022-12-21,21.0,79.0,295.24,0.59,301.87
2022-12-21,21.0,79.25,295.32,0.65,301.27
2022-12-21,21.0,79.5,292.33,0.0,301.91
2022-12-21,21.0,79.75,293.87,0.35,302.42
2022-12-21,21.25,78.75,290.72,0.0,302.26
2022-12-21,21.25,79.0,290.9,0.0,301.97
2022-12-21,21.25,79.25,292.7,0.0,301.46
2022-12-21,21.25,79.5,293.54,0.0,301.02
2022-12-21,21.25,79.75,292.32,1.93,302.11
2022-12-21,21.5,78.75,293.04,0.0,302.14
2022-12-21,21.5,79.0,294.95,0.0,301.74
2022-12-21,21.5,79.25,295.28,0.0,301.53
2022-12-21,21.5,79.5,292.32,0.0,302.16
2022-12-21,21.5,79.75,294.23,1.4,302.24
2022-12-21,21.75,78.75,293.07,0.0,302.45
2022-12-21,21.75,79.0,294.56,0.0,301.87
2022-12-21,21.75,79.25,292.25,0.0,300.98
2022-12-21,21.75,79.5,291.73,2.16,302.04
2022-12-21,21.75,79.75,293.55,1.02,301.71
2022-12-22,20.75,78.75,294.84,0.0,302.44
2022-12-22,20.75,79.0,292.51,1.47,301.75
2022-12-22,20.75,79.25,292.09,0.0,301.62
2022-12-22,20.75,79.5,292.51,0.0,301.62
2022-12-22,20.75,79.75,294.45,1.1,302.45
2022-12-22,21.0,78.75,293.96,0.0,301.91
2022-12-22,21.0,79.0,293.25,0.0,302.65
2022-12-22,21.0,79.25,294.38,0.0,301.67
2022-12-22,21.0,79.5,294.78,0.23,301.58
2022-12-22,21.0,79.75,292.98,0.0,302.33
2022-12-22,21.25,78.75,292.75,0.75,301.52
2022-12-22,21.25,79.0,294.18,0.01,302.45
2022-12-22,21.25,79.25,292.44,0.64,302.14
2022-12-22,21.25,79.5,294.96,0.0,302.45
2022-12-22,21.25,79.75,291.81,0.0,302.12
2022-12-22,21.5,78.75,291.77,0.0,301.94
2022-12-22,21.5,79.0,291.7,0.0,301.15
2022-12-22,21.5,79.25,293.7,0.11,301.76
2022-12-22,21.5,79.5,293.81,0.0,302.25
2022-12-22,21.5,79.75,291.32,0.0,301.7
2022-12-22,21.75,78.75,292.53,0.16,302.51
2022-12-22,21.75,79.0,293.22,1.97,301.91
2022-12-22,21.75,79.25,293.57,0.0,301.6
2022-12-22,21.75,79.5,295.14,0.38,301.16
2022-12-22,21.75,79.75,292.75,0.49,301.4
2022-12-23,20.75,78.75,290.59,0.0,300.68
2022-12-23,20.75,79.0,292.3,0.0,302.28
2022-12-23,20.75,79.25,292.07,0.08,302.0
2022-12-23,20.75,79.5,294.84,0.0,302.6
2022-12-23,20.75,79.75,295.22,0.99,302.43
2022-12-23,21.0,78.75,292.12,0.86,302.16
2022-12-23,21.0,79.0,294.06,0.0,301.45
2022-12-23,21.0,79.25,290.37,2.04,302.16
2022-12-23,21.0,79.5,295.47,0.0,301.07
2022-12-23,21.0,79.75,291.58,1.8,302.22
2022-12-23,21.25,78.75,292.77,0.0,302.49
2022-12-23,21.25,79.0,293.5,0.99,301.79
2022-12-23,21.25,79.25,290.61,0.0,301.99
2022-12-23,21.25,79.5,292.95,0.0,303.16
2022-12-23,21.25,79.75,291.39,1.31,301.85
2022-12-23,21.5,78.75,295.01,0.0,302.2
2022-12-23,21.5,79.0,294.42,1.82,302.21
2022-12-23,21.5,79.25,292.06,0.36,302.0
2022-12-23,21.5,79.5,293.21,0.0,302.65
2022-12-23,21.5,79.75,293.84,1.37,302.08
2022-12-23,21.75,78.75,292.76,0.0,301.89
2022-12-23,21.75,79.0,295.06,0.0,300.89
2022-12-23,21.75,79.25,294.35,0.0,302.16
2022-12-23,21.75,79.5,293.4,0.0,302.37
2022-12-23,21.75,79.75,292.75,2.4,301.6
2022-12-24,20.75,78.75,292.04,0.82,301.87
2022-12-24,20.75,79.0,292.17,0.0,301.43
2022-12-24,20.75,79.25,292.31,0.0,301.14
2022-12-24,20.75,79.5,291.34,0.0,302.0
2022-12-24,20.75,79.75,292.79,0.0,302.13
2022-12-24,21.0,78.75,291.46,0.0,301.27
2022-12-24,21.0,79.0,291.47,0.0,302.09
2022-12-24,21.0,79.25,292.5,4.18,302.68
2022-12-24,21.0,79.5,292.41,0.3,301.44
2022-12-24,21.0,79.75,294.98,0.0,301.46
2022-12-24,21.25,78.75,291.25,1.17,301.29
2022-12-24,21.25,79.0,294.46,0.86,301.99
2022-12-24,21.25,79.25,292.96,0.0,302.73
2022-12-24,21.25,79.5,297.93,3.03,302.52
2022-12-24,21.25,79.75,291.91,0.0,302.14
2022-12-24,21.5,78.75,294.53,0.0,302.06
2022-12-24,21.5,79.0,292.27,0.0,301.87
2022-12-24,21.5,79.25,295.18,0.0,302.01
2022-12-24,21.5,79.5,293.26,4.0,302.08
2022-12-24,21.5,79.75,293.35,2.07,302.28
2022-12-24,21.75,78.75,294.3,1.81,301.88
2022-12-24,21.75,79.0,292.71,1.41,302.24
2022-12-24,21.75,79.25,293.65,0.0,302.5
2022-12-24,21.75,79.5,294.43,0.0,302.49
2022-12-24,21.75,79.75,292.09,0.21,302.79
2022-12-25,20.75,78.75,295.94,1.03,301.89
2022-12-25,20.75,79.0,294.39,0.0,301.23
2022-12-25,20.75,79.25,293.47,0.0,301.59
2022-12-25,20.75,79.5,293.85,0.0,301.83
2022-12-25,20.75,79.75,295.02,1.16,301.23
2022-12-25,21.0,78.75,293.09,0.0,301.41
2022-12-25,21.0,79.0,293.41,0.0,301.39
2022-12-25,21.0,79.25,292.53,0.0,302.26
2022-12-25,21.0,79.5,290.66,0.0,301.38
2022-12-25,21.0,79.75,291.64,0.59,301.96
2022-12-25,21.25,78.75,292.12,0.0,302.18
2022-12-25,21.25,79.0,288.93,0.34,302.01
2022-12-25,21.25,79.25,294.72,0.0,302.53
2022-12-25,21.25,79.5,293.46,0.0,301.59
2022-12-25,21.25,79.75,294.89,0.43,301.88
2022-12-25,21.5,78.75,291.77,0.0,301.7
2022-12-25,21.5,79.0,292.47,0.0,302.63
2022-12-25,21.5,79.25,294.53,2.13,301.85
2022-12-25,21.5,79.5,292.06,0.0,302.32
2022-12-25,21.5,79.75,291.98,2.35,301.78
2022-12-25,21.75,78.75,293.06,1.39,302.27
2022-12-25,21.75,79.0,290.85,0.0,302.74
2022-12-25,21.75,79.25,292.73,0.0,302.21
2022-12-25,21.75,79.5,296.62,1.18,301.88
2022-12-25,21.75,79.75,294.1,1.84,302.3
2022-12-26,20.75,78.75,293.25,0.86,301.28
2022-12-26,20.75,79.0,291.19,0.78,302.06
2022-12-26,20.75,79.25,292.88,1.75,301.67
2022-12-26,20.75,79.5,289.86,2.89,302.02
2022-12-26,20.75,79.75,293.86,8.49,302.65
2022-12-26,21.0,78.75,291.93,0.0,302.41
2022-12-26,21.0,79.0,292.06,1.66,302.1
2022-12-26,21.0,79.25,290.71,1.05,301.79
2022-12-26,21.0,79.5,293.73,0.0,302.15
2022-12-26,21.0,79.75,294.41,3.1,302.11
2022-12-26,21.25,78.75,293.7,0.0,301.6
2022-12-26,21.25,79.0,292.81,0.73,301.08
2022-12-26,21.25,79.25,292.01,2.59,301.68
2022-12-26,21.25,79.5,294.05,0.0,302.02
2022-12-26,21.25,79.75,293.72,0.0,303.02
2022-12-26,21.5,78.75,293.22,0.43,301.95
2022-12-26,21.5,79.0,290.8,0.0,302.28
2022-12-26,21.5,79.25,292.12,3.46,302.93
2022-12-26,21.5,79.5,291.63,0.0,301.64
2022-12-26,21.5,79.75,294.85,0.71,300.91
2022-12-26,21.75,78.75,292.71,0.0,301.85
2022-12-26,21.75,79.0,293.65,0.0,301.38
2022-12-26,21.75,79.25,295.34,0.0,301.35
2022-12-26,21.75,79.5,291.79,1.65,301.73
2022-12-26,21.75,79.75,294.08,0.0,302.87
2022-12-27,20.75,78.75,291.26,0.0,301.58
2022-12-27,20.75,79.0,291.62,0.1,301.95
2022-12-27,20.75,79.25,291.44,0.8,302.09
2022-12-27,20.75,79.5,295.0,1.28,302.33
2022-12-27,20.75,79.75,295.14,1.2,302.73
2022-12-27,21.0,78.75,294.46,0.0,301.7
2022-12-27,21.0,79.0,292.67,0.0,300.87
2022-12-27,21.0,79.25,293.12,0.59,301.92
2022-12-27,21.0,79.5,293.46,0.0,302.26
2022-12-27,21.0,79.75,291.95,0.0,301.83
2022-12-27,21.25,78.75,293.95,0.94,301.83
2022-12-27,21.25,79.0,293.44,0.0,301.97
2022-12-27,21.25,79.25,294.71,1.83,301.58
2022-12-27,21.25,79.5,291.7,0.67,302.0
2022-12-27,21.25,79.75,295.46,0.0,302.44
2022-12-27,21.5,78.75,295.31,0.7,301.26
2022-12-27,21.5,79.0,292.95,0.0,302.4
2022-12-27,21.5,79.25,291.6,0.0,302.25
2022-12-27,21.5,79.5,294.95,1.48,302.44
2022-12-27,21.5,79.75,294.14,0.0,302.07
2022-12-27,21.75,78.75,293.64,0.0,301.12
2022-12-27,21.75,79.0,293.04,0.0,301.85
2022-12-27,21.75,79.25,294.74,0.73,303.43
2022-12-27,21.75,79.5,293.06,0.0,302.47
2022-12-27,21.75,79.75,293.2,0.0,301.85
2022-12-28,20.75,78.75,293.12,0.0,302.26
2022-12-28,20.75,79.0,292.57,0.0,302.68
2022-12-28,20.75,79.25,293.62,0.0,301.51
2022-12-28,20.75,79.5,293.82,0.0,301.83
2022-12-28,20.75,79.75,294.8,0.0,302.63
2022-12-28,21.0,78.75,293.73,0.0,301.6
2022-12-28,21.0,79.0,292.7,2.41,301.96
2022-12-28,21.0,79.25,290.93,0.34,301.95
2022-12-28,21.0,79.5,291.07,0.0,302.08
2022-12-28,21.0,79.75,288.91,0.0,301.9
2022-12-28,21.25,78.75,295.25,7.45,301.68
2022-12-28,21.25,79.0,293.64,0.23,301.72
2022-12-28,21.25,79.25,289.57,0.45,301.73
2022-12-28,21.25,79.5,294.09,0.0,301.74
2022-12-28,21.25,79.75,293.55,2.09,301.98
2022-12-28,21.5,78.75,294.07,0.0,301.93
2022-12-28,21.5,79.0,293.29,1.02,302.28
2022-12-28,21.5,79.25,293.89,1.67,303.05
2022-12-28,21.5,79.5,293.39,0.1,301.83
2022-12-28,21.5,79.75,293.02,0.44,302.88
2022-12-28,21.75,78.75,294.06,1.89,302.52
2022-12-28,21.75,79.0,292.16,0.0,302.48
2022-12-28,21.75,79.25,291.56,5.53,302.22
2022-12-28,21.75,79.5,293.26,0.0,301.97
2022-12-28,21.75,79.75,293.49,2.49,302.15
2022-12-29,20.75,78.75,294.91,4.51,302.72
2022-12-29,20.75,79.0,292.96,1.43,302.13
2022-12-29,20.75,79.25,294.5,1.55,301.8
2022-12-29,20.75,79.5,291.55,0.0,302.64
2022-12-29,20.75,79.75,293.41,0.52,301.38
2022-12-29,21.0,78.75,293.58,0.0,302.52
2022-12-29,21.0,79.0,292.07,0.37,301.49
2022-12-29,21.0,79.25,293.23,0.0,302.9
2022-12-29,21.0,79.5,290.89,0.0,302.32
2022-12-29,21.0,79.75,293.44,0.0,302.17
2022-12-29,21.25,78.75,293.91,1.64,302.43
2022-12-29,21.25,79.0,292.87,0.0,300.9
2022-12-29,21.25,79.25,291.85,0.0,301.66
2022-12-29,21.25,79.5,291.38,0.0,301.58
2022-12-29,21.25,79.75,292.02,0.0,301.92
2022-12-29,21.5,78.75,295.3,0.0,302.37
2022-12-29,21.5,79.0,293.84,0.97,301.88
2022-12-29,21.5,79.25,293.43,1.45,300.95
2022-12-29,21.5,79.5,292.42,0.0,301.46
2022-12-29,21.5,79.75,292.85,0.0,301.74
2022-12-29,21.75,78.75,292.77,1.01,301.78
2022-12-29,21.75,79.0,293.01,0.0,302.02
2022-12-29,21.75,79.25,293.15,0.0,301.84
2022-12-29,21.75,79.5,293.44,0.0,301.77
2022-12-29,21.75,79.75,293.83,0.0,302.14
2022-12-30,20.75,78.75,293.46,2.89,301.72
2022-12-30,20.75,79.0,290.54,0.0,302.12
2022-12-30,20.75,79.25,293.69,0.0,302.48
2022-12-30,20.75,79.5,289.92,0.0,301.47
2022-12-30,20.75,79.75,291.92,1.29,301.78
2022-12-30,21.0,78.75,291.94,1.69,301.53
2022-12-30,21.0,79.0,294.73,0.0,301.56
2022-12-30,21.0,79.25,293.42,1.64,302.05
2022-12-30,21.0,79.5,294.08,0.0,302.38
2022-12-30,21.0,79.75,292.41,2.22,302.37
2022-12-30,21.25,78.75,292.56,4.69,301.74
2022-12-30,21.25,79.0,293.89,0.41,302.07
2022-12-30,21.25,79.25,295.72,0.0,302.28
2022-12-30,21.25,79.5,294.38,0.42,301.8
2022-12-30,21.25,79.75,295.16,0.62,301.57
2022-12-30,21.5,78.75,293.46,0.0,301.51
2022-12-30,21.5,79.0,290.6,6.53,302.32
2022-12-30,21.5,79.25,293.65,0.0,301.65
2022-12-30,21.5,79.5,290.72,0.28,302.13
2022-12-30,21.5,79.75,294.47,1.98,302.54
2022-12-30,21.75,78.75,294.27,4.29,301.45
2022-12-30,21.75,79.0,291.74,0.0,301.66
2022-12-30,21.75,79.25,295.06,0.0,302.41
2022-12-30,21.75,79.5,294.59,0.0,301.74
2022-12-30,21.75,79.75,291.23,6.63,302.61
2022-12-31,20.75,78.75,295.22,0.17,302.09
2022-12-31,20.75,79.0,291.58,2.93,300.82
2022-12-31,20.75,79.25,293.7,0.0,301.59
2022-12-31,20.75,79.5,293.99,0.62,301.46
2022-12-31,20.75,79.75,291.05,0.0,301.69
2022-12-31,21.0,78.75,292.53,0.0,302.47
2022-12-31,21.0,79.0,293.71,0.0,302.23
2022-12-31,21.0,79.25,293.63,0.49,301.75
2022-12-31,21.0,79.5,293.54,0.0,302.29
2022-12-31,21.0,79.75,292.47,0.0,301.88
2022-12-31,21.25,78.75,293.34,0.15,302.39
2022-12-31,21.25,79.0,292.25,0.0,301.98
2022-12-31,21.25,79.25,294.38,4.82,302.75
2022-12-31,21.25,79.5,292.32,0.0,302.9
2022-12-31,21.25,79.75,292.23,0.25,303.16
2022-12-31,21.5,78.75,292.19,3.72,302.14
2022-12-31,21.5,79.0,291.06,0.0,302.11
2022-12-31,21.5,79.25,290.82,0.0,301.43
2022-12-31,21.5,79.5,291.19,0.0,302.2
2022-12-31,21.5,79.75,294.37,0.59,302.03
2022-12-31,21.75,78.75,291.97,0.0,302.8
2022-12-31,21.75,79.0,293.61,0.0,301.26
2022-12-31,21.75,79.25,295.35,0.0,302.56
2022-12-31,21.75,79.5,293.54,0.0,302.95
2022-12-31,21.75,79.75,290.77,0.0,301.0
