observation_date,latitude_deg,longitude_deg,land_surface_temperature_K,rainfall_accumulation_mm,sea_surface_temperature_K
2024-01-01,20.75,78.75,293.19,1.83,302.05
2024-01-01,20.75,79.00,294.69,0.00,301.36
2024-01-01,20.75,79.25,293.50,0.00,302.85
2024-01-01,20.75,79.50,294.71,0.00,302.06
2024-01-01,20.75,79.75,294.82,0.00,301.87
2024-01-01,21.00,78.75,292.31,0.00,302.52
2024-01-01,21.00,79.00,291.42,0.00,301.10
2024-01-01,21.00,79.25,292.00,0.00,301.57
2024-01-01,21.00,79.50,293.73,0.00,301.83
2024-01-01,21.00,79.75,293.07,3.52,302.26
2024-01-01,21.25,78.75,291.40,0.36,301.92
2024-01-01,21.25,79.00,294.48,6.67,302.27
2024-01-01,21.25,79.25,292.61,0.00,301.79
2024-01-01,21.25,79.50,294.34,0.00,301.79
2024-01-01,21.25,79.75,292.87,1.16,302.49
2024-01-01,21.50,78.75,293.68,0.31,302.07
2024-01-01,21.50,79.00,291.92,0.00,302.27
2024-01-01,21.50,79.25,292.64,5.26,302.63
2024-01-01,21.50,79.50,291.70,0.00,301.39
2024-01-01,21.50,79.75,293.40,0.00,301.81
2024-01-01,21.75,78.75,290.33,0.00,301.90
2024-01-01,21.75,79.00,290.24,0.00,301.87
2024-01-01,21.75,79.25,293.23,0.56,302.13
2024-01-01,21.75,79.50,293.28,0.00,
2024-01-01,21.75,79.75,292.69,0.00,301.68
2024-01-02,20.75,78.75,294.92,0.00,302.35
2024-01-02,20.75,79.00,292.68,0.00,303.07
2024-01-02,20.75,79.25,291.82,0.00,301.59
2024-01-02,20.75,79.50,291.85,0.00,302.36
2024-01-02,20.75,79.75,291.98,0.00,302.42
2024-01-02,21.00,78.75,291.30,0.00,
2024-01-02,21.00,79.00,293.78,0.89,302.83
2024-01-02,21.00,79.25,290.38,0.00,300.54
2024-01-02,21.00,79.50,291.05,0.00,301.77
2024-01-02,21.00,79.75,294.49,0.00,301.02
2024-01-02,21.25,78.75,294.06,0.00,302.55
2024-01-02,21.25,79.00,294.50,0.00,301.73
2024-01-02,21.25,79.25,293.41,0.05,302.11
2024-01-02,21.25,79.50,293.91,1.29,302.41
2024-01-02,21.25,79.75,292.91,0.00,
2024-01-02,21.50,78.75,290.80,0.00,301.10
2024-01-02,21.50,79.00,293.37,0.00,301.49
2024-01-02,21.50,79.25,291.54,0.00,302.85
2024-01-02,21.50,79.50,291.56,1.65,302.79
2024-01-02,21.50,79.75,293.78,,
2024-01-02,21.75,78.75,291.17,3.40,302.12
2024-01-02,21.75,79.00,292.25,0.00,302.19
2024-01-02,21.75,79.25,,1.59,301.86
2024-01-02,21.75,79.50,290.69,0.00,300.88
2024-01-02,21.75,79.75,290.90,0.70,301.85
2024-01-03,20.75,78.75,293.04,1.07,301.78
2024-01-03,20.75,79.00,292.45,0.00,302.30
2024-01-03,20.75,79.25,294.40,0.00,301.84
2024-01-03,20.75,79.50,291.24,1.72,302.79
2024-01-03,20.75,79.75,292.83,0.00,303.26
2024-01-03,21.00,78.75,,0.28,302.23
2024-01-03,21.00,79.00,294.58,2.99,
2024-01-03,21.00,79.25,294.30,0.00,301.69
2024-01-03,21.00,79.50,291.92,0.00,302.17
2024-01-03,21.00,79.75,291.22,1.15,302.54
2024-01-03,21.25,78.75,294.49,0.00,301.83
2024-01-03,21.25,79.00,293.52,3.97,302.44
2024-01-03,21.25,79.25,293.61,,
2024-01-03,21.25,79.50,292.86,0.00,301.93
2024-01-03,21.25,79.75,293.72,,302.99
2024-01-03,21.50,78.75,291.75,0.00,301.99
2024-01-03,21.50,79.00,291.48,0.00,302.00
2024-01-03,21.50,79.25,294.95,0.00,302.31
2024-01-03,21.50,79.50,293.17,2.01,301.62
2024-01-03,21.50,79.75,293.00,0.00,301.12
2024-01-03,21.75,78.75,295.59,0.00,301.19
2024-01-03,21.75,79.00,293.51,0.00,302.60
2024-01-03,21.75,79.25,292.94,0.63,301.90
2024-01-03,21.75,79.50,296.01,0.37,301.66
2024-01-03,21.75,79.75,296.19,0.00,302.64
2024-01-04,20.75,78.75,294.68,0.00,302.27
2024-01-04,20.75,79.00,293.58,0.00,300.83
2024-01-04,20.75,79.25,291.44,2.04,302.64
2024-01-04,20.75,79.50,292.90,0.85,301.80
2024-01-04,20.75,79.75,291.46,1.49,301.57
2024-01-04,21.00,78.75,295.66,0.00,302.23
2024-01-04,21.00,79.00,290.68,0.77,301.88
2024-01-04,21.00,79.25,292.42,1.93,301.34
2024-01-04,21.00,79.50,296.46,0.00,301.94
2024-01-04,21.00,79.75,292.34,0.00,302.41
2024-01-04,21.25,78.75,293.19,,302.63
2024-01-04,21.25,79.00,291.34,0.00,301.70
2024-01-04,21.25,79.25,297.03,1.14,301.32
2024-01-04,21.25,79.50,293.09,1.66,301.98
2024-01-04,21.25,79.75,291.00,,301.31
2024-01-04,21.50,78.75,291.71,0.00,302.33
2024-01-04,21.50,79.00,294.17,0.00,301.22
2024-01-04,21.50,79.25,294.82,1.43,
2024-01-04,21.50,79.50,296.57,0.00,302.08
2024-01-04,21.50,79.75,295.29,0.00,301.51
2024-01-04,21.75,78.75,293.07,0.00,301.95
2024-01-04,21.75,79.00,294.19,0.00,301.92
2024-01-04,21.75,79.25,294.83,0.00,302.45
2024-01-04,21.75,79.50,291.45,0.32,302.12
2024-01-04,21.75,79.75,290.71,0.88,301.56
2024-01-05,20.75,78.75,291.80,1.18,301.55
2024-01-05,20.75,79.00,291.78,0.00,301.56
2024-01-05,20.75,79.25,293.63,0.00,301.61
2024-01-05,20.75,79.50,292.16,0.03,301.70
2024-01-05,20.75,79.75,294.87,0.00,301.70
2024-01-05,21.00,78.75,295.12,0.34,302.55
2024-01-05,21.00,79.00,292.88,0.00,301.46
2024-01-05,21.00,79.25,296.36,0.00,302.16
2024-01-05,21.00,79.50,291.32,0.00,301.74
2024-01-05,21.00,79.75,296.03,1.64,301.95
2024-01-05,21.25,78.75,293.06,0.99,301.79
2024-01-05,21.25,79.00,291.93,0.18,302.15
2024-01-05,21.25,79.25,291.83,0.00,301.45
2024-01-05,21.25,79.50,293.67,0.56,301.77
2024-01-05,21.25,79.75,294.81,2.11,302.65
2024-01-05,21.50,78.75,293.23,0.00,302.10
2024-01-05,21.50,79.00,293.64,3.79,302.79
2024-01-05,21.50,79.25,292.27,0.00,301.85
2024-01-05,21.50,79.50,294.03,,302.05
2024-01-05,21.50,79.75,292.84,0.27,301.83
2024-01-05,21.75,78.75,289.58,0.00,301.80
2024-01-05,21.75,79.00,291.62,0.00,301.28
2024-01-05,21.75,79.25,292.29,2.98,301.82
2024-01-05,21.75,79.50,291.82,0.00,301.78
2024-01-05,21.75,79.75,292.71,0.00,301.74
2024-01-06,20.75,78.75,294.47,0.00,302.46
2024-01-06,20.75,79.00,294.13,1.17,301.54
2024-01-06,20.75,79.25,292.72,1.57,301.77
2024-01-06,20.75,79.50,291.80,0.57,302.41
2024-01-06,20.75,79.75,292.99,2.44,301.95
2024-01-06,21.00,78.75,294.16,0.00,302.18
2024-01-06,21.00,79.00,291.95,1.47,302.66
2024-01-06,21.00,79.25,294.62,4.30,302.30
2024-01-06,21.00,79.50,293.79,0.00,302.25
2024-01-06,21.00,79.75,294.38,0.00,302.10
2024-01-06,21.25,78.75,291.56,1.32,301.96
2024-01-06,21.25,79.00,293.89,0.00,301.48
2024-01-06,21.25,79.25,294.72,0.29,302.02
2024-01-06,21.25,79.50,290.39,0.00,301.57
2024-01-06,21.25,79.75,296.18,2.44,301.65
2024-01-06,21.50,78.75,293.39,0.00,301.92
2024-01-06,21.50,79.00,291.95,0.00,302.82
2024-01-06,21.50,79.25,291.86,0.00,
2024-01-06,21.50,79.50,293.27,0.00,302.85
2024-01-06,21.50,79.75,294.21,0.06,301.92
2024-01-06,21.75,78.75,291.32,0.00,301.98
2024-01-06,21.75,79.00,294.30,0.31,302.68
2024-01-06,21.75,79.25,295.22,0.00,301.79
2024-01-06,21.75,79.50,293.31,0.00,301.74
2024-01-06,21.75,79.75,290.90,0.00,301.86
2024-01-07,20.75,78.75,291.70,0.00,302.34
2024-01-07,20.75,79.00,294.75,0.00,301.67
2024-01-07,20.75,79.25,289.95,2.49,302.06
2024-01-07,20.75,79.50,294.63,0.00,301.75
2024-01-07,20.75,79.75,294.88,0.25,302.09
2024-01-07,21.00,78.75,291.76,2.06,301.73
2024-01-07,21.00,79.00,293.12,0.00,301.50
2024-01-07,21.00,79.25,294.45,0.00,302.22
2024-01-07,21.00,79.50,293.73,0.00,302.71
2024-01-07,21.00,79.75,295.42,2.09,301.76
2024-01-07,21.25,78.75,293.05,0.92,302.56
2024-01-07,21.25,79.00,292.08,0.00,301.66
2024-01-07,21.25,79.25,293.38,0.00,302.51
2024-01-07,21.25,79.50,292.04,0.00,302.40
2024-01-07,21.25,79.75,292.58,0.78,301.52
2024-01-07,21.50,78.75,290.82,0.03,301.94
2024-01-07,21.50,79.00,295.18,1.61,302.11
2024-01-07,21.50,79.25,293.51,0.00,301.96
2024-01-07,21.50,79.50,293.50,0.20,301.72
2024-01-07,21.50,79.75,293.86,0.00,301.40
2024-01-07,21.75,78.75,293.93,0.00,301.87
2024-01-07,21.75,79.00,292.98,1.96,302.44
2024-01-07,21.75,79.25,294.07,0.00,301.16
2024-01-07,21.75,79.50,293.49,0.51,302.58
2024-01-07,21.75,79.75,,0.00,301.99
2024-01-08,20.75,78.75,293.02,0.00,301.69
2024-01-08,20.75,79.00,293.63,1.93,302.84
2024-01-08,20.75,79.25,290.83,0.00,302.05
2024-01-08,20.75,79.50,292.77,2.61,301.18
2024-01-08,20.75,79.75,291.18,0.00,302.62
2024-01-08,21.00,78.75,292.49,1.40,302.55
2024-01-08,21.00,79.00,291.91,0.00,302.48
2024-01-08,21.00,79.25,292.13,0.00,301.28
2024-01-08,21.00,79.50,293.65,0.00,302.45
2024-01-08,21.00,79.75,295.32,0.00,302.29
2024-01-08,21.25,78.75,293.92,0.15,302.26
2024-01-08,21.25,79.00,294.67,0.93,302.76
2024-01-08,21.25,79.25,294.05,0.00,302.11
2024-01-08,21.25,79.50,295.96,0.00,302.33
2024-01-08,21.25,79.75,295.58,0.28,302.35
2024-01-08,21.50,78.75,292.36,0.00,302.53
2024-01-08,21.50,79.00,293.97,0.71,302.94
2024-01-08,21.50,79.25,293.27,0.00,301.16
2024-01-08,21.50,79.50,293.19,,302.08
2024-01-08,21.50,79.75,291.02,1.25,302.40
2024-01-08,21.75,78.75,293.02,0.00,302.01
2024-01-08,21.75,79.00,293.36,5.74,302.17
2024-01-08,21.75,79.25,295.13,0.92,301.05
2024-01-08,21.75,79.50,293.61,0.00,302.06
2024-01-08,21.75,79.75,292.67,0.00,301.71
2024-01-09,20.75,78.75,296.13,1.76,302.53
2024-01-09,20.75,79.00,293.82,0.00,301.14
2024-01-09,20.75,79.25,295.69,0.00,301.96
2024-01-09,20.75,79.50,294.87,0.00,301.15
2024-01-09,20.75,79.75,295.08,0.00,302.63
2024-01-09,21.00,78.75,292.96,0.00,301.65
2024-01-09,21.00,79.00,,0.00,303.30
2024-01-09,21.00,79.25,291.75,0.16,300.95
2024-01-09,21.00,79.50,292.50,5.05,301.93
2024-01-09,21.00,79.75,293.63,0.00,301.73
2024-01-09,21.25,78.75,293.21,0.00,301.18
2024-01-09,21.25,79.00,292.90,0.00,302.39
2024-01-09,21.25,79.25,293.35,0.00,301.97
2024-01-09,21.25,79.50,292.35,0.00,302.91
2024-01-09,21.25,79.75,294.56,0.00,301.94
2024-01-09,21.50,78.75,293.65,2.45,303.33
2024-01-09,21.50,79.00,293.13,0.00,302.65
2024-01-09,21.50,79.25,295.82,0.00,301.35
2024-01-09,21.50,79.50,294.14,0.20,302.75
2024-01-09,21.50,79.75,293.91,8.07,302.03
2024-01-09,21.75,78.75,294.82,0.00,301.65
2024-01-09,21.75,79.00,292.51,0.00,301.75
2024-01-09,21.75,79.25,290.25,2.26,301.79
2024-01-09,21.75,79.50,295.75,8.71,302.12
2024-01-09,21.75,79.75,293.20,0.00,301.71
2024-01-10,20.75,78.75,297.00,0.00,301.85
2024-01-10,20.75,79.00,293.94,0.00,301.59
2024-01-10,20.75,79.25,,,301.83
2024-01-10,20.75,79.50,,1.01,301.69
2024-01-10,20.75,79.75,293.76,5.15,302.14
2024-01-10,21.00,78.75,292.76,0.06,302.56
2024-01-10,21.00,79.00,293.74,0.00,303.02
2024-01-10,21.00,79.25,297.41,2.81,
2024-01-10,21.00,79.50,292.71,0.00,302.64
2024-01-10,21.00,79.75,292.30,0.00,301.16
2024-01-10,21.25,78.75,293.00,0.00,302.28
2024-01-10,21.25,79.00,294.73,0.00,302.00
2024-01-10,21.25,79.25,293.05,1.18,302.07
2024-01-10,21.25,79.50,292.30,2.18,301.38
2024-01-10,21.25,79.75,292.35,0.00,302.71
2024-01-10,21.50,78.75,293.34,0.00,301.55
2024-01-10,21.50,79.00,292.09,2.61,301.63
2024-01-10,21.50,79.25,293.61,0.00,301.95
2024-01-10,21.50,79.50,292.57,2.31,301.18
2024-01-10,21.50,79.75,291.32,0.57,301.81
2024-01-10,21.75,78.75,293.39,4.12,302.16
2024-01-10,21.75,79.00,293.83,1.38,302.34
2024-01-10,21.75,79.25,292.42,0.00,301.10
2024-01-10,21.75,79.50,294.20,0.24,301.95
2024-01-10,21.75,79.75,292.28,0.99,302.06
2024-01-11,20.75,78.75,293.74,0.69,302.46
2024-01-11,20.75,79.00,294.31,0.00,302.76
2024-01-11,20.75,79.25,,1.01,301.51
2024-01-11,20.75,79.50,294.24,0.00,301.80
2024-01-11,20.75,79.75,,3.70,301.36
2024-01-11,21.00,78.75,293.27,0.00,
2024-01-11,21.00,79.00,291.65,0.00,302.05
2024-01-11,21.00,79.25,291.07,0.00,301.28
2024-01-11,21.00,79.50,294.63,0.50,301.64
2024-01-11,21.00,79.75,290.14,0.00,
2024-01-11,21.25,78.75,292.48,0.00,301.36
2024-01-11,21.25,79.00,292.94,0.65,302.14
2024-01-11,21.25,79.25,294.60,0.00,302.59
2024-01-11,21.25,79.50,293.44,0.32,300.91
2024-01-11,21.25,79.75,295.14,0.00,302.74
2024-01-11,21.50,78.75,293.28,0.00,301.93
2024-01-11,21.50,79.00,295.09,0.87,302.04
2024-01-11,21.50,79.25,294.88,0.00,302.08
2024-01-11,21.50,79.50,296.11,0.00,301.29
2024-01-11,21.50,79.75,293.39,0.61,301.10
2024-01-11,21.75,78.75,294.26,,301.40
2024-01-11,21.75,79.00,292.17,0.00,301.64
2024-01-11,21.75,79.25,293.36,0.00,301.64
2024-01-11,21.75,79.50,295.39,0.00,301.04
2024-01-11,21.75,79.75,295.28,1.91,302.10
2024-01-12,20.75,78.75,293.63,0.00,301.74
2024-01-12,20.75,79.00,294.58,0.00,301.82
2024-01-12,20.75,79.25,293.74,2.89,302.99
2024-01-12,20.75,79.50,294.26,1.51,302.72
2024-01-12,20.75,79.75,294.52,0.00,301.95
2024-01-12,21.00,78.75,292.65,0.00,302.36
2024-01-12,21.00,79.00,293.26,0.07,302.07
2024-01-12,21.00,79.25,294.33,0.00,302.10
2024-01-12,21.00,79.50,291.69,0.00,301.09
2024-01-12,21.00,79.75,289.68,3.61,302.08
2024-01-12,21.25,78.75,294.75,0.02,301.83
2024-01-12,21.25,79.00,291.24,2.84,302.15
2024-01-12,21.25,79.25,292.63,0.00,302.54
2024-01-12,21.25,79.50,294.83,0.00,301.01
2024-01-12,21.25,79.75,292.87,0.99,301.94
2024-01-12,21.50,78.75,292.04,2.17,301.58
2024-01-12,21.50,79.00,293.87,0.00,301.92
2024-01-12,21.50,79.25,295.55,0.00,301.70
2024-01-12,21.50,79.50,293.36,1.09,301.75
2024-01-12,21.50,79.75,292.74,0.00,301.68
2024-01-12,21.75,78.75,291.95,1.52,301.85
2024-01-12,21.75,79.00,295.41,0.14,301.95
2024-01-12,21.75,79.25,293.22,0.76,302.71
2024-01-12,21.75,79.50,294.03,2.67,301.66
2024-01-12,21.75,79.75,293.24,0.58,302.56
2024-01-13,20.75,78.75,296.57,1.01,301.24
2024-01-13,20.75,79.00,293.45,2.69,302.13
2024-01-13,20.75,79.25,293.78,0.00,302.14
2024-01-13,20.75,79.50,291.93,0.00,301.57
2024-01-13,20.75,79.75,293.11,0.00,302.61
2024-01-13,21.00,78.75,292.19,0.00,301.19
2024-01-13,21.00,79.00,293.12,0.00,302.64
2024-01-13,21.00,79.25,297.68,3.37,301.94
2024-01-13,21.00,79.50,,2.57,301.92
2024-01-13,21.00,79.75,295.10,0.00,302.76
2024-01-13,21.25,78.75,291.36,5.16,300.70
2024-01-13,21.25,79.00,291.85,0.00,301.72
2024-01-13,21.25,79.25,297.98,0.00,301.45
2024-01-13,21.25,79.50,293.76,0.00,302.68
2024-01-13,21.25,79.75,293.62,0.00,302.64
2024-01-13,21.50,78.75,292.62,0.00,301.83
2024-01-13,21.50,79.00,293.48,0.33,
2024-01-13,21.50,79.25,293.71,1.01,302.42
2024-01-13,21.50,79.50,292.90,0.00,302.54
2024-01-13,21.50,79.75,292.28,0.07,301.79
2024-01-13,21.75,78.75,291.24,0.00,300.81
2024-01-13,21.75,79.00,296.03,0.00,302.36
2024-01-13,21.75,79.25,291.59,0.00,301.11
2024-01-13,21.75,79.50,292.70,0.00,301.45
2024-01-13,21.75,79.75,294.15,0.00,302.43
2024-01-14,20.75,78.75,296.65,0.00,302.21
2024-01-14,20.75,79.00,295.35,0.00,302.31
2024-01-14,20.75,79.25,293.30,0.00,302.61
2024-01-14,20.75,79.50,293.09,0.49,301.88
2024-01-14,20.75,79.75,293.34,0.00,301.55
2024-01-14,21.00,78.75,294.01,3.09,302.42
2024-01-14,21.00,79.00,295.02,3.14,302.48
2024-01-14,21.00,79.25,,0.00,301.95
2024-01-14,21.00,79.50,292.65,1.26,301.18
2024-01-14,21.00,79.75,294.98,0.00,302.31
2024-01-14,21.25,78.75,294.53,0.74,301.98
2024-01-14,21.25,79.00,294.06,0.00,300.65
2024-01-14,21.25,79.25,291.73,0.58,302.52
2024-01-14,21.25,79.50,293.46,0.00,301.18
2024-01-14,21.25,79.75,291.93,0.00,301.26
2024-01-14,21.50,78.75,292.75,0.00,302.43
2024-01-14,21.50,79.00,293.15,2.33,302.02
2024-01-14,21.50,79.25,292.18,1.79,301.50
2024-01-14,21.50,79.50,294.51,0.00,301.50
2024-01-14,21.50,79.75,295.16,0.00,301.96
2024-01-14,21.75,78.75,290.41,3.39,301.66
2024-01-14,21.75,79.00,295.38,0.05,303.03
2024-01-14,21.75,79.25,292.38,0.00,302.79
2024-01-14,21.75,79.50,292.48,0.36,301.99
2024-01-14,21.75,79.75,293.68,0.31,300.54
2024-01-15,20.75,78.75,293.38,0.00,302.68
2024-01-15,20.75,79.00,293.87,0.00,301.65
2024-01-15,20.75,79.25,295.82,0.00,301.11
2024-01-15,20.75,79.50,293.97,0.00,302.74
2024-01-15,20.75,79.75,291.04,0.00,301.75
2024-01-15,21.00,78.75,291.80,2.19,
2024-01-15,21.00,79.00,293.96,0.00,302.04
2024-01-15,21.00,79.25,295.33,0.00,301.90
2024-01-15,21.00,79.50,292.64,0.00,301.18
2024-01-15,21.00,79.75,291.84,0.13,301.79
2024-01-15,21.25,78.75,292.45,0.76,301.47
2024-01-15,21.25,79.00,295.73,0.00,301.82
2024-01-15,21.25,79.25,294.35,2.02,301.27
2024-01-15,21.25,79.50,292.19,0.00,302.35
2024-01-15,21.25,79.75,293.06,,302.23
2024-01-15,21.50,78.75,294.59,0.11,301.59
2024-01-15,21.50,79.00,292.66,1.98,301.46
2024-01-15,21.50,79.25,291.23,0.00,302.22
2024-01-15,21.50,79.50,293.97,0.00,301.85
2024-01-15,21.50,79.75,292.77,0.00,302.05
2024-01-15,21.75,78.75,295.05,0.00,300.98
2024-01-15,21.75,79.00,294.44,0.00,302.26
2024-01-15,21.75,79.25,295.02,0.65,301.46
2024-01-15,21.75,79.50,292.59,6.63,302.45
2024-01-15,21.75,79.75,292.46,3.04,301.99
2024-01-16,20.75,78.75,293.68,0.00,301.14
2024-01-16,20.75,79.00,295.74,0.00,301.61
2024-01-16,20.75,79.25,293.88,1.76,301.18
2024-01-16,20.75,79.50,295.07,0.00,301.12
2024-01-16,20.75,79.75,290.28,0.00,300.85
2024-01-16,21.00,78.75,293.09,0.00,302.04
2024-01-16,21.00,79.00,296.42,0.00,302.08
2024-01-16,21.00,79.25,291.46,0.06,301.90
2024-01-16,21.00,79.50,295.49,0.00,301.95
2024-01-16,21.00,79.75,291.43,0.00,301.99
2024-01-16,21.25,78.75,293.61,1.37,301.99
2024-01-16,21.25,79.00,293.06,3.61,302.00
2024-01-16,21.25,79.25,292.16,0.00,302.01
2024-01-16,21.25,79.50,290.26,0.00,302.57
2024-01-16,21.25,79.75,296.49,0.00,302.82
2024-01-16,21.50,78.75,293.80,0.07,301.81
2024-01-16,21.50,79.00,292.08,1.21,303.21
2024-01-16,21.50,79.25,293.40,0.00,301.99
2024-01-16,21.50,79.50,295.88,0.00,302.11
2024-01-16,21.50,79.75,295.21,0.00,301.66
2024-01-16,21.75,78.75,293.77,0.07,302.43
2024-01-16,21.75,79.00,293.92,0.00,
2024-01-16,21.75,79.25,296.41,0.00,302.19
2024-01-16,21.75,79.50,293.25,0.00,301.22
2024-01-16,21.75,79.75,293.18,0.00,302.06
2024-01-17,20.75,78.75,295.07,0.00,301.24
2024-01-17,20.75,79.00,296.10,0.00,301.88
2024-01-17,20.75,79.25,293.76,0.00,301.91
2024-01-17,20.75,79.50,293.09,0.00,301.11
2024-01-17,20.75,79.75,290.14,0.00,303.16
2024-01-17,21.00,78.75,295.86,0.00,301.03
2024-01-17,21.00,79.00,292.69,0.00,301.72
2024-01-17,21.00,79.25,294.28,0.12,301.83
2024-01-17,21.00,79.50,294.20,0.00,302.22
2024-01-17,21.00,79.75,293.59,0.00,301.29
2024-01-17,21.25,78.75,295.45,0.00,301.51
2024-01-17,21.25,79.00,294.20,0.00,301.26
2024-01-17,21.25,79.25,290.93,2.44,302.52
2024-01-17,21.25,79.50,294.75,3.33,300.84
2024-01-17,21.25,79.75,292.75,0.00,302.04
2024-01-17,21.50,78.75,294.26,0.00,301.54
2024-01-17,21.50,79.00,295.23,0.38,301.60
2024-01-17,21.50,79.25,292.53,2.54,301.91
2024-01-17,21.50,79.50,293.17,3.57,301.24
2024-01-17,21.50,79.75,295.02,0.00,301.76
2024-01-17,21.75,78.75,296.35,0.00,301.80
2024-01-17,21.75,79.00,296.43,0.00,301.95
2024-01-17,21.75,79.25,294.87,0.00,302.12
2024-01-17,21.75,79.50,293.84,0.00,300.72
2024-01-17,21.75,79.75,291.88,1.23,301.77
2024-01-18,20.75,78.75,293.15,0.62,302.08
2024-01-18,20.75,79.00,291.05,0.00,302.41
2024-01-18,20.75,79.25,,0.00,
2024-01-18,20.75,79.50,295.67,0.00,301.47
2024-01-18,20.75,79.75,293.74,0.47,302.46
2024-01-18,21.00,78.75,,2.19,302.51
2024-01-18,21.00,79.00,294.21,0.00,302.57
2024-01-18,21.00,79.25,292.34,0.00,302.58
2024-01-18,21.00,79.50,295.36,0.00,302.44
2024-01-18,21.00,79.75,293.75,0.00,301.85
2024-01-18,21.25,78.75,293.29,0.00,301.37
2024-01-18,21.25,79.00,296.31,0.00,301.34
2024-01-18,21.25,79.25,293.47,0.00,302.30
2024-01-18,21.25,79.50,294.46,0.00,301.47
2024-01-18,21.25,79.75,291.45,0.00,302.14
2024-01-18,21.50,78.75,293.07,0.89,
2024-01-18,21.50,79.00,292.43,0.00,301.40
2024-01-18,21.50,79.25,294.62,0.92,302.34
2024-01-18,21.50,79.50,292.72,1.33,301.77
2024-01-18,21.50,79.75,293.22,0.60,301.41
2024-01-18,21.75,78.75,292.98,0.00,300.90
2024-01-18,21.75,79.00,292.76,0.00,301.14
2024-01-18,21.75,79.25,295.01,1.72,301.58
2024-01-18,21.75,79.50,295.80,4.35,301.98
2024-01-18,21.75,79.75,295.10,0.00,302.17
2024-01-19,20.75,78.75,292.88,0.73,302.45
2024-01-19,20.75,79.00,292.72,4.54,302.73
2024-01-19,20.75,79.25,292.43,3.81,302.63
2024-01-19,20.75,79.50,292.11,0.00,302.49
2024-01-19,20.75,79.75,295.74,0.00,302.12
2024-01-19,21.00,78.75,292.12,1.57,301.80
2024-01-19,21.00,79.00,294.47,0.00,301.76
2024-01-19,21.00,79.25,291.21,0.60,302.03
2024-01-19,21.00,79.50,294.82,0.00,302.10
2024-01-19,21.00,79.75,294.79,2.68,301.21
2024-01-19,21.25,78.75,294.77,0.00,301.95
2024-01-19,21.25,79.00,293.37,1.28,300.67
2024-01-19,21.25,79.25,293.30,2.18,301.97
2024-01-19,21.25,79.50,292.98,0.83,301.69
2024-01-19,21.25,79.75,291.96,0.00,301.87
2024-01-19,21.50,78.75,293.99,0.00,302.34
2024-01-19,21.50,79.00,293.41,1.68,302.19
2024-01-19,21.50,79.25,295.96,0.89,301.85
2024-01-19,21.50,79.50,294.70,2.32,302.06
2024-01-19,21.50,79.75,294.70,0.00,301.67
2024-01-19,21.75,78.75,295.50,2.16,301.39
2024-01-19,21.75,79.00,293.70,0.00,301.91
2024-01-19,21.75,79.25,293.83,0.00,302.42
2024-01-19,21.75,79.50,295.12,0.00,301.27
2024-01-19,21.75,79.75,296.35,4.24,301.41
2024-01-20,20.75,78.75,294.21,0.35,301.21
2024-01-20,20.75,79.00,292.69,0.85,301.84
2024-01-20,20.75,79.25,295.90,0.00,302.63
2024-01-20,20.75,79.50,294.73,0.00,301.71
2024-01-20,20.75,79.75,293.19,0.00,301.34
2024-01-20,21.00,78.75,294.83,1.79,301.63
2024-01-20,21.00,79.00,294.29,0.00,302.20
2024-01-20,21.00,79.25,292.19,2.56,301.08
2024-01-20,21.00,79.50,292.84,0.00,302.17
2024-01-20,21.00,79.75,292.92,5.52,302.22
2024-01-20,21.25,78.75,294.19,0.00,301.99
2024-01-20,21.25,79.00,295.33,0.00,302.21
2024-01-20,21.25,79.25,294.36,0.00,301.36
2024-01-20,21.25,79.50,293.91,4.18,302.21
2024-01-20,21.25,79.75,292.35,1.43,301.08
2024-01-20,21.50,78.75,291.40,0.00,301.74
2024-01-20,21.50,79.00,294.83,1.01,301.23
2024-01-20,21.50,79.25,293.60,0.00,301.42
2024-01-20,21.50,79.50,,0.00,301.86
2024-01-20,21.50,79.75,293.98,0.00,301.20
2024-01-20,21.75,78.75,294.46,0.00,302.29
2024-01-20,21.75,79.00,294.25,0.15,301.80
2024-01-20,21.75,79.25,295.29,0.00,302.92
2024-01-20,21.75,79.50,296.57,,301.88
2024-01-20,21.75,79.75,293.43,0.00,302.39
2024-01-21,20.75,78.75,294.74,0.78,301.91
2024-01-21,20.75,79.00,293.35,0.00,301.86
2024-01-21,20.75,79.25,296.63,0.51,301.24
2024-01-21,20.75,79.50,295.86,0.00,301.41
2024-01-21,20.75,79.75,295.19,2.54,302.48
2024-01-21,21.00,78.75,293.80,2.67,302.13
2024-01-21,21.00,79.00,295.99,0.00,301.92
2024-01-21,21.00,79.25,290.33,0.00,300.48
2024-01-21,21.00,79.50,293.43,0.00,300.93
2024-01-21,21.00,79.75,293.84,0.00,301.64
2024-01-21,21.25,78.75,293.00,0.00,301.49
2024-01-21,21.25,79.00,293.54,3.54,302.42
2024-01-21,21.25,79.25,294.71,0.00,302.96
2024-01-21,21.25,79.50,292.44,3.19,302.29
2024-01-21,21.25,79.75,296.21,3.22,302.40
2024-01-21,21.50,78.75,290.98,1.20,301.30
2024-01-21,21.50,79.00,292.98,0.00,301.41
2024-01-21,21.50,79.25,293.04,8.72,301.18
2024-01-21,21.50,79.50,291.40,0.00,302.11
2024-01-21,21.50,79.75,,0.00,301.37
2024-01-21,21.75,78.75,296.70,0.00,301.28
2024-01-21,21.75,79.00,291.55,0.00,301.54
2024-01-21,21.75,79.25,294.27,0.00,302.19
2024-01-21,21.75,79.50,293.58,0.00,301.71
2024-01-21,21.75,79.75,293.90,0.00,301.97
2024-01-22,20.75,78.75,295.30,2.36,301.60
2024-01-22,20.75,79.00,292.99,3.29,301.49
2024-01-22,20.75,79.25,293.46,4.15,301.21
2024-01-22,20.75,79.50,292.41,0.38,302.21
2024-01-22,20.75,79.75,295.89,,300.94
2024-01-22,21.00,78.75,293.61,0.00,302.38
2024-01-22,21.00,79.00,291.19,0.00,301.65
2024-01-22,21.00,79.25,292.64,0.00,301.49
2024-01-22,21.00,79.50,295.13,0.14,302.68
2024-01-22,21.00,79.75,293.84,0.00,300.68
2024-01-22,21.25,78.75,297.03,0.56,301.44
2024-01-22,21.25,79.00,291.57,0.00,301.29
2024-01-22,21.25,79.25,290.85,0.00,302.95
2024-01-22,21.25,79.50,292.91,0.88,303.24
2024-01-22,21.25,79.75,295.03,0.35,301.86
2024-01-22,21.50,78.75,294.16,0.00,302.42
2024-01-22,21.50,79.00,293.64,0.00,300.92
2024-01-22,21.50,79.25,294.54,0.00,301.45
2024-01-22,21.50,79.50,292.23,0.00,301.89
2024-01-22,21.50,79.75,295.01,0.00,302.46
2024-01-22,21.75,78.75,,0.00,301.72
2024-01-22,21.75,79.00,295.11,0.87,301.75
2024-01-22,21.75,79.25,294.63,5.91,301.92
2024-01-22,21.75,79.50,293.81,0.00,301.87
2024-01-22,21.75,79.75,294.56,0.00,302.20
2024-01-23,20.75,78.75,294.26,0.00,302.20
2024-01-23,20.75,79.00,294.69,,301.45
2024-01-23,20.75,79.25,293.86,1.36,301.46
2024-01-23,20.75,79.50,294.71,0.00,301.05
2024-01-23,20.75,79.75,294.55,0.58,300.79
2024-01-23,21.00,78.75,293.86,0.00,302.40
2024-01-23,21.00,79.00,291.06,4.25,301.68
2024-01-23,21.00,79.25,296.77,1.57,301.09
2024-01-23,21.00,79.50,292.73,0.81,301.61
2024-01-23,21.00,79.75,292.86,1.39,301.18
2024-01-23,21.25,78.75,295.33,0.00,301.43
2024-01-23,21.25,79.00,293.21,0.00,301.97
2024-01-23,21.25,79.25,297.79,0.13,302.38
2024-01-23,21.25,79.50,292.63,1.05,302.61
2024-01-23,21.25,79.75,294.93,0.00,301.72
2024-01-23,21.50,78.75,294.56,4.06,302.64
2024-01-23,21.50,79.00,293.23,0.60,302.19
2024-01-23,21.50,79.25,291.08,0.00,301.46
2024-01-23,21.50,79.50,296.05,4.37,301.64
2024-01-23,21.50,79.75,293.79,4.60,301.93
2024-01-23,21.75,78.75,291.91,0.00,302.12
2024-01-23,21.75,79.00,292.98,0.00,302.13
2024-01-23,21.75,79.25,292.50,0.00,302.05
2024-01-23,21.75,79.50,292.97,0.00,301.78
2024-01-23,21.75,79.75,294.04,6.34,302.25
2024-01-24,20.75,78.75,294.92,0.00,302.25
2024-01-24,20.75,79.00,295.50,0.29,301.82
2024-01-24,20.75,79.25,294.03,0.00,302.05
2024-01-24,20.75,79.50,293.14,0.00,300.60
2024-01-24,20.75,79.75,294.56,2.58,301.72
2024-01-24,21.00,78.75,292.45,0.00,301.21
2024-01-24,21.00,79.00,292.65,0.00,301.74
2024-01-24,21.00,79.25,295.64,0.00,302.32
2024-01-24,21.00,79.50,294.83,0.00,301.55
2024-01-24,21.00,79.75,294.70,0.00,302.53
2024-01-24,21.25,78.75,291.99,9.74,
2024-01-24,21.25,79.00,295.20,2.53,301.05
2024-01-24,21.25,79.25,294.60,0.00,301.95
2024-01-24,21.25,79.50,293.89,0.00,301.85
2024-01-24,21.25,79.75,293.61,0.00,301.89
2024-01-24,21.50,78.75,294.13,2.37,301.36
2024-01-24,21.50,79.00,292.69,,301.85
2024-01-24,21.50,79.25,295.07,0.00,302.26
2024-01-24,21.50,79.50,296.38,8.82,301.84
2024-01-24,21.50,79.75,292.67,0.00,303.31
2024-01-24,21.75,78.75,292.44,0.00,302.14
2024-01-24,21.75,79.00,294.03,0.00,301.76
2024-01-24,21.75,79.25,294.90,0.00,302.50
2024-01-24,21.75,79.50,295.91,0.00,302.08
2024-01-24,21.75,79.75,293.68,0.00,300.87
2024-01-25,20.75,78.75,288.98,0.00,
2024-01-25,20.75,79.00,293.68,0.00,301.29
2024-01-25,20.75,79.25,295.27,0.73,
2024-01-25,20.75,79.50,292.79,5.47,301.92
2024-01-25,20.75,79.75,291.05,1.17,301.03
2024-01-25,21.00,78.75,295.46,0.00,302.00
2024-01-25,21.00,79.00,294.86,0.00,301.62
2024-01-25,21.00,79.25,294.88,2.25,302.17
2024-01-25,21.00,79.50,293.05,0.00,302.32
2024-01-25,21.00,79.75,295.24,0.46,301.51
2024-01-25,21.25,78.75,293.25,0.59,302.06
2024-01-25,21.25,79.00,292.26,0.30,301.98
2024-01-25,21.25,79.25,294.31,0.00,301.10
2024-01-25,21.25,79.50,292.87,0.00,301.58
2024-01-25,21.25,79.75,295.81,3.00,302.27
2024-01-25,21.50,78.75,293.94,0.73,301.52
2024-01-25,21.50,79.00,294.84,0.13,301.30
2024-01-25,21.50,79.25,293.87,0.00,302.35
2024-01-25,21.50,79.50,296.98,3.28,302.36
2024-01-25,21.50,79.75,295.49,0.05,302.14
2024-01-25,21.75,78.75,295.04,0.00,301.89
2024-01-25,21.75,79.00,295.15,0.57,301.76
2024-01-25,21.75,79.25,296.15,0.00,300.53
2024-01-25,21.75,79.50,293.64,0.00,302.00
2024-01-25,21.75,79.75,293.94,0.14,301.23
2024-01-26,20.75,78.75,294.21,0.05,302.29
2024-01-26,20.75,79.00,292.90,0.00,301.53
2024-01-26,20.75,79.25,290.98,1.96,301.72
2024-01-26,20.75,79.50,293.72,0.00,301.31
2024-01-26,20.75,79.75,292.88,0.00,302.48
2024-01-26,21.00,78.75,292.14,0.00,301.64
2024-01-26,21.00,79.00,,2.21,301.27
2024-01-26,21.00,79.25,296.68,1.43,302.21
2024-01-26,21.00,79.50,295.18,0.00,301.63
2024-01-26,21.00,79.75,295.26,1.53,301.54
2024-01-26,21.25,78.75,293.69,0.00,302.05
2024-01-26,21.25,79.00,294.79,0.00,302.26
2024-01-26,21.25,79.25,292.63,0.00,302.03
2024-01-26,21.25,79.50,295.03,0.00,302.62
2024-01-26,21.25,79.75,293.69,0.00,
2024-01-26,21.50,78.75,295.25,0.00,301.59
2024-01-26,21.50,79.00,293.20,0.00,301.70
2024-01-26,21.50,79.25,297.08,0.00,302.09
2024-01-26,21.50,79.50,290.54,0.00,302.54
2024-01-26,21.50,79.75,294.67,0.39,302.18
2024-01-26,21.75,78.75,292.75,0.15,300.96
2024-01-26,21.75,79.00,294.72,0.00,300.45
2024-01-26,21.75,79.25,294.55,0.00,301.92
2024-01-26,21.75,79.50,295.56,1.96,301.75
2024-01-26,21.75,79.75,293.96,0.00,301.83
2024-01-27,20.75,78.75,296.80,0.00,300.77
2024-01-27,20.75,79.00,293.87,,302.15
2024-01-27,20.75,79.25,290.46,0.00,300.60
2024-01-27,20.75,79.50,293.43,0.00,302.21
2024-01-27,20.75,79.75,294.96,0.25,301.03
2024-01-27,21.00,78.75,294.45,0.00,302.14
2024-01-27,21.00,79.00,291.60,0.00,301.76
2024-01-27,21.00,79.25,293.58,0.20,
2024-01-27,21.00,79.50,293.28,7.25,301.11
2024-01-27,21.00,79.75,295.67,0.00,301.63
2024-01-27,21.25,78.75,294.30,2.10,302.37
2024-01-27,21.25,79.00,294.35,0.00,301.52
2024-01-27,21.25,79.25,296.49,0.00,302.34
2024-01-27,21.25,79.50,293.09,0.30,301.45
2024-01-27,21.25,79.75,294.24,0.00,300.40
2024-01-27,21.50,78.75,295.07,0.00,301.81
2024-01-27,21.50,79.00,293.30,0.00,300.58
2024-01-27,21.50,79.25,293.52,0.00,302.10
2024-01-27,21.50,79.50,294.69,7.26,302.29
2024-01-27,21.50,79.75,293.27,4.28,301.29
2024-01-27,21.75,78.75,,1.23,301.14
2024-01-27,21.75,79.00,292.48,0.00,302.24
2024-01-27,21.75,79.25,292.77,0.00,302.59
2024-01-27,21.75,79.50,294.06,0.00,301.94
2024-01-27,21.75,79.75,293.08,0.00,301.25
2024-01-28,20.75,78.75,294.28,3.01,
2024-01-28,20.75,79.00,292.94,0.36,301.80
2024-01-28,20.75,79.25,295.40,0.00,301.68
2024-01-28,20.75,79.50,295.90,0.15,302.10
2024-01-28,20.75,79.75,296.29,0.00,301.67
2024-01-28,21.00,78.75,295.21,0.00,301.50
2024-01-28,21.00,79.00,290.11,0.00,301.29
2024-01-28,21.00,79.25,295.09,0.00,301.38
2024-01-28,21.00,79.50,294.89,0.19,301.62
2024-01-28,21.00,79.75,293.01,0.00,302.40
2024-01-28,21.25,78.75,292.59,0.00,301.97
2024-01-28,21.25,79.00,292.68,0.00,301.77
2024-01-28,21.25,79.25,291.40,,302.09
2024-01-28,21.25,79.50,293.70,0.00,302.39
2024-01-28,21.25,79.75,295.71,0.00,301.33
2024-01-28,21.50,78.75,293.15,0.72,301.58
2024-01-28,21.50,79.00,294.75,1.08,301.67
2024-01-28,21.50,79.25,293.70,1.39,302.03
2024-01-28,21.50,79.50,295.97,0.00,301.18
2024-01-28,21.50,79.75,297.31,0.00,301.59
2024-01-28,21.75,78.75,293.47,0.00,301.66
2024-01-28,21.75,79.00,295.24,0.00,300.80
2024-01-28,21.75,79.25,293.11,0.00,301.32
2024-01-28,21.75,79.50,294.81,0.00,302.00
2024-01-28,21.75,79.75,293.16,0.05,301.77
2024-01-29,20.75,78.75,295.05,0.00,301.30
2024-01-29,20.75,79.00,293.62,0.28,300.95
2024-01-29,20.75,79.25,295.14,1.87,301.30
2024-01-29,20.75,79.50,293.53,0.00,301.78
2024-01-29,20.75,79.75,295.59,0.85,301.76
2024-01-29,21.00,78.75,292.54,0.00,301.97
2024-01-29,21.00,79.00,295.80,0.00,301.93
2024-01-29,21.00,79.25,292.22,0.00,301.08
2024-01-29,21.00,79.50,293.76,0.00,302.45
2024-01-29,21.00,79.75,296.27,1.88,301.01
2024-01-29,21.25,78.75,292.44,2.30,302.00
2024-01-29,21.25,79.00,292.62,0.00,301.55
2024-01-29,21.25,79.25,293.69,0.00,302.03
2024-01-29,21.25,79.50,293.50,0.00,301.57
2024-01-29,21.25,79.75,295.27,3.86,301.25
2024-01-29,21.50,78.75,293.68,0.00,301.45
2024-01-29,21.50,79.00,294.03,0.00,301.90
2024-01-29,21.50,79.25,295.16,0.00,301.67
2024-01-29,21.50,79.50,292.72,0.00,301.66
2024-01-29,21.50,79.75,294.48,0.97,301.26
2024-01-29,21.75,78.75,293.33,0.00,301.15
2024-01-29,21.75,79.00,292.64,0.00,300.67
2024-01-29,21.75,79.25,293.61,,301.65
2024-01-29,21.75,79.50,294.46,0.00,301.52
2024-01-29,21.75,79.75,293.67,0.00,300.87
2024-01-30,20.75,78.75,296.82,0.00,301.25
2024-01-30,20.75,79.00,294.15,0.00,302.18
2024-01-30,20.75,79.25,295.05,1.15,301.85
2024-01-30,20.75,79.50,,0.93,302.49
2024-01-30,20.75,79.75,294.02,1.84,301.25
2024-01-30,21.00,78.75,295.48,1.41,301.53
2024-01-30,21.00,79.00,295.81,0.00,301.32
2024-01-30,21.00,79.25,294.03,0.00,301.43
2024-01-30,21.00,79.50,298.35,0.00,301.73
2024-01-30,21.00,79.75,294.28,0.00,302.20
2024-01-30,21.25,78.75,,0.00,301.42
2024-01-30,21.25,79.00,295.09,3.62,301.94
2024-01-30,21.25,79.25,294.48,3.61,301.45
2024-01-30,21.25,79.50,294.52,1.39,302.03
2024-01-30,21.25,79.75,294.73,0.00,301.21
2024-01-30,21.50,78.75,295.29,0.00,301.97
2024-01-30,21.50,79.00,296.74,0.00,301.56
2024-01-30,21.50,79.25,294.52,0.00,302.01
2024-01-30,21.50,79.50,294.16,0.00,302.40
2024-01-30,21.50,79.75,299.24,0.00,302.19
2024-01-30,21.75,78.75,294.61,0.00,
2024-01-30,21.75,79.00,296.29,0.01,302.15
2024-01-30,21.75,79.25,293.36,0.00,
2024-01-30,21.75,79.50,295.01,1.15,301.97
2024-01-30,21.75,79.75,292.69,0.37,301.26
2024-01-31,20.75,78.75,294.60,1.80,302.20
2024-01-31,20.75,79.00,293.86,0.00,301.35
2024-01-31,20.75,79.25,294.82,0.00,
2024-01-31,20.75,79.50,294.72,0.00,301.27
2024-01-31,20.75,79.75,293.30,0.00,302.22
2024-01-31,21.00,78.75,295.47,0.63,302.41
2024-01-31,21.00,79.00,294.87,0.00,
2024-01-31,21.00,79.25,293.60,2.92,301.07
2024-01-31,21.00,79.50,296.56,0.92,301.35
2024-01-31,21.00,79.75,295.34,0.28,302.13
2024-01-31,21.25,78.75,295.45,0.00,301.16
2024-01-31,21.25,79.00,296.29,4.23,301.39
2024-01-31,21.25,79.25,295.59,0.00,302.58
2024-01-31,21.25,79.50,296.79,0.79,301.46
2024-01-31,21.25,79.75,293.90,0.00,302.39
2024-01-31,21.50,78.75,296.27,0.00,302.38
2024-01-31,21.50,79.00,293.71,8.66,301.74
2024-01-31,21.50,79.25,295.35,1.45,301.14
2024-01-31,21.50,79.50,294.81,0.00,301.30
2024-01-31,21.50,79.75,295.74,0.00,301.86
2024-01-31,21.75,78.75,297.63,0.00,301.28
2024-01-31,21.75,79.00,295.72,1.19,302.56
2024-01-31,21.75,79.25,294.02,0.00,301.68
2024-01-31,21.75,79.50,296.26,1.21,
2024-01-31,21.75,79.75,294.64,0.00,301.54
2024-02-01,20.75,78.75,294.79,0.00,301.66
2024-02-01,20.75,79.00,293.82,1.26,301.47
2024-02-01,20.75,79.25,293.71,0.00,301.51
2024-02-01,20.75,79.50,293.34,0.00,301.42
2024-02-01,20.75,79.75,296.37,2.13,302.58
2024-02-01,21.00,78.75,293.26,0.00,301.82
2024-02-01,21.00,79.00,297.08,8.73,301.14
2024-02-01,21.00,79.25,294.45,0.00,301.45
2024-02-01,21.00,79.50,295.08,0.00,302.26
2024-02-01,21.00,79.75,295.38,0.00,301.78
2024-02-01,21.25,78.75,295.46,0.00,301.69
2024-02-01,21.25,79.00,294.75,,300.92
2024-02-01,21.25,79.25,295.30,0.00,300.97
2024-02-01,21.25,79.50,296.05,0.00,301.46
2024-02-01,21.25,79.75,295.71,0.21,301.98
2024-02-01,21.50,78.75,294.30,2.51,302.34
2024-02-01,21.50,79.00,293.44,1.41,302.56
2024-02-01,21.50,79.25,295.03,0.00,301.67
2024-02-01,21.50,79.50,295.04,0.00,300.72
2024-02-01,21.50,79.75,296.73,1.69,300.90
2024-02-01,21.75,78.75,293.88,0.39,301.77
2024-02-01,21.75,79.00,297.51,0.00,301.47
2024-02-01,21.75,79.25,293.70,0.00,
2024-02-01,21.75,79.50,295.25,2.93,300.83
2024-02-01,21.75,79.75,293.98,,302.57
2024-02-02,20.75,78.75,294.21,0.00,301.41
2024-02-02,20.75,79.00,295.35,2.12,302.33
2024-02-02,20.75,79.25,294.31,0.00,301.95
2024-02-02,20.75,79.50,294.51,1.25,301.38
2024-02-02,20.75,79.75,293.74,0.00,301.61
2024-02-02,21.00,78.75,295.76,0.00,302.17
2024-02-02,21.00,79.00,295.01,0.00,302.08
2024-02-02,21.00,79.25,297.05,1.92,301.59
2024-02-02,21.00,79.50,295.76,0.00,302.11
2024-02-02,21.00,79.75,295.63,1.09,
2024-02-02,21.25,78.75,295.10,0.00,300.65
2024-02-02,21.25,79.00,295.56,0.00,301.57
2024-02-02,21.25,79.25,292.90,2.39,300.91
2024-02-02,21.25,79.50,292.20,4.63,301.96
2024-02-02,21.25,79.75,292.70,0.00,302.01
2024-02-02,21.50,78.75,296.11,0.00,301.34
2024-02-02,21.50,79.00,295.78,1.27,301.80
2024-02-02,21.50,79.25,294.52,0.00,302.44
2024-02-02,21.50,79.50,298.61,0.00,301.28
2024-02-02,21.50,79.75,295.13,0.00,300.98
2024-02-02,21.75,78.75,293.43,0.00,302.24
2024-02-02,21.75,79.00,294.24,0.23,301.20
2024-02-02,21.75,79.25,294.49,3.11,301.72
2024-02-02,21.75,79.50,294.21,1.43,301.01
2024-02-02,21.75,79.75,293.77,0.00,301.31
2024-02-03,20.75,78.75,295.53,1.03,301.75
2024-02-03,20.75,79.00,294.03,0.00,302.23
2024-02-03,20.75,79.25,295.59,1.44,301.83
2024-02-03,20.75,79.50,295.34,8.40,301.42
2024-02-03,20.75,79.75,293.10,0.00,301.86
2024-02-03,21.00,78.75,,0.00,301.14
2024-02-03,21.00,79.00,292.84,0.00,
2024-02-03,21.00,79.25,296.37,0.00,301.74
2024-02-03,21.00,79.50,297.24,0.00,302.39
2024-02-03,21.00,79.75,295.85,1.49,301.59
2024-02-03,21.25,78.75,293.27,0.00,302.40
2024-02-03,21.25,79.00,294.02,0.00,300.96
2024-02-03,21.25,79.25,296.37,0.00,301.52
2024-02-03,21.25,79.50,294.72,0.00,302.90
2024-02-03,21.25,79.75,294.13,0.00,300.61
2024-02-03,21.50,78.75,294.44,5.55,301.26
2024-02-03,21.50,79.00,293.91,0.00,301.83
2024-02-03,21.50,79.25,294.09,1.57,301.96
2024-02-03,21.50,79.50,293.85,2.09,301.35
2024-02-03,21.50,79.75,292.79,0.00,301.36
2024-02-03,21.75,78.75,296.41,2.18,301.71
2024-02-03,21.75,79.00,294.08,0.00,302.39
2024-02-03,21.75,79.25,299.11,1.19,302.10
2024-02-03,21.75,79.50,296.90,,301.37
2024-02-03,21.75,79.75,293.03,0.00,301.10
2024-02-04,20.75,78.75,294.32,2.08,302.70
2024-02-04,20.75,79.00,297.40,0.00,301.73
2024-02-04,20.75,79.25,296.29,0.00,301.58
2024-02-04,20.75,79.50,291.62,0.75,302.14
2024-02-04,20.75,79.75,296.51,4.17,301.22
2024-02-04,21.00,78.75,295.60,0.00,301.27
2024-02-04,21.00,79.00,295.41,0.00,301.00
2024-02-04,21.00,79.25,293.33,0.00,301.84
2024-02-04,21.00,79.50,292.88,0.00,301.30
2024-02-04,21.00,79.75,296.30,0.00,
2024-02-04,21.25,78.75,295.75,0.00,301.69
2024-02-04,21.25,79.00,296.08,0.00,301.64
2024-02-04,21.25,79.25,294.91,0.00,301.92
2024-02-04,21.25,79.50,297.44,0.00,300.98
2024-02-04,21.25,79.75,290.38,0.00,301.96
2024-02-04,21.50,78.75,298.06,0.05,301.86
2024-02-04,21.50,79.00,,0.25,301.61
2024-02-04,21.50,79.25,295.65,0.00,301.11
2024-02-04,21.50,79.50,295.15,0.61,301.30
2024-02-04,21.50,79.75,297.52,0.00,302.41
2024-02-04,21.75,78.75,294.79,0.00,302.01
2024-02-04,21.75,79.00,295.78,0.00,301.67
2024-02-04,21.75,79.25,295.71,11.48,302.23
2024-02-04,21.75,79.50,295.11,0.00,
2024-02-04,21.75,79.75,292.80,0.00,301.71
2024-02-05,20.75,78.75,292.33,1.25,301.68
2024-02-05,20.75,79.00,294.94,0.00,301.17
2024-02-05,20.75,79.25,292.93,0.00,301.32
2024-02-05,20.75,79.50,294.72,0.00,
2024-02-05,20.75,79.75,,0.53,301.20
2024-02-05,21.00,78.75,293.88,0.00,302.43
2024-02-05,21.00,79.00,295.22,0.27,301.74
2024-02-05,21.00,79.25,295.98,0.00,
2024-02-05,21.00,79.50,293.55,1.09,301.95
2024-02-05,21.00,79.75,294.81,0.00,
2024-02-05,21.25,78.75,298.00,0.00,301.20
2024-02-05,21.25,79.00,294.54,0.00,301.64
2024-02-05,21.25,79.25,294.31,4.75,301.86
2024-02-05,21.25,79.50,293.10,0.00,301.32
2024-02-05,21.25,79.75,294.30,0.00,301.01
2024-02-05,21.50,78.75,293.13,1.35,300.41
2024-02-05,21.50,79.00,296.83,0.89,302.16
2024-02-05,21.50,79.25,298.11,0.00,302.45
2024-02-05,21.50,79.50,292.19,0.00,301.15
2024-02-05,21.50,79.75,296.09,0.00,302.03
2024-02-05,21.75,78.75,291.57,0.00,302.02
2024-02-05,21.75,79.00,294.67,0.00,301.04
2024-02-05,21.75,79.25,294.44,0.00,302.09
2024-02-05,21.75,79.50,296.12,0.00,302.32
2024-02-05,21.75,79.75,297.00,0.00,302.44
2024-02-06,20.75,78.75,294.58,0.00,301.51
2024-02-06,20.75,79.00,291.74,0.00,301.40
2024-02-06,20.75,79.25,294.87,0.00,302.10
2024-02-06,20.75,79.50,294.73,0.36,301.42
2024-02-06,20.75,79.75,293.97,0.00,301.77
2024-02-06,21.00,78.75,293.15,0.00,301.54
2024-02-06,21.00,79.00,296.24,0.00,301.81
2024-02-06,21.00,79.25,299.57,0.99,302.20
2024-02-06,21.00,79.50,295.47,0.00,301.16
2024-02-06,21.00,79.75,291.78,0.00,302.32
2024-02-06,21.25,78.75,295.48,0.17,301.80
2024-02-06,21.25,79.00,294.37,6.11,301.71
2024-02-06,21.25,79.25,295.96,1.58,301.83
2024-02-06,21.25,79.50,296.19,0.00,303.26
2024-02-06,21.25,79.75,292.90,0.00,301.43
2024-02-06,21.50,78.75,295.14,0.00,301.93
2024-02-06,21.50,79.00,297.14,2.18,301.26
2024-02-06,21.50,79.25,295.68,0.00,302.14
2024-02-06,21.50,79.50,294.55,2.36,302.27
2024-02-06,21.50,79.75,294.63,0.00,301.15
2024-02-06,21.75,78.75,293.74,0.00,302.36
2024-02-06,21.75,79.00,292.68,0.00,301.68
2024-02-06,21.75,79.25,294.88,2.88,301.38
2024-02-06,21.75,79.50,294.77,0.00,301.63
2024-02-06,21.75,79.75,296.55,0.00,301.81
2024-02-07,20.75,78.75,296.94,5.99,302.27
2024-02-07,20.75,79.00,295.24,0.00,300.77
2024-02-07,20.75,79.25,297.08,0.00,301.85
2024-02-07,20.75,79.50,296.67,2.16,301.21
2024-02-07,20.75,79.75,296.41,0.00,300.70
2024-02-07,21.00,78.75,293.20,0.50,301.09
2024-02-07,21.00,79.00,293.82,0.00,301.41
2024-02-07,21.00,79.25,296.06,0.00,301.06
2024-02-07,21.00,79.50,296.37,3.51,301.67
2024-02-07,21.00,79.75,294.17,0.00,301.01
2024-02-07,21.25,78.75,296.44,0.00,301.21
2024-02-07,21.25,79.00,294.36,0.40,302.26
2024-02-07,21.25,79.25,294.12,0.00,302.60
2024-02-07,21.25,79.50,299.64,1.61,301.73
2024-02-07,21.25,79.75,296.07,0.00,301.70
2024-02-07,21.50,78.75,293.93,0.00,301.53
2024-02-07,21.50,79.00,296.42,3.51,300.77
2024-02-07,21.50,79.25,296.71,1.32,
2024-02-07,21.50,79.50,295.16,0.65,301.89
2024-02-07,21.50,79.75,292.56,0.64,301.41
2024-02-07,21.75,78.75,298.30,0.00,301.67
2024-02-07,21.75,79.00,295.96,0.00,301.80
2024-02-07,21.75,79.25,296.74,0.00,301.50
2024-02-07,21.75,79.50,295.91,0.00,301.71
2024-02-07,21.75,79.75,296.53,3.74,300.96
2024-02-08,20.75,78.75,294.86,0.00,301.85
2024-02-08,20.75,79.00,297.31,0.99,302.24
2024-02-08,20.75,79.25,296.19,0.00,301.38
2024-02-08,20.75,79.50,296.62,0.00,301.72
2024-02-08,20.75,79.75,293.80,0.00,301.52
2024-02-08,21.00,78.75,290.61,0.00,301.37
2024-02-08,21.00,79.00,293.39,0.00,301.65
2024-02-08,21.00,79.25,294.83,0.00,302.64
2024-02-08,21.00,79.50,295.39,0.00,301.06
2024-02-08,21.00,79.75,298.32,4.74,301.34
2024-02-08,21.25,78.75,293.67,0.00,301.60
2024-02-08,21.25,79.00,296.71,0.61,301.89
2024-02-08,21.25,79.25,293.57,0.00,301.21
2024-02-08,21.25,79.50,294.74,0.81,301.68
2024-02-08,21.25,79.75,294.87,0.00,
2024-02-08,21.50,78.75,297.70,0.00,301.82
2024-02-08,21.50,79.00,294.98,0.00,301.37
2024-02-08,21.50,79.25,293.66,0.00,301.50
2024-02-08,21.50,79.50,296.10,0.61,301.96
2024-02-08,21.50,79.75,294.47,0.00,301.56
2024-02-08,21.75,78.75,294.82,0.00,302.16
2024-02-08,21.75,79.00,295.50,1.66,300.92
2024-02-08,21.75,79.25,293.12,0.00,301.05
2024-02-08,21.75,79.50,296.09,0.00,301.80
2024-02-08,21.75,79.75,294.45,3.43,301.30
2024-02-09,20.75,78.75,297.19,1.14,302.34
2024-02-09,20.75,79.00,294.69,0.00,301.01
2024-02-09,20.75,79.25,299.10,0.34,301.21
2024-02-09,20.75,79.50,298.28,0.47,301.96
2024-02-09,20.75,79.75,294.85,0.00,302.27
2024-02-09,21.00,78.75,294.83,0.00,301.69
2024-02-09,21.00,79.00,294.92,4.85,301.86
2024-02-09,21.00,79.25,294.73,2.22,301.53
2024-02-09,21.00,79.50,295.50,1.89,301.20
2024-02-09,21.00,79.75,295.64,0.00,301.64
2024-02-09,21.25,78.75,296.80,0.08,300.44
2024-02-09,21.25,79.00,297.05,0.00,300.93
2024-02-09,21.25,79.25,,0.00,301.70
2024-02-09,21.25,79.50,297.95,0.00,300.70
2024-02-09,21.25,79.75,297.95,0.00,301.64
2024-02-09,21.50,78.75,296.82,0.00,301.46
2024-02-09,21.50,79.00,296.03,3.29,301.48
2024-02-09,21.50,79.25,298.67,0.00,301.29
2024-02-09,21.50,79.50,294.83,0.00,301.83
2024-02-09,21.50,79.75,294.05,1.93,301.66
2024-02-09,21.75,78.75,296.42,0.00,301.60
2024-02-09,21.75,79.00,294.34,0.00,302.22
2024-02-09,21.75,79.25,,0.00,301.70
2024-02-09,21.75,79.50,296.16,2.58,302.15
2024-02-09,21.75,79.75,295.51,0.00,301.22
2024-02-10,20.75,78.75,,1.29,301.63
2024-02-10,20.75,79.00,,1.53,302.31
2024-02-10,20.75,79.25,296.19,0.00,301.69
2024-02-10,20.75,79.50,295.75,0.22,302.61
2024-02-10,20.75,79.75,296.33,0.00,301.47
2024-02-10,21.00,78.75,294.01,0.00,300.81
2024-02-10,21.00,79.00,298.01,0.07,302.12
2024-02-10,21.00,79.25,296.08,0.00,301.78
2024-02-10,21.00,79.50,295.15,0.00,301.48
2024-02-10,21.00,79.75,294.47,0.00,301.32
2024-02-10,21.25,78.75,294.87,0.00,301.66
2024-02-10,21.25,79.00,299.36,0.00,301.49
2024-02-10,21.25,79.25,294.40,0.81,300.92
2024-02-10,21.25,79.50,298.14,2.13,301.94
2024-02-10,21.25,79.75,297.38,0.00,301.29
2024-02-10,21.50,78.75,298.93,0.00,301.72
2024-02-10,21.50,79.00,292.94,1.60,302.40
2024-02-10,21.50,79.25,297.74,0.00,302.08
2024-02-10,21.50,79.50,296.35,0.00,302.43
2024-02-10,21.50,79.75,294.84,0.00,302.05
2024-02-10,21.75,78.75,298.57,0.00,302.33
2024-02-10,21.75,79.00,295.08,0.44,301.79
2024-02-10,21.75,79.25,294.47,2.31,301.83
2024-02-10,21.75,79.50,294.91,0.00,301.83
2024-02-10,21.75,79.75,295.76,0.00,301.86
2024-02-11,20.75,78.75,296.13,0.00,301.64
2024-02-11,20.75,79.00,297.20,0.00,301.20
2024-02-11,20.75,79.25,293.11,0.50,302.17
2024-02-11,20.75,79.50,295.52,0.18,301.74
2024-02-11,20.75,79.75,295.99,0.00,300.74
2024-02-11,21.00,78.75,291.76,0.00,301.41
2024-02-11,21.00,79.00,296.79,3.28,
2024-02-11,21.00,79.25,293.08,0.00,300.82
2024-02-11,21.00,79.50,296.97,3.50,301.78
2024-02-11,21.00,79.75,296.39,0.00,302.08
2024-02-11,21.25,78.75,,0.83,301.28
2024-02-11,21.25,79.00,297.83,0.00,301.29
2024-02-11,21.25,79.25,297.42,1.70,301.15
2024-02-11,21.25,79.50,296.17,0.00,301.43
2024-02-11,21.25,79.75,296.13,0.00,301.37
2024-02-11,21.50,78.75,297.20,0.51,301.25
2024-02-11,21.50,79.00,294.66,2.37,301.03
2024-02-11,21.50,79.25,297.11,0.00,301.52
2024-02-11,21.50,79.50,295.09,3.06,300.87
2024-02-11,21.50,79.75,296.88,0.00,300.93
2024-02-11,21.75,78.75,295.88,0.00,301.59
2024-02-11,21.75,79.00,295.31,2.16,301.66
2024-02-11,21.75,79.25,294.70,0.00,300.89
2024-02-11,21.75,79.50,296.66,4.84,301.87
2024-02-11,21.75,79.75,298.66,0.60,301.41
2024-02-12,20.75,78.75,292.20,0.06,300.93
2024-02-12,20.75,79.00,295.74,0.00,301.68
2024-02-12,20.75,79.25,296.24,4.72,302.41
2024-02-12,20.75,79.50,295.10,0.95,301.73
2024-02-12,20.75,79.75,294.61,3.27,302.24
2024-02-12,21.00,78.75,296.52,0.00,301.51
2024-02-12,21.00,79.00,293.03,0.00,301.96
2024-02-12,21.00,79.25,296.02,0.00,
2024-02-12,21.00,79.50,295.31,0.83,302.64
2024-02-12,21.00,79.75,297.10,0.00,301.28
2024-02-12,21.25,78.75,296.00,3.29,300.14
2024-02-12,21.25,79.00,294.09,0.00,301.54
2024-02-12,21.25,79.25,296.66,0.00,301.78
2024-02-12,21.25,79.50,295.68,0.00,
2024-02-12,21.25,79.75,295.82,0.00,301.25
2024-02-12,21.50,78.75,296.46,0.00,300.78
2024-02-12,21.50,79.00,295.69,0.00,302.16
2024-02-12,21.50,79.25,295.98,0.00,301.66
2024-02-12,21.50,79.50,297.67,0.00,302.41
2024-02-12,21.50,79.75,296.15,0.00,302.13
2024-02-12,21.75,78.75,295.57,0.78,
2024-02-12,21.75,79.00,298.02,0.00,301.88
2024-02-12,21.75,79.25,297.03,0.00,301.30
2024-02-12,21.75,79.50,295.78,0.00,
2024-02-12,21.75,79.75,,0.00,301.24
2024-02-13,20.75,78.75,294.36,2.89,301.48
2024-02-13,20.75,79.00,294.53,1.23,301.20
2024-02-13,20.75,79.25,296.65,0.32,302.43
2024-02-13,20.75,79.50,293.46,0.07,301.80
2024-02-13,20.75,79.75,293.83,1.57,301.00
2024-02-13,21.00,78.75,296.19,0.00,301.16
2024-02-13,21.00,79.00,294.25,0.00,301.90
2024-02-13,21.00,79.25,294.92,1.42,301.48
2024-02-13,21.00,79.50,294.98,0.08,301.44
2024-02-13,21.00,79.75,299.36,2.90,302.14
2024-02-13,21.25,78.75,296.33,0.00,302.45
2024-02-13,21.25,79.00,295.43,,300.91
2024-02-13,21.25,79.25,,1.22,302.00
2024-02-13,21.25,79.50,296.62,0.00,300.90
2024-02-13,21.25,79.75,296.36,0.00,301.93
2024-02-13,21.50,78.75,294.71,0.00,300.98
2024-02-13,21.50,79.00,296.21,2.70,301.18
2024-02-13,21.50,79.25,292.64,0.00,301.14
2024-02-13,21.50,79.50,297.11,0.90,301.40
2024-02-13,21.50,79.75,297.29,0.80,302.27
2024-02-13,21.75,78.75,296.31,0.00,302.04
2024-02-13,21.75,79.00,294.19,0.60,301.89
2024-02-13,21.75,79.25,294.99,0.51,300.89
2024-02-13,21.75,79.50,296.04,0.00,302.87
2024-02-13,21.75,79.75,296.89,2.56,301.59
2024-02-14,20.75,78.75,298.71,0.00,301.78
2024-02-14,20.75,79.00,295.10,0.00,
2024-02-14,20.75,79.25,296.27,1.83,301.61
2024-02-14,20.75,79.50,296.42,0.00,302.11
2024-02-14,20.75,79.75,292.99,0.15,301.99
2024-02-14,21.00,78.75,297.72,0.00,301.79
2024-02-14,21.00,79.00,297.02,0.00,301.58
2024-02-14,21.00,79.25,296.69,0.00,
2024-02-14,21.00,79.50,296.90,0.00,301.08
2024-02-14,21.00,79.75,297.23,0.77,301.99
2024-02-14,21.25,78.75,295.34,0.00,301.58
2024-02-14,21.25,79.00,295.93,1.19,301.34
2024-02-14,21.25,79.25,293.91,0.21,301.40
2024-02-14,21.25,79.50,296.23,0.00,301.57
2024-02-14,21.25,79.75,294.97,0.31,301.27
2024-02-14,21.50,78.75,,0.35,302.11
2024-02-14,21.50,79.00,295.88,0.00,301.92
2024-02-14,21.50,79.25,294.93,1.26,301.80
2024-02-14,21.50,79.50,297.92,0.00,300.72
2024-02-14,21.50,79.75,294.79,0.60,301.27
2024-02-14,21.75,78.75,296.09,0.40,301.71
2024-02-14,21.75,79.00,298.64,0.00,301.36
2024-02-14,21.75,79.25,297.17,0.00,301.21
2024-02-14,21.75,79.50,295.57,0.00,302.13
2024-02-14,21.75,79.75,298.78,2.50,301.91
2024-02-15,20.75,78.75,292.69,0.00,302.67
2024-02-15,20.75,79.00,296.18,0.54,301.72
2024-02-15,20.75,79.25,296.58,0.00,302.68
2024-02-15,20.75,79.50,294.79,0.00,302.29
2024-02-15,20.75,79.75,296.18,1.38,302.14
2024-02-15,21.00,78.75,295.31,0.00,301.16
2024-02-15,21.00,79.00,295.98,1.50,301.46
2024-02-15,21.00,79.25,294.17,0.00,301.27
2024-02-15,21.00,79.50,297.79,0.00,301.14
2024-02-15,21.00,79.75,296.75,0.00,302.54
2024-02-15,21.25,78.75,296.31,0.00,301.16
2024-02-15,21.25,79.00,298.05,0.00,301.49
2024-02-15,21.25,79.25,295.57,0.00,302.01
2024-02-15,21.25,79.50,297.45,,301.77
2024-02-15,21.25,79.75,297.81,5.01,302.19
2024-02-15,21.50,78.75,295.02,4.06,301.16
2024-02-15,21.50,79.00,299.58,2.17,300.94
2024-02-15,21.50,79.25,296.71,2.37,301.00
2024-02-15,21.50,79.50,296.56,0.00,302.20
2024-02-15,21.50,79.75,294.90,0.00,301.24
2024-02-15,21.75,78.75,297.16,0.00,301.13
2024-02-15,21.75,79.00,295.97,0.00,301.03
2024-02-15,21.75,79.25,295.19,0.00,
2024-02-15,21.75,79.50,295.39,0.00,
2024-02-15,21.75,79.75,295.37,3.28,301.27
2024-02-16,20.75,78.75,294.88,0.00,301.58
2024-02-16,20.75,79.00,297.57,6.02,300.47
2024-02-16,20.75,79.25,296.11,0.00,300.79
2024-02-16,20.75,79.50,295.40,0.00,301.55
2024-02-16,20.75,79.75,296.98,0.00,301.11
2024-02-16,21.00,78.75,297.85,1.24,301.29
2024-02-16,21.00,79.00,295.89,0.15,302.44
2024-02-16,21.00,79.25,297.11,0.00,301.21
2024-02-16,21.00,79.50,295.07,0.00,301.31
2024-02-16,21.00,79.75,294.81,0.00,301.52
2024-02-16,21.25,78.75,296.77,0.00,301.86
2024-02-16,21.25,79.00,297.03,0.00,301.61
2024-02-16,21.25,79.25,297.23,0.00,301.46
2024-02-16,21.25,79.50,297.17,0.00,301.49
2024-02-16,21.25,79.75,294.97,0.51,300.93
2024-02-16,21.50,78.75,293.45,1.67,300.91
2024-02-16,21.50,79.00,293.06,0.00,301.66
2024-02-16,21.50,79.25,296.22,0.00,301.89
2024-02-16,21.50,79.50,299.59,0.00,301.57
2024-02-16,21.50,79.75,297.38,0.00,301.89
2024-02-16,21.75,78.75,297.58,0.00,301.63
2024-02-16,21.75,79.00,297.57,0.00,301.07
2024-02-16,21.75,79.25,296.88,0.00,302.22
2024-02-16,21.75,79.50,299.27,0.00,301.01
2024-02-16,21.75,79.75,297.43,0.82,301.60
2024-02-17,20.75,78.75,295.23,0.00,301.99
2024-02-17,20.75,79.00,295.54,0.56,301.21
2024-02-17,20.75,79.25,297.78,0.00,301.40
2024-02-17,20.75,79.50,296.56,0.00,301.03
2024-02-17,20.75,79.75,294.90,0.00,301.64
2024-02-17,21.00,78.75,294.94,0.00,301.61
2024-02-17,21.00,79.00,295.44,0.00,301.15
2024-02-17,21.00,79.25,295.69,0.00,301.87
2024-02-17,21.00,79.50,294.33,0.02,301.66
2024-02-17,21.00,79.75,295.41,0.15,301.87
2024-02-17,21.25,78.75,296.38,0.00,301.78
2024-02-17,21.25,79.00,299.08,0.00,301.92
2024-02-17,21.25,79.25,292.52,0.00,301.83
2024-02-17,21.25,79.50,296.47,0.00,301.35
2024-02-17,21.25,79.75,295.99,0.00,301.24
2024-02-17,21.50,78.75,297.63,0.00,301.11
2024-02-17,21.50,79.00,297.76,0.00,302.06
2024-02-17,21.50,79.25,296.18,0.00,301.11
2024-02-17,21.50,79.50,296.03,1.00,300.96
2024-02-17,21.50,79.75,296.96,1.49,300.97
2024-02-17,21.75,78.75,297.08,,301.63
2024-02-17,21.75,79.00,297.47,0.00,300.97
2024-02-17,21.75,79.25,294.51,0.00,
2024-02-17,21.75,79.50,296.45,0.00,302.59
2024-02-17,21.75,79.75,297.23,1.50,301.72
2024-02-18,20.75,78.75,293.30,0.00,301.06
2024-02-18,20.75,79.00,294.92,4.42,302.00
2024-02-18,20.75,79.25,300.00,2.46,301.85
2024-02-18,20.75,79.50,297.43,0.00,301.84
2024-02-18,20.75,79.75,296.42,0.00,301.92
2024-02-18,21.00,78.75,294.81,,301.61
2024-02-18,21.00,79.00,,0.00,300.55
2024-02-18,21.00,79.25,292.28,0.00,301.30
2024-02-18,21.00,79.50,294.91,1.44,302.03
2024-02-18,21.00,79.75,296.22,0.00,300.85
2024-02-18,21.25,78.75,296.84,0.91,300.98
2024-02-18,21.25,79.00,294.84,0.00,300.82
2024-02-18,21.25,79.25,295.86,0.02,301.44
2024-02-18,21.25,79.50,296.27,1.69,302.45
2024-02-18,21.25,79.75,297.93,0.00,301.70
2024-02-18,21.50,78.75,299.29,0.72,300.91
2024-02-18,21.50,79.00,293.85,0.97,300.90
2024-02-18,21.50,79.25,295.62,1.09,300.11
2024-02-18,21.50,79.50,,0.00,300.84
2024-02-18,21.50,79.75,295.52,0.00,301.15
2024-02-18,21.75,78.75,293.78,0.02,302.00
2024-02-18,21.75,79.00,296.13,0.00,302.05
2024-02-18,21.75,79.25,298.48,0.00,301.49
2024-02-18,21.75,79.50,,0.00,302.52
2024-02-18,21.75,79.75,297.96,0.00,300.83
2024-02-19,20.75,78.75,295.01,1.04,302.24
2024-02-19,20.75,79.00,300.99,0.98,301.52
2024-02-19,20.75,79.25,294.56,0.00,301.44
2024-02-19,20.75,79.50,296.42,0.17,300.90
2024-02-19,20.75,79.75,296.22,0.00,300.07
2024-02-19,21.00,78.75,294.83,0.26,301.27
2024-02-19,21.00,79.00,296.25,0.00,300.20
2024-02-19,21.00,79.25,295.13,0.00,302.91
2024-02-19,21.00,79.50,298.64,0.25,302.39
2024-02-19,21.00,79.75,294.48,0.00,301.08
2024-02-19,21.25,78.75,295.38,0.00,300.81
2024-02-19,21.25,79.00,298.64,0.42,301.05
2024-02-19,21.25,79.25,295.89,1.62,
2024-02-19,21.25,79.50,298.76,,301.21
2024-02-19,21.25,79.75,299.33,0.00,301.65
2024-02-19,21.50,78.75,297.13,3.76,301.99
2024-02-19,21.50,79.00,298.99,0.00,301.56
2024-02-19,21.50,79.25,,1.00,301.52
2024-02-19,21.50,79.50,296.59,0.52,301.05
2024-02-19,21.50,79.75,296.77,0.40,301.58
2024-02-19,21.75,78.75,297.80,0.00,300.77
2024-02-19,21.75,79.00,295.68,0.00,302.55
2024-02-19,21.75,79.25,294.97,0.00,301.11
2024-02-19,21.75,79.50,294.65,0.00,300.73
2024-02-19,21.75,79.75,295.46,0.00,302.17
2024-02-20,20.75,78.75,296.38,0.00,300.57
2024-02-20,20.75,79.00,296.98,0.00,300.55
2024-02-20,20.75,79.25,297.57,0.00,301.81
2024-02-20,20.75,79.50,297.84,2.08,301.28
2024-02-20,20.75,79.75,297.45,0.00,300.42
2024-02-20,21.00,78.75,297.22,0.00,301.50
2024-02-20,21.00,79.00,298.04,0.09,301.38
2024-02-20,21.00,79.25,297.00,0.43,301.03
2024-02-20,21.00,79.50,297.99,0.00,302.31
2024-02-20,21.00,79.75,294.41,0.00,301.43
2024-02-20,21.25,78.75,297.75,1.39,300.95
2024-02-20,21.25,79.00,297.30,0.10,301.54
2024-02-20,21.25,79.25,297.60,0.00,301.50
2024-02-20,21.25,79.50,297.98,4.19,
2024-02-20,21.25,79.75,294.88,0.00,302.09
2024-02-20,21.50,78.75,295.41,1.03,301.76
2024-02-20,21.50,79.00,298.82,3.99,302.14
2024-02-20,21.50,79.25,297.92,1.18,300.31
2024-02-20,21.50,79.50,296.38,0.00,300.91
2024-02-20,21.50,79.75,299.16,0.00,302.02
2024-02-20,21.75,78.75,297.75,0.00,301.05
2024-02-20,21.75,79.00,296.53,0.89,301.63
2024-02-20,21.75,79.25,296.07,0.00,300.85
2024-02-20,21.75,79.50,,0.00,301.75
2024-02-20,21.75,79.75,295.50,3.21,301.69
2024-02-21,20.75,78.75,297.71,0.42,302.28
2024-02-21,20.75,79.00,298.06,0.00,301.07
2024-02-21,20.75,79.25,295.28,2.33,302.04
2024-02-21,20.75,79.50,296.59,0.00,301.75
2024-02-21,20.75,79.75,293.59,1.46,301.81
2024-02-21,21.00,78.75,296.13,,302.32
2024-02-21,21.00,79.00,295.11,2.09,302.25
2024-02-21,21.00,79.25,296.95,0.05,302.25
2024-02-21,21.00,79.50,295.62,3.41,301.66
2024-02-21,21.00,79.75,297.95,1.15,301.77
2024-02-21,21.25,78.75,296.31,1.52,301.83
2024-02-21,21.25,79.00,296.72,0.23,301.07
2024-02-21,21.25,79.25,295.29,0.00,300.92
2024-02-21,21.25,79.50,297.82,0.00,300.85
2024-02-21,21.25,79.75,295.50,0.00,301.31
2024-02-21,21.50,78.75,294.54,0.98,302.20
2024-02-21,21.50,79.00,296.18,0.00,300.96
2024-02-21,21.50,79.25,295.12,0.00,301.22
2024-02-21,21.50,79.50,296.64,5.01,301.40
2024-02-21,21.50,79.75,298.08,0.00,302.40
2024-02-21,21.75,78.75,297.14,0.00,301.43
2024-02-21,21.75,79.00,297.55,0.17,302.42
2024-02-21,21.75,79.25,296.15,0.00,302.35
2024-02-21,21.75,79.50,297.80,0.38,300.72
2024-02-21,21.75,79.75,298.24,0.00,301.81
2024-02-22,20.75,78.75,296.56,0.00,301.19
2024-02-22,20.75,79.00,297.74,0.00,301.11
2024-02-22,20.75,79.25,295.68,2.72,301.35
2024-02-22,20.75,79.50,296.06,1.29,301.44
2024-02-22,20.75,79.75,296.95,0.00,302.26
2024-02-22,21.00,78.75,298.28,2.26,302.09
2024-02-22,21.00,79.00,297.75,0.00,301.68
2024-02-22,21.00,79.25,297.41,0.00,300.75
2024-02-22,21.00,79.50,297.46,,300.66
2024-02-22,21.00,79.75,296.49,1.73,300.92
2024-02-22,21.25,78.75,298.59,0.00,301.99
2024-02-22,21.25,79.00,295.98,0.00,301.69
2024-02-22,21.25,79.25,296.79,0.00,301.55
2024-02-22,21.25,79.50,296.00,0.00,301.86
2024-02-22,21.25,79.75,295.09,0.00,301.76
2024-02-22,21.50,78.75,297.57,0.07,301.20
2024-02-22,21.50,79.00,298.96,0.00,301.25
2024-02-22,21.50,79.25,298.14,0.92,300.88
2024-02-22,21.50,79.50,297.13,0.00,301.54
2024-02-22,21.50,79.75,296.88,5.09,302.19
2024-02-22,21.75,78.75,297.80,0.62,301.65
2024-02-22,21.75,79.00,295.97,2.83,302.06
2024-02-22,21.75,79.25,296.00,1.56,301.89
2024-02-22,21.75,79.50,299.59,3.71,301.69
2024-02-22,21.75,79.75,295.45,,301.35
2024-02-23,20.75,78.75,296.68,0.00,300.37
2024-02-23,20.75,79.00,297.36,0.00,301.41
2024-02-23,20.75,79.25,296.20,0.00,301.83
2024-02-23,20.75,79.50,297.41,2.44,301.55
2024-02-23,20.75,79.75,294.07,0.00,302.44
2024-02-23,21.00,78.75,297.15,0.00,300.88
2024-02-23,21.00,79.00,296.72,0.00,302.51
2024-02-23,21.00,79.25,296.36,19.01,302.42
2024-02-23,21.00,79.50,,0.00,301.54
2024-02-23,21.00,79.75,296.40,0.00,300.15
2024-02-23,21.25,78.75,297.06,0.00,301.86
2024-02-23,21.25,79.00,295.07,0.00,301.17
2024-02-23,21.25,79.25,295.52,9.26,301.69
2024-02-23,21.25,79.50,294.15,0.00,301.95
2024-02-23,21.25,79.75,297.22,0.76,301.58
2024-02-23,21.50,78.75,296.56,0.00,301.36
2024-02-23,21.50,79.00,296.35,0.00,301.40
2024-02-23,21.50,79.25,299.87,0.00,301.32
2024-02-23,21.50,79.50,296.56,0.00,301.91
2024-02-23,21.50,79.75,299.07,1.31,302.02
2024-02-23,21.75,78.75,300.89,0.56,301.23
2024-02-23,21.75,79.00,298.14,0.00,301.68
2024-02-23,21.75,79.25,299.13,0.00,301.87
2024-02-23,21.75,79.50,296.48,0.00,301.39
2024-02-23,21.75,79.75,295.28,0.00,302.36
2024-02-24,20.75,78.75,299.62,0.00,299.87
2024-02-24,20.75,79.00,298.34,0.00,302.21
2024-02-24,20.75,79.25,297.16,0.00,301.85
2024-02-24,20.75,79.50,292.20,0.28,301.34
2024-02-24,20.75,79.75,299.48,0.00,301.27
2024-02-24,21.00,78.75,296.45,2.98,302.01
2024-02-24,21.00,79.00,,0.00,301.65
2024-02-24,21.00,79.25,297.31,0.00,301.37
2024-02-24,21.00,79.50,296.28,2.06,301.01
2024-02-24,21.00,79.75,297.63,0.00,301.20
2024-02-24,21.25,78.75,297.48,2.79,300.82
2024-02-24,21.25,79.00,297.20,0.00,300.57
2024-02-24,21.25,79.25,296.28,1.02,301.75
2024-02-24,21.25,79.50,296.33,0.00,301.54
2024-02-24,21.25,79.75,299.67,0.00,
2024-02-24,21.50,78.75,299.17,0.00,301.64
2024-02-24,21.50,79.00,298.84,0.08,301.35
2024-02-24,21.50,79.25,299.05,0.00,301.43
2024-02-24,21.50,79.50,295.02,0.00,300.23
2024-02-24,21.50,79.75,296.04,0.00,302.58
2024-02-24,21.75,78.75,296.16,0.00,301.68
2024-02-24,21.75,79.00,,0.00,301.14
2024-02-24,21.75,79.25,297.08,1.37,301.23
2024-02-24,21.75,79.50,,0.00,300.50
2024-02-24,21.75,79.75,299.01,0.00,301.78
2024-02-25,20.75,78.75,296.59,0.82,301.24
2024-02-25,20.75,79.00,296.22,0.00,300.84
2024-02-25,20.75,79.25,298.65,1.79,300.95
2024-02-25,20.75,79.50,299.09,0.94,301.56
2024-02-25,20.75,79.75,299.65,0.00,301.76
2024-02-25,21.00,78.75,297.67,6.52,302.03
2024-02-25,21.00,79.00,291.85,2.59,302.53
2024-02-25,21.00,79.25,297.56,0.00,301.56
2024-02-25,21.00,79.50,296.69,2.28,301.89
2024-02-25,21.00,79.75,297.86,0.00,301.47
2024-02-25,21.25,78.75,297.84,1.50,301.65
2024-02-25,21.25,79.00,297.96,0.00,301.72
2024-02-25,21.25,79.25,298.10,1.69,300.94
2024-02-25,21.25,79.50,297.77,0.60,301.34
2024-02-25,21.25,79.75,296.81,0.00,301.18
2024-02-25,21.50,78.75,298.60,0.00,300.80
2024-02-25,21.50,79.00,296.51,0.82,301.46
2024-02-25,21.50,79.25,297.45,0.84,301.08
2024-02-25,21.50,79.50,299.03,2.15,301.23
2024-02-25,21.50,79.75,297.56,0.00,301.17
2024-02-25,21.75,78.75,298.82,3.13,301.90
2024-02-25,21.75,79.00,297.23,0.00,301.56
2024-02-25,21.75,79.25,296.14,0.00,301.32
2024-02-25,21.75,79.50,295.32,0.00,301.43
2024-02-25,21.75,79.75,295.17,0.00,302.00
2024-02-26,20.75,78.75,298.52,0.00,301.10
2024-02-26,20.75,79.00,297.25,0.00,301.76
2024-02-26,20.75,79.25,296.34,5.27,301.65
2024-02-26,20.75,79.50,296.68,0.00,301.60
2024-02-26,20.75,79.75,297.03,0.00,300.62
2024-02-26,21.00,78.75,298.52,0.00,301.43
2024-02-26,21.00,79.00,296.83,0.00,301.19
2024-02-26,21.00,79.25,297.47,0.88,300.96
2024-02-26,21.00,79.50,293.92,0.00,301.80
2024-02-26,21.00,79.75,298.08,0.00,300.95
2024-02-26,21.25,78.75,298.39,7.79,301.79
2024-02-26,21.25,79.00,298.07,0.00,299.87
2024-02-26,21.25,79.25,295.56,0.00,301.53
2024-02-26,21.25,79.50,296.22,0.93,301.19
2024-02-26,21.25,79.75,295.55,0.00,301.60
2024-02-26,21.50,78.75,298.09,0.90,301.20
2024-02-26,21.50,79.00,296.88,0.00,301.78
2024-02-26,21.50,79.25,296.32,0.00,301.09
2024-02-26,21.50,79.50,298.03,1.48,302.22
2024-02-26,21.50,79.75,296.02,0.23,301.37
2024-02-26,21.75,78.75,298.75,1.98,301.59
2024-02-26,21.75,79.00,297.10,0.48,300.91
2024-02-26,21.75,79.25,296.14,0.00,301.55
2024-02-26,21.75,79.50,297.86,0.31,301.38
2024-02-26,21.75,79.75,297.61,0.00,302.44
2024-02-27,20.75,78.75,300.43,0.00,300.85
2024-02-27,20.75,79.00,299.62,0.00,301.05
2024-02-27,20.75,79.25,298.18,1.74,300.09
2024-02-27,20.75,79.50,297.10,2.06,301.43
2024-02-27,20.75,79.75,294.50,0.00,301.02
2024-02-27,21.00,78.75,295.85,0.00,301.36
2024-02-27,21.00,79.00,296.51,0.71,301.66
2024-02-27,21.00,79.25,295.94,0.30,301.46
2024-02-27,21.00,79.50,295.82,1.95,300.32
2024-02-27,21.00,79.75,295.60,0.00,301.71
2024-02-27,21.25,78.75,296.56,0.00,302.11
2024-02-27,21.25,79.00,299.47,2.17,301.94
2024-02-27,21.25,79.25,296.92,0.02,301.55
2024-02-27,21.25,79.50,297.84,3.42,301.60
2024-02-27,21.25,79.75,297.99,0.00,301.63
2024-02-27,21.50,78.75,297.31,0.00,301.99
2024-02-27,21.50,79.00,297.71,0.00,301.73
2024-02-27,21.50,79.25,297.83,0.00,300.51
2024-02-27,21.50,79.50,296.52,0.00,301.28
2024-02-27,21.50,79.75,298.34,0.00,302.10
2024-02-27,21.75,78.75,297.94,0.00,301.66
2024-02-27,21.75,79.00,298.55,0.06,301.40
2024-02-27,21.75,79.25,294.40,1.15,301.34
2024-02-27,21.75,79.50,297.90,0.00,301.77
2024-02-27,21.75,79.75,297.10,0.01,301.28
2024-02-28,20.75,78.75,297.18,0.00,301.35
2024-02-28,20.75,79.00,296.76,0.00,301.97
2024-02-28,20.75,79.25,298.21,0.00,301.33
2024-02-28,20.75,79.50,296.15,0.00,301.81
2024-02-28,20.75,79.75,300.06,0.00,301.26
2024-02-28,21.00,78.75,296.81,0.00,301.43
2024-02-28,21.00,79.00,299.47,0.00,301.80
2024-02-28,21.00,79.25,296.37,1.30,300.74
2024-02-28,21.00,79.50,295.99,0.00,301.47
2024-02-28,21.00,79.75,298.27,3.27,301.65
2024-02-28,21.25,78.75,299.41,0.00,
2024-02-28,21.25,79.00,299.21,0.03,301.23
2024-02-28,21.25,79.25,294.62,7.98,300.78
2024-02-28,21.25,79.50,297.50,1.51,301.31
2024-02-28,21.25,79.75,297.83,3.24,302.44
2024-02-28,21.50,78.75,295.89,0.00,301.71
2024-02-28,21.50,79.00,296.56,0.00,302.09
2024-02-28,21.50,79.25,297.85,,301.18
2024-02-28,21.50,79.50,296.70,0.00,301.86
2024-02-28,21.50,79.75,297.21,0.00,
2024-02-28,21.75,78.75,297.90,0.00,301.72
2024-02-28,21.75,79.00,298.59,0.00,301.43
2024-02-28,21.75,79.25,296.59,0.00,302.25
2024-02-28,21.75,79.50,296.42,0.17,301.20
2024-02-28,21.75,79.75,298.33,5.11,302.28
2024-02-29,20.75,78.75,297.01,0.00,301.88
2024-02-29,20.75,79.00,296.69,0.00,301.99
2024-02-29,20.75,79.25,297.41,1.67,302.06
2024-02-29,20.75,79.50,296.08,1.68,301.59
2024-02-29,20.75,79.75,297.83,0.00,300.65
2024-02-29,21.00,78.75,297.69,1.62,301.35
2024-02-29,21.00,79.00,300.60,0.00,301.43
2024-02-29,21.00,79.25,297.12,1.71,301.87
2024-02-29,21.00,79.50,300.33,0.00,300.93
2024-02-29,21.00,79.75,297.38,0.00,301.48
2024-02-29,21.25,78.75,295.61,0.67,300.63
2024-02-29,21.25,79.00,295.55,0.00,302.30
2024-02-29,21.25,79.25,298.57,1.22,301.79
2024-02-29,21.25,79.50,296.38,0.00,300.91
2024-02-29,21.25,79.75,295.93,0.00,301.19
2024-02-29,21.50,78.75,296.31,1.71,
2024-02-29,21.50,79.00,298.73,0.56,301.22
2024-02-29,21.50,79.25,296.27,0.00,302.04
2024-02-29,21.50,79.50,296.83,0.00,301.77
2024-02-29,21.50,79.75,296.75,2.25,301.37
2024-02-29,21.75,78.75,297.41,0.00,301.71
2024-02-29,21.75,79.00,299.14,0.29,300.16
2024-02-29,21.75,79.25,298.05,0.89,300.99
2024-02-29,21.75,79.50,297.87,0.00,301.61
2024-02-29,21.75,79.75,297.16,0.00,301.55
2024-03-01,20.75,78.75,298.03,0.00,302.74
2024-03-01,20.75,79.00,295.27,0.00,301.42
2024-03-01,20.75,79.25,,0.65,301.76
2024-03-01,20.75,79.50,297.60,0.00,301.03
2024-03-01,20.75,79.75,301.25,0.00,301.32
2024-03-01,21.00,78.75,297.00,0.00,301.63
2024-03-01,21.00,79.00,298.79,2.42,301.19
2024-03-01,21.00,79.25,298.99,0.00,301.43
2024-03-01,21.00,79.50,298.38,0.00,301.88
2024-03-01,21.00,79.75,296.03,0.00,301.89
2024-03-01,21.25,78.75,297.36,0.00,301.69
2024-03-01,21.25,79.00,,0.00,301.86
2024-03-01,21.25,79.25,299.30,0.00,301.71
2024-03-01,21.25,79.50,298.40,0.00,302.06
2024-03-01,21.25,79.75,295.31,0.53,301.25
2024-03-01,21.50,78.75,299.08,0.00,301.52
2024-03-01,21.50,79.00,300.50,3.29,301.26
2024-03-01,21.50,79.25,296.50,0.00,300.25
2024-03-01,21.50,79.50,296.54,0.00,301.32
2024-03-01,21.50,79.75,300.77,0.00,301.62
2024-03-01,21.75,78.75,297.31,0.76,301.54
2024-03-01,21.75,79.00,299.10,0.00,
2024-03-01,21.75,79.25,296.27,0.00,301.45
2024-03-01,21.75,79.50,,0.00,301.90
2024-03-01,21.75,79.75,300.17,0.00,301.65
2024-03-02,20.75,78.75,297.04,0.00,300.96
2024-03-02,20.75,79.00,298.52,0.00,301.62
2024-03-02,20.75,79.25,300.00,0.00,302.37
2024-03-02,20.75,79.50,299.29,0.86,300.77
2024-03-02,20.75,79.75,295.39,0.00,301.37
2024-03-02,21.00,78.75,300.23,2.29,301.60
2024-03-02,21.00,79.00,297.92,0.16,
2024-03-02,21.00,79.25,296.99,0.00,301.80
2024-03-02,21.00,79.50,297.22,1.58,300.75
2024-03-02,21.00,79.75,296.54,2.33,301.88
2024-03-02,21.25,78.75,298.72,0.38,301.76
2024-03-02,21.25,79.00,299.04,0.00,301.14
2024-03-02,21.25,79.25,297.06,1.90,300.79
2024-03-02,21.25,79.50,297.86,0.00,300.70
2024-03-02,21.25,79.75,298.94,0.00,301.69
2024-03-02,21.50,78.75,298.53,0.00,
2024-03-02,21.50,79.00,299.43,3.20,300.93
2024-03-02,21.50,79.25,296.21,0.00,300.77
2024-03-02,21.50,79.50,300.18,0.00,300.91
2024-03-02,21.50,79.75,296.21,0.00,300.69
2024-03-02,21.75,78.75,298.52,0.36,300.71
2024-03-02,21.75,79.00,298.38,0.00,301.39
2024-03-02,21.75,79.25,295.97,0.00,301.66
2024-03-02,21.75,79.50,,0.96,301.28
2024-03-02,21.75,79.75,296.84,0.00,301.77
2024-03-03,20.75,78.75,298.80,0.52,301.26
2024-03-03,20.75,79.00,296.62,1.18,300.87
2024-03-03,20.75,79.25,296.75,0.00,301.64
2024-03-03,20.75,79.50,296.75,0.11,301.50
2024-03-03,20.75,79.75,295.58,0.00,301.32
2024-03-03,21.00,78.75,296.37,0.16,301.57
2024-03-03,21.00,79.00,298.72,0.00,301.26
2024-03-03,21.00,79.25,299.68,0.00,301.50
2024-03-03,21.00,79.50,296.74,4.20,302.60
2024-03-03,21.00,79.75,295.67,0.00,301.74
2024-03-03,21.25,78.75,299.26,2.01,301.47
2024-03-03,21.25,79.00,294.90,1.87,302.00
2024-03-03,21.25,79.25,297.71,0.00,300.96
2024-03-03,21.25,79.50,297.60,2.43,301.27
2024-03-03,21.25,79.75,298.80,0.12,301.45
2024-03-03,21.50,78.75,297.53,0.00,302.05
2024-03-03,21.50,79.00,297.28,1.25,301.30
2024-03-03,21.50,79.25,299.90,2.19,300.90
2024-03-03,21.50,79.50,295.85,0.50,301.64
2024-03-03,21.50,79.75,297.86,0.07,301.06
2024-03-03,21.75,78.75,296.80,1.49,300.90
2024-03-03,21.75,79.00,296.33,0.00,300.70
2024-03-03,21.75,79.25,295.83,0.00,300.77
2024-03-03,21.75,79.50,297.53,0.00,300.04
2024-03-03,21.75,79.75,294.83,0.00,301.21
2024-03-04,20.75,78.75,298.31,3.38,301.17
2024-03-04,20.75,79.00,,0.00,
2024-03-04,20.75,79.25,295.07,0.00,300.70
2024-03-04,20.75,79.50,301.37,0.00,
2024-03-04,20.75,79.75,295.22,0.00,300.89
2024-03-04,21.00,78.75,297.44,0.00,299.92
2024-03-04,21.00,79.00,297.96,0.00,301.65
2024-03-04,21.00,79.25,298.40,0.00,301.95
2024-03-04,21.00,79.50,298.02,0.00,301.02
2024-03-04,21.00,79.75,297.39,0.00,301.40
2024-03-04,21.25,78.75,299.42,0.00,301.45
2024-03-04,21.25,79.00,296.60,0.00,301.07
2024-03-04,21.25,79.25,294.43,3.19,301.90
2024-03-04,21.25,79.50,299.46,0.30,301.62
2024-03-04,21.25,79.75,299.55,0.31,301.20
2024-03-04,21.50,78.75,295.87,0.00,300.97
2024-03-04,21.50,79.00,300.19,7.23,301.63
2024-03-04,21.50,79.25,299.89,0.00,301.28
2024-03-04,21.50,79.50,296.91,0.00,301.35
2024-03-04,21.50,79.75,297.31,0.00,301.28
2024-03-04,21.75,78.75,300.33,0.00,301.27
2024-03-04,21.75,79.00,296.37,1.21,300.65
2024-03-04,21.75,79.25,298.26,0.35,300.46
2024-03-04,21.75,79.50,299.30,0.00,301.20
2024-03-04,21.75,79.75,300.75,0.00,301.61
2024-03-05,20.75,78.75,296.80,0.00,300.59
2024-03-05,20.75,79.00,299.14,0.00,301.20
2024-03-05,20.75,79.25,298.01,0.00,300.70
2024-03-05,20.75,79.50,301.03,3.20,300.95
2024-03-05,20.75,79.75,297.42,1.54,301.33
2024-03-05,21.00,78.75,297.86,0.00,300.89
2024-03-05,21.00,79.00,298.50,0.46,301.14
2024-03-05,21.00,79.25,298.83,0.00,301.25
2024-03-05,21.00,79.50,298.58,0.00,301.61
2024-03-05,21.00,79.75,298.70,2.60,301.15
2024-03-05,21.25,78.75,300.78,0.00,
2024-03-05,21.25,79.00,298.32,0.00,301.79
2024-03-05,21.25,79.25,297.85,0.00,301.68
2024-03-05,21.25,79.50,299.39,0.00,301.29
2024-03-05,21.25,79.75,298.50,0.00,301.49
2024-03-05,21.50,78.75,296.98,0.00,301.93
2024-03-05,21.50,79.00,296.43,0.01,
2024-03-05,21.50,79.25,297.37,0.00,300.87
2024-03-05,21.50,79.50,298.08,,301.10
2024-03-05,21.50,79.75,299.49,0.00,301.48
2024-03-05,21.75,78.75,301.26,0.00,301.97
2024-03-05,21.75,79.00,297.82,0.00,302.14
2024-03-05,21.75,79.25,300.46,1.59,300.78
2024-03-05,21.75,79.50,297.93,0.00,301.14
2024-03-05,21.75,79.75,300.00,6.34,300.51
2024-03-06,20.75,78.75,,0.00,300.33
2024-03-06,20.75,79.00,295.48,1.28,300.44
2024-03-06,20.75,79.25,301.01,0.00,300.79
2024-03-06,20.75,79.50,298.44,0.00,301.29
2024-03-06,20.75,79.75,297.43,0.00,
2024-03-06,21.00,78.75,299.33,1.41,300.19
2024-03-06,21.00,79.00,297.04,1.61,301.47
2024-03-06,21.00,79.25,296.89,0.00,300.89
2024-03-06,21.00,79.50,295.70,0.19,301.18
2024-03-06,21.00,79.75,299.52,0.01,301.41
2024-03-06,21.25,78.75,299.40,0.00,301.11
2024-03-06,21.25,79.00,297.04,0.00,302.14
2024-03-06,21.25,79.25,297.80,0.00,301.52
2024-03-06,21.25,79.50,298.82,1.20,300.30
2024-03-06,21.25,79.75,299.45,0.00,301.26
2024-03-06,21.50,78.75,295.49,0.02,301.30
2024-03-06,21.50,79.00,297.79,0.00,302.24
2024-03-06,21.50,79.25,297.00,0.15,301.46
2024-03-06,21.50,79.50,298.37,1.76,299.99
2024-03-06,21.50,79.75,297.09,0.39,300.80
2024-03-06,21.75,78.75,297.67,0.00,301.06
2024-03-06,21.75,79.00,297.91,4.91,300.80
2024-03-06,21.75,79.25,300.03,0.00,301.37
2024-03-06,21.75,79.50,300.76,5.39,301.67
2024-03-06,21.75,79.75,297.96,0.20,300.90
2024-03-07,20.75,78.75,299.64,1.12,301.07
2024-03-07,20.75,79.00,,1.36,301.49
2024-03-07,20.75,79.25,299.85,3.43,301.25
2024-03-07,20.75,79.50,297.24,0.29,301.01
2024-03-07,20.75,79.75,297.45,0.36,301.00
2024-03-07,21.00,78.75,296.86,0.56,301.98
2024-03-07,21.00,79.00,299.33,0.00,301.25
2024-03-07,21.00,79.25,296.51,3.12,301.25
2024-03-07,21.00,79.50,300.06,0.00,301.47
2024-03-07,21.00,79.75,301.58,0.00,300.94
2024-03-07,21.25,78.75,296.26,0.00,301.85
2024-03-07,21.25,79.00,299.26,0.60,301.93
2024-03-07,21.25,79.25,299.06,0.00,301.77
2024-03-07,21.25,79.50,298.51,0.00,300.83
2024-03-07,21.25,79.75,297.68,1.49,301.93
2024-03-07,21.50,78.75,297.04,0.00,300.67
2024-03-07,21.50,79.00,295.17,0.00,301.30
2024-03-07,21.50,79.25,298.51,0.00,301.14
2024-03-07,21.50,79.50,300.65,7.25,300.12
2024-03-07,21.50,79.75,299.66,0.00,301.13
2024-03-07,21.75,78.75,300.45,0.00,301.47
2024-03-07,21.75,79.00,297.11,0.57,
2024-03-07,21.75,79.25,298.72,0.00,302.26
2024-03-07,21.75,79.50,297.59,0.00,301.17
2024-03-07,21.75,79.75,,2.25,
2024-03-08,20.75,78.75,298.25,0.00,301.13
2024-03-08,20.75,79.00,297.35,0.00,301.70
2024-03-08,20.75,79.25,295.85,0.00,301.41
2024-03-08,20.75,79.50,299.95,0.00,301.21
2024-03-08,20.75,79.75,297.73,1.25,300.40
2024-03-08,21.00,78.75,299.50,0.00,301.35
2024-03-08,21.00,79.00,300.84,0.00,301.57
2024-03-08,21.00,79.25,296.95,4.20,301.11
2024-03-08,21.00,79.50,301.76,0.00,301.06
2024-03-08,21.00,79.75,297.72,0.00,300.71
2024-03-08,21.25,78.75,298.26,6.08,302.01
2024-03-08,21.25,79.00,298.77,3.92,300.95
2024-03-08,21.25,79.25,296.22,0.00,
2024-03-08,21.25,79.50,297.55,0.00,301.29
2024-03-08,21.25,79.75,297.17,0.00,300.63
2024-03-08,21.50,78.75,295.22,,301.29
2024-03-08,21.50,79.00,297.99,0.00,301.11
2024-03-08,21.50,79.25,298.94,0.00,301.48
2024-03-08,21.50,79.50,297.58,0.00,300.81
2024-03-08,21.50,79.75,299.57,0.36,300.93
2024-03-08,21.75,78.75,297.43,0.06,301.12
2024-03-08,21.75,79.00,297.88,0.00,300.23
2024-03-08,21.75,79.25,,1.72,300.54
2024-03-08,21.75,79.50,295.64,2.84,301.42
2024-03-08,21.75,79.75,298.08,1.35,300.76
2024-03-09,20.75,78.75,298.68,,300.47
2024-03-09,20.75,79.00,296.71,0.00,301.64
2024-03-09,20.75,79.25,296.31,0.00,301.54
2024-03-09,20.75,79.50,295.86,5.71,301.42
2024-03-09,20.75,79.75,299.33,0.00,301.71
2024-03-09,21.00,78.75,297.15,0.00,301.05
2024-03-09,21.00,79.00,297.30,0.00,300.51
2024-03-09,21.00,79.25,300.51,0.00,300.82
2024-03-09,21.00,79.50,300.58,0.00,301.38
2024-03-09,21.00,79.75,298.70,0.00,301.91
2024-03-09,21.25,78.75,299.19,0.00,300.56
2024-03-09,21.25,79.00,296.50,0.00,301.27
2024-03-09,21.25,79.25,298.20,1.48,301.03
2024-03-09,21.25,79.50,298.90,0.00,301.34
2024-03-09,21.25,79.75,300.58,0.00,301.32
2024-03-09,21.50,78.75,297.67,1.60,301.51
2024-03-09,21.50,79.00,298.37,0.00,300.11
2024-03-09,21.50,79.25,298.62,0.08,301.14
2024-03-09,21.50,79.50,298.30,0.00,300.94
2024-03-09,21.50,79.75,300.32,0.00,300.75
2024-03-09,21.75,78.75,299.90,0.00,301.90
2024-03-09,21.75,79.00,299.40,0.00,301.34
2024-03-09,21.75,79.25,,0.00,
2024-03-09,21.75,79.50,299.01,0.00,301.29
2024-03-09,21.75,79.75,298.73,0.00,300.46
2024-03-10,20.75,78.75,297.85,0.00,301.03
2024-03-10,20.75,79.00,298.63,0.00,301.59
2024-03-10,20.75,79.25,300.97,0.00,301.24
2024-03-10,20.75,79.50,297.94,1.10,301.40
2024-03-10,20.75,79.75,298.45,3.42,301.42
2024-03-10,21.00,78.75,296.34,2.36,301.19
2024-03-10,21.00,79.00,301.20,0.00,301.29
2024-03-10,21.00,79.25,298.41,0.20,301.45
2024-03-10,21.00,79.50,300.48,0.00,301.36
2024-03-10,21.00,79.75,299.91,0.00,301.43
2024-03-10,21.25,78.75,301.65,0.00,301.77
2024-03-10,21.25,79.00,297.34,0.00,300.85
2024-03-10,21.25,79.25,298.51,1.91,301.29
2024-03-10,21.25,79.50,297.25,0.00,301.41
2024-03-10,21.25,79.75,296.43,0.00,300.69
2024-03-10,21.50,78.75,299.37,3.44,300.68
2024-03-10,21.50,79.00,295.03,1.59,299.86
2024-03-10,21.50,79.25,296.88,0.52,301.10
2024-03-10,21.50,79.50,297.60,0.01,300.86
2024-03-10,21.50,79.75,299.76,0.00,301.60
2024-03-10,21.75,78.75,298.31,0.14,300.39
2024-03-10,21.75,79.00,299.23,1.17,301.16
2024-03-10,21.75,79.25,301.16,1.08,
2024-03-10,21.75,79.50,300.74,0.00,300.60
2024-03-10,21.75,79.75,296.17,0.00,301.31
2024-03-11,20.75,78.75,299.93,0.99,300.11
2024-03-11,20.75,79.00,296.84,0.00,301.10
2024-03-11,20.75,79.25,302.24,0.00,301.27
2024-03-11,20.75,79.50,298.55,0.00,301.12
2024-03-11,20.75,79.75,299.56,0.85,301.56
2024-03-11,21.00,78.75,298.17,0.00,300.70
2024-03-11,21.00,79.00,297.71,1.77,
2024-03-11,21.00,79.25,300.49,0.25,301.01
2024-03-11,21.00,79.50,298.45,1.34,301.48
2024-03-11,21.00,79.75,296.88,4.97,301.39
2024-03-11,21.25,78.75,297.23,2.89,300.38
2024-03-11,21.25,79.00,297.41,0.80,301.35
2024-03-11,21.25,79.25,297.68,6.36,301.65
2024-03-11,21.25,79.50,298.48,0.00,301.72
2024-03-11,21.25,79.75,300.58,0.12,300.82
2024-03-11,21.50,78.75,297.66,0.48,301.31
2024-03-11,21.50,79.00,299.68,0.00,301.40
2024-03-11,21.50,79.25,297.07,0.00,301.04
2024-03-11,21.50,79.50,300.55,0.00,301.77
2024-03-11,21.50,79.75,299.16,4.33,302.16
2024-03-11,21.75,78.75,302.12,2.48,300.84
2024-03-11,21.75,79.00,301.58,0.00,300.44
2024-03-11,21.75,79.25,298.45,2.24,301.72
2024-03-11,21.75,79.50,299.37,,300.82
2024-03-11,21.75,79.75,295.35,1.12,301.68
2024-03-12,20.75,78.75,298.56,0.00,301.55
2024-03-12,20.75,79.00,298.88,7.42,301.24
2024-03-12,20.75,79.25,300.26,0.00,300.84
2024-03-12,20.75,79.50,297.63,0.00,301.57
2024-03-12,20.75,79.75,303.67,0.00,300.71
2024-03-12,21.00,78.75,298.90,0.00,301.73
2024-03-12,21.00,79.00,299.01,1.43,300.65
2024-03-12,21.00,79.25,298.10,0.00,301.47
2024-03-12,21.00,79.50,300.13,0.00,301.08
2024-03-12,21.00,79.75,297.46,0.00,301.46
2024-03-12,21.25,78.75,302.06,0.00,301.99
2024-03-12,21.25,79.00,297.86,0.00,302.46
2024-03-12,21.25,79.25,298.12,0.28,
2024-03-12,21.25,79.50,299.45,0.57,301.10
2024-03-12,21.25,79.75,299.19,0.00,300.75
2024-03-12,21.50,78.75,,0.90,301.78
2024-03-12,21.50,79.00,300.01,0.45,299.93
2024-03-12,21.50,79.25,298.65,0.00,301.70
2024-03-12,21.50,79.50,297.07,7.85,300.83
2024-03-12,21.50,79.75,299.48,0.00,301.35
2024-03-12,21.75,78.75,300.42,0.00,300.51
2024-03-12,21.75,79.00,297.90,2.70,301.22
2024-03-12,21.75,79.25,298.48,0.96,300.47
2024-03-12,21.75,79.50,298.02,0.00,
2024-03-12,21.75,79.75,297.37,0.00,300.84
2024-03-13,20.75,78.75,299.65,5.21,300.78
2024-03-13,20.75,79.00,301.62,0.00,301.14
2024-03-13,20.75,79.25,297.22,5.16,300.73
2024-03-13,20.75,79.50,298.41,0.00,300.58
2024-03-13,20.75,79.75,298.39,0.00,300.86
2024-03-13,21.00,78.75,298.68,0.00,300.61
2024-03-13,21.00,79.00,298.59,0.00,301.99
2024-03-13,21.00,79.25,303.38,0.00,300.88
2024-03-13,21.00,79.50,299.61,0.00,301.37
2024-03-13,21.00,79.75,298.92,1.23,300.39
2024-03-13,21.25,78.75,301.40,0.05,300.42
2024-03-13,21.25,79.00,300.42,1.20,301.01
2024-03-13,21.25,79.25,298.23,2.60,301.38
2024-03-13,21.25,79.50,300.29,0.00,301.20
2024-03-13,21.25,79.75,296.68,0.00,301.46
2024-03-13,21.50,78.75,300.05,0.00,300.12
2024-03-13,21.50,79.00,298.83,0.00,300.83
2024-03-13,21.50,79.25,298.75,1.09,
2024-03-13,21.50,79.50,299.69,0.00,300.86
2024-03-13,21.50,79.75,298.60,0.00,300.90
2024-03-13,21.75,78.75,298.97,4.60,300.67
2024-03-13,21.75,79.00,297.18,0.00,300.20
2024-03-13,21.75,79.25,297.90,0.34,301.33
2024-03-13,21.75,79.50,300.65,0.00,300.50
2024-03-13,21.75,79.75,297.91,0.00,300.68
2024-03-14,20.75,78.75,300.76,1.48,300.57
2024-03-14,20.75,79.00,300.79,0.00,301.27
2024-03-14,20.75,79.25,301.23,0.00,300.79
2024-03-14,20.75,79.50,298.13,0.00,301.18
2024-03-14,20.75,79.75,299.46,0.00,301.36
2024-03-14,21.00,78.75,300.58,0.00,301.22
2024-03-14,21.00,79.00,299.72,0.00,301.25
2024-03-14,21.00,79.25,299.27,3.82,300.85
2024-03-14,21.00,79.50,298.59,,301.33
2024-03-14,21.00,79.75,301.23,2.53,301.06
2024-03-14,21.25,78.75,300.08,0.00,301.30
2024-03-14,21.25,79.00,,0.00,301.59
2024-03-14,21.25,79.25,298.19,4.08,301.17
2024-03-14,21.25,79.50,302.47,0.00,300.62
2024-03-14,21.25,79.75,301.38,0.93,301.53
2024-03-14,21.50,78.75,298.41,0.00,301.42
2024-03-14,21.50,79.00,296.98,2.22,301.60
2024-03-14,21.50,79.25,296.03,0.00,301.25
2024-03-14,21.50,79.50,299.32,0.00,301.24
2024-03-14,21.50,79.75,298.27,0.63,301.64
2024-03-14,21.75,78.75,297.40,0.00,301.17
2024-03-14,21.75,79.00,301.89,0.00,301.15
2024-03-14,21.75,79.25,297.24,0.00,300.96
2024-03-14,21.75,79.50,300.73,1.93,301.54
2024-03-14,21.75,79.75,297.66,0.00,300.85
2024-03-15,20.75,78.75,298.49,0.00,301.40
2024-03-15,20.75,79.00,300.22,0.00,301.20
2024-03-15,20.75,79.25,299.31,1.19,301.42
2024-03-15,20.75,79.50,297.06,0.00,300.33
2024-03-15,20.75,79.75,298.76,0.00,301.11
2024-03-15,21.00,78.75,301.89,0.44,301.12
2024-03-15,21.00,79.00,300.09,0.00,
2024-03-15,21.00,79.25,298.95,0.00,299.89
2024-03-15,21.00,79.50,298.54,0.08,300.14
2024-03-15,21.00,79.75,296.03,0.00,300.96
2024-03-15,21.25,78.75,,0.00,301.10
2024-03-15,21.25,79.00,297.18,0.00,300.72
2024-03-15,21.25,79.25,299.36,0.00,301.62
2024-03-15,21.25,79.50,,0.00,301.07
2024-03-15,21.25,79.75,298.34,1.89,300.98
2024-03-15,21.50,78.75,298.09,1.42,301.15
2024-03-15,21.50,79.00,298.50,0.00,301.69
2024-03-15,21.50,79.25,296.92,0.00,300.69
2024-03-15,21.50,79.50,301.64,0.00,300.23
2024-03-15,21.50,79.75,298.11,1.84,301.43
2024-03-15,21.75,78.75,300.43,0.77,301.23
2024-03-15,21.75,79.00,298.38,1.42,300.83
2024-03-15,21.75,79.25,,0.00,301.22
2024-03-15,21.75,79.50,299.00,0.00,301.50
2024-03-15,21.75,79.75,299.57,1.09,301.01
2024-03-16,20.75,78.75,298.15,1.25,301.05
2024-03-16,20.75,79.00,297.48,0.00,301.23
2024-03-16,20.75,79.25,301.49,0.71,301.08
2024-03-16,20.75,79.50,299.39,,301.25
2024-03-16,20.75,79.75,299.49,3.53,300.25
2024-03-16,21.00,78.75,298.03,0.76,300.81
2024-03-16,21.00,79.00,299.39,0.00,301.12
2024-03-16,21.00,79.25,300.40,0.00,301.35
2024-03-16,21.00,79.50,299.35,2.41,300.28
2024-03-16,21.00,79.75,299.04,0.40,
2024-03-16,21.25,78.75,298.62,1.92,301.26
2024-03-16,21.25,79.00,300.56,0.95,301.23
2024-03-16,21.25,79.25,300.97,0.00,
2024-03-16,21.25,79.50,298.58,0.03,300.69
2024-03-16,21.25,79.75,299.68,0.00,301.03
2024-03-16,21.50,78.75,300.25,3.40,300.47
2024-03-16,21.50,79.00,300.07,0.00,301.15
2024-03-16,21.50,79.25,300.40,0.00,301.09
2024-03-16,21.50,79.50,298.81,0.00,300.88
2024-03-16,21.50,79.75,299.21,0.00,300.85
2024-03-16,21.75,78.75,297.11,0.00,300.21
2024-03-16,21.75,79.00,300.03,0.00,300.20
2024-03-16,21.75,79.25,300.31,0.00,300.65
2024-03-16,21.75,79.50,295.54,1.58,300.75
2024-03-16,21.75,79.75,299.92,0.00,300.60
2024-03-17,20.75,78.75,302.31,0.00,301.40
2024-03-17,20.75,79.00,298.53,,300.63
2024-03-17,20.75,79.25,301.21,0.00,300.82
2024-03-17,20.75,79.50,297.36,0.00,301.91
2024-03-17,20.75,79.75,298.72,0.00,
2024-03-17,21.00,78.75,298.72,0.38,300.55
2024-03-17,21.00,79.00,301.11,1.92,300.91
2024-03-17,21.00,79.25,298.70,0.00,300.25
2024-03-17,21.00,79.50,298.72,0.00,300.78
2024-03-17,21.00,79.75,300.74,0.00,301.16
2024-03-17,21.25,78.75,301.81,0.00,301.65
2024-03-17,21.25,79.00,301.06,0.88,301.03
2024-03-17,21.25,79.25,299.37,0.08,301.20
2024-03-17,21.25,79.50,301.42,0.15,301.33
2024-03-17,21.25,79.75,298.04,0.00,301.35
2024-03-17,21.50,78.75,299.00,0.03,300.94
2024-03-17,21.50,79.00,301.70,3.84,301.63
2024-03-17,21.50,79.25,298.92,1.65,301.57
2024-03-17,21.50,79.50,299.57,0.00,300.88
2024-03-17,21.50,79.75,300.03,0.00,300.87
2024-03-17,21.75,78.75,299.32,0.00,301.33
2024-03-17,21.75,79.00,299.47,0.00,301.19
2024-03-17,21.75,79.25,301.99,0.00,301.51
2024-03-17,21.75,79.50,300.05,0.00,300.27
2024-03-17,21.75,79.75,299.07,2.79,300.84
2024-03-18,20.75,78.75,299.30,0.00,301.71
2024-03-18,20.75,79.00,300.02,0.00,300.83
2024-03-18,20.75,79.25,298.37,0.95,300.90
2024-03-18,20.75,79.50,300.81,0.09,300.50
2024-03-18,20.75,79.75,300.03,1.30,300.39
2024-03-18,21.00,78.75,299.78,0.00,301.08
2024-03-18,21.00,79.00,298.84,0.00,301.52
2024-03-18,21.00,79.25,300.05,0.00,300.37
2024-03-18,21.00,79.50,300.70,6.17,
2024-03-18,21.00,79.75,297.59,0.00,300.28
2024-03-18,21.25,78.75,301.72,0.00,300.86
2024-03-18,21.25,79.00,300.62,5.18,300.98
2024-03-18,21.25,79.25,298.73,0.27,300.78
2024-03-18,21.25,79.50,299.96,0.00,300.59
2024-03-18,21.25,79.75,299.16,3.59,300.62
2024-03-18,21.50,78.75,297.66,0.00,301.34
2024-03-18,21.50,79.00,300.53,0.00,300.64
2024-03-18,21.50,79.25,297.28,0.27,301.84
2024-03-18,21.50,79.50,299.05,,301.36
2024-03-18,21.50,79.75,298.68,1.04,301.55
2024-03-18,21.75,78.75,300.34,1.22,301.96
2024-03-18,21.75,79.00,297.34,7.05,300.79
2024-03-18,21.75,79.25,300.92,2.71,301.35
2024-03-18,21.75,79.50,298.13,0.00,300.62
2024-03-18,21.75,79.75,303.12,10.81,301.32
2024-03-19,20.75,78.75,298.32,1.43,301.00
2024-03-19,20.75,79.00,300.46,1.77,300.72
2024-03-19,20.75,79.25,298.16,0.00,300.71
2024-03-19,20.75,79.50,300.78,0.00,300.04
2024-03-19,20.75,79.75,300.59,0.00,301.27
2024-03-19,21.00,78.75,299.98,2.87,300.39
2024-03-19,21.00,79.00,299.63,4.49,300.70
2024-03-19,21.00,79.25,302.38,0.00,301.57
2024-03-19,21.00,79.50,300.27,0.00,301.26
2024-03-19,21.00,79.75,301.76,0.00,300.69
2024-03-19,21.25,78.75,298.59,0.00,300.48
2024-03-19,21.25,79.00,298.90,0.00,301.65
2024-03-19,21.25,79.25,298.35,1.33,300.79
2024-03-19,21.25,79.50,300.16,0.00,301.71
2024-03-19,21.25,79.75,298.14,1.55,301.85
2024-03-19,21.50,78.75,300.72,0.17,300.73
2024-03-19,21.50,79.00,298.75,0.00,300.54
2024-03-19,21.50,79.25,299.42,0.00,301.50
2024-03-19,21.50,79.50,302.66,0.00,
2024-03-19,21.50,79.75,300.77,0.00,300.19
2024-03-19,21.75,78.75,299.91,0.00,300.81
2024-03-19,21.75,79.00,300.14,0.34,300.34
2024-03-19,21.75,79.25,299.67,0.00,301.53
2024-03-19,21.75,79.50,300.37,1.77,301.02
2024-03-19,21.75,79.75,297.95,0.13,300.15
2024-03-20,20.75,78.75,299.70,0.00,301.00
2024-03-20,20.75,79.00,302.52,0.00,301.41
2024-03-20,20.75,79.25,303.31,0.00,301.19
2024-03-20,20.75,79.50,299.41,0.00,301.06
2024-03-20,20.75,79.75,,0.00,300.83
2024-03-20,21.00,78.75,298.62,0.00,301.91
2024-03-20,21.00,79.00,300.32,0.00,300.70
2024-03-20,21.00,79.25,299.99,0.38,300.54
2024-03-20,21.00,79.50,299.52,1.15,301.29
2024-03-20,21.00,79.75,300.29,0.00,301.08
2024-03-20,21.25,78.75,300.70,2.74,300.56
2024-03-20,21.25,79.00,301.38,0.00,300.26
2024-03-20,21.25,79.25,299.05,0.00,301.84
2024-03-20,21.25,79.50,296.06,0.00,301.41
2024-03-20,21.25,79.75,298.42,0.00,301.03
2024-03-20,21.50,78.75,297.16,0.35,301.10
2024-03-20,21.50,79.00,301.81,0.00,300.86
2024-03-20,21.50,79.25,,1.14,300.34
2024-03-20,21.50,79.50,302.03,0.00,301.40
2024-03-20,21.50,79.75,300.89,1.09,300.31
2024-03-20,21.75,78.75,299.59,0.00,300.62
2024-03-20,21.75,79.00,,0.00,300.29
2024-03-20,21.75,79.25,301.32,0.00,300.43
2024-03-20,21.75,79.50,300.14,3.51,301.34
2024-03-20,21.75,79.75,300.19,,301.26
2024-03-21,20.75,78.75,301.25,0.19,301.00
2024-03-21,20.75,79.00,301.66,0.00,300.74
2024-03-21,20.75,79.25,299.32,0.14,301.10
2024-03-21,20.75,79.50,298.53,0.00,301.31
2024-03-21,20.75,79.75,299.04,9.46,301.57
2024-03-21,21.00,78.75,298.60,0.79,300.81
2024-03-21,21.00,79.00,298.07,0.54,300.73
2024-03-21,21.00,79.25,302.71,1.70,301.15
2024-03-21,21.00,79.50,299.16,0.00,300.57
2024-03-21,21.00,79.75,298.56,0.00,301.49
2024-03-21,21.25,78.75,301.68,0.00,300.41
2024-03-21,21.25,79.00,299.47,0.00,301.08
2024-03-21,21.25,79.25,298.79,0.00,300.82
2024-03-21,21.25,79.50,299.12,0.00,300.24
2024-03-21,21.25,79.75,300.23,0.35,301.86
2024-03-21,21.50,78.75,299.41,0.00,300.88
2024-03-21,21.50,79.00,299.40,2.09,301.42
2024-03-21,21.50,79.25,297.89,0.00,300.82
2024-03-21,21.50,79.50,299.77,0.00,301.72
2024-03-21,21.50,79.75,301.38,0.45,301.13
2024-03-21,21.75,78.75,300.08,0.00,301.46
2024-03-21,21.75,79.00,299.46,0.00,300.80
2024-03-21,21.75,79.25,299.81,2.16,300.88
2024-03-21,21.75,79.50,297.84,0.00,300.93
2024-03-21,21.75,79.75,302.48,0.04,301.01
2024-03-22,20.75,78.75,302.63,0.00,300.91
2024-03-22,20.75,79.00,300.39,0.17,301.61
2024-03-22,20.75,79.25,297.40,0.00,300.52
2024-03-22,20.75,79.50,298.99,0.99,300.94
2024-03-22,20.75,79.75,299.70,0.00,301.20
2024-03-22,21.00,78.75,300.60,4.94,300.54
2024-03-22,21.00,79.00,297.79,0.00,300.98
2024-03-22,21.00,79.25,299.58,4.29,301.41
2024-03-22,21.00,79.50,301.72,0.39,300.01
2024-03-22,21.00,79.75,301.46,4.33,301.54
2024-03-22,21.25,78.75,304.58,1.89,300.23
2024-03-22,21.25,79.00,300.70,0.00,300.71
2024-03-22,21.25,79.25,298.59,0.00,300.70
2024-03-22,21.25,79.50,301.17,0.00,301.25
2024-03-22,21.25,79.75,301.75,0.00,300.49
2024-03-22,21.50,78.75,300.41,0.00,300.99
2024-03-22,21.50,79.00,298.74,0.00,300.47
2024-03-22,21.50,79.25,300.04,2.64,300.91
2024-03-22,21.50,79.50,299.62,0.00,301.17
2024-03-22,21.50,79.75,299.83,0.00,300.26
2024-03-22,21.75,78.75,301.56,0.00,301.10
2024-03-22,21.75,79.00,300.49,2.41,300.44
2024-03-22,21.75,79.25,300.61,0.54,300.95
2024-03-22,21.75,79.50,301.70,3.25,301.38
2024-03-22,21.75,79.75,299.88,0.00,301.50
2024-03-23,20.75,78.75,297.73,0.00,300.37
2024-03-23,20.75,79.00,301.21,0.00,300.15
2024-03-23,20.75,79.25,301.50,0.00,301.00
2024-03-23,20.75,79.50,296.42,0.00,301.10
2024-03-23,20.75,79.75,302.24,0.00,300.57
2024-03-23,21.00,78.75,300.23,0.00,300.65
2024-03-23,21.00,79.00,298.84,0.00,301.07
2024-03-23,21.00,79.25,300.28,0.00,301.36
2024-03-23,21.00,79.50,303.20,0.00,300.52
2024-03-23,21.00,79.75,299.64,0.00,301.04
2024-03-23,21.25,78.75,300.57,0.00,300.86
2024-03-23,21.25,79.00,299.26,0.00,301.05
2024-03-23,21.25,79.25,298.14,0.00,300.88
2024-03-23,21.25,79.50,300.39,1.27,301.38
2024-03-23,21.25,79.75,297.69,1.50,
2024-03-23,21.50,78.75,301.91,,301.12
2024-03-23,21.50,79.00,299.37,0.00,301.60
2024-03-23,21.50,79.25,302.59,0.84,301.29
2024-03-23,21.50,79.50,300.41,0.00,300.71
2024-03-23,21.50,79.75,300.14,0.00,300.42
2024-03-23,21.75,78.75,299.65,0.00,300.81
2024-03-23,21.75,79.00,299.73,4.26,
2024-03-23,21.75,79.25,297.38,0.00,
2024-03-23,21.75,79.50,304.04,0.00,300.74
2024-03-23,21.75,79.75,297.39,2.80,300.53
2024-03-24,20.75,78.75,302.57,0.95,300.51
2024-03-24,20.75,79.00,300.23,0.00,300.40
2024-03-24,20.75,79.25,302.26,0.00,300.41
2024-03-24,20.75,79.50,303.73,0.00,300.28
2024-03-24,20.75,79.75,301.68,0.00,301.16
2024-03-24,21.00,78.75,300.37,0.00,300.25
2024-03-24,21.00,79.00,300.41,0.00,300.66
2024-03-24,21.00,79.25,300.87,1.26,300.45
2024-03-24,21.00,79.50,298.85,1.13,300.26
2024-03-24,21.00,79.75,299.96,0.00,302.07
2024-03-24,21.25,78.75,298.39,4.32,300.88
2024-03-24,21.25,79.00,300.44,0.00,301.13
2024-03-24,21.25,79.25,302.01,2.99,300.48
2024-03-24,21.25,79.50,300.70,0.05,300.32
2024-03-24,21.25,79.75,298.78,0.10,300.74
2024-03-24,21.50,78.75,300.32,3.42,300.95
2024-03-24,21.50,79.00,299.40,0.00,300.75
2024-03-24,21.50,79.25,298.14,0.00,300.47
2024-03-24,21.50,79.50,300.91,0.00,300.82
2024-03-24,21.50,79.75,300.74,0.00,300.71
2024-03-24,21.75,78.75,301.77,3.83,300.55
2024-03-24,21.75,79.00,297.86,0.00,300.73
2024-03-24,21.75,79.25,300.64,0.00,300.42
2024-03-24,21.75,79.50,301.07,0.00,301.66
2024-03-24,21.75,79.75,302.09,1.14,301.34
2024-03-25,20.75,78.75,302.20,0.00,300.38
2024-03-25,20.75,79.00,301.68,0.00,301.19
2024-03-25,20.75,79.25,299.80,0.00,300.98
2024-03-25,20.75,79.50,301.13,0.00,301.34
2024-03-25,20.75,79.75,299.81,0.77,301.34
2024-03-25,21.00,78.75,302.91,0.95,300.68
2024-03-25,21.00,79.00,296.83,0.00,301.07
2024-03-25,21.00,79.25,301.44,0.32,301.31
2024-03-25,21.00,79.50,301.14,0.00,301.18
2024-03-25,21.00,79.75,298.47,1.18,301.26
2024-03-25,21.25,78.75,300.57,1.79,300.96
2024-03-25,21.25,79.00,300.44,1.67,300.85
2024-03-25,21.25,79.25,300.91,0.00,300.69
2024-03-25,21.25,79.50,302.29,0.89,300.76
2024-03-25,21.25,79.75,300.78,0.00,300.22
2024-03-25,21.50,78.75,301.09,0.00,300.35
2024-03-25,21.50,79.00,299.67,1.96,300.99
2024-03-25,21.50,79.25,302.36,2.03,300.78
2024-03-25,21.50,79.50,301.93,0.00,
2024-03-25,21.50,79.75,299.38,0.00,301.46
2024-03-25,21.75,78.75,302.53,0.00,301.26
2024-03-25,21.75,79.00,300.91,0.00,301.12
2024-03-25,21.75,79.25,299.08,0.00,301.20
2024-03-25,21.75,79.50,298.54,0.00,300.65
2024-03-25,21.75,79.75,300.52,1.75,300.51
2024-03-26,20.75,78.75,300.30,1.78,300.87
2024-03-26,20.75,79.00,300.32,0.00,300.76
2024-03-26,20.75,79.25,297.87,0.00,300.79
2024-03-26,20.75,79.50,299.95,0.00,300.42
2024-03-26,20.75,79.75,300.56,4.10,301.58
2024-03-26,21.00,78.75,302.07,4.78,301.34
2024-03-26,21.00,79.00,301.09,1.00,301.06
2024-03-26,21.00,79.25,301.35,0.00,
2024-03-26,21.00,79.50,303.23,0.00,301.71
2024-03-26,21.00,79.75,303.64,0.00,299.62
2024-03-26,21.25,78.75,299.52,1.07,301.56
2024-03-26,21.25,79.00,300.08,0.00,300.31
2024-03-26,21.25,79.25,302.22,0.01,300.49
2024-03-26,21.25,79.50,300.86,0.53,301.25
2024-03-26,21.25,79.75,301.38,3.52,300.26
2024-03-26,21.50,78.75,301.07,3.27,301.33
2024-03-26,21.50,79.00,300.21,1.33,300.35
2024-03-26,21.50,79.25,301.67,0.00,300.91
2024-03-26,21.50,79.50,300.25,0.00,300.87
2024-03-26,21.50,79.75,300.59,0.00,300.42
2024-03-26,21.75,78.75,299.76,2.59,301.09
2024-03-26,21.75,79.00,300.63,0.58,301.74
2024-03-26,21.75,79.25,299.92,2.98,300.22
2024-03-26,21.75,79.50,302.67,1.22,301.61
2024-03-26,21.75,79.75,297.54,0.00,302.00
2024-03-27,20.75,78.75,298.53,0.29,301.02
2024-03-27,20.75,79.00,302.33,3.41,300.65
2024-03-27,20.75,79.25,301.46,0.00,300.36
2024-03-27,20.75,79.50,300.88,0.00,300.67
2024-03-27,20.75,79.75,302.30,0.00,299.98
2024-03-27,21.00,78.75,302.54,0.00,301.07
2024-03-27,21.00,79.00,300.79,6.41,300.27
2024-03-27,21.00,79.25,299.54,2.29,301.58
2024-03-27,21.00,79.50,301.02,1.35,300.26
2024-03-27,21.00,79.75,300.72,1.38,300.89
2024-03-27,21.25,78.75,302.89,0.00,300.88
2024-03-27,21.25,79.00,300.31,0.45,300.82
2024-03-27,21.25,79.25,300.20,0.00,300.89
2024-03-27,21.25,79.50,299.71,0.00,301.84
2024-03-27,21.25,79.75,300.21,0.89,301.51
2024-03-27,21.50,78.75,298.31,0.00,301.76
2024-03-27,21.50,79.00,300.63,0.00,300.80
2024-03-27,21.50,79.25,302.15,0.00,301.79
2024-03-27,21.50,79.50,299.48,0.00,301.23
2024-03-27,21.50,79.75,301.63,0.00,300.50
2024-03-27,21.75,78.75,297.12,0.00,301.13
2024-03-27,21.75,79.00,302.43,0.00,300.15
2024-03-27,21.75,79.25,300.29,0.00,299.93
2024-03-27,21.75,79.50,299.99,1.04,300.88
2024-03-27,21.75,79.75,300.37,0.00,301.89
2024-03-28,20.75,78.75,301.31,2.36,300.85
2024-03-28,20.75,79.00,302.91,0.00,301.13
2024-03-28,20.75,79.25,303.45,1.57,300.57
2024-03-28,20.75,79.50,298.78,0.00,301.25
2024-03-28,20.75,79.75,300.53,0.69,300.91
2024-03-28,21.00,78.75,300.18,3.15,302.49
2024-03-28,21.00,79.00,302.38,0.39,300.99
2024-03-28,21.00,79.25,301.17,0.00,300.75
2024-03-28,21.00,79.50,300.73,0.00,301.03
2024-03-28,21.00,79.75,302.15,2.09,301.60
2024-03-28,21.25,78.75,301.23,0.00,300.57
2024-03-28,21.25,79.00,303.15,1.28,300.91
2024-03-28,21.25,79.25,300.72,4.23,300.97
2024-03-28,21.25,79.50,303.48,0.00,302.03
2024-03-28,21.25,79.75,299.79,0.30,301.81
2024-03-28,21.50,78.75,299.54,0.00,300.54
2024-03-28,21.50,79.00,298.69,1.31,300.95
2024-03-28,21.50,79.25,300.62,0.00,301.37
2024-03-28,21.50,79.50,302.07,0.00,301.10
2024-03-28,21.50,79.75,303.69,0.00,300.39
2024-03-28,21.75,78.75,300.91,0.00,301.35
2024-03-28,21.75,79.00,299.25,0.00,301.59
2024-03-28,21.75,79.25,298.79,1.63,300.94
2024-03-28,21.75,79.50,302.31,0.00,300.51
2024-03-28,21.75,79.75,303.50,0.00,301.22
2024-03-29,20.75,78.75,300.41,4.88,301.23
2024-03-29,20.75,79.00,301.45,0.00,301.13
2024-03-29,20.75,79.25,301.81,0.00,299.95
2024-03-29,20.75,79.50,300.81,,300.79
2024-03-29,20.75,79.75,304.50,3.06,300.77
2024-03-29,21.00,78.75,298.93,0.00,300.37
2024-03-29,21.00,79.00,299.58,1.35,301.38
2024-03-29,21.00,79.25,301.03,0.00,
2024-03-29,21.00,79.50,301.78,0.00,
2024-03-29,21.00,79.75,298.97,0.00,300.31
2024-03-29,21.25,78.75,302.57,0.00,301.36
2024-03-29,21.25,79.00,298.78,4.66,301.41
2024-03-29,21.25,79.25,300.03,0.00,300.97
2024-03-29,21.25,79.50,302.23,10.63,301.60
2024-03-29,21.25,79.75,301.17,0.34,301.58
2024-03-29,21.50,78.75,303.65,0.54,301.34
2024-03-29,21.50,79.00,300.45,0.00,301.60
2024-03-29,21.50,79.25,301.45,0.83,301.44
2024-03-29,21.50,79.50,301.06,0.00,300.91
2024-03-29,21.50,79.75,301.09,0.00,301.10
2024-03-29,21.75,78.75,300.75,0.00,300.88
2024-03-29,21.75,79.00,300.22,0.00,300.45
2024-03-29,21.75,79.25,301.88,1.15,300.18
2024-03-29,21.75,79.50,,0.00,301.07
2024-03-29,21.75,79.75,303.33,0.00,300.93
2024-03-30,20.75,78.75,299.58,0.00,300.69
2024-03-30,20.75,79.00,299.74,1.11,300.98
2024-03-30,20.75,79.25,301.74,2.64,301.37
2024-03-30,20.75,79.50,299.87,0.00,300.70
2024-03-30,20.75,79.75,303.33,0.00,301.03
2024-03-30,21.00,78.75,301.23,0.00,301.57
2024-03-30,21.00,79.00,304.38,1.30,300.99
2024-03-30,21.00,79.25,302.76,0.21,300.55
2024-03-30,21.00,79.50,301.51,0.00,300.39
2024-03-30,21.00,79.75,302.97,1.24,300.11
2024-03-30,21.25,78.75,300.62,0.00,300.99
2024-03-30,21.25,79.00,303.58,0.00,300.31
2024-03-30,21.25,79.25,304.41,0.00,301.15
2024-03-30,21.25,79.50,,0.09,301.81
2024-03-30,21.25,79.75,302.26,2.32,299.72
2024-03-30,21.50,78.75,299.85,0.00,300.71
2024-03-30,21.50,79.00,299.66,4.85,300.70
2024-03-30,21.50,79.25,298.91,0.00,300.14
2024-03-30,21.50,79.50,303.29,1.94,300.88
2024-03-30,21.50,79.75,302.07,0.00,301.29
2024-03-30,21.75,78.75,302.39,0.00,301.28
2024-03-30,21.75,79.00,302.41,0.25,300.79
2024-03-30,21.75,79.25,304.54,0.00,301.66
2024-03-30,21.75,79.50,301.72,0.00,300.86
2024-03-30,21.75,79.75,301.70,1.40,301.45
2024-03-31,20.75,78.75,303.56,0.00,300.78
2024-03-31,20.75,79.00,300.66,1.57,300.98
2024-03-31,20.75,79.25,302.15,0.77,301.39
2024-03-31,20.75,79.50,300.47,,300.95
2024-03-31,20.75,79.75,300.77,0.78,300.41
2024-03-31,21.00,78.75,300.84,0.57,300.70
2024-03-31,21.00,79.00,304.19,0.00,300.63
2024-03-31,21.00,79.25,300.70,0.00,300.78
2024-03-31,21.00,79.50,301.07,0.30,300.31
2024-03-31,21.00,79.75,,3.32,300.41
2024-03-31,21.25,78.75,,0.00,300.86
2024-03-31,21.25,79.00,301.19,0.42,300.45
2024-03-31,21.25,79.25,300.39,0.00,301.59
2024-03-31,21.25,79.50,302.67,0.67,301.24
2024-03-31,21.25,79.75,301.00,0.61,301.66
2024-03-31,21.50,78.75,302.16,1.00,300.84
2024-03-31,21.50,79.00,302.44,0.00,301.36
2024-03-31,21.50,79.25,299.89,,300.45
2024-03-31,21.50,79.50,300.96,,299.98
2024-03-31,21.50,79.75,301.27,0.77,300.22
2024-03-31,21.75,78.75,300.05,0.00,300.60
2024-03-31,21.75,79.00,299.92,0.00,300.35
2024-03-31,21.75,79.25,301.95,2.52,301.06
2024-03-31,21.75,79.50,301.17,0.00,300.37
2024-03-31,21.75,79.75,298.79,0.00,
2024-04-01,20.75,78.75,302.70,0.00,300.24
2024-04-01,20.75,79.00,301.65,0.00,300.87
2024-04-01,20.75,79.25,301.52,0.00,300.59
2024-04-01,20.75,79.50,294.79,0.00,301.64
2024-04-01,20.75,79.75,299.78,0.00,300.49
2024-04-01,21.00,78.75,300.98,0.00,301.57
2024-04-01,21.00,79.00,304.41,0.00,300.35
2024-04-01,21.00,79.25,300.96,2.38,300.46
2024-04-01,21.00,79.50,300.60,0.00,300.60
2024-04-01,21.00,79.75,302.82,1.05,301.02
2024-04-01,21.25,78.75,302.21,0.04,300.43
2024-04-01,21.25,79.00,,0.00,300.75
2024-04-01,21.25,79.25,303.29,0.00,300.90
2024-04-01,21.25,79.50,301.36,0.00,300.83
2024-04-01,21.25,79.75,302.40,0.21,300.30
2024-04-01,21.50,78.75,302.16,0.00,301.00
2024-04-01,21.50,79.00,303.77,0.00,301.09
2024-04-01,21.50,79.25,301.59,0.00,301.30
2024-04-01,21.50,79.50,301.62,0.00,300.53
2024-04-01,21.50,79.75,301.18,1.87,300.96
2024-04-01,21.75,78.75,302.14,0.15,300.77
2024-04-01,21.75,79.00,299.72,0.36,300.42
2024-04-01,21.75,79.25,302.52,1.48,301.88
2024-04-01,21.75,79.50,,0.00,
2024-04-01,21.75,79.75,301.52,0.00,300.46
2024-04-02,20.75,78.75,302.13,0.00,300.32
2024-04-02,20.75,79.00,300.39,0.00,301.47
2024-04-02,20.75,79.25,298.70,0.00,300.32
2024-04-02,20.75,79.50,299.68,0.00,300.61
2024-04-02,20.75,79.75,300.85,0.00,300.77
2024-04-02,21.00,78.75,301.35,0.00,300.92
2024-04-02,21.00,79.00,302.49,1.97,300.60
2024-04-02,21.00,79.25,303.09,0.00,301.75
2024-04-02,21.00,79.50,300.68,0.00,300.05
2024-04-02,21.00,79.75,302.51,1.74,300.78
2024-04-02,21.25,78.75,299.41,0.00,300.74
2024-04-02,21.25,79.00,302.45,1.75,300.65
2024-04-02,21.25,79.25,301.30,0.00,301.40
2024-04-02,21.25,79.50,300.71,0.00,300.96
2024-04-02,21.25,79.75,301.44,0.00,301.83
2024-04-02,21.50,78.75,299.90,0.00,300.76
2024-04-02,21.50,79.00,300.93,3.54,299.36
2024-04-02,21.50,79.25,301.81,2.96,301.16
2024-04-02,21.50,79.50,300.43,0.00,300.47
2024-04-02,21.50,79.75,299.96,0.94,300.71
2024-04-02,21.75,78.75,302.66,0.00,300.56
2024-04-02,21.75,79.00,301.66,0.00,300.43
2024-04-02,21.75,79.25,302.48,1.70,301.50
2024-04-02,21.75,79.50,299.20,0.00,301.34
2024-04-02,21.75,79.75,303.86,3.66,300.20
2024-04-03,20.75,78.75,299.88,0.00,300.53
2024-04-03,20.75,79.00,301.10,0.81,301.02
2024-04-03,20.75,79.25,300.83,0.00,300.87
2024-04-03,20.75,79.50,300.46,0.00,300.26
2024-04-03,20.75,79.75,300.80,1.02,300.43
2024-04-03,21.00,78.75,301.94,0.68,
2024-04-03,21.00,79.00,300.25,1.69,300.87
2024-04-03,21.00,79.25,302.19,0.04,300.52
2024-04-03,21.00,79.50,299.14,0.00,300.62
2024-04-03,21.00,79.75,302.37,0.00,300.48
2024-04-03,21.25,78.75,304.66,1.39,300.79
2024-04-03,21.25,79.00,303.20,0.00,300.28
2024-04-03,21.25,79.25,302.10,0.00,301.00
2024-04-03,21.25,79.50,300.34,0.00,300.65
2024-04-03,21.25,79.75,299.87,,300.62
2024-04-03,21.50,78.75,303.58,0.58,
2024-04-03,21.50,79.00,300.52,0.00,300.87
2024-04-03,21.50,79.25,300.55,0.00,300.20
2024-04-03,21.50,79.50,298.49,0.00,300.99
2024-04-03,21.50,79.75,304.31,7.25,301.44
2024-04-03,21.75,78.75,304.54,0.00,300.03
2024-04-03,21.75,79.00,301.33,0.00,300.66
2024-04-03,21.75,79.25,301.59,0.60,301.01
2024-04-03,21.75,79.50,302.51,0.18,300.25
2024-04-03,21.75,79.75,303.39,0.53,301.06
2024-04-04,20.75,78.75,303.10,0.45,300.14
2024-04-04,20.75,79.00,301.53,0.00,302.04
2024-04-04,20.75,79.25,299.78,0.27,301.27
2024-04-04,20.75,79.50,303.46,0.33,300.59
2024-04-04,20.75,79.75,300.90,1.98,300.85
2024-04-04,21.00,78.75,303.53,0.68,300.43
2024-04-04,21.00,79.00,299.88,0.00,300.51
2024-04-04,21.00,79.25,300.44,0.00,300.39
2024-04-04,21.00,79.50,302.04,1.27,300.24
2024-04-04,21.00,79.75,302.39,0.13,300.09
2024-04-04,21.25,78.75,301.57,1.72,
2024-04-04,21.25,79.00,301.17,4.29,299.77
2024-04-04,21.25,79.25,298.48,0.00,300.56
2024-04-04,21.25,79.50,301.74,0.00,300.36
2024-04-04,21.25,79.75,303.10,,301.33
2024-04-04,21.50,78.75,300.61,0.00,301.15
2024-04-04,21.50,79.00,301.24,1.54,300.57
2024-04-04,21.50,79.25,301.18,0.00,300.92
2024-04-04,21.50,79.50,301.91,0.81,300.18
2024-04-04,21.50,79.75,302.13,0.36,300.65
2024-04-04,21.75,78.75,304.08,0.76,301.30
2024-04-04,21.75,79.00,302.30,0.00,301.60
2024-04-04,21.75,79.25,303.01,0.00,
2024-04-04,21.75,79.50,304.13,0.00,300.69
2024-04-04,21.75,79.75,303.73,0.00,300.11
2024-04-05,20.75,78.75,300.94,0.00,300.84
2024-04-05,20.75,79.00,301.40,2.44,300.97
2024-04-05,20.75,79.25,301.11,0.00,
2024-04-05,20.75,79.50,301.64,0.00,300.32
2024-04-05,20.75,79.75,302.03,1.02,301.35
2024-04-05,21.00,78.75,300.27,0.00,300.73
2024-04-05,21.00,79.00,301.32,0.00,300.96
2024-04-05,21.00,79.25,,0.00,300.55
2024-04-05,21.00,79.50,299.77,0.15,300.96
2024-04-05,21.00,79.75,299.68,0.00,299.96
2024-04-05,21.25,78.75,305.33,0.48,300.85
2024-04-05,21.25,79.00,302.86,0.00,300.36
2024-04-05,21.25,79.25,304.21,3.74,299.70
2024-04-05,21.25,79.50,298.31,0.91,300.58
2024-04-05,21.25,79.75,300.04,0.00,300.23
2024-04-05,21.50,78.75,302.00,0.00,300.19
2024-04-05,21.50,79.00,301.70,0.00,300.46
2024-04-05,21.50,79.25,302.83,0.01,300.58
2024-04-05,21.50,79.50,301.85,0.57,300.26
2024-04-05,21.50,79.75,303.08,0.00,300.28
2024-04-05,21.75,78.75,303.98,1.63,301.06
2024-04-05,21.75,79.00,303.55,0.00,300.70
2024-04-05,21.75,79.25,304.28,0.00,301.63
2024-04-05,21.75,79.50,303.85,0.00,301.32
2024-04-05,21.75,79.75,300.39,0.00,300.96
2024-04-06,20.75,78.75,302.18,0.00,301.07
2024-04-06,20.75,79.00,301.73,0.00,300.03
2024-04-06,20.75,79.25,301.87,0.01,301.08
2024-04-06,20.75,79.50,300.18,4.75,301.41
2024-04-06,20.75,79.75,301.88,0.00,300.41
2024-04-06,21.00,78.75,302.49,0.00,300.92
2024-04-06,21.00,79.00,300.97,1.86,300.95
2024-04-06,21.00,79.25,302.32,1.26,300.37
2024-04-06,21.00,79.50,302.49,0.00,300.42
2024-04-06,21.00,79.75,303.51,0.40,299.96
2024-04-06,21.25,78.75,299.77,0.00,300.53
2024-04-06,21.25,79.00,299.95,0.72,
2024-04-06,21.25,79.25,304.20,1.46,299.73
2024-04-06,21.25,79.50,299.23,0.07,301.66
2024-04-06,21.25,79.75,302.03,0.00,300.55
2024-04-06,21.50,78.75,300.29,0.00,300.39
2024-04-06,21.50,79.00,302.88,0.00,299.93
2024-04-06,21.50,79.25,300.76,0.00,300.93
2024-04-06,21.50,79.50,303.18,2.17,300.80
2024-04-06,21.50,79.75,302.26,5.28,300.18
2024-04-06,21.75,78.75,302.85,0.00,301.18
2024-04-06,21.75,79.00,302.63,0.00,300.72
2024-04-06,21.75,79.25,303.01,3.74,300.81
2024-04-06,21.75,79.50,,0.47,300.99
2024-04-06,21.75,79.75,302.91,8.07,301.24
2024-04-07,20.75,78.75,301.76,0.00,300.48
2024-04-07,20.75,79.00,302.09,0.00,300.29
2024-04-07,20.75,79.25,301.94,0.00,300.31
2024-04-07,20.75,79.50,303.49,0.00,300.22
2024-04-07,20.75,79.75,302.77,0.00,301.01
2024-04-07,21.00,78.75,299.54,0.00,300.71
2024-04-07,21.00,79.00,300.54,0.00,300.34
2024-04-07,21.00,79.25,303.63,0.77,301.47
2024-04-07,21.00,79.50,301.33,0.92,300.25
2024-04-07,21.00,79.75,,0.00,301.23
2024-04-07,21.25,78.75,,0.00,300.41
2024-04-07,21.25,79.00,302.21,5.17,299.90
2024-04-07,21.25,79.25,302.02,0.00,300.20
2024-04-07,21.25,79.50,302.66,2.71,301.07
2024-04-07,21.25,79.75,301.36,,
2024-04-07,21.50,78.75,300.05,0.00,301.37
2024-04-07,21.50,79.00,305.17,0.00,300.99
2024-04-07,21.50,79.25,303.20,0.62,301.02
2024-04-07,21.50,79.50,298.38,0.00,301.15
2024-04-07,21.50,79.75,303.09,0.03,300.45
2024-04-07,21.75,78.75,300.73,0.00,300.67
2024-04-07,21.75,79.00,299.32,0.00,301.24
2024-04-07,21.75,79.25,303.11,0.00,300.73
2024-04-07,21.75,79.50,302.83,2.26,299.63
2024-04-07,21.75,79.75,301.94,0.00,301.66
2024-04-08,20.75,78.75,302.16,0.30,
2024-04-08,20.75,79.00,,0.00,300.11
2024-04-08,20.75,79.25,302.24,0.00,299.96
2024-04-08,20.75,79.50,301.34,0.00,
2024-04-08,20.75,79.75,302.33,8.10,301.31
2024-04-08,21.00,78.75,302.64,1.52,299.93
2024-04-08,21.00,79.00,302.59,0.00,
2024-04-08,21.00,79.25,302.78,0.00,301.07
2024-04-08,21.00,79.50,302.39,2.01,300.10
2024-04-08,21.00,79.75,301.75,5.31,300.99
2024-04-08,21.25,78.75,300.26,0.00,300.49
2024-04-08,21.25,79.00,304.54,0.00,300.51
2024-04-08,21.25,79.25,303.26,0.07,300.26
2024-04-08,21.25,79.50,301.16,2.65,301.10
2024-04-08,21.25,79.75,306.87,0.00,300.70
2024-04-08,21.50,78.75,303.11,0.00,300.39
2024-04-08,21.50,79.00,301.05,0.00,301.69
2024-04-08,21.50,79.25,303.92,0.37,300.47
2024-04-08,21.50,79.50,304.73,0.92,300.36
2024-04-08,21.50,79.75,303.84,3.03,300.49
2024-04-08,21.75,78.75,301.82,0.00,300.92
2024-04-08,21.75,79.00,303.28,1.50,300.91
2024-04-08,21.75,79.25,302.42,0.28,300.01
2024-04-08,21.75,79.50,299.88,2.16,
2024-04-08,21.75,79.75,,0.00,300.23
2024-04-09,20.75,78.75,303.32,1.64,300.65
2024-04-09,20.75,79.00,301.17,0.39,300.40
2024-04-09,20.75,79.25,302.07,0.00,300.01
2024-04-09,20.75,79.50,302.50,1.12,299.82
2024-04-09,20.75,79.75,303.30,0.00,300.42
2024-04-09,21.00,78.75,304.83,0.00,301.30
2024-04-09,21.00,79.00,305.33,0.00,300.19
2024-04-09,21.00,79.25,305.28,0.00,299.90
2024-04-09,21.00,79.50,300.88,0.00,301.03
2024-04-09,21.00,79.75,302.00,,300.98
2024-04-09,21.25,78.75,303.50,0.07,299.95
2024-04-09,21.25,79.00,303.49,0.00,301.26
2024-04-09,21.25,79.25,301.82,0.22,300.36
2024-04-09,21.25,79.50,303.01,0.00,299.54
2024-04-09,21.25,79.75,300.40,0.00,301.00
2024-04-09,21.50,78.75,303.71,0.00,300.80
2024-04-09,21.50,79.00,298.17,0.84,300.51
2024-04-09,21.50,79.25,301.43,0.00,300.89
2024-04-09,21.50,79.50,300.03,0.00,300.44
2024-04-09,21.50,79.75,301.32,0.00,301.93
2024-04-09,21.75,78.75,300.53,0.00,301.16
2024-04-09,21.75,79.00,302.16,0.00,300.47
2024-04-09,21.75,79.25,303.27,0.00,301.88
2024-04-09,21.75,79.50,303.48,0.00,301.32
2024-04-09,21.75,79.75,301.13,0.69,301.44
2024-04-10,20.75,78.75,300.69,0.00,300.59
2024-04-10,20.75,79.00,301.63,0.00,300.24
2024-04-10,20.75,79.25,302.47,0.47,300.24
2024-04-10,20.75,79.50,304.62,0.95,300.55
2024-04-10,20.75,79.75,300.87,3.06,300.47
2024-04-10,21.00,78.75,304.77,0.00,300.79
2024-04-10,21.00,79.00,304.88,0.00,300.88
2024-04-10,21.00,79.25,302.15,0.67,300.78
2024-04-10,21.00,79.50,304.20,0.21,300.28
2024-04-10,21.00,79.75,302.68,0.16,300.30
2024-04-10,21.25,78.75,303.15,0.00,300.10
2024-04-10,21.25,79.00,302.60,0.23,301.00
2024-04-10,21.25,79.25,305.40,0.00,300.55
2024-04-10,21.25,79.50,299.63,0.00,300.92
2024-04-10,21.25,79.75,301.02,0.00,300.37
2024-04-10,21.50,78.75,300.76,0.00,300.10
2024-04-10,21.50,79.00,301.17,0.00,300.42
2024-04-10,21.50,79.25,304.39,4.70,300.87
2024-04-10,21.50,79.50,304.63,0.00,300.45
2024-04-10,21.50,79.75,302.25,0.00,300.97
2024-04-10,21.75,78.75,302.81,0.00,300.35
2024-04-10,21.75,79.00,303.68,0.00,300.86
2024-04-10,21.75,79.25,304.00,0.22,299.53
2024-04-10,21.75,79.50,301.91,2.49,301.42
2024-04-10,21.75,79.75,304.88,0.00,300.77
2024-04-11,20.75,78.75,303.04,0.13,300.21
2024-04-11,20.75,79.00,305.21,0.00,301.48
2024-04-11,20.75,79.25,301.51,0.00,300.82
2024-04-11,20.75,79.50,302.91,0.40,301.10
2024-04-11,20.75,79.75,303.00,0.00,300.24
2024-04-11,21.00,78.75,303.44,3.31,300.28
2024-04-11,21.00,79.00,304.57,0.00,300.63
2024-04-11,21.00,79.25,304.63,0.82,300.75
2024-04-11,21.00,79.50,302.97,,300.54
2024-04-11,21.00,79.75,302.89,0.64,301.31
2024-04-11,21.25,78.75,302.77,3.01,299.87
2024-04-11,21.25,79.00,303.77,0.00,300.71
2024-04-11,21.25,79.25,303.30,0.00,301.20
2024-04-11,21.25,79.50,304.06,0.00,301.03
2024-04-11,21.25,79.75,301.24,0.00,300.79
2024-04-11,21.50,78.75,301.29,3.81,300.01
2024-04-11,21.50,79.00,303.84,0.00,299.43
2024-04-11,21.50,79.25,302.44,1.78,300.88
2024-04-11,21.50,79.50,303.68,0.00,300.19
2024-04-11,21.50,79.75,300.05,0.00,300.30
2024-04-11,21.75,78.75,302.68,0.00,300.03
2024-04-11,21.75,79.00,302.00,1.93,300.51
2024-04-11,21.75,79.25,302.41,1.24,300.62
2024-04-11,21.75,79.50,302.18,3.87,300.98
2024-04-11,21.75,79.75,301.73,0.00,301.38
2024-04-12,20.75,78.75,302.34,0.00,300.91
2024-04-12,20.75,79.00,302.15,0.00,300.97
2024-04-12,20.75,79.25,303.37,0.00,301.00
2024-04-12,20.75,79.50,304.98,0.00,300.11
2024-04-12,20.75,79.75,301.62,0.00,300.78
2024-04-12,21.00,78.75,301.41,0.00,300.90
2024-04-12,21.00,79.00,302.30,0.00,301.62
2024-04-12,21.00,79.25,302.78,0.30,301.68
2024-04-12,21.00,79.50,304.96,0.00,300.49
2024-04-12,21.00,79.75,301.63,0.34,
2024-04-12,21.25,78.75,300.96,0.00,301.76
2024-04-12,21.25,79.00,300.87,0.00,300.61
2024-04-12,21.25,79.25,303.86,0.06,300.77
2024-04-12,21.25,79.50,302.52,4.36,300.52
2024-04-12,21.25,79.75,300.54,0.00,300.60
2024-04-12,21.50,78.75,304.75,0.00,300.98
2024-04-12,21.50,79.00,300.94,0.12,298.89
2024-04-12,21.50,79.25,303.98,0.65,300.39
2024-04-12,21.50,79.50,301.29,1.01,300.69
2024-04-12,21.50,79.75,302.07,0.00,
2024-04-12,21.75,78.75,305.34,0.00,300.76
2024-04-12,21.75,79.00,303.60,0.00,300.51
2024-04-12,21.75,79.25,301.38,0.00,301.26
2024-04-12,21.75,79.50,299.80,0.00,300.67
2024-04-12,21.75,79.75,302.92,0.00,301.28
2024-04-13,20.75,78.75,300.71,,300.38
2024-04-13,20.75,79.00,302.58,0.00,300.62
2024-04-13,20.75,79.25,301.66,0.00,
2024-04-13,20.75,79.50,299.84,2.45,300.21
2024-04-13,20.75,79.75,,0.00,301.21
2024-04-13,21.00,78.75,302.56,0.00,301.00
2024-04-13,21.00,79.00,301.53,1.00,300.49
2024-04-13,21.00,79.25,301.54,0.00,
2024-04-13,21.00,79.50,302.25,4.87,300.05
2024-04-13,21.00,79.75,303.46,3.53,300.76
2024-04-13,21.25,78.75,302.36,0.00,300.53
2024-04-13,21.25,79.00,306.74,0.00,300.79
2024-04-13,21.25,79.25,304.46,0.00,300.98
2024-04-13,21.25,79.50,302.43,1.24,300.58
2024-04-13,21.25,79.75,302.74,0.00,300.72
2024-04-13,21.50,78.75,305.09,0.00,300.14
2024-04-13,21.50,79.00,300.37,0.00,301.31
2024-04-13,21.50,79.25,,0.00,300.93
2024-04-13,21.50,79.50,301.87,0.10,299.76
2024-04-13,21.50,79.75,299.49,0.66,300.58
2024-04-13,21.75,78.75,303.63,0.87,300.79
2024-04-13,21.75,79.00,303.26,0.00,301.30
2024-04-13,21.75,79.25,305.18,0.00,300.25
2024-04-13,21.75,79.50,300.12,0.00,300.58
2024-04-13,21.75,79.75,303.11,3.32,301.35
2024-04-14,20.75,78.75,302.44,0.00,300.38
2024-04-14,20.75,79.00,302.95,9.34,299.99
2024-04-14,20.75,79.25,302.36,0.00,300.06
2024-04-14,20.75,79.50,300.69,0.00,300.12
2024-04-14,20.75,79.75,303.30,0.00,300.79
2024-04-14,21.00,78.75,300.26,0.00,300.19
2024-04-14,21.00,79.00,302.26,4.45,301.09
2024-04-14,21.00,79.25,300.05,0.56,301.13
2024-04-14,21.00,79.50,302.18,0.00,300.26
2024-04-14,21.00,79.75,302.08,0.00,300.92
2024-04-14,21.25,78.75,302.79,0.03,299.99
2024-04-14,21.25,79.00,304.08,0.60,300.65
2024-04-14,21.25,79.25,302.40,0.90,301.25
2024-04-14,21.25,79.50,302.25,1.70,300.20
2024-04-14,21.25,79.75,303.24,1.07,301.35
2024-04-14,21.50,78.75,301.24,0.35,300.48
2024-04-14,21.50,79.00,305.21,0.00,301.41
2024-04-14,21.50,79.25,,0.00,301.26
2024-04-14,21.50,79.50,304.77,0.00,301.03
2024-04-14,21.50,79.75,302.44,0.00,299.59
2024-04-14,21.75,78.75,302.08,2.30,299.79
2024-04-14,21.75,79.00,301.65,0.00,301.58
2024-04-14,21.75,79.25,302.63,0.00,300.22
2024-04-14,21.75,79.50,306.40,0.00,300.24
2024-04-14,21.75,79.75,302.19,1.29,300.17
2024-04-15,20.75,78.75,303.85,0.00,300.39
2024-04-15,20.75,79.00,302.94,4.20,301.03
2024-04-15,20.75,79.25,303.52,3.74,299.98
2024-04-15,20.75,79.50,305.47,0.00,300.29
2024-04-15,20.75,79.75,302.50,0.00,300.48
2024-04-15,21.00,78.75,303.82,0.28,300.69
2024-04-15,21.00,79.00,299.62,2.45,301.26
2024-04-15,21.00,79.25,304.30,0.00,301.06
2024-04-15,21.00,79.50,302.23,0.00,300.50
2024-04-15,21.00,79.75,303.99,0.00,301.52
2024-04-15,21.25,78.75,302.63,1.37,300.75
2024-04-15,21.25,79.00,301.45,0.12,300.48
2024-04-15,21.25,79.25,298.85,0.00,299.98
2024-04-15,21.25,79.50,302.49,4.00,300.94
2024-04-15,21.25,79.75,303.52,0.07,300.50
2024-04-15,21.50,78.75,302.75,0.00,301.00
2024-04-15,21.50,79.00,301.04,0.00,300.37
2024-04-15,21.50,79.25,303.79,0.00,300.35
2024-04-15,21.50,79.50,300.52,0.00,
2024-04-15,21.50,79.75,303.29,4.05,300.16
2024-04-15,21.75,78.75,304.14,0.00,300.03
2024-04-15,21.75,79.00,304.52,0.00,300.16
2024-04-15,21.75,79.25,302.99,0.00,300.86
2024-04-15,21.75,79.50,303.58,0.00,299.62
2024-04-15,21.75,79.75,306.22,0.00,300.82
2024-04-16,20.75,78.75,301.98,0.00,299.81
2024-04-16,20.75,79.00,304.49,0.26,
2024-04-16,20.75,79.25,303.36,1.82,299.76
2024-04-16,20.75,79.50,301.63,0.00,300.07
2024-04-16,20.75,79.75,302.99,0.00,300.56
2024-04-16,21.00,78.75,305.26,2.11,300.43
2024-04-16,21.00,79.00,302.79,0.00,
2024-04-16,21.00,79.25,304.23,0.55,300.93
2024-04-16,21.00,79.50,303.20,0.00,300.03
2024-04-16,21.00,79.75,301.55,1.52,300.49
2024-04-16,21.25,78.75,303.71,0.00,300.94
2024-04-16,21.25,79.00,302.85,1.44,300.39
2024-04-16,21.25,79.25,303.77,0.00,301.15
2024-04-16,21.25,79.50,304.02,0.32,300.62
2024-04-16,21.25,79.75,302.26,0.00,301.33
2024-04-16,21.50,78.75,301.14,0.26,301.25
2024-04-16,21.50,79.00,304.07,0.04,300.66
2024-04-16,21.50,79.25,301.30,0.00,300.64
2024-04-16,21.50,79.50,304.11,1.60,300.93
2024-04-16,21.50,79.75,305.35,0.00,299.57
2024-04-16,21.75,78.75,305.40,0.97,300.67
2024-04-16,21.75,79.00,300.45,0.54,299.92
2024-04-16,21.75,79.25,302.29,0.00,300.25
2024-04-16,21.75,79.50,303.99,0.00,300.99
2024-04-16,21.75,79.75,304.24,0.00,300.38
2024-04-17,20.75,78.75,304.03,0.00,300.63
2024-04-17,20.75,79.00,305.30,0.00,300.66
2024-04-17,20.75,79.25,305.04,0.66,301.15
2024-04-17,20.75,79.50,301.80,0.00,300.58
2024-04-17,20.75,79.75,303.23,0.00,299.57
2024-04-17,21.00,78.75,300.94,1.27,300.51
2024-04-17,21.00,79.00,302.97,0.00,300.89
2024-04-17,21.00,79.25,304.28,1.16,300.71
2024-04-17,21.00,79.50,305.95,0.00,300.70
2024-04-17,21.00,79.75,304.16,0.00,300.38
2024-04-17,21.25,78.75,305.17,0.63,300.44
2024-04-17,21.25,79.00,303.19,0.00,300.97
2024-04-17,21.25,79.25,305.63,1.02,300.85
2024-04-17,21.25,79.50,301.16,0.00,299.96
2024-04-17,21.25,79.75,303.45,1.25,300.78
2024-04-17,21.50,78.75,301.50,0.00,300.12
2024-04-17,21.50,79.00,300.87,0.00,300.87
2024-04-17,21.50,79.25,305.23,0.71,300.23
2024-04-17,21.50,79.50,301.54,1.75,299.70
2024-04-17,21.50,79.75,302.74,0.97,
2024-04-17,21.75,78.75,302.74,3.18,300.74
2024-04-17,21.75,79.00,306.79,0.00,300.06
2024-04-17,21.75,79.25,300.68,4.08,300.46
2024-04-17,21.75,79.50,303.98,1.08,300.75
2024-04-17,21.75,79.75,,,300.40
2024-04-18,20.75,78.75,304.78,0.00,300.35
2024-04-18,20.75,79.00,305.09,0.00,300.27
2024-04-18,20.75,79.25,303.45,0.00,300.70
2024-04-18,20.75,79.50,,2.02,300.13
2024-04-18,20.75,79.75,304.82,0.00,
2024-04-18,21.00,78.75,304.26,0.00,301.18
2024-04-18,21.00,79.00,303.86,3.48,300.94
2024-04-18,21.00,79.25,303.27,1.59,299.94
2024-04-18,21.00,79.50,303.89,1.29,301.01
2024-04-18,21.00,79.75,306.24,0.12,300.33
2024-04-18,21.25,78.75,302.16,0.00,299.91
2024-04-18,21.25,79.00,307.19,1.25,300.34
2024-04-18,21.25,79.25,304.71,0.00,300.24
2024-04-18,21.25,79.50,304.49,0.00,299.56
2024-04-18,21.25,79.75,304.71,0.02,300.09
2024-04-18,21.50,78.75,299.12,0.60,300.82
2024-04-18,21.50,79.00,306.47,3.28,300.61
2024-04-18,21.50,79.25,,2.07,301.35
2024-04-18,21.50,79.50,300.01,2.37,300.47
2024-04-18,21.50,79.75,304.26,0.60,300.13
2024-04-18,21.75,78.75,302.58,0.00,300.87
2024-04-18,21.75,79.00,305.85,1.50,301.42
2024-04-18,21.75,79.25,300.36,0.00,300.59
2024-04-18,21.75,79.50,302.81,4.03,301.15
2024-04-18,21.75,79.75,302.41,0.11,300.36
2024-04-19,20.75,78.75,304.53,0.00,300.74
2024-04-19,20.75,79.00,305.34,0.00,300.79
2024-04-19,20.75,79.25,304.21,3.65,300.88
2024-04-19,20.75,79.50,304.25,0.00,300.37
2024-04-19,20.75,79.75,301.91,0.53,299.96
2024-04-19,21.00,78.75,302.99,0.00,300.48
2024-04-19,21.00,79.00,305.29,5.80,300.06
2024-04-19,21.00,79.25,302.47,2.23,300.18
2024-04-19,21.00,79.50,300.60,1.77,301.80
2024-04-19,21.00,79.75,305.06,0.00,300.33
2024-04-19,21.25,78.75,304.48,1.48,300.70
2024-04-19,21.25,79.00,304.52,0.26,300.63
2024-04-19,21.25,79.25,304.97,0.26,300.54
2024-04-19,21.25,79.50,302.56,0.00,300.34
2024-04-19,21.25,79.75,305.55,2.65,300.63
2024-04-19,21.50,78.75,302.01,0.37,301.37
2024-04-19,21.50,79.00,306.46,0.00,300.83
2024-04-19,21.50,79.25,302.08,0.31,301.97
2024-04-19,21.50,79.50,304.69,0.00,301.45
2024-04-19,21.50,79.75,303.32,0.00,300.92
2024-04-19,21.75,78.75,302.14,0.00,300.31
2024-04-19,21.75,79.00,305.66,1.80,300.89
2024-04-19,21.75,79.25,306.56,2.52,300.35
2024-04-19,21.75,79.50,303.53,0.00,300.06
2024-04-19,21.75,79.75,304.21,0.72,299.33
2024-04-20,20.75,78.75,303.43,0.00,300.35
2024-04-20,20.75,79.00,303.35,0.00,300.41
2024-04-20,20.75,79.25,305.75,0.00,300.49
2024-04-20,20.75,79.50,301.62,0.00,301.14
2024-04-20,20.75,79.75,302.80,0.37,300.17
2024-04-20,21.00,78.75,305.38,1.23,300.57
2024-04-20,21.00,79.00,301.62,1.67,
2024-04-20,21.00,79.25,306.64,0.00,299.90
2024-04-20,21.00,79.50,301.10,0.00,300.50
2024-04-20,21.00,79.75,,0.00,300.34
2024-04-20,21.25,78.75,300.70,0.00,300.87
2024-04-20,21.25,79.00,304.03,0.75,300.19
2024-04-20,21.25,79.25,300.75,0.00,
2024-04-20,21.25,79.50,304.89,4.10,300.94
2024-04-20,21.25,79.75,302.02,0.41,301.40
2024-04-20,21.50,78.75,302.34,0.00,299.50
2024-04-20,21.50,79.00,304.51,2.59,300.08
2024-04-20,21.50,79.25,303.60,0.00,299.73
2024-04-20,21.50,79.50,302.98,0.00,300.73
2024-04-20,21.50,79.75,303.67,0.00,299.45
2024-04-20,21.75,78.75,307.15,0.00,300.65
2024-04-20,21.75,79.00,305.23,1.58,
2024-04-20,21.75,79.25,,0.00,300.33
2024-04-20,21.75,79.50,303.83,1.16,300.00
2024-04-20,21.75,79.75,304.97,0.00,301.29
2024-04-21,20.75,78.75,302.38,0.00,300.66
2024-04-21,20.75,79.00,304.53,,300.26
2024-04-21,20.75,79.25,304.06,0.00,299.60
2024-04-21,20.75,79.50,302.27,0.39,300.38
2024-04-21,20.75,79.75,303.23,0.36,299.83
2024-04-21,21.00,78.75,305.39,0.26,300.64
2024-04-21,21.00,79.00,305.49,4.47,299.70
2024-04-21,21.00,79.25,302.53,0.00,301.53
2024-04-21,21.00,79.50,303.80,0.00,300.22
2024-04-21,21.00,79.75,302.14,0.43,301.35
2024-04-21,21.25,78.75,305.12,0.00,301.03
2024-04-21,21.25,79.00,302.22,0.07,299.02
2024-04-21,21.25,79.25,303.84,3.43,301.13
2024-04-21,21.25,79.50,305.79,0.52,300.30
2024-04-21,21.25,79.75,305.57,1.20,300.46
2024-04-21,21.50,78.75,304.26,2.62,300.05
2024-04-21,21.50,79.00,302.35,0.00,300.66
2024-04-21,21.50,79.25,302.46,0.00,300.71
2024-04-21,21.50,79.50,301.98,0.00,300.61
2024-04-21,21.50,79.75,302.58,0.00,300.72
2024-04-21,21.75,78.75,301.65,0.00,300.28
2024-04-21,21.75,79.00,304.50,0.39,300.88
2024-04-21,21.75,79.25,302.24,0.13,300.64
2024-04-21,21.75,79.50,303.36,0.01,300.05
2024-04-21,21.75,79.75,304.45,,300.45
2024-04-22,20.75,78.75,301.63,1.97,300.91
2024-04-22,20.75,79.00,304.86,2.69,299.77
2024-04-22,20.75,79.25,302.09,0.00,299.88
2024-04-22,20.75,79.50,305.85,0.00,300.31
2024-04-22,20.75,79.75,304.29,0.00,300.85
2024-04-22,21.00,78.75,304.83,0.00,300.41
2024-04-22,21.00,79.00,,0.00,298.72
2024-04-22,21.00,79.25,304.38,0.47,300.55
2024-04-22,21.00,79.50,304.44,3.66,300.63
2024-04-22,21.00,79.75,302.62,0.00,301.18
2024-04-22,21.25,78.75,301.09,0.00,300.57
2024-04-22,21.25,79.00,302.69,3.83,300.44
2024-04-22,21.25,79.25,303.12,0.00,
2024-04-22,21.25,79.50,302.89,0.00,300.38
2024-04-22,21.25,79.75,302.18,0.46,299.87
2024-04-22,21.50,78.75,305.23,0.38,300.57
2024-04-22,21.50,79.00,,0.00,300.67
2024-04-22,21.50,79.25,303.60,2.34,300.47
2024-04-22,21.50,79.50,305.19,0.00,300.29
2024-04-22,21.50,79.75,304.15,1.05,299.84
2024-04-22,21.75,78.75,306.15,2.90,300.53
2024-04-22,21.75,79.00,304.37,0.69,300.00
2024-04-22,21.75,79.25,305.39,0.00,300.32
2024-04-22,21.75,79.50,303.39,0.00,300.56
2024-04-22,21.75,79.75,302.16,0.00,300.51
2024-04-23,20.75,78.75,304.65,0.82,300.43
2024-04-23,20.75,79.00,302.04,0.00,300.15
2024-04-23,20.75,79.25,305.54,0.00,299.84
2024-04-23,20.75,79.50,303.88,0.00,300.58
2024-04-23,20.75,79.75,304.64,0.00,300.59
2024-04-23,21.00,78.75,306.43,0.00,300.86
2024-04-23,21.00,79.00,305.14,0.00,299.75
2024-04-23,21.00,79.25,303.61,7.12,300.77
2024-04-23,21.00,79.50,303.74,0.00,300.30
2024-04-23,21.00,79.75,304.74,0.00,
2024-04-23,21.25,78.75,304.29,0.00,301.01
2024-04-23,21.25,79.00,304.51,0.07,300.05
2024-04-23,21.25,79.25,303.32,3.78,300.16
2024-04-23,21.25,79.50,304.46,0.00,299.79
2024-04-23,21.25,79.75,304.60,0.00,300.94
2024-04-23,21.50,78.75,303.94,1.02,300.07
2024-04-23,21.50,79.00,304.56,0.28,300.76
2024-04-23,21.50,79.25,306.32,0.00,300.33
2024-04-23,21.50,79.50,304.74,0.00,300.97
2024-04-23,21.50,79.75,303.18,1.07,
2024-04-23,21.75,78.75,303.56,3.35,300.45
2024-04-23,21.75,79.00,303.47,2.10,300.72
2024-04-23,21.75,79.25,303.43,0.16,301.03
2024-04-23,21.75,79.50,305.21,0.00,301.01
2024-04-23,21.75,79.75,304.87,0.00,301.04
2024-04-24,20.75,78.75,303.76,0.00,299.16
2024-04-24,20.75,79.00,302.37,0.00,300.44
2024-04-24,20.75,79.25,304.63,0.00,299.79
2024-04-24,20.75,79.50,304.15,0.00,299.71
2024-04-24,20.75,79.75,304.27,0.00,300.09
2024-04-24,21.00,78.75,302.46,0.72,300.81
2024-04-24,21.00,79.00,304.08,0.00,300.68
2024-04-24,21.00,79.25,306.73,0.00,300.18
2024-04-24,21.00,79.50,305.45,0.65,300.04
2024-04-24,21.00,79.75,300.70,0.00,299.77
2024-04-24,21.25,78.75,305.24,0.59,300.86
2024-04-24,21.25,79.00,305.19,0.00,300.58
2024-04-24,21.25,79.25,306.32,0.00,300.20
2024-04-24,21.25,79.50,305.39,1.59,300.52
2024-04-24,21.25,79.75,304.62,0.00,300.97
2024-04-24,21.50,78.75,306.15,0.00,300.45
2024-04-24,21.50,79.00,302.80,1.28,300.27
2024-04-24,21.50,79.25,305.57,0.00,300.53
2024-04-24,21.50,79.50,300.51,0.00,301.28
2024-04-24,21.50,79.75,304.00,0.38,301.54
2024-04-24,21.75,78.75,304.95,0.37,300.07
2024-04-24,21.75,79.00,303.61,2.07,300.20
2024-04-24,21.75,79.25,305.20,2.27,300.69
2024-04-24,21.75,79.50,303.34,0.81,300.35
2024-04-24,21.75,79.75,302.18,7.84,300.00
2024-04-25,20.75,78.75,305.56,1.95,300.60
2024-04-25,20.75,79.00,302.62,4.38,299.70
2024-04-25,20.75,79.25,305.82,0.00,300.03
2024-04-25,20.75,79.50,302.84,0.00,300.23
2024-04-25,20.75,79.75,,0.00,300.33
2024-04-25,21.00,78.75,303.15,0.00,300.28
2024-04-25,21.00,79.00,304.14,2.35,300.52
2024-04-25,21.00,79.25,306.95,0.94,300.97
2024-04-25,21.00,79.50,305.39,0.00,299.27
2024-04-25,21.00,79.75,304.49,0.00,301.02
2024-04-25,21.25,78.75,305.76,0.02,300.92
2024-04-25,21.25,79.00,304.81,0.00,300.37
2024-04-25,21.25,79.25,302.47,0.00,301.28
2024-04-25,21.25,79.50,304.17,0.00,299.79
2024-04-25,21.25,79.75,303.26,0.52,299.59
2024-04-25,21.50,78.75,302.42,1.22,300.24
2024-04-25,21.50,79.00,305.76,0.89,300.82
2024-04-25,21.50,79.25,300.91,3.11,
2024-04-25,21.50,79.50,306.95,0.00,300.72
2024-04-25,21.50,79.75,304.18,0.00,
2024-04-25,21.75,78.75,303.60,0.00,300.47
2024-04-25,21.75,79.00,307.16,4.58,300.82
2024-04-25,21.75,79.25,301.59,0.07,300.02
2024-04-25,21.75,79.50,304.17,0.00,299.64
2024-04-25,21.75,79.75,303.02,0.12,300.84
2024-04-26,20.75,78.75,304.87,0.00,300.03
2024-04-26,20.75,79.00,303.19,0.00,299.81
2024-04-26,20.75,79.25,302.25,0.00,300.84
2024-04-26,20.75,79.50,304.34,0.41,300.72
2024-04-26,20.75,79.75,302.76,1.12,
2024-04-26,21.00,78.75,304.19,3.45,300.49
2024-04-26,21.00,79.00,302.63,0.02,300.21
2024-04-26,21.00,79.25,305.74,0.00,300.79
2024-04-26,21.00,79.50,303.06,0.00,300.47
2024-04-26,21.00,79.75,304.63,0.00,300.10
2024-04-26,21.25,78.75,303.11,,300.35
2024-04-26,21.25,79.00,306.60,0.00,300.33
2024-04-26,21.25,79.25,304.94,0.00,301.24
2024-04-26,21.25,79.50,307.09,0.00,300.21
2024-04-26,21.25,79.75,303.75,0.00,300.96
2024-04-26,21.50,78.75,300.20,2.55,300.19
2024-04-26,21.50,79.00,303.78,14.22,300.52
2024-04-26,21.50,79.25,304.32,8.24,301.14
2024-04-26,21.50,79.50,305.32,0.00,299.96
2024-04-26,21.50,79.75,305.81,1.51,299.82
2024-04-26,21.75,78.75,304.18,0.00,300.84
2024-04-26,21.75,79.00,305.15,0.68,300.03
2024-04-26,21.75,79.25,304.64,0.99,300.08
2024-04-26,21.75,79.50,306.13,0.00,300.06
2024-04-26,21.75,79.75,306.83,6.94,300.14
2024-04-27,20.75,78.75,305.23,0.00,301.28
2024-04-27,20.75,79.00,301.46,2.10,300.37
2024-04-27,20.75,79.25,303.63,2.11,300.43
2024-04-27,20.75,79.50,303.28,1.69,
2024-04-27,20.75,79.75,304.03,0.00,300.92
2024-04-27,21.00,78.75,303.46,0.00,299.33
2024-04-27,21.00,79.00,303.98,6.30,301.29
2024-04-27,21.00,79.25,301.76,0.00,300.25
2024-04-27,21.00,79.50,302.99,1.84,300.00
2024-04-27,21.00,79.75,304.03,0.43,300.39
2024-04-27,21.25,78.75,303.65,0.12,301.11
2024-04-27,21.25,79.00,302.78,0.00,300.71
2024-04-27,21.25,79.25,305.20,0.75,300.27
2024-04-27,21.25,79.50,306.24,0.05,299.72
2024-04-27,21.25,79.75,302.30,1.53,300.47
2024-04-27,21.50,78.75,302.16,0.00,300.21
2024-04-27,21.50,79.00,306.33,1.34,300.26
2024-04-27,21.50,79.25,304.26,0.00,301.36
2024-04-27,21.50,79.50,303.09,1.70,299.52
2024-04-27,21.50,79.75,305.85,1.63,300.81
2024-04-27,21.75,78.75,305.31,0.79,300.50
2024-04-27,21.75,79.00,304.73,6.52,300.55
2024-04-27,21.75,79.25,306.25,0.00,299.34
2024-04-27,21.75,79.50,306.44,1.29,299.94
2024-04-27,21.75,79.75,303.19,0.00,300.32
2024-04-28,20.75,78.75,307.08,0.00,300.21
2024-04-28,20.75,79.00,306.88,3.68,300.34
2024-04-28,20.75,79.25,303.08,5.15,300.36
2024-04-28,20.75,79.50,305.66,0.00,301.19
2024-04-28,20.75,79.75,303.27,2.01,300.60
2024-04-28,21.00,78.75,303.68,0.56,300.48
2024-04-28,21.00,79.00,304.79,0.00,300.59
2024-04-28,21.00,79.25,304.16,1.67,300.16
2024-04-28,21.00,79.50,307.22,3.74,300.30
2024-04-28,21.00,79.75,306.20,0.00,301.40
2024-04-28,21.25,78.75,304.60,0.00,300.38
2024-04-28,21.25,79.00,304.43,4.37,299.82
2024-04-28,21.25,79.25,307.20,0.00,299.97
2024-04-28,21.25,79.50,303.59,1.06,300.83
2024-04-28,21.25,79.75,,0.06,300.10
2024-04-28,21.50,78.75,305.95,0.00,300.92
2024-04-28,21.50,79.00,303.34,1.19,300.12
2024-04-28,21.50,79.25,,0.00,300.81
2024-04-28,21.50,79.50,302.67,5.41,300.87
2024-04-28,21.50,79.75,304.51,0.21,301.07
2024-04-28,21.75,78.75,302.64,1.22,
2024-04-28,21.75,79.00,301.92,3.28,300.66
2024-04-28,21.75,79.25,,0.00,300.26
2024-04-28,21.75,79.50,,4.72,300.31
2024-04-28,21.75,79.75,301.44,0.00,300.81
2024-04-29,20.75,78.75,306.55,0.00,
2024-04-29,20.75,79.00,302.70,0.00,300.68
2024-04-29,20.75,79.25,302.99,2.68,301.21
2024-04-29,20.75,79.50,303.97,0.00,300.69
2024-04-29,20.75,79.75,303.54,1.82,300.99
2024-04-29,21.00,78.75,303.48,0.00,300.87
2024-04-29,21.00,79.00,307.20,7.65,300.20
2024-04-29,21.00,79.25,302.52,1.75,301.62
2024-04-29,21.00,79.50,303.72,0.00,300.42
2024-04-29,21.00,79.75,302.34,3.61,300.56
2024-04-29,21.25,78.75,304.20,1.61,301.16
2024-04-29,21.25,79.00,304.61,1.65,300.77
2024-04-29,21.25,79.25,307.35,1.45,300.42
2024-04-29,21.25,79.50,303.17,2.69,301.03
2024-04-29,21.25,79.75,305.23,1.08,300.01
2024-04-29,21.50,78.75,306.29,0.78,300.59
2024-04-29,21.50,79.00,302.09,0.89,300.38
2024-04-29,21.50,79.25,304.44,0.44,301.22
2024-04-29,21.50,79.50,306.25,0.00,300.83
2024-04-29,21.50,79.75,304.49,2.30,299.96
2024-04-29,21.75,78.75,302.96,2.97,300.63
2024-04-29,21.75,79.00,304.61,0.00,299.27
2024-04-29,21.75,79.25,306.33,1.40,299.91
2024-04-29,21.75,79.50,307.84,0.00,299.99
2024-04-29,21.75,79.75,301.60,3.04,300.48
2024-04-30,20.75,78.75,305.70,0.29,299.40
2024-04-30,20.75,79.00,304.09,5.91,300.65
2024-04-30,20.75,79.25,305.01,,300.97
2024-04-30,20.75,79.50,303.65,0.00,299.88
2024-04-30,20.75,79.75,302.08,0.13,299.87
2024-04-30,21.00,78.75,301.36,3.92,300.63
2024-04-30,21.00,79.00,303.81,0.42,300.94
2024-04-30,21.00,79.25,303.15,1.29,299.76
2024-04-30,21.00,79.50,301.64,0.54,300.97
2024-04-30,21.00,79.75,304.97,0.00,300.52
2024-04-30,21.25,78.75,303.03,1.93,299.95
2024-04-30,21.25,79.00,306.36,3.39,300.59
2024-04-30,21.25,79.25,300.34,0.00,300.11
2024-04-30,21.25,79.50,306.01,0.00,300.62
2024-04-30,21.25,79.75,307.48,0.43,299.71
2024-04-30,21.50,78.75,304.68,0.52,300.04
2024-04-30,21.50,79.00,305.37,0.00,300.67
2024-04-30,21.50,79.25,303.87,3.27,301.24
2024-04-30,21.50,79.50,304.86,3.90,299.67
2024-04-30,21.50,79.75,302.94,0.67,300.03
2024-04-30,21.75,78.75,303.88,0.00,300.75
2024-04-30,21.75,79.00,305.05,0.00,300.47
2024-04-30,21.75,79.25,303.90,3.71,300.45
2024-04-30,21.75,79.50,305.44,,300.29
2024-04-30,21.75,79.75,305.54,3.64,300.59
2024-05-01,20.75,78.75,305.71,4.50,299.91
2024-05-01,20.75,79.00,305.88,0.00,300.01
2024-05-01,20.75,79.25,302.16,2.14,300.70
2024-05-01,20.75,79.50,304.65,1.38,300.54
2024-05-01,20.75,79.75,,0.00,300.47
2024-05-01,21.00,78.75,305.09,6.06,300.23
2024-05-01,21.00,79.00,304.54,0.91,300.10
2024-05-01,21.00,79.25,305.74,7.34,300.87
2024-05-01,21.00,79.50,303.84,3.92,299.57
2024-05-01,21.00,79.75,304.64,0.00,300.78
2024-05-01,21.25,78.75,305.78,0.25,301.19
2024-05-01,21.25,79.00,303.10,0.00,300.03
2024-05-01,21.25,79.25,305.12,2.62,299.92
2024-05-01,21.25,79.50,304.78,0.07,299.73
2024-05-01,21.25,79.75,304.09,2.61,299.85
2024-05-01,21.50,78.75,307.48,0.27,300.15
2024-05-01,21.50,79.00,304.47,0.99,301.43
2024-05-01,21.50,79.25,305.62,2.93,301.27
2024-05-01,21.50,79.50,304.76,0.00,300.46
2024-05-01,21.50,79.75,305.25,1.38,300.73
2024-05-01,21.75,78.75,306.20,0.00,300.72
2024-05-01,21.75,79.00,302.63,0.06,300.82
2024-05-01,21.75,79.25,305.68,0.48,300.66
2024-05-01,21.75,79.50,307.12,0.38,300.87
2024-05-01,21.75,79.75,304.73,1.34,300.90
2024-05-02,20.75,78.75,304.37,0.00,300.80
2024-05-02,20.75,79.00,302.10,0.25,299.97
2024-05-02,20.75,79.25,302.29,2.99,300.09
2024-05-02,20.75,79.50,304.99,0.21,300.80
2024-05-02,20.75,79.75,305.38,2.04,300.74
2024-05-02,21.00,78.75,305.28,0.00,300.42
2024-05-02,21.00,79.00,306.85,4.33,300.89
2024-05-02,21.00,79.25,301.53,0.00,300.89
2024-05-02,21.00,79.50,304.63,,300.20
2024-05-02,21.00,79.75,304.61,4.84,300.64
2024-05-02,21.25,78.75,306.35,6.24,300.41
2024-05-02,21.25,79.00,302.97,1.43,300.57
2024-05-02,21.25,79.25,305.74,1.39,299.94
2024-05-02,21.25,79.50,304.81,0.00,300.13
2024-05-02,21.25,79.75,306.18,0.42,300.97
2024-05-02,21.50,78.75,305.16,0.59,300.74
2024-05-02,21.50,79.00,302.54,1.26,300.65
2024-05-02,21.50,79.25,,0.00,300.88
2024-05-02,21.50,79.50,305.46,0.00,300.61
2024-05-02,21.50,79.75,304.93,1.36,300.46
2024-05-02,21.75,78.75,304.61,0.37,299.77
2024-05-02,21.75,79.00,305.71,0.00,299.88
2024-05-02,21.75,79.25,304.41,0.53,300.12
2024-05-02,21.75,79.50,304.44,2.46,299.46
2024-05-02,21.75,79.75,304.73,0.38,300.33
2024-05-03,20.75,78.75,303.97,2.25,300.25
2024-05-03,20.75,79.00,304.15,0.32,301.41
2024-05-03,20.75,79.25,306.92,0.00,300.86
2024-05-03,20.75,79.50,304.89,4.01,300.11
2024-05-03,20.75,79.75,304.82,4.68,300.14
2024-05-03,21.00,78.75,305.49,1.33,300.37
2024-05-03,21.00,79.00,304.69,0.00,
2024-05-03,21.00,79.25,305.41,0.00,300.32
2024-05-03,21.00,79.50,306.02,0.00,299.63
2024-05-03,21.00,79.75,304.35,1.45,300.13
2024-05-03,21.25,78.75,306.37,2.11,300.67
2024-05-03,21.25,79.00,303.92,0.00,
2024-05-03,21.25,79.25,304.66,0.00,300.46
2024-05-03,21.25,79.50,305.97,0.00,300.93
2024-05-03,21.25,79.75,306.38,0.00,300.63
2024-05-03,21.50,78.75,305.42,1.70,300.55
2024-05-03,21.50,79.00,304.85,0.83,299.73
2024-05-03,21.50,79.25,301.57,0.08,300.11
2024-05-03,21.50,79.50,309.41,1.09,300.97
2024-05-03,21.50,79.75,305.30,0.00,299.76
2024-05-03,21.75,78.75,306.47,0.00,
2024-05-03,21.75,79.00,305.11,0.78,299.89
2024-05-03,21.75,79.25,303.46,0.00,300.81
2024-05-03,21.75,79.50,303.81,0.00,301.13
2024-05-03,21.75,79.75,303.98,0.00,300.52
2024-05-04,20.75,78.75,305.94,3.47,
2024-05-04,20.75,79.00,303.00,2.58,300.71
2024-05-04,20.75,79.25,302.60,10.12,299.55
2024-05-04,20.75,79.50,302.79,0.54,300.26
2024-05-04,20.75,79.75,306.34,0.72,300.40
2024-05-04,21.00,78.75,305.61,0.00,301.03
2024-05-04,21.00,79.00,306.21,1.21,300.47
2024-05-04,21.00,79.25,303.66,0.00,299.33
2024-05-04,21.00,79.50,304.03,0.10,301.02
2024-05-04,21.00,79.75,304.16,1.28,301.13
2024-05-04,21.25,78.75,304.10,0.70,300.18
2024-05-04,21.25,79.00,305.43,,300.47
2024-05-04,21.25,79.25,,0.00,299.90
2024-05-04,21.25,79.50,305.90,1.80,301.04
2024-05-04,21.25,79.75,305.25,0.89,300.62
2024-05-04,21.50,78.75,308.70,4.38,300.61
2024-05-04,21.50,79.00,306.28,7.89,299.69
2024-05-04,21.50,79.25,304.74,1.52,299.75
2024-05-04,21.50,79.50,302.30,0.00,300.60
2024-05-04,21.50,79.75,303.99,2.09,300.37
2024-05-04,21.75,78.75,304.72,0.00,300.38
2024-05-04,21.75,79.00,304.92,0.00,299.90
2024-05-04,21.75,79.25,304.79,1.90,299.73
2024-05-04,21.75,79.50,305.68,0.21,300.29
2024-05-04,21.75,79.75,305.32,1.09,300.52
2024-05-05,20.75,78.75,305.36,0.00,300.37
2024-05-05,20.75,79.00,309.93,1.58,299.77
2024-05-05,20.75,79.25,306.35,0.00,299.57
2024-05-05,20.75,79.50,306.91,0.00,299.92
2024-05-05,20.75,79.75,304.60,0.36,300.10
2024-05-05,21.00,78.75,307.15,0.66,300.52
2024-05-05,21.00,79.00,308.03,4.01,
2024-05-05,21.00,79.25,303.26,0.00,299.75
2024-05-05,21.00,79.50,307.41,1.92,300.61
2024-05-05,21.00,79.75,306.57,1.64,300.59
2024-05-05,21.25,78.75,305.91,0.00,300.13
2024-05-05,21.25,79.00,303.90,0.78,300.52
2024-05-05,21.25,79.25,304.77,1.04,
2024-05-05,21.25,79.50,301.65,1.66,299.98
2024-05-05,21.25,79.75,306.39,2.62,300.42
2024-05-05,21.50,78.75,309.35,0.00,299.53
2024-05-05,21.50,79.00,305.76,0.00,300.84
2024-05-05,21.50,79.25,304.58,0.00,300.36
2024-05-05,21.50,79.50,305.38,0.00,299.21
2024-05-05,21.50,79.75,306.19,2.45,300.91
2024-05-05,21.75,78.75,304.65,0.00,299.70
2024-05-05,21.75,79.00,303.38,0.00,300.80
2024-05-05,21.75,79.25,,2.90,300.48
2024-05-05,21.75,79.50,305.24,0.00,
2024-05-05,21.75,79.75,307.60,0.00,300.08
2024-05-06,20.75,78.75,306.52,0.67,
2024-05-06,20.75,79.00,303.84,0.00,300.11
2024-05-06,20.75,79.25,305.10,0.57,300.34
2024-05-06,20.75,79.50,304.78,0.56,300.10
2024-05-06,20.75,79.75,305.98,0.00,300.14
2024-05-06,21.00,78.75,302.38,0.00,300.89
2024-05-06,21.00,79.00,306.38,0.00,299.51
2024-05-06,21.00,79.25,304.17,1.67,300.27
2024-05-06,21.00,79.50,303.97,0.00,300.20
2024-05-06,21.00,79.75,304.64,0.00,300.22
2024-05-06,21.25,78.75,308.93,2.20,300.69
2024-05-06,21.25,79.00,304.36,0.00,300.09
2024-05-06,21.25,79.25,306.52,0.02,299.82
2024-05-06,21.25,79.50,303.46,4.85,300.43
2024-05-06,21.25,79.75,304.28,7.36,300.01
2024-05-06,21.50,78.75,305.12,0.00,300.83
2024-05-06,21.50,79.00,303.97,0.00,300.89
2024-05-06,21.50,79.25,305.05,4.10,300.53
2024-05-06,21.50,79.50,305.33,0.00,300.16
2024-05-06,21.50,79.75,304.72,0.00,300.65
2024-05-06,21.75,78.75,305.79,0.00,300.78
2024-05-06,21.75,79.00,303.32,0.00,300.50
2024-05-06,21.75,79.25,305.47,0.57,299.84
2024-05-06,21.75,79.50,303.67,0.80,300.37
2024-05-06,21.75,79.75,305.91,0.83,299.27
2024-05-07,20.75,78.75,306.46,1.27,301.20
2024-05-07,20.75,79.00,303.23,1.17,300.54
2024-05-07,20.75,79.25,305.57,0.60,300.48
2024-05-07,20.75,79.50,303.17,0.07,299.55
2024-05-07,20.75,79.75,307.73,1.62,299.86
2024-05-07,21.00,78.75,305.82,0.75,299.81
2024-05-07,21.00,79.00,305.55,3.86,300.12
2024-05-07,21.00,79.25,305.53,0.00,300.73
2024-05-07,21.00,79.50,305.22,0.00,299.45
2024-05-07,21.00,79.75,306.26,0.00,299.27
2024-05-07,21.25,78.75,307.01,1.97,300.35
2024-05-07,21.25,79.00,302.97,2.16,300.27
2024-05-07,21.25,79.25,303.65,0.00,298.84
2024-05-07,21.25,79.50,306.03,0.45,300.80
2024-05-07,21.25,79.75,306.71,0.99,300.27
2024-05-07,21.50,78.75,306.28,0.00,299.67
2024-05-07,21.50,79.00,304.01,1.62,300.80
2024-05-07,21.50,79.25,305.28,0.51,300.35
2024-05-07,21.50,79.50,306.43,1.05,301.32
2024-05-07,21.50,79.75,305.49,0.00,300.41
2024-05-07,21.75,78.75,306.37,0.00,299.93
2024-05-07,21.75,79.00,306.00,0.65,300.89
2024-05-07,21.75,79.25,306.70,0.83,301.21
2024-05-07,21.75,79.50,305.36,2.45,300.48
2024-05-07,21.75,79.75,305.50,0.00,300.48
2024-05-08,20.75,78.75,304.96,2.36,300.38
2024-05-08,20.75,79.00,302.98,0.00,299.38
2024-05-08,20.75,79.25,307.80,3.35,300.14
2024-05-08,20.75,79.50,303.70,0.00,300.56
2024-05-08,20.75,79.75,304.46,1.52,300.35
2024-05-08,21.00,78.75,307.88,9.46,
2024-05-08,21.00,79.00,306.36,0.19,300.51
2024-05-08,21.00,79.25,306.45,0.00,300.77
2024-05-08,21.00,79.50,306.96,0.00,300.26
2024-05-08,21.00,79.75,303.48,0.00,300.11
2024-05-08,21.25,78.75,303.92,2.18,299.90
2024-05-08,21.25,79.00,304.47,2.41,300.51
2024-05-08,21.25,79.25,305.29,0.29,300.75
2024-05-08,21.25,79.50,305.18,3.52,300.50
2024-05-08,21.25,79.75,305.61,4.76,300.41
2024-05-08,21.50,78.75,302.69,0.00,
2024-05-08,21.50,79.00,304.60,4.27,300.06
2024-05-08,21.50,79.25,305.72,0.00,299.95
2024-05-08,21.50,79.50,306.94,2.71,300.52
2024-05-08,21.50,79.75,308.24,0.00,298.96
2024-05-08,21.75,78.75,305.26,2.18,300.61
2024-05-08,21.75,79.00,308.70,0.00,300.28
2024-05-08,21.75,79.25,306.62,0.00,300.43
2024-05-08,21.75,79.50,305.91,,
2024-05-08,21.75,79.75,303.22,0.07,
2024-05-09,20.75,78.75,304.30,0.17,300.22
2024-05-09,20.75,79.00,306.41,0.00,299.36
2024-05-09,20.75,79.25,305.68,1.93,300.47
2024-05-09,20.75,79.50,306.13,2.61,299.86
2024-05-09,20.75,79.75,307.22,0.00,300.36
2024-05-09,21.00,78.75,303.81,1.50,300.38
2024-05-09,21.00,79.00,306.10,0.00,300.14
2024-05-09,21.00,79.25,307.69,0.00,300.61
2024-05-09,21.00,79.50,304.13,3.00,299.94
2024-05-09,21.00,79.75,305.85,1.51,299.85
2024-05-09,21.25,78.75,306.58,7.91,300.18
2024-05-09,21.25,79.00,306.24,0.79,300.03
2024-05-09,21.25,79.25,303.96,9.72,298.76
2024-05-09,21.25,79.50,305.39,3.64,300.12
2024-05-09,21.25,79.75,305.02,1.32,299.67
2024-05-09,21.50,78.75,301.64,0.00,300.33
2024-05-09,21.50,79.00,306.17,1.01,299.69
2024-05-09,21.50,79.25,306.48,0.08,300.80
2024-05-09,21.50,79.50,304.22,0.12,299.14
2024-05-09,21.50,79.75,304.86,0.03,300.15
2024-05-09,21.75,78.75,305.02,0.00,299.47
2024-05-09,21.75,79.00,306.25,0.51,300.67
2024-05-09,21.75,79.25,304.50,2.58,300.00
2024-05-09,21.75,79.50,303.49,0.42,299.95
2024-05-09,21.75,79.75,308.97,0.02,299.53
2024-05-10,20.75,78.75,309.83,0.00,299.96
2024-05-10,20.75,79.00,303.70,1.93,300.41
2024-05-10,20.75,79.25,307.73,0.34,300.44
2024-05-10,20.75,79.50,302.33,1.59,299.87
2024-05-10,20.75,79.75,307.09,0.00,299.89
2024-05-10,21.00,78.75,304.57,0.00,300.57
2024-05-10,21.00,79.00,305.02,1.30,300.69
2024-05-10,21.00,79.25,305.78,0.15,300.37
2024-05-10,21.00,79.50,305.97,0.00,300.04
2024-05-10,21.00,79.75,306.97,0.41,
2024-05-10,21.25,78.75,306.72,3.97,300.16
2024-05-10,21.25,79.00,305.36,1.72,
2024-05-10,21.25,79.25,306.29,4.96,300.28
2024-05-10,21.25,79.50,306.85,0.00,300.05
2024-05-10,21.25,79.75,305.42,2.73,299.58
2024-05-10,21.50,78.75,306.55,0.84,299.37
2024-05-10,21.50,79.00,308.06,1.34,300.18
2024-05-10,21.50,79.25,304.36,0.51,299.80
2024-05-10,21.50,79.50,306.58,5.74,300.56
2024-05-10,21.50,79.75,305.79,0.37,299.77
2024-05-10,21.75,78.75,307.57,0.60,301.32
2024-05-10,21.75,79.00,305.91,0.00,300.58
2024-05-10,21.75,79.25,307.96,0.00,300.58
2024-05-10,21.75,79.50,304.48,4.11,300.27
2024-05-10,21.75,79.75,306.97,1.17,298.83
2024-05-11,20.75,78.75,302.54,1.31,300.66
2024-05-11,20.75,79.00,304.38,1.50,299.72
2024-05-11,20.75,79.25,305.82,0.84,300.16
2024-05-11,20.75,79.50,305.17,0.00,300.42
2024-05-11,20.75,79.75,302.24,4.89,300.33
2024-05-11,21.00,78.75,304.55,0.00,
2024-05-11,21.00,79.00,305.70,2.45,300.08
2024-05-11,21.00,79.25,308.28,2.88,299.95
2024-05-11,21.00,79.50,306.73,1.02,302.03
2024-05-11,21.00,79.75,304.47,0.88,300.15
2024-05-11,21.25,78.75,303.99,4.68,299.89
2024-05-11,21.25,79.00,304.38,0.02,300.94
2024-05-11,21.25,79.25,304.07,1.42,300.14
2024-05-11,21.25,79.50,306.95,0.59,300.50
2024-05-11,21.25,79.75,306.24,1.30,299.65
2024-05-11,21.50,78.75,304.16,0.65,301.05
2024-05-11,21.50,79.00,304.93,0.00,300.20
2024-05-11,21.50,79.25,,0.00,
2024-05-11,21.50,79.50,308.71,0.00,299.99
2024-05-11,21.50,79.75,306.77,0.00,300.52
2024-05-11,21.75,78.75,307.53,2.83,300.71
2024-05-11,21.75,79.00,305.34,0.00,299.73
2024-05-11,21.75,79.25,306.26,8.19,300.31
2024-05-11,21.75,79.50,304.98,1.99,300.77
2024-05-11,21.75,79.75,304.38,0.68,299.93
2024-05-12,20.75,78.75,307.43,0.70,299.56
2024-05-12,20.75,79.00,302.44,0.84,300.01
2024-05-12,20.75,79.25,305.90,0.00,301.39
2024-05-12,20.75,79.50,307.75,3.45,300.43
2024-05-12,20.75,79.75,304.96,0.91,299.59
2024-05-12,21.00,78.75,306.46,0.00,300.31
2024-05-12,21.00,79.00,306.59,0.00,300.76
2024-05-12,21.00,79.25,308.05,0.40,298.76
2024-05-12,21.00,79.50,305.79,0.96,299.54
2024-05-12,21.00,79.75,307.44,0.81,300.35
2024-05-12,21.25,78.75,307.72,0.51,299.67
2024-05-12,21.25,79.00,305.82,,300.07
2024-05-12,21.25,79.25,305.94,2.57,300.49
2024-05-12,21.25,79.50,305.29,1.74,300.24
2024-05-12,21.25,79.75,304.54,0.00,299.99
2024-05-12,21.50,78.75,302.17,0.85,299.91
2024-05-12,21.50,79.00,306.11,0.00,300.66
2024-05-12,21.50,79.25,306.07,0.00,300.50
2024-05-12,21.50,79.50,305.23,2.10,300.66
2024-05-12,21.50,79.75,305.62,0.41,300.59
2024-05-12,21.75,78.75,305.14,0.00,
2024-05-12,21.75,79.00,307.18,2.36,299.92
2024-05-12,21.75,79.25,303.82,0.37,
2024-05-12,21.75,79.50,306.82,1.32,299.49
2024-05-12,21.75,79.75,307.35,0.00,300.71
2024-05-13,20.75,78.75,303.71,5.58,300.63
2024-05-13,20.75,79.00,306.39,2.33,299.26
2024-05-13,20.75,79.25,305.60,0.00,300.37
2024-05-13,20.75,79.50,308.01,0.31,300.31
2024-05-13,20.75,79.75,305.37,0.00,299.54
2024-05-13,21.00,78.75,307.42,1.87,299.83
2024-05-13,21.00,79.00,305.14,0.16,300.15
2024-05-13,21.00,79.25,305.13,0.75,299.37
2024-05-13,21.00,79.50,306.30,2.74,299.82
2024-05-13,21.00,79.75,304.31,0.00,299.88
2024-05-13,21.25,78.75,308.67,1.66,300.66
2024-05-13,21.25,79.00,305.01,0.00,301.12
2024-05-13,21.25,79.25,304.20,1.56,299.80
2024-05-13,21.25,79.50,306.51,0.68,299.89
2024-05-13,21.25,79.75,307.32,2.03,300.40
2024-05-13,21.50,78.75,304.84,0.12,300.30
2024-05-13,21.50,79.00,305.67,0.00,300.27
2024-05-13,21.50,79.25,305.81,0.00,301.23
2024-05-13,21.50,79.50,305.58,0.00,299.97
2024-05-13,21.50,79.75,305.67,1.45,300.58
2024-05-13,21.75,78.75,306.91,1.85,299.78
2024-05-13,21.75,79.00,307.75,1.00,300.18
2024-05-13,21.75,79.25,305.26,0.00,300.06
2024-05-13,21.75,79.50,306.48,0.64,300.01
2024-05-13,21.75,79.75,306.30,0.00,300.49
2024-05-14,20.75,78.75,306.67,2.81,300.44
2024-05-14,20.75,79.00,307.91,1.49,300.35
2024-05-14,20.75,79.25,305.87,0.00,299.76
2024-05-14,20.75,79.50,305.54,0.00,299.80
2024-05-14,20.75,79.75,306.53,0.69,300.53
2024-05-14,21.00,78.75,,0.73,300.85
2024-05-14,21.00,79.00,306.58,1.84,300.58
2024-05-14,21.00,79.25,303.35,0.99,301.07
2024-05-14,21.00,79.50,306.83,0.00,299.55
2024-05-14,21.00,79.75,306.14,2.09,300.00
2024-05-14,21.25,78.75,306.61,0.33,299.91
2024-05-14,21.25,79.00,307.56,0.74,301.04
2024-05-14,21.25,79.25,307.77,0.00,299.98
2024-05-14,21.25,79.50,304.43,0.30,299.73
2024-05-14,21.25,79.75,305.52,0.00,299.79
2024-05-14,21.50,78.75,305.36,5.34,300.16
2024-05-14,21.50,79.00,311.18,1.99,300.06
2024-05-14,21.50,79.25,305.02,1.30,299.76
2024-05-14,21.50,79.50,308.50,1.53,300.11
2024-05-14,21.50,79.75,306.82,0.53,300.31
2024-05-14,21.75,78.75,305.17,4.21,300.35
2024-05-14,21.75,79.00,306.66,3.36,
2024-05-14,21.75,79.25,304.47,2.00,300.11
2024-05-14,21.75,79.50,302.02,0.48,300.68
2024-05-14,21.75,79.75,306.96,0.00,300.08
2024-05-15,20.75,78.75,308.65,2.13,298.65
2024-05-15,20.75,79.00,304.37,0.00,299.55
2024-05-15,20.75,79.25,304.04,0.00,300.51
2024-05-15,20.75,79.50,305.68,0.27,300.04
2024-05-15,20.75,79.75,306.14,0.00,300.52
2024-05-15,21.00,78.75,306.15,0.00,300.45
2024-05-15,21.00,79.00,308.37,0.00,299.80
2024-05-15,21.00,79.25,305.86,0.16,301.08
2024-05-15,21.00,79.50,305.58,1.68,299.96
2024-05-15,21.00,79.75,306.95,0.07,300.75
2024-05-15,21.25,78.75,303.71,2.07,299.92
2024-05-15,21.25,79.00,306.31,2.35,
2024-05-15,21.25,79.25,306.72,0.69,299.75
2024-05-15,21.25,79.50,304.65,2.74,301.04
2024-05-15,21.25,79.75,306.37,0.00,300.12
2024-05-15,21.50,78.75,307.36,0.34,299.88
2024-05-15,21.50,79.00,307.33,2.62,300.25
2024-05-15,21.50,79.25,306.82,0.54,299.55
2024-05-15,21.50,79.50,304.03,10.47,299.74
2024-05-15,21.50,79.75,303.36,0.00,300.31
2024-05-15,21.75,78.75,307.95,2.32,300.31
2024-05-15,21.75,79.00,306.16,2.56,299.11
2024-05-15,21.75,79.25,306.43,1.03,
2024-05-15,21.75,79.50,305.27,0.19,300.09
2024-05-15,21.75,79.75,304.00,,299.00
2024-05-16,20.75,78.75,308.19,0.00,300.36
2024-05-16,20.75,79.00,306.70,0.06,299.35
2024-05-16,20.75,79.25,307.00,0.94,300.01
2024-05-16,20.75,79.50,305.22,2.30,300.41
2024-05-16,20.75,79.75,305.05,0.13,299.74
2024-05-16,21.00,78.75,307.01,2.17,299.86
2024-05-16,21.00,79.00,308.10,0.07,300.05
2024-05-16,21.00,79.25,305.26,0.00,299.74
2024-05-16,21.00,79.50,305.07,2.14,300.43
2024-05-16,21.00,79.75,305.72,0.00,299.76
2024-05-16,21.25,78.75,307.72,0.00,300.29
2024-05-16,21.25,79.00,306.58,1.97,299.28
2024-05-16,21.25,79.25,305.59,2.13,300.00
2024-05-16,21.25,79.50,303.93,6.31,301.04
2024-05-16,21.25,79.75,306.19,0.63,299.26
2024-05-16,21.50,78.75,306.56,1.29,300.49
2024-05-16,21.50,79.00,301.73,5.40,300.51
2024-05-16,21.50,79.25,306.40,0.00,
2024-05-16,21.50,79.50,307.26,0.73,300.24
2024-05-16,21.50,79.75,305.14,2.73,299.43
2024-05-16,21.75,78.75,307.27,0.28,
2024-05-16,21.75,79.00,307.75,0.03,299.73
2024-05-16,21.75,79.25,307.40,3.72,300.13
2024-05-16,21.75,79.50,307.12,0.00,301.02
2024-05-16,21.75,79.75,307.18,1.05,299.81
2024-05-17,20.75,78.75,308.65,8.83,300.11
2024-05-17,20.75,79.00,306.09,0.30,299.64
2024-05-17,20.75,79.25,304.73,0.00,300.54
2024-05-17,20.75,79.50,304.79,1.09,300.47
2024-05-17,20.75,79.75,303.74,0.98,300.71
2024-05-17,21.00,78.75,307.92,0.53,300.37
2024-05-17,21.00,79.00,306.71,0.73,300.39
2024-05-17,21.00,79.25,306.07,6.89,299.88
2024-05-17,21.00,79.50,302.95,0.00,299.81
2024-05-17,21.00,79.75,310.70,0.24,300.43
2024-05-17,21.25,78.75,305.39,1.86,300.58
2024-05-17,21.25,79.00,305.32,1.97,300.33
2024-05-17,21.25,79.25,308.38,0.55,300.65
2024-05-17,21.25,79.50,309.55,0.84,298.88
2024-05-17,21.25,79.75,307.25,1.40,301.10
2024-05-17,21.50,78.75,306.62,0.65,301.20
2024-05-17,21.50,79.00,304.33,3.28,300.63
2024-05-17,21.50,79.25,305.18,2.70,300.42
2024-05-17,21.50,79.50,307.33,0.31,300.44
2024-05-17,21.50,79.75,305.40,0.00,299.63
2024-05-17,21.75,78.75,306.17,1.06,299.52
2024-05-17,21.75,79.00,303.60,3.14,
2024-05-17,21.75,79.25,307.35,2.45,301.20
2024-05-17,21.75,79.50,305.43,0.25,299.41
2024-05-17,21.75,79.75,305.48,0.00,300.03
2024-05-18,20.75,78.75,305.48,0.48,301.05
2024-05-18,20.75,79.00,302.72,0.10,300.56
2024-05-18,20.75,79.25,305.44,0.91,299.75
2024-05-18,20.75,79.50,308.24,0.69,300.56
2024-05-18,20.75,79.75,306.16,0.00,300.36
2024-05-18,21.00,78.75,303.75,6.97,299.42
2024-05-18,21.00,79.00,303.42,0.12,300.01
2024-05-18,21.00,79.25,,0.00,300.57
2024-05-18,21.00,79.50,306.01,0.00,300.14
2024-05-18,21.00,79.75,309.61,0.59,300.35
2024-05-18,21.25,78.75,306.19,5.02,299.63
2024-05-18,21.25,79.00,305.64,0.61,300.13
2024-05-18,21.25,79.25,305.55,,300.48
2024-05-18,21.25,79.50,306.92,0.25,300.69
2024-05-18,21.25,79.75,308.26,0.11,299.88
2024-05-18,21.50,78.75,308.84,0.05,300.76
2024-05-18,21.50,79.00,304.48,0.00,300.29
2024-05-18,21.50,79.25,308.68,0.04,299.77
2024-05-18,21.50,79.50,306.22,0.35,300.42
2024-05-18,21.50,79.75,306.96,0.00,299.75
2024-05-18,21.75,78.75,308.62,0.13,299.96
2024-05-18,21.75,79.00,305.63,0.04,300.70
2024-05-18,21.75,79.25,305.56,0.00,299.72
2024-05-18,21.75,79.50,306.27,3.49,299.47
2024-05-18,21.75,79.75,,6.26,299.53
2024-05-19,20.75,78.75,307.18,2.34,300.07
2024-05-19,20.75,79.00,305.64,0.00,300.48
2024-05-19,20.75,79.25,305.95,1.11,301.33
2024-05-19,20.75,79.50,309.04,0.00,299.89
2024-05-19,20.75,79.75,307.86,0.29,298.92
2024-05-19,21.00,78.75,305.72,1.22,
2024-05-19,21.00,79.00,308.18,0.00,300.14
2024-05-19,21.00,79.25,305.15,0.00,300.50
2024-05-19,21.00,79.50,307.52,0.69,299.63
2024-05-19,21.00,79.75,303.99,0.00,300.15
2024-05-19,21.25,78.75,307.21,0.00,300.18
2024-05-19,21.25,79.00,306.75,0.00,300.62
2024-05-19,21.25,79.25,305.92,0.12,300.14
2024-05-19,21.25,79.50,304.75,3.92,300.17
2024-05-19,21.25,79.75,307.09,0.35,300.29
2024-05-19,21.50,78.75,,1.31,300.59
2024-05-19,21.50,79.00,309.00,1.49,299.69
2024-05-19,21.50,79.25,305.83,1.52,300.24
2024-05-19,21.50,79.50,304.43,0.62,301.07
2024-05-19,21.50,79.75,307.27,1.49,300.48
2024-05-19,21.75,78.75,306.89,0.52,300.39
2024-05-19,21.75,79.00,306.23,1.27,299.37
2024-05-19,21.75,79.25,305.54,0.00,299.80
2024-05-19,21.75,79.50,307.12,2.54,300.27
2024-05-19,21.75,79.75,308.31,0.80,300.24
2024-05-20,20.75,78.75,307.22,2.69,300.64
2024-05-20,20.75,79.00,304.35,0.16,299.12
2024-05-20,20.75,79.25,307.21,0.61,300.31
2024-05-20,20.75,79.50,307.35,1.87,299.62
2024-05-20,20.75,79.75,304.89,1.36,300.45
2024-05-20,21.00,78.75,306.89,1.85,299.54
2024-05-20,21.00,79.00,306.04,3.95,300.44
2024-05-20,21.00,79.25,306.41,3.21,299.53
2024-05-20,21.00,79.50,306.48,0.90,299.12
2024-05-20,21.00,79.75,308.18,0.00,300.34
2024-05-20,21.25,78.75,307.06,0.49,299.95
2024-05-20,21.25,79.00,306.12,1.18,300.47
2024-05-20,21.25,79.25,305.81,0.38,300.16
2024-05-20,21.25,79.50,306.85,0.00,301.13
2024-05-20,21.25,79.75,308.03,,299.59
2024-05-20,21.50,78.75,306.52,1.45,300.28
2024-05-20,21.50,79.00,306.67,0.40,299.64
2024-05-20,21.50,79.25,305.49,1.66,299.70
2024-05-20,21.50,79.50,307.04,3.82,299.32
2024-05-20,21.50,79.75,309.14,1.24,301.07
2024-05-20,21.75,78.75,306.12,0.49,300.55
2024-05-20,21.75,79.00,305.19,4.83,299.27
2024-05-20,21.75,79.25,305.92,,300.22
2024-05-20,21.75,79.50,306.82,3.23,
2024-05-20,21.75,79.75,306.30,8.70,299.59
2024-05-21,20.75,78.75,309.41,0.23,300.60
2024-05-21,20.75,79.00,307.72,0.45,299.50
2024-05-21,20.75,79.25,308.69,1.35,300.03
2024-05-21,20.75,79.50,306.61,1.27,
2024-05-21,20.75,79.75,302.20,2.38,299.69
2024-05-21,21.00,78.75,307.27,2.57,299.20
2024-05-21,21.00,79.00,307.90,2.26,300.08
2024-05-21,21.00,79.25,303.52,0.79,300.54
2024-05-21,21.00,79.50,304.78,0.29,300.46
2024-05-21,21.00,79.75,306.27,3.96,300.19
2024-05-21,21.25,78.75,305.25,2.42,300.02
2024-05-21,21.25,79.00,308.61,2.02,300.27
2024-05-21,21.25,79.25,307.49,0.00,300.38
2024-05-21,21.25,79.50,306.61,0.05,299.99
2024-05-21,21.25,79.75,304.89,0.00,299.55
2024-05-21,21.50,78.75,304.53,2.29,299.61
2024-05-21,21.50,79.00,308.71,0.94,299.74
2024-05-21,21.50,79.25,306.91,2.44,300.65
2024-05-21,21.50,79.50,308.58,0.11,300.35
2024-05-21,21.50,79.75,309.69,0.00,299.79
2024-05-21,21.75,78.75,303.49,10.11,299.99
2024-05-21,21.75,79.00,306.62,0.00,301.35
2024-05-21,21.75,79.25,305.82,0.31,300.65
2024-05-21,21.75,79.50,,5.27,300.81
2024-05-21,21.75,79.75,307.12,7.41,299.95
2024-05-22,20.75,78.75,306.10,0.00,299.97
2024-05-22,20.75,79.00,306.04,0.00,300.72
2024-05-22,20.75,79.25,303.49,0.00,299.58
2024-05-22,20.75,79.50,305.85,1.69,299.75
2024-05-22,20.75,79.75,305.15,4.42,
2024-05-22,21.00,78.75,307.10,0.00,299.51
2024-05-22,21.00,79.00,305.53,0.39,300.11
2024-05-22,21.00,79.25,304.99,0.00,299.37
2024-05-22,21.00,79.50,307.20,0.50,300.84
2024-05-22,21.00,79.75,305.54,1.17,299.96
2024-05-22,21.25,78.75,305.73,0.00,299.38
2024-05-22,21.25,79.00,306.89,0.16,300.25
2024-05-22,21.25,79.25,306.78,0.90,300.17
2024-05-22,21.25,79.50,304.77,0.00,299.84
2024-05-22,21.25,79.75,307.58,0.00,299.86
2024-05-22,21.50,78.75,303.85,1.51,300.32
2024-05-22,21.50,79.00,305.97,0.00,300.07
2024-05-22,21.50,79.25,307.95,1.20,300.60
2024-05-22,21.50,79.50,308.90,0.20,300.37
2024-05-22,21.50,79.75,308.91,4.67,300.13
2024-05-22,21.75,78.75,306.67,0.18,300.45
2024-05-22,21.75,79.00,306.46,1.29,300.45
2024-05-22,21.75,79.25,306.70,2.51,300.05
2024-05-22,21.75,79.50,307.48,0.37,300.73
2024-05-22,21.75,79.75,307.87,1.35,299.91
2024-05-23,20.75,78.75,307.83,2.35,300.14
2024-05-23,20.75,79.00,307.46,0.24,299.73
2024-05-23,20.75,79.25,302.22,7.30,300.19
2024-05-23,20.75,79.50,304.36,1.95,299.71
2024-05-23,20.75,79.75,305.21,1.43,300.85
2024-05-23,21.00,78.75,304.31,2.37,299.83
2024-05-23,21.00,79.00,,0.83,300.03
2024-05-23,21.00,79.25,305.26,0.00,300.43
2024-05-23,21.00,79.50,308.22,1.53,300.33
2024-05-23,21.00,79.75,305.37,1.16,
2024-05-23,21.25,78.75,306.76,0.09,300.40
2024-05-23,21.25,79.00,305.26,0.00,300.88
2024-05-23,21.25,79.25,306.01,0.00,300.02
2024-05-23,21.25,79.50,,0.00,301.27
2024-05-23,21.25,79.75,306.52,0.92,299.95
2024-05-23,21.50,78.75,306.23,2.64,299.98
2024-05-23,21.50,79.00,308.21,1.86,299.32
2024-05-23,21.50,79.25,305.34,1.45,299.91
2024-05-23,21.50,79.50,308.27,0.00,299.28
2024-05-23,21.50,79.75,305.46,0.00,299.79
2024-05-23,21.75,78.75,304.65,0.91,300.72
2024-05-23,21.75,79.00,306.70,8.29,300.33
2024-05-23,21.75,79.25,307.97,1.17,300.15
2024-05-23,21.75,79.50,307.78,1.32,299.69
2024-05-23,21.75,79.75,306.13,1.19,299.28
2024-05-24,20.75,78.75,306.74,,299.79
2024-05-24,20.75,79.00,305.32,2.13,298.99
2024-05-24,20.75,79.25,305.89,0.68,299.92
2024-05-24,20.75,79.50,306.53,1.24,299.77
2024-05-24,20.75,79.75,306.74,2.05,300.44
2024-05-24,21.00,78.75,306.67,3.61,300.11
2024-05-24,21.00,79.00,307.18,0.00,300.12
2024-05-24,21.00,79.25,305.73,2.56,300.12
2024-05-24,21.00,79.50,305.04,0.89,300.30
2024-05-24,21.00,79.75,308.52,3.47,300.67
2024-05-24,21.25,78.75,305.57,1.68,300.63
2024-05-24,21.25,79.00,305.95,6.23,300.05
2024-05-24,21.25,79.25,306.14,1.42,300.73
2024-05-24,21.25,79.50,305.71,0.15,
2024-05-24,21.25,79.75,306.28,0.46,299.92
2024-05-24,21.50,78.75,305.71,0.55,300.86
2024-05-24,21.50,79.00,308.24,1.50,299.99
2024-05-24,21.50,79.25,305.58,0.00,300.30
2024-05-24,21.50,79.50,305.73,0.31,300.60
2024-05-24,21.50,79.75,307.58,5.17,
2024-05-24,21.75,78.75,305.58,5.38,299.74
2024-05-24,21.75,79.00,308.16,0.00,299.42
2024-05-24,21.75,79.25,307.80,1.51,300.62
2024-05-24,21.75,79.50,308.48,5.72,299.58
2024-05-24,21.75,79.75,304.47,4.84,299.73
2024-05-25,20.75,78.75,307.89,2.40,300.73
2024-05-25,20.75,79.00,308.06,2.41,300.57
2024-05-25,20.75,79.25,306.38,2.05,298.97
2024-05-25,20.75,79.50,305.03,0.56,300.02
2024-05-25,20.75,79.75,,3.96,300.16
2024-05-25,21.00,78.75,305.65,1.17,300.20
2024-05-25,21.00,79.00,,0.00,299.15
2024-05-25,21.00,79.25,306.74,0.66,300.79
2024-05-25,21.00,79.50,305.17,1.76,300.66
2024-05-25,21.00,79.75,308.47,1.86,299.57
2024-05-25,21.25,78.75,307.55,2.52,299.51
2024-05-25,21.25,79.00,308.47,1.18,299.33
2024-05-25,21.25,79.25,303.16,0.72,299.51
2024-05-25,21.25,79.50,307.42,0.08,301.14
2024-05-25,21.25,79.75,306.50,0.37,299.96
2024-05-25,21.50,78.75,303.59,2.95,300.58
2024-05-25,21.50,79.00,305.08,1.25,300.46
2024-05-25,21.50,79.25,307.13,0.20,301.04
2024-05-25,21.50,79.50,307.45,0.54,299.76
2024-05-25,21.50,79.75,,4.18,300.32
2024-05-25,21.75,78.75,306.64,4.28,299.91
2024-05-25,21.75,79.00,304.89,0.43,
2024-05-25,21.75,79.25,306.92,7.38,300.46
2024-05-25,21.75,79.50,306.86,2.78,300.87
2024-05-25,21.75,79.75,308.70,1.96,300.52
2024-05-26,20.75,78.75,306.07,0.14,300.19
2024-05-26,20.75,79.00,,0.13,300.12
2024-05-26,20.75,79.25,306.41,1.14,299.98
2024-05-26,20.75,79.50,304.92,0.43,300.03
2024-05-26,20.75,79.75,305.65,0.07,300.03
2024-05-26,21.00,78.75,308.16,0.79,299.59
2024-05-26,21.00,79.00,306.25,3.86,299.83
2024-05-26,21.00,79.25,308.08,4.60,300.06
2024-05-26,21.00,79.50,309.14,1.29,300.64
2024-05-26,21.00,79.75,307.80,0.21,299.35
2024-05-26,21.25,78.75,304.18,1.44,300.28
2024-05-26,21.25,79.00,307.57,1.82,
2024-05-26,21.25,79.25,305.14,1.63,301.66
2024-05-26,21.25,79.50,307.99,0.14,300.20
2024-05-26,21.25,79.75,306.73,0.83,300.03
2024-05-26,21.50,78.75,310.75,2.19,299.55
2024-05-26,21.50,79.00,305.22,0.16,300.35
2024-05-26,21.50,79.25,308.66,3.46,300.47
2024-05-26,21.50,79.50,305.69,0.27,300.06
2024-05-26,21.50,79.75,308.55,7.72,299.84
2024-05-26,21.75,78.75,305.60,0.92,300.35
2024-05-26,21.75,79.00,307.46,1.84,300.09
2024-05-26,21.75,79.25,304.72,0.98,298.96
2024-05-26,21.75,79.50,307.07,0.63,298.72
2024-05-26,21.75,79.75,306.40,0.00,299.78
2024-05-27,20.75,78.75,305.39,0.27,300.01
2024-05-27,20.75,79.00,306.87,0.53,299.69
2024-05-27,20.75,79.25,307.29,0.00,299.65
2024-05-27,20.75,79.50,306.99,2.71,299.46
2024-05-27,20.75,79.75,307.76,1.63,300.33
2024-05-27,21.00,78.75,305.43,3.18,300.91
2024-05-27,21.00,79.00,,0.15,299.77
2024-05-27,21.00,79.25,306.89,0.79,299.84
2024-05-27,21.00,79.50,307.92,2.37,300.65
2024-05-27,21.00,79.75,307.20,1.12,300.14
2024-05-27,21.25,78.75,307.97,2.60,299.91
2024-05-27,21.25,79.00,307.83,2.77,300.05
2024-05-27,21.25,79.25,306.00,2.57,299.54
2024-05-27,21.25,79.50,306.80,1.79,299.74
2024-05-27,21.25,79.75,308.18,3.63,300.22
2024-05-27,21.50,78.75,307.70,0.83,299.86
2024-05-27,21.50,79.00,306.50,2.89,301.59
2024-05-27,21.50,79.25,307.68,0.76,299.58
2024-05-27,21.50,79.50,305.56,4.72,300.04
2024-05-27,21.50,79.75,307.01,0.90,300.54
2024-05-27,21.75,78.75,,0.32,300.36
2024-05-27,21.75,79.00,308.51,0.96,299.55
2024-05-27,21.75,79.25,306.90,1.37,299.31
2024-05-27,21.75,79.50,306.65,0.30,299.66
2024-05-27,21.75,79.75,308.52,3.69,300.02
2024-05-28,20.75,78.75,305.81,1.23,299.47
2024-05-28,20.75,79.00,304.45,5.08,299.82
2024-05-28,20.75,79.25,307.71,5.27,299.99
2024-05-28,20.75,79.50,309.79,0.12,300.22
2024-05-28,20.75,79.75,308.21,0.63,300.79
2024-05-28,21.00,78.75,305.65,6.66,300.60
2024-05-28,21.00,79.00,306.95,5.13,300.45
2024-05-28,21.00,79.25,308.92,,300.13
2024-05-28,21.00,79.50,306.74,11.78,299.92
2024-05-28,21.00,79.75,307.67,0.91,299.35
2024-05-28,21.25,78.75,305.66,3.77,300.47
2024-05-28,21.25,79.00,305.94,3.04,299.63
2024-05-28,21.25,79.25,304.57,1.03,299.62
2024-05-28,21.25,79.50,308.84,1.70,300.08
2024-05-28,21.25,79.75,307.30,3.94,299.43
2024-05-28,21.50,78.75,307.60,0.84,301.14
2024-05-28,21.50,79.00,309.01,0.06,300.20
2024-05-28,21.50,79.25,306.58,2.46,300.51
2024-05-28,21.50,79.50,310.41,2.21,300.78
2024-05-28,21.50,79.75,307.62,0.22,299.91
2024-05-28,21.75,78.75,305.69,1.27,299.03
2024-05-28,21.75,79.00,309.15,2.22,300.59
2024-05-28,21.75,79.25,307.01,1.47,300.24
2024-05-28,21.75,79.50,307.83,4.23,300.43
2024-05-28,21.75,79.75,306.65,1.23,300.31
2024-05-29,20.75,78.75,307.70,9.54,299.21
2024-05-29,20.75,79.00,307.14,1.79,300.52
2024-05-29,20.75,79.25,305.11,5.16,300.85
2024-05-29,20.75,79.50,306.72,5.99,299.69
2024-05-29,20.75,79.75,306.98,7.67,300.32
2024-05-29,21.00,78.75,307.29,0.61,300.08
2024-05-29,21.00,79.00,305.92,3.05,300.46
2024-05-29,21.00,79.25,307.71,0.33,299.41
2024-05-29,21.00,79.50,307.63,5.25,300.35
2024-05-29,21.00,79.75,306.71,0.00,300.52
2024-05-29,21.25,78.75,307.98,1.67,299.79
2024-05-29,21.25,79.00,306.21,0.25,299.66
2024-05-29,21.25,79.25,305.07,3.54,300.20
2024-05-29,21.25,79.50,306.52,0.66,
2024-05-29,21.25,79.75,307.89,0.43,301.16
2024-05-29,21.50,78.75,305.29,1.01,300.11
2024-05-29,21.50,79.00,307.39,3.72,300.90
2024-05-29,21.50,79.25,308.20,1.29,299.78
2024-05-29,21.50,79.50,304.26,1.10,300.46
2024-05-29,21.50,79.75,307.71,0.43,300.23
2024-05-29,21.75,78.75,306.25,6.64,300.02
2024-05-29,21.75,79.00,306.69,0.18,301.13
2024-05-29,21.75,79.25,305.13,0.10,301.48
2024-05-29,21.75,79.50,306.66,2.02,300.34
2024-05-29,21.75,79.75,,3.50,300.20
2024-05-30,20.75,78.75,307.26,3.86,299.08
2024-05-30,20.75,79.00,309.91,5.71,299.85
2024-05-30,20.75,79.25,304.89,0.42,299.42
2024-05-30,20.75,79.50,307.78,0.87,299.90
2024-05-30,20.75,79.75,307.99,2.85,299.20
2024-05-30,21.00,78.75,307.08,1.46,300.17
2024-05-30,21.00,79.00,307.88,4.19,299.53
2024-05-30,21.00,79.25,307.54,1.60,299.66
2024-05-30,21.00,79.50,305.61,0.86,301.23
2024-05-30,21.00,79.75,307.03,1.66,300.73
2024-05-30,21.25,78.75,306.10,0.40,300.34
2024-05-30,21.25,79.00,304.66,5.40,300.71
2024-05-30,21.25,79.25,306.21,0.26,299.37
2024-05-30,21.25,79.50,306.28,0.19,299.49
2024-05-30,21.25,79.75,306.66,0.43,300.53
2024-05-30,21.50,78.75,305.11,0.05,299.93
2024-05-30,21.50,79.00,306.85,0.49,300.27
2024-05-30,21.50,79.25,307.15,4.25,298.72
2024-05-30,21.50,79.50,308.55,0.55,299.57
2024-05-30,21.50,79.75,306.10,3.66,300.19
2024-05-30,21.75,78.75,308.69,2.63,300.14
2024-05-30,21.75,79.00,,1.83,299.67
2024-05-30,21.75,79.25,305.60,6.27,300.59
2024-05-30,21.75,79.50,306.23,2.07,300.79
2024-05-30,21.75,79.75,305.72,3.18,301.08
2024-05-31,20.75,78.75,307.77,0.11,
2024-05-31,20.75,79.00,307.06,7.45,300.48
2024-05-31,20.75,79.25,306.95,0.63,300.30
2024-05-31,20.75,79.50,308.89,1.31,299.59
2024-05-31,20.75,79.75,308.03,0.14,299.87
2024-05-31,21.00,78.75,306.27,1.27,299.48
2024-05-31,21.00,79.00,308.29,4.84,299.96
2024-05-31,21.00,79.25,305.34,3.48,
2024-05-31,21.00,79.50,307.56,2.58,300.18
2024-05-31,21.00,79.75,308.52,0.89,298.73
2024-05-31,21.25,78.75,306.06,0.74,299.90
2024-05-31,21.25,79.00,308.00,2.01,300.48
2024-05-31,21.25,79.25,309.19,5.18,299.51
2024-05-31,21.25,79.50,309.30,2.35,300.10
2024-05-31,21.25,79.75,305.20,2.09,299.47
2024-05-31,21.50,78.75,307.11,2.31,
2024-05-31,21.50,79.00,306.12,0.54,299.66
2024-05-31,21.50,79.25,309.39,3.37,300.19
2024-05-31,21.50,79.50,308.77,0.23,300.26
2024-05-31,21.50,79.75,306.81,4.64,299.53
2024-05-31,21.75,78.75,306.71,1.21,300.28
2024-05-31,21.75,79.00,305.26,,
2024-05-31,21.75,79.25,307.37,2.11,299.07
2024-05-31,21.75,79.50,308.28,2.33,299.45
2024-05-31,21.75,79.75,304.18,1.19,300.13
2024-06-01,20.75,78.75,309.16,0.21,299.47
2024-06-01,20.75,79.00,307.30,1.69,300.13
2024-06-01,20.75,79.25,306.01,0.57,299.57
2024-06-01,20.75,79.50,307.65,0.49,299.64
2024-06-01,20.75,79.75,306.42,0.15,
2024-06-01,21.00,78.75,309.98,3.24,299.52
2024-06-01,21.00,79.00,307.59,0.11,300.49
2024-06-01,21.00,79.25,,1.37,300.08
2024-06-01,21.00,79.50,306.78,1.28,299.83
2024-06-01,21.00,79.75,306.78,1.07,300.45
2024-06-01,21.25,78.75,,1.88,300.22
2024-06-01,21.25,79.00,308.36,6.85,299.67
2024-06-01,21.25,79.25,,0.41,300.93
2024-06-01,21.25,79.50,307.39,0.92,299.10
2024-06-01,21.25,79.75,307.77,0.51,300.12
2024-06-01,21.50,78.75,309.27,0.43,299.42
2024-06-01,21.50,79.00,309.20,2.42,299.89
2024-06-01,21.50,79.25,306.41,1.75,298.53
2024-06-01,21.50,79.50,305.20,0.86,300.34
2024-06-01,21.50,79.75,310.18,0.55,300.13
2024-06-01,21.75,78.75,306.51,1.91,299.87
2024-06-01,21.75,79.00,308.39,0.26,300.22
2024-06-01,21.75,79.25,306.82,1.84,299.44
2024-06-01,21.75,79.50,310.27,4.03,300.27
2024-06-01,21.75,79.75,309.04,0.61,300.71
2024-06-02,20.75,78.75,308.79,0.22,300.57
2024-06-02,20.75,79.00,306.78,2.01,300.66
2024-06-02,20.75,79.25,307.40,0.64,299.68
2024-06-02,20.75,79.50,307.42,0.32,300.49
2024-06-02,20.75,79.75,306.27,1.28,300.13
2024-06-02,21.00,78.75,306.65,3.07,300.72
2024-06-02,21.00,79.00,309.01,1.49,299.62
2024-06-02,21.00,79.25,307.48,1.21,300.40
2024-06-02,21.00,79.50,308.49,2.81,300.51
2024-06-02,21.00,79.75,304.43,1.01,299.74
2024-06-02,21.25,78.75,309.77,0.85,299.39
2024-06-02,21.25,79.00,308.16,5.77,299.84
2024-06-02,21.25,79.25,306.76,2.81,300.21
2024-06-02,21.25,79.50,310.22,3.43,300.10
2024-06-02,21.25,79.75,306.21,1.89,300.21
2024-06-02,21.50,78.75,308.49,2.10,299.62
2024-06-02,21.50,79.00,309.16,3.90,299.85
2024-06-02,21.50,79.25,309.12,0.90,300.23
2024-06-02,21.50,79.50,307.06,2.27,300.06
2024-06-02,21.50,79.75,309.43,3.19,299.81
2024-06-02,21.75,78.75,310.04,0.75,299.15
2024-06-02,21.75,79.00,308.27,4.59,299.73
2024-06-02,21.75,79.25,311.95,5.88,300.45
2024-06-02,21.75,79.50,310.63,5.03,299.90
2024-06-02,21.75,79.75,304.61,1.63,300.07
2024-06-03,20.75,78.75,307.25,7.22,
2024-06-03,20.75,79.00,303.86,1.12,300.33
2024-06-03,20.75,79.25,305.35,1.23,299.03
2024-06-03,20.75,79.50,306.50,1.47,299.51
2024-06-03,20.75,79.75,308.64,1.27,298.83
2024-06-03,21.00,78.75,310.97,2.25,300.16
2024-06-03,21.00,79.00,308.08,1.10,299.74
2024-06-03,21.00,79.25,308.08,4.81,299.50
2024-06-03,21.00,79.50,308.54,1.50,299.63
2024-06-03,21.00,79.75,307.63,3.96,299.08
2024-06-03,21.25,78.75,307.91,0.60,299.85
2024-06-03,21.25,79.00,308.68,1.81,300.57
2024-06-03,21.25,79.25,309.02,1.52,299.63
2024-06-03,21.25,79.50,308.85,2.91,
2024-06-03,21.25,79.75,306.87,2.10,299.86
2024-06-03,21.50,78.75,305.60,3.19,299.75
2024-06-03,21.50,79.00,305.23,5.12,300.96
2024-06-03,21.50,79.25,307.99,1.35,
2024-06-03,21.50,79.50,307.26,1.56,299.93
2024-06-03,21.50,79.75,307.72,0.25,300.38
2024-06-03,21.75,78.75,306.86,0.54,300.33
2024-06-03,21.75,79.00,308.92,5.16,299.47
2024-06-03,21.75,79.25,305.70,1.43,300.30
2024-06-03,21.75,79.50,308.22,2.46,300.72
2024-06-03,21.75,79.75,310.46,0.23,300.08
2024-06-04,20.75,78.75,305.02,2.12,299.96
2024-06-04,20.75,79.00,305.28,2.53,300.44
2024-06-04,20.75,79.25,309.00,0.68,300.47
2024-06-04,20.75,79.50,307.12,4.43,299.69
2024-06-04,20.75,79.75,309.77,2.77,300.77
2024-06-04,21.00,78.75,307.09,3.98,300.11
2024-06-04,21.00,79.00,305.38,1.30,299.45
2024-06-04,21.00,79.25,306.49,6.64,300.60
2024-06-04,21.00,79.50,309.29,1.23,300.05
2024-06-04,21.00,79.75,306.46,6.14,300.02
2024-06-04,21.25,78.75,305.98,1.66,299.92
2024-06-04,21.25,79.00,307.18,1.13,300.59
2024-06-04,21.25,79.25,306.48,2.22,300.61
2024-06-04,21.25,79.50,307.63,2.08,300.36
2024-06-04,21.25,79.75,308.92,2.95,300.90
2024-06-04,21.50,78.75,310.35,0.91,
2024-06-04,21.50,79.00,307.99,3.05,299.19
2024-06-04,21.50,79.25,306.63,6.06,300.34
2024-06-04,21.50,79.50,308.78,2.23,299.97
2024-06-04,21.50,79.75,307.41,2.02,300.37
2024-06-04,21.75,78.75,307.43,,299.50
2024-06-04,21.75,79.00,308.26,4.09,299.18
2024-06-04,21.75,79.25,304.50,2.88,300.67
2024-06-04,21.75,79.50,307.66,1.82,300.85
2024-06-04,21.75,79.75,307.08,1.40,
2024-06-05,20.75,78.75,306.96,1.04,300.46
2024-06-05,20.75,79.00,307.58,0.66,300.45
2024-06-05,20.75,79.25,308.10,0.92,299.94
2024-06-05,20.75,79.50,307.43,3.85,300.29
2024-06-05,20.75,79.75,308.03,3.02,299.97
2024-06-05,21.00,78.75,305.76,2.91,299.66
2024-06-05,21.00,79.00,306.56,5.28,300.29
2024-06-05,21.00,79.25,306.63,0.82,301.05
2024-06-05,21.00,79.50,307.73,1.72,300.62
2024-06-05,21.00,79.75,307.65,3.07,299.39
2024-06-05,21.25,78.75,310.17,2.31,300.42
2024-06-05,21.25,79.00,305.46,1.40,299.97
2024-06-05,21.25,79.25,309.35,1.29,
2024-06-05,21.25,79.50,305.73,2.61,299.95
2024-06-05,21.25,79.75,308.55,,299.81
2024-06-05,21.50,78.75,307.65,2.78,300.74
2024-06-05,21.50,79.00,307.03,5.04,300.40
2024-06-05,21.50,79.25,307.22,0.41,299.47
2024-06-05,21.50,79.50,307.14,1.22,300.44
2024-06-05,21.50,79.75,307.56,3.79,299.07
2024-06-05,21.75,78.75,306.40,3.57,300.33
2024-06-05,21.75,79.00,308.84,9.18,299.85
2024-06-05,21.75,79.25,310.15,1.13,299.89
2024-06-05,21.75,79.50,306.70,0.39,299.41
2024-06-05,21.75,79.75,309.63,0.45,300.68
2024-06-06,20.75,78.75,311.45,0.69,299.64
2024-06-06,20.75,79.00,305.24,2.07,300.90
2024-06-06,20.75,79.25,306.57,0.98,299.95
2024-06-06,20.75,79.50,311.09,1.06,300.39
2024-06-06,20.75,79.75,308.80,3.04,299.53
2024-06-06,21.00,78.75,305.72,1.93,300.22
2024-06-06,21.00,79.00,307.73,3.73,299.72
2024-06-06,21.00,79.25,308.89,2.08,301.02
2024-06-06,21.00,79.50,307.94,2.35,300.18
2024-06-06,21.00,79.75,306.87,1.93,299.86
2024-06-06,21.25,78.75,308.49,3.62,300.23
2024-06-06,21.25,79.00,309.29,1.28,299.59
2024-06-06,21.25,79.25,307.91,0.77,
2024-06-06,21.25,79.50,306.30,2.40,299.59
2024-06-06,21.25,79.75,306.42,6.41,299.51
2024-06-06,21.50,78.75,308.88,2.83,300.52
2024-06-06,21.50,79.00,308.42,1.41,300.61
2024-06-06,21.50,79.25,305.55,0.90,300.04
2024-06-06,21.50,79.50,308.76,6.02,300.45
2024-06-06,21.50,79.75,306.85,0.60,299.86
2024-06-06,21.75,78.75,307.66,1.93,300.49
2024-06-06,21.75,79.00,,0.79,300.32
2024-06-06,21.75,79.25,308.17,0.51,299.97
2024-06-06,21.75,79.50,306.77,2.44,300.17
2024-06-06,21.75,79.75,306.45,1.02,299.91
2024-06-07,20.75,78.75,,1.44,299.96
2024-06-07,20.75,79.00,307.06,1.71,299.91
2024-06-07,20.75,79.25,306.31,6.65,299.56
2024-06-07,20.75,79.50,309.48,3.89,299.74
2024-06-07,20.75,79.75,306.19,3.51,299.61
2024-06-07,21.00,78.75,308.71,0.66,299.76
2024-06-07,21.00,79.00,307.19,0.51,299.94
2024-06-07,21.00,79.25,304.01,6.08,299.51
2024-06-07,21.00,79.50,308.44,1.63,299.94
2024-06-07,21.00,79.75,307.79,4.49,299.88
2024-06-07,21.25,78.75,308.23,2.98,299.43
2024-06-07,21.25,79.00,309.60,,299.20
2024-06-07,21.25,79.25,308.66,0.55,300.17
2024-06-07,21.25,79.50,306.79,1.77,300.19
2024-06-07,21.25,79.75,307.48,2.16,298.94
2024-06-07,21.50,78.75,306.72,0.43,300.09
2024-06-07,21.50,79.00,306.99,4.18,301.07
2024-06-07,21.50,79.25,308.54,1.16,300.19
2024-06-07,21.50,79.50,310.95,0.98,299.66
2024-06-07,21.50,79.75,310.89,3.28,299.48
2024-06-07,21.75,78.75,,2.99,299.97
2024-06-07,21.75,79.00,307.39,3.49,300.04
2024-06-07,21.75,79.25,309.28,1.67,300.66
2024-06-07,21.75,79.50,309.00,0.63,299.75
2024-06-07,21.75,79.75,306.24,2.23,299.18
2024-06-08,20.75,78.75,309.15,2.79,299.18
2024-06-08,20.75,79.00,308.25,1.38,299.37
2024-06-08,20.75,79.25,307.24,0.79,299.37
2024-06-08,20.75,79.50,306.05,1.53,299.21
2024-06-08,20.75,79.75,307.15,1.21,300.58
2024-06-08,21.00,78.75,308.22,0.75,300.24
2024-06-08,21.00,79.00,305.50,8.83,299.88
2024-06-08,21.00,79.25,307.18,2.04,300.68
2024-06-08,21.00,79.50,307.49,1.26,299.95
2024-06-08,21.00,79.75,307.80,1.83,299.92
2024-06-08,21.25,78.75,306.05,1.91,299.43
2024-06-08,21.25,79.00,308.32,0.98,300.10
2024-06-08,21.25,79.25,309.22,4.65,299.63
2024-06-08,21.25,79.50,306.43,1.09,300.17
2024-06-08,21.25,79.75,309.13,1.85,300.69
2024-06-08,21.50,78.75,308.09,2.23,300.53
2024-06-08,21.50,79.00,309.17,1.82,299.88
2024-06-08,21.50,79.25,309.53,3.96,299.86
2024-06-08,21.50,79.50,307.03,9.30,299.31
2024-06-08,21.50,79.75,303.72,0.58,300.55
2024-06-08,21.75,78.75,306.93,8.45,299.77
2024-06-08,21.75,79.00,307.25,2.16,299.33
2024-06-08,21.75,79.25,307.17,1.36,299.74
2024-06-08,21.75,79.50,306.68,1.00,300.41
2024-06-08,21.75,79.75,307.00,1.47,299.62
2024-06-09,20.75,78.75,308.81,1.56,299.95
2024-06-09,20.75,79.00,308.68,4.10,299.95
2024-06-09,20.75,79.25,304.93,4.65,300.18
2024-06-09,20.75,79.50,306.53,4.68,300.42
2024-06-09,20.75,79.75,305.54,3.19,301.04
2024-06-09,21.00,78.75,,1.27,299.67
2024-06-09,21.00,79.00,308.21,1.02,300.38
2024-06-09,21.00,79.25,309.68,3.58,
2024-06-09,21.00,79.50,307.43,1.06,300.09
2024-06-09,21.00,79.75,310.64,1.35,299.49
2024-06-09,21.25,78.75,,1.85,299.95
2024-06-09,21.25,79.00,306.91,,300.38
2024-06-09,21.25,79.25,306.71,1.47,300.69
2024-06-09,21.25,79.50,310.60,2.31,299.49
2024-06-09,21.25,79.75,307.33,1.60,299.83
2024-06-09,21.50,78.75,309.85,1.01,300.72
2024-06-09,21.50,79.00,309.62,5.84,300.50
2024-06-09,21.50,79.25,306.95,1.02,299.71
2024-06-09,21.50,79.50,303.42,2.81,299.73
2024-06-09,21.50,79.75,305.85,1.72,299.67
2024-06-09,21.75,78.75,307.94,4.13,300.05
2024-06-09,21.75,79.00,306.46,1.08,299.49
2024-06-09,21.75,79.25,306.21,1.70,300.10
2024-06-09,21.75,79.50,305.36,3.46,300.34
2024-06-09,21.75,79.75,306.07,3.62,299.90
2024-06-10,20.75,78.75,307.99,3.10,300.19
2024-06-10,20.75,79.00,307.06,0.85,300.41
2024-06-10,20.75,79.25,309.41,2.47,298.20
2024-06-10,20.75,79.50,306.70,1.76,299.95
2024-06-10,20.75,79.75,307.33,2.27,299.09
2024-06-10,21.00,78.75,307.06,0.94,299.54
2024-06-10,21.00,79.00,309.77,1.00,299.86
2024-06-10,21.00,79.25,309.13,1.39,300.53
2024-06-10,21.00,79.50,305.77,4.56,300.89
2024-06-10,21.00,79.75,306.35,2.94,300.44
2024-06-10,21.25,78.75,307.08,1.78,300.31
2024-06-10,21.25,79.00,308.85,2.10,299.85
2024-06-10,21.25,79.25,306.17,3.64,299.06
2024-06-10,21.25,79.50,306.17,5.66,300.66
2024-06-10,21.25,79.75,308.84,4.46,300.00
2024-06-10,21.50,78.75,305.72,0.77,300.12
2024-06-10,21.50,79.00,307.76,0.78,300.77
2024-06-10,21.50,79.25,305.52,1.55,300.44
2024-06-10,21.50,79.50,306.36,2.27,
2024-06-10,21.50,79.75,308.95,12.08,300.14
2024-06-10,21.75,78.75,308.14,2.19,299.51
2024-06-10,21.75,79.00,306.30,1.39,
2024-06-10,21.75,79.25,306.11,0.79,299.86
2024-06-10,21.75,79.50,310.80,0.98,300.20
2024-06-10,21.75,79.75,308.96,1.85,
2024-06-11,20.75,78.75,308.21,2.10,300.13
2024-06-11,20.75,79.00,308.81,1.81,300.75
2024-06-11,20.75,79.25,307.96,2.07,
2024-06-11,20.75,79.50,307.65,2.52,299.67
2024-06-11,20.75,79.75,307.77,2.72,
2024-06-11,21.00,78.75,309.78,11.93,300.30
2024-06-11,21.00,79.00,306.96,3.72,299.44
2024-06-11,21.00,79.25,307.35,2.39,298.96
2024-06-11,21.00,79.50,308.12,3.53,300.59
2024-06-11,21.00,79.75,307.25,1.43,299.72
2024-06-11,21.25,78.75,309.74,1.48,300.40
2024-06-11,21.25,79.00,307.89,3.01,299.67
2024-06-11,21.25,79.25,310.20,5.43,300.57
2024-06-11,21.25,79.50,309.46,6.15,300.27
2024-06-11,21.25,79.75,307.92,1.73,299.84
2024-06-11,21.50,78.75,307.44,1.25,300.06
2024-06-11,21.50,79.00,305.14,0.64,300.16
2024-06-11,21.50,79.25,307.67,1.95,300.03
2024-06-11,21.50,79.50,307.45,0.74,300.20
2024-06-11,21.50,79.75,309.06,1.80,300.06
2024-06-11,21.75,78.75,310.01,1.86,299.53
2024-06-11,21.75,79.00,305.73,1.45,299.99
2024-06-11,21.75,79.25,308.28,2.55,300.11
2024-06-11,21.75,79.50,305.95,4.41,299.67
2024-06-11,21.75,79.75,308.04,1.07,299.96
2024-06-12,20.75,78.75,307.55,3.30,299.20
2024-06-12,20.75,79.00,305.97,3.27,300.47
2024-06-12,20.75,79.25,309.36,2.82,
2024-06-12,20.75,79.50,307.39,3.83,300.10
2024-06-12,20.75,79.75,307.36,4.15,298.80
2024-06-12,21.00,78.75,308.55,1.12,299.76
2024-06-12,21.00,79.00,305.89,0.88,300.24
2024-06-12,21.00,79.25,307.79,1.71,299.82
2024-06-12,21.00,79.50,306.84,1.52,299.76
2024-06-12,21.00,79.75,307.62,0.92,300.21
2024-06-12,21.25,78.75,309.61,2.73,299.96
2024-06-12,21.25,79.00,305.87,2.27,299.67
2024-06-12,21.25,79.25,307.37,1.21,299.66
2024-06-12,21.25,79.50,308.22,2.44,300.48
2024-06-12,21.25,79.75,307.81,1.25,299.51
2024-06-12,21.50,78.75,305.05,1.58,299.67
2024-06-12,21.50,79.00,305.11,7.46,300.10
2024-06-12,21.50,79.25,,6.44,298.98
2024-06-12,21.50,79.50,307.72,2.76,299.15
2024-06-12,21.50,79.75,306.81,3.65,299.77
2024-06-12,21.75,78.75,306.95,1.30,299.55
2024-06-12,21.75,79.00,308.70,1.23,300.70
2024-06-12,21.75,79.25,308.41,7.06,300.05
2024-06-12,21.75,79.50,309.03,2.27,300.24
2024-06-12,21.75,79.75,307.43,2.53,300.80
2024-06-13,20.75,78.75,307.91,1.84,300.35
2024-06-13,20.75,79.00,305.92,1.15,300.08
2024-06-13,20.75,79.25,306.88,0.82,299.54
2024-06-13,20.75,79.50,310.17,1.99,299.87
2024-06-13,20.75,79.75,307.99,0.91,
2024-06-13,21.00,78.75,305.15,1.70,300.84
2024-06-13,21.00,79.00,307.96,2.11,300.64
2024-06-13,21.00,79.25,308.94,1.44,299.41
2024-06-13,21.00,79.50,312.18,5.48,300.54
2024-06-13,21.00,79.75,306.16,7.84,299.86
2024-06-13,21.25,78.75,307.93,1.10,300.14
2024-06-13,21.25,79.00,305.10,1.56,299.31
2024-06-13,21.25,79.25,308.22,3.79,
2024-06-13,21.25,79.50,308.26,2.44,300.18
2024-06-13,21.25,79.75,309.62,0.82,299.45
2024-06-13,21.50,78.75,306.09,2.35,299.81
2024-06-13,21.50,79.00,306.98,1.24,300.10
2024-06-13,21.50,79.25,306.08,2.37,299.80
2024-06-13,21.50,79.50,309.55,1.31,299.86
2024-06-13,21.50,79.75,307.32,2.52,300.40
2024-06-13,21.75,78.75,306.18,0.97,299.28
2024-06-13,21.75,79.00,306.29,2.49,299.85
2024-06-13,21.75,79.25,307.97,0.88,300.28
2024-06-13,21.75,79.50,310.14,2.63,301.59
2024-06-13,21.75,79.75,310.49,0.91,299.85
2024-06-14,20.75,78.75,309.97,0.88,299.99
2024-06-14,20.75,79.00,307.87,4.84,299.31
2024-06-14,20.75,79.25,308.94,4.73,299.41
2024-06-14,20.75,79.50,309.10,5.10,300.19
2024-06-14,20.75,79.75,308.18,2.31,299.82
2024-06-14,21.00,78.75,306.70,1.06,298.72
2024-06-14,21.00,79.00,308.25,4.98,300.11
2024-06-14,21.00,79.25,307.22,3.45,299.35
2024-06-14,21.00,79.50,309.22,1.99,300.50
2024-06-14,21.00,79.75,308.82,1.44,300.81
2024-06-14,21.25,78.75,306.77,3.05,299.44
2024-06-14,21.25,79.00,308.70,3.00,300.09
2024-06-14,21.25,79.25,308.63,2.97,300.62
2024-06-14,21.25,79.50,308.44,7.37,
2024-06-14,21.25,79.75,308.12,2.60,301.29
2024-06-14,21.50,78.75,307.40,4.73,300.47
2024-06-14,21.50,79.00,304.87,3.71,300.26
2024-06-14,21.50,79.25,305.47,16.22,299.65
2024-06-14,21.50,79.50,308.91,2.20,298.97
2024-06-14,21.50,79.75,308.56,0.97,300.28
2024-06-14,21.75,78.75,307.44,1.00,300.15
2024-06-14,21.75,79.00,308.24,1.12,299.93
2024-06-14,21.75,79.25,310.36,12.30,300.87
2024-06-14,21.75,79.50,308.82,5.52,299.90
2024-06-14,21.75,79.75,307.36,3.70,300.20
2024-06-15,20.75,78.75,307.10,1.55,299.54
2024-06-15,20.75,79.00,309.38,2.15,300.53
2024-06-15,20.75,79.25,307.87,4.51,300.25
2024-06-15,20.75,79.50,306.01,4.23,299.48
2024-06-15,20.75,79.75,305.65,2.73,298.94
2024-06-15,21.00,78.75,309.56,2.94,299.62
2024-06-15,21.00,79.00,309.93,2.04,299.96
2024-06-15,21.00,79.25,306.09,,299.22
2024-06-15,21.00,79.50,307.49,2.48,300.50
2024-06-15,21.00,79.75,308.36,1.08,299.51
2024-06-15,21.25,78.75,308.26,1.14,300.13
2024-06-15,21.25,79.00,305.10,0.84,300.58
2024-06-15,21.25,79.25,310.07,1.12,300.26
2024-06-15,21.25,79.50,307.13,2.24,300.28
2024-06-15,21.25,79.75,306.64,7.23,300.00
2024-06-15,21.50,78.75,307.84,7.73,299.95
2024-06-15,21.50,79.00,311.13,6.10,299.82
2024-06-15,21.50,79.25,307.48,3.10,300.21
2024-06-15,21.50,79.50,308.14,6.11,300.29
2024-06-15,21.50,79.75,308.18,6.57,299.98
2024-06-15,21.75,78.75,308.50,1.38,299.60
2024-06-15,21.75,79.00,305.56,5.30,300.77
2024-06-15,21.75,79.25,,5.80,299.63
2024-06-15,21.75,79.50,306.93,7.19,300.42
2024-06-15,21.75,79.75,307.53,4.37,300.39
2024-06-16,20.75,78.75,307.16,2.83,299.87
2024-06-16,20.75,79.00,309.62,1.31,299.71
2024-06-16,20.75,79.25,307.63,1.80,300.83
2024-06-16,20.75,79.50,308.54,2.05,300.35
2024-06-16,20.75,79.75,310.46,5.38,300.35
2024-06-16,21.00,78.75,310.03,1.60,300.08
2024-06-16,21.00,79.00,310.47,1.09,299.79
2024-06-16,21.00,79.25,307.34,2.13,300.58
2024-06-16,21.00,79.50,311.39,1.42,299.80
2024-06-16,21.00,79.75,305.99,1.03,299.85
2024-06-16,21.25,78.75,305.77,1.84,300.81
2024-06-16,21.25,79.00,309.18,2.73,300.09
2024-06-16,21.25,79.25,308.99,2.14,299.25
2024-06-16,21.25,79.50,307.55,3.13,300.31
2024-06-16,21.25,79.75,309.91,1.72,299.60
2024-06-16,21.50,78.75,306.70,6.28,299.63
2024-06-16,21.50,79.00,308.54,2.31,300.75
2024-06-16,21.50,79.25,306.23,1.63,300.22
2024-06-16,21.50,79.50,308.42,4.75,300.20
2024-06-16,21.50,79.75,305.87,1.38,299.37
2024-06-16,21.75,78.75,307.77,1.27,299.90
2024-06-16,21.75,79.00,305.89,2.26,299.50
2024-06-16,21.75,79.25,307.18,3.25,300.16
2024-06-16,21.75,79.50,309.04,1.40,299.78
2024-06-16,21.75,79.75,308.37,2.25,299.97
2024-06-17,20.75,78.75,307.18,3.00,300.08
2024-06-17,20.75,79.00,307.61,1.84,299.78
2024-06-17,20.75,79.25,307.16,1.56,299.62
2024-06-17,20.75,79.50,306.24,4.43,300.29
2024-06-17,20.75,79.75,306.62,1.83,300.95
2024-06-17,21.00,78.75,306.98,3.48,300.06
2024-06-17,21.00,79.00,,1.90,300.41
2024-06-17,21.00,79.25,309.71,4.43,299.69
2024-06-17,21.00,79.50,308.86,3.05,300.31
2024-06-17,21.00,79.75,307.93,1.09,299.59
2024-06-17,21.25,78.75,305.82,7.59,299.58
2024-06-17,21.25,79.00,306.07,3.88,299.89
2024-06-17,21.25,79.25,307.25,2.51,300.31
2024-06-17,21.25,79.50,307.61,3.22,299.99
2024-06-17,21.25,79.75,309.01,2.78,299.91
2024-06-17,21.50,78.75,310.91,2.11,299.56
2024-06-17,21.50,79.00,305.81,3.29,299.44
2024-06-17,21.50,79.25,308.06,8.45,299.65
2024-06-17,21.50,79.50,309.35,5.67,
2024-06-17,21.50,79.75,312.01,1.81,299.85
2024-06-17,21.75,78.75,309.58,,299.79
2024-06-17,21.75,79.00,310.01,1.44,300.19
2024-06-17,21.75,79.25,,2.13,299.83
2024-06-17,21.75,79.50,,1.91,300.19
2024-06-17,21.75,79.75,307.88,3.14,300.21
2024-06-18,20.75,78.75,307.95,1.30,299.61
2024-06-18,20.75,79.00,308.99,3.03,299.49
2024-06-18,20.75,79.25,305.18,1.41,299.79
2024-06-18,20.75,79.50,306.82,2.42,300.80
2024-06-18,20.75,79.75,307.73,2.17,299.43
2024-06-18,21.00,78.75,308.48,5.67,301.14
2024-06-18,21.00,79.00,309.56,1.18,299.85
2024-06-18,21.00,79.25,307.21,7.67,299.71
2024-06-18,21.00,79.50,309.15,2.20,299.95
2024-06-18,21.00,79.75,310.19,7.03,299.63
2024-06-18,21.25,78.75,306.86,4.80,301.04
2024-06-18,21.25,79.00,307.76,1.88,300.11
2024-06-18,21.25,79.25,307.46,1.36,301.08
2024-06-18,21.25,79.50,307.76,8.80,299.47
2024-06-18,21.25,79.75,,2.75,299.73
2024-06-18,21.50,78.75,307.79,2.99,300.87
2024-06-18,21.50,79.00,309.53,5.03,299.84
2024-06-18,21.50,79.25,,2.11,299.86
2024-06-18,21.50,79.50,307.42,7.08,299.76
2024-06-18,21.50,79.75,306.62,1.57,299.95
2024-06-18,21.75,78.75,307.01,3.74,299.92
2024-06-18,21.75,79.00,309.53,11.17,299.93
2024-06-18,21.75,79.25,306.10,2.92,299.94
2024-06-18,21.75,79.50,305.92,4.27,300.10
2024-06-18,21.75,79.75,309.15,1.77,300.67
2024-06-19,20.75,78.75,305.90,1.91,299.18
2024-06-19,20.75,79.00,307.75,1.60,299.42
2024-06-19,20.75,79.25,306.25,2.66,299.66
2024-06-19,20.75,79.50,304.20,1.64,300.19
2024-06-19,20.75,79.75,307.87,1.33,299.40
2024-06-19,21.00,78.75,308.22,1.59,299.72
2024-06-19,21.00,79.00,306.33,2.42,301.25
2024-06-19,21.00,79.25,304.98,2.91,300.41
2024-06-19,21.00,79.50,305.02,1.08,
2024-06-19,21.00,79.75,308.18,1.26,298.83
2024-06-19,21.25,78.75,308.78,1.26,299.95
2024-06-19,21.25,79.00,311.66,1.61,300.76
2024-06-19,21.25,79.25,306.75,2.40,300.03
2024-06-19,21.25,79.50,307.59,4.90,300.55
2024-06-19,21.25,79.75,307.60,5.07,299.74
2024-06-19,21.50,78.75,308.49,1.46,300.03
2024-06-19,21.50,79.00,307.27,3.44,300.55
2024-06-19,21.50,79.25,306.10,2.31,300.16
2024-06-19,21.50,79.50,309.03,1.12,300.88
2024-06-19,21.50,79.75,308.73,7.33,299.48
2024-06-19,21.75,78.75,307.73,1.52,300.79
2024-06-19,21.75,79.00,307.86,3.06,
2024-06-19,21.75,79.25,311.13,1.46,300.07
2024-06-19,21.75,79.50,306.62,2.71,300.62
2024-06-19,21.75,79.75,308.90,1.94,300.17
2024-06-20,20.75,78.75,310.31,7.65,300.16
2024-06-20,20.75,79.00,307.99,1.50,300.23
2024-06-20,20.75,79.25,308.63,4.44,300.12
2024-06-20,20.75,79.50,306.77,1.70,299.06
2024-06-20,20.75,79.75,310.50,1.22,299.70
2024-06-20,21.00,78.75,310.38,4.72,300.47
2024-06-20,21.00,79.00,305.75,1.79,300.42
2024-06-20,21.00,79.25,308.52,1.22,299.53
2024-06-20,21.00,79.50,308.72,1.27,300.03
2024-06-20,21.00,79.75,307.52,1.36,300.30
2024-06-20,21.25,78.75,305.71,4.66,299.46
2024-06-20,21.25,79.00,310.54,1.52,300.05
2024-06-20,21.25,79.25,307.58,3.98,300.00
2024-06-20,21.25,79.50,306.86,7.43,299.98
2024-06-20,21.25,79.75,308.38,2.08,299.50
2024-06-20,21.50,78.75,308.88,1.64,
2024-06-20,21.50,79.00,309.72,4.15,299.01
2024-06-20,21.50,79.25,,1.16,300.41
2024-06-20,21.50,79.50,309.32,5.86,300.04
2024-06-20,21.50,79.75,306.31,1.50,300.80
2024-06-20,21.75,78.75,308.32,2.65,299.74
2024-06-20,21.75,79.00,303.86,2.02,300.28
2024-06-20,21.75,79.25,307.79,2.37,300.91
2024-06-20,21.75,79.50,306.91,2.04,299.87
2024-06-20,21.75,79.75,308.33,1.32,299.85
2024-06-21,20.75,78.75,309.37,4.02,299.81
2024-06-21,20.75,79.00,307.82,3.76,300.30
2024-06-21,20.75,79.25,308.81,1.72,300.35
2024-06-21,20.75,79.50,308.20,2.55,301.11
2024-06-21,20.75,79.75,305.37,1.17,299.73
2024-06-21,21.00,78.75,306.22,5.33,299.76
2024-06-21,21.00,79.00,306.58,1.67,299.30
2024-06-21,21.00,79.25,305.52,2.41,300.22
2024-06-21,21.00,79.50,305.78,2.05,300.11
2024-06-21,21.00,79.75,308.65,3.57,299.90
2024-06-21,21.25,78.75,309.34,2.32,300.14
2024-06-21,21.25,79.00,307.67,1.58,300.34
2024-06-21,21.25,79.25,304.63,2.23,300.62
2024-06-21,21.25,79.50,309.58,8.10,300.30
2024-06-21,21.25,79.75,308.08,2.66,299.40
2024-06-21,21.50,78.75,308.30,2.86,300.34
2024-06-21,21.50,79.00,308.30,2.41,300.12
2024-06-21,21.50,79.25,308.69,2.94,300.55
2024-06-21,21.50,79.50,309.25,1.66,300.20
2024-06-21,21.50,79.75,310.69,2.01,300.39
2024-06-21,21.75,78.75,306.81,4.23,299.55
2024-06-21,21.75,79.00,307.56,2.11,299.66
2024-06-21,21.75,79.25,307.08,4.35,299.96
2024-06-21,21.75,79.50,307.92,2.29,300.70
2024-06-21,21.75,79.75,309.12,2.62,299.01
2024-06-22,20.75,78.75,307.33,2.05,299.05
2024-06-22,20.75,79.00,304.89,8.37,300.23
2024-06-22,20.75,79.25,307.36,3.13,299.19
2024-06-22,20.75,79.50,307.24,3.27,299.74
2024-06-22,20.75,79.75,305.94,4.78,300.82
2024-06-22,21.00,78.75,306.98,4.41,300.16
2024-06-22,21.00,79.00,306.27,2.64,300.30
2024-06-22,21.00,79.25,306.63,2.18,299.73
2024-06-22,21.00,79.50,305.68,2.21,299.72
2024-06-22,21.00,79.75,310.28,1.58,299.36
2024-06-22,21.25,78.75,310.66,2.19,299.96
2024-06-22,21.25,79.00,307.08,2.33,
2024-06-22,21.25,79.25,308.37,3.43,
2024-06-22,21.25,79.50,308.02,1.58,299.96
2024-06-22,21.25,79.75,308.87,3.59,300.53
2024-06-22,21.50,78.75,312.47,3.52,299.46
2024-06-22,21.50,79.00,308.33,2.32,301.46
2024-06-22,21.50,79.25,306.09,3.95,300.06
2024-06-22,21.50,79.50,305.69,1.58,300.02
2024-06-22,21.50,79.75,306.54,2.59,300.28
2024-06-22,21.75,78.75,306.46,1.43,300.40
2024-06-22,21.75,79.00,309.23,2.11,299.44
2024-06-22,21.75,79.25,307.69,2.77,300.61
2024-06-22,21.75,79.50,307.15,3.86,300.42
2024-06-22,21.75,79.75,308.53,2.77,301.03
2024-06-23,20.75,78.75,308.96,7.03,300.25
2024-06-23,20.75,79.00,307.24,1.63,300.96
2024-06-23,20.75,79.25,308.88,2.31,
2024-06-23,20.75,79.50,307.38,2.93,300.50
2024-06-23,20.75,79.75,,8.75,300.38
2024-06-23,21.00,78.75,307.69,2.51,300.06
2024-06-23,21.00,79.00,308.61,1.60,300.15
2024-06-23,21.00,79.25,309.07,1.69,300.01
2024-06-23,21.00,79.50,305.97,2.15,299.90
2024-06-23,21.00,79.75,308.11,1.69,299.88
2024-06-23,21.25,78.75,308.46,2.37,300.14
2024-06-23,21.25,79.00,308.28,2.28,300.07
2024-06-23,21.25,79.25,305.96,1.70,300.57
2024-06-23,21.25,79.50,306.07,2.37,300.35
2024-06-23,21.25,79.75,307.67,2.71,299.32
2024-06-23,21.50,78.75,308.58,4.53,300.05
2024-06-23,21.50,79.00,307.60,2.61,299.47
2024-06-23,21.50,79.25,307.36,2.97,300.65
2024-06-23,21.50,79.50,310.06,6.29,300.42
2024-06-23,21.50,79.75,309.44,2.03,300.11
2024-06-23,21.75,78.75,310.05,1.92,299.77
2024-06-23,21.75,79.00,309.13,2.61,300.45
2024-06-23,21.75,79.25,307.53,2.78,299.85
2024-06-23,21.75,79.50,307.63,4.38,300.03
2024-06-23,21.75,79.75,310.22,1.57,299.80
2024-06-24,20.75,78.75,306.87,2.20,300.76
2024-06-24,20.75,79.00,306.84,1.30,298.96
2024-06-24,20.75,79.25,311.02,2.47,300.00
2024-06-24,20.75,79.50,308.26,4.45,300.73
2024-06-24,20.75,79.75,311.15,3.31,299.83
2024-06-24,21.00,78.75,308.08,6.45,300.45
2024-06-24,21.00,79.00,309.29,2.90,299.15
2024-06-24,21.00,79.25,308.54,2.26,299.22
2024-06-24,21.00,79.50,306.35,1.87,299.73
2024-06-24,21.00,79.75,304.17,3.03,299.97
2024-06-24,21.25,78.75,308.35,1.83,300.42
2024-06-24,21.25,79.00,309.31,5.52,300.04
2024-06-24,21.25,79.25,305.87,3.27,299.32
2024-06-24,21.25,79.50,306.41,5.46,300.16
2024-06-24,21.25,79.75,309.80,4.31,299.52
2024-06-24,21.50,78.75,308.81,4.09,300.75
2024-06-24,21.50,79.00,309.74,1.91,300.50
2024-06-24,21.50,79.25,306.60,1.92,
2024-06-24,21.50,79.50,305.64,2.14,300.46
2024-06-24,21.50,79.75,307.28,2.13,299.96
2024-06-24,21.75,78.75,304.15,4.20,300.07
2024-06-24,21.75,79.00,307.68,2.16,300.03
2024-06-24,21.75,79.25,306.51,2.04,299.48
2024-06-24,21.75,79.50,306.30,6.94,299.88
2024-06-24,21.75,79.75,306.70,1.70,300.54
2024-06-25,20.75,78.75,309.76,4.74,299.36
2024-06-25,20.75,79.00,307.86,2.61,300.12
2024-06-25,20.75,79.25,310.51,4.65,299.71
2024-06-25,20.75,79.50,309.07,3.59,299.48
2024-06-25,20.75,79.75,307.55,4.25,299.36
2024-06-25,21.00,78.75,309.89,3.61,300.19
2024-06-25,21.00,79.00,305.71,2.24,299.35
2024-06-25,21.00,79.25,310.86,1.45,299.12
2024-06-25,21.00,79.50,307.21,5.51,300.73
2024-06-25,21.00,79.75,307.57,2.84,299.76
2024-06-25,21.25,78.75,306.79,3.61,299.49
2024-06-25,21.25,79.00,308.61,3.96,300.85
2024-06-25,21.25,79.25,309.05,7.14,300.16
2024-06-25,21.25,79.50,307.90,1.62,299.47
2024-06-25,21.25,79.75,307.49,2.01,299.36
2024-06-25,21.50,78.75,308.59,1.85,300.33
2024-06-25,21.50,79.00,306.71,7.10,299.57
2024-06-25,21.50,79.25,305.68,3.20,298.99
2024-06-25,21.50,79.50,309.37,2.97,299.84
2024-06-25,21.50,79.75,308.96,3.21,299.82
2024-06-25,21.75,78.75,308.97,2.48,300.23
2024-06-25,21.75,79.00,304.74,3.53,300.51
2024-06-25,21.75,79.25,307.98,2.34,299.92
2024-06-25,21.75,79.50,308.72,3.31,300.01
2024-06-25,21.75,79.75,311.08,1.50,299.40
2024-06-26,20.75,78.75,308.57,3.83,300.24
2024-06-26,20.75,79.00,308.90,1.55,300.71
2024-06-26,20.75,79.25,,3.78,299.35
2024-06-26,20.75,79.50,306.91,2.15,300.44
2024-06-26,20.75,79.75,310.05,7.48,299.63
2024-06-26,21.00,78.75,305.44,2.51,299.21
2024-06-26,21.00,79.00,308.04,2.87,299.98
2024-06-26,21.00,79.25,310.32,1.39,299.51
2024-06-26,21.00,79.50,308.20,3.97,300.47
2024-06-26,21.00,79.75,307.53,5.13,300.16
2024-06-26,21.25,78.75,310.98,3.00,299.56
2024-06-26,21.25,79.00,308.05,1.56,299.11
2024-06-26,21.25,79.25,306.06,1.59,299.05
2024-06-26,21.25,79.50,308.11,5.41,299.32
2024-06-26,21.25,79.75,305.37,2.22,300.06
2024-06-26,21.50,78.75,308.51,1.74,299.99
2024-06-26,21.50,79.00,307.82,1.93,300.17
2024-06-26,21.50,79.25,309.25,,299.44
2024-06-26,21.50,79.50,307.47,2.14,300.37
2024-06-26,21.50,79.75,307.47,2.37,299.77
2024-06-26,21.75,78.75,307.58,2.60,300.05
2024-06-26,21.75,79.00,306.78,1.41,299.56
2024-06-26,21.75,79.25,308.46,3.48,300.02
2024-06-26,21.75,79.50,308.84,2.35,299.92
2024-06-26,21.75,79.75,308.59,2.75,300.69
2024-06-27,20.75,78.75,308.40,4.84,300.14
2024-06-27,20.75,79.00,305.35,3.29,300.06
2024-06-27,20.75,79.25,305.44,2.82,300.08
2024-06-27,20.75,79.50,307.36,6.39,300.02
2024-06-27,20.75,79.75,310.00,,
2024-06-27,21.00,78.75,305.86,2.63,300.42
2024-06-27,21.00,79.00,307.99,3.20,300.22
2024-06-27,21.00,79.25,306.66,5.03,300.52
2024-06-27,21.00,79.50,305.36,3.23,299.65
2024-06-27,21.00,79.75,306.77,1.50,300.70
2024-06-27,21.25,78.75,304.25,9.24,300.10
2024-06-27,21.25,79.00,308.47,4.46,299.73
2024-06-27,21.25,79.25,307.97,1.91,300.08
2024-06-27,21.25,79.50,308.68,2.38,299.96
2024-06-27,21.25,79.75,307.92,2.21,300.34
2024-06-27,21.50,78.75,306.46,1.93,299.84
2024-06-27,21.50,79.00,309.81,1.67,299.69
2024-06-27,21.50,79.25,307.91,4.81,300.02
2024-06-27,21.50,79.50,307.99,2.34,300.13
2024-06-27,21.50,79.75,306.55,2.40,299.36
2024-06-27,21.75,78.75,308.56,5.62,300.79
2024-06-27,21.75,79.00,308.70,2.56,300.24
2024-06-27,21.75,79.25,307.69,5.94,299.73
2024-06-27,21.75,79.50,308.10,6.95,299.20
2024-06-27,21.75,79.75,307.91,3.93,299.33
2024-06-28,20.75,78.75,305.29,3.96,300.89
2024-06-28,20.75,79.00,309.53,5.75,299.86
2024-06-28,20.75,79.25,310.25,6.50,301.02
2024-06-28,20.75,79.50,308.37,2.63,300.69
2024-06-28,20.75,79.75,305.22,3.61,300.08
2024-06-28,21.00,78.75,304.71,7.48,299.84
2024-06-28,21.00,79.00,305.87,4.67,299.94
2024-06-28,21.00,79.25,309.17,4.16,299.61
2024-06-28,21.00,79.50,306.35,3.00,300.72
2024-06-28,21.00,79.75,308.04,9.74,299.43
2024-06-28,21.25,78.75,306.79,2.86,300.30
2024-06-28,21.25,79.00,305.91,2.37,300.73
2024-06-28,21.25,79.25,309.10,6.60,300.14
2024-06-28,21.25,79.50,,3.10,300.09
2024-06-28,21.25,79.75,306.14,3.45,299.36
2024-06-28,21.50,78.75,307.01,2.75,299.82
2024-06-28,21.50,79.00,308.19,3.64,299.84
2024-06-28,21.50,79.25,307.05,3.66,300.24
2024-06-28,21.50,79.50,308.25,1.80,299.71
2024-06-28,21.50,79.75,309.53,2.48,299.57
2024-06-28,21.75,78.75,306.59,5.76,301.63
2024-06-28,21.75,79.00,306.50,5.82,301.54
2024-06-28,21.75,79.25,309.13,7.07,298.86
2024-06-28,21.75,79.50,308.02,3.30,300.33
2024-06-28,21.75,79.75,310.36,2.51,
2024-06-29,20.75,78.75,309.65,6.35,300.71
2024-06-29,20.75,79.00,304.93,3.63,300.20
2024-06-29,20.75,79.25,310.20,4.57,300.11
2024-06-29,20.75,79.50,308.12,2.48,300.13
2024-06-29,20.75,79.75,305.21,2.95,299.85
2024-06-29,21.00,78.75,305.56,2.14,300.40
2024-06-29,21.00,79.00,306.79,4.96,299.67
2024-06-29,21.00,79.25,306.32,4.95,300.34
2024-06-29,21.00,79.50,307.31,2.33,300.35
2024-06-29,21.00,79.75,308.42,3.96,299.50
2024-06-29,21.25,78.75,310.57,9.35,299.41
2024-06-29,21.25,79.00,306.97,3.89,300.00
2024-06-29,21.25,79.25,306.48,2.22,300.25
2024-06-29,21.25,79.50,307.09,2.54,299.83
2024-06-29,21.25,79.75,308.74,2.25,300.17
2024-06-29,21.50,78.75,306.82,25.62,300.51
2024-06-29,21.50,79.00,306.39,3.00,299.57
2024-06-29,21.50,79.25,310.57,2.37,299.99
2024-06-29,21.50,79.50,308.36,3.05,300.97
2024-06-29,21.50,79.75,308.28,2.47,299.66
2024-06-29,21.75,78.75,307.67,6.91,299.53
2024-06-29,21.75,79.00,308.81,5.22,300.26
2024-06-29,21.75,79.25,308.81,3.02,299.80
2024-06-29,21.75,79.50,305.88,1.91,298.95
2024-06-29,21.75,79.75,308.78,2.44,300.45
2024-06-30,20.75,78.75,307.39,3.76,299.83
2024-06-30,20.75,79.00,307.80,6.67,299.34
2024-06-30,20.75,79.25,309.55,3.07,300.22
2024-06-30,20.75,79.50,308.60,1.83,300.96
2024-06-30,20.75,79.75,307.64,4.23,299.21
2024-06-30,21.00,78.75,306.40,2.42,300.48
2024-06-30,21.00,79.00,308.91,2.25,300.05
2024-06-30,21.00,79.25,304.82,7.62,300.46
2024-06-30,21.00,79.50,309.18,3.21,299.33
2024-06-30,21.00,79.75,308.05,1.68,300.19
2024-06-30,21.25,78.75,308.09,6.19,299.52
2024-06-30,21.25,79.00,306.81,1.95,300.23
2024-06-30,21.25,79.25,306.68,1.78,300.03
2024-06-30,21.25,79.50,307.17,7.00,299.71
2024-06-30,21.25,79.75,306.79,3.41,299.57
2024-06-30,21.50,78.75,309.73,2.42,299.95
2024-06-30,21.50,79.00,306.10,3.04,300.68
2024-06-30,21.50,79.25,308.87,6.31,299.96
2024-06-30,21.50,79.50,309.66,6.68,
2024-06-30,21.50,79.75,307.13,2.64,300.47
2024-06-30,21.75,78.75,306.31,4.02,300.27
2024-06-30,21.75,79.00,308.13,4.43,299.82
2024-06-30,21.75,79.25,308.18,1.57,299.74
2024-06-30,21.75,79.50,308.21,2.19,300.19
2024-06-30,21.75,79.75,306.50,1.75,
2024-07-01,20.75,78.75,306.97,2.82,300.91
2024-07-01,20.75,79.00,310.09,2.32,299.51
2024-07-01,20.75,79.25,308.67,4.07,299.70
2024-07-01,20.75,79.50,308.11,2.50,300.26
2024-07-01,20.75,79.75,305.88,2.01,300.28
2024-07-01,21.00,78.75,307.95,6.23,
2024-07-01,21.00,79.00,307.29,1.59,298.91
2024-07-01,21.00,79.25,307.18,4.68,299.84
2024-07-01,21.00,79.50,306.75,5.21,300.21
2024-07-01,21.00,79.75,308.88,7.22,300.24
2024-07-01,21.25,78.75,305.98,4.18,299.53
2024-07-01,21.25,79.00,308.15,3.50,299.57
2024-07-01,21.25,79.25,306.29,3.29,300.62
2024-07-01,21.25,79.50,,3.12,300.45
2024-07-01,21.25,79.75,306.83,3.61,300.40
2024-07-01,21.50,78.75,306.85,3.61,299.64
2024-07-01,21.50,79.00,307.95,4.98,299.99
2024-07-01,21.50,79.25,308.53,4.51,300.54
2024-07-01,21.50,79.50,307.68,2.11,299.80
2024-07-01,21.50,79.75,307.35,3.03,299.70
2024-07-01,21.75,78.75,305.94,5.72,300.17
2024-07-01,21.75,79.00,308.84,4.31,300.46
2024-07-01,21.75,79.25,308.98,2.25,299.50
2024-07-01,21.75,79.50,307.40,4.97,300.19
2024-07-01,21.75,79.75,308.46,2.75,300.05
2024-07-02,20.75,78.75,305.97,1.69,300.55
2024-07-02,20.75,79.00,310.18,5.17,299.36
2024-07-02,20.75,79.25,307.82,2.87,299.13
2024-07-02,20.75,79.50,307.72,5.81,299.90
2024-07-02,20.75,79.75,308.56,2.85,300.09
2024-07-02,21.00,78.75,308.29,3.41,299.82
2024-07-02,21.00,79.00,308.78,2.91,299.67
2024-07-02,21.00,79.25,310.53,9.80,300.03
2024-07-02,21.00,79.50,307.73,5.11,299.94
2024-07-02,21.00,79.75,311.19,5.16,300.57
2024-07-02,21.25,78.75,310.13,2.72,300.24
2024-07-02,21.25,79.00,308.10,5.65,300.93
2024-07-02,21.25,79.25,306.94,3.65,299.97
2024-07-02,21.25,79.50,309.83,2.36,300.63
2024-07-02,21.25,79.75,307.78,5.06,300.55
2024-07-02,21.50,78.75,308.93,5.05,299.95
2024-07-02,21.50,79.00,307.15,2.74,300.37
2024-07-02,21.50,79.25,306.65,8.70,300.45
2024-07-02,21.50,79.50,308.92,5.65,299.96
2024-07-02,21.50,79.75,307.39,5.48,300.16
2024-07-02,21.75,78.75,307.40,2.36,299.39
2024-07-02,21.75,79.00,308.05,8.66,300.71
2024-07-02,21.75,79.25,307.31,2.46,299.66
2024-07-02,21.75,79.50,308.33,2.98,300.50
2024-07-02,21.75,79.75,310.75,5.08,299.32
2024-07-03,20.75,78.75,306.62,2.38,299.81
2024-07-03,20.75,79.00,306.61,2.01,299.55
2024-07-03,20.75,79.25,306.23,5.97,300.26
2024-07-03,20.75,79.50,310.23,5.93,299.67
2024-07-03,20.75,79.75,305.79,1.77,299.61
2024-07-03,21.00,78.75,309.47,1.73,299.93
2024-07-03,21.00,79.00,308.16,4.52,300.93
2024-07-03,21.00,79.25,307.42,3.59,299.53
2024-07-03,21.00,79.50,,6.28,299.22
2024-07-03,21.00,79.75,307.69,7.59,300.75
2024-07-03,21.25,78.75,308.06,2.21,300.19
2024-07-03,21.25,79.00,308.95,2.90,299.90
2024-07-03,21.25,79.25,,2.83,300.23
2024-07-03,21.25,79.50,306.24,5.38,300.76
2024-07-03,21.25,79.75,307.12,1.78,299.60
2024-07-03,21.50,78.75,307.71,3.91,299.99
2024-07-03,21.50,79.00,308.53,2.54,300.76
2024-07-03,21.50,79.25,308.97,3.43,299.53
2024-07-03,21.50,79.50,308.36,2.13,298.75
2024-07-03,21.50,79.75,308.03,4.49,300.58
2024-07-03,21.75,78.75,307.71,2.26,300.42
2024-07-03,21.75,79.00,309.64,,299.34
2024-07-03,21.75,79.25,309.39,4.14,299.87
2024-07-03,21.75,79.50,308.95,3.69,300.28
2024-07-03,21.75,79.75,308.80,5.30,299.80
2024-07-04,20.75,78.75,309.42,2.02,300.51
2024-07-04,20.75,79.00,309.17,3.73,299.65
2024-07-04,20.75,79.25,308.52,3.03,300.60
2024-07-04,20.75,79.50,306.98,2.28,300.46
2024-07-04,20.75,79.75,308.95,1.77,300.49
2024-07-04,21.00,78.75,305.91,1.91,299.24
2024-07-04,21.00,79.00,307.11,4.79,300.04
2024-07-04,21.00,79.25,310.32,2.46,300.03
2024-07-04,21.00,79.50,308.72,2.15,300.22
2024-07-04,21.00,79.75,309.95,2.59,300.76
2024-07-04,21.25,78.75,308.83,2.08,299.68
2024-07-04,21.25,79.00,307.02,2.61,300.16
2024-07-04,21.25,79.25,309.22,2.75,300.02
2024-07-04,21.25,79.50,310.82,2.84,300.82
2024-07-04,21.25,79.75,309.17,3.88,299.91
2024-07-04,21.50,78.75,306.47,2.04,300.53
2024-07-04,21.50,79.00,306.04,3.02,300.17
2024-07-04,21.50,79.25,307.49,4.19,300.49
2024-07-04,21.50,79.50,308.75,1.69,300.16
2024-07-04,21.50,79.75,311.13,3.84,299.78
2024-07-04,21.75,78.75,309.03,7.75,300.17
2024-07-04,21.75,79.00,307.64,6.37,299.93
2024-07-04,21.75,79.25,307.42,2.91,299.68
2024-07-04,21.75,79.50,309.03,5.80,299.59
2024-07-04,21.75,79.75,305.74,1.94,300.14
2024-07-05,20.75,78.75,307.31,3.30,299.34
2024-07-05,20.75,79.00,305.81,2.53,299.52
2024-07-05,20.75,79.25,306.02,3.68,300.15
2024-07-05,20.75,79.50,306.68,2.40,298.86
2024-07-05,20.75,79.75,308.97,2.74,300.75
2024-07-05,21.00,78.75,308.74,3.75,300.80
2024-07-05,21.00,79.00,308.53,4.60,300.01
2024-07-05,21.00,79.25,306.68,4.34,301.01
2024-07-05,21.00,79.50,308.14,3.61,299.77
2024-07-05,21.00,79.75,308.57,2.84,299.18
2024-07-05,21.25,78.75,307.09,4.28,299.77
2024-07-05,21.25,79.00,309.69,3.22,300.02
2024-07-05,21.25,79.25,311.07,6.20,300.49
2024-07-05,21.25,79.50,305.71,5.71,299.52
2024-07-05,21.25,79.75,310.46,2.65,299.90
2024-07-05,21.50,78.75,308.85,3.89,299.61
2024-07-05,21.50,79.00,306.67,3.09,300.74
2024-07-05,21.50,79.25,307.62,2.29,300.87
2024-07-05,21.50,79.50,308.76,4.75,299.76
2024-07-05,21.50,79.75,307.71,2.82,300.32
2024-07-05,21.75,78.75,308.99,7.37,299.44
2024-07-05,21.75,79.00,308.13,7.25,300.44
2024-07-05,21.75,79.25,305.34,2.03,299.46
2024-07-05,21.75,79.50,305.48,2.72,300.60
2024-07-05,21.75,79.75,306.54,2.12,300.20
2024-07-06,20.75,78.75,,1.83,299.62
2024-07-06,20.75,79.00,307.84,7.22,300.75
2024-07-06,20.75,79.25,308.46,3.07,301.28
2024-07-06,20.75,79.50,308.23,4.81,299.72
2024-07-06,20.75,79.75,306.53,4.80,300.33
2024-07-06,21.00,78.75,306.72,,299.77
2024-07-06,21.00,79.00,309.16,5.43,299.93
2024-07-06,21.00,79.25,308.03,3.52,300.03
2024-07-06,21.00,79.50,307.86,1.96,300.75
2024-07-06,21.00,79.75,308.98,14.77,299.19
2024-07-06,21.25,78.75,307.52,6.01,300.34
2024-07-06,21.25,79.00,307.45,2.36,299.76
2024-07-06,21.25,79.25,310.00,3.91,300.06
2024-07-06,21.25,79.50,310.12,4.34,299.51
2024-07-06,21.25,79.75,306.04,2.18,300.09
2024-07-06,21.50,78.75,308.31,2.17,300.73
2024-07-06,21.50,79.00,304.57,2.00,298.88
2024-07-06,21.50,79.25,307.58,2.31,300.10
2024-07-06,21.50,79.50,308.91,4.17,299.11
2024-07-06,21.50,79.75,306.99,2.25,299.56
2024-07-06,21.75,78.75,305.61,2.10,300.25
2024-07-06,21.75,79.00,305.92,1.75,299.46
2024-07-06,21.75,79.25,307.57,2.73,301.01
2024-07-06,21.75,79.50,310.41,3.19,300.03
2024-07-06,21.75,79.75,307.98,2.26,299.64
2024-07-07,20.75,78.75,307.36,2.78,299.60
2024-07-07,20.75,79.00,307.23,1.95,300.47
2024-07-07,20.75,79.25,305.69,3.88,300.18
2024-07-07,20.75,79.50,308.29,3.99,300.30
2024-07-07,20.75,79.75,307.86,1.78,300.17
2024-07-07,21.00,78.75,309.80,7.78,
2024-07-07,21.00,79.00,309.28,4.27,300.24
2024-07-07,21.00,79.25,307.09,2.63,300.31
2024-07-07,21.00,79.50,306.10,1.82,300.15
2024-07-07,21.00,79.75,308.02,2.57,299.89
2024-07-07,21.25,78.75,306.23,2.39,299.51
2024-07-07,21.25,79.00,307.47,4.98,299.87
2024-07-07,21.25,79.25,309.86,4.41,300.09
2024-07-07,21.25,79.50,306.85,2.78,300.15
2024-07-07,21.25,79.75,303.99,2.26,299.91
2024-07-07,21.50,78.75,308.56,2.08,300.90
2024-07-07,21.50,79.00,311.48,5.10,299.57
2024-07-07,21.50,79.25,308.34,9.25,300.00
2024-07-07,21.50,79.50,308.66,9.34,300.51
2024-07-07,21.50,79.75,307.05,3.26,300.63
2024-07-07,21.75,78.75,307.45,2.06,299.17
2024-07-07,21.75,79.00,308.44,10.97,300.88
2024-07-07,21.75,79.25,305.76,6.54,299.77
2024-07-07,21.75,79.50,308.76,2.32,299.62
2024-07-07,21.75,79.75,308.38,3.05,299.71
2024-07-08,20.75,78.75,308.69,3.83,299.53
2024-07-08,20.75,79.00,306.94,3.30,300.25
2024-07-08,20.75,79.25,307.84,5.12,300.52
2024-07-08,20.75,79.50,312.19,3.56,300.15
2024-07-08,20.75,79.75,310.46,2.03,300.72
2024-07-08,21.00,78.75,307.24,1.87,299.39
2024-07-08,21.00,79.00,306.64,3.12,298.42
2024-07-08,21.00,79.25,304.77,4.44,301.04
2024-07-08,21.00,79.50,306.23,3.88,300.18
2024-07-08,21.00,79.75,305.99,4.43,299.41
2024-07-08,21.25,78.75,306.32,2.92,300.83
2024-07-08,21.25,79.00,304.91,2.79,
2024-07-08,21.25,79.25,311.34,3.29,299.23
2024-07-08,21.25,79.50,310.36,3.55,298.93
2024-07-08,21.25,79.75,309.52,3.77,299.76
2024-07-08,21.50,78.75,304.81,1.91,300.08
2024-07-08,21.50,79.00,306.79,1.87,299.83
2024-07-08,21.50,79.25,305.97,4.87,300.00
2024-07-08,21.50,79.50,307.73,2.03,300.15
2024-07-08,21.50,79.75,309.04,,300.29
2024-07-08,21.75,78.75,310.00,2.90,
2024-07-08,21.75,79.00,305.90,9.70,300.30
2024-07-08,21.75,79.25,308.29,3.61,300.30
2024-07-08,21.75,79.50,307.04,6.13,300.40
2024-07-08,21.75,79.75,305.05,2.74,
2024-07-09,20.75,78.75,308.13,3.84,299.23
2024-07-09,20.75,79.00,307.92,3.01,299.58
2024-07-09,20.75,79.25,307.35,2.49,300.13
2024-07-09,20.75,79.50,308.27,6.66,300.45
2024-07-09,20.75,79.75,307.20,2.39,299.82
2024-07-09,21.00,78.75,307.18,3.25,300.81
2024-07-09,21.00,79.00,308.79,2.27,300.76
2024-07-09,21.00,79.25,307.51,5.98,300.73
2024-07-09,21.00,79.50,306.78,2.93,300.23
2024-07-09,21.00,79.75,307.07,6.33,300.29
2024-07-09,21.25,78.75,306.98,2.44,300.27
2024-07-09,21.25,79.00,305.60,2.90,299.58
2024-07-09,21.25,79.25,309.51,2.52,300.32
2024-07-09,21.25,79.50,306.43,4.13,
2024-07-09,21.25,79.75,307.75,3.29,
2024-07-09,21.50,78.75,304.29,5.93,300.31
2024-07-09,21.50,79.00,308.12,4.74,300.54
2024-07-09,21.50,79.25,306.87,4.67,300.41
2024-07-09,21.50,79.50,307.71,,300.31
2024-07-09,21.50,79.75,307.89,5.72,300.52
2024-07-09,21.75,78.75,308.57,4.10,300.49
2024-07-09,21.75,79.00,308.11,2.38,300.27
2024-07-09,21.75,79.25,305.78,2.29,300.63
2024-07-09,21.75,79.50,309.48,6.09,300.47
2024-07-09,21.75,79.75,307.13,3.17,300.28
2024-07-10,20.75,78.75,308.27,7.92,301.15
2024-07-10,20.75,79.00,306.30,2.78,299.75
2024-07-10,20.75,79.25,307.77,4.14,299.34
2024-07-10,20.75,79.50,309.47,4.74,300.33
2024-07-10,20.75,79.75,309.60,4.99,300.05
2024-07-10,21.00,78.75,308.16,4.17,300.81
2024-07-10,21.00,79.00,308.40,5.19,
2024-07-10,21.00,79.25,307.04,5.38,299.42
2024-07-10,21.00,79.50,308.36,2.58,299.93
2024-07-10,21.00,79.75,307.14,1.87,300.24
2024-07-10,21.25,78.75,307.00,6.50,299.88
2024-07-10,21.25,79.00,309.05,7.83,300.34
2024-07-10,21.25,79.25,304.94,6.23,300.31
2024-07-10,21.25,79.50,305.68,2.69,299.74
2024-07-10,21.25,79.75,308.11,5.04,300.81
2024-07-10,21.50,78.75,305.96,4.70,300.51
2024-07-10,21.50,79.00,307.84,3.55,299.43
2024-07-10,21.50,79.25,307.51,2.03,299.79
2024-07-10,21.50,79.50,308.32,6.80,299.18
2024-07-10,21.50,79.75,307.92,3.24,300.41
2024-07-10,21.75,78.75,310.06,1.98,300.56
2024-07-10,21.75,79.00,308.07,2.63,299.65
2024-07-10,21.75,79.25,306.59,3.54,300.48
2024-07-10,21.75,79.50,308.81,5.30,300.87
2024-07-10,21.75,79.75,308.45,3.95,300.31
2024-07-11,20.75,78.75,304.09,2.55,300.56
2024-07-11,20.75,79.00,307.24,2.82,300.46
2024-07-11,20.75,79.25,,7.19,300.94
2024-07-11,20.75,79.50,306.28,2.41,299.99
2024-07-11,20.75,79.75,307.32,3.35,299.58
2024-07-11,21.00,78.75,309.47,5.49,299.29
2024-07-11,21.00,79.00,306.67,2.57,299.95
2024-07-11,21.00,79.25,304.45,2.58,301.10
2024-07-11,21.00,79.50,306.84,4.43,299.75
2024-07-11,21.00,79.75,308.43,2.73,300.74
2024-07-11,21.25,78.75,307.54,4.08,300.02
2024-07-11,21.25,79.00,304.75,9.74,301.19
2024-07-11,21.25,79.25,308.81,2.12,299.51
2024-07-11,21.25,79.50,305.11,2.33,300.11
2024-07-11,21.25,79.75,306.64,3.97,299.97
2024-07-11,21.50,78.75,306.33,4.34,299.62
2024-07-11,21.50,79.00,307.33,7.50,
2024-07-11,21.50,79.25,307.78,4.70,300.08
2024-07-11,21.50,79.50,306.91,4.07,300.74
2024-07-11,21.50,79.75,307.45,3.10,299.70
2024-07-11,21.75,78.75,309.00,2.55,300.78
2024-07-11,21.75,79.00,307.24,2.32,
2024-07-11,21.75,79.25,304.86,5.13,299.51
2024-07-11,21.75,79.50,306.74,2.50,299.66
2024-07-11,21.75,79.75,306.84,2.81,300.55
2024-07-12,20.75,78.75,309.35,2.05,299.35
2024-07-12,20.75,79.00,307.03,6.04,299.54
2024-07-12,20.75,79.25,305.54,7.11,300.79
2024-07-12,20.75,79.50,308.44,4.59,300.11
2024-07-12,20.75,79.75,306.60,5.41,299.56
2024-07-12,21.00,78.75,308.37,2.14,
2024-07-12,21.00,79.00,306.03,2.01,299.63
2024-07-12,21.00,79.25,307.63,6.89,298.71
2024-07-12,21.00,79.50,309.23,7.79,300.12
2024-07-12,21.00,79.75,306.82,2.72,301.04
2024-07-12,21.25,78.75,309.14,2.85,300.34
2024-07-12,21.25,79.00,311.80,3.54,300.45
2024-07-12,21.25,79.25,304.89,3.56,300.32
2024-07-12,21.25,79.50,309.41,3.16,300.86
2024-07-12,21.25,79.75,306.60,6.38,300.38
2024-07-12,21.50,78.75,306.96,8.16,300.16
2024-07-12,21.50,79.00,308.39,1.91,300.03
2024-07-12,21.50,79.25,308.08,2.95,300.32
2024-07-12,21.50,79.50,310.29,3.53,299.63
2024-07-12,21.50,79.75,308.49,2.94,299.70
2024-07-12,21.75,78.75,308.69,6.33,299.79
2024-07-12,21.75,79.00,307.96,3.71,300.31
2024-07-12,21.75,79.25,306.22,2.04,300.32
2024-07-12,21.75,79.50,307.73,,300.33
2024-07-12,21.75,79.75,305.42,2.74,299.87
2024-07-13,20.75,78.75,310.02,5.38,300.07
2024-07-13,20.75,79.00,307.34,3.87,300.63
2024-07-13,20.75,79.25,307.23,2.09,300.20
2024-07-13,20.75,79.50,306.68,2.27,299.43
2024-07-13,20.75,79.75,309.36,4.17,300.22
2024-07-13,21.00,78.75,305.82,3.73,300.05
2024-07-13,21.00,79.00,306.55,2.58,300.12
2024-07-13,21.00,79.25,309.27,1.93,
2024-07-13,21.00,79.50,307.79,5.74,300.01
2024-07-13,21.00,79.75,309.85,3.52,300.56
2024-07-13,21.25,78.75,306.73,3.12,299.93
2024-07-13,21.25,79.00,310.13,3.75,299.09
2024-07-13,21.25,79.25,306.67,4.13,300.52
2024-07-13,21.25,79.50,309.35,2.39,300.02
2024-07-13,21.25,79.75,306.98,5.55,299.41
2024-07-13,21.50,78.75,306.65,2.13,299.84
2024-07-13,21.50,79.00,307.60,2.54,299.39
2024-07-13,21.50,79.25,307.53,3.41,299.56
2024-07-13,21.50,79.50,306.64,2.06,300.05
2024-07-13,21.50,79.75,309.78,5.27,300.29
2024-07-13,21.75,78.75,304.22,2.53,300.63
2024-07-13,21.75,79.00,306.53,1.99,300.36
2024-07-13,21.75,79.25,306.25,2.74,300.67
2024-07-13,21.75,79.50,310.24,3.37,299.59
2024-07-13,21.75,79.75,306.23,2.05,300.22
2024-07-14,20.75,78.75,308.07,2.26,299.64
2024-07-14,20.75,79.00,307.86,4.14,300.22
2024-07-14,20.75,79.25,306.57,2.27,299.43
2024-07-14,20.75,79.50,307.05,5.64,300.66
2024-07-14,20.75,79.75,309.91,3.98,300.41
2024-07-14,21.00,78.75,307.25,2.29,300.14
2024-07-14,21.00,79.00,310.39,2.09,300.06
2024-07-14,21.00,79.25,307.75,3.48,300.69
2024-07-14,21.00,79.50,308.24,1.95,299.28
2024-07-14,21.00,79.75,306.64,2.40,300.04
2024-07-14,21.25,78.75,306.56,3.16,300.37
2024-07-14,21.25,79.00,306.56,2.72,298.95
2024-07-14,21.25,79.25,308.87,3.66,299.76
2024-07-14,21.25,79.50,306.52,1.99,299.07
2024-07-14,21.25,79.75,309.37,9.31,299.99
2024-07-14,21.50,78.75,306.43,2.71,299.41
2024-07-14,21.50,79.00,308.48,7.23,299.93
2024-07-14,21.50,79.25,306.44,3.61,299.68
2024-07-14,21.50,79.50,307.04,2.06,299.60
2024-07-14,21.50,79.75,307.92,2.09,299.78
2024-07-14,21.75,78.75,307.32,2.15,300.02
2024-07-14,21.75,79.00,308.12,3.01,299.94
2024-07-14,21.75,79.25,307.71,2.14,300.51
2024-07-14,21.75,79.50,306.38,2.56,299.53
2024-07-14,21.75,79.75,307.81,2.25,300.23
2024-07-15,20.75,78.75,307.09,9.52,300.26
2024-07-15,20.75,79.00,308.38,4.25,299.88
2024-07-15,20.75,79.25,306.84,3.78,300.73
2024-07-15,20.75,79.50,305.39,2.75,300.63
2024-07-15,20.75,79.75,305.45,3.40,300.65
2024-07-15,21.00,78.75,307.58,6.00,300.89
2024-07-15,21.00,79.00,308.66,7.36,299.52
2024-07-15,21.00,79.25,309.41,1.97,299.45
2024-07-15,21.00,79.50,306.29,5.07,300.19
2024-07-15,21.00,79.75,307.85,6.70,300.48
2024-07-15,21.25,78.75,305.29,4.24,300.79
2024-07-15,21.25,79.00,307.16,3.34,299.70
2024-07-15,21.25,79.25,308.24,7.00,300.37
2024-07-15,21.25,79.50,307.27,3.69,299.64
2024-07-15,21.25,79.75,307.16,4.79,
2024-07-15,21.50,78.75,307.47,7.58,299.98
2024-07-15,21.50,79.00,308.27,2.06,
2024-07-15,21.50,79.25,,2.03,299.24
2024-07-15,21.50,79.50,308.07,2.46,300.09
2024-07-15,21.50,79.75,308.19,5.55,
2024-07-15,21.75,78.75,311.07,3.21,
2024-07-15,21.75,79.00,307.13,2.73,300.74
2024-07-15,21.75,79.25,305.74,3.92,300.79
2024-07-15,21.75,79.50,306.80,3.91,301.22
2024-07-15,21.75,79.75,307.45,4.31,
2024-07-16,20.75,78.75,306.53,4.92,299.50
2024-07-16,20.75,79.00,307.86,2.81,
2024-07-16,20.75,79.25,305.46,4.05,300.31
2024-07-16,20.75,79.50,307.54,2.53,299.96
2024-07-16,20.75,79.75,307.04,2.47,
2024-07-16,21.00,78.75,307.08,5.05,300.46
2024-07-16,21.00,79.00,308.06,7.23,300.64
2024-07-16,21.00,79.25,309.45,5.09,300.69
2024-07-16,21.00,79.50,308.91,2.74,300.09
2024-07-16,21.00,79.75,307.44,2.15,300.51
2024-07-16,21.25,78.75,309.76,3.73,300.59
2024-07-16,21.25,79.00,306.98,2.69,300.46
2024-07-16,21.25,79.25,306.35,4.83,
2024-07-16,21.25,79.50,305.50,6.70,299.61
2024-07-16,21.25,79.75,308.50,3.47,299.86
2024-07-16,21.50,78.75,306.70,2.12,300.80
2024-07-16,21.50,79.00,309.42,5.38,301.04
2024-07-16,21.50,79.25,305.58,5.85,300.26
2024-07-16,21.50,79.50,308.45,3.75,300.41
2024-07-16,21.50,79.75,307.84,4.57,300.90
2024-07-16,21.75,78.75,309.27,6.20,300.36
2024-07-16,21.75,79.00,309.45,6.79,
2024-07-16,21.75,79.25,308.93,3.86,300.36
2024-07-16,21.75,79.50,306.36,2.28,300.52
2024-07-16,21.75,79.75,307.47,3.93,299.29
2024-07-17,20.75,78.75,307.27,4.42,300.75
2024-07-17,20.75,79.00,308.38,8.03,299.53
2024-07-17,20.75,79.25,307.33,3.68,300.68
2024-07-17,20.75,79.50,308.92,3.60,300.12
2024-07-17,20.75,79.75,307.30,2.52,300.02
2024-07-17,21.00,78.75,307.25,3.00,299.08
2024-07-17,21.00,79.00,306.49,2.58,299.83
2024-07-17,21.00,79.25,309.39,,300.08
2024-07-17,21.00,79.50,305.74,4.80,300.62
2024-07-17,21.00,79.75,306.70,3.93,300.45
2024-07-17,21.25,78.75,306.22,2.07,300.51
2024-07-17,21.25,79.00,307.96,2.50,300.19
2024-07-17,21.25,79.25,305.04,2.25,300.18
2024-07-17,21.25,79.50,308.02,5.28,300.29
2024-07-17,21.25,79.75,307.74,4.70,300.45
2024-07-17,21.50,78.75,305.21,2.63,299.52
2024-07-17,21.50,79.00,307.53,2.41,299.53
2024-07-17,21.50,79.25,308.25,1.99,300.27
2024-07-17,21.50,79.50,307.54,4.11,300.94
2024-07-17,21.50,79.75,309.73,2.42,300.07
2024-07-17,21.75,78.75,307.19,3.56,299.98
2024-07-17,21.75,79.00,306.59,2.39,300.18
2024-07-17,21.75,79.25,307.31,4.71,300.38
2024-07-17,21.75,79.50,309.63,6.60,300.23
2024-07-17,21.75,79.75,304.85,3.34,299.18
2024-07-18,20.75,78.75,307.48,3.97,299.37
2024-07-18,20.75,79.00,306.11,2.97,
2024-07-18,20.75,79.25,307.36,2.41,300.05
2024-07-18,20.75,79.50,306.97,3.21,299.74
2024-07-18,20.75,79.75,308.97,2.09,299.88
2024-07-18,21.00,78.75,308.32,2.05,300.57
2024-07-18,21.00,79.00,307.41,9.14,299.79
2024-07-18,21.00,79.25,309.27,3.55,298.61
2024-07-18,21.00,79.50,305.20,6.30,298.57
2024-07-18,21.00,79.75,307.53,3.88,301.37
2024-07-18,21.25,78.75,307.97,4.67,300.15
2024-07-18,21.25,79.00,307.61,4.29,299.28
2024-07-18,21.25,79.25,306.67,3.14,300.65
2024-07-18,21.25,79.50,305.02,2.59,299.86
2024-07-18,21.25,79.75,305.71,2.90,300.11
2024-07-18,21.50,78.75,307.66,4.54,300.88
2024-07-18,21.50,79.00,306.62,2.38,299.87
2024-07-18,21.50,79.25,306.23,5.67,299.78
2024-07-18,21.50,79.50,304.73,2.44,300.14
2024-07-18,21.50,79.75,307.05,3.16,299.48
2024-07-18,21.75,78.75,308.33,5.37,299.57
2024-07-18,21.75,79.00,307.06,4.88,300.27
2024-07-18,21.75,79.25,306.13,3.02,300.42
2024-07-18,21.75,79.50,308.79,4.53,299.89
2024-07-18,21.75,79.75,308.77,2.27,299.89
2024-07-19,20.75,78.75,307.25,3.60,300.47
2024-07-19,20.75,79.00,304.80,6.41,299.60
2024-07-19,20.75,79.25,307.36,2.62,299.89
2024-07-19,20.75,79.50,307.19,5.20,300.14
2024-07-19,20.75,79.75,309.00,3.84,299.98
2024-07-19,21.00,78.75,306.48,3.16,300.33
2024-07-19,21.00,79.00,307.62,2.40,299.15
2024-07-19,21.00,79.25,307.60,3.81,300.98
2024-07-19,21.00,79.50,307.27,3.66,301.18
2024-07-19,21.00,79.75,306.27,4.51,299.49
2024-07-19,21.25,78.75,304.50,2.75,300.24
2024-07-19,21.25,79.00,309.94,12.34,300.31
2024-07-19,21.25,79.25,308.03,2.22,300.22
2024-07-19,21.25,79.50,305.76,4.62,299.62
2024-07-19,21.25,79.75,306.36,3.18,299.94
2024-07-19,21.50,78.75,307.61,3.35,300.90
2024-07-19,21.50,79.00,306.35,3.72,299.59
2024-07-19,21.50,79.25,307.54,2.45,300.26
2024-07-19,21.50,79.50,307.10,3.55,300.06
2024-07-19,21.50,79.75,308.79,2.11,300.02
2024-07-19,21.75,78.75,306.67,7.18,299.37
2024-07-19,21.75,79.00,305.12,3.81,
2024-07-19,21.75,79.25,305.55,4.57,299.61
2024-07-19,21.75,79.50,307.07,4.11,300.68
2024-07-19,21.75,79.75,308.54,4.33,
2024-07-20,20.75,78.75,307.88,3.05,300.13
2024-07-20,20.75,79.00,308.53,2.27,300.15
2024-07-20,20.75,79.25,306.93,2.71,300.95
2024-07-20,20.75,79.50,307.94,7.07,300.34
2024-07-20,20.75,79.75,307.14,3.92,299.74
2024-07-20,21.00,78.75,306.17,4.57,300.38
2024-07-20,21.00,79.00,309.72,3.64,299.80
2024-07-20,21.00,79.25,306.98,2.03,299.78
2024-07-20,21.00,79.50,309.14,4.45,301.01
2024-07-20,21.00,79.75,,3.11,299.17
2024-07-20,21.25,78.75,305.93,2.24,299.91
2024-07-20,21.25,79.00,308.41,3.63,300.68
2024-07-20,21.25,79.25,306.78,5.40,299.76
2024-07-20,21.25,79.50,306.00,2.25,300.39
2024-07-20,21.25,79.75,306.73,2.70,300.09
2024-07-20,21.50,78.75,307.95,2.50,300.42
2024-07-20,21.50,79.00,309.57,5.83,300.27
2024-07-20,21.50,79.25,307.16,3.66,300.36
2024-07-20,21.50,79.50,308.63,3.09,299.90
2024-07-20,21.50,79.75,305.23,2.23,300.18
2024-07-20,21.75,78.75,307.12,2.53,299.89
2024-07-20,21.75,79.00,306.48,3.32,300.90
2024-07-20,21.75,79.25,310.21,2.43,301.16
2024-07-20,21.75,79.50,307.38,5.85,300.01
2024-07-20,21.75,79.75,306.94,2.81,299.42
2024-07-21,20.75,78.75,306.45,2.24,
2024-07-21,20.75,79.00,307.24,4.72,300.30
2024-07-21,20.75,79.25,306.73,7.46,299.50
2024-07-21,20.75,79.50,305.62,7.07,301.40
2024-07-21,20.75,79.75,307.27,2.98,299.69
2024-07-21,21.00,78.75,307.84,2.74,300.21
2024-07-21,21.00,79.00,308.26,2.66,300.19
2024-07-21,21.00,79.25,311.61,2.06,300.62
2024-07-21,21.00,79.50,306.01,6.51,301.28
2024-07-21,21.00,79.75,306.33,2.43,300.04
2024-07-21,21.25,78.75,307.31,2.46,300.03
2024-07-21,21.25,79.00,306.96,3.80,300.19
2024-07-21,21.25,79.25,304.97,2.33,300.17
2024-07-21,21.25,79.50,306.93,3.94,299.48
2024-07-21,21.25,79.75,306.32,3.35,299.62
2024-07-21,21.50,78.75,304.46,7.57,301.03
2024-07-21,21.50,79.00,304.93,3.37,300.08
2024-07-21,21.50,79.25,307.53,4.96,300.38
2024-07-21,21.50,79.50,306.33,2.00,300.02
2024-07-21,21.50,79.75,310.40,3.28,300.21
2024-07-21,21.75,78.75,306.10,6.39,299.01
2024-07-21,21.75,79.00,306.88,2.14,301.54
2024-07-21,21.75,79.25,309.45,2.65,299.49
2024-07-21,21.75,79.50,306.76,2.71,300.27
2024-07-21,21.75,79.75,305.77,2.20,300.39
2024-07-22,20.75,78.75,307.05,3.25,299.82
2024-07-22,20.75,79.00,308.49,4.32,300.08
2024-07-22,20.75,79.25,307.15,6.03,301.01
2024-07-22,20.75,79.50,305.55,2.53,300.30
2024-07-22,20.75,79.75,308.88,2.88,299.75
2024-07-22,21.00,78.75,309.60,2.16,300.00
2024-07-22,21.00,79.00,309.29,4.47,299.95
2024-07-22,21.00,79.25,305.85,5.78,299.33
2024-07-22,21.00,79.50,309.70,6.18,299.78
2024-07-22,21.00,79.75,303.13,7.80,299.57
2024-07-22,21.25,78.75,309.94,2.81,
2024-07-22,21.25,79.00,303.90,3.53,300.26
2024-07-22,21.25,79.25,307.14,2.79,300.92
2024-07-22,21.25,79.50,306.03,3.60,300.53
2024-07-22,21.25,79.75,304.61,2.28,300.08
2024-07-22,21.50,78.75,306.79,3.06,301.19
2024-07-22,21.50,79.00,307.15,4.14,299.93
2024-07-22,21.50,79.25,310.48,2.37,300.63
2024-07-22,21.50,79.50,,2.09,299.84
2024-07-22,21.50,79.75,305.89,3.56,300.82
2024-07-22,21.75,78.75,307.50,3.69,300.11
2024-07-22,21.75,79.00,308.23,2.17,299.77
2024-07-22,21.75,79.25,306.99,8.25,300.94
2024-07-22,21.75,79.50,307.93,2.01,300.30
2024-07-22,21.75,79.75,303.68,4.37,300.78
2024-07-23,20.75,78.75,307.13,3.84,300.25
2024-07-23,20.75,79.00,309.74,4.81,300.77
2024-07-23,20.75,79.25,306.02,3.93,
2024-07-23,20.75,79.50,308.68,7.80,299.88
2024-07-23,20.75,79.75,304.70,5.51,300.05
2024-07-23,21.00,78.75,306.82,2.23,300.60
2024-07-23,21.00,79.00,306.99,2.74,300.37
2024-07-23,21.00,79.25,307.03,2.71,300.03
2024-07-23,21.00,79.50,,5.32,299.91
2024-07-23,21.00,79.75,308.88,3.78,300.26
2024-07-23,21.25,78.75,306.68,3.00,300.66
2024-07-23,21.25,79.00,306.64,4.31,
2024-07-23,21.25,79.25,307.53,2.02,300.40
2024-07-23,21.25,79.50,306.82,3.13,300.24
2024-07-23,21.25,79.75,307.15,6.31,300.67
2024-07-23,21.50,78.75,308.33,5.84,300.22
2024-07-23,21.50,79.00,,2.48,
2024-07-23,21.50,79.25,303.74,3.78,299.97
2024-07-23,21.50,79.50,306.52,2.70,300.71
2024-07-23,21.50,79.75,306.20,6.31,299.54
2024-07-23,21.75,78.75,307.81,3.53,300.42
2024-07-23,21.75,79.00,308.26,3.86,299.91
2024-07-23,21.75,79.25,304.40,3.88,300.34
2024-07-23,21.75,79.50,,7.44,300.40
2024-07-23,21.75,79.75,303.80,6.52,300.13
2024-07-24,20.75,78.75,307.43,2.18,300.19
2024-07-24,20.75,79.00,307.68,2.87,300.14
2024-07-24,20.75,79.25,305.10,4.00,299.96
2024-07-24,20.75,79.50,305.79,2.95,300.69
2024-07-24,20.75,79.75,306.72,3.48,300.17
2024-07-24,21.00,78.75,307.76,2.31,300.47
2024-07-24,21.00,79.00,305.16,3.61,299.88
2024-07-24,21.00,79.25,305.86,3.10,300.42
2024-07-24,21.00,79.50,307.81,2.61,300.06
2024-07-24,21.00,79.75,303.55,4.03,299.54
2024-07-24,21.25,78.75,304.65,3.70,299.76
2024-07-24,21.25,79.00,304.95,3.54,300.31
2024-07-24,21.25,79.25,310.05,3.67,300.83
2024-07-24,21.25,79.50,306.37,4.10,300.67
2024-07-24,21.25,79.75,306.76,2.62,300.56
2024-07-24,21.50,78.75,308.67,2.19,300.56
2024-07-24,21.50,79.00,305.87,4.80,300.25
2024-07-24,21.50,79.25,304.86,7.11,299.86
2024-07-24,21.50,79.50,304.63,3.24,301.33
2024-07-24,21.50,79.75,308.56,2.05,300.61
2024-07-24,21.75,78.75,305.81,2.75,301.19
2024-07-24,21.75,79.00,306.89,2.08,299.69
2024-07-24,21.75,79.25,306.51,4.05,300.59
2024-07-24,21.75,79.50,307.60,2.64,
2024-07-24,21.75,79.75,306.80,3.35,300.67
2024-07-25,20.75,78.75,305.35,2.57,299.82
2024-07-25,20.75,79.00,306.58,3.21,300.16
2024-07-25,20.75,79.25,308.87,6.87,300.22
2024-07-25,20.75,79.50,303.35,4.66,300.01
2024-07-25,20.75,79.75,307.20,4.12,300.10
2024-07-25,21.00,78.75,306.30,5.04,300.34
2024-07-25,21.00,79.00,307.12,2.30,300.28
2024-07-25,21.00,79.25,305.50,2.04,
2024-07-25,21.00,79.50,304.41,6.67,300.33
2024-07-25,21.00,79.75,307.58,5.78,300.26
2024-07-25,21.25,78.75,305.26,8.24,299.40
2024-07-25,21.25,79.00,306.13,3.52,300.37
2024-07-25,21.25,79.25,304.49,2.57,299.77
2024-07-25,21.25,79.50,307.44,3.55,299.75
2024-07-25,21.25,79.75,307.97,4.63,300.43
2024-07-25,21.50,78.75,304.63,2.13,300.58
2024-07-25,21.50,79.00,307.58,2.65,300.49
2024-07-25,21.50,79.25,304.85,3.32,299.97
2024-07-25,21.50,79.50,,3.30,299.58
2024-07-25,21.50,79.75,307.58,7.71,300.24
2024-07-25,21.75,78.75,307.28,3.02,299.90
2024-07-25,21.75,79.00,304.88,4.47,300.47
2024-07-25,21.75,79.25,307.31,2.45,300.63
2024-07-25,21.75,79.50,309.68,5.27,300.13
2024-07-25,21.75,79.75,307.51,6.68,300.41
2024-07-26,20.75,78.75,307.98,2.78,300.56
2024-07-26,20.75,79.00,306.92,2.96,300.06
2024-07-26,20.75,79.25,307.50,2.78,301.01
2024-07-26,20.75,79.50,309.32,3.52,299.60
2024-07-26,20.75,79.75,304.76,5.23,299.93
2024-07-26,21.00,78.75,308.42,5.46,299.78
2024-07-26,21.00,79.00,306.47,2.14,300.67
2024-07-26,21.00,79.25,306.45,4.76,300.44
2024-07-26,21.00,79.50,,5.82,298.81
2024-07-26,21.00,79.75,308.22,6.43,300.11
2024-07-26,21.25,78.75,304.63,4.93,301.01
2024-07-26,21.25,79.00,307.30,3.01,300.07
2024-07-26,21.25,79.25,306.25,2.46,300.46
2024-07-26,21.25,79.50,307.94,4.20,300.74
2024-07-26,21.25,79.75,307.92,4.24,300.68
2024-07-26,21.50,78.75,308.09,3.72,301.17
2024-07-26,21.50,79.00,307.50,6.00,300.83
2024-07-26,21.50,79.25,305.36,3.85,300.47
2024-07-26,21.50,79.50,307.08,3.01,299.57
2024-07-26,21.50,79.75,307.70,6.90,300.09
2024-07-26,21.75,78.75,308.59,3.75,300.90
2024-07-26,21.75,79.00,306.54,3.05,300.03
2024-07-26,21.75,79.25,308.45,5.93,300.59
2024-07-26,21.75,79.50,304.77,5.04,300.39
2024-07-26,21.75,79.75,307.46,2.89,300.57
2024-07-27,20.75,78.75,308.97,2.63,300.08
2024-07-27,20.75,79.00,307.13,2.61,300.55
2024-07-27,20.75,79.25,,7.82,300.44
2024-07-27,20.75,79.50,306.80,2.03,300.11
2024-07-27,20.75,79.75,308.81,2.68,300.50
2024-07-27,21.00,78.75,306.94,3.39,300.38
2024-07-27,21.00,79.00,309.06,2.83,299.89
2024-07-27,21.00,79.25,309.35,2.52,300.25
2024-07-27,21.00,79.50,307.64,4.91,300.07
2024-07-27,21.00,79.75,309.79,3.38,300.46
2024-07-27,21.25,78.75,305.96,3.42,300.46
2024-07-27,21.25,79.00,306.84,2.09,299.89
2024-07-27,21.25,79.25,307.15,7.14,298.97
2024-07-27,21.25,79.50,306.58,3.80,300.97
2024-07-27,21.25,79.75,307.14,3.93,300.87
2024-07-27,21.50,78.75,307.29,3.09,300.41
2024-07-27,21.50,79.00,305.21,7.22,300.60
2024-07-27,21.50,79.25,306.98,2.75,300.31
2024-07-27,21.50,79.50,306.37,9.95,299.81
2024-07-27,21.50,79.75,306.56,9.76,300.96
2024-07-27,21.75,78.75,308.55,2.06,299.72
2024-07-27,21.75,79.00,309.30,3.84,299.63
2024-07-27,21.75,79.25,306.70,2.97,300.32
2024-07-27,21.75,79.50,307.84,2.68,299.80
2024-07-27,21.75,79.75,305.00,3.37,299.58
2024-07-28,20.75,78.75,309.41,5.63,300.44
2024-07-28,20.75,79.00,306.46,2.09,299.57
2024-07-28,20.75,79.25,304.69,2.21,300.08
2024-07-28,20.75,79.50,306.47,2.35,299.83
2024-07-28,20.75,79.75,307.36,5.87,301.13
2024-07-28,21.00,78.75,307.24,4.15,300.54
2024-07-28,21.00,79.00,307.25,7.83,299.37
2024-07-28,21.00,79.25,309.75,2.05,300.15
2024-07-28,21.00,79.50,305.49,3.91,298.81
2024-07-28,21.00,79.75,306.71,3.37,300.08
2024-07-28,21.25,78.75,311.20,4.86,300.61
2024-07-28,21.25,79.00,308.96,2.77,300.31
2024-07-28,21.25,79.25,306.82,3.67,301.16
2024-07-28,21.25,79.50,304.87,3.57,300.14
2024-07-28,21.25,79.75,306.90,2.39,299.80
2024-07-28,21.50,78.75,309.22,3.81,300.16
2024-07-28,21.50,79.00,305.96,2.99,300.05
2024-07-28,21.50,79.25,308.12,2.34,300.67
2024-07-28,21.50,79.50,307.77,3.87,299.78
2024-07-28,21.50,79.75,307.08,3.95,300.63
2024-07-28,21.75,78.75,307.95,2.71,300.68
2024-07-28,21.75,79.00,306.23,2.52,300.56
2024-07-28,21.75,79.25,304.72,3.99,300.38
2024-07-28,21.75,79.50,307.15,4.98,301.27
2024-07-28,21.75,79.75,309.81,2.12,299.24
2024-07-29,20.75,78.75,307.88,,299.65
2024-07-29,20.75,79.00,307.78,4.37,300.09
2024-07-29,20.75,79.25,305.55,4.56,299.79
2024-07-29,20.75,79.50,307.19,3.55,299.33
2024-07-29,20.75,79.75,308.02,2.37,300.83
2024-07-29,21.00,78.75,307.21,3.48,299.93
2024-07-29,21.00,79.00,308.25,4.07,301.59
2024-07-29,21.00,79.25,305.01,2.28,301.11
2024-07-29,21.00,79.50,306.58,6.21,299.51
2024-07-29,21.00,79.75,306.58,2.40,301.13
2024-07-29,21.25,78.75,305.23,11.72,299.81
2024-07-29,21.25,79.00,307.39,3.84,300.33
2024-07-29,21.25,79.25,305.67,2.67,300.94
2024-07-29,21.25,79.50,309.68,4.20,300.35
2024-07-29,21.25,79.75,305.93,4.68,300.64
2024-07-29,21.50,78.75,307.95,3.23,299.85
2024-07-29,21.50,79.00,308.82,6.22,300.29
2024-07-29,21.50,79.25,306.84,5.19,300.15
2024-07-29,21.50,79.50,309.32,2.47,301.42
2024-07-29,21.50,79.75,307.61,3.83,300.91
2024-07-29,21.75,78.75,306.00,4.01,299.89
2024-07-29,21.75,79.00,304.30,6.79,300.76
2024-07-29,21.75,79.25,306.49,2.31,299.33
2024-07-29,21.75,79.50,306.54,3.48,300.56
2024-07-29,21.75,79.75,306.28,3.68,300.25
2024-07-30,20.75,78.75,305.06,8.68,300.08
2024-07-30,20.75,79.00,305.88,3.34,300.34
2024-07-30,20.75,79.25,307.54,3.39,300.97
2024-07-30,20.75,79.50,302.96,2.97,299.57
2024-07-30,20.75,79.75,306.43,2.14,300.93
2024-07-30,21.00,78.75,304.38,2.84,298.99
2024-07-30,21.00,79.00,306.52,4.11,299.92
2024-07-30,21.00,79.25,308.20,4.02,300.88
2024-07-30,21.00,79.50,304.89,2.83,301.20
2024-07-30,21.00,79.75,302.41,2.03,300.21
2024-07-30,21.25,78.75,305.39,2.82,300.20
2024-07-30,21.25,79.00,303.30,2.58,299.90
2024-07-30,21.25,79.25,308.70,2.76,300.34
2024-07-30,21.25,79.50,305.78,2.42,301.75
2024-07-30,21.25,79.75,306.01,4.92,
2024-07-30,21.50,78.75,304.95,4.07,300.47
2024-07-30,21.50,79.00,306.72,2.26,300.17
2024-07-30,21.50,79.25,306.53,4.11,299.59
2024-07-30,21.50,79.50,306.17,4.63,299.37
2024-07-30,21.50,79.75,306.40,3.01,299.27
2024-07-30,21.75,78.75,306.63,2.14,300.70
2024-07-30,21.75,79.00,306.76,4.56,300.11
2024-07-30,21.75,79.25,307.50,6.51,300.32
2024-07-30,21.75,79.50,,2.86,300.57
2024-07-30,21.75,79.75,307.71,2.31,299.87
2024-07-31,20.75,78.75,306.01,2.37,300.66
2024-07-31,20.75,79.00,,2.34,
2024-07-31,20.75,79.25,306.94,4.14,300.33
2024-07-31,20.75,79.50,303.18,2.40,300.24
2024-07-31,20.75,79.75,310.23,2.31,300.22
2024-07-31,21.00,78.75,310.51,2.48,299.53
2024-07-31,21.00,79.00,304.16,2.59,300.21
2024-07-31,21.00,79.25,306.49,7.97,300.55
2024-07-31,21.00,79.50,304.31,2.00,300.24
2024-07-31,21.00,79.75,304.67,2.12,299.32
2024-07-31,21.25,78.75,306.41,2.16,300.51
2024-07-31,21.25,79.00,306.66,6.07,300.27
2024-07-31,21.25,79.25,305.73,6.23,300.29
2024-07-31,21.25,79.50,303.79,2.26,299.78
2024-07-31,21.25,79.75,309.44,3.59,301.37
2024-07-31,21.50,78.75,305.89,4.17,299.44
2024-07-31,21.50,79.00,,5.16,300.48
2024-07-31,21.50,79.25,305.92,3.28,300.72
2024-07-31,21.50,79.50,305.83,3.53,299.70
2024-07-31,21.50,79.75,307.31,2.44,300.48
2024-07-31,21.75,78.75,306.59,2.51,300.32
2024-07-31,21.75,79.00,306.17,2.43,300.48
2024-07-31,21.75,79.25,305.16,4.56,300.17
2024-07-31,21.75,79.50,304.86,2.64,299.83
2024-07-31,21.75,79.75,306.33,5.08,300.64
2024-08-01,20.75,78.75,306.10,7.47,301.11
2024-08-01,20.75,79.00,308.01,2.41,300.66
2024-08-01,20.75,79.25,309.57,7.25,301.00
2024-08-01,20.75,79.50,309.14,2.64,300.46
2024-08-01,20.75,79.75,307.58,3.99,300.00
2024-08-01,21.00,78.75,308.77,3.39,300.63
2024-08-01,21.00,79.00,306.39,4.79,301.14
2024-08-01,21.00,79.25,306.17,3.95,300.23
2024-08-01,21.00,79.50,,2.26,299.77
2024-08-01,21.00,79.75,306.70,4.50,300.31
2024-08-01,21.25,78.75,306.41,9.62,300.63
2024-08-01,21.25,79.00,308.18,4.15,299.78
2024-08-01,21.25,79.25,303.66,7.20,300.31
2024-08-01,21.25,79.50,307.02,3.07,300.22
2024-08-01,21.25,79.75,305.91,3.14,300.14
2024-08-01,21.50,78.75,305.53,4.78,300.15
2024-08-01,21.50,79.00,306.00,2.52,300.79
2024-08-01,21.50,79.25,308.87,2.72,300.24
2024-08-01,21.50,79.50,306.74,7.33,300.25
2024-08-01,21.50,79.75,304.44,3.18,300.41
2024-08-01,21.75,78.75,306.31,3.63,300.45
2024-08-01,21.75,79.00,310.78,4.58,300.15
2024-08-01,21.75,79.25,308.09,3.12,299.83
2024-08-01,21.75,79.50,307.50,3.77,300.20
2024-08-01,21.75,79.75,308.49,6.41,299.39
2024-08-02,20.75,78.75,304.11,2.21,299.55
2024-08-02,20.75,79.00,305.04,1.92,300.16
2024-08-02,20.75,79.25,307.54,3.05,300.46
2024-08-02,20.75,79.50,305.71,4.68,299.67
2024-08-02,20.75,79.75,306.89,5.23,300.19
2024-08-02,21.00,78.75,308.06,2.06,299.71
2024-08-02,21.00,79.00,306.04,6.37,300.53
2024-08-02,21.00,79.25,307.43,4.03,299.50
2024-08-02,21.00,79.50,306.34,2.08,300.12
2024-08-02,21.00,79.75,302.95,7.12,300.63
2024-08-02,21.25,78.75,305.94,2.68,300.46
2024-08-02,21.25,79.00,307.53,5.23,300.63
2024-08-02,21.25,79.25,305.54,6.01,300.39
2024-08-02,21.25,79.50,303.79,3.92,300.46
2024-08-02,21.25,79.75,306.44,2.10,300.61
2024-08-02,21.50,78.75,305.52,3.45,300.75
2024-08-02,21.50,79.00,308.27,2.80,299.81
2024-08-02,21.50,79.25,307.35,5.22,300.41
2024-08-02,21.50,79.50,304.38,3.81,301.23
2024-08-02,21.50,79.75,306.75,1.91,300.46
2024-08-02,21.75,78.75,307.31,1.98,300.87
2024-08-02,21.75,79.00,306.45,2.63,
2024-08-02,21.75,79.25,305.48,5.49,300.88
2024-08-02,21.75,79.50,306.64,3.20,300.81
2024-08-02,21.75,79.75,305.93,2.66,300.57
2024-08-03,20.75,78.75,305.08,4.73,300.32
2024-08-03,20.75,79.00,304.49,3.28,
2024-08-03,20.75,79.25,305.93,3.31,299.40
2024-08-03,20.75,79.50,303.64,4.53,300.36
2024-08-03,20.75,79.75,308.05,3.03,300.57
2024-08-03,21.00,78.75,304.79,2.14,299.72
2024-08-03,21.00,79.00,304.44,2.00,300.36
2024-08-03,21.00,79.25,308.57,5.79,299.91
2024-08-03,21.00,79.50,308.11,4.23,300.69
2024-08-03,21.00,79.75,,6.50,300.76
2024-08-03,21.25,78.75,308.24,3.00,300.38
2024-08-03,21.25,79.00,304.14,2.40,301.08
2024-08-03,21.25,79.25,307.22,3.57,301.16
2024-08-03,21.25,79.50,306.99,5.70,301.35
2024-08-03,21.25,79.75,307.91,2.92,300.71
2024-08-03,21.50,78.75,305.62,8.99,300.42
2024-08-03,21.50,79.00,303.72,2.31,300.00
2024-08-03,21.50,79.25,308.88,4.65,299.91
2024-08-03,21.50,79.50,305.98,4.04,299.59
2024-08-03,21.50,79.75,307.61,2.04,299.79
2024-08-03,21.75,78.75,306.09,3.54,299.93
2024-08-03,21.75,79.00,306.69,2.46,300.27
2024-08-03,21.75,79.25,307.50,4.26,301.30
2024-08-03,21.75,79.50,308.04,3.75,300.13
2024-08-03,21.75,79.75,307.92,2.61,299.13
2024-08-04,20.75,78.75,308.06,2.05,300.54
2024-08-04,20.75,79.00,305.71,5.54,300.34
2024-08-04,20.75,79.25,305.80,4.11,300.98
2024-08-04,20.75,79.50,308.02,2.30,300.28
2024-08-04,20.75,79.75,302.82,6.57,300.79
2024-08-04,21.00,78.75,306.09,2.74,
2024-08-04,21.00,79.00,304.09,3.83,300.48
2024-08-04,21.00,79.25,304.86,4.10,300.45
2024-08-04,21.00,79.50,308.76,2.36,300.12
2024-08-04,21.00,79.75,304.66,1.92,300.34
2024-08-04,21.25,78.75,303.93,2.64,300.31
2024-08-04,21.25,79.00,307.79,4.88,
2024-08-04,21.25,79.25,309.20,4.36,
2024-08-04,21.25,79.50,305.85,4.66,299.95
2024-08-04,21.25,79.75,,,301.41
2024-08-04,21.50,78.75,306.31,8.76,300.82
2024-08-04,21.50,79.00,307.46,4.46,300.48
2024-08-04,21.50,79.25,306.47,,300.04
2024-08-04,21.50,79.50,305.90,3.09,300.19
2024-08-04,21.50,79.75,306.99,9.94,300.59
2024-08-04,21.75,78.75,307.86,5.40,300.08
2024-08-04,21.75,79.00,307.08,3.49,300.47
2024-08-04,21.75,79.25,307.76,2.26,300.10
2024-08-04,21.75,79.50,307.77,7.53,300.77
2024-08-04,21.75,79.75,304.05,4.24,300.87
2024-08-05,20.75,78.75,304.57,2.89,300.21
2024-08-05,20.75,79.00,308.17,3.01,300.41
2024-08-05,20.75,79.25,302.33,3.36,300.74
2024-08-05,20.75,79.50,306.35,2.12,299.95
2024-08-05,20.75,79.75,306.90,2.97,300.05
2024-08-05,21.00,78.75,305.17,5.17,299.78
2024-08-05,21.00,79.00,302.07,4.89,300.61
2024-08-05,21.00,79.25,308.65,3.07,300.32
2024-08-05,21.00,79.50,306.01,4.87,300.74
2024-08-05,21.00,79.75,303.46,3.79,300.16
2024-08-05,21.25,78.75,307.79,2.70,299.83
2024-08-05,21.25,79.00,306.02,4.60,300.74
2024-08-05,21.25,79.25,305.50,2.64,300.12
2024-08-05,21.25,79.50,305.27,1.94,299.72
2024-08-05,21.25,79.75,306.05,7.42,299.51
2024-08-05,21.50,78.75,306.74,4.10,300.53
2024-08-05,21.50,79.00,304.94,5.19,299.87
2024-08-05,21.50,79.25,306.80,5.00,300.01
2024-08-05,21.50,79.50,305.56,2.83,300.47
2024-08-05,21.50,79.75,307.00,2.04,300.31
2024-08-05,21.75,78.75,307.41,4.17,299.87
2024-08-05,21.75,79.00,303.77,3.81,300.32
2024-08-05,21.75,79.25,302.61,3.23,299.11
2024-08-05,21.75,79.50,303.41,4.38,300.31
2024-08-05,21.75,79.75,304.61,5.09,300.90
2024-08-06,20.75,78.75,305.69,2.13,300.54
2024-08-06,20.75,79.00,305.77,3.97,300.54
2024-08-06,20.75,79.25,305.10,,300.54
2024-08-06,20.75,79.50,303.78,5.48,299.83
2024-08-06,20.75,79.75,305.55,1.92,300.55
2024-08-06,21.00,78.75,,1.90,300.53
2024-08-06,21.00,79.00,303.96,2.80,299.70
2024-08-06,21.00,79.25,306.04,1.92,299.84
2024-08-06,21.00,79.50,306.30,5.40,300.94
2024-08-06,21.00,79.75,303.63,2.50,300.52
2024-08-06,21.25,78.75,305.72,2.27,299.72
2024-08-06,21.25,79.00,306.28,2.14,300.58
2024-08-06,21.25,79.25,305.88,2.62,300.19
2024-08-06,21.25,79.50,307.43,2.01,300.78
2024-08-06,21.25,79.75,306.76,5.26,299.61
2024-08-06,21.50,78.75,307.61,3.38,300.87
2024-08-06,21.50,79.00,307.28,6.77,300.31
2024-08-06,21.50,79.25,305.25,3.96,300.94
2024-08-06,21.50,79.50,308.42,2.69,300.40
2024-08-06,21.50,79.75,,6.02,300.81
2024-08-06,21.75,78.75,307.71,4.48,
2024-08-06,21.75,79.00,307.25,4.06,300.99
2024-08-06,21.75,79.25,305.51,4.65,301.24
2024-08-06,21.75,79.50,306.20,5.58,
2024-08-06,21.75,79.75,306.89,2.52,300.39
2024-08-07,20.75,78.75,305.97,2.52,300.78
2024-08-07,20.75,79.00,305.82,5.81,300.60
2024-08-07,20.75,79.25,306.11,4.80,300.62
2024-08-07,20.75,79.50,306.30,3.66,301.06
2024-08-07,20.75,79.75,304.10,4.36,299.87
2024-08-07,21.00,78.75,307.82,6.08,299.99
2024-08-07,21.00,79.00,304.51,1.95,300.34
2024-08-07,21.00,79.25,304.14,6.32,299.70
2024-08-07,21.00,79.50,305.85,5.88,300.85
2024-08-07,21.00,79.75,307.08,4.38,300.81
2024-08-07,21.25,78.75,305.66,3.73,300.60
2024-08-07,21.25,79.00,306.72,5.49,300.11
2024-08-07,21.25,79.25,306.01,3.91,300.17
2024-08-07,21.25,79.50,306.79,7.05,299.83
2024-08-07,21.25,79.75,304.48,3.41,300.20
2024-08-07,21.50,78.75,,2.27,299.04
2024-08-07,21.50,79.00,305.55,9.13,300.19
2024-08-07,21.50,79.25,304.66,2.94,299.37
2024-08-07,21.50,79.50,303.57,4.25,300.21
2024-08-07,21.50,79.75,303.90,4.19,299.81
2024-08-07,21.75,78.75,304.80,2.92,299.79
2024-08-07,21.75,79.00,304.50,2.91,300.72
2024-08-07,21.75,79.25,307.05,2.63,299.72
2024-08-07,21.75,79.50,307.11,2.23,299.80
2024-08-07,21.75,79.75,306.96,2.24,300.21
2024-08-08,20.75,78.75,304.73,2.20,301.01
2024-08-08,20.75,79.00,303.62,3.04,300.96
2024-08-08,20.75,79.25,306.77,2.74,300.31
2024-08-08,20.75,79.50,305.14,2.57,299.74
2024-08-08,20.75,79.75,306.90,2.53,301.34
2024-08-08,21.00,78.75,307.56,4.21,300.59
2024-08-08,21.00,79.00,303.89,4.16,300.23
2024-08-08,21.00,79.25,307.87,6.03,300.89
2024-08-08,21.00,79.50,305.65,2.67,299.89
2024-08-08,21.00,79.75,303.92,2.19,300.29
2024-08-08,21.25,78.75,309.86,3.89,300.67
2024-08-08,21.25,79.00,305.62,4.05,299.25
2024-08-08,21.25,79.25,305.21,2.65,300.54
2024-08-08,21.25,79.50,306.82,4.18,301.07
2024-08-08,21.25,79.75,305.01,4.35,300.94
2024-08-08,21.50,78.75,308.37,3.77,300.42
2024-08-08,21.50,79.00,306.84,1.94,300.36
2024-08-08,21.50,79.25,,2.75,300.04
2024-08-08,21.50,79.50,307.77,2.06,300.11
2024-08-08,21.50,79.75,305.45,4.53,300.18
2024-08-08,21.75,78.75,304.37,3.69,300.95
2024-08-08,21.75,79.00,305.14,2.70,300.56
2024-08-08,21.75,79.25,305.67,3.48,299.95
2024-08-08,21.75,79.50,304.96,2.84,300.32
2024-08-08,21.75,79.75,303.57,5.72,299.84
2024-08-09,20.75,78.75,309.33,2.12,300.33
2024-08-09,20.75,79.00,305.24,3.43,300.45
2024-08-09,20.75,79.25,306.87,6.94,300.36
2024-08-09,20.75,79.50,305.39,6.18,299.84
2024-08-09,20.75,79.75,305.29,5.37,300.79
2024-08-09,21.00,78.75,305.65,5.34,299.93
2024-08-09,21.00,79.00,306.84,3.70,300.72
2024-08-09,21.00,79.25,308.00,4.00,300.60
2024-08-09,21.00,79.50,305.72,4.75,300.61
2024-08-09,21.00,79.75,303.51,4.03,301.05
2024-08-09,21.25,78.75,306.73,3.52,300.13
2024-08-09,21.25,79.00,,4.22,300.25
2024-08-09,21.25,79.25,305.85,3.84,299.46
2024-08-09,21.25,79.50,305.61,2.19,300.03
2024-08-09,21.25,79.75,307.39,3.09,300.92
2024-08-09,21.50,78.75,305.01,4.49,300.51
2024-08-09,21.50,79.00,307.85,2.30,300.80
2024-08-09,21.50,79.25,305.06,4.61,300.87
2024-08-09,21.50,79.50,307.86,3.31,299.51
2024-08-09,21.50,79.75,305.62,3.47,300.48
2024-08-09,21.75,78.75,308.10,4.55,
2024-08-09,21.75,79.00,307.09,3.35,299.92
2024-08-09,21.75,79.25,306.16,2.85,300.25
2024-08-09,21.75,79.50,306.17,3.28,301.16
2024-08-09,21.75,79.75,304.27,7.24,300.90
2024-08-10,20.75,78.75,302.56,1.85,300.46
2024-08-10,20.75,79.00,306.90,3.00,300.58
2024-08-10,20.75,79.25,304.00,2.74,300.14
2024-08-10,20.75,79.50,304.11,2.73,299.99
2024-08-10,20.75,79.75,306.48,3.95,300.60
2024-08-10,21.00,78.75,304.49,3.11,300.56
2024-08-10,21.00,79.00,,5.04,300.06
2024-08-10,21.00,79.25,303.24,4.03,300.48
2024-08-10,21.00,79.50,306.01,3.54,299.70
2024-08-10,21.00,79.75,305.13,4.40,299.80
2024-08-10,21.25,78.75,305.32,2.59,299.89
2024-08-10,21.25,79.00,306.12,3.13,300.82
2024-08-10,21.25,79.25,306.78,4.30,300.20
2024-08-10,21.25,79.50,306.54,2.42,300.01
2024-08-10,21.25,79.75,304.73,5.48,300.07
2024-08-10,21.50,78.75,301.71,1.97,300.18
2024-08-10,21.50,79.00,303.87,3.03,300.31
2024-08-10,21.50,79.25,305.63,4.10,299.61
2024-08-10,21.50,79.50,303.99,5.02,300.82
2024-08-10,21.50,79.75,305.40,3.72,301.30
2024-08-10,21.75,78.75,305.57,2.16,
2024-08-10,21.75,79.00,304.37,7.21,
2024-08-10,21.75,79.25,305.00,2.29,300.79
2024-08-10,21.75,79.50,305.64,2.39,299.75
2024-08-10,21.75,79.75,305.26,3.39,301.03
2024-08-11,20.75,78.75,304.16,3.73,300.35
2024-08-11,20.75,79.00,304.98,1.97,300.36
2024-08-11,20.75,79.25,307.72,1.93,300.64
2024-08-11,20.75,79.50,,3.10,300.70
2024-08-11,20.75,79.75,305.88,2.57,300.92
2024-08-11,21.00,78.75,305.93,,300.19
2024-08-11,21.00,79.00,306.23,1.94,300.55
2024-08-11,21.00,79.25,306.57,2.59,299.63
2024-08-11,21.00,79.50,304.75,3.72,299.35
2024-08-11,21.00,79.75,303.11,2.15,299.73
2024-08-11,21.25,78.75,305.62,5.39,300.91
2024-08-11,21.25,79.00,303.77,2.88,300.09
2024-08-11,21.25,79.25,301.37,1.85,300.41
2024-08-11,21.25,79.50,305.53,5.35,299.67
2024-08-11,21.25,79.75,303.44,3.36,300.18
2024-08-11,21.50,78.75,303.62,2.30,301.02
2024-08-11,21.50,79.00,302.17,2.44,301.21
2024-08-11,21.50,79.25,302.70,,300.94
2024-08-11,21.50,79.50,305.67,7.14,300.43
2024-08-11,21.50,79.75,306.71,6.80,299.82
2024-08-11,21.75,78.75,306.51,4.59,300.22
2024-08-11,21.75,79.00,304.48,2.99,301.17
2024-08-11,21.75,79.25,305.12,4.16,299.95
2024-08-11,21.75,79.50,,3.37,299.82
2024-08-11,21.75,79.75,304.21,3.84,300.59
2024-08-12,20.75,78.75,307.68,2.19,299.81
2024-08-12,20.75,79.00,301.18,4.34,300.26
2024-08-12,20.75,79.25,302.35,1.75,299.94
2024-08-12,20.75,79.50,306.74,2.35,300.46
2024-08-12,20.75,79.75,306.13,3.88,300.89
2024-08-12,21.00,78.75,303.30,5.61,300.72
2024-08-12,21.00,79.00,303.77,3.01,299.98
2024-08-12,21.00,79.25,304.88,4.22,300.35
2024-08-12,21.00,79.50,306.78,2.04,300.69
2024-08-12,21.00,79.75,307.41,5.72,300.79
2024-08-12,21.25,78.75,305.12,3.52,300.35
2024-08-12,21.25,79.00,303.49,3.92,300.00
2024-08-12,21.25,79.25,306.90,2.34,300.98
2024-08-12,21.25,79.50,306.05,4.64,300.41
2024-08-12,21.25,79.75,306.80,1.86,301.12
2024-08-12,21.50,78.75,305.36,3.94,300.73
2024-08-12,21.50,79.00,304.34,2.96,299.85
2024-08-12,21.50,79.25,304.62,3.17,299.97
2024-08-12,21.50,79.50,305.83,5.66,300.79
2024-08-12,21.50,79.75,306.18,2.59,300.33
2024-08-12,21.75,78.75,305.35,1.96,299.70
2024-08-12,21.75,79.00,303.68,6.91,300.75
2024-08-12,21.75,79.25,309.10,4.19,299.99
2024-08-12,21.75,79.50,304.95,2.08,300.48
2024-08-12,21.75,79.75,302.77,1.79,299.98
2024-08-13,20.75,78.75,303.08,2.09,300.43
2024-08-13,20.75,79.00,305.16,4.25,301.28
2024-08-13,20.75,79.25,306.12,2.70,300.11
2024-08-13,20.75,79.50,303.59,4.57,300.31
2024-08-13,20.75,79.75,302.30,3.63,299.66
2024-08-13,21.00,78.75,303.59,3.93,301.21
2024-08-13,21.00,79.00,306.31,3.30,300.31
2024-08-13,21.00,79.25,308.83,5.42,300.51
2024-08-13,21.00,79.50,306.55,2.23,300.88
2024-08-13,21.00,79.75,307.61,1.86,300.67
2024-08-13,21.25,78.75,304.91,3.97,300.48
2024-08-13,21.25,79.00,303.18,,300.38
2024-08-13,21.25,79.25,308.53,1.63,300.43
2024-08-13,21.25,79.50,306.61,4.36,300.01
2024-08-13,21.25,79.75,305.58,1.92,300.20
2024-08-13,21.50,78.75,306.75,1.89,300.10
2024-08-13,21.50,79.00,303.79,7.45,300.43
2024-08-13,21.50,79.25,306.98,3.38,300.32
2024-08-13,21.50,79.50,306.13,2.55,300.02
2024-08-13,21.50,79.75,303.29,2.61,300.21
2024-08-13,21.75,78.75,304.67,2.32,301.12
2024-08-13,21.75,79.00,307.13,5.08,299.74
2024-08-13,21.75,79.25,305.59,2.35,300.46
2024-08-13,21.75,79.50,303.66,4.78,299.92
2024-08-13,21.75,79.75,,3.11,300.25
2024-08-14,20.75,78.75,305.96,2.91,299.67
2024-08-14,20.75,79.00,306.39,2.14,300.68
2024-08-14,20.75,79.25,307.14,2.88,300.41
2024-08-14,20.75,79.50,306.70,2.02,301.15
2024-08-14,20.75,79.75,304.04,2.15,300.75
2024-08-14,21.00,78.75,304.01,1.87,300.43
2024-08-14,21.00,79.00,306.09,2.65,300.25
2024-08-14,21.00,79.25,306.00,4.14,299.45
2024-08-14,21.00,79.50,304.21,2.65,300.21
2024-08-14,21.00,79.75,305.26,6.80,300.00
2024-08-14,21.25,78.75,303.95,1.98,299.86
2024-08-14,21.25,79.00,304.50,5.57,300.46
2024-08-14,21.25,79.25,305.15,3.26,300.49
2024-08-14,21.25,79.50,306.89,5.86,301.01
2024-08-14,21.25,79.75,303.35,2.38,300.70
2024-08-14,21.50,78.75,304.54,4.93,300.52
2024-08-14,21.50,79.00,304.88,2.96,300.81
2024-08-14,21.50,79.25,304.04,3.45,300.67
2024-08-14,21.50,79.50,304.68,2.69,300.60
2024-08-14,21.50,79.75,304.03,3.26,300.28
2024-08-14,21.75,78.75,305.45,14.94,301.19
2024-08-14,21.75,79.00,305.34,4.49,299.64
2024-08-14,21.75,79.25,304.37,1.98,300.30
2024-08-14,21.75,79.50,303.98,3.26,300.23
2024-08-14,21.75,79.75,308.20,1.97,300.64
2024-08-15,20.75,78.75,307.50,1.92,300.39
2024-08-15,20.75,79.00,305.56,3.76,
2024-08-15,20.75,79.25,305.51,2.15,300.56
2024-08-15,20.75,79.50,305.81,1.98,299.44
2024-08-15,20.75,79.75,306.11,2.37,301.47
2024-08-15,21.00,78.75,304.90,,301.01
2024-08-15,21.00,79.00,307.16,4.56,300.38
2024-08-15,21.00,79.25,301.68,4.34,300.68
2024-08-15,21.00,79.50,305.16,2.39,301.16
2024-08-15,21.00,79.75,305.67,6.66,300.84
2024-08-15,21.25,78.75,304.44,1.64,300.37
2024-08-15,21.25,79.00,305.33,3.42,300.47
2024-08-15,21.25,79.25,305.33,3.97,300.81
2024-08-15,21.25,79.50,306.88,3.72,300.88
2024-08-15,21.25,79.75,308.31,1.98,300.52
2024-08-15,21.50,78.75,306.42,1.64,300.83
2024-08-15,21.50,79.00,308.49,1.89,300.40
2024-08-15,21.50,79.25,305.68,1.97,300.45
2024-08-15,21.50,79.50,304.50,2.04,
2024-08-15,21.50,79.75,304.25,1.70,300.08
2024-08-15,21.75,78.75,304.40,2.00,300.05
2024-08-15,21.75,79.00,303.98,5.48,300.82
2024-08-15,21.75,79.25,304.88,2.32,300.45
2024-08-15,21.75,79.50,304.81,2.12,300.47
2024-08-15,21.75,79.75,306.32,3.35,300.86
2024-08-16,20.75,78.75,305.33,2.60,300.39
2024-08-16,20.75,79.00,304.11,5.60,300.26
2024-08-16,20.75,79.25,303.06,1.77,300.44
2024-08-16,20.75,79.50,305.17,9.94,299.98
2024-08-16,20.75,79.75,303.80,1.74,300.63
2024-08-16,21.00,78.75,305.08,3.39,301.32
2024-08-16,21.00,79.00,305.72,3.53,
2024-08-16,21.00,79.25,304.31,2.47,300.55
2024-08-16,21.00,79.50,301.39,3.42,300.65
2024-08-16,21.00,79.75,304.29,4.53,300.77
2024-08-16,21.25,78.75,307.17,2.02,299.56
2024-08-16,21.25,79.00,304.45,1.73,300.11
2024-08-16,21.25,79.25,306.60,5.38,300.21
2024-08-16,21.25,79.50,304.72,1.75,300.30
2024-08-16,21.25,79.75,304.67,1.96,299.90
2024-08-16,21.50,78.75,306.00,4.01,300.43
2024-08-16,21.50,79.00,304.40,1.66,299.72
2024-08-16,21.50,79.25,305.20,3.04,300.43
2024-08-16,21.50,79.50,305.00,2.58,301.11
2024-08-16,21.50,79.75,304.43,1.58,
2024-08-16,21.75,78.75,305.35,1.96,299.89
2024-08-16,21.75,79.00,303.97,2.59,300.09
2024-08-16,21.75,79.25,304.56,7.75,300.62
2024-08-16,21.75,79.50,303.97,1.65,300.83
2024-08-16,21.75,79.75,306.63,1.66,301.42
2024-08-17,20.75,78.75,307.44,1.93,300.55
2024-08-17,20.75,79.00,,5.52,300.32
2024-08-17,20.75,79.25,305.46,2.56,300.94
2024-08-17,20.75,79.50,304.41,1.94,300.60
2024-08-17,20.75,79.75,301.68,3.29,300.63
2024-08-17,21.00,78.75,304.82,6.21,299.82
2024-08-17,21.00,79.00,304.85,1.73,301.35
2024-08-17,21.00,79.25,305.17,2.60,300.74
2024-08-17,21.00,79.50,304.08,5.71,299.66
2024-08-17,21.00,79.75,303.42,6.70,300.20
2024-08-17,21.25,78.75,306.08,2.08,300.04
2024-08-17,21.25,79.00,303.96,2.76,301.51
2024-08-17,21.25,79.25,306.92,4.52,300.73
2024-08-17,21.25,79.50,303.90,2.86,300.75
2024-08-17,21.25,79.75,301.80,3.17,301.56
2024-08-17,21.50,78.75,302.08,1.86,299.78
2024-08-17,21.50,79.00,303.61,2.47,301.36
2024-08-17,21.50,79.25,305.76,2.83,301.38
2024-08-17,21.50,79.50,306.10,6.25,299.83
2024-08-17,21.50,79.75,306.52,3.88,300.52
2024-08-17,21.75,78.75,303.99,4.45,300.67
2024-08-17,21.75,79.00,305.96,3.09,
2024-08-17,21.75,79.25,303.68,9.68,300.38
2024-08-17,21.75,79.50,304.80,3.59,300.67
2024-08-17,21.75,79.75,305.11,2.24,300.66
2024-08-18,20.75,78.75,302.21,5.05,300.54
2024-08-18,20.75,79.00,302.90,5.58,299.70
2024-08-18,20.75,79.25,302.17,2.51,299.46
2024-08-18,20.75,79.50,303.53,6.42,300.65
2024-08-18,20.75,79.75,303.53,1.80,301.30
2024-08-18,21.00,78.75,304.23,3.07,300.12
2024-08-18,21.00,79.00,305.25,5.04,301.32
2024-08-18,21.00,79.25,306.53,1.71,300.52
2024-08-18,21.00,79.50,303.98,1.96,300.68
2024-08-18,21.00,79.75,305.50,5.27,300.43
2024-08-18,21.25,78.75,305.53,1.99,299.71
2024-08-18,21.25,79.00,303.88,1.59,301.22
2024-08-18,21.25,79.25,303.48,2.80,300.27
2024-08-18,21.25,79.50,303.36,1.90,300.60
2024-08-18,21.25,79.75,306.48,11.54,300.13
2024-08-18,21.50,78.75,301.65,8.89,300.95
2024-08-18,21.50,79.00,304.66,5.42,299.95
2024-08-18,21.50,79.25,305.55,1.53,300.97
2024-08-18,21.50,79.50,305.20,1.83,
2024-08-18,21.50,79.75,305.21,1.73,300.68
2024-08-18,21.75,78.75,303.10,6.23,300.70
2024-08-18,21.75,79.00,304.96,1.72,301.84
2024-08-18,21.75,79.25,305.91,5.59,300.28
2024-08-18,21.75,79.50,301.29,1.61,300.38
2024-08-18,21.75,79.75,305.55,2.27,300.69
2024-08-19,20.75,78.75,305.47,4.65,299.78
2024-08-19,20.75,79.00,304.24,3.79,300.92
2024-08-19,20.75,79.25,303.37,1.85,299.61
2024-08-19,20.75,79.50,304.65,7.53,299.86
2024-08-19,20.75,79.75,302.55,4.31,299.81
2024-08-19,21.00,78.75,303.21,9.28,300.50
2024-08-19,21.00,79.00,302.71,,300.59
2024-08-19,21.00,79.25,303.80,2.46,299.21
2024-08-19,21.00,79.50,307.09,3.81,300.68
2024-08-19,21.00,79.75,303.85,5.10,300.14
2024-08-19,21.25,78.75,304.37,2.67,300.66
2024-08-19,21.25,79.00,303.37,3.64,299.93
2024-08-19,21.25,79.25,302.89,1.96,301.03
2024-08-19,21.25,79.50,306.66,1.81,301.15
2024-08-19,21.25,79.75,303.50,3.74,301.09
2024-08-19,21.50,78.75,305.58,7.17,300.56
2024-08-19,21.50,79.00,305.23,2.41,299.72
2024-08-19,21.50,79.25,305.01,2.17,300.79
2024-08-19,21.50,79.50,305.67,6.86,300.36
2024-08-19,21.50,79.75,306.27,3.65,300.34
2024-08-19,21.75,78.75,303.71,8.40,300.19
2024-08-19,21.75,79.00,305.68,7.60,299.70
2024-08-19,21.75,79.25,305.36,7.44,300.53
2024-08-19,21.75,79.50,,1.60,300.91
2024-08-19,21.75,79.75,305.37,4.69,300.11
2024-08-20,20.75,78.75,304.33,1.53,
2024-08-20,20.75,79.00,305.72,1.38,301.04
2024-08-20,20.75,79.25,,2.66,299.38
2024-08-20,20.75,79.50,303.42,3.24,300.00
2024-08-20,20.75,79.75,,1.48,300.40
2024-08-20,21.00,78.75,306.75,1.99,300.25
2024-08-20,21.00,79.00,303.88,3.31,300.29
2024-08-20,21.00,79.25,305.25,2.65,301.23
2024-08-20,21.00,79.50,302.32,5.11,299.96
2024-08-20,21.00,79.75,301.45,3.04,300.68
2024-08-20,21.25,78.75,306.33,2.81,300.52
2024-08-20,21.25,79.00,304.60,1.71,300.32
2024-08-20,21.25,79.25,305.18,1.83,300.32
2024-08-20,21.25,79.50,304.40,3.23,299.56
2024-08-20,21.25,79.75,305.92,5.21,299.91
2024-08-20,21.50,78.75,303.16,4.87,300.84
2024-08-20,21.50,79.00,304.92,2.35,301.82
2024-08-20,21.50,79.25,304.75,1.74,299.89
2024-08-20,21.50,79.50,305.12,3.20,
2024-08-20,21.50,79.75,305.98,1.88,299.52
2024-08-20,21.75,78.75,303.51,2.05,299.80
2024-08-20,21.75,79.00,305.60,2.11,300.42
2024-08-20,21.75,79.25,301.99,2.99,300.65
2024-08-20,21.75,79.50,305.13,3.45,300.27
2024-08-20,21.75,79.75,305.87,4.89,300.46
2024-08-21,20.75,78.75,302.05,5.77,301.20
2024-08-21,20.75,79.00,301.39,2.24,300.93
2024-08-21,20.75,79.25,305.28,2.71,300.28
2024-08-21,20.75,79.50,305.32,2.99,300.26
2024-08-21,20.75,79.75,304.83,2.92,300.73
2024-08-21,21.00,78.75,302.47,1.51,300.65
2024-08-21,21.00,79.00,304.76,2.67,
2024-08-21,21.00,79.25,303.63,2.57,299.99
2024-08-21,21.00,79.50,304.63,5.13,
2024-08-21,21.00,79.75,305.92,2.37,299.96
2024-08-21,21.25,78.75,303.35,6.01,300.65
2024-08-21,21.25,79.00,304.57,1.77,300.93
2024-08-21,21.25,79.25,307.48,4.22,300.83
2024-08-21,21.25,79.50,305.16,1.58,300.59
2024-08-21,21.25,79.75,304.92,1.75,300.37
2024-08-21,21.50,78.75,301.60,3.22,300.87
2024-08-21,21.50,79.00,304.46,2.16,300.40
2024-08-21,21.50,79.25,305.41,1.66,299.86
2024-08-21,21.50,79.50,304.25,2.24,301.03
2024-08-21,21.50,79.75,304.45,4.01,301.55
2024-08-21,21.75,78.75,307.60,2.58,300.05
2024-08-21,21.75,79.00,304.56,1.77,300.21
2024-08-21,21.75,79.25,303.93,2.88,300.84
2024-08-21,21.75,79.50,303.28,10.61,300.82
2024-08-21,21.75,79.75,303.73,2.85,300.39
2024-08-22,20.75,78.75,304.89,4.51,300.27
2024-08-22,20.75,79.00,301.64,1.36,300.04
2024-08-22,20.75,79.25,304.76,2.09,300.91
2024-08-22,20.75,79.50,303.69,2.45,300.60
2024-08-22,20.75,79.75,305.73,1.34,300.37
2024-08-22,21.00,78.75,305.84,4.29,300.36
2024-08-22,21.00,79.00,304.10,2.62,300.69
2024-08-22,21.00,79.25,301.62,13.11,300.89
2024-08-22,21.00,79.50,304.30,6.51,300.96
2024-08-22,21.00,79.75,304.29,3.66,300.26
2024-08-22,21.25,78.75,304.34,3.17,299.85
2024-08-22,21.25,79.00,305.71,3.39,300.94
2024-08-22,21.25,79.25,303.65,1.93,299.85
2024-08-22,21.25,79.50,301.76,3.84,301.60
2024-08-22,21.25,79.75,304.37,1.42,300.30
2024-08-22,21.50,78.75,,4.25,300.16
2024-08-22,21.50,79.00,304.17,1.66,301.38
2024-08-22,21.50,79.25,306.62,1.68,300.53
2024-08-22,21.50,79.50,302.66,2.34,300.73
2024-08-22,21.50,79.75,305.39,5.48,300.14
2024-08-22,21.75,78.75,305.25,3.32,300.77
2024-08-22,21.75,79.00,303.52,2.45,300.31
2024-08-22,21.75,79.25,304.05,,300.40
2024-08-22,21.75,79.50,303.54,1.36,300.13
2024-08-22,21.75,79.75,304.66,2.79,299.88
2024-08-23,20.75,78.75,301.95,3.41,300.98
2024-08-23,20.75,79.00,300.73,1.79,300.26
2024-08-23,20.75,79.25,303.94,2.55,300.88
2024-08-23,20.75,79.50,302.53,2.24,300.56
2024-08-23,20.75,79.75,304.44,14.31,300.54
2024-08-23,21.00,78.75,302.40,1.72,300.25
2024-08-23,21.00,79.00,304.20,1.58,300.72
2024-08-23,21.00,79.25,301.31,3.38,
2024-08-23,21.00,79.50,306.91,6.22,299.89
2024-08-23,21.00,79.75,304.32,2.65,300.44
2024-08-23,21.25,78.75,302.78,1.31,300.05
2024-08-23,21.25,79.00,301.68,1.20,300.64
2024-08-23,21.25,79.25,304.47,2.23,300.03
2024-08-23,21.25,79.50,301.76,1.79,300.43
2024-08-23,21.25,79.75,303.45,3.66,301.29
2024-08-23,21.50,78.75,306.41,2.11,300.33
2024-08-23,21.50,79.00,301.97,3.79,300.61
2024-08-23,21.50,79.25,304.55,3.84,300.07
2024-08-23,21.50,79.50,303.19,2.71,300.14
2024-08-23,21.50,79.75,304.77,3.57,300.74
2024-08-23,21.75,78.75,303.43,5.41,301.41
2024-08-23,21.75,79.00,304.20,4.06,301.13
2024-08-23,21.75,79.25,304.55,1.95,299.53
2024-08-23,21.75,79.50,306.97,1.53,299.08
2024-08-23,21.75,79.75,306.46,4.39,300.68
2024-08-24,20.75,78.75,302.37,5.72,300.80
2024-08-24,20.75,79.00,303.16,4.49,300.20
2024-08-24,20.75,79.25,305.71,1.53,300.36
2024-08-24,20.75,79.50,305.61,1.91,300.54
2024-08-24,20.75,79.75,304.47,3.53,299.90
2024-08-24,21.00,78.75,305.33,1.96,301.22
2024-08-24,21.00,79.00,302.91,,299.93
2024-08-24,21.00,79.25,305.33,3.90,300.17
2024-08-24,21.00,79.50,301.96,2.31,300.77
2024-08-24,21.00,79.75,303.30,2.20,300.63
2024-08-24,21.25,78.75,303.81,1.76,301.82
2024-08-24,21.25,79.00,304.49,1.40,300.78
2024-08-24,21.25,79.25,304.67,5.07,301.72
2024-08-24,21.25,79.50,303.91,11.99,300.63
2024-08-24,21.25,79.75,304.54,3.56,300.34
2024-08-24,21.50,78.75,302.04,7.09,299.69
2024-08-24,21.50,79.00,,2.80,301.13
2024-08-24,21.50,79.25,302.66,1.98,300.79
2024-08-24,21.50,79.50,307.02,3.87,301.35
2024-08-24,21.50,79.75,304.03,2.21,300.77
2024-08-24,21.75,78.75,301.69,3.66,301.47
2024-08-24,21.75,79.00,305.34,1.88,300.90
2024-08-24,21.75,79.25,303.92,3.14,300.61
2024-08-24,21.75,79.50,304.38,3.30,300.72
2024-08-24,21.75,79.75,303.93,1.53,300.69
2024-08-25,20.75,78.75,302.15,8.93,300.70
2024-08-25,20.75,79.00,304.18,2.34,300.72
2024-08-25,20.75,79.25,307.80,2.13,300.99
2024-08-25,20.75,79.50,304.95,1.80,300.40
2024-08-25,20.75,79.75,305.67,6.51,300.67
2024-08-25,21.00,78.75,305.13,5.09,300.11
2024-08-25,21.00,79.00,301.46,2.60,300.83
2024-08-25,21.00,79.25,305.32,2.15,301.46
2024-08-25,21.00,79.50,304.55,1.35,301.09
2024-08-25,21.00,79.75,301.35,1.66,
2024-08-25,21.25,78.75,301.23,1.48,300.57
2024-08-25,21.25,79.00,304.99,1.84,300.48
2024-08-25,21.25,79.25,301.52,1.83,300.46
2024-08-25,21.25,79.50,305.33,1.78,300.62
2024-08-25,21.25,79.75,305.29,1.92,299.64
2024-08-25,21.50,78.75,304.95,3.73,301.22
2024-08-25,21.50,79.00,301.42,3.01,300.11
2024-08-25,21.50,79.25,307.72,2.21,
2024-08-25,21.50,79.50,303.17,3.38,300.15
2024-08-25,21.50,79.75,303.69,1.64,300.13
2024-08-25,21.75,78.75,304.05,7.43,301.58
2024-08-25,21.75,79.00,302.64,3.18,301.05
2024-08-25,21.75,79.25,304.16,2.82,300.79
2024-08-25,21.75,79.50,304.19,6.00,300.78
2024-08-25,21.75,79.75,305.11,,301.19
2024-08-26,20.75,78.75,300.05,2.51,300.67
2024-08-26,20.75,79.00,300.92,1.25,300.29
2024-08-26,20.75,79.25,304.64,5.86,300.20
2024-08-26,20.75,79.50,305.35,1.24,300.54
2024-08-26,20.75,79.75,303.32,1.61,300.31
2024-08-26,21.00,78.75,303.72,5.34,299.55
2024-08-26,21.00,79.00,304.02,4.38,301.09
2024-08-26,21.00,79.25,306.78,10.81,300.77
2024-08-26,21.00,79.50,303.02,7.83,300.27
2024-08-26,21.00,79.75,305.30,1.48,301.32
2024-08-26,21.25,78.75,305.74,2.83,300.06
2024-08-26,21.25,79.00,302.53,2.46,301.11
2024-08-26,21.25,79.25,304.93,2.49,
2024-08-26,21.25,79.50,303.41,2.82,300.28
2024-08-26,21.25,79.75,302.05,1.30,300.17
2024-08-26,21.50,78.75,304.39,1.95,300.78
2024-08-26,21.50,79.00,302.35,2.31,301.45
2024-08-26,21.50,79.25,301.83,3.56,300.45
2024-08-26,21.50,79.50,303.55,1.77,300.36
2024-08-26,21.50,79.75,303.60,1.62,299.80
2024-08-26,21.75,78.75,303.54,1.88,299.82
2024-08-26,21.75,79.00,303.57,1.48,300.57
2024-08-26,21.75,79.25,302.35,3.23,300.17
2024-08-26,21.75,79.50,303.93,4.84,300.26
2024-08-26,21.75,79.75,304.44,1.39,300.47
2024-08-27,20.75,78.75,302.90,5.63,300.06
2024-08-27,20.75,79.00,305.36,3.60,300.44
2024-08-27,20.75,79.25,305.43,1.55,301.19
2024-08-27,20.75,79.50,302.73,1.83,300.78
2024-08-27,20.75,79.75,302.81,2.38,301.09
2024-08-27,21.00,78.75,302.19,2.44,300.23
2024-08-27,21.00,79.00,302.32,3.66,300.51
2024-08-27,21.00,79.25,303.67,1.22,301.29
2024-08-27,21.00,79.50,300.46,1.92,300.48
2024-08-27,21.00,79.75,305.05,1.02,300.27
2024-08-27,21.25,78.75,303.23,5.61,300.18
2024-08-27,21.25,79.00,302.20,1.88,301.32
2024-08-27,21.25,79.25,305.34,4.28,300.08
2024-08-27,21.25,79.50,302.01,2.92,300.96
2024-08-27,21.25,79.75,304.35,,300.64
2024-08-27,21.50,78.75,305.20,2.93,300.81
2024-08-27,21.50,79.00,304.84,1.23,300.10
2024-08-27,21.50,79.25,304.56,1.82,300.16
2024-08-27,21.50,79.50,305.49,5.00,301.18
2024-08-27,21.50,79.75,306.35,7.69,301.14
2024-08-27,21.75,78.75,303.52,3.60,300.47
2024-08-27,21.75,79.00,302.90,2.14,300.48
2024-08-27,21.75,79.25,305.78,5.72,299.99
2024-08-27,21.75,79.50,303.80,3.29,300.68
2024-08-27,21.75,79.75,300.97,4.57,301.82
2024-08-28,20.75,78.75,303.37,1.63,300.90
2024-08-28,20.75,79.00,301.20,3.32,300.81
2024-08-28,20.75,79.25,306.05,9.24,299.84
2024-08-28,20.75,79.50,300.00,2.93,301.21
2024-08-28,20.75,79.75,302.34,1.36,300.99
2024-08-28,21.00,78.75,303.46,1.28,301.12
2024-08-28,21.00,79.00,303.30,2.12,301.21
2024-08-28,21.00,79.25,303.90,2.64,301.45
2024-08-28,21.00,79.50,304.79,3.86,300.57
2024-08-28,21.00,79.75,302.03,1.31,300.60
2024-08-28,21.25,78.75,301.29,3.37,300.59
2024-08-28,21.25,79.00,302.60,0.96,300.70
2024-08-28,21.25,79.25,302.45,1.61,300.51
2024-08-28,21.25,79.50,304.55,3.00,300.72
2024-08-28,21.25,79.75,301.46,5.61,300.39
2024-08-28,21.50,78.75,306.10,3.25,301.12
2024-08-28,21.50,79.00,304.44,1.34,301.93
2024-08-28,21.50,79.25,306.09,4.30,300.46
2024-08-28,21.50,79.50,305.66,0.97,299.89
2024-08-28,21.50,79.75,305.74,4.83,300.05
2024-08-28,21.75,78.75,302.89,4.60,300.76
2024-08-28,21.75,79.00,302.15,3.88,301.17
2024-08-28,21.75,79.25,301.99,3.76,301.30
2024-08-28,21.75,79.50,301.78,1.37,300.30
2024-08-28,21.75,79.75,306.26,5.33,300.47
2024-08-29,20.75,78.75,302.53,1.96,300.30
2024-08-29,20.75,79.00,303.05,1.91,300.67
2024-08-29,20.75,79.25,303.69,0.96,300.26
2024-08-29,20.75,79.50,302.34,1.42,300.36
2024-08-29,20.75,79.75,306.21,6.43,300.46
2024-08-29,21.00,78.75,305.11,1.54,300.37
2024-08-29,21.00,79.00,302.95,2.08,300.28
2024-08-29,21.00,79.25,303.59,3.18,301.29
2024-08-29,21.00,79.50,301.00,1.94,299.69
2024-08-29,21.00,79.75,302.75,1.95,299.29
2024-08-29,21.25,78.75,303.72,3.61,301.15
2024-08-29,21.25,79.00,304.37,1.88,300.60
2024-08-29,21.25,79.25,305.07,4.64,301.44
2024-08-29,21.25,79.50,304.09,1.56,300.59
2024-08-29,21.25,79.75,300.99,3.52,300.36
2024-08-29,21.50,78.75,303.31,3.84,301.00
2024-08-29,21.50,79.00,305.08,2.21,300.97
2024-08-29,21.50,79.25,303.74,5.29,300.53
2024-08-29,21.50,79.50,302.94,1.70,301.20
2024-08-29,21.50,79.75,303.36,4.11,299.89
2024-08-29,21.75,78.75,302.49,2.36,300.47
2024-08-29,21.75,79.00,304.51,2.76,301.44
2024-08-29,21.75,79.25,303.37,10.37,299.85
2024-08-29,21.75,79.50,303.46,2.40,301.10
2024-08-29,21.75,79.75,303.48,1.15,300.43
2024-08-30,20.75,78.75,302.19,1.22,301.54
2024-08-30,20.75,79.00,304.83,1.45,300.92
2024-08-30,20.75,79.25,302.49,1.07,299.95
2024-08-30,20.75,79.50,300.54,1.78,300.01
2024-08-30,20.75,79.75,305.41,2.30,300.62
2024-08-30,21.00,78.75,301.98,,301.04
2024-08-30,21.00,79.00,301.26,4.69,301.23
2024-08-30,21.00,79.25,305.64,2.14,301.22
2024-08-30,21.00,79.50,303.90,7.62,300.61
2024-08-30,21.00,79.75,304.16,1.54,300.29
2024-08-30,21.25,78.75,,3.77,300.62
2024-08-30,21.25,79.00,304.37,3.49,300.96
2024-08-30,21.25,79.25,304.64,3.58,300.15
2024-08-30,21.25,79.50,304.16,1.37,300.47
2024-08-30,21.25,79.75,306.74,3.86,300.57
2024-08-30,21.50,78.75,302.76,4.39,300.39
2024-08-30,21.50,79.00,302.91,1.45,299.77
2024-08-30,21.50,79.25,301.36,2.16,300.17
2024-08-30,21.50,79.50,305.16,2.39,300.69
2024-08-30,21.50,79.75,303.55,2.25,302.37
2024-08-30,21.75,78.75,303.79,2.36,300.99
2024-08-30,21.75,79.00,301.19,2.47,300.65
2024-08-30,21.75,79.25,305.58,12.38,300.75
2024-08-30,21.75,79.50,302.92,4.09,300.64
2024-08-30,21.75,79.75,302.43,1.09,300.91
2024-08-31,20.75,78.75,302.36,3.38,301.44
2024-08-31,20.75,79.00,300.53,1.95,300.91
2024-08-31,20.75,79.25,303.16,1.09,300.78
2024-08-31,20.75,79.50,302.83,4.94,301.15
2024-08-31,20.75,79.75,304.40,6.23,300.10
2024-08-31,21.00,78.75,302.64,1.58,300.50
2024-08-31,21.00,79.00,300.55,4.00,
2024-08-31,21.00,79.25,,1.55,300.71
2024-08-31,21.00,79.50,302.91,1.82,300.24
2024-08-31,21.00,79.75,305.93,2.11,300.93
2024-08-31,21.25,78.75,299.83,1.13,299.68
2024-08-31,21.25,79.00,301.33,1.19,300.21
2024-08-31,21.25,79.25,305.00,3.76,300.63
2024-08-31,21.25,79.50,302.37,0.84,301.55
2024-08-31,21.25,79.75,301.80,4.50,
2024-08-31,21.50,78.75,304.48,4.60,301.18
2024-08-31,21.50,79.00,302.32,1.58,300.10
2024-08-31,21.50,79.25,301.23,1.11,300.49
2024-08-31,21.50,79.50,302.00,1.07,301.09
2024-08-31,21.50,79.75,305.77,0.80,301.12
2024-08-31,21.75,78.75,302.37,5.32,300.47
2024-08-31,21.75,79.00,301.19,3.61,299.50
2024-08-31,21.75,79.25,304.91,1.83,300.56
2024-08-31,21.75,79.50,304.39,1.55,301.26
2024-08-31,21.75,79.75,304.44,4.52,301.51
2024-09-01,20.75,78.75,304.31,1.68,300.72
2024-09-01,20.75,79.00,305.71,8.10,300.52
2024-09-01,20.75,79.25,300.68,1.72,299.90
2024-09-01,20.75,79.50,301.78,4.62,300.23
2024-09-01,20.75,79.75,301.61,2.54,300.06
2024-09-01,21.00,78.75,303.29,2.09,300.19
2024-09-01,21.00,79.00,303.78,1.51,301.01
2024-09-01,21.00,79.25,302.86,2.96,300.92
2024-09-01,21.00,79.50,299.10,2.28,301.15
2024-09-01,21.00,79.75,300.89,3.27,300.29
2024-09-01,21.25,78.75,,3.23,300.72
2024-09-01,21.25,79.00,300.02,4.43,300.12
2024-09-01,21.25,79.25,300.93,3.36,300.13
2024-09-01,21.25,79.50,303.70,4.25,300.39
2024-09-01,21.25,79.75,303.22,6.66,301.04
2024-09-01,21.50,78.75,303.64,2.55,
2024-09-01,21.50,79.00,301.21,3.01,301.31
2024-09-01,21.50,79.25,303.41,1.19,300.89
2024-09-01,21.50,79.50,303.18,1.31,300.46
2024-09-01,21.50,79.75,303.76,1.14,301.24
2024-09-01,21.75,78.75,305.07,1.40,300.60
2024-09-01,21.75,79.00,302.40,1.12,300.43
2024-09-01,21.75,79.25,302.45,3.15,301.89
2024-09-01,21.75,79.50,302.99,2.53,301.02
2024-09-01,21.75,79.75,304.04,1.72,300.70
2024-09-02,20.75,78.75,303.15,9.05,300.82
2024-09-02,20.75,79.00,302.07,1.03,300.70
2024-09-02,20.75,79.25,302.93,4.50,301.12
2024-09-02,20.75,79.50,302.28,1.58,300.10
2024-09-02,20.75,79.75,303.73,0.99,299.88
2024-09-02,21.00,78.75,304.71,13.81,
2024-09-02,21.00,79.00,302.33,2.52,300.71
2024-09-02,21.00,79.25,304.70,1.50,299.84
2024-09-02,21.00,79.50,306.33,7.54,299.70
2024-09-02,21.00,79.75,303.26,1.11,300.42
2024-09-02,21.25,78.75,304.86,1.28,301.36
2024-09-02,21.25,79.00,305.61,1.82,301.11
2024-09-02,21.25,79.25,302.04,8.97,300.75
2024-09-02,21.25,79.50,302.55,2.54,299.89
2024-09-02,21.25,79.75,303.69,0.86,300.43
2024-09-02,21.50,78.75,302.83,1.35,299.90
2024-09-02,21.50,79.00,302.83,3.84,300.45
2024-09-02,21.50,79.25,302.40,0.85,300.30
2024-09-02,21.50,79.50,302.29,2.50,300.85
2024-09-02,21.50,79.75,305.21,2.01,301.23
2024-09-02,21.75,78.75,302.50,1.12,300.62
2024-09-02,21.75,79.00,301.45,1.70,300.96
2024-09-02,21.75,79.25,302.11,1.56,300.74
2024-09-02,21.75,79.50,301.08,1.72,301.01
2024-09-02,21.75,79.75,304.13,3.58,301.18
2024-09-03,20.75,78.75,301.19,0.70,301.80
2024-09-03,20.75,79.00,302.51,1.54,300.49
2024-09-03,20.75,79.25,303.14,1.51,301.02
2024-09-03,20.75,79.50,304.71,3.95,300.30
2024-09-03,20.75,79.75,306.19,0.86,300.56
2024-09-03,21.00,78.75,303.22,9.90,299.83
2024-09-03,21.00,79.00,300.61,4.10,301.41
2024-09-03,21.00,79.25,302.96,1.33,300.11
2024-09-03,21.00,79.50,300.83,1.60,300.12
2024-09-03,21.00,79.75,301.51,3.57,301.14
2024-09-03,21.25,78.75,304.03,2.27,300.80
2024-09-03,21.25,79.00,303.44,2.59,300.41
2024-09-03,21.25,79.25,302.36,1.47,301.68
2024-09-03,21.25,79.50,303.82,1.62,300.35
2024-09-03,21.25,79.75,303.89,4.99,300.16
2024-09-03,21.50,78.75,301.53,1.76,300.33
2024-09-03,21.50,79.00,301.51,2.21,300.98
2024-09-03,21.50,79.25,300.30,2.37,300.58
2024-09-03,21.50,79.50,302.92,1.79,300.15
2024-09-03,21.50,79.75,303.02,0.82,300.75
2024-09-03,21.75,78.75,304.21,0.75,301.27
2024-09-03,21.75,79.00,302.85,1.05,299.31
2024-09-03,21.75,79.25,304.11,1.01,300.65
2024-09-03,21.75,79.50,303.05,1.93,300.85
2024-09-03,21.75,79.75,303.25,4.60,300.45
2024-09-04,20.75,78.75,300.89,5.11,301.20
2024-09-04,20.75,79.00,300.56,2.29,300.74
2024-09-04,20.75,79.25,302.42,1.78,300.46
2024-09-04,20.75,79.50,300.79,0.67,301.04
2024-09-04,20.75,79.75,302.61,1.00,299.72
2024-09-04,21.00,78.75,303.50,2.93,300.27
2024-09-04,21.00,79.00,305.12,2.40,300.83
2024-09-04,21.00,79.25,301.88,2.41,300.62
2024-09-04,21.00,79.50,305.19,2.63,301.04
2024-09-04,21.00,79.75,301.70,2.29,300.26
2024-09-04,21.25,78.75,301.51,9.03,300.20
2024-09-04,21.25,79.00,301.15,3.23,301.84
2024-09-04,21.25,79.25,,4.65,300.61
2024-09-04,21.25,79.50,304.77,2.10,301.81
2024-09-04,21.25,79.75,302.57,5.94,301.01
2024-09-04,21.50,78.75,301.76,1.38,300.39
2024-09-04,21.50,79.00,302.34,1.36,302.15
2024-09-04,21.50,79.25,301.71,0.76,301.05
2024-09-04,21.50,79.50,304.81,1.10,300.77
2024-09-04,21.50,79.75,301.61,2.14,301.06
2024-09-04,21.75,78.75,303.55,2.12,300.83
2024-09-04,21.75,79.00,300.81,1.63,300.47
2024-09-04,21.75,79.25,302.05,1.03,300.85
2024-09-04,21.75,79.50,304.52,1.44,300.27
2024-09-04,21.75,79.75,303.29,0.71,300.59
2024-09-05,20.75,78.75,302.44,0.82,
2024-09-05,20.75,79.00,299.49,1.45,301.27
2024-09-05,20.75,79.25,300.52,2.63,299.29
2024-09-05,20.75,79.50,302.37,1.99,300.32
2024-09-05,20.75,79.75,304.78,1.31,300.27
2024-09-05,21.00,78.75,301.42,5.10,300.71
2024-09-05,21.00,79.00,302.84,5.85,300.62
2024-09-05,21.00,79.25,301.35,4.25,301.35
2024-09-05,21.00,79.50,305.75,0.86,300.83
2024-09-05,21.00,79.75,302.90,2.10,300.80
2024-09-05,21.25,78.75,304.21,2.60,300.93
2024-09-05,21.25,79.00,302.06,1.37,301.22
2024-09-05,21.25,79.25,300.06,1.28,301.84
2024-09-05,21.25,79.50,302.17,4.76,299.75
2024-09-05,21.25,79.75,301.51,3.81,300.54
2024-09-05,21.50,78.75,301.96,3.24,301.89
2024-09-05,21.50,79.00,301.74,1.52,301.65
2024-09-05,21.50,79.25,304.22,1.97,300.26
2024-09-05,21.50,79.50,303.84,2.69,300.28
2024-09-05,21.50,79.75,303.30,1.62,300.42
2024-09-05,21.75,78.75,303.88,3.98,300.87
2024-09-05,21.75,79.00,303.39,0.91,300.37
2024-09-05,21.75,79.25,304.43,1.56,300.68
2024-09-05,21.75,79.50,303.65,3.42,300.91
2024-09-05,21.75,79.75,300.69,0.84,300.99
2024-09-06,20.75,78.75,300.97,3.28,299.84
2024-09-06,20.75,79.00,301.99,0.75,301.00
2024-09-06,20.75,79.25,301.73,1.60,301.30
2024-09-06,20.75,79.50,299.99,0.85,301.64
2024-09-06,20.75,79.75,301.38,1.15,300.96
2024-09-06,21.00,78.75,302.78,0.74,300.42
2024-09-06,21.00,79.00,302.94,,300.55
2024-09-06,21.00,79.25,300.66,7.89,300.28
2024-09-06,21.00,79.50,302.27,1.45,301.30
2024-09-06,21.00,79.75,299.68,1.09,300.34
2024-09-06,21.25,78.75,301.57,3.24,300.61
2024-09-06,21.25,79.00,302.78,2.95,300.95
2024-09-06,21.25,79.25,302.80,3.00,301.34
2024-09-06,21.25,79.50,300.39,2.25,300.91
2024-09-06,21.25,79.75,300.01,1.32,301.01
2024-09-06,21.50,78.75,301.57,1.86,301.19
2024-09-06,21.50,79.00,302.46,3.30,300.97
2024-09-06,21.50,79.25,299.42,1.77,300.90
2024-09-06,21.50,79.50,302.41,2.31,300.46
2024-09-06,21.50,79.75,303.04,1.28,300.68
2024-09-06,21.75,78.75,302.89,0.66,300.92
2024-09-06,21.75,79.00,300.32,1.70,
2024-09-06,21.75,79.25,301.36,0.97,300.22
2024-09-06,21.75,79.50,301.97,3.56,300.80
2024-09-06,21.75,79.75,304.37,3.06,300.17
2024-09-07,20.75,78.75,302.11,4.90,299.74
2024-09-07,20.75,79.00,299.62,0.47,301.11
2024-09-07,20.75,79.25,302.83,4.74,
2024-09-07,20.75,79.50,300.61,5.93,301.51
2024-09-07,20.75,79.75,302.24,0.93,301.11
2024-09-07,21.00,78.75,303.14,1.26,299.74
2024-09-07,21.00,79.00,303.10,2.98,300.40
2024-09-07,21.00,79.25,302.51,1.11,300.15
2024-09-07,21.00,79.50,303.13,3.53,301.15
2024-09-07,21.00,79.75,302.80,5.09,300.53
2024-09-07,21.25,78.75,301.77,3.38,299.97
2024-09-07,21.25,79.00,303.13,2.29,301.11
2024-09-07,21.25,79.25,304.33,1.58,300.88
2024-09-07,21.25,79.50,302.44,0.98,301.16
2024-09-07,21.25,79.75,302.66,5.25,300.28
2024-09-07,21.50,78.75,298.50,0.82,300.40
2024-09-07,21.50,79.00,301.79,1.80,301.15
2024-09-07,21.50,79.25,303.15,2.35,301.39
2024-09-07,21.50,79.50,298.18,4.16,300.30
2024-09-07,21.50,79.75,302.11,1.24,301.15
2024-09-07,21.75,78.75,301.97,3.58,300.65
2024-09-07,21.75,79.00,304.82,3.41,301.07
2024-09-07,21.75,79.25,302.60,4.32,300.02
2024-09-07,21.75,79.50,302.54,1.73,300.81
2024-09-07,21.75,79.75,301.73,3.15,300.85
2024-09-08,20.75,78.75,299.90,1.41,301.06
2024-09-08,20.75,79.00,304.34,5.26,299.92
2024-09-08,20.75,79.25,302.98,6.81,301.28
2024-09-08,20.75,79.50,302.56,2.75,300.81
2024-09-08,20.75,79.75,301.39,0.44,300.54
2024-09-08,21.00,78.75,302.11,0.99,301.14
2024-09-08,21.00,79.00,303.34,2.70,299.45
2024-09-08,21.00,79.25,301.89,6.88,300.92
2024-09-08,21.00,79.50,302.65,3.22,300.76
2024-09-08,21.00,79.75,299.94,1.88,300.59
2024-09-08,21.25,78.75,303.19,5.68,301.66
2024-09-08,21.25,79.00,,1.89,300.44
2024-09-08,21.25,79.25,301.16,0.74,
2024-09-08,21.25,79.50,303.29,0.64,300.85
2024-09-08,21.25,79.75,304.62,5.95,300.92
2024-09-08,21.50,78.75,,1.52,299.79
2024-09-08,21.50,79.00,300.94,1.15,300.96
2024-09-08,21.50,79.25,300.30,1.16,300.29
2024-09-08,21.50,79.50,303.76,0.54,301.23
2024-09-08,21.50,79.75,301.84,0.69,300.20
2024-09-08,21.75,78.75,302.60,2.65,301.42
2024-09-08,21.75,79.00,300.17,1.79,300.75
2024-09-08,21.75,79.25,301.64,2.02,300.06
2024-09-08,21.75,79.50,305.02,1.31,301.53
2024-09-08,21.75,79.75,304.17,6.09,300.82
2024-09-09,20.75,78.75,303.71,1.59,300.59
2024-09-09,20.75,79.00,301.21,1.81,300.52
2024-09-09,20.75,79.25,303.31,1.26,301.23
2024-09-09,20.75,79.50,301.44,3.90,301.32
2024-09-09,20.75,79.75,303.68,1.10,
2024-09-09,21.00,78.75,301.27,3.44,300.73
2024-09-09,21.00,79.00,302.11,0.49,301.54
2024-09-09,21.00,79.25,301.32,4.80,300.82
2024-09-09,21.00,79.50,300.75,0.39,299.52
2024-09-09,21.00,79.75,302.05,1.96,300.49
2024-09-09,21.25,78.75,302.89,3.08,300.36
2024-09-09,21.25,79.00,302.60,0.59,300.27
2024-09-09,21.25,79.25,303.38,0.35,301.49
2024-09-09,21.25,79.50,303.84,3.93,300.10
2024-09-09,21.25,79.75,301.87,0.74,300.65
2024-09-09,21.50,78.75,298.26,0.82,300.43
2024-09-09,21.50,79.00,303.14,2.62,301.26
2024-09-09,21.50,79.25,302.66,1.84,300.78
2024-09-09,21.50,79.50,302.73,5.03,299.99
2024-09-09,21.50,79.75,301.60,1.36,301.55
2024-09-09,21.75,78.75,301.41,3.22,
2024-09-09,21.75,79.00,297.69,5.30,301.24
2024-09-09,21.75,79.25,304.58,3.17,301.06
2024-09-09,21.75,79.50,301.53,1.51,301.34
2024-09-09,21.75,79.75,300.87,2.36,300.36
2024-09-10,20.75,78.75,301.14,2.32,299.59
2024-09-10,20.75,79.00,299.64,5.70,300.44
2024-09-10,20.75,79.25,300.48,0.83,300.62
2024-09-10,20.75,79.50,302.33,0.53,300.95
2024-09-10,20.75,79.75,299.29,3.43,300.94
2024-09-10,21.00,78.75,301.59,1.85,300.04
2024-09-10,21.00,79.00,302.19,1.83,301.05
2024-09-10,21.00,79.25,300.91,2.19,
2024-09-10,21.00,79.50,301.27,1.24,300.46
2024-09-10,21.00,79.75,303.08,0.82,301.19
2024-09-10,21.25,78.75,301.44,2.79,300.59
2024-09-10,21.25,79.00,299.33,1.41,300.80
2024-09-10,21.25,79.25,299.76,0.35,301.35
2024-09-10,21.25,79.50,303.91,2.59,300.57
2024-09-10,21.25,79.75,302.97,1.35,300.70
2024-09-10,21.50,78.75,301.46,0.43,301.28
2024-09-10,21.50,79.00,302.58,0.42,299.92
2024-09-10,21.50,79.25,303.55,1.34,301.13
2024-09-10,21.50,79.50,301.75,0.51,300.85
2024-09-10,21.50,79.75,300.80,2.86,301.10
2024-09-10,21.75,78.75,301.83,2.64,
2024-09-10,21.75,79.00,304.19,2.02,300.74
2024-09-10,21.75,79.25,301.30,5.50,300.73
2024-09-10,21.75,79.50,301.54,0.58,301.17
2024-09-10,21.75,79.75,300.08,3.86,300.93
2024-09-11,20.75,78.75,299.56,0.32,300.69
2024-09-11,20.75,79.00,301.40,1.08,301.11
2024-09-11,20.75,79.25,302.15,2.78,300.86
2024-09-11,20.75,79.50,302.01,2.50,301.54
2024-09-11,20.75,79.75,301.52,7.14,301.26
2024-09-11,21.00,78.75,298.88,2.09,300.36
2024-09-11,21.00,79.00,298.27,2.72,301.08
2024-09-11,21.00,79.25,302.16,6.47,300.68
2024-09-11,21.00,79.50,302.80,7.25,
2024-09-11,21.00,79.75,303.42,4.61,301.55
2024-09-11,21.25,78.75,301.61,1.01,300.48
2024-09-11,21.25,79.00,302.71,3.52,301.19
2024-09-11,21.25,79.25,302.27,2.39,301.55
2024-09-11,21.25,79.50,303.69,0.52,301.23
2024-09-11,21.25,79.75,304.67,3.86,299.65
2024-09-11,21.50,78.75,302.34,0.51,300.55
2024-09-11,21.50,79.00,305.90,0.45,301.45
2024-09-11,21.50,79.25,301.29,0.56,300.81
2024-09-11,21.50,79.50,301.91,0.25,301.19
2024-09-11,21.50,79.75,304.24,0.51,300.17
2024-09-11,21.75,78.75,301.48,2.51,300.94
2024-09-11,21.75,79.00,300.92,0.48,300.01
2024-09-11,21.75,79.25,301.07,1.48,300.18
2024-09-11,21.75,79.50,301.38,1.81,301.39
2024-09-11,21.75,79.75,305.19,0.62,300.79
2024-09-12,20.75,78.75,299.41,6.05,301.36
2024-09-12,20.75,79.00,303.77,8.89,300.88
2024-09-12,20.75,79.25,299.89,1.41,300.96
2024-09-12,20.75,79.50,300.80,4.30,300.89
2024-09-12,20.75,79.75,298.78,2.56,300.00
2024-09-12,21.00,78.75,301.32,7.13,
2024-09-12,21.00,79.00,300.47,0.78,300.79
2024-09-12,21.00,79.25,301.04,0.75,301.90
2024-09-12,21.00,79.50,301.20,1.84,301.43
2024-09-12,21.00,79.75,300.96,1.23,300.62
2024-09-12,21.25,78.75,299.74,,300.27
2024-09-12,21.25,79.00,299.22,0.32,301.51
2024-09-12,21.25,79.25,300.69,7.57,300.08
2024-09-12,21.25,79.50,301.23,0.30,300.88
2024-09-12,21.25,79.75,301.98,0.27,300.31
2024-09-12,21.50,78.75,301.71,1.31,301.65
2024-09-12,21.50,79.00,302.86,0.55,300.45
2024-09-12,21.50,79.25,300.91,1.45,301.45
2024-09-12,21.50,79.50,300.83,1.44,301.24
2024-09-12,21.50,79.75,301.13,,300.86
2024-09-12,21.75,78.75,302.77,0.72,301.33
2024-09-12,21.75,79.00,304.04,1.07,300.09
2024-09-12,21.75,79.25,300.05,1.51,300.53
2024-09-12,21.75,79.50,303.83,0.18,300.95
2024-09-12,21.75,79.75,303.70,1.60,300.57
2024-09-13,20.75,78.75,298.93,3.84,300.61
2024-09-13,20.75,79.00,299.86,3.68,301.11
2024-09-13,20.75,79.25,303.29,0.77,300.23
2024-09-13,20.75,79.50,298.88,0.61,301.36
2024-09-13,20.75,79.75,302.03,0.93,301.26
2024-09-13,21.00,78.75,304.20,1.22,301.25
2024-09-13,21.00,79.00,301.04,1.20,301.02
2024-09-13,21.00,79.25,301.83,0.35,301.03
2024-09-13,21.00,79.50,303.13,2.34,301.52
2024-09-13,21.00,79.75,302.36,0.83,300.77
2024-09-13,21.25,78.75,299.59,2.41,300.43
2024-09-13,21.25,79.00,300.69,1.09,
2024-09-13,21.25,79.25,301.74,1.75,300.58
2024-09-13,21.25,79.50,303.01,0.93,300.60
2024-09-13,21.25,79.75,297.96,2.92,302.07
2024-09-13,21.50,78.75,304.71,1.16,301.48
2024-09-13,21.50,79.00,299.86,3.09,300.35
2024-09-13,21.50,79.25,300.21,3.34,300.78
2024-09-13,21.50,79.50,300.60,0.50,300.80
2024-09-13,21.50,79.75,301.82,1.65,301.17
2024-09-13,21.75,78.75,300.52,1.19,301.66
2024-09-13,21.75,79.00,301.90,1.12,301.66
2024-09-13,21.75,79.25,,3.23,302.21
2024-09-13,21.75,79.50,302.65,2.54,300.65
2024-09-13,21.75,79.75,302.07,0.96,300.80
2024-09-14,20.75,78.75,305.07,4.55,301.17
2024-09-14,20.75,79.00,299.95,1.86,300.91
2024-09-14,20.75,79.25,299.36,2.45,300.95
2024-09-14,20.75,79.50,301.52,0.20,301.09
2024-09-14,20.75,79.75,300.11,0.52,301.33
2024-09-14,21.00,78.75,299.87,3.17,300.59
2024-09-14,21.00,79.00,301.17,,300.55
2024-09-14,21.00,79.25,301.79,4.18,300.09
2024-09-14,21.00,79.50,300.95,0.65,300.88
2024-09-14,21.00,79.75,298.76,5.08,301.29
2024-09-14,21.25,78.75,299.59,0.12,302.03
2024-09-14,21.25,79.00,301.62,3.89,300.54
2024-09-14,21.25,79.25,301.89,0.55,301.17
2024-09-14,21.25,79.50,299.60,0.50,301.91
2024-09-14,21.25,79.75,300.31,1.63,301.16
2024-09-14,21.50,78.75,300.52,0.44,300.89
2024-09-14,21.50,79.00,302.67,2.17,300.93
2024-09-14,21.50,79.25,302.23,1.70,301.03
2024-09-14,21.50,79.50,300.12,1.61,301.00
2024-09-14,21.50,79.75,301.31,,
2024-09-14,21.75,78.75,303.04,2.81,300.90
2024-09-14,21.75,79.00,299.87,1.26,300.78
2024-09-14,21.75,79.25,302.79,1.42,301.15
2024-09-14,21.75,79.50,299.99,2.26,301.18
2024-09-14,21.75,79.75,302.23,0.06,301.83
2024-09-15,20.75,78.75,301.87,3.14,301.65
2024-09-15,20.75,79.00,299.88,0.97,301.01
2024-09-15,20.75,79.25,300.54,4.20,300.53
2024-09-15,20.75,79.50,299.02,2.42,301.60
2024-09-15,20.75,79.75,301.05,1.46,301.76
2024-09-15,21.00,78.75,300.85,0.97,301.14
2024-09-15,21.00,79.00,301.94,0.43,301.76
2024-09-15,21.00,79.25,299.62,0.98,300.89
2024-09-15,21.00,79.50,304.31,0.15,301.02
2024-09-15,21.00,79.75,301.60,1.81,300.97
2024-09-15,21.25,78.75,302.14,0.42,300.45
2024-09-15,21.25,79.00,298.76,2.00,300.88
2024-09-15,21.25,79.25,300.10,3.34,300.27
2024-09-15,21.25,79.50,300.69,1.39,302.14
2024-09-15,21.25,79.75,301.86,3.15,300.42
2024-09-15,21.50,78.75,299.50,2.01,301.19
2024-09-15,21.50,79.00,299.07,0.85,301.50
2024-09-15,21.50,79.25,300.56,2.95,300.35
2024-09-15,21.50,79.50,299.93,4.37,301.28
2024-09-15,21.50,79.75,299.76,3.51,301.54
2024-09-15,21.75,78.75,303.08,6.16,300.53
2024-09-15,21.75,79.00,302.33,4.65,301.18
2024-09-15,21.75,79.25,301.02,1.15,301.15
2024-09-15,21.75,79.50,299.85,0.81,301.06
2024-09-15,21.75,79.75,301.41,1.21,301.23
2024-09-16,20.75,78.75,300.03,1.08,302.18
2024-09-16,20.75,79.00,300.32,3.36,300.99
2024-09-16,20.75,79.25,300.33,0.26,301.13
2024-09-16,20.75,79.50,299.61,1.34,300.97
2024-09-16,20.75,79.75,299.56,3.45,301.27
2024-09-16,21.00,78.75,299.72,1.37,301.33
2024-09-16,21.00,79.00,304.43,2.19,301.13
2024-09-16,21.00,79.25,302.08,1.54,301.00
2024-09-16,21.00,79.50,300.10,2.90,301.52
2024-09-16,21.00,79.75,297.89,2.26,301.27
2024-09-16,21.25,78.75,302.33,0.75,301.03
2024-09-16,21.25,79.00,300.33,0.93,300.14
2024-09-16,21.25,79.25,301.66,3.36,300.44
2024-09-16,21.25,79.50,300.76,1.40,301.17
2024-09-16,21.25,79.75,302.30,2.30,300.66
2024-09-16,21.50,78.75,300.83,0.22,300.26
2024-09-16,21.50,79.00,301.86,10.40,301.48
2024-09-16,21.50,79.25,300.28,0.82,300.22
2024-09-16,21.50,79.50,303.12,0.34,300.70
2024-09-16,21.50,79.75,301.63,0.46,301.10
2024-09-16,21.75,78.75,301.63,2.00,301.39
2024-09-16,21.75,79.00,299.34,2.81,300.95
2024-09-16,21.75,79.25,301.52,0.39,301.46
2024-09-16,21.75,79.50,299.57,14.77,300.79
2024-09-16,21.75,79.75,301.47,0.31,302.28
2024-09-17,20.75,78.75,,3.02,301.08
2024-09-17,20.75,79.00,297.22,1.39,301.10
2024-09-17,20.75,79.25,301.38,9.10,300.85
2024-09-17,20.75,79.50,299.00,1.95,300.34
2024-09-17,20.75,79.75,301.77,3.13,301.01
2024-09-17,21.00,78.75,297.94,0.45,
2024-09-17,21.00,79.00,298.29,0.50,300.88
2024-09-17,21.00,79.25,,4.17,301.34
2024-09-17,21.00,79.50,297.60,0.79,301.02
2024-09-17,21.00,79.75,299.53,2.81,302.33
2024-09-17,21.25,78.75,303.32,0.00,301.77
2024-09-17,21.25,79.00,300.51,0.93,299.59
2024-09-17,21.25,79.25,301.49,0.23,301.38
2024-09-17,21.25,79.50,302.93,3.24,300.96
2024-09-17,21.25,79.75,299.91,1.91,301.17
2024-09-17,21.50,78.75,302.76,2.02,301.87
2024-09-17,21.50,79.00,298.58,9.05,301.13
2024-09-17,21.50,79.25,302.49,4.50,301.05
2024-09-17,21.50,79.50,,0.34,301.09
2024-09-17,21.50,79.75,302.05,1.23,300.27
2024-09-17,21.75,78.75,298.03,0.00,301.65
2024-09-17,21.75,79.00,299.21,1.54,300.79
2024-09-17,21.75,79.25,300.84,0.98,301.84
2024-09-17,21.75,79.50,301.25,1.90,
2024-09-17,21.75,79.75,300.71,1.43,301.02
2024-09-18,20.75,78.75,299.81,9.13,301.56
2024-09-18,20.75,79.00,300.88,2.33,
2024-09-18,20.75,79.25,299.60,0.91,300.64
2024-09-18,20.75,79.50,301.56,1.52,301.51
2024-09-18,20.75,79.75,301.63,0.35,300.68
2024-09-18,21.00,78.75,300.48,0.00,301.79
2024-09-18,21.00,79.00,301.09,0.38,300.97
2024-09-18,21.00,79.25,301.74,0.39,300.77
2024-09-18,21.00,79.50,301.81,0.00,301.08
2024-09-18,21.00,79.75,300.45,0.95,301.85
2024-09-18,21.25,78.75,,0.66,301.07
2024-09-18,21.25,79.00,302.12,0.74,301.76
2024-09-18,21.25,79.25,298.15,0.02,301.32
2024-09-18,21.25,79.50,303.45,1.18,301.13
2024-09-18,21.25,79.75,301.25,0.60,301.38
2024-09-18,21.50,78.75,302.57,5.27,300.49
2024-09-18,21.50,79.00,298.98,1.52,301.31
2024-09-18,21.50,79.25,298.88,0.01,301.64
2024-09-18,21.50,79.50,299.53,5.26,300.88
2024-09-18,21.50,79.75,300.46,2.66,300.90
2024-09-18,21.75,78.75,301.70,1.84,300.60
2024-09-18,21.75,79.00,300.33,1.17,300.01
2024-09-18,21.75,79.25,303.50,0.32,302.07
2024-09-18,21.75,79.50,299.75,0.68,301.88
2024-09-18,21.75,79.75,301.03,0.39,300.96
2024-09-19,20.75,78.75,300.51,5.14,301.36
2024-09-19,20.75,79.00,298.70,1.04,301.72
2024-09-19,20.75,79.25,300.98,4.56,300.64
2024-09-19,20.75,79.50,300.61,0.91,301.42
2024-09-19,20.75,79.75,302.27,0.14,300.37
2024-09-19,21.00,78.75,301.76,1.15,300.27
2024-09-19,21.00,79.00,298.81,1.47,301.47
2024-09-19,21.00,79.25,303.42,1.18,300.93
2024-09-19,21.00,79.50,299.27,0.94,300.36
2024-09-19,21.00,79.75,298.90,1.29,301.85
2024-09-19,21.25,78.75,300.59,0.85,300.76
2024-09-19,21.25,79.00,301.59,1.25,301.11
2024-09-19,21.25,79.25,303.13,1.58,300.64
2024-09-19,21.25,79.50,300.77,1.44,301.54
2024-09-19,21.25,79.75,298.80,0.37,301.44
2024-09-19,21.50,78.75,300.84,6.46,301.29
2024-09-19,21.50,79.00,298.80,1.21,301.26
2024-09-19,21.50,79.25,299.91,1.83,300.74
2024-09-19,21.50,79.50,302.19,2.50,300.77
2024-09-19,21.50,79.75,300.92,0.60,301.46
2024-09-19,21.75,78.75,301.24,0.70,300.73
2024-09-19,21.75,79.00,301.72,0.18,300.39
2024-09-19,21.75,79.25,301.67,4.22,301.14
2024-09-19,21.75,79.50,,0.48,301.36
2024-09-19,21.75,79.75,299.39,1.09,300.71
2024-09-20,20.75,78.75,301.46,0.73,300.53
2024-09-20,20.75,79.00,302.28,1.58,301.70
2024-09-20,20.75,79.25,297.67,4.14,301.16
2024-09-20,20.75,79.50,299.08,8.33,301.08
2024-09-20,20.75,79.75,299.02,0.90,301.06
2024-09-20,21.00,78.75,301.26,0.85,300.34
2024-09-20,21.00,79.00,299.06,1.61,300.68
2024-09-20,21.00,79.25,301.47,3.90,300.66
2024-09-20,21.00,79.50,300.31,0.06,300.28
2024-09-20,21.00,79.75,301.59,0.00,301.19
2024-09-20,21.25,78.75,296.02,2.42,300.90
2024-09-20,21.25,79.00,301.97,0.00,300.65
2024-09-20,21.25,79.25,301.16,1.22,301.56
2024-09-20,21.25,79.50,300.83,0.28,300.71
2024-09-20,21.25,79.75,302.01,0.49,300.55
2024-09-20,21.50,78.75,299.78,2.03,300.79
2024-09-20,21.50,79.00,299.08,0.92,302.00
2024-09-20,21.50,79.25,300.06,0.80,300.20
2024-09-20,21.50,79.50,300.15,5.15,300.72
2024-09-20,21.50,79.75,300.74,0.73,301.08
2024-09-20,21.75,78.75,302.29,3.83,301.00
2024-09-20,21.75,79.00,300.20,0.00,301.45
2024-09-20,21.75,79.25,300.85,1.45,300.57
2024-09-20,21.75,79.50,302.89,0.00,301.68
2024-09-20,21.75,79.75,299.46,0.00,301.01
2024-09-21,20.75,78.75,299.40,2.55,301.42
2024-09-21,20.75,79.00,299.46,0.62,300.58
2024-09-21,20.75,79.25,298.06,2.66,301.00
2024-09-21,20.75,79.50,299.32,0.00,300.56
2024-09-21,20.75,79.75,299.17,0.55,300.77
2024-09-21,21.00,78.75,300.91,0.00,300.78
2024-09-21,21.00,79.00,301.61,1.62,301.17
2024-09-21,21.00,79.25,302.11,0.00,300.80
2024-09-21,21.00,79.50,300.62,8.96,301.68
2024-09-21,21.00,79.75,299.37,0.88,301.23
2024-09-21,21.25,78.75,300.37,1.21,300.38
2024-09-21,21.25,79.00,298.48,6.17,300.60
2024-09-21,21.25,79.25,299.74,0.17,301.45
2024-09-21,21.25,79.50,299.94,3.65,301.95
2024-09-21,21.25,79.75,299.48,5.79,300.59
2024-09-21,21.50,78.75,303.87,5.75,300.17
2024-09-21,21.50,79.00,298.05,0.00,301.04
2024-09-21,21.50,79.25,300.45,2.61,300.32
2024-09-21,21.50,79.50,297.13,0.29,300.89
2024-09-21,21.50,79.75,299.39,1.39,300.28
2024-09-21,21.75,78.75,300.24,1.33,300.33
2024-09-21,21.75,79.00,298.01,1.18,300.32
2024-09-21,21.75,79.25,298.89,0.00,299.73
2024-09-21,21.75,79.50,297.22,0.30,301.68
2024-09-21,21.75,79.75,301.45,1.10,300.40
2024-09-22,20.75,78.75,298.41,2.40,300.29
2024-09-22,20.75,79.00,300.15,0.21,300.59
2024-09-22,20.75,79.25,298.63,0.00,301.39
2024-09-22,20.75,79.50,299.64,0.05,300.83
2024-09-22,20.75,79.75,299.26,3.22,300.94
2024-09-22,21.00,78.75,298.13,0.81,301.39
2024-09-22,21.00,79.00,297.46,3.48,300.41
2024-09-22,21.00,79.25,299.28,2.06,300.76
2024-09-22,21.00,79.50,299.41,3.64,301.15
2024-09-22,21.00,79.75,298.46,0.75,300.62
2024-09-22,21.25,78.75,,0.96,301.01
2024-09-22,21.25,79.00,300.51,1.50,301.17
2024-09-22,21.25,79.25,300.18,3.32,300.49
2024-09-22,21.25,79.50,299.88,0.00,301.47
2024-09-22,21.25,79.75,300.60,2.74,300.33
2024-09-22,21.50,78.75,295.79,3.84,301.31
2024-09-22,21.50,79.00,301.16,0.99,301.21
2024-09-22,21.50,79.25,301.81,0.18,300.45
2024-09-22,21.50,79.50,300.51,0.98,300.64
2024-09-22,21.50,79.75,301.89,0.00,299.93
2024-09-22,21.75,78.75,299.42,0.51,301.14
2024-09-22,21.75,79.00,298.87,0.25,300.87
2024-09-22,21.75,79.25,300.84,0.67,300.73
2024-09-22,21.75,79.50,300.96,4.28,301.12
2024-09-22,21.75,79.75,302.99,0.30,300.92
2024-09-23,20.75,78.75,300.98,4.52,301.26
2024-09-23,20.75,79.00,300.63,0.00,300.56
2024-09-23,20.75,79.25,299.68,1.59,301.54
2024-09-23,20.75,79.50,298.65,1.09,300.90
2024-09-23,20.75,79.75,301.20,7.18,300.66
2024-09-23,21.00,78.75,296.67,1.09,300.89
2024-09-23,21.00,79.00,302.44,0.00,301.03
2024-09-23,21.00,79.25,300.70,3.36,301.62
2024-09-23,21.00,79.50,297.88,0.76,300.54
2024-09-23,21.00,79.75,297.70,0.15,301.16
2024-09-23,21.25,78.75,297.58,4.65,301.59
2024-09-23,21.25,79.00,299.64,0.21,301.27
2024-09-23,21.25,79.25,298.76,0.26,301.47
2024-09-23,21.25,79.50,302.62,0.33,301.32
2024-09-23,21.25,79.75,300.58,0.60,301.58
2024-09-23,21.50,78.75,296.62,0.87,301.10
2024-09-23,21.50,79.00,302.50,3.04,
2024-09-23,21.50,79.25,299.00,0.00,301.00
2024-09-23,21.50,79.50,301.02,0.00,301.30
2024-09-23,21.50,79.75,300.06,0.63,300.77
2024-09-23,21.75,78.75,302.12,0.31,301.30
2024-09-23,21.75,79.00,299.33,2.29,300.34
2024-09-23,21.75,79.25,301.07,0.00,301.41
2024-09-23,21.75,79.50,,0.55,300.48
2024-09-23,21.75,79.75,299.83,,301.21
2024-09-24,20.75,78.75,300.17,0.50,301.43
2024-09-24,20.75,79.00,299.46,7.34,300.76
2024-09-24,20.75,79.25,298.20,0.47,300.88
2024-09-24,20.75,79.50,300.79,2.43,300.56
2024-09-24,20.75,79.75,302.19,2.62,300.84
2024-09-24,21.00,78.75,300.13,2.55,300.90
2024-09-24,21.00,79.00,297.97,0.35,300.99
2024-09-24,21.00,79.25,297.95,1.87,301.52
2024-09-24,21.00,79.50,301.44,1.89,301.58
2024-09-24,21.00,79.75,299.29,0.44,301.08
2024-09-24,21.25,78.75,301.02,0.05,300.75
2024-09-24,21.25,79.00,299.88,1.07,301.08
2024-09-24,21.25,79.25,297.14,0.00,302.16
2024-09-24,21.25,79.50,299.64,0.12,300.98
2024-09-24,21.25,79.75,297.34,0.18,301.64
2024-09-24,21.50,78.75,299.06,0.18,301.26
2024-09-24,21.50,79.00,299.41,0.43,
2024-09-24,21.50,79.25,301.82,2.53,300.38
2024-09-24,21.50,79.50,299.48,0.00,301.72
2024-09-24,21.50,79.75,302.81,3.38,301.09
2024-09-24,21.75,78.75,297.88,0.03,301.51
2024-09-24,21.75,79.00,301.04,0.00,301.17
2024-09-24,21.75,79.25,298.14,,300.79
2024-09-24,21.75,79.50,300.45,2.30,301.40
2024-09-24,21.75,79.75,300.93,4.81,301.75
2024-09-25,20.75,78.75,300.10,2.06,301.61
2024-09-25,20.75,79.00,297.87,0.00,301.90
2024-09-25,20.75,79.25,296.87,0.31,301.73
2024-09-25,20.75,79.50,301.74,1.72,300.54
2024-09-25,20.75,79.75,297.18,1.54,300.64
2024-09-25,21.00,78.75,,3.92,
2024-09-25,21.00,79.00,299.57,0.48,300.94
2024-09-25,21.00,79.25,300.72,0.00,301.54
2024-09-25,21.00,79.50,300.55,1.21,300.69
2024-09-25,21.00,79.75,302.46,4.80,301.25
2024-09-25,21.25,78.75,300.79,1.37,300.38
2024-09-25,21.25,79.00,297.98,0.88,301.36
2024-09-25,21.25,79.25,296.37,2.03,
2024-09-25,21.25,79.50,299.66,0.00,301.21
2024-09-25,21.25,79.75,302.80,0.83,301.49
2024-09-25,21.50,78.75,298.90,0.00,301.16
2024-09-25,21.50,79.00,298.15,0.71,300.59
2024-09-25,21.50,79.25,300.87,0.65,301.29
2024-09-25,21.50,79.50,300.43,0.00,301.86
2024-09-25,21.50,79.75,301.17,0.00,301.39
2024-09-25,21.75,78.75,301.17,0.00,301.27
2024-09-25,21.75,79.00,299.25,2.76,301.67
2024-09-25,21.75,79.25,298.46,0.65,300.99
2024-09-25,21.75,79.50,300.00,0.59,302.00
2024-09-25,21.75,79.75,299.30,4.62,301.00
2024-09-26,20.75,78.75,299.50,0.27,300.91
2024-09-26,20.75,79.00,300.62,1.13,300.57
2024-09-26,20.75,79.25,297.76,1.43,301.12
2024-09-26,20.75,79.50,298.40,0.00,300.14
2024-09-26,20.75,79.75,301.07,0.00,300.75
2024-09-26,21.00,78.75,299.00,0.00,301.26
2024-09-26,21.00,79.00,300.18,2.89,301.49
2024-09-26,21.00,79.25,299.42,1.72,301.43
2024-09-26,21.00,79.50,300.85,4.57,302.43
2024-09-26,21.00,79.75,301.16,0.00,301.39
2024-09-26,21.25,78.75,299.64,0.00,301.09
2024-09-26,21.25,79.00,299.26,0.53,301.42
2024-09-26,21.25,79.25,299.58,0.00,301.62
2024-09-26,21.25,79.50,302.38,1.67,300.26
2024-09-26,21.25,79.75,296.86,2.01,301.29
2024-09-26,21.50,78.75,302.10,0.00,301.35
2024-09-26,21.50,79.00,,1.95,301.19
2024-09-26,21.50,79.25,299.90,4.69,301.60
2024-09-26,21.50,79.50,298.22,0.00,301.74
2024-09-26,21.50,79.75,301.20,2.07,301.27
2024-09-26,21.75,78.75,299.70,0.71,301.25
2024-09-26,21.75,79.00,300.65,2.50,301.17
2024-09-26,21.75,79.25,299.82,1.49,300.60
2024-09-26,21.75,79.50,297.29,0.00,300.64
2024-09-26,21.75,79.75,299.17,4.19,299.84
2024-09-27,20.75,78.75,297.68,3.68,
2024-09-27,20.75,79.00,301.17,0.42,301.28
2024-09-27,20.75,79.25,298.68,0.52,301.63
2024-09-27,20.75,79.50,299.18,0.71,
2024-09-27,20.75,79.75,299.64,0.24,301.47
2024-09-27,21.00,78.75,299.11,2.43,300.84
2024-09-27,21.00,79.00,298.79,2.89,301.08
2024-09-27,21.00,79.25,301.29,0.00,300.88
2024-09-27,21.00,79.50,297.77,0.63,301.49
2024-09-27,21.00,79.75,298.56,3.07,301.00
2024-09-27,21.25,78.75,299.76,0.95,300.62
2024-09-27,21.25,79.00,299.66,0.05,300.20
2024-09-27,21.25,79.25,300.58,0.00,300.09
2024-09-27,21.25,79.50,299.45,0.06,300.48
2024-09-27,21.25,79.75,300.54,3.38,302.00
2024-09-27,21.50,78.75,300.85,0.18,301.45
2024-09-27,21.50,79.00,301.59,0.62,301.32
2024-09-27,21.50,79.25,300.62,0.39,301.16
2024-09-27,21.50,79.50,,0.83,301.43
2024-09-27,21.50,79.75,298.62,1.06,300.63
2024-09-27,21.75,78.75,298.65,5.45,300.97
2024-09-27,21.75,79.00,299.22,0.00,301.47
2024-09-27,21.75,79.25,298.51,0.00,301.37
2024-09-27,21.75,79.50,301.42,0.00,301.14
2024-09-27,21.75,79.75,300.89,0.00,300.21
2024-09-28,20.75,78.75,296.10,2.72,300.92
2024-09-28,20.75,79.00,299.71,2.88,302.01
2024-09-28,20.75,79.25,299.89,0.37,301.20
2024-09-28,20.75,79.50,299.10,2.18,301.05
2024-09-28,20.75,79.75,300.54,0.19,301.24
2024-09-28,21.00,78.75,299.67,1.60,300.47
2024-09-28,21.00,79.00,300.51,1.29,300.97
2024-09-28,21.00,79.25,300.36,2.45,299.73
2024-09-28,21.00,79.50,299.14,3.76,300.51
2024-09-28,21.00,79.75,299.53,0.48,301.73
2024-09-28,21.25,78.75,297.19,3.48,300.66
2024-09-28,21.25,79.00,301.36,0.00,301.26
2024-09-28,21.25,79.25,298.41,0.97,300.86
2024-09-28,21.25,79.50,295.11,0.00,300.21
2024-09-28,21.25,79.75,299.67,0.00,300.86
2024-09-28,21.50,78.75,299.28,0.00,300.69
2024-09-28,21.50,79.00,301.56,0.06,301.87
2024-09-28,21.50,79.25,299.52,2.94,300.84
2024-09-28,21.50,79.50,299.24,0.00,301.44
2024-09-28,21.50,79.75,299.98,4.12,300.93
2024-09-28,21.75,78.75,298.75,0.75,300.88
2024-09-28,21.75,79.00,299.71,1.90,301.53
2024-09-28,21.75,79.25,300.21,4.23,302.15
2024-09-28,21.75,79.50,299.56,2.59,300.74
2024-09-28,21.75,79.75,302.53,1.23,302.09
2024-09-29,20.75,78.75,299.80,0.00,300.92
2024-09-29,20.75,79.00,297.07,0.57,301.18
2024-09-29,20.75,79.25,297.39,5.05,301.04
2024-09-29,20.75,79.50,298.73,2.51,301.52
2024-09-29,20.75,79.75,296.35,0.51,301.18
2024-09-29,21.00,78.75,298.37,0.00,300.98
2024-09-29,21.00,79.00,298.54,0.76,300.61
2024-09-29,21.00,79.25,298.56,0.27,300.63
2024-09-29,21.00,79.50,299.93,1.21,301.31
2024-09-29,21.00,79.75,299.70,3.36,300.46
2024-09-29,21.25,78.75,299.74,1.04,300.79
2024-09-29,21.25,79.00,299.51,1.14,301.19
2024-09-29,21.25,79.25,298.27,2.62,300.91
2024-09-29,21.25,79.50,295.43,2.34,300.67
2024-09-29,21.25,79.75,299.60,0.05,301.76
2024-09-29,21.50,78.75,300.14,1.07,300.93
2024-09-29,21.50,79.00,302.59,2.17,301.24
2024-09-29,21.50,79.25,297.53,0.00,300.66
2024-09-29,21.50,79.50,298.59,0.51,301.43
2024-09-29,21.50,79.75,297.26,0.00,301.13
2024-09-29,21.75,78.75,298.77,0.41,300.78
2024-09-29,21.75,79.00,298.90,0.36,301.33
2024-09-29,21.75,79.25,299.52,0.36,301.75
2024-09-29,21.75,79.50,299.47,0.37,301.19
2024-09-29,21.75,79.75,,4.78,302.08
2024-09-30,20.75,78.75,297.65,2.72,300.99
2024-09-30,20.75,79.00,297.31,0.00,301.19
2024-09-30,20.75,79.25,302.22,0.69,300.90
2024-09-30,20.75,79.50,299.07,0.41,301.08
2024-09-30,20.75,79.75,297.78,0.00,300.99
2024-09-30,21.00,78.75,300.41,0.00,301.23
2024-09-30,21.00,79.00,298.50,0.61,300.93
2024-09-30,21.00,79.25,299.85,3.88,301.75
2024-09-30,21.00,79.50,301.18,0.86,301.06
2024-09-30,21.00,79.75,298.59,2.49,300.97
2024-09-30,21.25,78.75,297.71,1.38,300.77
2024-09-30,21.25,79.00,297.41,1.27,301.92
2024-09-30,21.25,79.25,299.39,3.71,300.43
2024-09-30,21.25,79.50,299.89,0.32,301.01
2024-09-30,21.25,79.75,300.14,2.42,300.95
2024-09-30,21.50,78.75,296.03,0.86,301.74
2024-09-30,21.50,79.00,298.99,,300.12
2024-09-30,21.50,79.25,,0.30,301.76
2024-09-30,21.50,79.50,,0.01,301.20
2024-09-30,21.50,79.75,300.14,0.09,
2024-09-30,21.75,78.75,301.34,1.65,300.81
2024-09-30,21.75,79.00,300.13,3.16,300.94
2024-09-30,21.75,79.25,300.54,4.75,300.57
2024-09-30,21.75,79.50,301.60,0.00,301.31
2024-09-30,21.75,79.75,298.24,0.23,301.96
2024-10-01,20.75,78.75,298.97,0.89,301.56
2024-10-01,20.75,79.00,297.91,0.75,300.87
2024-10-01,20.75,79.25,299.07,0.00,300.42
2024-10-01,20.75,79.50,302.21,0.00,301.51
2024-10-01,20.75,79.75,298.52,0.00,300.57
2024-10-01,21.00,78.75,297.47,0.32,300.53
2024-10-01,21.00,79.00,299.67,1.93,301.36
2024-10-01,21.00,79.25,298.06,0.72,300.81
2024-10-01,21.00,79.50,298.75,0.00,301.41
2024-10-01,21.00,79.75,299.67,0.73,300.74
2024-10-01,21.25,78.75,295.06,,301.34
2024-10-01,21.25,79.00,299.55,1.38,300.66
2024-10-01,21.25,79.25,300.78,0.81,300.90
2024-10-01,21.25,79.50,297.99,3.80,301.11
2024-10-01,21.25,79.75,300.99,0.00,300.40
2024-10-01,21.50,78.75,300.57,0.74,300.14
2024-10-01,21.50,79.00,299.65,,
2024-10-01,21.50,79.25,298.36,0.22,300.75
2024-10-01,21.50,79.50,300.00,0.00,300.29
2024-10-01,21.50,79.75,297.11,5.13,300.93
2024-10-01,21.75,78.75,298.33,7.33,301.43
2024-10-01,21.75,79.00,299.77,5.31,301.26
2024-10-01,21.75,79.25,298.82,0.00,300.81
2024-10-01,21.75,79.50,298.31,0.00,300.68
2024-10-01,21.75,79.75,299.12,0.00,301.30
2024-10-02,20.75,78.75,299.26,2.07,302.28
2024-10-02,20.75,79.00,298.55,0.58,301.38
2024-10-02,20.75,79.25,299.32,0.00,301.36
2024-10-02,20.75,79.50,297.15,0.99,302.01
2024-10-02,20.75,79.75,300.42,3.53,301.54
2024-10-02,21.00,78.75,298.76,1.22,300.91
2024-10-02,21.00,79.00,297.41,0.60,300.79
2024-10-02,21.00,79.25,297.34,5.61,301.43
2024-10-02,21.00,79.50,298.40,1.70,301.07
2024-10-02,21.00,79.75,297.83,0.00,301.48
2024-10-02,21.25,78.75,297.97,0.38,300.75
2024-10-02,21.25,79.00,301.75,3.56,300.45
2024-10-02,21.25,79.25,297.89,2.43,301.72
2024-10-02,21.25,79.50,299.29,3.37,301.28
2024-10-02,21.25,79.75,300.49,2.00,301.33
2024-10-02,21.50,78.75,299.52,0.35,301.32
2024-10-02,21.50,79.00,299.82,2.27,300.95
2024-10-02,21.50,79.25,300.11,1.35,301.53
2024-10-02,21.50,79.50,298.03,0.28,301.58
2024-10-02,21.50,79.75,299.62,0.00,301.27
2024-10-02,21.75,78.75,299.02,0.34,301.18
2024-10-02,21.75,79.00,299.29,0.00,300.44
2024-10-02,21.75,79.25,296.04,4.55,301.29
2024-10-02,21.75,79.50,298.08,1.29,300.62
2024-10-02,21.75,79.75,299.60,1.19,301.16
2024-10-03,20.75,78.75,300.57,0.00,300.90
2024-10-03,20.75,79.00,300.28,0.00,301.98
2024-10-03,20.75,79.25,297.86,0.00,300.74
2024-10-03,20.75,79.50,298.78,2.60,302.03
2024-10-03,20.75,79.75,296.77,5.48,299.79
2024-10-03,21.00,78.75,300.35,0.00,300.86
2024-10-03,21.00,79.00,299.92,0.00,301.02
2024-10-03,21.00,79.25,297.88,0.32,301.98
2024-10-03,21.00,79.50,296.88,0.00,301.80
2024-10-03,21.00,79.75,295.98,3.47,301.20
2024-10-03,21.25,78.75,298.49,1.17,302.59
2024-10-03,21.25,79.00,297.29,2.12,300.44
2024-10-03,21.25,79.25,298.03,1.07,301.65
2024-10-03,21.25,79.50,297.46,0.00,
2024-10-03,21.25,79.75,297.39,0.00,300.63
2024-10-03,21.50,78.75,298.96,1.20,301.04
2024-10-03,21.50,79.00,297.41,0.36,300.22
2024-10-03,21.50,79.25,298.40,0.00,302.14
2024-10-03,21.50,79.50,,0.66,300.48
2024-10-03,21.50,79.75,299.64,1.20,300.72
2024-10-03,21.75,78.75,299.21,6.31,301.36
2024-10-03,21.75,79.00,298.42,0.00,301.64
2024-10-03,21.75,79.25,300.27,1.45,301.25
2024-10-03,21.75,79.50,298.32,0.00,300.87
2024-10-03,21.75,79.75,297.74,1.36,301.00
2024-10-04,20.75,78.75,297.46,0.00,300.18
2024-10-04,20.75,79.00,297.82,6.08,301.10
2024-10-04,20.75,79.25,300.60,1.38,301.65
2024-10-04,20.75,79.50,,2.54,300.97
2024-10-04,20.75,79.75,298.27,5.67,300.25
2024-10-04,21.00,78.75,299.31,1.05,302.07
2024-10-04,21.00,79.00,298.59,1.09,300.96
2024-10-04,21.00,79.25,299.30,0.00,301.39
2024-10-04,21.00,79.50,299.05,0.30,301.10
2024-10-04,21.00,79.75,297.92,0.66,301.07
2024-10-04,21.25,78.75,301.14,1.45,301.72
2024-10-04,21.25,79.00,294.89,0.00,301.62
2024-10-04,21.25,79.25,298.76,4.43,301.64
2024-10-04,21.25,79.50,296.25,1.04,301.79
2024-10-04,21.25,79.75,297.34,9.32,301.47
2024-10-04,21.50,78.75,297.67,0.00,302.11
2024-10-04,21.50,79.00,298.15,0.00,301.35
2024-10-04,21.50,79.25,299.99,0.00,301.74
2024-10-04,21.50,79.50,301.11,4.49,300.91
2024-10-04,21.50,79.75,300.23,3.07,301.79
2024-10-04,21.75,78.75,,5.81,301.51
2024-10-04,21.75,79.00,299.32,0.48,300.57
2024-10-04,21.75,79.25,296.53,0.00,301.41
2024-10-04,21.75,79.50,297.74,0.48,301.50
2024-10-04,21.75,79.75,297.09,0.49,301.70
2024-10-05,20.75,78.75,298.07,3.74,300.72
2024-10-05,20.75,79.00,297.16,0.00,300.29
2024-10-05,20.75,79.25,299.14,0.00,300.79
2024-10-05,20.75,79.50,298.11,0.00,
2024-10-05,20.75,79.75,299.27,2.66,301.67
2024-10-05,21.00,78.75,299.41,0.00,300.38
2024-10-05,21.00,79.00,301.56,3.07,302.34
2024-10-05,21.00,79.25,294.82,1.93,300.23
2024-10-05,21.00,79.50,298.37,3.23,301.08
2024-10-05,21.00,79.75,296.61,3.33,301.79
2024-10-05,21.25,78.75,298.51,0.00,301.14
2024-10-05,21.25,79.00,297.72,0.00,300.91
2024-10-05,21.25,79.25,295.78,0.00,301.10
2024-10-05,21.25,79.50,299.21,4.12,300.93
2024-10-05,21.25,79.75,296.35,3.05,302.11
2024-10-05,21.50,78.75,296.79,0.92,301.50
2024-10-05,21.50,79.00,298.07,0.00,301.39
2024-10-05,21.50,79.25,301.09,0.00,301.04
2024-10-05,21.50,79.50,298.52,2.26,301.54
2024-10-05,21.50,79.75,298.97,0.00,
2024-10-05,21.75,78.75,297.42,0.00,300.87
2024-10-05,21.75,79.00,298.34,2.45,301.01
2024-10-05,21.75,79.25,295.32,0.00,301.47
2024-10-05,21.75,79.50,297.07,0.86,300.69
2024-10-05,21.75,79.75,297.87,0.00,301.43
2024-10-06,20.75,78.75,297.11,5.31,301.67
2024-10-06,20.75,79.00,296.18,3.67,301.09
2024-10-06,20.75,79.25,297.15,3.23,300.97
2024-10-06,20.75,79.50,296.75,0.00,301.19
2024-10-06,20.75,79.75,,0.69,301.17
2024-10-06,21.00,78.75,,0.30,301.50
2024-10-06,21.00,79.00,297.19,0.11,300.59
2024-10-06,21.00,79.25,299.09,0.14,300.71
2024-10-06,21.00,79.50,296.34,0.89,301.19
2024-10-06,21.00,79.75,295.80,2.03,301.38
2024-10-06,21.25,78.75,297.49,1.05,301.91
2024-10-06,21.25,79.00,299.72,0.00,301.48
2024-10-06,21.25,79.25,297.69,1.84,301.25
2024-10-06,21.25,79.50,299.47,5.70,301.14
2024-10-06,21.25,79.75,298.99,0.00,301.32
2024-10-06,21.50,78.75,299.62,0.00,300.96
2024-10-06,21.50,79.00,297.88,0.00,300.16
2024-10-06,21.50,79.25,296.73,1.98,301.10
2024-10-06,21.50,79.50,296.55,0.00,301.75
2024-10-06,21.50,79.75,297.81,1.69,301.00
2024-10-06,21.75,78.75,296.95,0.00,301.44
2024-10-06,21.75,79.00,301.92,2.28,301.38
2024-10-06,21.75,79.25,299.05,1.67,301.74
2024-10-06,21.75,79.50,297.88,0.81,300.72
2024-10-06,21.75,79.75,297.93,2.59,301.01
2024-10-07,20.75,78.75,297.98,2.77,301.27
2024-10-07,20.75,79.00,298.54,0.00,301.30
2024-10-07,20.75,79.25,297.61,0.42,301.56
2024-10-07,20.75,79.50,295.64,0.00,302.09
2024-10-07,20.75,79.75,297.05,0.00,301.28
2024-10-07,21.00,78.75,298.23,0.48,301.96
2024-10-07,21.00,79.00,300.18,0.62,301.42
2024-10-07,21.00,79.25,297.75,0.12,301.78
2024-10-07,21.00,79.50,298.78,0.07,301.79
2024-10-07,21.00,79.75,295.64,0.69,301.10
2024-10-07,21.25,78.75,297.51,0.00,301.00
2024-10-07,21.25,79.00,297.95,0.00,301.08
2024-10-07,21.25,79.25,297.36,0.14,
2024-10-07,21.25,79.50,298.08,4.52,301.16
2024-10-07,21.25,79.75,298.11,0.35,300.35
2024-10-07,21.50,78.75,296.59,0.63,301.31
2024-10-07,21.50,79.00,298.75,1.46,300.69
2024-10-07,21.50,79.25,300.35,0.64,301.19
2024-10-07,21.50,79.50,297.55,5.38,301.67
2024-10-07,21.50,79.75,299.15,3.43,301.19
2024-10-07,21.75,78.75,298.83,0.46,301.15
2024-10-07,21.75,79.00,300.22,4.25,
2024-10-07,21.75,79.25,297.10,,301.38
2024-10-07,21.75,79.50,298.89,,301.15
2024-10-07,21.75,79.75,297.37,0.00,300.98
2024-10-08,20.75,78.75,299.85,2.07,301.20
2024-10-08,20.75,79.00,297.24,1.39,301.61
2024-10-08,20.75,79.25,298.50,0.80,301.78
2024-10-08,20.75,79.50,296.84,0.80,301.52
2024-10-08,20.75,79.75,297.17,1.33,300.97
2024-10-08,21.00,78.75,295.69,2.58,300.72
2024-10-08,21.00,79.00,303.63,3.62,301.20
2024-10-08,21.00,79.25,,0.00,300.92
2024-10-08,21.00,79.50,293.21,0.00,302.21
2024-10-08,21.00,79.75,298.21,0.00,301.09
2024-10-08,21.25,78.75,298.32,2.43,300.57
2024-10-08,21.25,79.00,297.75,0.05,301.66
2024-10-08,21.25,79.25,295.44,0.00,301.72
2024-10-08,21.25,79.50,296.83,1.67,302.54
2024-10-08,21.25,79.75,297.16,0.00,301.27
2024-10-08,21.50,78.75,295.07,0.00,301.27
2024-10-08,21.50,79.00,296.44,2.22,301.10
2024-10-08,21.50,79.25,297.36,0.00,
2024-10-08,21.50,79.50,296.91,0.57,301.36
2024-10-08,21.50,79.75,297.09,0.14,301.92
2024-10-08,21.75,78.75,299.39,2.82,301.11
2024-10-08,21.75,79.00,298.90,0.18,301.64
2024-10-08,21.75,79.25,299.76,0.21,300.80
2024-10-08,21.75,79.50,296.40,0.81,300.85
2024-10-08,21.75,79.75,299.46,0.73,301.08
2024-10-09,20.75,78.75,299.40,0.00,300.63
2024-10-09,20.75,79.00,299.65,0.11,301.33
2024-10-09,20.75,79.25,297.32,0.00,301.23
2024-10-09,20.75,79.50,299.05,0.09,301.14
2024-10-09,20.75,79.75,,1.56,301.51
2024-10-09,21.00,78.75,298.03,0.35,301.52
2024-10-09,21.00,79.00,297.11,0.69,301.14
2024-10-09,21.00,79.25,299.66,0.00,300.58
2024-10-09,21.00,79.50,297.49,0.00,300.72
2024-10-09,21.00,79.75,299.05,0.00,300.88
2024-10-09,21.25,78.75,298.24,3.77,301.36
2024-10-09,21.25,79.00,297.79,0.13,300.42
2024-10-09,21.25,79.25,296.16,0.00,301.15
2024-10-09,21.25,79.50,298.94,0.56,302.09
2024-10-09,21.25,79.75,296.86,0.17,300.83
2024-10-09,21.50,78.75,298.74,1.53,300.99
2024-10-09,21.50,79.00,296.69,0.62,301.30
2024-10-09,21.50,79.25,300.19,0.26,301.59
2024-10-09,21.50,79.50,300.65,0.00,301.41
2024-10-09,21.50,79.75,298.31,0.86,300.26
2024-10-09,21.75,78.75,300.10,1.68,301.52
2024-10-09,21.75,79.00,299.00,0.00,302.21
2024-10-09,21.75,79.25,297.66,8.97,301.88
2024-10-09,21.75,79.50,297.74,1.35,301.92
2024-10-09,21.75,79.75,294.88,4.27,300.87
2024-10-10,20.75,78.75,298.19,0.00,301.95
2024-10-10,20.75,79.00,296.91,0.00,301.60
2024-10-10,20.75,79.25,296.24,3.25,301.60
2024-10-10,20.75,79.50,296.86,0.44,300.55
2024-10-10,20.75,79.75,298.14,0.00,300.67
2024-10-10,21.00,78.75,299.25,0.00,301.66
2024-10-10,21.00,79.00,296.12,5.07,301.66
2024-10-10,21.00,79.25,297.61,0.00,300.62
2024-10-10,21.00,79.50,297.93,0.94,301.03
2024-10-10,21.00,79.75,297.47,3.47,301.74
2024-10-10,21.25,78.75,298.16,3.65,301.60
2024-10-10,21.25,79.00,296.88,4.39,301.42
2024-10-10,21.25,79.25,300.30,0.00,301.78
2024-10-10,21.25,79.50,298.41,0.00,301.68
2024-10-10,21.25,79.75,299.70,0.33,301.60
2024-10-10,21.50,78.75,298.43,0.00,301.97
2024-10-10,21.50,79.00,297.91,1.21,301.78
2024-10-10,21.50,79.25,296.75,2.51,301.64
2024-10-10,21.50,79.50,298.71,0.00,300.96
2024-10-10,21.50,79.75,297.18,0.24,301.05
2024-10-10,21.75,78.75,299.75,0.68,302.39
2024-10-10,21.75,79.00,297.77,0.30,301.15
2024-10-10,21.75,79.25,299.50,0.21,301.31
2024-10-10,21.75,79.50,297.07,1.36,301.50
2024-10-10,21.75,79.75,300.54,0.00,300.19
2024-10-11,20.75,78.75,299.88,0.70,301.22
2024-10-11,20.75,79.00,294.79,0.00,301.65
2024-10-11,20.75,79.25,297.85,1.60,301.66
2024-10-11,20.75,79.50,297.83,0.97,301.35
2024-10-11,20.75,79.75,298.76,0.00,301.48
2024-10-11,21.00,78.75,298.28,0.22,
2024-10-11,21.00,79.00,298.71,2.51,301.49
2024-10-11,21.00,79.25,298.15,0.00,301.03
2024-10-11,21.00,79.50,296.37,0.01,301.71
2024-10-11,21.00,79.75,297.70,0.83,301.53
2024-10-11,21.25,78.75,297.38,1.40,301.57
2024-10-11,21.25,79.00,295.71,4.20,301.70
2024-10-11,21.25,79.25,297.59,5.68,301.47
2024-10-11,21.25,79.50,,0.00,301.17
2024-10-11,21.25,79.75,297.91,2.85,301.17
2024-10-11,21.50,78.75,299.66,0.99,300.87
2024-10-11,21.50,79.00,296.86,0.70,301.06
2024-10-11,21.50,79.25,297.86,4.77,301.28
2024-10-11,21.50,79.50,298.54,0.00,301.69
2024-10-11,21.50,79.75,296.81,3.43,300.93
2024-10-11,21.75,78.75,295.95,0.00,300.91
2024-10-11,21.75,79.00,296.31,4.01,301.19
2024-10-11,21.75,79.25,298.84,1.50,301.20
2024-10-11,21.75,79.50,295.33,5.27,301.94
2024-10-11,21.75,79.75,296.85,0.37,302.39
2024-10-12,20.75,78.75,297.09,1.63,301.12
2024-10-12,20.75,79.00,294.70,2.45,301.85
2024-10-12,20.75,79.25,297.20,2.48,301.08
2024-10-12,20.75,79.50,297.28,1.02,300.97
2024-10-12,20.75,79.75,297.73,3.89,300.96
2024-10-12,21.00,78.75,296.05,0.00,301.64
2024-10-12,21.00,79.00,298.67,1.94,301.26
2024-10-12,21.00,79.25,297.93,0.94,302.23
2024-10-12,21.00,79.50,296.23,0.00,301.34
2024-10-12,21.00,79.75,297.71,1.96,301.56
2024-10-12,21.25,78.75,298.90,1.13,301.45
2024-10-12,21.25,79.00,297.41,0.00,300.90
2024-10-12,21.25,79.25,296.23,0.00,301.66
2024-10-12,21.25,79.50,299.98,0.75,302.34
2024-10-12,21.25,79.75,295.99,0.16,301.06
2024-10-12,21.50,78.75,295.23,0.00,300.74
2024-10-12,21.50,79.00,297.12,1.39,301.12
2024-10-12,21.50,79.25,298.18,0.00,300.28
2024-10-12,21.50,79.50,297.88,0.61,301.66
2024-10-12,21.50,79.75,294.94,1.20,301.70
2024-10-12,21.75,78.75,298.92,1.87,300.18
2024-10-12,21.75,79.00,296.04,0.00,300.26
2024-10-12,21.75,79.25,297.69,1.24,300.41
2024-10-12,21.75,79.50,299.88,6.30,301.82
2024-10-12,21.75,79.75,297.61,0.00,301.39
2024-10-13,20.75,78.75,298.43,1.35,301.76
2024-10-13,20.75,79.00,298.99,9.59,301.71
2024-10-13,20.75,79.25,297.85,1.85,300.71
2024-10-13,20.75,79.50,295.83,0.15,301.66
2024-10-13,20.75,79.75,296.26,0.00,301.09
2024-10-13,21.00,78.75,297.69,0.00,301.99
2024-10-13,21.00,79.00,295.28,0.00,301.25
2024-10-13,21.00,79.25,299.44,2.06,301.31
2024-10-13,21.00,79.50,299.42,0.00,301.56
2024-10-13,21.00,79.75,296.79,1.20,301.61
2024-10-13,21.25,78.75,300.11,0.12,300.93
2024-10-13,21.25,79.00,297.69,0.00,301.88
2024-10-13,21.25,79.25,299.20,0.00,300.81
2024-10-13,21.25,79.50,294.86,0.00,301.82
2024-10-13,21.25,79.75,296.10,1.45,301.11
2024-10-13,21.50,78.75,297.32,1.00,301.10
2024-10-13,21.50,79.00,294.40,2.66,301.53
2024-10-13,21.50,79.25,301.12,0.00,301.87
2024-10-13,21.50,79.50,297.72,0.00,
2024-10-13,21.50,79.75,296.92,0.00,300.77
2024-10-13,21.75,78.75,299.53,1.53,300.81
2024-10-13,21.75,79.00,295.35,1.93,302.45
2024-10-13,21.75,79.25,296.22,1.42,301.49
2024-10-13,21.75,79.50,297.22,0.56,301.66
2024-10-13,21.75,79.75,300.44,0.00,301.74
2024-10-14,20.75,78.75,295.89,0.03,301.10
2024-10-14,20.75,79.00,299.78,2.16,301.53
2024-10-14,20.75,79.25,298.99,0.74,301.90
2024-10-14,20.75,79.50,295.50,0.00,301.65
2024-10-14,20.75,79.75,299.00,2.11,301.80
2024-10-14,21.00,78.75,297.56,7.59,302.04
2024-10-14,21.00,79.00,293.67,0.00,300.83
2024-10-14,21.00,79.25,297.92,0.56,302.16
2024-10-14,21.00,79.50,296.31,0.00,302.11
2024-10-14,21.00,79.75,298.10,0.51,301.91
2024-10-14,21.25,78.75,,2.37,301.10
2024-10-14,21.25,79.00,296.92,4.63,302.06
2024-10-14,21.25,79.25,293.52,0.00,300.81
2024-10-14,21.25,79.50,297.02,1.48,300.75
2024-10-14,21.25,79.75,296.69,0.77,300.70
2024-10-14,21.50,78.75,296.28,5.23,301.44
2024-10-14,21.50,79.00,297.26,17.25,301.07
2024-10-14,21.50,79.25,295.72,0.24,301.47
2024-10-14,21.50,79.50,298.56,3.08,301.18
2024-10-14,21.50,79.75,299.00,0.87,301.23
2024-10-14,21.75,78.75,298.47,0.00,301.44
2024-10-14,21.75,79.00,294.88,0.00,300.50
2024-10-14,21.75,79.25,298.21,0.83,302.62
2024-10-14,21.75,79.50,297.50,4.71,301.16
2024-10-14,21.75,79.75,300.43,0.00,300.72
2024-10-15,20.75,78.75,296.45,0.00,301.54
2024-10-15,20.75,79.00,295.38,0.64,302.41
2024-10-15,20.75,79.25,299.86,6.20,301.33
2024-10-15,20.75,79.50,297.61,6.82,301.72
2024-10-15,20.75,79.75,,0.00,301.28
2024-10-15,21.00,78.75,296.50,0.62,300.75
2024-10-15,21.00,79.00,296.47,5.98,301.67
2024-10-15,21.00,79.25,298.92,0.00,301.16
2024-10-15,21.00,79.50,,0.00,300.80
2024-10-15,21.00,79.75,296.83,0.40,
2024-10-15,21.25,78.75,299.28,0.00,301.78
2024-10-15,21.25,79.00,297.54,0.00,301.17
2024-10-15,21.25,79.25,296.05,0.89,
2024-10-15,21.25,79.50,298.52,1.40,301.57
2024-10-15,21.25,79.75,296.99,,301.56
2024-10-15,21.50,78.75,295.73,0.00,301.37
2024-10-15,21.50,79.00,299.82,0.00,302.28
2024-10-15,21.50,79.25,296.27,0.00,301.97
2024-10-15,21.50,79.50,297.43,0.00,301.26
2024-10-15,21.50,79.75,298.62,2.04,
2024-10-15,21.75,78.75,296.79,1.30,300.37
2024-10-15,21.75,79.00,295.82,5.56,302.07
2024-10-15,21.75,79.25,296.61,2.97,
2024-10-15,21.75,79.50,295.75,2.36,301.93
2024-10-15,21.75,79.75,299.54,1.11,301.24
2024-10-16,20.75,78.75,296.73,0.11,301.38
2024-10-16,20.75,79.00,295.76,0.00,301.59
2024-10-16,20.75,79.25,,0.00,301.28
2024-10-16,20.75,79.50,296.08,0.00,301.76
2024-10-16,20.75,79.75,,0.00,301.16
2024-10-16,21.00,78.75,296.32,0.00,300.69
2024-10-16,21.00,79.00,296.42,0.55,301.09
2024-10-16,21.00,79.25,296.73,2.99,301.82
2024-10-16,21.00,79.50,,0.00,300.98
2024-10-16,21.00,79.75,298.76,0.45,301.64
2024-10-16,21.25,78.75,295.89,1.21,301.29
2024-10-16,21.25,79.00,297.18,2.68,301.92
2024-10-16,21.25,79.25,297.30,0.00,302.54
2024-10-16,21.25,79.50,299.68,6.45,301.41
2024-10-16,21.25,79.75,297.99,0.00,302.20
2024-10-16,21.50,78.75,295.70,0.00,300.95
2024-10-16,21.50,79.00,295.58,0.83,301.73
2024-10-16,21.50,79.25,296.31,0.00,300.99
2024-10-16,21.50,79.50,297.63,0.00,301.20
2024-10-16,21.50,79.75,297.41,0.00,302.37
2024-10-16,21.75,78.75,,3.92,301.17
2024-10-16,21.75,79.00,297.26,0.00,301.20
2024-10-16,21.75,79.25,297.47,0.00,300.91
2024-10-16,21.75,79.50,294.90,5.93,301.32
2024-10-16,21.75,79.75,296.14,0.00,302.17
2024-10-17,20.75,78.75,296.84,0.00,300.90
2024-10-17,20.75,79.00,296.08,0.37,302.03
2024-10-17,20.75,79.25,297.62,0.00,301.40
2024-10-17,20.75,79.50,297.45,0.88,301.00
2024-10-17,20.75,79.75,297.95,1.44,301.28
2024-10-17,21.00,78.75,297.07,0.00,302.38
2024-10-17,21.00,79.00,301.08,1.61,300.38
2024-10-17,21.00,79.25,297.87,0.00,301.40
2024-10-17,21.00,79.50,296.96,0.39,302.03
2024-10-17,21.00,79.75,295.58,0.00,301.27
2024-10-17,21.25,78.75,297.50,0.13,301.87
2024-10-17,21.25,79.00,297.04,0.21,302.63
2024-10-17,21.25,79.25,296.43,2.05,301.41
2024-10-17,21.25,79.50,296.44,2.85,301.19
2024-10-17,21.25,79.75,297.01,0.36,300.95
2024-10-17,21.50,78.75,300.02,0.00,302.07
2024-10-17,21.50,79.00,296.73,3.82,302.00
2024-10-17,21.50,79.25,296.60,1.06,301.04
2024-10-17,21.50,79.50,293.98,1.41,301.62
2024-10-17,21.50,79.75,296.59,0.98,300.85
2024-10-17,21.75,78.75,296.89,0.50,301.26
2024-10-17,21.75,79.00,299.18,0.00,301.67
2024-10-17,21.75,79.25,295.94,1.34,301.59
2024-10-17,21.75,79.50,296.21,1.65,301.19
2024-10-17,21.75,79.75,296.15,,303.03
2024-10-18,20.75,78.75,296.29,0.00,301.38
2024-10-18,20.75,79.00,297.87,0.92,301.19
2024-10-18,20.75,79.25,298.98,4.07,301.35
2024-10-18,20.75,79.50,297.32,0.22,302.46
2024-10-18,20.75,79.75,297.34,1.06,301.71
2024-10-18,21.00,78.75,295.31,1.91,302.16
2024-10-18,21.00,79.00,295.06,0.00,
2024-10-18,21.00,79.25,296.58,1.60,302.00
2024-10-18,21.00,79.50,296.74,0.00,301.82
2024-10-18,21.00,79.75,298.75,0.80,301.91
2024-10-18,21.25,78.75,298.13,0.00,300.45
2024-10-18,21.25,79.00,297.28,0.00,301.44
2024-10-18,21.25,79.25,294.79,0.00,301.62
2024-10-18,21.25,79.50,300.51,0.19,301.38
2024-10-18,21.25,79.75,295.39,0.51,301.63
2024-10-18,21.50,78.75,297.58,0.00,301.42
2024-10-18,21.50,79.00,295.85,0.00,302.33
2024-10-18,21.50,79.25,297.26,1.81,301.16
2024-10-18,21.50,79.50,295.90,0.00,301.55
2024-10-18,21.50,79.75,299.79,0.00,301.29
2024-10-18,21.75,78.75,296.76,0.79,302.24
2024-10-18,21.75,79.00,295.60,0.00,301.02
2024-10-18,21.75,79.25,,4.17,300.41
2024-10-18,21.75,79.50,300.16,0.88,300.88
2024-10-18,21.75,79.75,296.94,0.00,301.43
2024-10-19,20.75,78.75,298.55,0.00,301.49
2024-10-19,20.75,79.00,296.57,0.00,301.46
2024-10-19,20.75,79.25,298.51,0.85,300.89
2024-10-19,20.75,79.50,296.07,0.00,301.85
2024-10-19,20.75,79.75,296.44,0.00,300.68
2024-10-19,21.00,78.75,298.31,0.49,302.02
2024-10-19,21.00,79.00,298.09,2.06,300.85
2024-10-19,21.00,79.25,294.02,0.00,300.93
2024-10-19,21.00,79.50,296.56,0.00,301.92
2024-10-19,21.00,79.75,296.53,3.16,301.66
2024-10-19,21.25,78.75,297.41,2.66,301.81
2024-10-19,21.25,79.00,296.04,0.00,300.90
2024-10-19,21.25,79.25,296.50,0.00,301.18
2024-10-19,21.25,79.50,298.86,0.00,301.88
2024-10-19,21.25,79.75,294.90,0.00,301.71
2024-10-19,21.50,78.75,294.92,1.10,301.08
2024-10-19,21.50,79.00,295.71,1.98,301.24
2024-10-19,21.50,79.25,296.16,0.00,301.42
2024-10-19,21.50,79.50,296.81,4.01,301.29
2024-10-19,21.50,79.75,296.55,0.00,302.21
2024-10-19,21.75,78.75,295.42,0.29,301.72
2024-10-19,21.75,79.00,294.49,0.00,301.35
2024-10-19,21.75,79.25,298.12,0.00,301.52
2024-10-19,21.75,79.50,296.01,0.00,301.28
2024-10-19,21.75,79.75,295.79,2.48,301.83
2024-10-20,20.75,78.75,296.62,0.00,301.87
2024-10-20,20.75,79.00,294.75,1.88,301.49
2024-10-20,20.75,79.25,294.47,0.60,301.51
2024-10-20,20.75,79.50,294.35,0.00,300.63
2024-10-20,20.75,79.75,296.81,0.00,301.36
2024-10-20,21.00,78.75,292.35,0.00,301.68
2024-10-20,21.00,79.00,,0.52,300.92
2024-10-20,21.00,79.25,294.92,0.00,302.71
2024-10-20,21.00,79.50,295.64,,
2024-10-20,21.00,79.75,297.38,3.16,301.36
2024-10-20,21.25,78.75,295.02,0.32,301.85
2024-10-20,21.25,79.00,296.50,0.00,302.09
2024-10-20,21.25,79.25,298.94,0.83,302.62
2024-10-20,21.25,79.50,296.40,0.00,301.29
2024-10-20,21.25,79.75,295.77,1.50,301.70
2024-10-20,21.50,78.75,294.65,0.00,301.76
2024-10-20,21.50,79.00,298.59,0.00,
2024-10-20,21.50,79.25,295.10,2.91,301.36
2024-10-20,21.50,79.50,295.27,5.50,
2024-10-20,21.50,79.75,297.03,0.00,301.87
2024-10-20,21.75,78.75,296.73,0.17,301.68
2024-10-20,21.75,79.00,296.62,1.68,301.67
2024-10-20,21.75,79.25,294.75,1.31,301.67
2024-10-20,21.75,79.50,299.85,1.69,301.99
2024-10-20,21.75,79.75,296.86,0.34,301.01
2024-10-21,20.75,78.75,295.13,1.34,301.61
2024-10-21,20.75,79.00,296.83,2.15,302.35
2024-10-21,20.75,79.25,296.92,0.00,302.43
2024-10-21,20.75,79.50,296.37,0.22,301.40
2024-10-21,20.75,79.75,294.44,0.00,301.20
2024-10-21,21.00,78.75,294.21,1.66,300.79
2024-10-21,21.00,79.00,293.90,0.00,300.34
2024-10-21,21.00,79.25,299.70,0.00,301.21
2024-10-21,21.00,79.50,297.20,1.41,301.98
2024-10-21,21.00,79.75,299.42,0.00,301.75
2024-10-21,21.25,78.75,297.42,0.00,302.14
2024-10-21,21.25,79.00,297.69,3.68,300.78
2024-10-21,21.25,79.25,296.38,0.00,301.82
2024-10-21,21.25,79.50,298.09,0.00,300.90
2024-10-21,21.25,79.75,296.59,2.99,302.04
2024-10-21,21.50,78.75,296.62,0.00,302.01
2024-10-21,21.50,79.00,294.89,0.00,301.78
2024-10-21,21.50,79.25,298.56,7.24,301.36
2024-10-21,21.50,79.50,295.29,0.07,302.45
2024-10-21,21.50,79.75,298.06,0.00,302.07
2024-10-21,21.75,78.75,,0.00,301.21
2024-10-21,21.75,79.00,296.46,0.00,302.15
2024-10-21,21.75,79.25,296.76,2.04,301.26
2024-10-21,21.75,79.50,298.59,0.82,301.22
2024-10-21,21.75,79.75,299.42,0.00,301.47
2024-10-22,20.75,78.75,296.40,4.40,301.29
2024-10-22,20.75,79.00,298.19,0.37,300.79
2024-10-22,20.75,79.25,296.71,0.90,301.78
2024-10-22,20.75,79.50,296.83,0.00,301.66
2024-10-22,20.75,79.75,297.83,1.88,301.87
2024-10-22,21.00,78.75,295.86,0.00,301.70
2024-10-22,21.00,79.00,296.76,0.62,300.70
2024-10-22,21.00,79.25,292.69,0.00,301.39
2024-10-22,21.00,79.50,296.31,2.55,301.84
2024-10-22,21.00,79.75,293.84,1.08,301.20
2024-10-22,21.25,78.75,295.51,,301.01
2024-10-22,21.25,79.00,295.25,0.00,301.38
2024-10-22,21.25,79.25,296.32,0.22,301.55
2024-10-22,21.25,79.50,296.91,0.00,301.71
2024-10-22,21.25,79.75,295.11,0.00,301.79
2024-10-22,21.50,78.75,296.71,5.69,301.33
2024-10-22,21.50,79.00,295.78,0.00,301.87
2024-10-22,21.50,79.25,295.35,0.00,301.83
2024-10-22,21.50,79.50,296.70,0.83,301.04
2024-10-22,21.50,79.75,297.43,0.00,302.41
2024-10-22,21.75,78.75,294.00,0.00,301.55
2024-10-22,21.75,79.00,294.54,0.32,302.23
2024-10-22,21.75,79.25,,0.00,301.04
2024-10-22,21.75,79.50,297.01,0.00,301.47
2024-10-22,21.75,79.75,295.52,0.00,301.84
2024-10-23,20.75,78.75,295.41,0.00,301.30
2024-10-23,20.75,79.00,296.79,0.00,301.20
2024-10-23,20.75,79.25,296.40,0.00,302.07
2024-10-23,20.75,79.50,294.98,0.00,301.40
2024-10-23,20.75,79.75,296.99,0.03,
2024-10-23,21.00,78.75,296.24,1.26,300.95
2024-10-23,21.00,79.00,295.29,0.08,301.59
2024-10-23,21.00,79.25,295.71,0.00,301.10
2024-10-23,21.00,79.50,297.55,3.57,301.72
2024-10-23,21.00,79.75,295.66,0.00,301.90
2024-10-23,21.25,78.75,294.28,0.00,
2024-10-23,21.25,79.00,297.92,0.00,300.93
2024-10-23,21.25,79.25,292.54,0.00,301.97
2024-10-23,21.25,79.50,294.85,3.18,301.13
2024-10-23,21.25,79.75,296.59,0.00,302.25
2024-10-23,21.50,78.75,296.90,0.00,301.80
2024-10-23,21.50,79.00,295.09,4.34,302.32
2024-10-23,21.50,79.25,296.16,1.17,302.08
2024-10-23,21.50,79.50,298.77,0.00,300.89
2024-10-23,21.50,79.75,294.57,0.00,301.44
2024-10-23,21.75,78.75,295.13,3.23,301.81
2024-10-23,21.75,79.00,294.75,0.00,301.98
2024-10-23,21.75,79.25,295.81,0.00,301.27
2024-10-23,21.75,79.50,298.43,0.00,301.42
2024-10-23,21.75,79.75,297.41,3.21,301.73
2024-10-24,20.75,78.75,295.09,4.40,302.14
2024-10-24,20.75,79.00,293.23,0.00,300.99
2024-10-24,20.75,79.25,295.52,0.00,300.86
2024-10-24,20.75,79.50,295.10,0.00,300.72
2024-10-24,20.75,79.75,297.92,0.15,302.22
2024-10-24,21.00,78.75,293.34,0.00,301.94
2024-10-24,21.00,79.00,295.03,0.00,301.60
2024-10-24,21.00,79.25,295.45,0.00,301.80
2024-10-24,21.00,79.50,295.13,0.00,301.26
2024-10-24,21.00,79.75,295.13,0.00,302.04
2024-10-24,21.25,78.75,294.54,0.00,302.72
2024-10-24,21.25,79.00,295.50,1.79,301.42
2024-10-24,21.25,79.25,296.47,0.00,301.52
2024-10-24,21.25,79.50,297.37,0.00,301.28
2024-10-24,21.25,79.75,294.46,0.00,301.18
2024-10-24,21.50,78.75,295.93,3.91,301.70
2024-10-24,21.50,79.00,296.14,1.36,301.92
2024-10-24,21.50,79.25,296.20,0.00,301.40
2024-10-24,21.50,79.50,293.31,2.57,300.92
2024-10-24,21.50,79.75,,3.84,301.39
2024-10-24,21.75,78.75,294.57,0.00,301.29
2024-10-24,21.75,79.00,297.49,0.86,300.99
2024-10-24,21.75,79.25,299.02,0.00,301.51
2024-10-24,21.75,79.50,296.41,4.49,301.58
2024-10-24,21.75,79.75,296.54,0.00,301.04
2024-10-25,20.75,78.75,294.68,2.39,301.86
2024-10-25,20.75,79.00,296.03,2.25,301.62
2024-10-25,20.75,79.25,294.72,3.25,301.88
2024-10-25,20.75,79.50,295.88,0.00,301.61
2024-10-25,20.75,79.75,297.29,,301.56
2024-10-25,21.00,78.75,296.94,0.13,
2024-10-25,21.00,79.00,296.37,0.51,301.68
2024-10-25,21.00,79.25,298.41,1.26,
2024-10-25,21.00,79.50,297.23,1.15,301.99
2024-10-25,21.00,79.75,295.71,0.00,302.00
2024-10-25,21.25,78.75,299.57,0.83,301.05
2024-10-25,21.25,79.00,,0.00,300.96
2024-10-25,21.25,79.25,297.39,0.50,301.25
2024-10-25,21.25,79.50,295.49,0.00,301.72
2024-10-25,21.25,79.75,296.24,0.00,301.72
2024-10-25,21.50,78.75,296.27,0.00,301.19
2024-10-25,21.50,79.00,295.13,2.11,301.10
2024-10-25,21.50,79.25,295.25,1.14,302.23
2024-10-25,21.50,79.50,298.09,0.00,301.04
2024-10-25,21.50,79.75,297.03,0.12,301.25
2024-10-25,21.75,78.75,296.86,2.82,302.10
2024-10-25,21.75,79.00,298.49,0.00,301.42
2024-10-25,21.75,79.25,298.44,0.14,302.03
2024-10-25,21.75,79.50,296.54,0.25,301.98
2024-10-25,21.75,79.75,296.52,0.00,301.41
2024-10-26,20.75,78.75,294.19,0.00,301.97
2024-10-26,20.75,79.00,295.26,0.00,301.20
2024-10-26,20.75,79.25,294.89,1.98,302.27
2024-10-26,20.75,79.50,296.47,0.00,301.92
2024-10-26,20.75,79.75,297.19,0.00,301.13
2024-10-26,21.00,78.75,295.88,0.83,301.48
2024-10-26,21.00,79.00,296.17,0.00,301.56
2024-10-26,21.00,79.25,294.70,0.00,300.91
2024-10-26,21.00,79.50,295.72,1.75,302.11
2024-10-26,21.00,79.75,297.65,0.00,302.37
2024-10-26,21.25,78.75,294.95,0.24,302.07
2024-10-26,21.25,79.00,293.99,0.00,302.03
2024-10-26,21.25,79.25,296.88,0.00,302.16
2024-10-26,21.25,79.50,295.74,6.59,301.56
2024-10-26,21.25,79.75,,0.98,302.55
2024-10-26,21.50,78.75,295.02,1.71,301.98
2024-10-26,21.50,79.00,294.80,0.90,301.50
2024-10-26,21.50,79.25,296.09,0.26,302.26
2024-10-26,21.50,79.50,297.98,0.00,301.68
2024-10-26,21.50,79.75,296.33,0.00,301.19
2024-10-26,21.75,78.75,296.84,0.00,301.27
2024-10-26,21.75,79.00,293.49,0.00,303.03
2024-10-26,21.75,79.25,295.92,0.11,302.32
2024-10-26,21.75,79.50,295.01,0.00,301.07
2024-10-26,21.75,79.75,293.92,0.00,301.29
2024-10-27,20.75,78.75,294.01,1.25,301.35
2024-10-27,20.75,79.00,295.37,0.00,301.60
2024-10-27,20.75,79.25,293.91,0.00,301.55
2024-10-27,20.75,79.50,294.46,0.67,301.52
2024-10-27,20.75,79.75,294.03,1.01,300.61
2024-10-27,21.00,78.75,294.94,0.00,301.43
2024-10-27,21.00,79.00,294.05,0.00,300.69
2024-10-27,21.00,79.25,294.79,0.00,301.70
2024-10-27,21.00,79.50,297.54,0.00,301.36
2024-10-27,21.00,79.75,296.28,0.67,301.42
2024-10-27,21.25,78.75,296.13,0.00,300.96
2024-10-27,21.25,79.00,294.83,0.00,301.44
2024-10-27,21.25,79.25,295.26,0.00,301.59
2024-10-27,21.25,79.50,297.94,,301.53
2024-10-27,21.25,79.75,298.03,0.00,301.74
2024-10-27,21.50,78.75,294.50,0.00,301.99
2024-10-27,21.50,79.00,293.74,0.21,301.78
2024-10-27,21.50,79.25,295.89,0.00,302.03
2024-10-27,21.50,79.50,295.10,0.00,
2024-10-27,21.50,79.75,296.39,0.00,301.74
2024-10-27,21.75,78.75,295.23,0.00,301.71
2024-10-27,21.75,79.00,294.91,0.00,301.16
2024-10-27,21.75,79.25,296.05,1.68,301.65
2024-10-27,21.75,79.50,293.59,0.00,301.70
2024-10-27,21.75,79.75,296.41,0.00,301.41
2024-10-28,20.75,78.75,296.23,0.00,302.34
2024-10-28,20.75,79.00,293.80,0.00,302.09
2024-10-28,20.75,79.25,298.84,4.80,301.52
2024-10-28,20.75,79.50,295.13,0.00,301.75
2024-10-28,20.75,79.75,296.61,2.21,301.45
2024-10-28,21.00,78.75,293.09,0.69,302.59
2024-10-28,21.00,79.00,296.27,3.91,302.33
2024-10-28,21.00,79.25,295.09,3.82,301.57
2024-10-28,21.00,79.50,296.47,0.16,301.74
2024-10-28,21.00,79.75,295.15,0.78,301.97
2024-10-28,21.25,78.75,293.88,0.00,302.85
2024-10-28,21.25,79.00,294.30,4.39,301.22
2024-10-28,21.25,79.25,296.17,0.00,300.98
2024-10-28,21.25,79.50,294.69,0.00,301.09
2024-10-28,21.25,79.75,295.52,0.00,302.13
2024-10-28,21.50,78.75,293.60,0.00,301.83
2024-10-28,21.50,79.00,298.23,0.00,301.03
2024-10-28,21.50,79.25,296.44,0.00,301.33
2024-10-28,21.50,79.50,294.92,0.00,301.61
2024-10-28,21.50,79.75,298.45,0.00,301.78
2024-10-28,21.75,78.75,293.65,0.00,301.82
2024-10-28,21.75,79.00,296.04,3.35,301.21
2024-10-28,21.75,79.25,295.23,2.02,301.89
2024-10-28,21.75,79.50,295.85,0.00,300.74
2024-10-28,21.75,79.75,295.74,7.76,301.62
2024-10-29,20.75,78.75,296.53,0.86,301.42
2024-10-29,20.75,79.00,298.09,0.00,301.31
2024-10-29,20.75,79.25,,9.07,301.95
2024-10-29,20.75,79.50,298.11,0.27,301.88
2024-10-29,20.75,79.75,296.00,0.00,300.94
2024-10-29,21.00,78.75,294.05,0.00,301.40
2024-10-29,21.00,79.00,294.83,0.00,301.88
2024-10-29,21.00,79.25,294.31,0.00,300.95
2024-10-29,21.00,79.50,294.48,0.00,
2024-10-29,21.00,79.75,297.25,0.27,301.00
2024-10-29,21.25,78.75,297.99,1.16,301.05
2024-10-29,21.25,79.00,294.77,0.00,302.04
2024-10-29,21.25,79.25,295.34,0.00,301.95
2024-10-29,21.25,79.50,294.68,7.04,302.09
2024-10-29,21.25,79.75,295.31,7.74,301.17
2024-10-29,21.50,78.75,294.72,1.49,301.98
2024-10-29,21.50,79.00,296.99,0.00,302.46
2024-10-29,21.50,79.25,297.08,0.00,301.53
2024-10-29,21.50,79.50,297.61,3.63,301.40
2024-10-29,21.50,79.75,294.36,0.77,302.02
2024-10-29,21.75,78.75,295.16,0.00,302.32
2024-10-29,21.75,79.00,297.52,0.10,302.58
2024-10-29,21.75,79.25,296.19,0.00,301.43
2024-10-29,21.75,79.50,295.96,0.00,301.32
2024-10-29,21.75,79.75,292.95,1.76,302.06
2024-10-30,20.75,78.75,295.18,0.00,301.33
2024-10-30,20.75,79.00,295.86,0.00,301.93
2024-10-30,20.75,79.25,295.43,0.14,301.32
2024-10-30,20.75,79.50,296.02,0.00,
2024-10-30,20.75,79.75,294.99,0.00,300.98
2024-10-30,21.00,78.75,296.78,0.47,301.64
2024-10-30,21.00,79.00,294.98,0.00,301.83
2024-10-30,21.00,79.25,293.48,0.00,302.72
2024-10-30,21.00,79.50,295.82,0.00,301.24
2024-10-30,21.00,79.75,295.21,0.90,302.05
2024-10-30,21.25,78.75,297.40,0.00,301.05
2024-10-30,21.25,79.00,293.90,0.00,302.37
2024-10-30,21.25,79.25,297.21,0.00,300.71
2024-10-30,21.25,79.50,296.86,0.00,301.63
2024-10-30,21.25,79.75,297.57,4.37,301.71
2024-10-30,21.50,78.75,,0.00,301.77
2024-10-30,21.50,79.00,293.22,0.00,300.85
2024-10-30,21.50,79.25,295.39,0.89,301.36
2024-10-30,21.50,79.50,294.40,0.00,301.67
2024-10-30,21.50,79.75,295.89,0.00,
2024-10-30,21.75,78.75,295.11,0.00,301.55
2024-10-30,21.75,79.00,294.70,0.04,302.02
2024-10-30,21.75,79.25,293.64,0.00,301.50
2024-10-30,21.75,79.50,295.76,3.94,301.70
2024-10-30,21.75,79.75,294.26,0.00,301.86
2024-10-31,20.75,78.75,295.28,0.00,302.02
2024-10-31,20.75,79.00,294.61,0.00,301.47
2024-10-31,20.75,79.25,294.58,5.78,301.63
2024-10-31,20.75,79.50,296.04,2.14,302.41
2024-10-31,20.75,79.75,297.29,0.00,302.01
2024-10-31,21.00,78.75,295.10,1.48,302.01
2024-10-31,21.00,79.00,,2.62,301.78
2024-10-31,21.00,79.25,296.60,2.62,301.03
2024-10-31,21.00,79.50,294.76,2.52,301.51
2024-10-31,21.00,79.75,297.25,0.00,301.58
2024-10-31,21.25,78.75,295.08,0.00,301.36
2024-10-31,21.25,79.00,295.37,4.08,301.60
2024-10-31,21.25,79.25,295.37,0.00,302.67
2024-10-31,21.25,79.50,295.14,0.00,301.89
2024-10-31,21.25,79.75,,0.00,301.29
2024-10-31,21.50,78.75,294.04,0.00,301.42
2024-10-31,21.50,79.00,297.38,0.17,302.06
2024-10-31,21.50,79.25,295.57,6.67,301.18
2024-10-31,21.50,79.50,295.42,0.00,302.17
2024-10-31,21.50,79.75,295.37,0.00,301.27
2024-10-31,21.75,78.75,296.91,0.00,301.26
2024-10-31,21.75,79.00,298.61,3.92,302.31
2024-10-31,21.75,79.25,295.49,2.00,301.78
2024-10-31,21.75,79.50,295.33,0.00,
2024-10-31,21.75,79.75,295.27,0.00,301.68
2024-11-01,20.75,78.75,296.16,0.00,301.45
2024-11-01,20.75,79.00,296.75,4.40,302.88
2024-11-01,20.75,79.25,295.71,0.12,301.95
2024-11-01,20.75,79.50,294.37,0.00,301.91
2024-11-01,20.75,79.75,298.42,0.28,302.13
2024-11-01,21.00,78.75,297.96,0.82,301.37
2024-11-01,21.00,79.00,296.58,0.00,302.35
2024-11-01,21.00,79.25,293.07,1.52,302.00
2024-11-01,21.00,79.50,294.75,0.00,301.28
2024-11-01,21.00,79.75,295.38,1.59,302.15
2024-11-01,21.25,78.75,295.82,1.99,301.76
2024-11-01,21.25,79.00,297.96,0.33,302.49
2024-11-01,21.25,79.25,,0.00,301.90
2024-11-01,21.25,79.50,297.12,1.24,301.55
2024-11-01,21.25,79.75,294.95,1.85,301.27
2024-11-01,21.50,78.75,295.41,1.02,302.24
2024-11-01,21.50,79.00,,0.00,302.58
2024-11-01,21.50,79.25,295.68,0.00,302.84
2024-11-01,21.50,79.50,296.44,0.00,302.46
2024-11-01,21.50,79.75,292.21,0.00,302.02
2024-11-01,21.75,78.75,294.64,1.15,300.75
2024-11-01,21.75,79.00,295.92,3.45,301.78
2024-11-01,21.75,79.25,296.79,,301.95
2024-11-01,21.75,79.50,295.18,0.44,300.97
2024-11-01,21.75,79.75,294.64,0.00,301.57
2024-11-02,20.75,78.75,292.65,0.00,301.33
2024-11-02,20.75,79.00,296.53,0.00,302.60
2024-11-02,20.75,79.25,294.89,0.00,302.26
2024-11-02,20.75,79.50,296.92,1.30,301.63
2024-11-02,20.75,79.75,295.18,0.00,302.59
2024-11-02,21.00,78.75,292.87,0.00,301.52
2024-11-02,21.00,79.00,295.84,3.14,301.72
2024-11-02,21.00,79.25,295.33,0.00,301.52
2024-11-02,21.00,79.50,295.25,0.00,301.93
2024-11-02,21.00,79.75,295.55,1.20,301.65
2024-11-02,21.25,78.75,295.30,1.04,301.13
2024-11-02,21.25,79.00,296.24,0.94,301.61
2024-11-02,21.25,79.25,293.52,0.00,301.67
2024-11-02,21.25,79.50,294.24,0.00,302.11
2024-11-02,21.25,79.75,294.16,5.95,301.10
2024-11-02,21.50,78.75,296.81,0.49,302.07
2024-11-02,21.50,79.00,297.84,0.00,301.89
2024-11-02,21.50,79.25,295.23,0.72,301.38
2024-11-02,21.50,79.50,294.85,0.21,301.22
2024-11-02,21.50,79.75,294.37,0.00,301.58
2024-11-02,21.75,78.75,295.91,0.00,301.46
2024-11-02,21.75,79.00,298.61,0.00,302.62
2024-11-02,21.75,79.25,296.37,0.34,301.16
2024-11-02,21.75,79.50,298.25,5.58,301.82
2024-11-02,21.75,79.75,294.73,0.00,301.98
2024-11-03,20.75,78.75,296.35,0.32,301.87
2024-11-03,20.75,79.00,296.85,0.00,302.16
2024-11-03,20.75,79.25,294.98,0.60,301.10
2024-11-03,20.75,79.50,294.57,0.11,301.58
2024-11-03,20.75,79.75,292.14,3.38,301.09
2024-11-03,21.00,78.75,297.58,0.00,302.67
2024-11-03,21.00,79.00,295.40,0.00,301.51
2024-11-03,21.00,79.25,296.23,0.00,301.64
2024-11-03,21.00,79.50,294.25,0.00,301.46
2024-11-03,21.00,79.75,294.27,3.08,301.21
2024-11-03,21.25,78.75,295.76,2.59,301.76
2024-11-03,21.25,79.00,299.07,0.00,302.59
2024-11-03,21.25,79.25,298.50,0.00,302.35
2024-11-03,21.25,79.50,296.04,0.18,301.65
2024-11-03,21.25,79.75,296.20,0.00,301.77
2024-11-03,21.50,78.75,297.44,1.40,302.05
2024-11-03,21.50,79.00,295.99,4.33,301.54
2024-11-03,21.50,79.25,292.29,2.18,301.77
2024-11-03,21.50,79.50,300.30,0.16,301.63
2024-11-03,21.50,79.75,295.54,1.47,300.91
2024-11-03,21.75,78.75,291.26,2.98,302.28
2024-11-03,21.75,79.00,296.29,0.48,301.98
2024-11-03,21.75,79.25,294.57,3.68,302.03
2024-11-03,21.75,79.50,297.34,2.92,302.39
2024-11-03,21.75,79.75,294.32,0.00,301.94
2024-11-04,20.75,78.75,293.69,0.00,301.97
2024-11-04,20.75,79.00,296.35,0.31,301.90
2024-11-04,20.75,79.25,297.09,0.00,301.74
2024-11-04,20.75,79.50,293.70,0.00,
2024-11-04,20.75,79.75,294.28,1.69,302.39
2024-11-04,21.00,78.75,296.89,0.00,302.44
2024-11-04,21.00,79.00,295.34,0.00,301.04
2024-11-04,21.00,79.25,293.52,0.00,301.33
2024-11-04,21.00,79.50,292.72,0.96,301.11
2024-11-04,21.00,79.75,295.18,,302.18
2024-11-04,21.25,78.75,295.16,0.00,301.25
2024-11-04,21.25,79.00,292.87,0.00,302.39
2024-11-04,21.25,79.25,295.28,0.00,300.92
2024-11-04,21.25,79.50,294.79,4.27,301.77
2024-11-04,21.25,79.75,293.99,0.00,302.17
2024-11-04,21.50,78.75,292.94,0.00,301.53
2024-11-04,21.50,79.00,296.79,1.45,301.64
2024-11-04,21.50,79.25,292.47,1.08,302.90
2024-11-04,21.50,79.50,296.72,0.00,300.92
2024-11-04,21.50,79.75,293.13,2.78,302.21
2024-11-04,21.75,78.75,294.65,0.60,302.12
2024-11-04,21.75,79.00,297.41,0.00,301.49
2024-11-04,21.75,79.25,293.69,0.00,301.64
2024-11-04,21.75,79.50,295.85,0.00,302.08
2024-11-04,21.75,79.75,295.89,1.59,300.87
2024-11-05,20.75,78.75,293.51,1.24,301.30
2024-11-05,20.75,79.00,294.32,0.00,301.84
2024-11-05,20.75,79.25,296.61,0.00,302.19
2024-11-05,20.75,79.50,293.41,0.98,302.04
2024-11-05,20.75,79.75,293.27,0.08,301.92
2024-11-05,21.00,78.75,295.81,2.12,301.69
2024-11-05,21.00,79.00,297.65,,300.88
2024-11-05,21.00,79.25,291.47,1.61,302.42
2024-11-05,21.00,79.50,294.67,0.00,302.72
2024-11-05,21.00,79.75,297.22,8.52,301.17
2024-11-05,21.25,78.75,294.37,0.00,301.55
2024-11-05,21.25,79.00,294.99,0.00,302.07
2024-11-05,21.25,79.25,294.59,0.00,300.96
2024-11-05,21.25,79.50,296.54,1.37,301.64
2024-11-05,21.25,79.75,298.55,0.00,302.39
2024-11-05,21.50,78.75,296.33,0.00,301.77
2024-11-05,21.50,79.00,296.58,0.00,301.40
2024-11-05,21.50,79.25,293.50,,302.27
2024-11-05,21.50,79.50,296.84,0.00,301.12
2024-11-05,21.50,79.75,297.14,0.19,301.28
2024-11-05,21.75,78.75,295.18,0.00,301.99
2024-11-05,21.75,79.00,293.92,0.92,301.37
2024-11-05,21.75,79.25,294.60,0.00,302.38
2024-11-05,21.75,79.50,294.40,0.00,301.68
2024-11-05,21.75,79.75,293.57,5.77,301.01
2024-11-06,20.75,78.75,296.84,0.50,302.25
2024-11-06,20.75,79.00,294.76,0.00,301.90
2024-11-06,20.75,79.25,295.89,0.53,302.00
2024-11-06,20.75,79.50,295.14,0.12,302.52
2024-11-06,20.75,79.75,293.77,0.00,302.03
2024-11-06,21.00,78.75,292.83,1.15,301.78
2024-11-06,21.00,79.00,295.32,0.00,301.94
2024-11-06,21.00,79.25,295.52,0.59,301.46
2024-11-06,21.00,79.50,296.08,0.00,301.70
2024-11-06,21.00,79.75,,0.00,302.03
2024-11-06,21.25,78.75,295.64,0.00,302.20
2024-11-06,21.25,79.00,295.64,2.03,301.42
2024-11-06,21.25,79.25,293.86,2.31,301.89
2024-11-06,21.25,79.50,295.64,0.00,301.70
2024-11-06,21.25,79.75,295.70,0.00,301.11
2024-11-06,21.50,78.75,294.57,0.85,
2024-11-06,21.50,79.00,296.23,0.00,301.09
2024-11-06,21.50,79.25,293.88,0.00,301.42
2024-11-06,21.50,79.50,294.52,1.73,301.35
2024-11-06,21.50,79.75,294.74,0.00,301.88
2024-11-06,21.75,78.75,295.40,0.00,301.41
2024-11-06,21.75,79.00,295.76,0.00,301.83
2024-11-06,21.75,79.25,290.24,0.00,301.83
2024-11-06,21.75,79.50,296.12,0.00,301.05
2024-11-06,21.75,79.75,295.66,0.00,300.38
2024-11-07,20.75,78.75,296.86,1.45,301.38
2024-11-07,20.75,79.00,297.11,2.94,301.24
2024-11-07,20.75,79.25,293.44,0.00,301.24
2024-11-07,20.75,79.50,,4.41,301.30
2024-11-07,20.75,79.75,296.47,0.00,302.32
2024-11-07,21.00,78.75,294.71,0.00,301.70
2024-11-07,21.00,79.00,295.07,1.94,301.23
2024-11-07,21.00,79.25,293.17,,301.97
2024-11-07,21.00,79.50,296.93,0.00,301.73
2024-11-07,21.00,79.75,296.83,0.00,
2024-11-07,21.25,78.75,292.94,0.00,301.62
2024-11-07,21.25,79.00,294.91,0.00,301.16
2024-11-07,21.25,79.25,295.36,0.00,301.89
2024-11-07,21.25,79.50,294.02,2.62,301.59
2024-11-07,21.25,79.75,294.45,0.00,301.60
2024-11-07,21.50,78.75,295.17,0.00,302.21
2024-11-07,21.50,79.00,296.55,5.19,302.54
2024-11-07,21.50,79.25,296.34,0.00,301.87
2024-11-07,21.50,79.50,295.93,0.00,302.10
2024-11-07,21.50,79.75,294.33,1.30,301.90
2024-11-07,21.75,78.75,296.69,1.00,301.93
2024-11-07,21.75,79.00,295.36,3.38,301.52
2024-11-07,21.75,79.25,293.73,0.00,301.29
2024-11-07,21.75,79.50,295.81,0.18,302.11
2024-11-07,21.75,79.75,295.27,2.68,302.42
2024-11-08,20.75,78.75,295.59,0.00,301.63
2024-11-08,20.75,79.00,291.96,0.02,300.89
2024-11-08,20.75,79.25,295.46,2.56,302.14
2024-11-08,20.75,79.50,,0.00,301.63
2024-11-08,20.75,79.75,293.24,4.77,302.19
2024-11-08,21.00,78.75,,0.00,302.34
2024-11-08,21.00,79.00,291.01,0.00,301.26
2024-11-08,21.00,79.25,293.77,0.00,301.55
2024-11-08,21.00,79.50,292.87,0.00,301.30
2024-11-08,21.00,79.75,293.31,4.66,301.14
2024-11-08,21.25,78.75,296.42,0.00,301.58
2024-11-08,21.25,79.00,296.83,2.85,301.93
2024-11-08,21.25,79.25,296.35,0.00,301.78
2024-11-08,21.25,79.50,294.70,3.68,301.67
2024-11-08,21.25,79.75,296.11,,301.42
2024-11-08,21.50,78.75,294.41,5.31,301.04
2024-11-08,21.50,79.00,294.72,0.00,301.75
2024-11-08,21.50,79.25,293.64,1.84,300.97
2024-11-08,21.50,79.50,293.89,0.00,302.23
2024-11-08,21.50,79.75,292.43,0.00,301.97
2024-11-08,21.75,78.75,295.46,0.00,301.66
2024-11-08,21.75,79.00,294.28,0.00,301.89
2024-11-08,21.75,79.25,295.40,0.96,302.09
2024-11-08,21.75,79.50,295.20,0.61,
2024-11-08,21.75,79.75,296.52,0.00,301.90
2024-11-09,20.75,78.75,292.54,0.00,301.93
2024-11-09,20.75,79.00,294.01,0.03,301.66
2024-11-09,20.75,79.25,295.16,0.00,301.52
2024-11-09,20.75,79.50,295.37,0.00,301.80
2024-11-09,20.75,79.75,292.03,1.86,301.51
2024-11-09,21.00,78.75,296.91,0.11,300.69
2024-11-09,21.00,79.00,295.02,0.11,300.88
2024-11-09,21.00,79.25,293.38,0.00,302.25
2024-11-09,21.00,79.50,292.93,1.36,302.60
2024-11-09,21.00,79.75,295.11,1.58,302.35
2024-11-09,21.25,78.75,296.12,0.04,301.95
2024-11-09,21.25,79.00,293.89,0.00,301.40
2024-11-09,21.25,79.25,293.45,0.00,302.03
2024-11-09,21.25,79.50,295.38,0.00,302.31
2024-11-09,21.25,79.75,293.74,0.00,301.04
2024-11-09,21.50,78.75,294.96,0.00,301.97
2024-11-09,21.50,79.00,293.37,0.00,301.90
2024-11-09,21.50,79.25,294.72,0.00,302.20
2024-11-09,21.50,79.50,293.82,0.00,
2024-11-09,21.50,79.75,295.78,0.00,301.90
2024-11-09,21.75,78.75,295.32,0.39,301.80
2024-11-09,21.75,79.00,293.67,2.27,301.11
2024-11-09,21.75,79.25,295.60,0.00,301.75
2024-11-09,21.75,79.50,296.32,0.00,301.08
2024-11-09,21.75,79.75,295.25,0.00,302.53
2024-11-10,20.75,78.75,,3.32,302.79
2024-11-10,20.75,79.00,292.52,0.00,301.94
2024-11-10,20.75,79.25,293.08,0.00,302.17
2024-11-10,20.75,79.50,294.78,0.00,302.44
2024-11-10,20.75,79.75,294.78,0.00,302.39
2024-11-10,21.00,78.75,293.54,0.08,301.43
2024-11-10,21.00,79.00,295.11,0.00,301.62
2024-11-10,21.00,79.25,297.21,0.92,301.63
2024-11-10,21.00,79.50,295.18,0.00,301.09
2024-11-10,21.00,79.75,293.26,0.00,
2024-11-10,21.25,78.75,295.17,1.67,300.82
2024-11-10,21.25,79.00,296.91,0.34,302.18
2024-11-10,21.25,79.25,295.46,0.00,302.32
2024-11-10,21.25,79.50,296.05,5.67,301.47
2024-11-10,21.25,79.75,294.82,2.50,301.44
2024-11-10,21.50,78.75,,0.29,302.44
2024-11-10,21.50,79.00,296.76,0.00,302.00
2024-11-10,21.50,79.25,293.01,0.00,302.66
2024-11-10,21.50,79.50,293.53,0.00,301.10
2024-11-10,21.50,79.75,295.90,3.40,301.52
2024-11-10,21.75,78.75,295.30,0.87,301.15
2024-11-10,21.75,79.00,294.85,1.12,302.00
2024-11-10,21.75,79.25,293.01,0.00,301.91
2024-11-10,21.75,79.50,297.33,0.00,301.40
2024-11-10,21.75,79.75,297.23,0.00,300.39
2024-11-11,20.75,78.75,295.94,0.00,301.67
2024-11-11,20.75,79.00,295.08,0.00,302.52
2024-11-11,20.75,79.25,293.00,0.00,302.06
2024-11-11,20.75,79.50,296.69,2.67,301.96
2024-11-11,20.75,79.75,295.62,0.00,
2024-11-11,21.00,78.75,294.67,0.00,301.58
2024-11-11,21.00,79.00,296.07,1.24,302.35
2024-11-11,21.00,79.25,295.47,0.00,301.61
2024-11-11,21.00,79.50,296.61,1.63,301.44
2024-11-11,21.00,79.75,291.96,0.00,301.93
2024-11-11,21.25,78.75,293.90,0.06,301.61
2024-11-11,21.25,79.00,294.34,1.21,301.26
2024-11-11,21.25,79.25,293.82,1.49,301.96
2024-11-11,21.25,79.50,294.54,0.00,302.33
2024-11-11,21.25,79.75,296.92,0.00,302.47
2024-11-11,21.50,78.75,296.19,0.00,301.47
2024-11-11,21.50,79.00,295.81,0.00,302.14
2024-11-11,21.50,79.25,292.42,0.00,302.23
2024-11-11,21.50,79.50,295.77,0.90,301.01
2024-11-11,21.50,79.75,296.73,0.91,303.08
2024-11-11,21.75,78.75,295.64,4.86,301.77
2024-11-11,21.75,79.00,295.67,0.00,301.68
2024-11-11,21.75,79.25,294.42,0.00,302.05
2024-11-11,21.75,79.50,295.92,0.00,301.70
2024-11-11,21.75,79.75,299.24,0.00,302.24
2024-11-12,20.75,78.75,293.59,3.19,301.89
2024-11-12,20.75,79.00,295.41,0.12,302.42
2024-11-12,20.75,79.25,297.78,1.64,301.67
2024-11-12,20.75,79.50,292.78,0.00,302.24
2024-11-12,20.75,79.75,293.94,0.09,302.41
2024-11-12,21.00,78.75,291.79,0.00,302.72
2024-11-12,21.00,79.00,293.81,0.66,302.21
2024-11-12,21.00,79.25,293.15,0.00,301.52
2024-11-12,21.00,79.50,295.19,3.67,301.44
2024-11-12,21.00,79.75,297.31,0.00,301.60
2024-11-12,21.25,78.75,296.03,0.00,302.27
2024-11-12,21.25,79.00,292.44,0.00,302.67
2024-11-12,21.25,79.25,293.07,0.00,302.48
2024-11-12,21.25,79.50,293.55,0.00,301.28
2024-11-12,21.25,79.75,293.18,0.00,302.80
2024-11-12,21.50,78.75,295.12,0.00,301.60
2024-11-12,21.50,79.00,292.64,2.96,302.31
2024-11-12,21.50,79.25,292.05,0.00,302.26
2024-11-12,21.50,79.50,295.65,1.76,
2024-11-12,21.50,79.75,293.21,0.00,302.97
2024-11-12,21.75,78.75,296.03,,300.65
2024-11-12,21.75,79.00,295.90,0.03,301.91
2024-11-12,21.75,79.25,291.33,0.00,301.76
2024-11-12,21.75,79.50,293.52,0.28,301.59
2024-11-12,21.75,79.75,295.15,4.60,302.05
2024-11-13,20.75,78.75,295.82,0.00,302.44
2024-11-13,20.75,79.00,294.17,0.94,301.55
2024-11-13,20.75,79.25,,0.00,302.16
2024-11-13,20.75,79.50,294.28,0.24,302.43
2024-11-13,20.75,79.75,294.55,0.00,301.94
2024-11-13,21.00,78.75,292.93,0.81,301.38
2024-11-13,21.00,79.00,296.48,0.00,301.36
2024-11-13,21.00,79.25,294.95,0.00,301.86
2024-11-13,21.00,79.50,292.29,1.48,301.89
2024-11-13,21.00,79.75,294.26,0.00,302.28
2024-11-13,21.25,78.75,291.39,0.00,302.09
2024-11-13,21.25,79.00,295.79,0.07,301.93
2024-11-13,21.25,79.25,293.73,0.00,301.64
2024-11-13,21.25,79.50,291.24,0.00,301.82
2024-11-13,21.25,79.75,295.24,,301.49
2024-11-13,21.50,78.75,293.00,0.00,302.70
2024-11-13,21.50,79.00,294.11,0.00,302.28
2024-11-13,21.50,79.25,291.86,0.15,
2024-11-13,21.50,79.50,296.39,0.00,
2024-11-13,21.50,79.75,295.66,0.00,302.71
2024-11-13,21.75,78.75,291.08,0.00,302.84
2024-11-13,21.75,79.00,296.47,0.48,
2024-11-13,21.75,79.25,293.28,0.00,301.96
2024-11-13,21.75,79.50,293.69,0.00,301.80
2024-11-13,21.75,79.75,294.31,1.08,301.71
2024-11-14,20.75,78.75,291.73,0.00,
2024-11-14,20.75,79.00,293.49,0.00,302.12
2024-11-14,20.75,79.25,294.04,0.00,302.93
2024-11-14,20.75,79.50,295.54,0.00,301.61
2024-11-14,20.75,79.75,295.02,0.76,301.93
2024-11-14,21.00,78.75,295.86,0.44,301.59
2024-11-14,21.00,79.00,294.11,0.00,301.67
2024-11-14,21.00,79.25,,0.63,301.47
2024-11-14,21.00,79.50,297.47,0.00,301.55
2024-11-14,21.00,79.75,289.18,0.00,301.67
2024-11-14,21.25,78.75,294.33,2.91,302.22
2024-11-14,21.25,79.00,294.12,0.00,301.32
2024-11-14,21.25,79.25,295.29,3.04,301.77
2024-11-14,21.25,79.50,294.69,0.00,302.60
2024-11-14,21.25,79.75,293.19,0.00,301.21
2024-11-14,21.50,78.75,297.74,0.00,302.45
2024-11-14,21.50,79.00,294.84,0.00,302.21
2024-11-14,21.50,79.25,293.17,0.00,302.07
2024-11-14,21.50,79.50,294.62,0.00,302.18
2024-11-14,21.50,79.75,295.32,0.00,301.99
2024-11-14,21.75,78.75,294.97,0.00,301.49
2024-11-14,21.75,79.00,293.66,0.00,301.41
2024-11-14,21.75,79.25,295.07,0.00,300.82
2024-11-14,21.75,79.50,296.03,0.00,301.62
2024-11-14,21.75,79.75,294.10,0.00,302.05
2024-11-15,20.75,78.75,294.35,0.00,302.68
2024-11-15,20.75,79.00,294.44,0.00,302.25
2024-11-15,20.75,79.25,293.77,0.85,301.72
2024-11-15,20.75,79.50,295.10,0.00,300.91
2024-11-15,20.75,79.75,292.66,0.66,302.44
2024-11-15,21.00,78.75,294.31,0.00,301.41
2024-11-15,21.00,79.00,292.24,0.00,302.12
2024-11-15,21.00,79.25,292.64,0.58,301.31
2024-11-15,21.00,79.50,293.88,1.55,301.66
2024-11-15,21.00,79.75,294.19,1.60,301.36
2024-11-15,21.25,78.75,294.95,6.84,302.00
2024-11-15,21.25,79.00,292.03,0.07,302.16
2024-11-15,21.25,79.25,293.83,0.00,301.82
2024-11-15,21.25,79.50,295.36,0.00,300.77
2024-11-15,21.25,79.75,295.87,0.00,302.05
2024-11-15,21.50,78.75,293.48,0.00,301.27
2024-11-15,21.50,79.00,295.75,0.00,301.84
2024-11-15,21.50,79.25,293.76,0.00,302.89
2024-11-15,21.50,79.50,294.78,3.00,301.83
2024-11-15,21.50,79.75,296.70,0.00,302.38
2024-11-15,21.75,78.75,293.79,2.17,301.35
2024-11-15,21.75,79.00,295.63,2.53,302.46
2024-11-15,21.75,79.25,293.70,0.33,300.27
2024-11-15,21.75,79.50,295.07,0.29,301.84
2024-11-15,21.75,79.75,296.49,0.00,301.38
2024-11-16,20.75,78.75,289.78,0.00,302.57
2024-11-16,20.75,79.00,293.82,2.50,302.40
2024-11-16,20.75,79.25,294.92,0.00,301.70
2024-11-16,20.75,79.50,294.16,0.00,302.13
2024-11-16,20.75,79.75,295.91,0.00,302.05
2024-11-16,21.00,78.75,292.89,1.75,301.87
2024-11-16,21.00,79.00,293.09,1.83,301.98
2024-11-16,21.00,79.25,295.15,0.00,301.78
2024-11-16,21.00,79.50,294.13,0.00,302.93
2024-11-16,21.00,79.75,293.85,2.57,301.97
2024-11-16,21.25,78.75,296.17,3.76,301.21
2024-11-16,21.25,79.00,292.78,0.00,301.98
2024-11-16,21.25,79.25,293.54,2.30,301.38
2024-11-16,21.25,79.50,291.28,4.09,300.87
2024-11-16,21.25,79.75,294.50,4.32,
2024-11-16,21.50,78.75,296.73,0.00,301.46
2024-11-16,21.50,79.00,291.72,0.00,302.28
2024-11-16,21.50,79.25,292.83,1.87,301.84
2024-11-16,21.50,79.50,293.97,0.00,302.31
2024-11-16,21.50,79.75,296.55,3.55,301.63
2024-11-16,21.75,78.75,295.78,0.69,301.68
2024-11-16,21.75,79.00,294.39,0.00,302.44
2024-11-16,21.75,79.25,294.24,1.79,301.48
2024-11-16,21.75,79.50,297.37,2.70,301.14
2024-11-16,21.75,79.75,297.82,0.00,300.51
2024-11-17,20.75,78.75,293.59,1.03,300.90
2024-11-17,20.75,79.00,292.38,0.17,300.80
2024-11-17,20.75,79.25,293.01,4.18,301.87
2024-11-17,20.75,79.50,293.24,0.00,301.27
2024-11-17,20.75,79.75,291.23,0.00,302.70
2024-11-17,21.00,78.75,294.93,0.70,302.54
2024-11-17,21.00,79.00,293.37,2.42,301.40
2024-11-17,21.00,79.25,294.61,0.00,302.27
2024-11-17,21.00,79.50,,0.00,301.86
2024-11-17,21.00,79.75,296.68,0.00,301.06
2024-11-17,21.25,78.75,292.75,0.27,301.36
2024-11-17,21.25,79.00,294.13,0.00,301.85
2024-11-17,21.25,79.25,293.82,0.41,301.60
2024-11-17,21.25,79.50,295.78,0.00,302.30
2024-11-17,21.25,79.75,294.62,0.00,301.63
2024-11-17,21.50,78.75,295.69,0.00,301.85
2024-11-17,21.50,79.00,293.79,0.00,301.60
2024-11-17,21.50,79.25,292.37,0.51,302.33
2024-11-17,21.50,79.50,297.45,0.00,301.29
2024-11-17,21.50,79.75,296.09,0.00,301.99
2024-11-17,21.75,78.75,293.38,0.00,302.33
2024-11-17,21.75,79.00,294.67,0.69,302.67
2024-11-17,21.75,79.25,294.28,0.00,302.17
2024-11-17,21.75,79.50,295.46,0.00,301.72
2024-11-17,21.75,79.75,290.83,2.26,301.68
2024-11-18,20.75,78.75,294.27,3.51,301.99
2024-11-18,20.75,79.00,294.73,0.00,301.21
2024-11-18,20.75,79.25,293.00,0.00,301.89
2024-11-18,20.75,79.50,293.20,0.00,301.82
2024-11-18,20.75,79.75,292.58,0.00,301.41
2024-11-18,21.00,78.75,293.90,2.26,
2024-11-18,21.00,79.00,293.15,2.30,301.38
2024-11-18,21.00,79.25,293.89,0.00,301.78
2024-11-18,21.00,79.50,294.62,0.00,302.44
2024-11-18,21.00,79.75,294.13,0.00,301.77
2024-11-18,21.25,78.75,293.36,0.60,301.52
2024-11-18,21.25,79.00,291.38,0.00,301.91
2024-11-18,21.25,79.25,293.75,0.00,301.74
2024-11-18,21.25,79.50,292.48,0.00,301.83
2024-11-18,21.25,79.75,295.03,0.00,301.29
2024-11-18,21.50,78.75,292.61,0.25,301.57
2024-11-18,21.50,79.00,291.49,0.26,301.44
2024-11-18,21.50,79.25,292.76,0.00,
2024-11-18,21.50,79.50,293.77,5.75,301.47
2024-11-18,21.50,79.75,297.04,0.00,301.61
2024-11-18,21.75,78.75,295.63,0.00,302.03
2024-11-18,21.75,79.00,295.97,0.00,301.62
2024-11-18,21.75,79.25,292.92,0.00,302.45
2024-11-18,21.75,79.50,294.53,2.46,301.97
2024-11-18,21.75,79.75,292.93,1.75,302.42
2024-11-19,20.75,78.75,294.49,0.00,302.15
2024-11-19,20.75,79.00,293.06,0.00,301.62
2024-11-19,20.75,79.25,293.31,0.65,303.06
2024-11-19,20.75,79.50,292.86,0.00,302.56
2024-11-19,20.75,79.75,291.54,0.00,302.71
2024-11-19,21.00,78.75,294.42,1.89,301.60
2024-11-19,21.00,79.00,292.17,0.00,
2024-11-19,21.00,79.25,295.65,3.03,301.93
2024-11-19,21.00,79.50,293.67,0.79,301.80
2024-11-19,21.00,79.75,296.87,1.87,301.54
2024-11-19,21.25,78.75,296.47,0.00,301.72
2024-11-19,21.25,79.00,292.56,0.00,302.11
2024-11-19,21.25,79.25,292.70,0.00,302.15
2024-11-19,21.25,79.50,291.05,0.00,301.35
2024-11-19,21.25,79.75,293.89,0.00,301.60
2024-11-19,21.50,78.75,291.77,0.64,302.53
2024-11-19,21.50,79.00,296.71,1.90,301.36
2024-11-19,21.50,79.25,293.29,0.00,302.96
2024-11-19,21.50,79.50,294.17,0.00,301.67
2024-11-19,21.50,79.75,294.45,0.00,302.10
2024-11-19,21.75,78.75,,0.00,301.84
2024-11-19,21.75,79.00,,6.25,302.07
2024-11-19,21.75,79.25,292.99,0.03,301.19
2024-11-19,21.75,79.50,293.69,0.00,302.23
2024-11-19,21.75,79.75,292.70,0.00,300.82
2024-11-20,20.75,78.75,295.93,1.32,301.48
2024-11-20,20.75,79.00,294.70,0.52,302.51
2024-11-20,20.75,79.25,295.46,0.00,302.07
2024-11-20,20.75,79.50,292.12,0.00,301.55
2024-11-20,20.75,79.75,293.53,3.34,301.02
2024-11-20,21.00,78.75,292.35,0.58,301.80
2024-11-20,21.00,79.00,295.76,0.00,302.56
2024-11-20,21.00,79.25,293.30,0.00,301.46
2024-11-20,21.00,79.50,292.37,0.70,301.98
2024-11-20,21.00,79.75,296.91,0.00,
2024-11-20,21.25,78.75,291.89,2.52,301.22
2024-11-20,21.25,79.00,292.36,1.66,302.52
2024-11-20,21.25,79.25,293.96,0.00,302.86
2024-11-20,21.25,79.50,292.66,0.00,302.61
2024-11-20,21.25,79.75,296.71,0.00,301.78
2024-11-20,21.50,78.75,292.21,1.91,301.42
2024-11-20,21.50,79.00,293.74,0.00,302.06
2024-11-20,21.50,79.25,295.68,0.00,302.04
2024-11-20,21.50,79.50,294.16,0.00,302.10
2024-11-20,21.50,79.75,292.26,0.00,301.88
2024-11-20,21.75,78.75,293.21,0.72,301.94
2024-11-20,21.75,79.00,294.98,,302.10
2024-11-20,21.75,79.25,294.11,0.00,301.76
2024-11-20,21.75,79.50,294.46,1.72,303.12
2024-11-20,21.75,79.75,294.17,0.00,301.93
2024-11-21,20.75,78.75,293.45,0.00,300.71
2024-11-21,20.75,79.00,292.05,0.00,301.66
2024-11-21,20.75,79.25,295.76,0.00,302.46
2024-11-21,20.75,79.50,295.12,0.00,301.63
2024-11-21,20.75,79.75,293.98,1.52,300.92
2024-11-21,21.00,78.75,294.19,2.85,302.59
2024-11-21,21.00,79.00,294.36,0.00,301.25
2024-11-21,21.00,79.25,295.04,0.00,301.30
2024-11-21,21.00,79.50,292.93,0.00,302.45
2024-11-21,21.00,79.75,295.55,0.14,302.77
2024-11-21,21.25,78.75,294.23,0.00,301.67
2024-11-21,21.25,79.00,294.43,1.65,301.18
2024-11-21,21.25,79.25,,0.00,301.55
2024-11-21,21.25,79.50,293.46,0.00,301.89
2024-11-21,21.25,79.75,292.56,0.00,302.01
2024-11-21,21.50,78.75,296.16,7.87,302.06
2024-11-21,21.50,79.00,293.07,0.00,301.64
2024-11-21,21.50,79.25,294.77,0.00,300.79
2024-11-21,21.50,79.50,293.74,0.00,301.41
2024-11-21,21.50,79.75,293.23,3.91,301.84
2024-11-21,21.75,78.75,294.29,0.00,302.15
2024-11-21,21.75,79.00,295.38,0.00,300.81
2024-11-21,21.75,79.25,293.40,0.00,302.14
2024-11-21,21.75,79.50,293.75,0.00,302.05
2024-11-21,21.75,79.75,291.35,0.00,302.32
2024-11-22,20.75,78.75,292.29,0.00,301.59
2024-11-22,20.75,79.00,296.15,0.00,302.37
2024-11-22,20.75,79.25,292.77,0.00,302.27
2024-11-22,20.75,79.50,295.43,0.00,302.37
2024-11-22,20.75,79.75,293.38,2.57,302.31
2024-11-22,21.00,78.75,292.66,0.00,301.20
2024-11-22,21.00,79.00,293.36,6.12,302.03
2024-11-22,21.00,79.25,293.36,0.00,300.88
2024-11-22,21.00,79.50,297.12,0.45,302.39
2024-11-22,21.00,79.75,293.13,1.55,301.43
2024-11-22,21.25,78.75,291.95,0.00,302.22
2024-11-22,21.25,79.00,295.07,0.00,302.02
2024-11-22,21.25,79.25,296.77,0.00,301.51
2024-11-22,21.25,79.50,294.43,0.00,302.14
2024-11-22,21.25,79.75,294.84,5.50,301.99
2024-11-22,21.50,78.75,295.63,0.00,302.42
2024-11-22,21.50,79.00,290.15,4.76,302.04
2024-11-22,21.50,79.25,294.35,0.83,302.01
2024-11-22,21.50,79.50,296.22,0.00,302.36
2024-11-22,21.50,79.75,295.00,0.00,300.98
2024-11-22,21.75,78.75,292.88,0.00,302.57
2024-11-22,21.75,79.00,293.93,0.10,302.56
2024-11-22,21.75,79.25,295.09,0.00,301.69
2024-11-22,21.75,79.50,295.57,0.00,302.15
2024-11-22,21.75,79.75,295.21,0.00,301.01
2024-11-23,20.75,78.75,291.49,0.93,301.46
2024-11-23,20.75,79.00,292.70,0.17,302.42
2024-11-23,20.75,79.25,292.01,0.00,301.59
2024-11-23,20.75,79.50,294.26,0.00,301.49
2024-11-23,20.75,79.75,290.35,0.00,301.83
2024-11-23,21.00,78.75,295.06,0.63,301.56
2024-11-23,21.00,79.00,295.62,0.65,301.88
2024-11-23,21.00,79.25,293.62,0.00,301.88
2024-11-23,21.00,79.50,296.25,0.00,302.07
2024-11-23,21.00,79.75,294.46,0.00,301.62
2024-11-23,21.25,78.75,293.29,2.50,301.67
2024-11-23,21.25,79.00,296.03,0.00,302.09
2024-11-23,21.25,79.25,292.46,13.56,302.65
2024-11-23,21.25,79.50,294.65,0.00,301.72
2024-11-23,21.25,79.75,295.39,0.00,301.94
2024-11-23,21.50,78.75,292.17,0.05,302.64
2024-11-23,21.50,79.00,293.35,0.00,
2024-11-23,21.50,79.25,293.34,2.77,301.77
2024-11-23,21.50,79.50,293.16,0.00,302.61
2024-11-23,21.50,79.75,294.33,0.00,300.98
2024-11-23,21.75,78.75,294.46,0.00,300.90
2024-11-23,21.75,79.00,294.29,0.00,301.54
2024-11-23,21.75,79.25,,0.00,301.77
2024-11-23,21.75,79.50,293.64,7.69,301.40
2024-11-23,21.75,79.75,292.41,0.00,301.75
2024-11-24,20.75,78.75,293.15,0.00,301.44
2024-11-24,20.75,79.00,294.26,1.89,302.66
2024-11-24,20.75,79.25,294.39,4.15,301.57
2024-11-24,20.75,79.50,295.55,0.00,302.86
2024-11-24,20.75,79.75,292.31,0.00,302.17
2024-11-24,21.00,78.75,291.92,0.00,301.89
2024-11-24,21.00,79.00,292.46,0.00,302.66
2024-11-24,21.00,79.25,292.50,,302.26
2024-11-24,21.00,79.50,294.13,0.00,
2024-11-24,21.00,79.75,295.62,0.00,301.59
2024-11-24,21.25,78.75,291.92,3.54,302.14
2024-11-24,21.25,79.00,292.72,0.00,302.30
2024-11-24,21.25,79.25,293.85,3.50,301.45
2024-11-24,21.25,79.50,293.21,0.00,302.06
2024-11-24,21.25,79.75,294.34,,302.61
2024-11-24,21.50,78.75,291.89,0.00,302.48
2024-11-24,21.50,79.00,292.17,0.00,301.64
2024-11-24,21.50,79.25,295.50,0.00,
2024-11-24,21.50,79.50,295.68,0.00,302.10
2024-11-24,21.50,79.75,292.68,2.09,300.81
2024-11-24,21.75,78.75,293.94,1.38,302.31
2024-11-24,21.75,79.00,293.48,0.00,301.31
2024-11-24,21.75,79.25,295.29,1.19,301.97
2024-11-24,21.75,79.50,294.94,2.65,301.92
2024-11-24,21.75,79.75,293.50,0.00,301.72
2024-11-25,20.75,78.75,295.55,0.00,301.89
2024-11-25,20.75,79.00,292.14,0.00,301.25
2024-11-25,20.75,79.25,289.81,1.18,301.40
2024-11-25,20.75,79.50,294.37,0.00,302.50
2024-11-25,20.75,79.75,295.35,0.00,302.32
2024-11-25,21.00,78.75,,0.00,302.70
2024-11-25,21.00,79.00,293.61,0.00,301.70
2024-11-25,21.00,79.25,293.45,0.00,301.80
2024-11-25,21.00,79.50,295.14,2.95,301.22
2024-11-25,21.00,79.75,294.22,0.56,301.78
2024-11-25,21.25,78.75,290.30,0.79,301.76
2024-11-25,21.25,79.00,294.39,0.00,302.65
2024-11-25,21.25,79.25,293.87,2.99,302.21
2024-11-25,21.25,79.50,292.78,0.00,301.61
2024-11-25,21.25,79.75,292.90,0.28,301.39
2024-11-25,21.50,78.75,292.43,1.26,301.71
2024-11-25,21.50,79.00,293.04,0.00,301.33
2024-11-25,21.50,79.25,293.45,0.00,301.14
2024-11-25,21.50,79.50,292.24,0.00,302.33
2024-11-25,21.50,79.75,296.25,0.00,302.35
2024-11-25,21.75,78.75,292.55,0.00,301.66
2024-11-25,21.75,79.00,295.44,0.32,301.84
2024-11-25,21.75,79.25,295.60,0.00,301.26
2024-11-25,21.75,79.50,292.40,0.00,300.86
2024-11-25,21.75,79.75,292.20,0.00,301.68
2024-11-26,20.75,78.75,290.70,0.00,
2024-11-26,20.75,79.00,293.83,0.00,301.79
2024-11-26,20.75,79.25,295.14,0.00,301.86
2024-11-26,20.75,79.50,294.01,0.00,302.17
2024-11-26,20.75,79.75,292.96,0.97,301.00
2024-11-26,21.00,78.75,294.19,0.00,302.27
2024-11-26,21.00,79.00,293.44,0.00,302.66
2024-11-26,21.00,79.25,293.28,0.00,301.62
2024-11-26,21.00,79.50,292.66,2.19,302.14
2024-11-26,21.00,79.75,292.95,0.00,302.55
2024-11-26,21.25,78.75,294.04,4.49,301.70
2024-11-26,21.25,79.00,292.48,0.00,301.95
2024-11-26,21.25,79.25,293.60,0.00,302.23
2024-11-26,21.25,79.50,295.40,0.00,301.57
2024-11-26,21.25,79.75,291.99,0.00,301.71
2024-11-26,21.50,78.75,292.84,0.00,302.49
2024-11-26,21.50,79.00,294.91,0.00,301.11
2024-11-26,21.50,79.25,293.60,0.46,301.73
2024-11-26,21.50,79.50,294.87,0.00,302.68
2024-11-26,21.50,79.75,294.19,0.00,301.80
2024-11-26,21.75,78.75,295.00,0.00,301.57
2024-11-26,21.75,79.00,294.41,0.00,301.91
2024-11-26,21.75,79.25,293.15,0.00,302.40
2024-11-26,21.75,79.50,295.76,0.00,301.66
2024-11-26,21.75,79.75,291.41,0.23,303.31
2024-11-27,20.75,78.75,292.99,1.48,301.59
2024-11-27,20.75,79.00,296.98,0.00,301.87
2024-11-27,20.75,79.25,295.42,0.00,302.64
2024-11-27,20.75,79.50,293.30,0.00,301.88
2024-11-27,20.75,79.75,291.11,0.00,301.33
2024-11-27,21.00,78.75,293.66,1.05,302.30
2024-11-27,21.00,79.00,294.25,1.23,301.17
2024-11-27,21.00,79.25,290.86,0.07,301.39
2024-11-27,21.00,79.50,291.14,4.07,302.38
2024-11-27,21.00,79.75,292.91,0.00,302.30
2024-11-27,21.25,78.75,294.86,0.00,301.10
2024-11-27,21.25,79.00,293.64,0.00,302.47
2024-11-27,21.25,79.25,293.27,0.72,302.08
2024-11-27,21.25,79.50,294.75,2.11,
2024-11-27,21.25,79.75,296.50,0.00,302.52
2024-11-27,21.50,78.75,295.16,0.00,302.34
2024-11-27,21.50,79.00,291.26,0.27,301.34
2024-11-27,21.50,79.25,290.33,2.34,302.53
2024-11-27,21.50,79.50,296.53,7.13,
2024-11-27,21.50,79.75,293.51,4.71,301.09
2024-11-27,21.75,78.75,294.25,1.18,302.83
2024-11-27,21.75,79.00,293.07,0.00,301.23
2024-11-27,21.75,79.25,290.29,0.00,302.91
2024-11-27,21.75,79.50,294.14,0.00,301.72
2024-11-27,21.75,79.75,294.80,0.00,301.77
2024-11-28,20.75,78.75,291.36,0.00,301.49
2024-11-28,20.75,79.00,289.34,0.00,301.76
2024-11-28,20.75,79.25,292.23,0.64,302.42
2024-11-28,20.75,79.50,294.11,0.00,302.48
2024-11-28,20.75,79.75,293.75,0.00,302.43
2024-11-28,21.00,78.75,292.97,0.00,302.92
2024-11-28,21.00,79.00,291.36,0.00,302.20
2024-11-28,21.00,79.25,292.76,0.22,301.93
2024-11-28,21.00,79.50,293.93,2.89,302.01
2024-11-28,21.00,79.75,293.66,0.00,302.43
2024-11-28,21.25,78.75,294.24,0.00,302.41
2024-11-28,21.25,79.00,293.73,0.74,302.16
2024-11-28,21.25,79.25,293.12,0.00,302.07
2024-11-28,21.25,79.50,293.43,0.00,302.16
2024-11-28,21.25,79.75,294.32,0.00,301.96
2024-11-28,21.50,78.75,294.94,0.00,
2024-11-28,21.50,79.00,293.99,0.00,302.69
2024-11-28,21.50,79.25,294.76,0.00,302.17
2024-11-28,21.50,79.50,288.93,1.68,301.87
2024-11-28,21.50,79.75,295.53,0.00,301.59
2024-11-28,21.75,78.75,292.62,0.00,301.70
2024-11-28,21.75,79.00,294.83,2.51,300.80
2024-11-28,21.75,79.25,294.53,0.00,301.81
2024-11-28,21.75,79.50,291.89,0.00,301.39
2024-11-28,21.75,79.75,291.14,0.00,301.87
2024-11-29,20.75,78.75,293.96,3.88,301.82
2024-11-29,20.75,79.00,293.54,0.00,302.37
2024-11-29,20.75,79.25,290.13,0.00,301.71
2024-11-29,20.75,79.50,291.28,0.00,301.62
2024-11-29,20.75,79.75,291.94,1.99,301.91
2024-11-29,21.00,78.75,294.87,1.80,301.37
2024-11-29,21.00,79.00,292.62,0.00,302.35
2024-11-29,21.00,79.25,294.49,0.00,301.91
2024-11-29,21.00,79.50,294.91,0.00,302.19
2024-11-29,21.00,79.75,291.44,0.00,301.50
2024-11-29,21.25,78.75,293.61,0.00,301.60
2024-11-29,21.25,79.00,296.18,0.00,301.49
2024-11-29,21.25,79.25,295.15,2.81,301.33
2024-11-29,21.25,79.50,291.04,0.00,301.36
2024-11-29,21.25,79.75,294.53,,301.72
2024-11-29,21.50,78.75,295.49,4.80,302.83
2024-11-29,21.50,79.00,293.83,1.43,300.94
2024-11-29,21.50,79.25,293.33,0.00,301.07
2024-11-29,21.50,79.50,291.32,1.72,302.07
2024-11-29,21.50,79.75,295.83,0.00,302.23
2024-11-29,21.75,78.75,293.64,3.93,302.37
2024-11-29,21.75,79.00,291.74,0.00,302.20
2024-11-29,21.75,79.25,294.13,0.00,301.90
2024-11-29,21.75,79.50,293.31,0.64,301.49
2024-11-29,21.75,79.75,291.71,2.64,301.93
2024-11-30,20.75,78.75,294.39,0.00,301.40
2024-11-30,20.75,79.00,293.08,1.37,
2024-11-30,20.75,79.25,,0.48,301.34
2024-11-30,20.75,79.50,292.72,0.00,302.36
2024-11-30,20.75,79.75,296.07,0.00,302.01
2024-11-30,21.00,78.75,292.15,0.00,302.31
2024-11-30,21.00,79.00,294.57,0.00,301.59
2024-11-30,21.00,79.25,290.11,0.00,301.13
2024-11-30,21.00,79.50,293.42,0.00,302.39
2024-11-30,21.00,79.75,293.48,,302.43
2024-11-30,21.25,78.75,293.46,0.00,301.66
2024-11-30,21.25,79.00,291.48,0.00,301.69
2024-11-30,21.25,79.25,293.53,1.93,302.90
2024-11-30,21.25,79.50,293.94,0.00,301.28
2024-11-30,21.25,79.75,293.69,0.00,301.86
2024-11-30,21.50,78.75,290.27,0.00,301.38
2024-11-30,21.50,79.00,292.59,2.70,301.41
2024-11-30,21.50,79.25,291.04,0.00,301.76
2024-11-30,21.50,79.50,294.86,0.00,301.58
2024-11-30,21.50,79.75,294.58,0.13,302.44
2024-11-30,21.75,78.75,294.32,4.60,302.18
2024-11-30,21.75,79.00,292.34,1.94,300.82
2024-11-30,21.75,79.25,294.06,0.00,301.49
2024-11-30,21.75,79.50,293.07,0.00,302.08
2024-11-30,21.75,79.75,295.32,3.04,302.25
2024-12-01,20.75,78.75,292.69,0.00,302.22
2024-12-01,20.75,79.00,292.71,1.03,302.40
2024-12-01,20.75,79.25,292.57,0.87,302.11
2024-12-01,20.75,79.50,291.98,2.64,301.62
2024-12-01,20.75,79.75,293.39,0.00,301.21
2024-12-01,21.00,78.75,290.61,0.40,301.91
2024-12-01,21.00,79.00,295.81,0.84,302.08
2024-12-01,21.00,79.25,291.11,5.43,301.32
2024-12-01,21.00,79.50,291.94,0.00,301.80
2024-12-01,21.00,79.75,292.52,0.00,301.62
2024-12-01,21.25,78.75,293.78,0.00,301.41
2024-12-01,21.25,79.00,290.33,0.00,300.90
2024-12-01,21.25,79.25,292.79,0.00,300.80
2024-12-01,21.25,79.50,292.80,0.48,302.04
2024-12-01,21.25,79.75,292.74,0.00,302.50
2024-12-01,21.50,78.75,293.86,1.91,301.00
2024-12-01,21.50,79.00,293.45,1.75,301.13
2024-12-01,21.50,79.25,292.28,0.00,300.71
2024-12-01,21.50,79.50,295.94,0.00,302.23
2024-12-01,21.50,79.75,292.33,1.61,301.96
2024-12-01,21.75,78.75,293.89,0.00,303.29
2024-12-01,21.75,79.00,296.93,0.00,302.13
2024-12-01,21.75,79.25,293.37,0.00,302.45
2024-12-01,21.75,79.50,293.46,0.00,301.55
2024-12-01,21.75,79.75,293.51,0.00,301.28
2024-12-02,20.75,78.75,294.11,2.47,301.85
2024-12-02,20.75,79.00,293.50,0.00,302.15
2024-12-02,20.75,79.25,292.01,0.00,301.60
2024-12-02,20.75,79.50,292.47,3.54,302.10
2024-12-02,20.75,79.75,291.71,0.51,303.15
2024-12-02,21.00,78.75,291.25,0.00,301.17
2024-12-02,21.00,79.00,295.51,0.00,301.29
2024-12-02,21.00,79.25,292.98,0.00,302.15
2024-12-02,21.00,79.50,293.44,0.35,301.54
2024-12-02,21.00,79.75,293.67,2.05,302.13
2024-12-02,21.25,78.75,292.64,0.00,301.96
2024-12-02,21.25,79.00,294.43,0.00,302.88
2024-12-02,21.25,79.25,290.96,0.00,302.92
2024-12-02,21.25,79.50,292.90,3.72,301.01
2024-12-02,21.25,79.75,293.77,0.55,301.33
2024-12-02,21.50,78.75,292.94,0.00,
2024-12-02,21.50,79.00,290.80,0.00,301.14
2024-12-02,21.50,79.25,294.73,0.00,301.44
2024-12-02,21.50,79.50,291.54,0.69,301.52
2024-12-02,21.50,79.75,292.92,1.41,301.95
2024-12-02,21.75,78.75,293.71,0.00,301.98
2024-12-02,21.75,79.00,295.93,0.00,301.82
2024-12-02,21.75,79.25,296.09,1.26,301.89
2024-12-02,21.75,79.50,292.45,0.00,301.76
2024-12-02,21.75,79.75,291.23,2.19,301.52
2024-12-03,20.75,78.75,293.36,0.00,301.92
2024-12-03,20.75,79.00,294.20,1.59,302.56
2024-12-03,20.75,79.25,292.24,0.00,302.68
2024-12-03,20.75,79.50,293.86,0.00,301.84
2024-12-03,20.75,79.75,294.56,0.18,301.99
2024-12-03,21.00,78.75,294.06,0.26,301.04
2024-12-03,21.00,79.00,292.48,0.77,301.40
2024-12-03,21.00,79.25,293.06,0.10,302.72
2024-12-03,21.00,79.50,291.56,0.00,301.96
2024-12-03,21.00,79.75,295.15,0.00,302.30
2024-12-03,21.25,78.75,294.90,0.00,302.20
2024-12-03,21.25,79.00,294.15,0.00,302.88
2024-12-03,21.25,79.25,293.38,0.00,301.63
2024-12-03,21.25,79.50,294.28,0.00,301.07
2024-12-03,21.25,79.75,294.32,0.00,301.10
2024-12-03,21.50,78.75,295.76,0.00,302.14
2024-12-03,21.50,79.00,291.95,0.00,301.98
2024-12-03,21.50,79.25,294.92,,302.98
2024-12-03,21.50,79.50,291.76,0.00,301.69
2024-12-03,21.50,79.75,293.81,2.01,301.77
2024-12-03,21.75,78.75,294.87,0.00,301.98
2024-12-03,21.75,79.00,294.12,0.00,301.63
2024-12-03,21.75,79.25,292.90,,302.34
2024-12-03,21.75,79.50,293.41,0.00,302.46
2024-12-03,21.75,79.75,294.58,3.68,301.24
2024-12-04,20.75,78.75,292.33,0.40,301.77
2024-12-04,20.75,79.00,290.45,0.20,302.40
2024-12-04,20.75,79.25,293.44,0.00,301.58
2024-12-04,20.75,79.50,294.94,0.91,301.39
2024-12-04,20.75,79.75,292.96,0.00,302.27
2024-12-04,21.00,78.75,293.61,0.96,301.35
2024-12-04,21.00,79.00,289.91,0.00,301.40
2024-12-04,21.00,79.25,295.01,0.00,302.27
2024-12-04,21.00,79.50,293.45,0.00,302.27
2024-12-04,21.00,79.75,293.68,0.00,301.54
2024-12-04,21.25,78.75,295.11,0.00,301.83
2024-12-04,21.25,79.00,291.86,2.98,301.19
2024-12-04,21.25,79.25,292.62,0.00,301.47
2024-12-04,21.25,79.50,293.06,0.00,302.02
2024-12-04,21.25,79.75,297.40,1.38,301.89
2024-12-04,21.50,78.75,294.32,0.00,302.48
2024-12-04,21.50,79.00,292.83,0.00,301.73
2024-12-04,21.50,79.25,292.43,1.04,302.42
2024-12-04,21.50,79.50,291.12,0.00,302.16
2024-12-04,21.50,79.75,293.93,0.00,301.90
2024-12-04,21.75,78.75,293.73,0.00,302.12
2024-12-04,21.75,79.00,294.44,0.00,302.18
2024-12-04,21.75,79.25,,0.00,302.04
2024-12-04,21.75,79.50,291.87,0.55,302.19
2024-12-04,21.75,79.75,291.12,3.86,300.79
2024-12-05,20.75,78.75,293.85,0.00,302.15
2024-12-05,20.75,79.00,293.62,0.26,301.72
2024-12-05,20.75,79.25,293.89,0.00,302.03
2024-12-05,20.75,79.50,293.34,0.00,301.74
2024-12-05,20.75,79.75,297.12,0.19,302.43
2024-12-05,21.00,78.75,292.74,,301.77
2024-12-05,21.00,79.00,293.88,1.40,301.78
2024-12-05,21.00,79.25,293.70,0.00,302.06
2024-12-05,21.00,79.50,,0.11,301.26
2024-12-05,21.00,79.75,291.72,0.00,302.37
2024-12-05,21.25,78.75,292.74,0.00,301.85
2024-12-05,21.25,79.00,293.17,0.00,301.48
2024-12-05,21.25,79.25,293.12,0.00,303.14
2024-12-05,21.25,79.50,294.27,0.00,302.00
2024-12-05,21.25,79.75,291.58,0.00,302.02
2024-12-05,21.50,78.75,293.33,0.00,301.63
2024-12-05,21.50,79.00,295.94,1.75,301.29
2024-12-05,21.50,79.25,292.64,0.00,301.65
2024-12-05,21.50,79.50,291.15,2.60,301.95
2024-12-05,21.50,79.75,293.12,0.00,302.81
2024-12-05,21.75,78.75,296.69,0.58,302.50
2024-12-05,21.75,79.00,292.67,7.79,302.26
2024-12-05,21.75,79.25,,5.07,302.02
2024-12-05,21.75,79.50,294.12,0.00,302.03
2024-12-05,21.75,79.75,292.00,3.27,302.04
2024-12-06,20.75,78.75,290.54,0.00,
2024-12-06,20.75,79.00,294.62,0.18,302.34
2024-12-06,20.75,79.25,294.05,6.12,301.99
2024-12-06,20.75,79.50,294.34,0.00,301.59
2024-12-06,20.75,79.75,290.39,0.00,302.65
2024-12-06,21.00,78.75,290.42,0.84,301.60
2024-12-06,21.00,79.00,291.61,0.00,301.21
2024-12-06,21.00,79.25,293.85,0.00,302.25
2024-12-06,21.00,79.50,292.39,0.00,302.22
2024-12-06,21.00,79.75,293.94,0.25,300.98
2024-12-06,21.25,78.75,293.02,0.00,300.99
2024-12-06,21.25,79.00,293.67,0.00,302.33
2024-12-06,21.25,79.25,292.58,1.51,301.73
2024-12-06,21.25,79.50,293.58,0.00,301.87
2024-12-06,21.25,79.75,,2.10,301.68
2024-12-06,21.50,78.75,292.31,0.81,301.84
2024-12-06,21.50,79.00,291.05,0.00,301.83
2024-12-06,21.50,79.25,293.09,1.33,302.27
2024-12-06,21.50,79.50,294.55,0.00,302.26
2024-12-06,21.50,79.75,292.59,4.81,302.36
2024-12-06,21.75,78.75,292.94,0.00,301.92
2024-12-06,21.75,79.00,292.75,,301.45
2024-12-06,21.75,79.25,291.42,0.31,301.62
2024-12-06,21.75,79.50,294.74,1.87,301.22
2024-12-06,21.75,79.75,292.41,3.36,301.25
2024-12-07,20.75,78.75,290.98,0.00,301.43
2024-12-07,20.75,79.00,292.80,0.00,302.73
2024-12-07,20.75,79.25,290.83,0.00,302.06
2024-12-07,20.75,79.50,293.72,0.00,301.40
2024-12-07,20.75,79.75,293.21,1.81,301.82
2024-12-07,21.00,78.75,292.00,0.89,301.89
2024-12-07,21.00,79.00,292.89,3.31,301.59
2024-12-07,21.00,79.25,297.04,0.00,301.78
2024-12-07,21.00,79.50,293.22,1.24,302.05
2024-12-07,21.00,79.75,293.45,0.00,302.89
2024-12-07,21.25,78.75,293.22,0.00,301.96
2024-12-07,21.25,79.00,292.60,0.00,301.75
2024-12-07,21.25,79.25,290.85,0.00,302.02
2024-12-07,21.25,79.50,294.34,0.12,301.88
2024-12-07,21.25,79.75,296.12,1.62,301.18
2024-12-07,21.50,78.75,292.23,0.67,302.02
2024-12-07,21.50,79.00,290.98,0.00,301.99
2024-12-07,21.50,79.25,295.20,0.00,302.72
2024-12-07,21.50,79.50,294.60,0.00,301.20
2024-12-07,21.50,79.75,295.25,5.46,301.68
2024-12-07,21.75,78.75,,0.00,302.36
2024-12-07,21.75,79.00,293.43,3.38,302.61
2024-12-07,21.75,79.25,291.23,1.87,301.95
2024-12-07,21.75,79.50,294.11,0.00,302.35
2024-12-07,21.75,79.75,294.66,0.00,301.11
2024-12-08,20.75,78.75,292.34,0.00,302.02
2024-12-08,20.75,79.00,292.22,0.75,301.12
2024-12-08,20.75,79.25,293.08,0.57,302.43
2024-12-08,20.75,79.50,293.63,0.00,301.79
2024-12-08,20.75,79.75,293.08,0.00,301.46
2024-12-08,21.00,78.75,291.89,0.00,302.03
2024-12-08,21.00,79.00,291.59,0.00,301.65
2024-12-08,21.00,79.25,294.31,1.22,301.56
2024-12-08,21.00,79.50,292.20,0.77,301.73
2024-12-08,21.00,79.75,292.99,0.00,302.04
2024-12-08,21.25,78.75,295.16,0.00,301.36
2024-12-08,21.25,79.00,291.99,0.00,302.11
2024-12-08,21.25,79.25,292.66,0.00,302.60
2024-12-08,21.25,79.50,291.22,0.00,301.70
2024-12-08,21.25,79.75,,3.86,302.53
2024-12-08,21.50,78.75,292.20,0.00,301.77
2024-12-08,21.50,79.00,291.67,0.00,302.41
2024-12-08,21.50,79.25,292.22,2.94,301.88
2024-12-08,21.50,79.50,290.24,0.00,301.85
2024-12-08,21.50,79.75,294.75,0.00,301.77
2024-12-08,21.75,78.75,,0.84,302.49
2024-12-08,21.75,79.00,291.68,0.00,302.04
2024-12-08,21.75,79.25,293.32,3.55,301.98
2024-12-08,21.75,79.50,,15.01,302.73
2024-12-08,21.75,79.75,293.09,0.00,301.79
2024-12-09,20.75,78.75,291.16,0.00,302.33
2024-12-09,20.75,79.00,292.20,0.00,301.71
2024-12-09,20.75,79.25,293.75,0.00,300.96
2024-12-09,20.75,79.50,293.12,1.10,301.24
2024-12-09,20.75,79.75,292.59,0.00,301.57
2024-12-09,21.00,78.75,294.00,0.00,301.93
2024-12-09,21.00,79.00,294.25,1.70,301.31
2024-12-09,21.00,79.25,296.57,2.89,303.25
2024-12-09,21.00,79.50,289.16,1.97,301.68
2024-12-09,21.00,79.75,292.67,1.78,302.41
2024-12-09,21.25,78.75,294.87,2.25,302.85
2024-12-09,21.25,79.00,291.60,1.81,302.46
2024-12-09,21.25,79.25,293.88,0.97,301.91
2024-12-09,21.25,79.50,294.35,0.00,301.84
2024-12-09,21.25,79.75,292.29,1.31,302.08
2024-12-09,21.50,78.75,293.92,0.00,302.01
2024-12-09,21.50,79.00,290.71,0.00,303.41
2024-12-09,21.50,79.25,293.73,0.00,301.86
2024-12-09,21.50,79.50,294.95,0.00,301.83
2024-12-09,21.50,79.75,292.11,0.14,302.27
2024-12-09,21.75,78.75,293.92,2.76,302.99
2024-12-09,21.75,79.00,295.15,1.12,301.10
2024-12-09,21.75,79.25,291.71,1.40,
2024-12-09,21.75,79.50,295.44,0.00,301.51
2024-12-09,21.75,79.75,291.29,0.00,301.74
2024-12-10,20.75,78.75,292.64,0.00,302.06
2024-12-10,20.75,79.00,292.64,0.00,301.68
2024-12-10,20.75,79.25,292.17,1.16,302.16
2024-12-10,20.75,79.50,293.11,0.00,301.93
2024-12-10,20.75,79.75,293.03,0.00,302.10
2024-12-10,21.00,78.75,295.05,0.00,301.64
2024-12-10,21.00,79.00,294.53,0.17,
2024-12-10,21.00,79.25,292.52,2.05,302.77
2024-12-10,21.00,79.50,291.65,0.00,302.27
2024-12-10,21.00,79.75,293.53,0.00,301.42
2024-12-10,21.25,78.75,292.05,0.00,301.91
2024-12-10,21.25,79.00,297.08,2.02,301.97
2024-12-10,21.25,79.25,293.23,0.00,301.78
2024-12-10,21.25,79.50,293.80,0.00,301.95
2024-12-10,21.25,79.75,295.59,0.00,302.87
2024-12-10,21.50,78.75,293.50,0.00,302.79
2024-12-10,21.50,79.00,294.30,0.00,301.77
2024-12-10,21.50,79.25,293.45,0.83,302.74
2024-12-10,21.50,79.50,289.18,0.00,301.68
2024-12-10,21.50,79.75,291.25,1.00,302.00
2024-12-10,21.75,78.75,,0.00,
2024-12-10,21.75,79.00,291.84,5.48,302.11
2024-12-10,21.75,79.25,293.56,0.00,302.45
2024-12-10,21.75,79.50,293.55,4.89,301.90
2024-12-10,21.75,79.75,296.07,0.00,302.15
2024-12-11,20.75,78.75,291.88,3.13,301.90
2024-12-11,20.75,79.00,292.96,0.00,302.41
2024-12-11,20.75,79.25,292.86,2.10,302.63
2024-12-11,20.75,79.50,295.92,2.82,300.94
2024-12-11,20.75,79.75,293.54,0.00,302.54
2024-12-11,21.00,78.75,293.19,0.00,301.45
2024-12-11,21.00,79.00,290.98,0.00,301.85
2024-12-11,21.00,79.25,290.83,0.00,301.42
2024-12-11,21.00,79.50,291.91,0.55,301.61
2024-12-11,21.00,79.75,291.37,0.33,301.78
2024-12-11,21.25,78.75,292.35,0.00,300.96
2024-12-11,21.25,79.00,292.79,0.00,302.32
2024-12-11,21.25,79.25,294.37,0.50,301.26
2024-12-11,21.25,79.50,,1.51,301.67
2024-12-11,21.25,79.75,292.95,0.00,302.14
2024-12-11,21.50,78.75,296.57,0.00,302.98
2024-12-11,21.50,79.00,292.78,0.33,302.60
2024-12-11,21.50,79.25,295.87,0.00,301.37
2024-12-11,21.50,79.50,294.01,3.93,301.72
2024-12-11,21.50,79.75,292.80,0.41,300.65
2024-12-11,21.75,78.75,292.83,0.00,302.26
2024-12-11,21.75,79.00,293.09,0.00,302.16
2024-12-11,21.75,79.25,293.53,0.00,301.47
2024-12-11,21.75,79.50,290.07,0.00,301.85
2024-12-11,21.75,79.75,293.23,1.89,300.98
2024-12-12,20.75,78.75,295.01,0.00,301.11
2024-12-12,20.75,79.00,292.90,0.99,302.60
2024-12-12,20.75,79.25,294.41,0.00,301.72
2024-12-12,20.75,79.50,294.07,1.78,302.21
2024-12-12,20.75,79.75,293.47,1.04,302.23
2024-12-12,21.00,78.75,293.13,0.44,301.03
2024-12-12,21.00,79.00,292.89,1.43,301.97
2024-12-12,21.00,79.25,296.06,0.00,
2024-12-12,21.00,79.50,293.96,2.05,301.67
2024-12-12,21.00,79.75,292.09,0.00,302.27
2024-12-12,21.25,78.75,290.57,0.00,301.06
2024-12-12,21.25,79.00,293.08,1.89,302.47
2024-12-12,21.25,79.25,294.00,1.60,301.64
2024-12-12,21.25,79.50,295.63,0.00,302.14
2024-12-12,21.25,79.75,292.58,0.00,301.22
2024-12-12,21.50,78.75,290.24,2.48,302.86
2024-12-12,21.50,79.00,294.61,0.00,302.25
2024-12-12,21.50,79.25,292.62,1.09,301.82
2024-12-12,21.50,79.50,292.89,0.00,302.07
2024-12-12,21.50,79.75,296.78,0.00,301.49
2024-12-12,21.75,78.75,291.13,2.92,302.11
2024-12-12,21.75,79.00,293.53,4.09,301.82
2024-12-12,21.75,79.25,292.06,1.58,302.52
2024-12-12,21.75,79.50,295.61,1.29,301.41
2024-12-12,21.75,79.75,291.03,0.00,301.85
2024-12-13,20.75,78.75,291.58,5.70,302.43
2024-12-13,20.75,79.00,290.71,0.00,301.87
2024-12-13,20.75,79.25,291.88,2.38,302.24
2024-12-13,20.75,79.50,292.72,2.14,301.57
2024-12-13,20.75,79.75,291.96,1.70,301.93
2024-12-13,21.00,78.75,290.86,0.41,302.40
2024-12-13,21.00,79.00,295.14,0.00,302.42
2024-12-13,21.00,79.25,291.14,0.94,302.31
2024-12-13,21.00,79.50,290.37,0.00,300.92
2024-12-13,21.00,79.75,,0.68,302.23
2024-12-13,21.25,78.75,293.75,0.00,302.30
2024-12-13,21.25,79.00,293.50,0.00,301.82
2024-12-13,21.25,79.25,292.85,2.27,301.48
2024-12-13,21.25,79.50,289.50,0.00,301.55
2024-12-13,21.25,79.75,291.37,0.00,302.28
2024-12-13,21.50,78.75,295.25,2.84,303.04
2024-12-13,21.50,79.00,293.95,0.00,300.67
2024-12-13,21.50,79.25,295.40,2.75,302.42
2024-12-13,21.50,79.50,293.39,0.00,301.79
2024-12-13,21.50,79.75,295.64,0.00,302.39
2024-12-13,21.75,78.75,294.12,2.00,301.96
2024-12-13,21.75,79.00,292.53,0.00,300.42
2024-12-13,21.75,79.25,290.58,1.28,302.25
2024-12-13,21.75,79.50,293.51,0.00,301.84
2024-12-13,21.75,79.75,290.45,2.15,
2024-12-14,20.75,78.75,293.19,0.00,302.35
2024-12-14,20.75,79.00,291.60,0.00,302.26
2024-12-14,20.75,79.25,293.73,1.96,302.34
2024-12-14,20.75,79.50,294.11,0.27,302.34
2024-12-14,20.75,79.75,291.89,0.00,301.65
2024-12-14,21.00,78.75,292.30,0.00,302.30
2024-12-14,21.00,79.00,292.14,2.74,301.27
2024-12-14,21.00,79.25,292.92,0.00,301.96
2024-12-14,21.00,79.50,292.15,1.30,301.66
2024-12-14,21.00,79.75,296.43,0.13,302.58
2024-12-14,21.25,78.75,,0.00,302.27
2024-12-14,21.25,79.00,294.30,0.00,302.08
2024-12-14,21.25,79.25,294.36,0.00,301.34
2024-12-14,21.25,79.50,290.62,0.00,302.25
2024-12-14,21.25,79.75,295.14,0.00,302.24
2024-12-14,21.50,78.75,294.45,0.27,301.93
2024-12-14,21.50,79.00,294.67,1.07,302.02
2024-12-14,21.50,79.25,291.27,0.00,301.30
2024-12-14,21.50,79.50,292.59,0.05,302.00
2024-12-14,21.50,79.75,295.32,0.00,
2024-12-14,21.75,78.75,294.75,3.70,302.48
2024-12-14,21.75,79.00,293.93,0.00,301.58
2024-12-14,21.75,79.25,294.43,0.00,301.78
2024-12-14,21.75,79.50,292.90,0.30,300.88
2024-12-14,21.75,79.75,292.04,0.01,302.69
2024-12-15,20.75,78.75,292.22,0.50,302.45
2024-12-15,20.75,79.00,292.34,0.00,302.26
2024-12-15,20.75,79.25,293.93,0.00,302.50
2024-12-15,20.75,79.50,295.21,0.85,302.40
2024-12-15,20.75,79.75,295.81,2.60,301.44
2024-12-15,21.00,78.75,293.65,0.00,302.38
2024-12-15,21.00,79.00,292.30,0.57,302.78
2024-12-15,21.00,79.25,294.05,0.00,302.00
2024-12-15,21.00,79.50,292.59,0.00,302.30
2024-12-15,21.00,79.75,,0.04,302.10
2024-12-15,21.25,78.75,290.97,0.06,302.05
2024-12-15,21.25,79.00,292.44,1.33,301.75
2024-12-15,21.25,79.25,293.85,0.00,
2024-12-15,21.25,79.50,295.10,,301.81
2024-12-15,21.25,79.75,294.28,0.00,302.11
2024-12-15,21.50,78.75,294.84,0.00,301.46
2024-12-15,21.50,79.00,291.90,0.00,301.81
2024-12-15,21.50,79.25,291.59,5.62,302.01
2024-12-15,21.50,79.50,295.35,0.00,302.36
2024-12-15,21.50,79.75,291.91,2.08,301.96
2024-12-15,21.75,78.75,292.89,0.90,
2024-12-15,21.75,79.00,294.25,0.00,
2024-12-15,21.75,79.25,295.03,0.00,301.83
2024-12-15,21.75,79.50,293.32,0.07,301.17
2024-12-15,21.75,79.75,292.86,0.00,303.03
2024-12-16,20.75,78.75,292.45,2.51,302.08
2024-12-16,20.75,79.00,295.73,1.09,301.95
2024-12-16,20.75,79.25,291.99,0.37,302.04
2024-12-16,20.75,79.50,295.15,0.00,302.45
2024-12-16,20.75,79.75,292.18,0.00,303.08
2024-12-16,21.00,78.75,290.48,7.14,302.15
2024-12-16,21.00,79.00,291.44,1.98,302.05
2024-12-16,21.00,79.25,292.50,2.62,302.19
2024-12-16,21.00,79.50,294.12,0.00,302.68
2024-12-16,21.00,79.75,291.16,1.31,302.24
2024-12-16,21.25,78.75,292.53,0.00,302.70
2024-12-16,21.25,79.00,293.24,0.50,301.50
2024-12-16,21.25,79.25,294.42,0.00,302.85
2024-12-16,21.25,79.50,291.17,0.74,302.12
2024-12-16,21.25,79.75,293.01,0.00,302.87
2024-12-16,21.50,78.75,292.41,0.00,302.27
2024-12-16,21.50,79.00,294.85,0.00,301.64
2024-12-16,21.50,79.25,291.22,2.63,302.15
2024-12-16,21.50,79.50,289.86,0.00,
2024-12-16,21.50,79.75,294.34,0.00,302.35
2024-12-16,21.75,78.75,293.00,0.00,301.51
2024-12-16,21.75,79.00,293.84,0.17,302.22
2024-12-16,21.75,79.25,293.75,0.00,300.82
2024-12-16,21.75,79.50,293.86,2.59,301.99
2024-12-16,21.75,79.75,293.50,0.43,
2024-12-17,20.75,78.75,294.09,0.00,302.24
2024-12-17,20.75,79.00,291.96,0.00,301.25
2024-12-17,20.75,79.25,292.61,1.48,302.96
2024-12-17,20.75,79.50,292.08,1.93,301.92
2024-12-17,20.75,79.75,294.35,0.00,301.81
2024-12-17,21.00,78.75,294.85,0.09,301.47
2024-12-17,21.00,79.00,291.54,0.00,301.51
2024-12-17,21.00,79.25,293.70,0.00,301.71
2024-12-17,21.00,79.50,293.02,1.37,301.43
2024-12-17,21.00,79.75,293.68,0.00,302.60
2024-12-17,21.25,78.75,295.13,0.41,301.44
2024-12-17,21.25,79.00,294.15,0.00,301.93
2024-12-17,21.25,79.25,293.55,2.07,301.90
2024-12-17,21.25,79.50,293.09,4.52,302.59
2024-12-17,21.25,79.75,293.88,0.00,301.49
2024-12-17,21.50,78.75,292.28,0.00,301.56
2024-12-17,21.50,79.00,293.52,0.00,302.44
2024-12-17,21.50,79.25,292.62,0.34,302.05
2024-12-17,21.50,79.50,295.12,0.64,302.37
2024-12-17,21.50,79.75,294.81,0.00,301.69
2024-12-17,21.75,78.75,293.40,0.00,301.89
2024-12-17,21.75,79.00,294.87,0.00,301.68
2024-12-17,21.75,79.25,293.61,0.00,301.98
2024-12-17,21.75,79.50,295.29,0.00,301.86
2024-12-17,21.75,79.75,292.36,0.00,
2024-12-18,20.75,78.75,294.45,0.00,301.61
2024-12-18,20.75,79.00,293.14,0.00,301.67
2024-12-18,20.75,79.25,291.66,0.00,301.81
2024-12-18,20.75,79.50,292.17,,301.75
2024-12-18,20.75,79.75,293.04,0.31,302.90
2024-12-18,21.00,78.75,293.53,3.54,302.46
2024-12-18,21.00,79.00,292.46,0.00,301.89
2024-12-18,21.00,79.25,293.28,1.06,301.43
2024-12-18,21.00,79.50,294.58,0.00,301.83
2024-12-18,21.00,79.75,292.29,0.00,301.96
2024-12-18,21.25,78.75,291.62,0.00,302.67
2024-12-18,21.25,79.00,294.37,,301.81
2024-12-18,21.25,79.25,290.37,0.00,302.47
2024-12-18,21.25,79.50,293.77,0.00,
2024-12-18,21.25,79.75,290.90,0.00,302.05
2024-12-18,21.50,78.75,292.48,2.89,302.10
2024-12-18,21.50,79.00,290.68,0.00,302.10
2024-12-18,21.50,79.25,292.83,0.00,302.10
2024-12-18,21.50,79.50,291.94,0.06,302.56
2024-12-18,21.50,79.75,291.84,1.91,301.73
2024-12-18,21.75,78.75,291.70,0.00,301.69
2024-12-18,21.75,79.00,295.09,0.19,301.44
2024-12-18,21.75,79.25,292.12,0.00,301.80
2024-12-18,21.75,79.50,293.02,0.00,301.03
2024-12-18,21.75,79.75,291.72,0.00,301.40
2024-12-19,20.75,78.75,290.51,0.00,302.09
2024-12-19,20.75,79.00,293.33,0.00,302.09
2024-12-19,20.75,79.25,293.22,0.00,302.09
2024-12-19,20.75,79.50,294.40,2.06,300.88
2024-12-19,20.75,79.75,,0.00,302.46
2024-12-19,21.00,78.75,291.28,0.00,301.84
2024-12-19,21.00,79.00,293.34,,302.82
2024-12-19,21.00,79.25,291.65,0.00,302.52
2024-12-19,21.00,79.50,292.05,0.00,301.81
2024-12-19,21.00,79.75,292.13,0.17,302.61
2024-12-19,21.25,78.75,293.48,0.00,301.76
2024-12-19,21.25,79.00,292.61,0.00,301.74
2024-12-19,21.25,79.25,295.97,0.00,301.07
2024-12-19,21.25,79.50,293.92,0.00,301.85
2024-12-19,21.25,79.75,294.10,0.00,301.96
2024-12-19,21.50,78.75,292.24,0.00,301.77
2024-12-19,21.50,79.00,293.75,0.00,303.08
2024-12-19,21.50,79.25,289.61,0.00,301.24
2024-12-19,21.50,79.50,291.56,2.06,301.98
2024-12-19,21.50,79.75,292.28,1.05,301.71
2024-12-19,21.75,78.75,293.03,1.04,302.38
2024-12-19,21.75,79.00,295.03,0.00,
2024-12-19,21.75,79.25,293.47,0.26,302.70
2024-12-19,21.75,79.50,292.45,0.00,302.36
2024-12-19,21.75,79.75,290.60,0.00,302.12
2024-12-20,20.75,78.75,292.71,1.09,303.37
2024-12-20,20.75,79.00,293.39,0.00,301.72
2024-12-20,20.75,79.25,290.51,6.17,301.74
2024-12-20,20.75,79.50,292.68,0.00,301.16
2024-12-20,20.75,79.75,292.91,0.00,301.36
2024-12-20,21.00,78.75,292.19,0.00,302.32
2024-12-20,21.00,79.00,291.91,0.00,301.90
2024-12-20,21.00,79.25,291.24,0.00,301.42
2024-12-20,21.00,79.50,293.61,0.00,301.93
2024-12-20,21.00,79.75,293.50,1.08,302.25
2024-12-20,21.25,78.75,293.10,0.00,301.97
2024-12-20,21.25,79.00,293.41,0.00,301.65
2024-12-20,21.25,79.25,291.92,0.00,301.46
2024-12-20,21.25,79.50,295.83,0.00,301.74
2024-12-20,21.25,79.75,292.29,0.00,302.33
2024-12-20,21.50,78.75,294.26,0.00,301.85
2024-12-20,21.50,79.00,293.51,2.36,301.53
2024-12-20,21.50,79.25,289.70,1.86,301.24
2024-12-20,21.50,79.50,291.17,0.00,301.07
2024-12-20,21.50,79.75,293.69,0.00,301.98
2024-12-20,21.75,78.75,294.50,0.00,301.81
2024-12-20,21.75,79.00,292.05,1.16,302.12
2024-12-20,21.75,79.25,290.52,0.00,301.59
2024-12-20,21.75,79.50,293.07,0.00,301.79
2024-12-20,21.75,79.75,289.20,0.00,302.22
2024-12-21,20.75,78.75,290.66,0.00,302.17
2024-12-21,20.75,79.00,292.72,5.68,302.09
2024-12-21,20.75,79.25,292.04,0.00,301.55
2024-12-21,20.75,79.50,292.03,5.36,301.95
2024-12-21,20.75,79.75,292.48,1.54,301.98
2024-12-21,21.00,78.75,291.73,1.10,302.27
2024-12-21,21.00,79.00,292.49,1.07,301.99
2024-12-21,21.00,79.25,290.64,0.00,301.51
2024-12-21,21.00,79.50,293.50,0.00,302.12
2024-12-21,21.00,79.75,291.24,4.16,301.61
2024-12-21,21.25,78.75,291.38,0.00,302.26
2024-12-21,21.25,79.00,290.23,,301.19
2024-12-21,21.25,79.25,295.35,,302.50
2024-12-21,21.25,79.50,291.46,0.00,302.33
2024-12-21,21.25,79.75,291.18,0.00,302.91
2024-12-21,21.50,78.75,294.29,0.00,301.71
2024-12-21,21.50,79.00,293.58,0.00,301.78
2024-12-21,21.50,79.25,,0.00,302.33
2024-12-21,21.50,79.50,294.25,0.00,302.00
2024-12-21,21.50,79.75,293.59,3.32,301.61
2024-12-21,21.75,78.75,291.28,0.00,301.15
2024-12-21,21.75,79.00,292.84,0.00,301.38
2024-12-21,21.75,79.25,291.05,0.00,302.56
2024-12-21,21.75,79.50,292.05,1.14,302.15
2024-12-21,21.75,79.75,292.85,0.00,301.48
2024-12-22,20.75,78.75,293.17,0.12,302.48
2024-12-22,20.75,79.00,296.61,0.97,302.06
2024-12-22,20.75,79.25,293.82,0.00,301.92
2024-12-22,20.75,79.50,295.62,0.00,301.78
2024-12-22,20.75,79.75,292.40,1.47,302.02
2024-12-22,21.00,78.75,291.74,0.00,301.89
2024-12-22,21.00,79.00,292.29,0.00,301.13
2024-12-22,21.00,79.25,290.35,0.49,302.87
2024-12-22,21.00,79.50,295.90,0.00,302.33
2024-12-22,21.00,79.75,291.47,0.00,301.86
2024-12-22,21.25,78.75,295.74,0.01,301.60
2024-12-22,21.25,79.00,294.98,0.11,302.12
2024-12-22,21.25,79.25,293.66,3.19,302.30
2024-12-22,21.25,79.50,289.18,0.00,302.29
2024-12-22,21.25,79.75,294.40,0.00,300.93
2024-12-22,21.50,78.75,293.05,0.00,301.66
2024-12-22,21.50,79.00,292.22,3.74,302.11
2024-12-22,21.50,79.25,292.28,0.00,
2024-12-22,21.50,79.50,293.06,0.00,301.58
2024-12-22,21.50,79.75,292.65,0.00,301.95
2024-12-22,21.75,78.75,292.42,0.55,302.57
2024-12-22,21.75,79.00,292.29,0.00,302.01
2024-12-22,21.75,79.25,292.23,2.09,302.02
2024-12-22,21.75,79.50,291.39,0.39,301.61
2024-12-22,21.75,79.75,296.27,0.37,301.78
2024-12-23,20.75,78.75,293.56,0.00,301.90
2024-12-23,20.75,79.00,292.24,0.00,301.94
2024-12-23,20.75,79.25,293.52,0.00,301.19
2024-12-23,20.75,79.50,290.87,0.00,301.46
2024-12-23,20.75,79.75,291.95,0.00,301.69
2024-12-23,21.00,78.75,293.87,0.21,301.30
2024-12-23,21.00,79.00,292.67,0.00,301.28
2024-12-23,21.00,79.25,293.03,2.42,302.46
2024-12-23,21.00,79.50,294.81,0.44,301.33
2024-12-23,21.00,79.75,292.67,0.00,302.80
2024-12-23,21.25,78.75,292.78,0.00,301.38
2024-12-23,21.25,79.00,295.33,0.00,302.94
2024-12-23,21.25,79.25,295.09,0.38,302.07
2024-12-23,21.25,79.50,294.23,1.97,302.53
2024-12-23,21.25,79.75,294.05,1.11,301.70
2024-12-23,21.50,78.75,290.48,2.28,302.79
2024-12-23,21.50,79.00,,0.00,302.78
2024-12-23,21.50,79.25,292.92,0.00,302.10
2024-12-23,21.50,79.50,294.02,0.00,301.39
2024-12-23,21.50,79.75,293.65,0.00,302.15
2024-12-23,21.75,78.75,293.11,0.00,301.71
2024-12-23,21.75,79.00,291.76,0.21,303.19
2024-12-23,21.75,79.25,292.81,0.00,301.44
2024-12-23,21.75,79.50,292.34,0.00,302.20
2024-12-23,21.75,79.75,290.55,0.00,301.97
2024-12-24,20.75,78.75,295.23,2.78,302.53
2024-12-24,20.75,79.00,292.48,0.00,302.08
2024-12-24,20.75,79.25,294.05,0.00,
2024-12-24,20.75,79.50,291.52,0.27,
2024-12-24,20.75,79.75,292.11,0.00,302.21
2024-12-24,21.00,78.75,294.40,0.00,301.81
2024-12-24,21.00,79.00,293.17,0.00,301.02
2024-12-24,21.00,79.25,295.13,0.00,
2024-12-24,21.00,79.50,294.08,0.00,302.63
2024-12-24,21.00,79.75,295.55,0.00,302.08
2024-12-24,21.25,78.75,292.80,0.00,302.07
2024-12-24,21.25,79.00,292.75,7.81,
2024-12-24,21.25,79.25,295.39,0.00,302.36
2024-12-24,21.25,79.50,292.02,0.00,301.96
2024-12-24,21.25,79.75,293.28,0.20,302.51
2024-12-24,21.50,78.75,293.63,0.00,302.30
2024-12-24,21.50,79.00,290.35,0.00,301.52
2024-12-24,21.50,79.25,292.65,0.00,302.36
2024-12-24,21.50,79.50,294.25,4.04,301.99
2024-12-24,21.50,79.75,294.46,0.80,301.52
2024-12-24,21.75,78.75,292.38,0.00,302.15
2024-12-24,21.75,79.00,292.77,1.17,301.65
2024-12-24,21.75,79.25,293.10,0.00,301.50
2024-12-24,21.75,79.50,293.97,0.00,302.94
2024-12-24,21.75,79.75,291.24,0.00,301.95
2024-12-25,20.75,78.75,292.43,0.00,
2024-12-25,20.75,79.00,291.23,0.00,302.47
2024-12-25,20.75,79.25,293.70,0.00,303.34
2024-12-25,20.75,79.50,292.01,0.00,302.62
2024-12-25,20.75,79.75,294.33,0.00,302.24
2024-12-25,21.00,78.75,294.13,0.00,301.66
2024-12-25,21.00,79.00,292.98,1.29,302.67
2024-12-25,21.00,79.25,295.15,2.57,302.36
2024-12-25,21.00,79.50,294.32,2.10,301.33
2024-12-25,21.00,79.75,295.62,4.69,302.11
2024-12-25,21.25,78.75,295.02,0.00,301.40
2024-12-25,21.25,79.00,295.31,0.00,302.29
2024-12-25,21.25,79.25,294.58,0.00,302.18
2024-12-25,21.25,79.50,295.16,0.24,301.79
2024-12-25,21.25,79.75,292.21,5.53,301.68
2024-12-25,21.50,78.75,294.04,0.00,301.79
2024-12-25,21.50,79.00,291.89,0.34,301.85
2024-12-25,21.50,79.25,292.02,0.00,301.99
2024-12-25,21.50,79.50,292.56,0.00,301.44
2024-12-25,21.50,79.75,292.36,0.82,
2024-12-25,21.75,78.75,292.87,0.50,302.54
2024-12-25,21.75,79.00,290.87,0.00,301.82
2024-12-25,21.75,79.25,294.82,0.00,302.42
2024-12-25,21.75,79.50,294.20,0.04,302.11
2024-12-25,21.75,79.75,296.81,0.16,301.65
2024-12-26,20.75,78.75,291.77,0.00,303.20
2024-12-26,20.75,79.00,292.03,0.00,302.93
2024-12-26,20.75,79.25,291.80,2.85,302.51
2024-12-26,20.75,79.50,296.11,0.00,301.81
2024-12-26,20.75,79.75,294.42,0.00,301.68
2024-12-26,21.00,78.75,296.19,0.00,301.43
2024-12-26,21.00,79.00,290.30,2.37,
2024-12-26,21.00,79.25,292.28,0.00,301.93
2024-12-26,21.00,79.50,293.43,0.03,302.25
2024-12-26,21.00,79.75,293.63,0.00,302.53
2024-12-26,21.25,78.75,292.12,7.00,301.50
2024-12-26,21.25,79.00,293.01,0.00,302.68
2024-12-26,21.25,79.25,293.15,0.00,301.34
2024-12-26,21.25,79.50,294.72,1.75,301.97
2024-12-26,21.25,79.75,295.81,0.00,302.60
2024-12-26,21.50,78.75,292.68,,302.75
2024-12-26,21.50,79.00,294.93,0.00,302.05
2024-12-26,21.50,79.25,293.56,1.53,302.18
2024-12-26,21.50,79.50,293.19,0.00,301.28
2024-12-26,21.50,79.75,293.82,0.00,301.99
2024-12-26,21.75,78.75,293.01,0.00,301.98
2024-12-26,21.75,79.00,290.65,0.00,301.80
2024-12-26,21.75,79.25,292.09,1.85,302.65
2024-12-26,21.75,79.50,293.12,0.00,301.78
2024-12-26,21.75,79.75,288.83,0.00,302.46
2024-12-27,20.75,78.75,294.86,5.91,302.49
2024-12-27,20.75,79.00,294.06,1.00,301.81
2024-12-27,20.75,79.25,290.31,1.87,302.00
2024-12-27,20.75,79.50,290.59,0.00,301.37
2024-12-27,20.75,79.75,293.74,0.20,301.70
2024-12-27,21.00,78.75,293.67,0.00,302.29
2024-12-27,21.00,79.00,292.23,0.20,302.33
2024-12-27,21.00,79.25,291.94,0.66,301.81
2024-12-27,21.00,79.50,292.93,0.00,301.66
2024-12-27,21.00,79.75,293.02,0.00,301.50
2024-12-27,21.25,78.75,292.37,0.59,301.55
2024-12-27,21.25,79.00,293.28,1.04,301.76
2024-12-27,21.25,79.25,292.11,0.00,302.18
2024-12-27,21.25,79.50,292.13,2.79,
2024-12-27,21.25,79.75,293.83,0.00,302.74
2024-12-27,21.50,78.75,291.87,8.02,303.00
2024-12-27,21.50,79.00,291.49,0.00,302.64
2024-12-27,21.50,79.25,292.47,0.89,303.37
2024-12-27,21.50,79.50,292.60,0.00,302.06
2024-12-27,21.50,79.75,293.22,2.35,302.23
2024-12-27,21.75,78.75,291.54,0.61,301.85
2024-12-27,21.75,79.00,293.74,0.00,301.60
2024-12-27,21.75,79.25,292.30,0.91,301.91
2024-12-27,21.75,79.50,292.09,0.00,301.74
2024-12-27,21.75,79.75,294.67,0.00,301.50
2024-12-28,20.75,78.75,292.57,0.00,302.42
2024-12-28,20.75,79.00,291.77,0.00,302.52
2024-12-28,20.75,79.25,296.70,0.00,301.63
2024-12-28,20.75,79.50,292.57,0.71,302.92
2024-12-28,20.75,79.75,292.54,0.66,301.24
2024-12-28,21.00,78.75,292.36,2.55,301.40
2024-12-28,21.00,79.00,293.53,0.00,302.09
2024-12-28,21.00,79.25,291.88,0.00,302.08
2024-12-28,21.00,79.50,,0.00,301.56
2024-12-28,21.00,79.75,291.17,0.00,301.87
2024-12-28,21.25,78.75,293.18,4.28,301.97
2024-12-28,21.25,79.00,295.85,0.00,303.08
2024-12-28,21.25,79.25,296.23,4.35,301.97
2024-12-28,21.25,79.50,292.50,0.88,302.26
2024-12-28,21.25,79.75,291.73,0.00,302.16
2024-12-28,21.50,78.75,292.47,0.00,302.56
2024-12-28,21.50,79.00,292.03,0.00,301.44
2024-12-28,21.50,79.25,291.93,0.00,302.13
2024-12-28,21.50,79.50,292.76,0.00,301.98
2024-12-28,21.50,79.75,294.52,1.67,302.34
2024-12-28,21.75,78.75,291.09,,302.25
2024-12-28,21.75,79.00,292.42,1.56,302.24
2024-12-28,21.75,79.25,295.61,0.00,301.70
2024-12-28,21.75,79.50,289.49,4.19,302.64
2024-12-28,21.75,79.75,293.10,6.93,302.66
2024-12-29,20.75,78.75,294.66,0.00,301.31
2024-12-29,20.75,79.00,293.22,0.12,301.74
2024-12-29,20.75,79.25,,1.76,301.98
2024-12-29,20.75,79.50,291.41,0.00,302.60
2024-12-29,20.75,79.75,292.15,3.72,302.50
2024-12-29,21.00,78.75,292.67,0.00,302.23
2024-12-29,21.00,79.00,292.70,0.00,300.94
2024-12-29,21.00,79.25,294.44,1.17,302.10
2024-12-29,21.00,79.50,293.64,1.23,301.51
2024-12-29,21.00,79.75,294.73,0.00,302.66
2024-12-29,21.25,78.75,293.51,0.00,
2024-12-29,21.25,79.00,294.23,2.31,302.85
2024-12-29,21.25,79.25,294.71,0.98,302.10
2024-12-29,21.25,79.50,293.24,0.00,302.52
2024-12-29,21.25,79.75,293.05,0.00,301.15
2024-12-29,21.50,78.75,294.75,2.43,301.81
2024-12-29,21.50,79.00,293.99,0.00,301.69
2024-12-29,21.50,79.25,290.65,1.25,301.84
2024-12-29,21.50,79.50,292.10,0.00,302.36
2024-12-29,21.50,79.75,292.33,4.58,301.15
2024-12-29,21.75,78.75,292.21,0.00,301.86
2024-12-29,21.75,79.00,291.16,0.00,302.20
2024-12-29,21.75,79.25,292.10,1.55,301.59
2024-12-29,21.75,79.50,292.80,0.00,301.79
2024-12-29,21.75,79.75,296.77,0.00,302.72
2024-12-30,20.75,78.75,292.71,0.00,301.89
2024-12-30,20.75,79.00,293.29,1.19,302.28
2024-12-30,20.75,79.25,291.61,0.00,302.60
2024-12-30,20.75,79.50,292.90,0.00,301.27
2024-12-30,20.75,79.75,291.61,1.55,302.45
2024-12-30,21.00,78.75,292.45,1.07,301.75
2024-12-30,21.00,79.00,294.00,2.76,302.41
2024-12-30,21.00,79.25,293.09,0.00,301.41
2024-12-30,21.00,79.50,292.88,3.42,302.34
2024-12-30,21.00,79.75,291.34,0.00,301.97
2024-12-30,21.25,78.75,289.68,0.00,301.42
2024-12-30,21.25,79.00,292.91,0.00,302.30
2024-12-30,21.25,79.25,293.56,0.00,301.15
2024-12-30,21.25,79.50,293.31,3.13,302.83
2024-12-30,21.25,79.75,294.25,0.41,302.31
2024-12-30,21.50,78.75,291.39,0.00,301.66
2024-12-30,21.50,79.00,293.02,0.00,302.22
2024-12-30,21.50,79.25,291.29,0.00,302.05
2024-12-30,21.50,79.50,293.22,2.84,302.23
2024-12-30,21.50,79.75,293.76,3.24,301.73
2024-12-30,21.75,78.75,292.16,1.18,302.81
2024-12-30,21.75,79.00,292.55,1.41,302.89
2024-12-30,21.75,79.25,294.28,0.00,302.36
2024-12-30,21.75,79.50,292.68,1.05,302.62
2024-12-30,21.75,79.75,294.04,0.41,301.21
2024-12-31,20.75,78.75,293.97,0.00,301.87
2024-12-31,20.75,79.00,,0.00,301.39
2024-12-31,20.75,79.25,293.02,0.25,301.46
2024-12-31,20.75,79.50,292.10,0.00,301.92
2024-12-31,20.75,79.75,293.99,0.00,301.83
2024-12-31,21.00,78.75,291.82,0.00,301.64
2024-12-31,21.00,79.00,294.71,6.19,302.09
2024-12-31,21.00,79.25,293.27,0.00,302.02
2024-12-31,21.00,79.50,291.81,0.28,302.37
2024-12-31,21.00,79.75,295.30,0.00,301.39
2024-12-31,21.25,78.75,294.35,0.00,302.07
2024-12-31,21.25,79.00,293.31,0.00,301.95
2024-12-31,21.25,79.25,291.40,0.00,301.85
2024-12-31,21.25,79.50,291.22,0.00,302.32
2024-12-31,21.25,79.75,293.54,0.00,302.49
2024-12-31,21.50,78.75,290.98,2.61,301.99
2024-12-31,21.50,79.00,290.50,0.00,302.62
2024-12-31,21.50,79.25,295.12,1.07,302.02
2024-12-31,21.50,79.50,295.63,1.60,303.12
2024-12-31,21.50,79.75,292.85,0.00,302.44
2024-12-31,21.75,78.75,290.04,0.00,
2024-12-31,21.75,79.00,293.31,2.54,302.02
2024-12-31,21.75,79.25,292.83,0.00,301.37
2024-12-31,21.75,79.50,293.38,0.72,301.63
2024-12-31,21.75,79.75,292.99,0.15,300.46
2025-01-01,20.75,78.75,293.28,0.16,302.41
2025-01-01,20.75,79.00,293.00,0.00,302.49
2025-01-01,20.75,79.25,293.13,0.53,302.56
2025-01-01,20.75,79.50,293.77,0.00,301.35
2025-01-01,20.75,79.75,292.13,0.28,300.82
2025-01-01,21.00,78.75,294.36,0.00,301.64
2025-01-01,21.00,79.00,292.58,0.00,302.37
2025-01-01,21.00,79.25,294.37,0.00,301.31
2025-01-01,21.00,79.50,291.69,3.95,301.98
2025-01-01,21.00,79.75,293.49,0.00,302.44
2025-01-01,21.25,78.75,293.04,0.00,302.35
2025-01-01,21.25,79.00,291.43,0.00,302.58
2025-01-01,21.25,79.25,294.29,0.00,301.67
2025-01-01,21.25,79.50,294.63,0.00,302.23
2025-01-01,21.25,79.75,288.60,0.00,301.54
2025-01-01,21.50,78.75,293.81,1.75,301.38
2025-01-01,21.50,79.00,293.04,3.08,302.53
2025-01-01,21.50,79.25,293.84,0.00,302.03
2025-01-01,21.50,79.50,291.77,8.46,301.94
2025-01-01,21.50,79.75,293.22,0.00,302.47
2025-01-01,21.75,78.75,295.24,0.00,301.08
2025-01-01,21.75,79.00,289.62,0.00,302.00
2025-01-01,21.75,79.25,292.58,0.00,301.68
2025-01-01,21.75,79.50,294.18,0.00,302.07
2025-01-01,21.75,79.75,293.47,1.62,302.61
2025-01-02,20.75,78.75,293.64,0.00,301.64
2025-01-02,20.75,79.00,290.87,2.90,301.82
2025-01-02,20.75,79.25,294.05,3.24,302.42
2025-01-02,20.75,79.50,291.89,0.00,301.53
2025-01-02,20.75,79.75,,0.00,301.68
2025-01-02,21.00,78.75,296.21,0.00,301.67
2025-01-02,21.00,79.00,291.89,0.00,302.89
2025-01-02,21.00,79.25,293.71,1.48,301.41
2025-01-02,21.00,79.50,292.80,,301.64
2025-01-02,21.00,79.75,294.58,0.00,300.87
2025-01-02,21.25,78.75,293.86,0.00,300.95
2025-01-02,21.25,79.00,294.61,0.00,301.25
2025-01-02,21.25,79.25,292.30,0.45,301.85
2025-01-02,21.25,79.50,295.88,0.00,301.60
2025-01-02,21.25,79.75,295.04,0.00,302.34
2025-01-02,21.50,78.75,292.22,0.00,302.24
2025-01-02,21.50,79.00,294.88,1.56,302.09
2025-01-02,21.50,79.25,293.16,0.00,301.16
2025-01-02,21.50,79.50,295.25,3.71,
2025-01-02,21.50,79.75,293.26,4.95,301.62
2025-01-02,21.75,78.75,295.13,4.06,302.41
2025-01-02,21.75,79.00,294.45,3.08,301.85
2025-01-02,21.75,79.25,294.82,6.00,302.09
2025-01-02,21.75,79.50,295.66,1.40,302.25
2025-01-02,21.75,79.75,294.85,1.01,302.16
2025-01-03,20.75,78.75,294.06,2.32,
2025-01-03,20.75,79.00,297.30,0.00,302.27
2025-01-03,20.75,79.25,292.01,0.00,301.41
2025-01-03,20.75,79.50,293.45,0.00,302.23
2025-01-03,20.75,79.75,291.75,0.00,
2025-01-03,21.00,78.75,293.05,0.00,301.96
2025-01-03,21.00,79.00,292.42,2.07,302.66
2025-01-03,21.00,79.25,294.48,0.00,302.50
2025-01-03,21.00,79.50,292.63,0.00,302.37
2025-01-03,21.00,79.75,292.57,0.00,301.78
2025-01-03,21.25,78.75,293.17,1.24,301.74
2025-01-03,21.25,79.00,294.27,0.20,302.62
2025-01-03,21.25,79.25,295.60,,301.30
2025-01-03,21.25,79.50,291.82,0.00,301.83
2025-01-03,21.25,79.75,293.16,,302.86
2025-01-03,21.50,78.75,292.08,0.00,302.56
2025-01-03,21.50,79.00,292.81,0.00,301.78
2025-01-03,21.50,79.25,291.83,0.00,301.88
2025-01-03,21.50,79.50,291.61,0.00,301.32
2025-01-03,21.50,79.75,294.79,0.00,301.96
2025-01-03,21.75,78.75,295.40,2.84,301.73
2025-01-03,21.75,79.00,293.65,0.00,301.65
2025-01-03,21.75,79.25,294.12,5.65,302.57
2025-01-03,21.75,79.50,295.24,0.00,302.29
2025-01-03,21.75,79.75,291.76,0.00,302.16
2025-01-04,20.75,78.75,293.81,0.00,302.78
2025-01-04,20.75,79.00,290.02,0.00,302.29
2025-01-04,20.75,79.25,292.20,2.81,303.13
2025-01-04,20.75,79.50,293.95,0.00,302.18
2025-01-04,20.75,79.75,294.84,0.00,301.76
2025-01-04,21.00,78.75,289.77,6.63,301.70
2025-01-04,21.00,79.00,292.28,1.51,301.68
2025-01-04,21.00,79.25,292.39,0.00,301.89
2025-01-04,21.00,79.50,293.08,1.71,302.15
2025-01-04,21.00,79.75,293.23,0.17,302.57
2025-01-04,21.25,78.75,293.03,1.10,302.01
2025-01-04,21.25,79.00,294.87,0.00,302.11
2025-01-04,21.25,79.25,294.04,0.00,302.29
2025-01-04,21.25,79.50,293.66,0.00,301.00
2025-01-04,21.25,79.75,294.87,1.22,
2025-01-04,21.50,78.75,293.56,0.00,301.59
2025-01-04,21.50,79.00,291.24,2.49,302.85
2025-01-04,21.50,79.25,293.21,0.00,302.05
2025-01-04,21.50,79.50,292.15,0.00,302.58
2025-01-04,21.50,79.75,292.48,0.00,302.01
2025-01-04,21.75,78.75,292.43,,302.29
2025-01-04,21.75,79.00,293.51,1.87,301.51
2025-01-04,21.75,79.25,294.61,0.00,302.14
2025-01-04,21.75,79.50,294.66,0.80,302.16
2025-01-04,21.75,79.75,295.08,0.00,302.20
2025-01-05,20.75,78.75,293.78,9.78,301.76
2025-01-05,20.75,79.00,295.89,0.00,301.67
2025-01-05,20.75,79.25,293.67,1.94,302.56
2025-01-05,20.75,79.50,291.43,0.06,301.50
2025-01-05,20.75,79.75,295.14,0.26,302.08
2025-01-05,21.00,78.75,290.74,0.00,301.21
2025-01-05,21.00,79.00,294.59,6.39,301.81
2025-01-05,21.00,79.25,294.15,,302.19
2025-01-05,21.00,79.50,291.17,0.00,301.89
2025-01-05,21.00,79.75,294.59,0.32,302.52
2025-01-05,21.25,78.75,291.74,0.00,301.53
2025-01-05,21.25,79.00,292.10,3.45,301.76
2025-01-05,21.25,79.25,292.24,1.61,301.58
2025-01-05,21.25,79.50,295.52,0.00,301.79
2025-01-05,21.25,79.75,292.04,0.68,301.69
2025-01-05,21.50,78.75,292.61,0.00,301.89
2025-01-05,21.50,79.00,293.45,0.00,301.44
2025-01-05,21.50,79.25,290.62,0.00,302.15
2025-01-05,21.50,79.50,294.16,0.00,302.34
2025-01-05,21.50,79.75,292.55,0.00,301.88
2025-01-05,21.75,78.75,292.71,1.68,
2025-01-05,21.75,79.00,292.35,0.00,301.88
2025-01-05,21.75,79.25,296.80,0.00,302.15
2025-01-05,21.75,79.50,296.63,0.00,301.99
2025-01-05,21.75,79.75,,0.00,301.78
2025-01-06,20.75,78.75,293.24,0.00,303.47
2025-01-06,20.75,79.00,294.68,0.12,302.07
2025-01-06,20.75,79.25,294.12,0.00,
2025-01-06,20.75,79.50,293.76,0.00,300.96
2025-01-06,20.75,79.75,294.43,2.31,301.59
2025-01-06,21.00,78.75,,0.00,301.99
2025-01-06,21.00,79.00,295.60,0.00,302.26
2025-01-06,21.00,79.25,292.49,0.00,302.45
2025-01-06,21.00,79.50,292.47,0.00,301.87
2025-01-06,21.00,79.75,293.62,0.00,301.72
2025-01-06,21.25,78.75,294.63,0.00,302.12
2025-01-06,21.25,79.00,290.12,0.00,302.37
2025-01-06,21.25,79.25,291.71,2.24,302.01
2025-01-06,21.25,79.50,294.15,2.17,300.90
2025-01-06,21.25,79.75,292.44,0.78,301.52
2025-01-06,21.50,78.75,293.35,0.50,302.21
2025-01-06,21.50,79.00,293.70,0.51,301.66
2025-01-06,21.50,79.25,295.19,0.00,301.72
2025-01-06,21.50,79.50,292.70,0.00,302.11
2025-01-06,21.50,79.75,294.60,0.00,301.67
2025-01-06,21.75,78.75,292.54,1.27,302.45
2025-01-06,21.75,79.00,292.86,0.00,302.00
2025-01-06,21.75,79.25,292.90,0.00,301.05
2025-01-06,21.75,79.50,295.80,3.66,301.90
2025-01-06,21.75,79.75,294.42,1.24,301.62
2025-01-07,20.75,78.75,291.67,0.00,301.92
2025-01-07,20.75,79.00,293.08,0.00,302.47
2025-01-07,20.75,79.25,296.69,2.38,301.68
2025-01-07,20.75,79.50,295.91,,301.51
2025-01-07,20.75,79.75,295.52,0.00,301.55
2025-01-07,21.00,78.75,292.34,2.69,302.27
2025-01-07,21.00,79.00,293.54,0.00,301.15
2025-01-07,21.00,79.25,292.40,0.72,300.94
2025-01-07,21.00,79.50,292.48,0.00,301.02
2025-01-07,21.00,79.75,292.85,0.95,301.60
2025-01-07,21.25,78.75,293.19,0.29,302.52
2025-01-07,21.25,79.00,293.46,0.00,300.89
2025-01-07,21.25,79.25,293.65,0.36,302.60
2025-01-07,21.25,79.50,297.50,0.00,301.59
2025-01-07,21.25,79.75,289.84,0.00,301.47
2025-01-07,21.50,78.75,292.36,2.28,302.50
2025-01-07,21.50,79.00,295.22,0.25,302.33
2025-01-07,21.50,79.25,294.15,0.00,300.83
2025-01-07,21.50,79.50,289.97,0.67,301.96
2025-01-07,21.50,79.75,290.73,3.37,301.49
2025-01-07,21.75,78.75,295.44,0.00,301.83
2025-01-07,21.75,79.00,295.44,1.69,301.98
2025-01-07,21.75,79.25,293.34,3.17,301.72
2025-01-07,21.75,79.50,292.43,1.03,301.70
2025-01-07,21.75,79.75,295.87,0.00,300.70
2025-01-08,20.75,78.75,292.80,0.00,301.65
2025-01-08,20.75,79.00,292.00,0.00,302.52
2025-01-08,20.75,79.25,292.03,0.00,300.76
2025-01-08,20.75,79.50,292.09,0.00,302.11
2025-01-08,20.75,79.75,293.71,2.46,302.44
2025-01-08,21.00,78.75,293.30,0.00,302.19
2025-01-08,21.00,79.00,291.74,2.37,301.51
2025-01-08,21.00,79.25,293.02,,300.80
2025-01-08,21.00,79.50,291.60,0.00,301.25
2025-01-08,21.00,79.75,292.71,0.00,302.40
2025-01-08,21.25,78.75,,0.04,301.01
2025-01-08,21.25,79.00,294.08,0.06,301.48
2025-01-08,21.25,79.25,291.02,0.00,302.15
2025-01-08,21.25,79.50,294.07,1.29,302.34
2025-01-08,21.25,79.75,,2.57,302.04
2025-01-08,21.50,78.75,293.78,0.00,303.56
2025-01-08,21.50,79.00,293.24,0.00,302.19
2025-01-08,21.50,79.25,294.18,,302.70
2025-01-08,21.50,79.50,291.85,0.00,
2025-01-08,21.50,79.75,296.57,0.00,302.19
2025-01-08,21.75,78.75,295.51,0.00,302.09
2025-01-08,21.75,79.00,295.87,0.00,301.83
2025-01-08,21.75,79.25,291.19,1.72,302.51
2025-01-08,21.75,79.50,295.37,3.15,302.29
2025-01-08,21.75,79.75,291.85,0.00,301.73
2025-01-09,20.75,78.75,293.45,4.48,301.44
2025-01-09,20.75,79.00,292.13,0.00,301.88
2025-01-09,20.75,79.25,290.79,0.00,302.24
2025-01-09,20.75,79.50,290.97,0.65,
2025-01-09,20.75,79.75,295.16,0.00,301.74
2025-01-09,21.00,78.75,293.38,0.00,302.61
2025-01-09,21.00,79.00,289.83,0.00,301.56
2025-01-09,21.00,79.25,294.11,2.18,301.72
2025-01-09,21.00,79.50,293.42,0.00,302.34
2025-01-09,21.00,79.75,295.06,0.00,302.29
2025-01-09,21.25,78.75,291.06,5.48,301.77
2025-01-09,21.25,79.00,294.02,0.00,302.56
2025-01-09,21.25,79.25,293.81,0.00,301.06
2025-01-09,21.25,79.50,294.51,3.75,302.00
2025-01-09,21.25,79.75,293.18,0.00,301.48
2025-01-09,21.50,78.75,297.06,0.64,301.83
2025-01-09,21.50,79.00,293.00,0.00,301.70
2025-01-09,21.50,79.25,294.45,2.86,301.70
2025-01-09,21.50,79.50,292.84,0.00,302.34
2025-01-09,21.50,79.75,292.98,2.62,302.55
2025-01-09,21.75,78.75,,0.00,301.81
2025-01-09,21.75,79.00,292.44,0.09,301.40
2025-01-09,21.75,79.25,293.53,1.70,301.47
2025-01-09,21.75,79.50,293.05,0.00,301.31
2025-01-09,21.75,79.75,290.64,0.00,302.39
2025-01-10,20.75,78.75,292.65,0.00,302.27
2025-01-10,20.75,79.00,292.32,4.45,301.34
2025-01-10,20.75,79.25,293.22,0.00,300.82
2025-01-10,20.75,79.50,295.63,3.27,302.28
2025-01-10,20.75,79.75,293.03,0.00,301.95
2025-01-10,21.00,78.75,292.84,,302.10
2025-01-10,21.00,79.00,293.92,0.00,301.73
2025-01-10,21.00,79.25,293.20,,301.00
2025-01-10,21.00,79.50,,0.29,302.59
2025-01-10,21.00,79.75,294.35,0.00,301.80
2025-01-10,21.25,78.75,293.89,0.00,302.15
2025-01-10,21.25,79.00,294.88,0.00,301.99
2025-01-10,21.25,79.25,295.86,0.00,303.35
2025-01-10,21.25,79.50,293.80,0.00,302.25
2025-01-10,21.25,79.75,295.35,0.00,301.76
2025-01-10,21.50,78.75,293.00,0.00,302.12
2025-01-10,21.50,79.00,294.39,0.00,302.17
2025-01-10,21.50,79.25,292.33,0.00,300.60
2025-01-10,21.50,79.50,292.84,0.00,301.42
2025-01-10,21.50,79.75,293.45,1.30,302.12
2025-01-10,21.75,78.75,291.84,0.40,302.74
2025-01-10,21.75,79.00,292.52,0.28,301.55
2025-01-10,21.75,79.25,292.08,0.00,301.72
2025-01-10,21.75,79.50,294.60,0.00,301.88
2025-01-10,21.75,79.75,294.22,0.16,301.94
2025-01-11,20.75,78.75,294.29,0.00,302.48
2025-01-11,20.75,79.00,292.67,5.16,302.49
2025-01-11,20.75,79.25,293.30,0.18,302.00
2025-01-11,20.75,79.50,292.87,0.60,303.02
2025-01-11,20.75,79.75,291.46,0.00,300.93
2025-01-11,21.00,78.75,293.79,0.00,302.89
2025-01-11,21.00,79.00,292.77,0.00,301.48
2025-01-11,21.00,79.25,294.73,0.00,302.58
2025-01-11,21.00,79.50,292.96,0.00,301.50
2025-01-11,21.00,79.75,294.16,0.00,301.80
2025-01-11,21.25,78.75,294.81,0.00,301.92
2025-01-11,21.25,79.00,294.85,0.22,302.28
2025-01-11,21.25,79.25,294.09,0.68,302.49
2025-01-11,21.25,79.50,294.12,0.00,302.52
2025-01-11,21.25,79.75,290.44,0.00,302.00
2025-01-11,21.50,78.75,295.69,0.00,301.90
2025-01-11,21.50,79.00,294.39,1.05,302.75
2025-01-11,21.50,79.25,,0.60,302.21
2025-01-11,21.50,79.50,291.56,0.00,301.79
2025-01-11,21.50,79.75,296.93,2.07,301.43
2025-01-11,21.75,78.75,293.23,0.00,302.59
2025-01-11,21.75,79.00,292.20,0.00,302.29
2025-01-11,21.75,79.25,295.27,4.14,301.90
2025-01-11,21.75,79.50,294.83,4.55,301.95
2025-01-11,21.75,79.75,293.08,1.58,301.43
2025-01-12,20.75,78.75,293.61,0.00,302.08
2025-01-12,20.75,79.00,296.13,0.00,301.19
2025-01-12,20.75,79.25,294.15,3.92,302.55
2025-01-12,20.75,79.50,295.77,0.50,303.05
2025-01-12,20.75,79.75,293.98,4.45,302.39
2025-01-12,21.00,78.75,294.35,0.00,302.06
2025-01-12,21.00,79.00,291.95,0.00,302.26
2025-01-12,21.00,79.25,295.06,0.00,302.38
2025-01-12,21.00,79.50,294.80,0.00,301.85
2025-01-12,21.00,79.75,290.64,5.66,301.56
2025-01-12,21.25,78.75,296.34,0.01,301.78
2025-01-12,21.25,79.00,293.24,0.00,301.83
2025-01-12,21.25,79.25,292.08,0.00,302.55
2025-01-12,21.25,79.50,295.88,0.00,301.68
2025-01-12,21.25,79.75,293.47,0.14,302.23
2025-01-12,21.50,78.75,296.67,0.00,301.67
2025-01-12,21.50,79.00,293.49,0.00,301.13
2025-01-12,21.50,79.25,291.67,1.34,301.61
2025-01-12,21.50,79.50,294.70,0.00,301.89
2025-01-12,21.50,79.75,295.47,2.39,301.92
2025-01-12,21.75,78.75,295.12,0.00,301.51
2025-01-12,21.75,79.00,292.77,0.00,302.11
2025-01-12,21.75,79.25,294.73,0.00,302.24
2025-01-12,21.75,79.50,293.89,0.00,302.18
2025-01-12,21.75,79.75,295.31,0.00,301.17
2025-01-13,20.75,78.75,292.33,0.00,301.80
2025-01-13,20.75,79.00,294.38,0.00,302.17
2025-01-13,20.75,79.25,291.29,0.00,301.91
2025-01-13,20.75,79.50,294.24,1.83,301.86
2025-01-13,20.75,79.75,295.71,3.81,301.20
2025-01-13,21.00,78.75,293.08,2.03,302.34
2025-01-13,21.00,79.00,295.17,0.00,302.13
2025-01-13,21.00,79.25,294.18,0.11,302.33
2025-01-13,21.00,79.50,292.32,4.59,302.50
2025-01-13,21.00,79.75,293.55,0.00,302.00
2025-01-13,21.25,78.75,293.33,0.00,301.25
2025-01-13,21.25,79.00,292.16,1.66,302.53
2025-01-13,21.25,79.25,295.48,0.00,301.29
2025-01-13,21.25,79.50,,0.00,302.11
2025-01-13,21.25,79.75,292.82,0.00,302.11
2025-01-13,21.50,78.75,293.98,0.00,301.29
2025-01-13,21.50,79.00,293.13,0.24,302.28
2025-01-13,21.50,79.25,292.09,3.38,301.81
2025-01-13,21.50,79.50,295.52,0.00,301.64
2025-01-13,21.50,79.75,,0.00,301.72
2025-01-13,21.75,78.75,292.24,2.10,301.77
2025-01-13,21.75,79.00,292.14,0.00,301.51
2025-01-13,21.75,79.25,294.62,2.99,301.60
2025-01-13,21.75,79.50,293.89,0.00,302.32
2025-01-13,21.75,79.75,293.79,0.00,301.55
2025-01-14,20.75,78.75,293.78,2.01,302.14
2025-01-14,20.75,79.00,291.73,0.00,301.92
2025-01-14,20.75,79.25,295.28,0.56,301.26
2025-01-14,20.75,79.50,293.21,0.00,301.80
2025-01-14,20.75,79.75,294.70,0.00,302.53
2025-01-14,21.00,78.75,294.02,0.00,301.97
2025-01-14,21.00,79.00,293.89,0.00,302.20
2025-01-14,21.00,79.25,,0.45,302.68
2025-01-14,21.00,79.50,295.70,0.00,302.36
2025-01-14,21.00,79.75,294.61,0.00,302.17
2025-01-14,21.25,78.75,293.72,0.00,302.28
2025-01-14,21.25,79.00,294.36,0.80,301.71
2025-01-14,21.25,79.25,293.51,0.00,302.16
2025-01-14,21.25,79.50,292.70,0.00,301.04
2025-01-14,21.25,79.75,295.18,1.13,302.14
2025-01-14,21.50,78.75,293.77,0.00,301.87
2025-01-14,21.50,79.00,292.81,1.23,301.67
2025-01-14,21.50,79.25,295.22,1.79,301.24
2025-01-14,21.50,79.50,293.76,0.00,302.22
2025-01-14,21.50,79.75,,6.55,301.37
2025-01-14,21.75,78.75,294.45,0.00,301.94
2025-01-14,21.75,79.00,293.75,0.00,302.08
2025-01-14,21.75,79.25,292.06,0.00,301.54
2025-01-14,21.75,79.50,294.41,0.00,301.23
2025-01-14,21.75,79.75,293.24,0.00,301.73
2025-01-15,20.75,78.75,294.10,0.00,302.42
2025-01-15,20.75,79.00,293.70,5.45,
2025-01-15,20.75,79.25,293.08,0.07,301.96
2025-01-15,20.75,79.50,290.31,2.02,302.23
2025-01-15,20.75,79.75,290.52,0.00,301.83
2025-01-15,21.00,78.75,293.92,0.25,
2025-01-15,21.00,79.00,292.51,0.00,302.15
2025-01-15,21.00,79.25,296.56,0.00,302.09
2025-01-15,21.00,79.50,296.04,0.00,301.32
2025-01-15,21.00,79.75,295.38,0.00,301.77
2025-01-15,21.25,78.75,292.59,0.00,301.06
2025-01-15,21.25,79.00,292.77,2.73,301.13
2025-01-15,21.25,79.25,294.79,0.00,301.74
2025-01-15,21.25,79.50,293.77,0.00,302.19
2025-01-15,21.25,79.75,294.86,0.00,301.80
2025-01-15,21.50,78.75,292.58,0.00,301.92
2025-01-15,21.50,79.00,293.53,7.69,300.97
2025-01-15,21.50,79.25,294.98,0.57,302.46
2025-01-15,21.50,79.50,294.12,0.00,301.82
2025-01-15,21.50,79.75,,0.00,302.03
2025-01-15,21.75,78.75,294.27,0.89,302.56
2025-01-15,21.75,79.00,290.24,0.58,300.22
2025-01-15,21.75,79.25,294.42,0.00,301.72
2025-01-15,21.75,79.50,291.49,1.79,301.96
2025-01-15,21.75,79.75,,1.26,302.25
2025-01-16,20.75,78.75,293.73,3.95,302.59
2025-01-16,20.75,79.00,290.57,0.00,301.24
2025-01-16,20.75,79.25,295.45,0.71,302.43
2025-01-16,20.75,79.50,294.82,0.00,302.48
2025-01-16,20.75,79.75,295.06,0.00,301.59
2025-01-16,21.00,78.75,294.40,0.00,301.94
2025-01-16,21.00,79.00,296.11,0.00,301.80
2025-01-16,21.00,79.25,294.77,0.13,301.87
2025-01-16,21.00,79.50,293.76,0.00,302.16
2025-01-16,21.00,79.75,291.33,0.00,301.61
2025-01-16,21.25,78.75,294.09,2.33,301.59
2025-01-16,21.25,79.00,292.26,0.00,301.54
2025-01-16,21.25,79.25,292.63,0.00,301.96
2025-01-16,21.25,79.50,291.90,0.61,302.34
2025-01-16,21.25,79.75,295.85,1.00,301.53
2025-01-16,21.50,78.75,294.18,0.03,301.94
2025-01-16,21.50,79.00,292.57,0.00,302.31
2025-01-16,21.50,79.25,295.55,0.00,301.51
2025-01-16,21.50,79.50,294.51,5.18,301.37
2025-01-16,21.50,79.75,292.96,0.00,301.74
2025-01-16,21.75,78.75,294.06,1.85,302.29
2025-01-16,21.75,79.00,293.67,0.00,302.80
2025-01-16,21.75,79.25,293.63,0.80,302.07
2025-01-16,21.75,79.50,294.26,0.00,302.42
2025-01-16,21.75,79.75,293.83,0.00,302.80
2025-01-17,20.75,78.75,290.39,1.48,301.88
2025-01-17,20.75,79.00,294.64,2.27,302.12
2025-01-17,20.75,79.25,293.45,0.00,302.03
2025-01-17,20.75,79.50,292.88,2.35,301.51
2025-01-17,20.75,79.75,295.23,1.35,301.60
2025-01-17,21.00,78.75,294.57,6.43,301.56
2025-01-17,21.00,79.00,294.03,0.41,302.06
2025-01-17,21.00,79.25,293.29,1.01,302.04
2025-01-17,21.00,79.50,294.98,0.00,302.69
2025-01-17,21.00,79.75,292.68,0.00,301.75
2025-01-17,21.25,78.75,295.77,0.06,301.88
2025-01-17,21.25,79.00,292.28,2.70,302.43
2025-01-17,21.25,79.25,292.56,7.16,301.78
2025-01-17,21.25,79.50,294.82,0.71,302.40
2025-01-17,21.25,79.75,294.93,0.00,301.67
2025-01-17,21.50,78.75,290.86,0.00,302.23
2025-01-17,21.50,79.00,296.59,0.00,302.04
2025-01-17,21.50,79.25,292.78,1.05,301.95
2025-01-17,21.50,79.50,294.38,0.00,302.49
2025-01-17,21.50,79.75,294.98,0.00,302.28
2025-01-17,21.75,78.75,296.50,0.00,301.57
2025-01-17,21.75,79.00,294.94,8.82,300.88
2025-01-17,21.75,79.25,292.45,0.00,302.14
2025-01-17,21.75,79.50,293.06,0.00,302.68
2025-01-17,21.75,79.75,291.60,0.00,
2025-01-18,20.75,78.75,292.41,0.00,301.42
2025-01-18,20.75,79.00,292.32,1.96,301.30
2025-01-18,20.75,79.25,293.05,0.00,301.90
2025-01-18,20.75,79.50,294.60,1.58,302.04
2025-01-18,20.75,79.75,295.24,0.00,302.11
2025-01-18,21.00,78.75,296.88,0.00,300.55
2025-01-18,21.00,79.00,292.25,0.00,301.81
2025-01-18,21.00,79.25,,0.00,302.25
2025-01-18,21.00,79.50,293.49,0.00,301.94
2025-01-18,21.00,79.75,295.36,0.00,301.58
2025-01-18,21.25,78.75,295.19,2.40,301.52
2025-01-18,21.25,79.00,293.68,1.60,
2025-01-18,21.25,79.25,295.65,3.21,301.50
2025-01-18,21.25,79.50,299.26,1.83,302.60
2025-01-18,21.25,79.75,293.66,3.72,301.43
2025-01-18,21.50,78.75,292.99,0.00,302.05
2025-01-18,21.50,79.00,,1.77,301.63
2025-01-18,21.50,79.25,292.57,0.00,301.11
2025-01-18,21.50,79.50,294.35,0.00,301.16
2025-01-18,21.50,79.75,,0.00,301.51
2025-01-18,21.75,78.75,294.97,0.00,301.81
2025-01-18,21.75,79.00,295.95,0.83,301.75
2025-01-18,21.75,79.25,296.90,0.00,301.63
2025-01-18,21.75,79.50,294.31,0.00,302.54
2025-01-18,21.75,79.75,291.56,0.00,302.43
2025-01-19,20.75,78.75,294.04,0.00,302.33
2025-01-19,20.75,79.00,292.37,0.67,301.83
2025-01-19,20.75,79.25,292.31,0.01,301.62
2025-01-19,20.75,79.50,295.48,0.00,302.21
2025-01-19,20.75,79.75,295.38,0.00,301.63
2025-01-19,21.00,78.75,293.62,1.73,302.28
2025-01-19,21.00,79.00,292.83,0.00,302.36
2025-01-19,21.00,79.25,294.13,5.08,300.89
2025-01-19,21.00,79.50,293.54,0.00,301.33
2025-01-19,21.00,79.75,295.68,0.00,301.99
2025-01-19,21.25,78.75,293.45,0.00,302.52
2025-01-19,21.25,79.00,291.59,0.00,302.22
2025-01-19,21.25,79.25,292.25,0.00,302.15
2025-01-19,21.25,79.50,295.31,0.00,301.71
2025-01-19,21.25,79.75,294.05,0.00,301.75
2025-01-19,21.50,78.75,291.86,0.00,301.97
2025-01-19,21.50,79.00,297.31,0.00,302.48
2025-01-19,21.50,79.25,294.79,9.88,302.43
2025-01-19,21.50,79.50,292.99,0.00,302.07
2025-01-19,21.50,79.75,295.46,0.00,302.27
2025-01-19,21.75,78.75,296.30,0.00,302.58
2025-01-19,21.75,79.00,295.12,0.17,302.23
2025-01-19,21.75,79.25,294.53,0.65,301.20
2025-01-19,21.75,79.50,293.99,0.00,302.66
2025-01-19,21.75,79.75,293.67,0.00,301.53
2025-01-20,20.75,78.75,293.89,3.49,302.30
2025-01-20,20.75,79.00,292.22,0.00,302.64
2025-01-20,20.75,79.25,294.19,1.43,301.37
2025-01-20,20.75,79.50,295.86,0.00,302.25
2025-01-20,20.75,79.75,292.87,0.00,302.05
2025-01-20,21.00,78.75,297.77,0.00,302.43
2025-01-20,21.00,79.00,294.01,0.00,301.57
2025-01-20,21.00,79.25,291.69,0.00,300.90
2025-01-20,21.00,79.50,291.31,3.68,302.49
2025-01-20,21.00,79.75,292.80,5.77,300.73
2025-01-20,21.25,78.75,291.50,0.00,301.28
2025-01-20,21.25,79.00,293.41,0.00,301.92
2025-01-20,21.25,79.25,292.95,,301.70
2025-01-20,21.25,79.50,293.47,0.00,302.62
2025-01-20,21.25,79.75,295.02,0.00,301.80
2025-01-20,21.50,78.75,294.92,0.86,302.12
2025-01-20,21.50,79.00,291.39,0.00,301.85
2025-01-20,21.50,79.25,293.27,0.00,301.98
2025-01-20,21.50,79.50,,0.00,301.22
2025-01-20,21.50,79.75,294.30,1.38,
2025-01-20,21.75,78.75,292.74,4.55,302.48
2025-01-20,21.75,79.00,292.09,0.29,301.51
2025-01-20,21.75,79.25,296.54,0.11,301.31
2025-01-20,21.75,79.50,293.74,0.00,301.96
2025-01-20,21.75,79.75,294.27,0.00,301.56
2025-01-21,20.75,78.75,292.34,0.00,301.14
2025-01-21,20.75,79.00,294.00,0.56,301.92
2025-01-21,20.75,79.25,295.81,0.00,301.93
2025-01-21,20.75,79.50,293.55,2.15,302.26
2025-01-21,20.75,79.75,295.45,0.00,302.79
2025-01-21,21.00,78.75,292.08,0.00,301.19
2025-01-21,21.00,79.00,293.04,1.52,300.95
2025-01-21,21.00,79.25,293.18,1.84,302.02
2025-01-21,21.00,79.50,296.03,0.00,300.93
2025-01-21,21.00,79.75,295.16,1.90,302.17
2025-01-21,21.25,78.75,294.16,0.00,302.37
2025-01-21,21.25,79.00,294.36,1.59,302.41
2025-01-21,21.25,79.25,293.73,0.00,301.93
2025-01-21,21.25,79.50,294.51,7.10,301.94
2025-01-21,21.25,79.75,294.04,0.00,301.29
2025-01-21,21.50,78.75,292.25,0.00,301.84
2025-01-21,21.50,79.00,291.37,0.00,302.35
2025-01-21,21.50,79.25,293.42,1.25,301.33
2025-01-21,21.50,79.50,294.28,0.00,302.16
2025-01-21,21.50,79.75,292.98,0.00,301.70
2025-01-21,21.75,78.75,293.94,0.20,301.57
2025-01-21,21.75,79.00,292.92,0.00,302.24
2025-01-21,21.75,79.25,294.72,11.30,301.10
2025-01-21,21.75,79.50,292.79,0.00,301.39
2025-01-21,21.75,79.75,293.80,0.00,301.95
2025-01-22,20.75,78.75,292.74,6.73,300.73
2025-01-22,20.75,79.00,294.16,0.00,299.92
2025-01-22,20.75,79.25,291.76,4.99,302.15
2025-01-22,20.75,79.50,294.19,2.39,301.90
2025-01-22,20.75,79.75,292.45,0.45,302.90
2025-01-22,21.00,78.75,,0.00,302.69
2025-01-22,21.00,79.00,295.46,0.00,301.31
2025-01-22,21.00,79.25,293.20,0.00,
2025-01-22,21.00,79.50,296.15,0.00,300.95
2025-01-22,21.00,79.75,292.28,0.00,300.92
2025-01-22,21.25,78.75,293.79,0.00,301.84
2025-01-22,21.25,79.00,292.58,0.00,302.06
2025-01-22,21.25,79.25,293.70,0.00,301.80
2025-01-22,21.25,79.50,295.40,0.00,302.10
2025-01-22,21.25,79.75,294.03,0.00,301.59
2025-01-22,21.50,78.75,294.46,0.69,302.41
2025-01-22,21.50,79.00,293.81,1.45,302.12
2025-01-22,21.50,79.25,294.49,0.00,301.95
2025-01-22,21.50,79.50,292.45,2.94,302.40
2025-01-22,21.50,79.75,291.95,0.00,302.34
2025-01-22,21.75,78.75,294.96,0.00,301.82
2025-01-22,21.75,79.00,293.64,0.00,301.44
2025-01-22,21.75,79.25,291.32,0.00,302.32
2025-01-22,21.75,79.50,292.70,0.00,301.91
2025-01-22,21.75,79.75,291.83,1.18,301.97
2025-01-23,20.75,78.75,291.97,0.01,302.17
2025-01-23,20.75,79.00,295.72,0.30,301.54
2025-01-23,20.75,79.25,292.75,0.00,301.66
2025-01-23,20.75,79.50,293.71,0.00,302.15
2025-01-23,20.75,79.75,292.76,0.51,301.64
2025-01-23,21.00,78.75,291.87,0.00,300.73
2025-01-23,21.00,79.00,293.29,0.00,302.14
2025-01-23,21.00,79.25,291.73,0.76,302.43
2025-01-23,21.00,79.50,294.93,0.00,302.28
2025-01-23,21.00,79.75,293.45,2.24,302.29
2025-01-23,21.25,78.75,293.77,2.26,301.34
2025-01-23,21.25,79.00,,2.06,301.82
2025-01-23,21.25,79.25,292.90,0.00,301.74
2025-01-23,21.25,79.50,295.97,0.00,302.25
2025-01-23,21.25,79.75,295.15,0.00,301.11
2025-01-23,21.50,78.75,294.48,3.08,301.73
2025-01-23,21.50,79.00,293.05,1.28,301.32
2025-01-23,21.50,79.25,292.99,0.42,302.33
2025-01-23,21.50,79.50,293.09,0.35,302.60
2025-01-23,21.50,79.75,295.38,0.00,301.31
2025-01-23,21.75,78.75,294.81,0.94,302.16
2025-01-23,21.75,79.00,295.29,0.00,301.50
2025-01-23,21.75,79.25,296.66,0.00,302.49
2025-01-23,21.75,79.50,293.70,0.00,301.83
2025-01-23,21.75,79.75,293.58,0.00,301.75
2025-01-24,20.75,78.75,296.01,0.40,
2025-01-24,20.75,79.00,289.74,0.00,302.25
2025-01-24,20.75,79.25,296.11,4.36,301.35
2025-01-24,20.75,79.50,293.51,0.30,301.90
2025-01-24,20.75,79.75,292.98,0.00,301.70
2025-01-24,21.00,78.75,295.39,6.73,301.84
2025-01-24,21.00,79.00,292.34,0.00,301.09
2025-01-24,21.00,79.25,294.13,0.40,302.00
2025-01-24,21.00,79.50,295.61,8.73,302.04
2025-01-24,21.00,79.75,296.27,0.00,301.02
2025-01-24,21.25,78.75,292.74,0.00,301.75
2025-01-24,21.25,79.00,295.24,0.00,302.21
2025-01-24,21.25,79.25,295.88,1.35,300.75
2025-01-24,21.25,79.50,290.87,0.00,301.47
2025-01-24,21.25,79.75,292.32,0.00,301.42
2025-01-24,21.50,78.75,292.07,0.00,301.64
2025-01-24,21.50,79.00,295.56,3.26,301.41
2025-01-24,21.50,79.25,294.53,0.00,301.42
2025-01-24,21.50,79.50,292.43,0.00,302.02
2025-01-24,21.50,79.75,293.09,0.00,302.74
2025-01-24,21.75,78.75,295.13,1.30,301.30
2025-01-24,21.75,79.00,297.41,0.00,302.14
2025-01-24,21.75,79.25,295.75,0.00,302.28
2025-01-24,21.75,79.50,292.25,0.00,302.08
2025-01-24,21.75,79.75,293.42,5.51,301.34
2025-01-25,20.75,78.75,294.96,0.00,302.05
2025-01-25,20.75,79.00,295.87,0.00,301.96
2025-01-25,20.75,79.25,293.99,3.08,301.21
2025-01-25,20.75,79.50,294.26,3.56,302.37
2025-01-25,20.75,79.75,295.07,0.00,301.98
2025-01-25,21.00,78.75,292.64,0.00,301.71
2025-01-25,21.00,79.00,294.78,0.00,302.67
2025-01-25,21.00,79.25,295.44,0.00,301.61
2025-01-25,21.00,79.50,294.29,0.00,302.30
2025-01-25,21.00,79.75,294.44,0.00,301.97
2025-01-25,21.25,78.75,292.34,0.69,301.49
2025-01-25,21.25,79.00,296.48,0.00,
2025-01-25,21.25,79.25,294.03,0.00,301.95
2025-01-25,21.25,79.50,293.99,3.18,300.56
2025-01-25,21.25,79.75,293.87,3.09,301.04
2025-01-25,21.50,78.75,293.76,0.00,301.26
2025-01-25,21.50,79.00,294.90,0.00,301.21
2025-01-25,21.50,79.25,294.73,0.00,302.02
2025-01-25,21.50,79.50,293.64,0.00,301.99
2025-01-25,21.50,79.75,296.32,0.00,302.63
2025-01-25,21.75,78.75,297.37,0.65,302.13
2025-01-25,21.75,79.00,294.62,1.70,301.64
2025-01-25,21.75,79.25,293.53,0.00,301.83
2025-01-25,21.75,79.50,294.15,1.61,301.08
2025-01-25,21.75,79.75,295.62,0.05,302.45
2025-01-26,20.75,78.75,293.60,0.00,302.00
2025-01-26,20.75,79.00,294.08,5.29,302.23
2025-01-26,20.75,79.25,295.81,0.00,302.36
2025-01-26,20.75,79.50,295.86,0.00,301.47
2025-01-26,20.75,79.75,295.35,3.02,302.30
2025-01-26,21.00,78.75,292.78,0.75,302.46
2025-01-26,21.00,79.00,293.34,2.67,302.26
2025-01-26,21.00,79.25,294.12,0.00,301.57
2025-01-26,21.00,79.50,294.85,0.00,301.66
2025-01-26,21.00,79.75,295.50,0.00,301.48
2025-01-26,21.25,78.75,294.50,12.69,302.11
2025-01-26,21.25,79.00,295.43,0.00,302.52
2025-01-26,21.25,79.25,296.87,1.54,301.36
2025-01-26,21.25,79.50,297.77,0.81,302.71
2025-01-26,21.25,79.75,296.33,0.00,301.51
2025-01-26,21.50,78.75,294.15,0.00,303.08
2025-01-26,21.50,79.00,293.03,0.00,301.63
2025-01-26,21.50,79.25,292.55,3.84,302.53
2025-01-26,21.50,79.50,293.54,1.86,301.70
2025-01-26,21.50,79.75,294.68,0.00,301.61
2025-01-26,21.75,78.75,294.90,0.00,301.11
2025-01-26,21.75,79.00,290.44,2.90,301.26
2025-01-26,21.75,79.25,294.32,1.26,301.88
2025-01-26,21.75,79.50,295.05,0.00,301.95
2025-01-26,21.75,79.75,293.73,7.96,301.70
2025-01-27,20.75,78.75,293.37,1.69,301.81
2025-01-27,20.75,79.00,297.31,1.07,302.35
2025-01-27,20.75,79.25,294.54,0.00,301.73
2025-01-27,20.75,79.50,294.11,0.00,301.50
2025-01-27,20.75,79.75,293.84,1.10,301.56
2025-01-27,21.00,78.75,294.72,0.31,302.18
2025-01-27,21.00,79.00,293.01,1.94,301.02
2025-01-27,21.00,79.25,291.95,0.51,301.84
2025-01-27,21.00,79.50,296.24,0.45,302.11
2025-01-27,21.00,79.75,294.23,0.99,301.84
2025-01-27,21.25,78.75,294.09,0.00,301.75
2025-01-27,21.25,79.00,294.92,0.42,
2025-01-27,21.25,79.25,297.14,2.52,302.04
2025-01-27,21.25,79.50,291.09,0.09,301.43
2025-01-27,21.25,79.75,292.43,0.00,301.53
2025-01-27,21.50,78.75,293.60,0.00,302.30
2025-01-27,21.50,79.00,293.79,0.00,302.07
2025-01-27,21.50,79.25,292.20,0.47,302.52
2025-01-27,21.50,79.50,294.22,0.00,301.85
2025-01-27,21.50,79.75,292.13,0.00,301.84
2025-01-27,21.75,78.75,294.17,0.53,301.46
2025-01-27,21.75,79.00,296.65,0.00,301.83
2025-01-27,21.75,79.25,294.14,0.55,301.45
2025-01-27,21.75,79.50,295.28,0.00,301.80
2025-01-27,21.75,79.75,296.32,0.21,301.55
2025-01-28,20.75,78.75,295.33,0.00,301.81
2025-01-28,20.75,79.00,293.02,0.00,301.82
2025-01-28,20.75,79.25,297.01,9.10,301.61
2025-01-28,20.75,79.50,293.78,0.00,301.37
2025-01-28,20.75,79.75,295.53,0.00,
2025-01-28,21.00,78.75,297.28,0.00,301.58
2025-01-28,21.00,79.00,296.01,0.00,302.20
2025-01-28,21.00,79.25,295.17,0.00,301.19
2025-01-28,21.00,79.50,295.96,0.00,302.00
2025-01-28,21.00,79.75,299.31,0.00,301.26
2025-01-28,21.25,78.75,293.90,2.67,301.53
2025-01-28,21.25,79.00,293.25,0.64,301.70
2025-01-28,21.25,79.25,296.61,1.78,302.17
2025-01-28,21.25,79.50,292.69,,302.01
2025-01-28,21.25,79.75,295.06,0.00,302.01
2025-01-28,21.50,78.75,295.06,0.00,301.30
2025-01-28,21.50,79.00,293.68,0.00,302.28
2025-01-28,21.50,79.25,294.26,2.71,301.50
2025-01-28,21.50,79.50,294.23,0.66,302.44
2025-01-28,21.50,79.75,294.87,0.72,301.78
2025-01-28,21.75,78.75,292.80,0.00,302.10
2025-01-28,21.75,79.00,294.06,0.00,301.23
2025-01-28,21.75,79.25,293.60,0.00,301.55
2025-01-28,21.75,79.50,294.36,3.48,301.30
2025-01-28,21.75,79.75,295.60,0.00,302.03
2025-01-29,20.75,78.75,294.23,0.00,301.71
2025-01-29,20.75,79.00,296.54,0.00,301.82
2025-01-29,20.75,79.25,294.03,0.00,301.77
2025-01-29,20.75,79.50,296.44,3.14,301.95
2025-01-29,20.75,79.75,296.44,0.00,302.94
2025-01-29,21.00,78.75,292.15,3.17,302.00
2025-01-29,21.00,79.00,292.56,0.00,
2025-01-29,21.00,79.25,,0.00,301.22
2025-01-29,21.00,79.50,298.39,1.47,301.90
2025-01-29,21.00,79.75,293.53,2.01,301.63
2025-01-29,21.25,78.75,295.71,0.00,301.24
2025-01-29,21.25,79.00,297.02,1.10,301.92
2025-01-29,21.25,79.25,294.35,0.00,301.52
2025-01-29,21.25,79.50,292.86,0.00,301.66
2025-01-29,21.25,79.75,295.81,0.00,301.46
2025-01-29,21.50,78.75,293.08,0.00,302.48
2025-01-29,21.50,79.00,295.23,0.00,301.75
2025-01-29,21.50,79.25,293.42,0.00,302.27
2025-01-29,21.50,79.50,292.36,0.84,302.58
2025-01-29,21.50,79.75,294.60,0.00,302.30
2025-01-29,21.75,78.75,292.52,2.47,301.45
2025-01-29,21.75,79.00,293.29,0.00,302.68
2025-01-29,21.75,79.25,296.65,0.27,302.45
2025-01-29,21.75,79.50,293.63,0.00,301.92
2025-01-29,21.75,79.75,291.54,0.21,301.99
2025-01-30,20.75,78.75,293.35,0.00,301.10
2025-01-30,20.75,79.00,291.56,1.42,301.79
2025-01-30,20.75,79.25,295.18,0.00,301.65
2025-01-30,20.75,79.50,296.80,7.29,301.28
2025-01-30,20.75,79.75,296.49,0.00,301.68
2025-01-30,21.00,78.75,294.67,5.73,301.71
2025-01-30,21.00,79.00,292.42,0.00,301.42
2025-01-30,21.00,79.25,296.48,0.00,301.39
2025-01-30,21.00,79.50,296.07,0.00,301.25
2025-01-30,21.00,79.75,291.64,0.21,301.52
2025-01-30,21.25,78.75,295.37,0.00,301.89
2025-01-30,21.25,79.00,295.47,0.00,301.94
2025-01-30,21.25,79.25,294.02,1.64,301.84
2025-01-30,21.25,79.50,292.93,0.00,301.41
2025-01-30,21.25,79.75,295.97,0.00,302.15
2025-01-30,21.50,78.75,295.50,,301.37
2025-01-30,21.50,79.00,293.74,2.62,302.30
2025-01-30,21.50,79.25,,3.01,302.02
2025-01-30,21.50,79.50,296.79,0.00,301.37
2025-01-30,21.50,79.75,295.06,0.56,301.90
2025-01-30,21.75,78.75,294.38,4.26,300.99
2025-01-30,21.75,79.00,,0.00,302.37
2025-01-30,21.75,79.25,296.43,0.06,301.35
2025-01-30,21.75,79.50,296.48,0.00,301.85
2025-01-30,21.75,79.75,294.98,0.00,302.30
2025-01-31,20.75,78.75,294.97,0.00,302.61
2025-01-31,20.75,79.00,294.46,0.00,302.76
2025-01-31,20.75,79.25,293.13,0.00,301.46
2025-01-31,20.75,79.50,293.69,0.00,302.23
2025-01-31,20.75,79.75,294.54,0.00,302.33
2025-01-31,21.00,78.75,295.14,1.07,301.18
2025-01-31,21.00,79.00,298.07,0.17,301.61
2025-01-31,21.00,79.25,294.37,0.00,301.48
2025-01-31,21.00,79.50,,0.66,301.56
2025-01-31,21.00,79.75,295.78,0.23,301.62
2025-01-31,21.25,78.75,294.56,2.29,301.60
2025-01-31,21.25,79.00,292.03,0.00,301.44
2025-01-31,21.25,79.25,293.51,1.01,302.26
2025-01-31,21.25,79.50,293.87,0.00,301.32
2025-01-31,21.25,79.75,291.55,0.00,301.89
2025-01-31,21.50,78.75,294.95,0.00,301.86
2025-01-31,21.50,79.00,296.72,0.00,301.81
2025-01-31,21.50,79.25,296.52,3.15,301.90
2025-01-31,21.50,79.50,296.16,0.00,300.80
2025-01-31,21.50,79.75,295.62,0.58,301.66
2025-01-31,21.75,78.75,294.25,2.75,301.95
2025-01-31,21.75,79.00,295.60,0.00,302.49
2025-01-31,21.75,79.25,296.06,11.18,300.88
2025-01-31,21.75,79.50,294.78,0.40,300.65
2025-01-31,21.75,79.75,294.48,0.00,301.53
2025-02-01,20.75,78.75,294.32,0.00,301.32
2025-02-01,20.75,79.00,292.97,2.58,302.13
2025-02-01,20.75,79.25,295.70,5.56,301.43
2025-02-01,20.75,79.50,294.16,0.00,302.02
2025-02-01,20.75,79.75,294.78,0.00,301.49
2025-02-01,21.00,78.75,294.74,3.88,302.51
2025-02-01,21.00,79.00,296.74,0.00,302.04
2025-02-01,21.00,79.25,294.28,0.00,302.12
2025-02-01,21.00,79.50,293.49,0.00,302.29
2025-02-01,21.00,79.75,296.23,0.04,301.12
2025-02-01,21.25,78.75,294.19,0.52,301.73
2025-02-01,21.25,79.00,294.42,0.00,301.36
2025-02-01,21.25,79.25,294.98,0.00,301.50
2025-02-01,21.25,79.50,295.09,0.00,302.10
2025-02-01,21.25,79.75,294.26,0.00,301.72
2025-02-01,21.50,78.75,292.81,1.77,301.23
2025-02-01,21.50,79.00,296.12,4.65,301.55
2025-02-01,21.50,79.25,294.16,0.00,300.77
2025-02-01,21.50,79.50,294.39,0.00,302.32
2025-02-01,21.50,79.75,295.12,0.00,302.03
2025-02-01,21.75,78.75,294.83,0.00,301.39
2025-02-01,21.75,79.00,295.92,0.00,301.00
2025-02-01,21.75,79.25,299.20,0.27,301.66
2025-02-01,21.75,79.50,294.75,0.00,302.30
2025-02-01,21.75,79.75,294.20,0.42,302.76
2025-02-02,20.75,78.75,292.88,6.78,301.78
2025-02-02,20.75,79.00,294.67,3.12,302.03
2025-02-02,20.75,79.25,295.95,1.32,
2025-02-02,20.75,79.50,298.40,0.00,300.30
2025-02-02,20.75,79.75,295.84,0.00,302.23
2025-02-02,21.00,78.75,297.08,1.11,301.94
2025-02-02,21.00,79.00,294.45,1.85,301.35
2025-02-02,21.00,79.25,295.30,1.31,302.23
2025-02-02,21.00,79.50,297.14,0.00,302.17
2025-02-02,21.00,79.75,295.86,0.00,301.43
2025-02-02,21.25,78.75,293.49,0.00,301.64
2025-02-02,21.25,79.00,294.56,0.67,301.99
2025-02-02,21.25,79.25,297.68,0.00,301.48
2025-02-02,21.25,79.50,295.36,0.00,301.79
2025-02-02,21.25,79.75,296.07,0.00,302.85
2025-02-02,21.50,78.75,296.52,0.00,301.75
2025-02-02,21.50,79.00,295.60,0.00,303.16
2025-02-02,21.50,79.25,295.16,1.28,302.18
2025-02-02,21.50,79.50,296.02,1.89,301.16
2025-02-02,21.50,79.75,294.94,0.00,301.80
2025-02-02,21.75,78.75,295.39,0.00,301.05
2025-02-02,21.75,79.00,293.93,0.69,301.29
2025-02-02,21.75,79.25,293.33,10.75,
2025-02-02,21.75,79.50,296.27,0.00,302.30
2025-02-02,21.75,79.75,296.52,0.00,301.85
2025-02-03,20.75,78.75,293.43,2.26,301.70
2025-02-03,20.75,79.00,293.65,0.00,301.60
2025-02-03,20.75,79.25,296.00,0.48,302.07
2025-02-03,20.75,79.50,296.79,0.00,301.91
2025-02-03,20.75,79.75,295.63,0.00,301.71
2025-02-03,21.00,78.75,296.54,0.00,301.29
2025-02-03,21.00,79.00,296.88,0.00,302.56
2025-02-03,21.00,79.25,296.17,0.00,302.05
2025-02-03,21.00,79.50,295.34,0.00,302.02
2025-02-03,21.00,79.75,296.90,0.39,301.68
2025-02-03,21.25,78.75,293.72,2.82,301.68
2025-02-03,21.25,79.00,293.56,6.56,302.15
2025-02-03,21.25,79.25,296.63,0.00,301.93
2025-02-03,21.25,79.50,293.03,0.00,301.68
2025-02-03,21.25,79.75,296.62,0.29,301.78
2025-02-03,21.50,78.75,293.61,0.00,301.34
2025-02-03,21.50,79.00,296.88,0.00,301.37
2025-02-03,21.50,79.25,296.06,0.00,301.72
2025-02-03,21.50,79.50,293.44,1.96,301.36
2025-02-03,21.50,79.75,,0.32,301.47
2025-02-03,21.75,78.75,296.28,0.00,301.82
2025-02-03,21.75,79.00,296.66,0.00,301.45
2025-02-03,21.75,79.25,293.51,,302.61
2025-02-03,21.75,79.50,296.46,5.21,301.68
2025-02-03,21.75,79.75,294.69,1.24,302.25
2025-02-04,20.75,78.75,293.99,0.28,
2025-02-04,20.75,79.00,289.30,0.00,301.57
2025-02-04,20.75,79.25,294.10,1.73,301.68
2025-02-04,20.75,79.50,295.07,0.00,301.82
2025-02-04,20.75,79.75,293.93,1.41,302.31
2025-02-04,21.00,78.75,292.81,0.00,301.87
2025-02-04,21.00,79.00,293.73,1.78,301.22
2025-02-04,21.00,79.25,294.61,0.90,301.20
2025-02-04,21.00,79.50,295.11,0.00,302.29
2025-02-04,21.00,79.75,296.89,1.63,300.83
2025-02-04,21.25,78.75,295.08,0.00,301.94
2025-02-04,21.25,79.00,297.61,0.00,
2025-02-04,21.25,79.25,292.97,0.00,301.97
2025-02-04,21.25,79.50,294.31,1.70,301.76
2025-02-04,21.25,79.75,295.42,0.08,302.25
2025-02-04,21.50,78.75,298.92,0.00,301.51
2025-02-04,21.50,79.00,295.79,0.00,301.27
2025-02-04,21.50,79.25,294.60,1.02,301.11
2025-02-04,21.50,79.50,297.54,1.99,301.54
2025-02-04,21.50,79.75,295.00,0.00,302.18
2025-02-04,21.75,78.75,294.74,3.99,301.90
2025-02-04,21.75,79.00,294.91,0.00,301.28
2025-02-04,21.75,79.25,292.35,2.41,302.15
2025-02-04,21.75,79.50,293.18,0.00,301.53
2025-02-04,21.75,79.75,296.10,0.00,302.17
2025-02-05,20.75,78.75,294.52,0.00,301.98
2025-02-05,20.75,79.00,294.48,0.00,301.14
2025-02-05,20.75,79.25,293.43,0.00,301.94
2025-02-05,20.75,79.50,296.82,0.17,301.01
2025-02-05,20.75,79.75,294.19,0.00,301.50
2025-02-05,21.00,78.75,296.59,3.21,301.81
2025-02-05,21.00,79.00,299.06,0.00,301.32
2025-02-05,21.00,79.25,295.96,0.00,301.69
2025-02-05,21.00,79.50,293.06,0.11,302.31
2025-02-05,21.00,79.75,296.36,0.00,302.07
2025-02-05,21.25,78.75,293.99,0.00,301.25
2025-02-05,21.25,79.00,298.30,0.00,301.06
2025-02-05,21.25,79.25,296.66,0.00,300.92
2025-02-05,21.25,79.50,295.17,0.00,302.08
2025-02-05,21.25,79.75,295.32,2.50,301.24
2025-02-05,21.50,78.75,294.96,2.51,301.72
2025-02-05,21.50,79.00,294.50,3.22,302.06
2025-02-05,21.50,79.25,294.54,0.49,302.37
2025-02-05,21.50,79.50,296.01,0.00,301.85
2025-02-05,21.50,79.75,295.73,0.00,301.58
2025-02-05,21.75,78.75,295.78,0.00,302.24
2025-02-05,21.75,79.00,297.51,6.95,301.25
2025-02-05,21.75,79.25,293.26,0.55,302.33
2025-02-05,21.75,79.50,294.54,0.00,302.01
2025-02-05,21.75,79.75,296.73,2.91,300.93
2025-02-06,20.75,78.75,295.36,0.00,302.44
2025-02-06,20.75,79.00,293.37,0.00,301.02
2025-02-06,20.75,79.25,292.19,0.00,301.13
2025-02-06,20.75,79.50,295.11,0.25,302.39
2025-02-06,20.75,79.75,297.81,0.00,301.64
2025-02-06,21.00,78.75,294.78,0.00,301.33
2025-02-06,21.00,79.00,294.80,1.71,301.92
2025-02-06,21.00,79.25,293.07,1.37,302.63
2025-02-06,21.00,79.50,295.12,0.00,301.62
2025-02-06,21.00,79.75,296.65,3.49,302.01
2025-02-06,21.25,78.75,296.09,0.00,302.09
2025-02-06,21.25,79.00,295.30,0.00,300.87
2025-02-06,21.25,79.25,297.25,2.14,301.73
2025-02-06,21.25,79.50,296.96,1.48,301.52
2025-02-06,21.25,79.75,294.21,0.00,
2025-02-06,21.50,78.75,296.96,0.00,301.31
2025-02-06,21.50,79.00,296.01,0.00,302.06
2025-02-06,21.50,79.25,297.02,0.00,
2025-02-06,21.50,79.50,292.66,0.00,301.57
2025-02-06,21.50,79.75,295.81,0.00,300.76
2025-02-06,21.75,78.75,295.39,5.96,301.92
2025-02-06,21.75,79.00,291.43,0.00,301.23
2025-02-06,21.75,79.25,295.38,0.00,300.96
2025-02-06,21.75,79.50,294.12,0.00,302.20
2025-02-06,21.75,79.75,294.84,0.47,302.50
2025-02-07,20.75,78.75,295.40,0.00,302.52
2025-02-07,20.75,79.00,294.98,0.00,301.30
2025-02-07,20.75,79.25,294.51,0.00,301.17
2025-02-07,20.75,79.50,297.35,0.00,301.95
2025-02-07,20.75,79.75,294.01,0.31,301.41
2025-02-07,21.00,78.75,297.24,2.76,301.93
2025-02-07,21.00,79.00,295.27,1.35,
2025-02-07,21.00,79.25,292.19,0.00,301.87
2025-02-07,21.00,79.50,296.99,0.00,302.14
2025-02-07,21.00,79.75,296.71,1.36,302.51
2025-02-07,21.25,78.75,297.08,0.76,301.09
2025-02-07,21.25,79.00,295.21,0.29,301.71
2025-02-07,21.25,79.25,295.85,0.00,301.30
2025-02-07,21.25,79.50,295.22,0.00,301.36
2025-02-07,21.25,79.75,296.47,0.21,301.67
2025-02-07,21.50,78.75,296.60,2.00,302.57
2025-02-07,21.50,79.00,296.20,0.00,301.45
2025-02-07,21.50,79.25,294.98,4.96,300.90
2025-02-07,21.50,79.50,294.80,0.00,302.44
2025-02-07,21.50,79.75,295.77,2.39,300.81
2025-02-07,21.75,78.75,297.27,1.85,301.43
2025-02-07,21.75,79.00,294.93,0.19,301.77
2025-02-07,21.75,79.25,295.75,0.00,301.51
2025-02-07,21.75,79.50,293.97,0.00,301.02
2025-02-07,21.75,79.75,298.87,0.00,302.02
2025-02-08,20.75,78.75,298.50,0.00,301.44
2025-02-08,20.75,79.00,295.65,0.00,301.47
2025-02-08,20.75,79.25,293.41,6.11,301.38
2025-02-08,20.75,79.50,293.24,3.25,300.81
2025-02-08,20.75,79.75,294.36,0.00,301.71
2025-02-08,21.00,78.75,295.80,0.00,301.06
2025-02-08,21.00,79.00,300.02,0.00,302.42
2025-02-08,21.00,79.25,295.84,4.19,302.43
2025-02-08,21.00,79.50,296.47,0.09,301.55
2025-02-08,21.00,79.75,292.55,5.16,301.67
2025-02-08,21.25,78.75,295.90,0.00,301.28
2025-02-08,21.25,79.00,294.16,8.48,302.16
2025-02-08,21.25,79.25,292.61,0.00,301.56
2025-02-08,21.25,79.50,292.04,0.07,302.41
2025-02-08,21.25,79.75,294.24,0.00,301.74
2025-02-08,21.50,78.75,295.88,6.29,301.27
2025-02-08,21.50,79.00,,0.00,301.53
2025-02-08,21.50,79.25,296.52,2.08,301.96
2025-02-08,21.50,79.50,293.44,0.00,301.40
2025-02-08,21.50,79.75,295.66,0.52,300.53
2025-02-08,21.75,78.75,295.60,0.00,301.69
2025-02-08,21.75,79.00,293.57,0.00,301.33
2025-02-08,21.75,79.25,294.95,0.00,301.88
2025-02-08,21.75,79.50,296.31,0.00,302.12
2025-02-08,21.75,79.75,298.40,0.00,301.73
2025-02-09,20.75,78.75,296.74,0.00,302.71
2025-02-09,20.75,79.00,297.08,1.75,302.15
2025-02-09,20.75,79.25,295.56,0.00,302.26
2025-02-09,20.75,79.50,295.54,0.00,302.69
2025-02-09,20.75,79.75,296.14,1.40,302.32
2025-02-09,21.00,78.75,295.66,0.00,301.81
2025-02-09,21.00,79.00,293.93,0.00,301.98
2025-02-09,21.00,79.25,296.70,0.00,301.65
2025-02-09,21.00,79.50,296.38,0.00,301.50
2025-02-09,21.00,79.75,296.39,0.00,301.73
2025-02-09,21.25,78.75,295.85,2.40,301.78
2025-02-09,21.25,79.00,294.32,0.00,301.31
2025-02-09,21.25,79.25,295.72,0.00,301.59
2025-02-09,21.25,79.50,295.43,0.00,301.44
2025-02-09,21.25,79.75,294.14,0.00,302.07
2025-02-09,21.50,78.75,295.84,0.00,300.93
2025-02-09,21.50,79.00,297.17,0.00,301.49
2025-02-09,21.50,79.25,296.00,0.00,301.26
2025-02-09,21.50,79.50,295.01,0.31,302.09
2025-02-09,21.50,79.75,294.51,1.52,299.93
2025-02-09,21.75,78.75,296.47,0.00,300.89
2025-02-09,21.75,79.00,295.16,0.00,302.29
2025-02-09,21.75,79.25,294.82,0.08,301.14
2025-02-09,21.75,79.50,296.17,,301.33
2025-02-09,21.75,79.75,293.97,1.28,301.71
2025-02-10,20.75,78.75,294.94,0.00,301.77
2025-02-10,20.75,79.00,295.11,2.61,300.73
2025-02-10,20.75,79.25,296.17,4.18,301.47
2025-02-10,20.75,79.50,296.80,0.00,301.88
2025-02-10,20.75,79.75,295.72,0.00,301.83
2025-02-10,21.00,78.75,296.03,0.00,301.73
2025-02-10,21.00,79.00,294.11,1.98,300.99
2025-02-10,21.00,79.25,293.20,1.94,301.57
2025-02-10,21.00,79.50,293.86,0.00,301.20
2025-02-10,21.00,79.75,295.15,4.70,301.11
2025-02-10,21.25,78.75,297.03,1.74,302.11
2025-02-10,21.25,79.00,293.64,0.00,302.05
2025-02-10,21.25,79.25,295.35,0.00,301.06
2025-02-10,21.25,79.50,294.74,0.00,301.35
2025-02-10,21.25,79.75,296.75,0.00,302.11
2025-02-10,21.50,78.75,295.74,0.00,302.39
2025-02-10,21.50,79.00,294.23,1.94,300.76
2025-02-10,21.50,79.25,292.69,0.00,301.51
2025-02-10,21.50,79.50,295.59,2.22,302.02
2025-02-10,21.50,79.75,294.51,0.00,302.34
2025-02-10,21.75,78.75,296.17,1.56,302.68
2025-02-10,21.75,79.00,298.90,0.00,301.85
2025-02-10,21.75,79.25,295.32,,302.24
2025-02-10,21.75,79.50,292.12,0.00,301.90
2025-02-10,21.75,79.75,296.77,0.00,302.39
2025-02-11,20.75,78.75,296.68,0.00,301.24
2025-02-11,20.75,79.00,296.65,1.72,300.93
2025-02-11,20.75,79.25,292.39,0.98,301.72
2025-02-11,20.75,79.50,293.63,0.00,301.36
2025-02-11,20.75,79.75,295.68,0.00,302.15
2025-02-11,21.00,78.75,295.15,,302.13
2025-02-11,21.00,79.00,,0.07,301.73
2025-02-11,21.00,79.25,294.81,0.00,302.14
2025-02-11,21.00,79.50,295.20,0.00,302.42
2025-02-11,21.00,79.75,296.86,0.00,302.04
2025-02-11,21.25,78.75,294.48,0.00,301.84
2025-02-11,21.25,79.00,293.63,0.00,301.82
2025-02-11,21.25,79.25,299.21,0.00,301.43
2025-02-11,21.25,79.50,295.81,0.00,301.41
2025-02-11,21.25,79.75,,0.00,301.57
2025-02-11,21.50,78.75,295.31,0.00,301.30
2025-02-11,21.50,79.00,296.49,0.00,
2025-02-11,21.50,79.25,295.28,1.40,302.56
2025-02-11,21.50,79.50,297.68,0.00,301.06
2025-02-11,21.50,79.75,293.94,0.00,301.82
2025-02-11,21.75,78.75,295.19,0.00,300.80
2025-02-11,21.75,79.00,295.65,0.11,301.93
2025-02-11,21.75,79.25,294.98,0.00,301.60
2025-02-11,21.75,79.50,296.15,0.43,301.05
2025-02-11,21.75,79.75,298.29,0.00,301.06
2025-02-12,20.75,78.75,295.39,0.00,301.29
2025-02-12,20.75,79.00,293.96,0.52,301.01
2025-02-12,20.75,79.25,294.37,0.00,301.38
2025-02-12,20.75,79.50,295.87,0.00,301.58
2025-02-12,20.75,79.75,298.51,0.39,302.40
2025-02-12,21.00,78.75,295.82,0.00,302.36
2025-02-12,21.00,79.00,297.31,0.00,301.89
2025-02-12,21.00,79.25,294.88,0.00,302.42
2025-02-12,21.00,79.50,293.90,,301.04
2025-02-12,21.00,79.75,297.08,0.23,302.06
2025-02-12,21.25,78.75,294.76,0.00,301.89
2025-02-12,21.25,79.00,297.02,0.00,301.69
2025-02-12,21.25,79.25,296.93,0.00,301.79
2025-02-12,21.25,79.50,296.69,0.00,302.03
2025-02-12,21.25,79.75,297.20,0.00,301.53
2025-02-12,21.50,78.75,296.99,0.00,301.24
2025-02-12,21.50,79.00,295.72,0.00,301.82
2025-02-12,21.50,79.25,293.83,0.00,301.73
2025-02-12,21.50,79.50,296.28,0.00,301.06
2025-02-12,21.50,79.75,297.25,0.41,301.21
2025-02-12,21.75,78.75,294.68,0.76,302.25
2025-02-12,21.75,79.00,298.50,0.00,301.07
2025-02-12,21.75,79.25,298.46,0.00,301.94
2025-02-12,21.75,79.50,296.44,0.00,301.70
2025-02-12,21.75,79.75,293.04,0.79,301.22
2025-02-13,20.75,78.75,296.19,0.00,301.19
2025-02-13,20.75,79.00,293.91,0.00,301.94
2025-02-13,20.75,79.25,297.53,0.00,301.99
2025-02-13,20.75,79.50,296.54,4.83,302.50
2025-02-13,20.75,79.75,297.91,0.00,301.27
2025-02-13,21.00,78.75,295.74,0.00,301.86
2025-02-13,21.00,79.00,295.64,0.00,301.16
2025-02-13,21.00,79.25,296.24,0.00,302.06
2025-02-13,21.00,79.50,296.61,0.00,301.84
2025-02-13,21.00,79.75,294.21,0.00,301.91
2025-02-13,21.25,78.75,294.70,0.00,301.16
2025-02-13,21.25,79.00,296.36,0.00,301.58
2025-02-13,21.25,79.25,295.48,0.71,301.84
2025-02-13,21.25,79.50,298.80,1.79,301.42
2025-02-13,21.25,79.75,297.07,0.00,301.01
2025-02-13,21.50,78.75,295.31,,301.12
2025-02-13,21.50,79.00,295.51,1.99,302.58
2025-02-13,21.50,79.25,295.87,6.41,302.69
2025-02-13,21.50,79.50,296.88,1.03,300.77
2025-02-13,21.50,79.75,295.09,0.00,302.11
2025-02-13,21.75,78.75,293.96,0.00,301.61
2025-02-13,21.75,79.00,296.98,0.00,300.97
2025-02-13,21.75,79.25,295.70,0.49,301.88
2025-02-13,21.75,79.50,294.28,0.00,300.92
2025-02-13,21.75,79.75,295.39,3.82,301.87
2025-02-14,20.75,78.75,294.00,0.46,301.83
2025-02-14,20.75,79.00,295.70,0.00,301.33
2025-02-14,20.75,79.25,295.63,3.20,301.17
2025-02-14,20.75,79.50,294.80,1.62,301.69
2025-02-14,20.75,79.75,294.42,0.00,301.53
2025-02-14,21.00,78.75,297.19,1.95,
2025-02-14,21.00,79.00,295.29,0.00,301.38
2025-02-14,21.00,79.25,296.79,2.88,300.43
2025-02-14,21.00,79.50,293.57,0.00,301.69
2025-02-14,21.00,79.75,296.23,1.40,301.11
2025-02-14,21.25,78.75,296.80,0.00,302.09
2025-02-14,21.25,79.00,294.84,2.81,301.20
2025-02-14,21.25,79.25,295.45,0.85,300.76
2025-02-14,21.25,79.50,296.49,1.02,301.52
2025-02-14,21.25,79.75,298.73,0.00,301.13
2025-02-14,21.50,78.75,296.90,0.93,301.85
2025-02-14,21.50,79.00,296.39,0.00,301.46
2025-02-14,21.50,79.25,295.40,0.00,302.02
2025-02-14,21.50,79.50,297.01,0.00,302.51
2025-02-14,21.50,79.75,293.68,0.00,302.45
2025-02-14,21.75,78.75,296.65,5.07,301.68
2025-02-14,21.75,79.00,293.67,0.86,301.40
2025-02-14,21.75,79.25,298.74,0.00,301.62
2025-02-14,21.75,79.50,296.73,0.00,300.81
2025-02-14,21.75,79.75,294.70,0.00,301.53
2025-02-15,20.75,78.75,293.55,0.34,301.57
2025-02-15,20.75,79.00,295.60,0.00,302.01
2025-02-15,20.75,79.25,295.84,0.96,301.93
2025-02-15,20.75,79.50,300.44,2.46,302.09
2025-02-15,20.75,79.75,297.58,0.00,302.32
2025-02-15,21.00,78.75,297.07,0.00,301.05
2025-02-15,21.00,79.00,296.38,0.00,302.11
2025-02-15,21.00,79.25,297.42,0.00,301.70
2025-02-15,21.00,79.50,298.48,0.00,302.00
2025-02-15,21.00,79.75,298.14,0.92,300.98
2025-02-15,21.25,78.75,295.02,0.00,301.46
2025-02-15,21.25,79.00,297.46,2.58,301.09
2025-02-15,21.25,79.25,296.97,0.00,302.05
2025-02-15,21.25,79.50,295.13,3.30,302.44
2025-02-15,21.25,79.75,298.41,0.00,300.91
2025-02-15,21.50,78.75,298.15,0.00,301.81
2025-02-15,21.50,79.00,296.43,1.12,300.72
2025-02-15,21.50,79.25,295.02,0.00,301.77
2025-02-15,21.50,79.50,298.50,0.00,301.56
2025-02-15,21.50,79.75,297.57,0.00,301.17
2025-02-15,21.75,78.75,298.20,0.00,302.02
2025-02-15,21.75,79.00,294.24,0.00,301.21
2025-02-15,21.75,79.25,297.00,0.45,301.36
2025-02-15,21.75,79.50,297.18,0.02,301.37
2025-02-15,21.75,79.75,294.95,0.00,301.73
2025-02-16,20.75,78.75,299.80,0.00,300.87
2025-02-16,20.75,79.00,298.76,0.00,301.26
2025-02-16,20.75,79.25,292.92,0.00,301.72
2025-02-16,20.75,79.50,296.94,0.00,301.80
2025-02-16,20.75,79.75,,0.00,301.48
2025-02-16,21.00,78.75,297.79,1.53,302.24
2025-02-16,21.00,79.00,294.97,0.00,301.18
2025-02-16,21.00,79.25,297.12,5.72,301.14
2025-02-16,21.00,79.50,298.20,0.00,301.24
2025-02-16,21.00,79.75,297.70,2.61,301.82
2025-02-16,21.25,78.75,297.78,0.00,301.58
2025-02-16,21.25,79.00,299.21,0.00,300.76
2025-02-16,21.25,79.25,298.12,0.00,301.20
2025-02-16,21.25,79.50,296.90,1.99,301.98
2025-02-16,21.25,79.75,293.95,1.01,301.73
2025-02-16,21.50,78.75,294.07,2.45,302.11
2025-02-16,21.50,79.00,296.96,0.00,301.49
2025-02-16,21.50,79.25,296.16,0.50,301.21
2025-02-16,21.50,79.50,295.64,0.00,301.60
2025-02-16,21.50,79.75,293.05,0.00,301.76
2025-02-16,21.75,78.75,297.43,0.00,301.00
2025-02-16,21.75,79.00,,0.00,
2025-02-16,21.75,79.25,297.77,0.00,301.94
2025-02-16,21.75,79.50,296.72,3.69,301.47
2025-02-16,21.75,79.75,295.36,0.00,301.59
2025-02-17,20.75,78.75,298.06,0.00,300.70
2025-02-17,20.75,79.00,295.49,0.00,301.37
2025-02-17,20.75,79.25,297.16,2.11,300.97
2025-02-17,20.75,79.50,295.18,0.00,301.05
2025-02-17,20.75,79.75,295.41,,301.48
2025-02-17,21.00,78.75,297.64,0.00,302.16
2025-02-17,21.00,79.00,297.24,0.00,301.72
2025-02-17,21.00,79.25,297.54,0.25,301.07
2025-02-17,21.00,79.50,295.55,,301.48
2025-02-17,21.00,79.75,295.01,0.00,301.30
2025-02-17,21.25,78.75,295.90,3.12,301.41
2025-02-17,21.25,79.00,296.32,8.32,301.24
2025-02-17,21.25,79.25,295.72,1.51,301.84
2025-02-17,21.25,79.50,296.44,0.00,302.11
2025-02-17,21.25,79.75,296.86,1.77,301.97
2025-02-17,21.50,78.75,297.16,0.00,301.21
2025-02-17,21.50,79.00,299.28,0.00,301.54
2025-02-17,21.50,79.25,298.67,1.21,301.81
2025-02-17,21.50,79.50,296.52,0.00,301.20
2025-02-17,21.50,79.75,297.20,0.00,301.15
2025-02-17,21.75,78.75,295.69,0.00,301.65
2025-02-17,21.75,79.00,295.54,0.15,
2025-02-17,21.75,79.25,296.65,3.32,301.12
2025-02-17,21.75,79.50,297.50,0.00,301.52
2025-02-17,21.75,79.75,298.18,0.00,302.52
2025-02-18,20.75,78.75,297.83,0.00,301.40
2025-02-18,20.75,79.00,298.33,0.00,300.90
2025-02-18,20.75,79.25,295.70,0.52,301.32
2025-02-18,20.75,79.50,294.47,1.36,
2025-02-18,20.75,79.75,295.63,0.00,300.99
2025-02-18,21.00,78.75,294.51,2.03,300.71
2025-02-18,21.00,79.00,297.41,0.00,301.62
2025-02-18,21.00,79.25,295.33,0.00,
2025-02-18,21.00,79.50,295.53,0.75,300.93
2025-02-18,21.00,79.75,298.74,0.00,301.32
2025-02-18,21.25,78.75,295.27,0.00,301.33
2025-02-18,21.25,79.00,296.57,0.00,300.86
2025-02-18,21.25,79.25,293.26,0.00,301.27
2025-02-18,21.25,79.50,295.55,0.00,301.99
2025-02-18,21.25,79.75,292.26,2.12,301.56
2025-02-18,21.50,78.75,296.26,0.00,301.56
2025-02-18,21.50,79.00,296.30,3.67,300.94
2025-02-18,21.50,79.25,297.55,0.44,301.87
2025-02-18,21.50,79.50,296.34,0.00,301.13
2025-02-18,21.50,79.75,295.73,0.00,301.50
2025-02-18,21.75,78.75,,0.00,301.20
2025-02-18,21.75,79.00,296.49,1.52,301.17
2025-02-18,21.75,79.25,299.17,0.00,301.31
2025-02-18,21.75,79.50,,0.93,301.89
2025-02-18,21.75,79.75,297.97,0.77,301.47
2025-02-19,20.75,78.75,294.29,0.85,302.36
2025-02-19,20.75,79.00,297.47,0.00,302.10
2025-02-19,20.75,79.25,297.37,0.00,302.04
2025-02-19,20.75,79.50,298.87,0.00,
2025-02-19,20.75,79.75,296.84,0.41,301.44
2025-02-19,21.00,78.75,296.16,2.54,301.37
2025-02-19,21.00,79.00,295.90,,302.02
2025-02-19,21.00,79.25,294.99,3.39,301.54
2025-02-19,21.00,79.50,297.31,4.32,301.90
2025-02-19,21.00,79.75,297.93,0.00,301.02
2025-02-19,21.25,78.75,296.15,0.00,301.77
2025-02-19,21.25,79.00,298.67,2.98,300.76
2025-02-19,21.25,79.25,297.59,0.00,302.04
2025-02-19,21.25,79.50,296.53,0.00,301.49
2025-02-19,21.25,79.75,293.71,0.00,301.83
2025-02-19,21.50,78.75,297.15,0.00,301.87
2025-02-19,21.50,79.00,295.22,0.00,300.32
2025-02-19,21.50,79.25,296.99,0.00,301.62
2025-02-19,21.50,79.50,297.21,0.00,302.56
2025-02-19,21.50,79.75,295.43,0.00,301.27
2025-02-19,21.75,78.75,295.46,1.20,300.77
2025-02-19,21.75,79.00,297.34,0.65,301.19
2025-02-19,21.75,79.25,297.47,0.85,302.35
2025-02-19,21.75,79.50,296.41,0.00,301.79
2025-02-19,21.75,79.75,296.30,0.00,301.97
2025-02-20,20.75,78.75,294.97,8.96,301.96
2025-02-20,20.75,79.00,295.88,0.00,301.79
2025-02-20,20.75,79.25,297.25,0.00,301.54
2025-02-20,20.75,79.50,297.57,5.27,301.54
2025-02-20,20.75,79.75,298.39,0.19,302.39
2025-02-20,21.00,78.75,297.91,0.00,301.67
2025-02-20,21.00,79.00,295.07,0.00,
2025-02-20,21.00,79.25,,0.00,301.38
2025-02-20,21.00,79.50,296.21,0.00,301.75
2025-02-20,21.00,79.75,300.07,1.31,302.23
2025-02-20,21.25,78.75,295.13,0.00,300.60
2025-02-20,21.25,79.00,298.24,0.00,302.10
2025-02-20,21.25,79.25,297.57,2.35,301.30
2025-02-20,21.25,79.50,299.45,0.69,301.64
2025-02-20,21.25,79.75,297.47,0.89,300.74
2025-02-20,21.50,78.75,298.87,0.00,301.58
2025-02-20,21.50,79.00,294.05,0.00,300.87
2025-02-20,21.50,79.25,297.90,0.00,301.12
2025-02-20,21.50,79.50,297.32,1.15,300.01
2025-02-20,21.50,79.75,296.74,0.00,300.68
2025-02-20,21.75,78.75,295.76,0.52,301.77
2025-02-20,21.75,79.00,295.50,0.12,301.81
2025-02-20,21.75,79.25,294.95,0.97,301.90
2025-02-20,21.75,79.50,295.41,2.10,301.02
2025-02-20,21.75,79.75,294.64,0.00,301.63
2025-02-21,20.75,78.75,295.82,0.00,300.62
2025-02-21,20.75,79.00,295.90,1.11,301.60
2025-02-21,20.75,79.25,297.78,0.00,301.08
2025-02-21,20.75,79.50,298.62,1.73,301.37
2025-02-21,20.75,79.75,296.53,2.54,302.10
2025-02-21,21.00,78.75,295.28,0.00,302.02
2025-02-21,21.00,79.00,299.19,0.73,300.91
2025-02-21,21.00,79.25,297.84,0.00,301.15
2025-02-21,21.00,79.50,297.09,1.18,301.09
2025-02-21,21.00,79.75,297.77,0.00,301.44
2025-02-21,21.25,78.75,294.78,4.71,301.13
2025-02-21,21.25,79.00,299.14,4.71,301.47
2025-02-21,21.25,79.25,298.81,0.00,301.88
2025-02-21,21.25,79.50,296.28,0.14,301.89
2025-02-21,21.25,79.75,296.28,0.64,300.44
2025-02-21,21.50,78.75,299.02,0.00,302.41
2025-02-21,21.50,79.00,298.82,0.00,301.73
2025-02-21,21.50,79.25,298.27,1.20,301.54
2025-02-21,21.50,79.50,297.41,0.21,302.49
2025-02-21,21.50,79.75,294.99,0.19,301.43
2025-02-21,21.75,78.75,296.62,5.13,301.48
2025-02-21,21.75,79.00,296.27,0.00,302.01
2025-02-21,21.75,79.25,296.73,0.00,301.46
2025-02-21,21.75,79.50,297.01,0.00,302.01
2025-02-21,21.75,79.75,297.95,0.00,302.21
2025-02-22,20.75,78.75,296.34,3.18,301.59
2025-02-22,20.75,79.00,298.04,1.15,301.77
2025-02-22,20.75,79.25,296.86,0.00,301.46
2025-02-22,20.75,79.50,298.16,0.00,302.41
2025-02-22,20.75,79.75,296.04,1.62,300.90
2025-02-22,21.00,78.75,297.43,3.87,
2025-02-22,21.00,79.00,294.89,2.00,301.79
2025-02-22,21.00,79.25,295.00,0.00,301.44
2025-02-22,21.00,79.50,297.56,0.00,300.25
2025-02-22,21.00,79.75,298.27,1.42,300.75
2025-02-22,21.25,78.75,296.48,0.00,301.05
2025-02-22,21.25,79.00,296.12,0.00,301.09
2025-02-22,21.25,79.25,298.78,0.00,301.39
2025-02-22,21.25,79.50,297.47,0.00,301.77
2025-02-22,21.25,79.75,297.24,0.00,301.12
2025-02-22,21.50,78.75,294.77,0.00,301.17
2025-02-22,21.50,79.00,296.72,0.00,302.28
2025-02-22,21.50,79.25,296.20,0.00,301.53
2025-02-22,21.50,79.50,297.33,5.66,301.62
2025-02-22,21.50,79.75,298.48,1.16,301.56
2025-02-22,21.75,78.75,294.75,0.00,301.85
2025-02-22,21.75,79.00,299.69,0.00,302.18
2025-02-22,21.75,79.25,,,300.50
2025-02-22,21.75,79.50,299.04,0.00,301.32
2025-02-22,21.75,79.75,294.35,1.99,302.01
2025-02-23,20.75,78.75,296.37,0.00,300.75
2025-02-23,20.75,79.00,295.22,0.00,301.56
2025-02-23,20.75,79.25,294.37,0.00,301.59
2025-02-23,20.75,79.50,293.20,0.00,
2025-02-23,20.75,79.75,298.09,0.55,301.00
2025-02-23,21.00,78.75,297.73,0.00,
2025-02-23,21.00,79.00,297.85,2.00,302.03
2025-02-23,21.00,79.25,296.81,0.00,301.73
2025-02-23,21.00,79.50,298.36,0.00,301.44
2025-02-23,21.00,79.75,,6.01,301.78
2025-02-23,21.25,78.75,299.89,4.34,302.17
2025-02-23,21.25,79.00,298.68,6.06,301.69
2025-02-23,21.25,79.25,297.80,0.00,301.63
2025-02-23,21.25,79.50,296.42,0.00,302.52
2025-02-23,21.25,79.75,295.68,3.34,301.10
2025-02-23,21.50,78.75,294.61,0.88,301.32
2025-02-23,21.50,79.00,298.88,0.00,301.07
2025-02-23,21.50,79.25,297.66,0.00,301.49
2025-02-23,21.50,79.50,295.56,0.00,300.28
2025-02-23,21.50,79.75,297.53,5.09,301.86
2025-02-23,21.75,78.75,296.12,0.00,301.59
2025-02-23,21.75,79.00,298.26,3.71,302.04
2025-02-23,21.75,79.25,294.75,0.00,301.83
2025-02-23,21.75,79.50,296.34,0.00,301.80
2025-02-23,21.75,79.75,296.28,0.00,301.55
2025-02-24,20.75,78.75,295.50,0.00,301.92
2025-02-24,20.75,79.00,296.49,0.00,301.21
2025-02-24,20.75,79.25,297.34,0.91,301.64
2025-02-24,20.75,79.50,293.41,2.21,301.36
2025-02-24,20.75,79.75,300.27,0.00,301.51
2025-02-24,21.00,78.75,298.04,0.00,302.13
2025-02-24,21.00,79.00,296.01,0.00,300.63
2025-02-24,21.00,79.25,294.15,0.24,301.51
2025-02-24,21.00,79.50,296.70,0.00,301.50
2025-02-24,21.00,79.75,296.62,0.00,301.09
2025-02-24,21.25,78.75,298.42,0.00,302.31
2025-02-24,21.25,79.00,295.92,0.00,301.10
2025-02-24,21.25,79.25,297.66,0.00,302.04
2025-02-24,21.25,79.50,294.93,0.00,301.50
2025-02-24,21.25,79.75,297.34,0.24,301.26
2025-02-24,21.50,78.75,296.00,0.00,301.83
2025-02-24,21.50,79.00,298.15,1.07,302.08
2025-02-24,21.50,79.25,297.25,0.00,300.62
2025-02-24,21.50,79.50,299.73,2.75,300.81
2025-02-24,21.50,79.75,295.05,0.00,301.34
2025-02-24,21.75,78.75,296.47,0.78,300.99
2025-02-24,21.75,79.00,297.24,1.10,301.29
2025-02-24,21.75,79.25,299.23,1.21,301.32
2025-02-24,21.75,79.50,299.03,0.00,301.46
2025-02-24,21.75,79.75,295.07,0.00,301.55
2025-02-25,20.75,78.75,298.49,0.44,301.54
2025-02-25,20.75,79.00,297.78,1.31,300.79
2025-02-25,20.75,79.25,294.73,1.04,301.82
2025-02-25,20.75,79.50,295.47,0.05,301.10
2025-02-25,20.75,79.75,297.38,0.00,301.06
2025-02-25,21.00,78.75,297.64,1.84,301.27
2025-02-25,21.00,79.00,298.09,0.00,301.33
2025-02-25,21.00,79.25,297.34,0.00,300.50
2025-02-25,21.00,79.50,299.08,0.00,300.71
2025-02-25,21.00,79.75,297.70,2.66,301.14
2025-02-25,21.25,78.75,300.22,0.00,301.46
2025-02-25,21.25,79.00,296.33,0.00,301.44
2025-02-25,21.25,79.25,296.46,2.36,301.67
2025-02-25,21.25,79.50,295.87,0.00,301.49
2025-02-25,21.25,79.75,296.59,0.00,301.36
2025-02-25,21.50,78.75,299.39,2.32,300.49
2025-02-25,21.50,79.00,295.63,0.00,301.14
2025-02-25,21.50,79.25,299.63,0.00,301.53
2025-02-25,21.50,79.50,296.71,0.00,300.82
2025-02-25,21.50,79.75,296.35,0.80,301.48
2025-02-25,21.75,78.75,295.63,4.89,301.64
2025-02-25,21.75,79.00,297.00,0.00,301.26
2025-02-25,21.75,79.25,295.74,0.00,302.03
2025-02-25,21.75,79.50,296.28,4.69,300.57
2025-02-25,21.75,79.75,297.22,0.00,301.45
2025-02-26,20.75,78.75,296.63,0.27,301.58
2025-02-26,20.75,79.00,298.97,2.09,300.48
2025-02-26,20.75,79.25,298.40,0.00,301.58
2025-02-26,20.75,79.50,296.43,0.00,302.07
2025-02-26,20.75,79.75,297.04,2.05,300.98
2025-02-26,21.00,78.75,299.14,1.81,302.00
2025-02-26,21.00,79.00,298.96,0.00,301.27
2025-02-26,21.00,79.25,297.34,7.58,301.43
2025-02-26,21.00,79.50,297.38,1.68,301.87
2025-02-26,21.00,79.75,298.62,0.00,301.59
2025-02-26,21.25,78.75,297.82,0.00,301.90
2025-02-26,21.25,79.00,299.42,,300.13
2025-02-26,21.25,79.25,296.26,0.00,301.85
2025-02-26,21.25,79.50,297.92,3.62,301.80
2025-02-26,21.25,79.75,297.03,0.01,300.96
2025-02-26,21.50,78.75,298.96,0.87,301.74
2025-02-26,21.50,79.00,297.64,0.00,300.67
2025-02-26,21.50,79.25,293.91,0.00,301.67
2025-02-26,21.50,79.50,298.06,0.72,301.58
2025-02-26,21.50,79.75,297.64,0.00,301.66
2025-02-26,21.75,78.75,297.67,0.00,301.34
2025-02-26,21.75,79.00,295.61,0.23,301.13
2025-02-26,21.75,79.25,296.54,1.25,301.37
2025-02-26,21.75,79.50,,0.00,301.09
2025-02-26,21.75,79.75,295.33,2.42,301.06
2025-02-27,20.75,78.75,296.23,0.00,300.77
2025-02-27,20.75,79.00,298.94,6.54,301.63
2025-02-27,20.75,79.25,295.53,0.00,301.37
2025-02-27,20.75,79.50,296.80,0.00,300.94
2025-02-27,20.75,79.75,298.25,0.00,301.28
2025-02-27,21.00,78.75,296.48,0.00,301.21
2025-02-27,21.00,79.00,298.40,2.35,301.80
2025-02-27,21.00,79.25,298.45,0.00,301.40
2025-02-27,21.00,79.50,297.03,0.00,301.33
2025-02-27,21.00,79.75,301.35,4.88,301.18
2025-02-27,21.25,78.75,296.91,0.00,302.83
2025-02-27,21.25,79.00,298.00,0.00,300.54
2025-02-27,21.25,79.25,296.93,0.00,302.22
2025-02-27,21.25,79.50,300.03,2.92,301.11
2025-02-27,21.25,79.75,297.38,0.00,300.57
2025-02-27,21.50,78.75,299.06,0.00,301.39
2025-02-27,21.50,79.00,298.68,0.00,301.60
2025-02-27,21.50,79.25,297.54,0.06,300.90
2025-02-27,21.50,79.50,297.65,1.64,301.46
2025-02-27,21.50,79.75,296.81,0.24,301.40
2025-02-27,21.75,78.75,297.55,0.18,301.49
2025-02-27,21.75,79.00,294.01,1.65,301.61
2025-02-27,21.75,79.25,298.12,1.30,301.76
2025-02-27,21.75,79.50,297.15,0.00,301.85
2025-02-27,21.75,79.75,297.48,1.99,301.10
2025-02-28,20.75,78.75,298.01,0.00,301.23
2025-02-28,20.75,79.00,296.26,0.24,300.97
2025-02-28,20.75,79.25,295.40,0.37,301.01
2025-02-28,20.75,79.50,301.07,0.00,301.38
2025-02-28,20.75,79.75,296.95,0.00,301.12
2025-02-28,21.00,78.75,298.85,0.14,301.73
2025-02-28,21.00,79.00,297.44,3.70,300.87
2025-02-28,21.00,79.25,296.24,3.35,300.79
2025-02-28,21.00,79.50,299.84,0.00,301.26
2025-02-28,21.00,79.75,296.48,0.00,
2025-02-28,21.25,78.75,296.89,0.96,301.23
2025-02-28,21.25,79.00,299.42,0.37,301.47
2025-02-28,21.25,79.25,298.85,0.00,301.18
2025-02-28,21.25,79.50,295.37,0.00,302.05
2025-02-28,21.25,79.75,299.41,0.00,301.63
2025-02-28,21.50,78.75,298.78,3.58,301.69
2025-02-28,21.50,79.00,296.94,0.00,301.34
2025-02-28,21.50,79.25,295.95,0.11,301.46
2025-02-28,21.50,79.50,298.95,0.00,301.18
2025-02-28,21.50,79.75,296.82,0.56,300.97
2025-02-28,21.75,78.75,296.09,2.29,301.57
2025-02-28,21.75,79.00,294.30,0.00,301.80
2025-02-28,21.75,79.25,299.00,0.00,302.85
2025-02-28,21.75,79.50,298.60,0.00,300.73
2025-02-28,21.75,79.75,298.68,3.21,301.60
2025-03-01,20.75,78.75,296.44,0.16,301.19
2025-03-01,20.75,79.00,297.52,0.00,301.42
2025-03-01,20.75,79.25,298.61,2.32,301.04
2025-03-01,20.75,79.50,298.37,0.00,301.58
2025-03-01,20.75,79.75,299.13,1.10,301.63
2025-03-01,21.00,78.75,298.27,0.59,301.49
2025-03-01,21.00,79.00,297.75,0.00,301.74
2025-03-01,21.00,79.25,299.17,0.00,301.10
2025-03-01,21.00,79.50,299.13,0.00,302.44
2025-03-01,21.00,79.75,297.58,0.00,300.99
2025-03-01,21.25,78.75,295.74,0.30,301.93
2025-03-01,21.25,79.00,297.85,0.05,301.08
2025-03-01,21.25,79.25,296.46,0.00,301.04
2025-03-01,21.25,79.50,297.75,0.00,301.20
2025-03-01,21.25,79.75,296.29,0.97,301.02
2025-03-01,21.50,78.75,297.20,1.34,
2025-03-01,21.50,79.00,297.00,0.00,300.98
2025-03-01,21.50,79.25,298.33,0.00,301.35
2025-03-01,21.50,79.50,294.56,0.00,301.35
2025-03-01,21.50,79.75,299.35,0.00,301.37
2025-03-01,21.75,78.75,298.35,0.65,301.22
2025-03-01,21.75,79.00,299.11,0.00,301.07
2025-03-01,21.75,79.25,298.28,0.00,300.82
2025-03-01,21.75,79.50,297.52,,301.53
2025-03-01,21.75,79.75,298.04,0.00,300.84
2025-03-02,20.75,78.75,297.74,0.00,301.20
2025-03-02,20.75,79.00,297.98,1.22,301.76
2025-03-02,20.75,79.25,296.81,1.12,300.90
2025-03-02,20.75,79.50,298.80,0.00,301.76
2025-03-02,20.75,79.75,294.82,1.13,301.56
2025-03-02,21.00,78.75,294.57,6.12,301.27
2025-03-02,21.00,79.00,295.61,0.00,301.47
2025-03-02,21.00,79.25,298.49,0.00,300.51
2025-03-02,21.00,79.50,298.60,0.00,300.96
2025-03-02,21.00,79.75,296.77,0.00,
2025-03-02,21.25,78.75,297.07,0.00,301.62
2025-03-02,21.25,79.00,299.59,0.00,301.86
2025-03-02,21.25,79.25,298.77,0.64,301.13
2025-03-02,21.25,79.50,297.01,0.00,301.81
2025-03-02,21.25,79.75,299.22,0.00,301.32
2025-03-02,21.50,78.75,297.31,0.12,301.43
2025-03-02,21.50,79.00,296.69,3.77,300.48
2025-03-02,21.50,79.25,297.41,0.00,300.66
2025-03-02,21.50,79.50,297.53,2.05,301.14
2025-03-02,21.50,79.75,298.56,0.00,301.58
2025-03-02,21.75,78.75,295.74,0.00,301.54
2025-03-02,21.75,79.00,297.07,0.00,301.43
2025-03-02,21.75,79.25,296.22,0.00,300.98
2025-03-02,21.75,79.50,296.96,0.38,301.47
2025-03-02,21.75,79.75,298.30,0.00,301.05
2025-03-03,20.75,78.75,298.74,8.66,301.67
2025-03-03,20.75,79.00,297.07,1.42,302.36
2025-03-03,20.75,79.25,298.54,0.00,301.46
2025-03-03,20.75,79.50,296.06,1.30,301.07
2025-03-03,20.75,79.75,295.16,0.00,301.03
2025-03-03,21.00,78.75,293.99,0.00,300.94
2025-03-03,21.00,79.00,295.52,0.00,300.36
2025-03-03,21.00,79.25,299.44,0.00,301.12
2025-03-03,21.00,79.50,297.40,0.75,301.21
2025-03-03,21.00,79.75,295.77,0.00,301.92
2025-03-03,21.25,78.75,296.95,0.00,301.40
2025-03-03,21.25,79.00,294.50,,300.90
2025-03-03,21.25,79.25,296.39,0.00,301.41
2025-03-03,21.25,79.50,298.07,0.00,300.66
2025-03-03,21.25,79.75,295.92,0.00,300.39
2025-03-03,21.50,78.75,300.25,0.00,301.34
2025-03-03,21.50,79.00,297.89,0.36,300.56
2025-03-03,21.50,79.25,296.40,0.00,300.87
2025-03-03,21.50,79.50,294.55,0.00,301.28
2025-03-03,21.50,79.75,296.54,0.00,300.81
2025-03-03,21.75,78.75,297.13,0.00,300.91
2025-03-03,21.75,79.00,300.79,1.16,301.33
2025-03-03,21.75,79.25,297.72,0.00,301.60
2025-03-03,21.75,79.50,299.76,0.00,302.17
2025-03-03,21.75,79.75,298.09,0.31,301.76
2025-03-04,20.75,78.75,297.88,0.00,301.37
2025-03-04,20.75,79.00,296.14,0.00,301.65
2025-03-04,20.75,79.25,296.17,1.32,301.97
2025-03-04,20.75,79.50,298.27,0.00,302.26
2025-03-04,20.75,79.75,297.06,0.05,301.29
2025-03-04,21.00,78.75,298.95,0.00,301.23
2025-03-04,21.00,79.00,296.25,0.00,301.27
2025-03-04,21.00,79.25,298.75,0.00,301.87
2025-03-04,21.00,79.50,300.05,0.00,301.93
2025-03-04,21.00,79.75,299.07,1.02,301.51
2025-03-04,21.25,78.75,298.46,0.00,300.70
2025-03-04,21.25,79.00,297.89,0.00,301.54
2025-03-04,21.25,79.25,297.73,0.00,300.90
2025-03-04,21.25,79.50,299.43,0.00,300.97
2025-03-04,21.25,79.75,300.68,0.68,300.68
2025-03-04,21.50,78.75,294.55,0.00,299.75
2025-03-04,21.50,79.00,296.38,0.00,301.66
2025-03-04,21.50,79.25,299.41,7.01,300.97
2025-03-04,21.50,79.50,,0.00,300.74
2025-03-04,21.50,79.75,297.83,0.00,301.03
2025-03-04,21.75,78.75,298.09,1.07,302.21
2025-03-04,21.75,79.00,301.28,3.02,301.63
2025-03-04,21.75,79.25,,0.00,301.13
2025-03-04,21.75,79.50,298.02,7.68,301.38
2025-03-04,21.75,79.75,296.97,0.30,300.45
2025-03-05,20.75,78.75,298.63,0.00,301.69
2025-03-05,20.75,79.00,299.01,0.00,
2025-03-05,20.75,79.25,299.57,0.00,301.35
2025-03-05,20.75,79.50,298.30,2.67,300.20
2025-03-05,20.75,79.75,297.35,1.21,301.95
2025-03-05,21.00,78.75,297.34,0.00,302.06
2025-03-05,21.00,79.00,295.14,0.25,301.52
2025-03-05,21.00,79.25,294.72,0.00,301.17
2025-03-05,21.00,79.50,297.91,0.00,301.18
2025-03-05,21.00,79.75,297.86,0.00,302.09
2025-03-05,21.25,78.75,296.21,0.00,302.68
2025-03-05,21.25,79.00,297.30,0.63,300.83
2025-03-05,21.25,79.25,294.19,0.00,301.05
2025-03-05,21.25,79.50,298.64,0.00,301.27
2025-03-05,21.25,79.75,299.51,0.61,302.58
2025-03-05,21.50,78.75,297.34,0.00,301.98
2025-03-05,21.50,79.00,,0.00,300.80
2025-03-05,21.50,79.25,297.67,0.00,300.62
2025-03-05,21.50,79.50,297.96,0.65,301.11
2025-03-05,21.50,79.75,298.72,0.00,300.75
2025-03-05,21.75,78.75,300.01,0.00,301.46
2025-03-05,21.75,79.00,295.67,0.00,301.02
2025-03-05,21.75,79.25,298.40,0.00,301.37
2025-03-05,21.75,79.50,,0.00,301.45
2025-03-05,21.75,79.75,299.87,0.00,301.30
2025-03-06,20.75,78.75,299.00,,301.17
2025-03-06,20.75,79.00,299.21,2.57,301.63
2025-03-06,20.75,79.25,297.41,0.00,300.46
2025-03-06,20.75,79.50,300.36,0.00,301.69
2025-03-06,20.75,79.75,298.23,0.00,302.03
2025-03-06,21.00,78.75,297.82,0.60,301.94
2025-03-06,21.00,79.00,297.84,0.00,301.80
2025-03-06,21.00,79.25,298.78,0.00,302.25
2025-03-06,21.00,79.50,297.37,3.17,300.27
2025-03-06,21.00,79.75,298.91,0.00,302.37
2025-03-06,21.25,78.75,299.97,0.00,301.91
2025-03-06,21.25,79.00,300.37,0.00,301.47
2025-03-06,21.25,79.25,297.76,0.45,301.60
2025-03-06,21.25,79.50,296.79,2.13,301.03
2025-03-06,21.25,79.75,299.93,0.00,302.04
2025-03-06,21.50,78.75,299.06,1.84,302.15
2025-03-06,21.50,79.00,299.01,0.00,301.00
2025-03-06,21.50,79.25,297.55,1.40,301.00
2025-03-06,21.50,79.50,298.63,0.29,301.70
2025-03-06,21.50,79.75,297.50,0.29,301.75
2025-03-06,21.75,78.75,299.07,0.00,300.79
2025-03-06,21.75,79.00,298.54,0.00,300.73
2025-03-06,21.75,79.25,298.23,0.00,300.89
2025-03-06,21.75,79.50,296.80,0.00,300.63
2025-03-06,21.75,79.75,296.96,0.53,300.13
2025-03-07,20.75,78.75,298.04,0.06,301.01
2025-03-07,20.75,79.00,296.94,1.90,301.26
2025-03-07,20.75,79.25,301.00,1.84,300.76
2025-03-07,20.75,79.50,300.00,0.00,300.70
2025-03-07,20.75,79.75,297.75,0.00,301.36
2025-03-07,21.00,78.75,299.73,4.27,301.52
2025-03-07,21.00,79.00,300.83,1.89,301.58
2025-03-07,21.00,79.25,296.06,0.00,300.98
2025-03-07,21.00,79.50,298.45,0.00,301.12
2025-03-07,21.00,79.75,298.58,0.00,300.28
2025-03-07,21.25,78.75,296.56,0.00,301.26
2025-03-07,21.25,79.00,296.23,0.09,301.43
2025-03-07,21.25,79.25,300.53,1.33,300.67
2025-03-07,21.25,79.50,297.21,0.00,300.84
2025-03-07,21.25,79.75,297.53,1.35,301.47
2025-03-07,21.50,78.75,296.93,0.08,301.40
2025-03-07,21.50,79.00,299.38,0.00,300.94
2025-03-07,21.50,79.25,299.26,1.06,301.30
2025-03-07,21.50,79.50,297.59,0.00,
2025-03-07,21.50,79.75,299.14,1.33,300.99
2025-03-07,21.75,78.75,298.78,0.00,301.17
2025-03-07,21.75,79.00,299.42,0.00,301.13
2025-03-07,21.75,79.25,297.50,0.00,301.62
2025-03-07,21.75,79.50,297.44,1.03,302.22
2025-03-07,21.75,79.75,300.80,0.00,300.47
2025-03-08,20.75,78.75,298.58,0.00,
2025-03-08,20.75,79.00,301.01,2.71,300.79
2025-03-08,20.75,79.25,300.52,0.00,302.00
2025-03-08,20.75,79.50,300.01,0.24,301.32
2025-03-08,20.75,79.75,296.53,0.00,301.02
2025-03-08,21.00,78.75,299.06,5.06,300.99
2025-03-08,21.00,79.00,298.42,0.00,300.77
2025-03-08,21.00,79.25,296.47,3.16,300.76
2025-03-08,21.00,79.50,297.31,0.76,301.34
2025-03-08,21.00,79.75,298.08,0.00,300.68
2025-03-08,21.25,78.75,296.96,0.00,300.27
2025-03-08,21.25,79.00,301.40,0.00,301.47
2025-03-08,21.25,79.25,296.72,0.00,301.24
2025-03-08,21.25,79.50,298.74,0.00,300.78
2025-03-08,21.25,79.75,298.55,0.00,301.71
2025-03-08,21.50,78.75,296.21,0.00,301.01
2025-03-08,21.50,79.00,298.02,0.00,301.81
2025-03-08,21.50,79.25,298.95,3.64,301.85
2025-03-08,21.50,79.50,300.50,0.00,301.43
2025-03-08,21.50,79.75,297.88,1.72,301.07
2025-03-08,21.75,78.75,298.25,0.00,300.56
2025-03-08,21.75,79.00,297.70,1.44,300.64
2025-03-08,21.75,79.25,298.71,2.80,301.23
2025-03-08,21.75,79.50,299.19,0.00,300.97
2025-03-08,21.75,79.75,299.31,1.27,301.30
2025-03-09,20.75,78.75,298.76,0.00,300.99
2025-03-09,20.75,79.00,297.82,0.00,300.55
2025-03-09,20.75,79.25,298.96,0.00,300.73
2025-03-09,20.75,79.50,297.23,5.83,301.43
2025-03-09,20.75,79.75,301.09,1.56,301.90
2025-03-09,21.00,78.75,298.39,0.00,301.77
2025-03-09,21.00,79.00,298.70,0.00,301.75
2025-03-09,21.00,79.25,297.25,0.43,
2025-03-09,21.00,79.50,296.96,0.00,301.32
2025-03-09,21.00,79.75,298.74,3.64,301.18
2025-03-09,21.25,78.75,298.07,1.06,301.90
2025-03-09,21.25,79.00,299.09,1.95,301.29
2025-03-09,21.25,79.25,297.37,0.00,301.87
2025-03-09,21.25,79.50,298.39,2.09,301.11
2025-03-09,21.25,79.75,301.31,2.10,301.07
2025-03-09,21.50,78.75,299.71,0.00,300.76
2025-03-09,21.50,79.00,299.29,2.37,
2025-03-09,21.50,79.25,299.65,1.20,302.32
2025-03-09,21.50,79.50,299.17,0.00,301.10
2025-03-09,21.50,79.75,298.36,0.00,301.48
2025-03-09,21.75,78.75,299.20,0.00,300.33
2025-03-09,21.75,79.00,297.74,0.00,301.69
2025-03-09,21.75,79.25,296.93,0.00,301.03
2025-03-09,21.75,79.50,299.41,0.00,301.81
2025-03-09,21.75,79.75,298.45,0.00,300.78
2025-03-10,20.75,78.75,297.60,0.00,301.41
2025-03-10,20.75,79.00,298.85,1.69,300.70
2025-03-10,20.75,79.25,300.19,0.00,301.48
2025-03-10,20.75,79.50,296.67,0.00,301.08
2025-03-10,20.75,79.75,298.21,0.00,301.65
2025-03-10,21.00,78.75,299.95,0.49,301.52
2025-03-10,21.00,79.00,300.23,0.00,300.83
2025-03-10,21.00,79.25,297.44,6.73,300.93
2025-03-10,21.00,79.50,300.45,0.63,300.38
2025-03-10,21.00,79.75,299.31,0.00,300.79
2025-03-10,21.25,78.75,300.83,0.00,300.51
2025-03-10,21.25,79.00,299.34,0.00,300.47
2025-03-10,21.25,79.25,299.08,1.18,301.01
2025-03-10,21.25,79.50,302.08,0.31,300.90
2025-03-10,21.25,79.75,300.61,0.88,300.88
2025-03-10,21.50,78.75,297.03,6.98,301.07
2025-03-10,21.50,79.00,297.98,0.00,301.32
2025-03-10,21.50,79.25,299.46,0.00,301.37
2025-03-10,21.50,79.50,297.28,0.00,302.11
2025-03-10,21.50,79.75,298.26,0.00,301.64
2025-03-10,21.75,78.75,296.51,0.00,300.79
2025-03-10,21.75,79.00,297.37,0.00,301.72
2025-03-10,21.75,79.25,296.89,0.00,300.94
2025-03-10,21.75,79.50,295.81,0.00,301.33
2025-03-10,21.75,79.75,300.19,4.02,300.94
2025-03-11,20.75,78.75,,0.00,301.41
2025-03-11,20.75,79.00,298.67,4.43,301.28
2025-03-11,20.75,79.25,300.05,0.00,301.22
2025-03-11,20.75,79.50,301.34,0.00,300.78
2025-03-11,20.75,79.75,300.05,0.00,301.66
2025-03-11,21.00,78.75,299.10,5.20,300.12
2025-03-11,21.00,79.00,298.06,0.00,301.19
2025-03-11,21.00,79.25,300.03,2.80,302.21
2025-03-11,21.00,79.50,298.19,0.00,301.80
2025-03-11,21.00,79.75,298.81,0.00,301.34
2025-03-11,21.25,78.75,300.04,0.00,300.54
2025-03-11,21.25,79.00,295.91,0.00,300.12
2025-03-11,21.25,79.25,300.97,0.00,300.73
2025-03-11,21.25,79.50,298.71,0.00,
2025-03-11,21.25,79.75,299.03,0.00,301.07
2025-03-11,21.50,78.75,301.34,0.41,301.38
2025-03-11,21.50,79.00,298.74,0.00,301.05
2025-03-11,21.50,79.25,298.93,0.10,300.30
2025-03-11,21.50,79.50,298.15,0.00,301.15
2025-03-11,21.50,79.75,298.41,0.00,299.91
2025-03-11,21.75,78.75,298.18,0.00,301.23
2025-03-11,21.75,79.00,294.99,0.82,301.06
2025-03-11,21.75,79.25,298.76,0.00,301.02
2025-03-11,21.75,79.50,300.20,1.88,300.99
2025-03-11,21.75,79.75,300.69,0.35,301.52
2025-03-12,20.75,78.75,300.80,0.00,301.98
2025-03-12,20.75,79.00,299.89,0.00,301.56
2025-03-12,20.75,79.25,300.40,0.23,300.49
2025-03-12,20.75,79.50,300.00,0.06,300.75
2025-03-12,20.75,79.75,296.21,2.51,301.64
2025-03-12,21.00,78.75,298.84,0.00,301.25
2025-03-12,21.00,79.00,294.30,0.00,301.38
2025-03-12,21.00,79.25,298.20,0.27,301.19
2025-03-12,21.00,79.50,298.46,0.00,300.35
2025-03-12,21.00,79.75,297.04,1.85,301.22
2025-03-12,21.25,78.75,298.43,0.00,301.20
2025-03-12,21.25,79.00,299.15,0.44,300.99
2025-03-12,21.25,79.25,297.46,4.72,299.77
2025-03-12,21.25,79.50,298.81,1.89,301.68
2025-03-12,21.25,79.75,299.46,0.00,301.29
2025-03-12,21.50,78.75,297.90,0.00,300.61
2025-03-12,21.50,79.00,299.04,0.00,300.90
2025-03-12,21.50,79.25,300.42,0.00,300.62
2025-03-12,21.50,79.50,298.08,0.00,301.23
2025-03-12,21.50,79.75,299.74,,301.78
2025-03-12,21.75,78.75,298.21,0.00,300.50
2025-03-12,21.75,79.00,297.77,0.00,301.45
2025-03-12,21.75,79.25,301.56,0.00,301.59
2025-03-12,21.75,79.50,,0.00,301.04
2025-03-12,21.75,79.75,299.70,0.00,
2025-03-13,20.75,78.75,294.98,0.00,300.60
2025-03-13,20.75,79.00,298.85,0.44,300.46
2025-03-13,20.75,79.25,298.14,1.71,300.60
2025-03-13,20.75,79.50,299.66,1.12,300.52
2025-03-13,20.75,79.75,300.71,0.00,300.91
2025-03-13,21.00,78.75,301.31,0.00,301.64
2025-03-13,21.00,79.00,300.01,0.00,301.93
2025-03-13,21.00,79.25,299.35,0.00,300.96
2025-03-13,21.00,79.50,299.33,0.00,300.37
2025-03-13,21.00,79.75,296.49,0.00,301.15
2025-03-13,21.25,78.75,301.80,0.00,300.63
2025-03-13,21.25,79.00,299.77,8.16,300.28
2025-03-13,21.25,79.25,297.64,3.59,300.92
2025-03-13,21.25,79.50,297.83,0.45,300.70
2025-03-13,21.25,79.75,297.27,0.00,300.62
2025-03-13,21.50,78.75,298.69,0.00,300.34
2025-03-13,21.50,79.00,300.64,0.57,301.89
2025-03-13,21.50,79.25,300.36,4.09,301.21
2025-03-13,21.50,79.50,301.07,0.00,301.15
2025-03-13,21.50,79.75,296.63,0.00,300.72
2025-03-13,21.75,78.75,298.64,0.00,301.25
2025-03-13,21.75,79.00,298.46,2.54,301.18
2025-03-13,21.75,79.25,295.07,5.39,301.18
2025-03-13,21.75,79.50,298.92,0.00,300.44
2025-03-13,21.75,79.75,300.23,0.00,301.33
2025-03-14,20.75,78.75,299.65,0.33,301.15
2025-03-14,20.75,79.00,298.46,0.00,300.59
2025-03-14,20.75,79.25,301.11,0.00,300.64
2025-03-14,20.75,79.50,298.39,1.14,300.89
2025-03-14,20.75,79.75,298.82,0.00,301.39
2025-03-14,21.00,78.75,299.58,0.65,300.98
2025-03-14,21.00,79.00,297.96,1.34,299.86
2025-03-14,21.00,79.25,300.24,0.00,
2025-03-14,21.00,79.50,302.20,4.03,301.32
2025-03-14,21.00,79.75,299.58,0.00,301.81
2025-03-14,21.25,78.75,298.67,1.99,301.51
2025-03-14,21.25,79.00,299.21,2.29,301.15
2025-03-14,21.25,79.25,297.83,2.29,300.33
2025-03-14,21.25,79.50,299.21,0.00,301.79
2025-03-14,21.25,79.75,298.95,0.00,301.50
2025-03-14,21.50,78.75,298.90,0.00,300.95
2025-03-14,21.50,79.00,297.11,0.24,300.89
2025-03-14,21.50,79.25,295.29,0.00,300.73
2025-03-14,21.50,79.50,298.96,0.00,301.84
2025-03-14,21.50,79.75,297.86,0.89,301.13
2025-03-14,21.75,78.75,297.46,0.00,301.07
2025-03-14,21.75,79.00,297.40,0.73,301.74
2025-03-14,21.75,79.25,299.02,2.17,300.63
2025-03-14,21.75,79.50,300.10,5.82,300.58
2025-03-14,21.75,79.75,298.76,0.00,300.85
2025-03-15,20.75,78.75,298.56,1.74,300.94
2025-03-15,20.75,79.00,299.26,0.40,301.11
2025-03-15,20.75,79.25,297.91,0.00,300.86
2025-03-15,20.75,79.50,297.67,0.00,301.64
2025-03-15,20.75,79.75,298.39,4.73,301.36
2025-03-15,21.00,78.75,,0.00,301.51
2025-03-15,21.00,79.00,299.95,0.00,302.11
2025-03-15,21.00,79.25,298.93,0.00,301.46
2025-03-15,21.00,79.50,294.71,0.00,301.22
2025-03-15,21.00,79.75,302.16,1.65,301.68
2025-03-15,21.25,78.75,300.71,0.00,300.55
2025-03-15,21.25,79.00,300.22,1.13,300.35
2025-03-15,21.25,79.25,298.84,1.20,301.21
2025-03-15,21.25,79.50,297.97,2.46,301.37
2025-03-15,21.25,79.75,298.79,0.00,300.98
2025-03-15,21.50,78.75,299.10,0.43,300.71
2025-03-15,21.50,79.00,299.20,0.00,300.73
2025-03-15,21.50,79.25,298.97,1.23,301.45
2025-03-15,21.50,79.50,296.62,7.18,301.11
2025-03-15,21.50,79.75,299.89,0.00,299.91
2025-03-15,21.75,78.75,301.37,0.00,300.92
2025-03-15,21.75,79.00,299.27,0.00,301.10
2025-03-15,21.75,79.25,300.32,0.00,301.78
2025-03-15,21.75,79.50,298.91,1.14,301.00
2025-03-15,21.75,79.75,301.34,,300.95
2025-03-16,20.75,78.75,298.04,0.00,301.37
2025-03-16,20.75,79.00,300.72,1.85,300.95
2025-03-16,20.75,79.25,,0.27,302.32
2025-03-16,20.75,79.50,301.01,5.64,301.12
2025-03-16,20.75,79.75,300.73,0.15,301.06
2025-03-16,21.00,78.75,300.38,0.00,300.81
2025-03-16,21.00,79.00,300.17,0.00,300.86
2025-03-16,21.00,79.25,298.15,0.00,301.23
2025-03-16,21.00,79.50,,0.85,301.28
2025-03-16,21.00,79.75,299.54,0.27,300.56
2025-03-16,21.25,78.75,299.76,0.00,300.89
2025-03-16,21.25,79.00,299.31,0.00,301.46
2025-03-16,21.25,79.25,300.54,0.00,300.91
2025-03-16,21.25,79.50,301.68,2.09,301.40
2025-03-16,21.25,79.75,299.43,2.49,301.71
2025-03-16,21.50,78.75,300.01,0.00,300.69
2025-03-16,21.50,79.00,299.79,5.85,300.27
2025-03-16,21.50,79.25,,3.48,300.93
2025-03-16,21.50,79.50,296.55,3.36,301.05
2025-03-16,21.50,79.75,302.90,0.00,302.08
2025-03-16,21.75,78.75,297.58,0.00,301.19
2025-03-16,21.75,79.00,299.79,0.00,301.51
2025-03-16,21.75,79.25,300.32,0.00,300.69
2025-03-16,21.75,79.50,298.37,0.00,301.18
2025-03-16,21.75,79.75,300.60,0.51,301.42
2025-03-17,20.75,78.75,297.66,0.00,
2025-03-17,20.75,79.00,301.47,0.00,301.42
2025-03-17,20.75,79.25,301.54,0.00,301.30
2025-03-17,20.75,79.50,299.71,0.43,300.93
2025-03-17,20.75,79.75,298.97,0.71,300.63
2025-03-17,21.00,78.75,298.83,0.33,301.15
2025-03-17,21.00,79.00,299.09,0.00,300.03
2025-03-17,21.00,79.25,298.91,0.00,301.49
2025-03-17,21.00,79.50,300.75,0.89,301.83
2025-03-17,21.00,79.75,299.19,0.00,301.37
2025-03-17,21.25,78.75,300.61,0.00,300.67
2025-03-17,21.25,79.00,301.18,0.00,300.96
2025-03-17,21.25,79.25,299.29,0.00,301.57
2025-03-17,21.25,79.50,299.89,0.00,300.57
2025-03-17,21.25,79.75,297.89,0.46,301.07
2025-03-17,21.50,78.75,300.56,0.00,300.39
2025-03-17,21.50,79.00,301.04,0.00,300.41
2025-03-17,21.50,79.25,297.52,2.88,301.90
2025-03-17,21.50,79.50,300.38,0.00,300.83
2025-03-17,21.50,79.75,298.46,4.68,
2025-03-17,21.75,78.75,298.58,0.00,300.43
2025-03-17,21.75,79.00,296.93,0.22,300.20
2025-03-17,21.75,79.25,302.47,0.00,301.11
2025-03-17,21.75,79.50,298.79,0.00,300.64
2025-03-17,21.75,79.75,299.03,0.59,301.36
2025-03-18,20.75,78.75,297.92,0.96,301.15
2025-03-18,20.75,79.00,299.56,1.04,
2025-03-18,20.75,79.25,298.69,0.00,301.66
2025-03-18,20.75,79.50,299.06,0.00,300.53
2025-03-18,20.75,79.75,299.90,0.00,301.84
2025-03-18,21.00,78.75,,0.35,300.75
2025-03-18,21.00,79.00,301.29,0.00,301.37
2025-03-18,21.00,79.25,296.75,0.00,301.12
2025-03-18,21.00,79.50,299.99,0.37,301.92
2025-03-18,21.00,79.75,297.36,0.00,300.94
2025-03-18,21.25,78.75,298.69,0.30,301.51
2025-03-18,21.25,79.00,303.50,0.00,301.24
2025-03-18,21.25,79.25,298.74,2.25,301.14
2025-03-18,21.25,79.50,299.93,0.00,299.75
2025-03-18,21.25,79.75,301.04,0.00,301.16
2025-03-18,21.50,78.75,299.82,2.55,301.79
2025-03-18,21.50,79.00,297.84,4.91,300.77
2025-03-18,21.50,79.25,300.68,0.00,301.01
2025-03-18,21.50,79.50,298.18,0.00,301.40
2025-03-18,21.50,79.75,303.85,1.40,301.66
2025-03-18,21.75,78.75,302.37,0.00,301.27
2025-03-18,21.75,79.00,298.65,0.07,300.86
2025-03-18,21.75,79.25,298.15,0.00,300.56
2025-03-18,21.75,79.50,299.22,0.00,300.19
2025-03-18,21.75,79.75,298.68,0.00,300.62
2025-03-19,20.75,78.75,298.59,0.33,301.72
2025-03-19,20.75,79.00,300.18,0.00,301.35
2025-03-19,20.75,79.25,303.76,,300.99
2025-03-19,20.75,79.50,302.55,0.00,301.52
2025-03-19,20.75,79.75,302.34,1.42,301.13
2025-03-19,21.00,78.75,299.04,2.01,300.13
2025-03-19,21.00,79.00,303.88,0.00,300.61
2025-03-19,21.00,79.25,299.15,0.00,301.26
2025-03-19,21.00,79.50,299.37,0.00,300.92
2025-03-19,21.00,79.75,300.69,0.00,300.94
2025-03-19,21.25,78.75,302.43,0.00,
2025-03-19,21.25,79.00,300.50,0.63,301.84
2025-03-19,21.25,79.25,301.72,0.74,301.20
2025-03-19,21.25,79.50,297.91,0.00,300.58
2025-03-19,21.25,79.75,298.40,0.00,301.95
2025-03-19,21.50,78.75,299.86,0.00,300.79
2025-03-19,21.50,79.00,299.34,0.00,300.62
2025-03-19,21.50,79.25,300.20,0.00,301.44
2025-03-19,21.50,79.50,297.91,0.00,300.89
2025-03-19,21.50,79.75,298.98,0.00,301.24
2025-03-19,21.75,78.75,300.98,0.00,300.63
2025-03-19,21.75,79.00,301.09,0.00,301.00
2025-03-19,21.75,79.25,298.37,12.45,301.29
2025-03-19,21.75,79.50,300.30,,301.35
2025-03-19,21.75,79.75,300.69,0.00,301.24
2025-03-20,20.75,78.75,298.33,1.22,301.28
2025-03-20,20.75,79.00,301.29,0.00,301.48
2025-03-20,20.75,79.25,301.01,0.00,301.43
2025-03-20,20.75,79.50,300.56,5.35,302.14
2025-03-20,20.75,79.75,301.03,0.00,300.76
2025-03-20,21.00,78.75,300.54,0.00,300.76
2025-03-20,21.00,79.00,298.03,0.00,301.21
2025-03-20,21.00,79.25,301.04,0.00,301.90
2025-03-20,21.00,79.50,298.47,0.69,300.80
2025-03-20,21.00,79.75,300.81,0.00,301.68
2025-03-20,21.25,78.75,300.93,0.00,300.67
2025-03-20,21.25,79.00,300.18,0.00,299.74
2025-03-20,21.25,79.25,300.61,2.82,300.17
2025-03-20,21.25,79.50,301.40,,301.50
2025-03-20,21.25,79.75,298.94,0.00,301.57
2025-03-20,21.50,78.75,300.88,0.00,300.72
2025-03-20,21.50,79.00,301.84,0.00,300.97
2025-03-20,21.50,79.25,297.15,0.00,300.93
2025-03-20,21.50,79.50,299.63,0.00,300.62
2025-03-20,21.50,79.75,302.49,0.10,301.31
2025-03-20,21.75,78.75,301.52,0.00,300.23
2025-03-20,21.75,79.00,,4.57,301.62
2025-03-20,21.75,79.25,300.79,1.94,300.97
2025-03-20,21.75,79.50,300.74,0.26,300.44
2025-03-20,21.75,79.75,300.33,2.49,300.65
2025-03-21,20.75,78.75,298.46,3.87,
2025-03-21,20.75,79.00,299.65,0.24,300.40
2025-03-21,20.75,79.25,298.84,0.14,300.34
2025-03-21,20.75,79.50,301.77,2.72,300.51
2025-03-21,20.75,79.75,300.53,2.24,301.08
2025-03-21,21.00,78.75,299.98,0.00,300.97
2025-03-21,21.00,79.00,299.71,0.00,300.90
2025-03-21,21.00,79.25,298.50,5.99,301.85
2025-03-21,21.00,79.50,300.33,3.14,300.89
2025-03-21,21.00,79.75,299.04,2.95,301.76
2025-03-21,21.25,78.75,300.28,0.00,300.17
2025-03-21,21.25,79.00,298.80,0.77,300.90
2025-03-21,21.25,79.25,299.27,0.00,301.83
2025-03-21,21.25,79.50,299.46,0.00,300.91
2025-03-21,21.25,79.75,298.17,0.00,301.53
2025-03-21,21.50,78.75,297.84,0.68,300.44
2025-03-21,21.50,79.00,302.86,1.15,300.93
2025-03-21,21.50,79.25,299.19,2.71,
2025-03-21,21.50,79.50,301.27,0.00,
2025-03-21,21.50,79.75,296.96,0.00,301.56
2025-03-21,21.75,78.75,300.12,4.89,300.37
2025-03-21,21.75,79.00,302.10,0.59,300.91
2025-03-21,21.75,79.25,301.08,1.85,300.43
2025-03-21,21.75,79.50,298.37,1.31,300.74
2025-03-21,21.75,79.75,298.78,0.73,301.69
2025-03-22,20.75,78.75,300.46,0.00,300.95
2025-03-22,20.75,79.00,300.53,0.00,300.93
2025-03-22,20.75,79.25,300.28,0.07,301.55
2025-03-22,20.75,79.50,297.25,0.00,300.92
2025-03-22,20.75,79.75,300.49,0.00,301.53
2025-03-22,21.00,78.75,301.39,0.00,302.40
2025-03-22,21.00,79.00,299.63,4.69,300.68
2025-03-22,21.00,79.25,299.95,0.95,300.41
2025-03-22,21.00,79.50,296.83,0.00,300.38
2025-03-22,21.00,79.75,299.99,1.14,300.31
2025-03-22,21.25,78.75,301.20,0.75,300.78
2025-03-22,21.25,79.00,302.35,0.00,300.21
2025-03-22,21.25,79.25,,1.94,301.03
2025-03-22,21.25,79.50,300.37,1.79,301.32
2025-03-22,21.25,79.75,301.09,1.46,
2025-03-22,21.50,78.75,298.93,0.00,300.17
2025-03-22,21.50,79.00,299.81,0.00,300.88
2025-03-22,21.50,79.25,298.60,0.87,301.20
2025-03-22,21.50,79.50,299.31,0.00,300.08
2025-03-22,21.50,79.75,299.23,0.00,301.52
2025-03-22,21.75,78.75,,0.00,300.75
2025-03-22,21.75,79.00,300.70,2.67,
2025-03-22,21.75,79.25,299.36,0.00,300.15
2025-03-22,21.75,79.50,299.84,0.38,300.79
2025-03-22,21.75,79.75,298.56,5.28,300.78
2025-03-23,20.75,78.75,302.12,2.00,301.91
2025-03-23,20.75,79.00,302.63,0.00,300.25
2025-03-23,20.75,79.25,299.57,0.00,300.59
2025-03-23,20.75,79.50,302.94,0.00,301.20
2025-03-23,20.75,79.75,300.19,0.00,300.69
2025-03-23,21.00,78.75,299.70,3.52,300.46
2025-03-23,21.00,79.00,301.33,0.00,300.77
2025-03-23,21.00,79.25,302.20,0.00,300.39
2025-03-23,21.00,79.50,299.11,0.00,300.76
2025-03-23,21.00,79.75,300.06,0.00,302.03
2025-03-23,21.25,78.75,300.68,0.00,
2025-03-23,21.25,79.00,,0.00,301.40
2025-03-23,21.25,79.25,300.92,2.19,300.77
2025-03-23,21.25,79.50,300.09,0.00,301.82
2025-03-23,21.25,79.75,301.43,0.00,300.40
2025-03-23,21.50,78.75,299.24,0.00,301.30
2025-03-23,21.50,79.00,300.34,6.63,300.83
2025-03-23,21.50,79.25,298.38,0.00,301.38
2025-03-23,21.50,79.50,304.16,0.00,
2025-03-23,21.50,79.75,299.51,0.00,301.36
2025-03-23,21.75,78.75,302.48,2.28,301.35
2025-03-23,21.75,79.00,301.52,,301.72
2025-03-23,21.75,79.25,299.18,0.77,300.28
2025-03-23,21.75,79.50,301.50,0.00,300.35
2025-03-23,21.75,79.75,300.84,0.00,301.53
2025-03-24,20.75,78.75,299.01,0.00,301.15
2025-03-24,20.75,79.00,301.00,5.68,299.89
2025-03-24,20.75,79.25,299.18,0.00,301.01
2025-03-24,20.75,79.50,299.29,0.00,300.12
2025-03-24,20.75,79.75,298.46,0.00,301.12
2025-03-24,21.00,78.75,299.34,0.09,300.99
2025-03-24,21.00,79.00,302.27,0.00,300.93
2025-03-24,21.00,79.25,300.51,0.00,300.10
2025-03-24,21.00,79.50,300.69,0.00,300.38
2025-03-24,21.00,79.75,297.98,0.00,301.10
2025-03-24,21.25,78.75,299.26,0.00,300.97
2025-03-24,21.25,79.00,298.52,0.00,301.21
2025-03-24,21.25,79.25,301.97,5.16,300.36
2025-03-24,21.25,79.50,301.76,1.07,300.55
2025-03-24,21.25,79.75,297.93,5.97,300.73
2025-03-24,21.50,78.75,299.90,0.00,299.70
2025-03-24,21.50,79.00,300.20,0.00,300.37
2025-03-24,21.50,79.25,299.94,0.00,301.55
2025-03-24,21.50,79.50,300.77,1.44,300.65
2025-03-24,21.50,79.75,301.08,2.62,300.91
2025-03-24,21.75,78.75,300.48,0.00,301.08
2025-03-24,21.75,79.00,299.55,2.43,301.40
2025-03-24,21.75,79.25,300.34,0.00,301.55
2025-03-24,21.75,79.50,299.54,0.00,300.86
2025-03-24,21.75,79.75,303.74,0.00,301.22
2025-03-25,20.75,78.75,298.96,0.00,301.02
2025-03-25,20.75,79.00,298.69,0.00,300.61
2025-03-25,20.75,79.25,301.03,0.00,300.39
2025-03-25,20.75,79.50,302.60,0.00,301.32
2025-03-25,20.75,79.75,302.17,0.00,300.67
2025-03-25,21.00,78.75,302.03,1.16,300.73
2025-03-25,21.00,79.00,301.85,0.00,300.50
2025-03-25,21.00,79.25,297.85,0.00,300.76
2025-03-25,21.00,79.50,298.81,0.00,300.39
2025-03-25,21.00,79.75,300.53,0.00,301.88
2025-03-25,21.25,78.75,299.14,0.04,301.08
2025-03-25,21.25,79.00,299.88,0.00,301.43
2025-03-25,21.25,79.25,301.43,0.00,300.89
2025-03-25,21.25,79.50,300.04,0.00,301.90
2025-03-25,21.25,79.75,301.40,0.00,300.84
2025-03-25,21.50,78.75,301.60,0.00,300.97
2025-03-25,21.50,79.00,301.09,0.00,300.98
2025-03-25,21.50,79.25,299.50,0.00,300.96
2025-03-25,21.50,79.50,299.06,0.00,300.54
2025-03-25,21.50,79.75,301.12,0.00,301.44
2025-03-25,21.75,78.75,301.53,0.00,301.66
2025-03-25,21.75,79.00,300.30,0.00,301.17
2025-03-25,21.75,79.25,300.48,0.00,300.18
2025-03-25,21.75,79.50,300.29,0.00,300.79
2025-03-25,21.75,79.75,300.39,11.30,
2025-03-26,20.75,78.75,299.98,0.00,300.76
2025-03-26,20.75,79.00,301.22,0.00,300.72
2025-03-26,20.75,79.25,299.74,0.00,300.01
2025-03-26,20.75,79.50,301.64,0.00,300.09
2025-03-26,20.75,79.75,301.81,0.00,301.76
2025-03-26,21.00,78.75,298.47,0.00,300.51
2025-03-26,21.00,79.00,298.58,0.98,301.93
2025-03-26,21.00,79.25,299.37,2.19,300.83
2025-03-26,21.00,79.50,303.38,1.68,300.58
2025-03-26,21.00,79.75,299.81,3.85,301.42
2025-03-26,21.25,78.75,297.75,0.06,300.61
2025-03-26,21.25,79.00,302.97,6.13,300.35
2025-03-26,21.25,79.25,301.80,0.00,301.24
2025-03-26,21.25,79.50,301.84,0.17,301.74
2025-03-26,21.25,79.75,303.52,0.00,299.77
2025-03-26,21.50,78.75,298.61,1.19,301.43
2025-03-26,21.50,79.00,301.01,0.00,301.55
2025-03-26,21.50,79.25,301.06,0.00,300.46
2025-03-26,21.50,79.50,302.17,0.00,300.94
2025-03-26,21.50,79.75,300.15,2.71,300.73
2025-03-26,21.75,78.75,298.75,0.08,302.06
2025-03-26,21.75,79.00,301.61,0.00,300.70
2025-03-26,21.75,79.25,299.14,3.85,300.91
2025-03-26,21.75,79.50,299.32,0.00,
2025-03-26,21.75,79.75,300.57,0.00,301.42
2025-03-27,20.75,78.75,299.88,0.00,301.10
2025-03-27,20.75,79.00,301.00,0.58,301.41
2025-03-27,20.75,79.25,300.50,0.00,300.51
2025-03-27,20.75,79.50,301.30,0.00,302.06
2025-03-27,20.75,79.75,300.57,0.00,300.29
2025-03-27,21.00,78.75,302.75,1.57,300.97
2025-03-27,21.00,79.00,302.21,0.00,301.35
2025-03-27,21.00,79.25,304.07,0.00,300.53
2025-03-27,21.00,79.50,299.16,0.08,301.16
2025-03-27,21.00,79.75,298.48,0.02,300.71
2025-03-27,21.25,78.75,302.15,0.00,301.53
2025-03-27,21.25,79.00,301.15,0.00,300.81
2025-03-27,21.25,79.25,300.35,0.00,299.99
2025-03-27,21.25,79.50,303.61,4.65,301.17
2025-03-27,21.25,79.75,299.39,0.00,300.88
2025-03-27,21.50,78.75,297.18,0.00,300.55
2025-03-27,21.50,79.00,298.93,0.00,300.86
2025-03-27,21.50,79.25,298.78,,301.46
2025-03-27,21.50,79.50,300.81,1.27,301.40
2025-03-27,21.50,79.75,302.51,2.76,300.64
2025-03-27,21.75,78.75,300.86,0.00,302.23
2025-03-27,21.75,79.00,298.77,0.00,301.25
2025-03-27,21.75,79.25,300.72,2.98,
2025-03-27,21.75,79.50,301.22,0.00,302.32
2025-03-27,21.75,79.75,301.99,1.43,300.75
2025-03-28,20.75,78.75,300.63,0.00,300.44
2025-03-28,20.75,79.00,299.21,0.00,301.67
2025-03-28,20.75,79.25,303.03,0.00,301.28
2025-03-28,20.75,79.50,301.36,5.49,
2025-03-28,20.75,79.75,300.17,0.00,301.31
2025-03-28,21.00,78.75,300.51,0.72,300.43
2025-03-28,21.00,79.00,301.30,0.00,
2025-03-28,21.00,79.25,300.62,0.00,300.77
2025-03-28,21.00,79.50,301.96,0.00,300.81
2025-03-28,21.00,79.75,302.03,1.06,301.23
2025-03-28,21.25,78.75,302.27,0.00,301.27
2025-03-28,21.25,79.00,301.51,0.00,300.88
2025-03-28,21.25,79.25,300.92,0.00,300.39
2025-03-28,21.25,79.50,301.45,4.39,300.95
2025-03-28,21.25,79.75,301.51,0.00,300.76
2025-03-28,21.50,78.75,301.31,0.00,301.03
2025-03-28,21.50,79.00,302.51,0.00,301.01
2025-03-28,21.50,79.25,299.55,0.00,301.16
2025-03-28,21.50,79.50,302.54,3.95,301.02
2025-03-28,21.50,79.75,303.12,0.49,300.68
2025-03-28,21.75,78.75,298.60,0.00,300.44
2025-03-28,21.75,79.00,300.65,6.58,300.67
2025-03-28,21.75,79.25,299.31,0.00,300.96
2025-03-28,21.75,79.50,302.21,0.00,300.59
2025-03-28,21.75,79.75,301.44,3.48,301.90
2025-03-29,20.75,78.75,300.53,2.34,300.94
2025-03-29,20.75,79.00,299.19,0.00,300.77
2025-03-29,20.75,79.25,305.36,0.15,299.94
2025-03-29,20.75,79.50,300.09,1.50,301.11
2025-03-29,20.75,79.75,301.19,0.00,300.53
2025-03-29,21.00,78.75,298.01,0.79,300.88
2025-03-29,21.00,79.00,302.77,0.00,301.31
2025-03-29,21.00,79.25,299.84,2.61,300.38
2025-03-29,21.00,79.50,303.15,0.00,300.53
2025-03-29,21.00,79.75,300.59,0.52,301.12
2025-03-29,21.25,78.75,299.18,0.23,301.16
2025-03-29,21.25,79.00,299.81,0.73,300.06
2025-03-29,21.25,79.25,301.55,0.00,300.42
2025-03-29,21.25,79.50,,0.00,300.75
2025-03-29,21.25,79.75,302.96,0.00,300.93
2025-03-29,21.50,78.75,304.13,1.62,300.75
2025-03-29,21.50,79.00,302.45,2.43,301.84
2025-03-29,21.50,79.25,302.32,0.00,301.40
2025-03-29,21.50,79.50,300.69,0.00,300.97
2025-03-29,21.50,79.75,301.54,0.00,300.64
2025-03-29,21.75,78.75,297.14,,300.54
2025-03-29,21.75,79.00,300.19,2.64,301.35
2025-03-29,21.75,79.25,304.52,0.00,
2025-03-29,21.75,79.50,301.37,3.35,300.56
2025-03-29,21.75,79.75,300.18,0.00,300.99
2025-03-30,20.75,78.75,301.18,0.00,301.31
2025-03-30,20.75,79.00,303.28,0.00,301.03
2025-03-30,20.75,79.25,299.41,0.00,300.06
2025-03-30,20.75,79.50,300.33,0.00,300.15
2025-03-30,20.75,79.75,300.77,0.00,300.40
2025-03-30,21.00,78.75,299.59,0.00,300.74
2025-03-30,21.00,79.00,302.02,0.39,300.91
2025-03-30,21.00,79.25,301.91,5.47,301.75
2025-03-30,21.00,79.50,301.34,0.75,300.43
2025-03-30,21.00,79.75,301.08,0.00,301.32
2025-03-30,21.25,78.75,301.51,0.00,
2025-03-30,21.25,79.00,301.00,0.81,300.38
2025-03-30,21.25,79.25,303.40,0.72,300.61
2025-03-30,21.25,79.50,301.03,0.00,301.02
2025-03-30,21.25,79.75,301.65,1.88,300.43
2025-03-30,21.50,78.75,302.51,3.67,301.35
2025-03-30,21.50,79.00,299.81,0.00,301.29
2025-03-30,21.50,79.25,301.24,0.00,300.86
2025-03-30,21.50,79.50,300.29,0.00,301.03
2025-03-30,21.50,79.75,,0.00,301.05
2025-03-30,21.75,78.75,302.40,2.00,300.18
2025-03-30,21.75,79.00,302.10,3.99,301.11
2025-03-30,21.75,79.25,299.13,0.00,301.36
2025-03-30,21.75,79.50,302.27,0.94,300.83
2025-03-30,21.75,79.75,300.67,0.00,300.88
2025-03-31,20.75,78.75,300.13,1.32,300.84
2025-03-31,20.75,79.00,302.68,0.00,300.75
2025-03-31,20.75,79.25,301.60,1.55,301.68
2025-03-31,20.75,79.50,301.67,2.19,301.04
2025-03-31,20.75,79.75,300.28,0.00,300.21
2025-03-31,21.00,78.75,304.09,3.55,301.51
2025-03-31,21.00,79.00,301.44,4.72,301.31
2025-03-31,21.00,79.25,300.59,0.00,300.17
2025-03-31,21.00,79.50,304.02,0.00,301.18
2025-03-31,21.00,79.75,299.69,0.00,301.20
2025-03-31,21.25,78.75,300.10,0.00,300.52
2025-03-31,21.25,79.00,299.85,0.00,301.30
2025-03-31,21.25,79.25,299.58,2.58,300.88
2025-03-31,21.25,79.50,302.70,0.00,300.86
2025-03-31,21.25,79.75,302.49,3.53,301.13
2025-03-31,21.50,78.75,299.01,0.00,301.19
2025-03-31,21.50,79.00,302.75,1.29,301.54
2025-03-31,21.50,79.25,302.50,6.13,300.76
2025-03-31,21.50,79.50,300.87,0.00,300.31
2025-03-31,21.50,79.75,299.31,0.00,301.27
2025-03-31,21.75,78.75,299.61,0.27,302.16
2025-03-31,21.75,79.00,299.46,0.00,300.27
2025-03-31,21.75,79.25,302.87,1.27,301.26
2025-03-31,21.75,79.50,302.35,0.00,300.40
2025-03-31,21.75,79.75,302.50,0.02,301.45
2025-04-01,20.75,78.75,300.25,0.77,299.78
2025-04-01,20.75,79.00,299.37,0.58,301.47
2025-04-01,20.75,79.25,303.14,0.09,300.52
2025-04-01,20.75,79.50,299.89,0.00,300.69
2025-04-01,20.75,79.75,303.05,0.00,300.96
2025-04-01,21.00,78.75,300.41,0.06,300.03
2025-04-01,21.00,79.00,301.86,2.32,300.22
2025-04-01,21.00,79.25,303.21,0.00,300.71
2025-04-01,21.00,79.50,300.00,0.00,300.23
2025-04-01,21.00,79.75,299.97,0.14,300.25
2025-04-01,21.25,78.75,301.74,0.00,301.49
2025-04-01,21.25,79.00,300.28,0.71,300.55
2025-04-01,21.25,79.25,299.06,,300.66
2025-04-01,21.25,79.50,301.32,0.00,301.12
2025-04-01,21.25,79.75,302.61,3.28,300.40
2025-04-01,21.50,78.75,298.45,0.00,300.86
2025-04-01,21.50,79.00,302.75,0.00,300.23
2025-04-01,21.50,79.25,300.62,0.00,300.57
2025-04-01,21.50,79.50,300.93,0.00,300.42
2025-04-01,21.50,79.75,300.17,0.00,300.82
2025-04-01,21.75,78.75,302.53,0.00,300.99
2025-04-01,21.75,79.00,302.13,0.00,300.68
2025-04-01,21.75,79.25,301.98,0.00,300.16
2025-04-01,21.75,79.50,301.73,0.00,300.92
2025-04-01,21.75,79.75,,0.23,300.93
2025-04-02,20.75,78.75,301.77,0.00,301.62
2025-04-02,20.75,79.00,302.72,0.00,299.94
2025-04-02,20.75,79.25,301.80,6.05,300.99
2025-04-02,20.75,79.50,302.61,0.11,301.26
2025-04-02,20.75,79.75,300.52,0.00,300.87
2025-04-02,21.00,78.75,302.72,1.13,301.00
2025-04-02,21.00,79.00,301.53,0.00,300.65
2025-04-02,21.00,79.25,301.41,0.00,300.09
2025-04-02,21.00,79.50,302.37,0.00,300.83
2025-04-02,21.00,79.75,301.06,,301.73
2025-04-02,21.25,78.75,303.51,2.66,300.31
2025-04-02,21.25,79.00,299.88,1.40,301.14
2025-04-02,21.25,79.25,300.25,0.00,300.91
2025-04-02,21.25,79.50,305.79,0.12,300.71
2025-04-02,21.25,79.75,301.01,0.00,300.81
2025-04-02,21.50,78.75,,0.00,300.89
2025-04-02,21.50,79.00,305.56,0.00,301.02
2025-04-02,21.50,79.25,302.38,2.93,300.88
2025-04-02,21.50,79.50,302.62,0.67,299.88
2025-04-02,21.50,79.75,302.24,0.00,301.21
2025-04-02,21.75,78.75,302.72,0.00,301.15
2025-04-02,21.75,79.00,298.33,0.00,300.07
2025-04-02,21.75,79.25,302.89,2.75,300.82
2025-04-02,21.75,79.50,300.24,0.00,300.15
2025-04-02,21.75,79.75,300.68,0.00,301.19
2025-04-03,20.75,78.75,302.98,4.50,300.68
2025-04-03,20.75,79.00,300.26,0.00,300.43
2025-04-03,20.75,79.25,298.73,0.00,300.64
2025-04-03,20.75,79.50,300.56,2.08,300.94
2025-04-03,20.75,79.75,303.53,0.01,301.23
2025-04-03,21.00,78.75,300.99,0.00,300.97
2025-04-03,21.00,79.00,301.07,0.00,301.51
2025-04-03,21.00,79.25,300.67,0.00,
2025-04-03,21.00,79.50,302.54,0.78,300.62
2025-04-03,21.00,79.75,300.84,2.75,300.87
2025-04-03,21.25,78.75,301.09,0.00,300.83
2025-04-03,21.25,79.00,304.43,1.85,300.74
2025-04-03,21.25,79.25,300.67,0.00,301.14
2025-04-03,21.25,79.50,300.31,0.85,300.94
2025-04-03,21.25,79.75,300.06,0.00,300.02
2025-04-03,21.50,78.75,301.72,2.88,301.00
2025-04-03,21.50,79.00,301.39,0.00,300.51
2025-04-03,21.50,79.25,300.80,1.33,301.01
2025-04-03,21.50,79.50,301.01,0.83,300.65
2025-04-03,21.50,79.75,304.82,0.00,301.23
2025-04-03,21.75,78.75,301.56,0.00,300.71
2025-04-03,21.75,79.00,302.81,0.00,300.90
2025-04-03,21.75,79.25,299.35,0.00,300.96
2025-04-03,21.75,79.50,302.50,0.00,300.49
2025-04-03,21.75,79.75,303.58,0.00,300.25
2025-04-04,20.75,78.75,300.17,1.06,300.66
2025-04-04,20.75,79.00,301.34,5.94,300.72
2025-04-04,20.75,79.25,,0.00,300.36
2025-04-04,20.75,79.50,302.46,0.00,300.98
2025-04-04,20.75,79.75,301.27,0.00,300.10
2025-04-04,21.00,78.75,301.64,1.86,299.54
2025-04-04,21.00,79.00,300.55,0.00,300.31
2025-04-04,21.00,79.25,301.26,0.00,301.15
2025-04-04,21.00,79.50,302.51,3.09,300.85
2025-04-04,21.00,79.75,301.29,0.00,
2025-04-04,21.25,78.75,300.74,0.00,300.41
2025-04-04,21.25,79.00,302.12,1.57,301.08
2025-04-04,21.25,79.25,301.52,1.79,
2025-04-04,21.25,79.50,301.56,3.92,300.66
2025-04-04,21.25,79.75,298.66,0.00,300.46
2025-04-04,21.50,78.75,303.77,0.70,300.49
2025-04-04,21.50,79.00,301.39,4.33,300.84
2025-04-04,21.50,79.25,300.55,0.00,301.65
2025-04-04,21.50,79.50,301.08,0.00,301.82
2025-04-04,21.50,79.75,301.88,4.66,300.47
2025-04-04,21.75,78.75,303.73,0.49,300.31
2025-04-04,21.75,79.00,302.82,0.98,301.18
2025-04-04,21.75,79.25,302.44,0.00,300.91
2025-04-04,21.75,79.50,302.13,0.21,300.43
2025-04-04,21.75,79.75,303.00,4.16,300.79
2025-04-05,20.75,78.75,300.70,0.00,301.11
2025-04-05,20.75,79.00,301.85,0.00,300.73
2025-04-05,20.75,79.25,302.33,0.00,300.58
2025-04-05,20.75,79.50,301.76,2.49,299.67
2025-04-05,20.75,79.75,300.40,0.00,301.06
2025-04-05,21.00,78.75,300.56,0.00,300.98
2025-04-05,21.00,79.00,300.15,0.00,300.32
2025-04-05,21.00,79.25,302.35,0.25,300.78
2025-04-05,21.00,79.50,300.82,0.57,301.01
2025-04-05,21.00,79.75,301.36,0.00,301.03
2025-04-05,21.25,78.75,300.89,0.00,300.19
2025-04-05,21.25,79.00,302.63,0.11,300.88
2025-04-05,21.25,79.25,301.91,2.03,300.77
2025-04-05,21.25,79.50,303.54,0.00,301.22
2025-04-05,21.25,79.75,301.76,0.03,300.83
2025-04-05,21.50,78.75,303.07,0.00,300.51
2025-04-05,21.50,79.00,302.31,0.82,300.75
2025-04-05,21.50,79.25,302.96,3.66,300.62
2025-04-05,21.50,79.50,301.16,0.00,300.52
2025-04-05,21.50,79.75,304.65,0.31,300.84
2025-04-05,21.75,78.75,301.50,0.00,301.10
2025-04-05,21.75,79.00,301.03,0.88,301.05
2025-04-05,21.75,79.25,301.75,0.00,300.06
2025-04-05,21.75,79.50,301.93,0.00,301.13
2025-04-05,21.75,79.75,301.97,0.00,300.57
2025-04-06,20.75,78.75,302.91,0.00,300.29
2025-04-06,20.75,79.00,301.38,1.23,300.69
2025-04-06,20.75,79.25,302.12,9.80,301.22
2025-04-06,20.75,79.50,,0.77,300.76
2025-04-06,20.75,79.75,300.16,0.00,300.84
2025-04-06,21.00,78.75,301.80,0.00,300.98
2025-04-06,21.00,79.00,299.91,0.00,301.07
2025-04-06,21.00,79.25,304.82,0.00,301.41
2025-04-06,21.00,79.50,303.12,0.00,
2025-04-06,21.00,79.75,303.47,0.00,300.58
2025-04-06,21.25,78.75,300.17,2.94,301.09
2025-04-06,21.25,79.00,302.97,1.55,300.22
2025-04-06,21.25,79.25,300.04,0.00,300.40
2025-04-06,21.25,79.50,305.36,0.00,300.72
2025-04-06,21.25,79.75,299.95,0.00,300.25
2025-04-06,21.50,78.75,302.16,0.00,300.97
2025-04-06,21.50,79.00,300.70,0.03,301.35
2025-04-06,21.50,79.25,306.33,0.00,301.31
2025-04-06,21.50,79.50,302.54,0.00,300.89
2025-04-06,21.50,79.75,301.65,0.00,301.10
2025-04-06,21.75,78.75,302.83,0.81,301.02
2025-04-06,21.75,79.00,300.96,0.00,300.96
2025-04-06,21.75,79.25,301.26,0.07,300.74
2025-04-06,21.75,79.50,301.84,0.00,300.93
2025-04-06,21.75,79.75,302.10,0.00,299.98
2025-04-07,20.75,78.75,301.82,0.67,300.89
2025-04-07,20.75,79.00,300.08,2.73,300.86
2025-04-07,20.75,79.25,301.97,2.12,
2025-04-07,20.75,79.50,302.90,2.44,299.96
2025-04-07,20.75,79.75,301.87,0.00,300.01
2025-04-07,21.00,78.75,301.28,0.74,300.62
2025-04-07,21.00,79.00,298.76,0.25,300.86
2025-04-07,21.00,79.25,,0.00,300.51
2025-04-07,21.00,79.50,302.71,0.89,300.84
2025-04-07,21.00,79.75,302.69,0.00,300.48
2025-04-07,21.25,78.75,301.41,4.21,301.00
2025-04-07,21.25,79.00,303.78,0.00,300.36
2025-04-07,21.25,79.25,301.04,2.23,300.02
2025-04-07,21.25,79.50,305.70,0.99,300.57
2025-04-07,21.25,79.75,301.94,0.00,300.89
2025-04-07,21.50,78.75,299.85,0.00,301.28
2025-04-07,21.50,79.00,303.22,0.00,300.47
2025-04-07,21.50,79.25,299.16,,
2025-04-07,21.50,79.50,305.14,2.78,300.89
2025-04-07,21.50,79.75,303.13,3.05,301.45
2025-04-07,21.75,78.75,301.72,0.00,300.79
2025-04-07,21.75,79.00,304.12,0.19,301.95
2025-04-07,21.75,79.25,300.90,1.12,300.29
2025-04-07,21.75,79.50,301.57,5.29,300.44
2025-04-07,21.75,79.75,302.52,0.00,300.77
2025-04-08,20.75,78.75,301.76,0.25,300.75
2025-04-08,20.75,79.00,303.05,0.00,300.81
2025-04-08,20.75,79.25,302.65,0.00,300.29
2025-04-08,20.75,79.50,303.97,0.00,299.41
2025-04-08,20.75,79.75,300.51,3.46,300.70
2025-04-08,21.00,78.75,301.57,0.00,299.81
2025-04-08,21.00,79.00,301.32,2.21,301.13
2025-04-08,21.00,79.25,300.59,0.00,301.06
2025-04-08,21.00,79.50,304.97,0.00,300.62
2025-04-08,21.00,79.75,301.40,0.00,300.62
2025-04-08,21.25,78.75,298.95,5.52,300.26
2025-04-08,21.25,79.00,300.22,0.36,300.54
2025-04-08,21.25,79.25,301.31,0.00,300.71
2025-04-08,21.25,79.50,301.22,2.29,299.85
2025-04-08,21.25,79.75,303.59,0.82,300.31
2025-04-08,21.50,78.75,300.95,0.54,300.66
2025-04-08,21.50,79.00,301.09,0.00,300.69
2025-04-08,21.50,79.25,300.44,0.00,301.59
2025-04-08,21.50,79.50,304.41,1.88,300.02
2025-04-08,21.50,79.75,301.61,0.00,301.29
2025-04-08,21.75,78.75,301.46,0.00,301.00
2025-04-08,21.75,79.00,305.98,0.42,301.66
2025-04-08,21.75,79.25,304.47,0.00,300.07
2025-04-08,21.75,79.50,303.95,0.00,300.48
2025-04-08,21.75,79.75,301.91,1.77,300.67
2025-04-09,20.75,78.75,301.61,0.87,301.52
2025-04-09,20.75,79.00,304.82,1.12,301.14
2025-04-09,20.75,79.25,302.38,0.00,300.37
2025-04-09,20.75,79.50,299.30,2.40,300.49
2025-04-09,20.75,79.75,301.77,0.00,300.53
2025-04-09,21.00,78.75,301.60,0.00,300.15
2025-04-09,21.00,79.00,303.27,0.00,300.61
2025-04-09,21.00,79.25,303.53,0.00,300.32
2025-04-09,21.00,79.50,300.81,0.00,301.95
2025-04-09,21.00,79.75,302.61,2.00,300.81
2025-04-09,21.25,78.75,302.63,0.00,299.88
2025-04-09,21.25,79.00,302.62,0.54,300.13
2025-04-09,21.25,79.25,303.47,0.78,299.92
2025-04-09,21.25,79.50,302.72,2.34,300.98
2025-04-09,21.25,79.75,301.20,0.00,300.57
2025-04-09,21.50,78.75,,0.00,301.33
2025-04-09,21.50,79.00,302.09,0.00,300.49
2025-04-09,21.50,79.25,303.88,0.00,300.16
2025-04-09,21.50,79.50,305.10,0.00,300.72
2025-04-09,21.50,79.75,304.00,0.00,301.15
2025-04-09,21.75,78.75,300.11,0.87,301.03
2025-04-09,21.75,79.00,304.56,,299.94
2025-04-09,21.75,79.25,301.98,0.00,300.45
2025-04-09,21.75,79.50,300.82,0.00,299.93
2025-04-09,21.75,79.75,302.96,1.97,300.61
2025-04-10,20.75,78.75,301.28,0.00,299.89
2025-04-10,20.75,79.00,303.13,4.10,300.86
2025-04-10,20.75,79.25,303.77,0.83,301.22
2025-04-10,20.75,79.50,302.50,0.66,301.79
2025-04-10,20.75,79.75,300.85,5.01,300.45
2025-04-10,21.00,78.75,301.90,0.00,300.87
2025-04-10,21.00,79.00,302.09,2.52,300.78
2025-04-10,21.00,79.25,303.48,0.45,300.37
2025-04-10,21.00,79.50,303.46,0.00,300.60
2025-04-10,21.00,79.75,304.73,0.00,300.82
2025-04-10,21.25,78.75,301.93,0.04,299.78
2025-04-10,21.25,79.00,302.79,0.00,300.08
2025-04-10,21.25,79.25,301.45,1.70,301.26
2025-04-10,21.25,79.50,301.96,0.00,300.39
2025-04-10,21.25,79.75,303.68,0.00,300.83
2025-04-10,21.50,78.75,,0.00,299.86
2025-04-10,21.50,79.00,303.58,0.40,300.11
2025-04-10,21.50,79.25,297.98,0.00,300.53
2025-04-10,21.50,79.50,304.01,0.30,301.09
2025-04-10,21.50,79.75,301.63,0.00,299.99
2025-04-10,21.75,78.75,302.98,3.15,300.79
2025-04-10,21.75,79.00,301.99,0.00,300.92
2025-04-10,21.75,79.25,301.15,0.00,300.03
2025-04-10,21.75,79.50,302.10,0.00,301.12
2025-04-10,21.75,79.75,303.03,0.00,300.57
2025-04-11,20.75,78.75,304.57,0.00,301.44
2025-04-11,20.75,79.00,300.83,0.00,300.78
2025-04-11,20.75,79.25,301.59,3.17,300.81
2025-04-11,20.75,79.50,302.52,4.14,300.61
2025-04-11,20.75,79.75,300.13,0.97,300.48
2025-04-11,21.00,78.75,302.81,0.61,300.32
2025-04-11,21.00,79.00,302.58,0.00,300.63
2025-04-11,21.00,79.25,302.88,0.00,300.82
2025-04-11,21.00,79.50,302.72,0.98,300.65
2025-04-11,21.00,79.75,301.41,3.29,299.72
2025-04-11,21.25,78.75,301.06,,300.70
2025-04-11,21.25,79.00,303.31,0.00,300.34
2025-04-11,21.25,79.25,304.75,1.13,300.59
2025-04-11,21.25,79.50,303.04,0.00,300.28
2025-04-11,21.25,79.75,302.90,0.80,301.09
2025-04-11,21.50,78.75,303.23,2.00,301.58
2025-04-11,21.50,79.00,302.91,0.00,301.03
2025-04-11,21.50,79.25,302.50,0.00,300.99
2025-04-11,21.50,79.50,298.80,0.00,300.86
2025-04-11,21.50,79.75,302.52,0.00,300.52
2025-04-11,21.75,78.75,303.89,3.48,300.30
2025-04-11,21.75,79.00,302.98,0.34,300.80
2025-04-11,21.75,79.25,,0.00,300.57
2025-04-11,21.75,79.50,302.76,0.00,300.44
2025-04-11,21.75,79.75,303.59,0.00,300.53
2025-04-12,20.75,78.75,302.66,0.00,
2025-04-12,20.75,79.00,301.95,1.46,300.71
2025-04-12,20.75,79.25,301.24,0.02,
2025-04-12,20.75,79.50,304.70,1.67,301.35
2025-04-12,20.75,79.75,302.17,0.00,300.25
2025-04-12,21.00,78.75,302.09,0.00,301.37
2025-04-12,21.00,79.00,304.51,0.87,301.36
2025-04-12,21.00,79.25,,0.00,301.24
2025-04-12,21.00,79.50,301.50,1.54,301.21
2025-04-12,21.00,79.75,301.18,2.82,300.78
2025-04-12,21.25,78.75,299.38,0.58,300.64
2025-04-12,21.25,79.00,301.43,2.40,299.93
2025-04-12,21.25,79.25,304.07,1.27,299.64
2025-04-12,21.25,79.50,303.68,0.22,300.77
2025-04-12,21.25,79.75,304.77,0.21,300.46
2025-04-12,21.50,78.75,304.03,0.00,300.45
2025-04-12,21.50,79.00,300.50,1.39,300.70
2025-04-12,21.50,79.25,304.22,0.84,300.77
2025-04-12,21.50,79.50,304.78,0.00,299.90
2025-04-12,21.50,79.75,301.69,0.59,301.45
2025-04-12,21.75,78.75,304.08,0.00,301.09
2025-04-12,21.75,79.00,301.18,0.00,300.72
2025-04-12,21.75,79.25,304.25,0.00,300.37
2025-04-12,21.75,79.50,301.45,0.00,300.63
2025-04-12,21.75,79.75,300.15,0.00,301.19
2025-04-13,20.75,78.75,298.82,0.20,300.17
2025-04-13,20.75,79.00,303.72,2.55,300.60
2025-04-13,20.75,79.25,302.74,0.00,300.40
2025-04-13,20.75,79.50,303.09,0.00,300.02
2025-04-13,20.75,79.75,302.67,0.00,300.72
2025-04-13,21.00,78.75,304.59,1.05,299.93
2025-04-13,21.00,79.00,302.92,0.00,300.41
2025-04-13,21.00,79.25,302.78,0.00,301.40
2025-04-13,21.00,79.50,304.08,0.00,299.26
2025-04-13,21.00,79.75,304.86,0.00,300.68
2025-04-13,21.25,78.75,302.06,0.00,300.80
2025-04-13,21.25,79.00,301.52,1.16,299.73
2025-04-13,21.25,79.25,300.91,0.00,300.45
2025-04-13,21.25,79.50,304.56,0.00,300.86
2025-04-13,21.25,79.75,304.41,0.57,300.44
2025-04-13,21.50,78.75,304.34,4.88,300.51
2025-04-13,21.50,79.00,301.59,0.00,301.18
2025-04-13,21.50,79.25,302.64,0.00,300.06
2025-04-13,21.50,79.50,301.85,0.00,300.82
2025-04-13,21.50,79.75,303.31,0.00,300.97
2025-04-13,21.75,78.75,301.47,0.00,300.00
2025-04-13,21.75,79.00,300.52,0.00,300.14
2025-04-13,21.75,79.25,303.40,1.28,300.04
2025-04-13,21.75,79.50,302.44,0.29,300.78
2025-04-13,21.75,79.75,303.28,0.00,300.58
2025-04-14,20.75,78.75,302.76,0.00,300.11
2025-04-14,20.75,79.00,300.12,2.25,300.90
2025-04-14,20.75,79.25,303.78,2.40,300.20
2025-04-14,20.75,79.50,303.63,0.00,300.74
2025-04-14,20.75,79.75,299.75,1.33,301.01
2025-04-14,21.00,78.75,304.29,0.66,301.10
2025-04-14,21.00,79.00,301.12,0.63,300.92
2025-04-14,21.00,79.25,303.31,0.00,301.17
2025-04-14,21.00,79.50,304.01,2.82,300.60
2025-04-14,21.00,79.75,301.10,0.00,300.43
2025-04-14,21.25,78.75,301.17,0.00,300.16
2025-04-14,21.25,79.00,304.23,0.00,300.87
2025-04-14,21.25,79.25,303.55,0.00,301.33
2025-04-14,21.25,79.50,302.46,0.21,299.56
2025-04-14,21.25,79.75,304.88,1.96,300.58
2025-04-14,21.50,78.75,302.12,0.00,300.66
2025-04-14,21.50,79.00,304.18,0.00,300.61
2025-04-14,21.50,79.25,306.34,0.00,300.41
2025-04-14,21.50,79.50,302.66,1.82,301.11
2025-04-14,21.50,79.75,303.81,0.00,300.37
2025-04-14,21.75,78.75,300.16,0.60,300.83
2025-04-14,21.75,79.00,303.05,2.19,299.53
2025-04-14,21.75,79.25,302.36,0.25,300.77
2025-04-14,21.75,79.50,301.96,0.37,300.00
2025-04-14,21.75,79.75,304.28,0.00,300.39
2025-04-15,20.75,78.75,302.36,0.00,300.90
2025-04-15,20.75,79.00,303.43,0.00,301.29
2025-04-15,20.75,79.25,304.05,1.50,301.11
2025-04-15,20.75,79.50,304.82,0.00,300.68
2025-04-15,20.75,79.75,301.92,0.00,300.91
2025-04-15,21.00,78.75,303.77,4.57,300.72
2025-04-15,21.00,79.00,305.06,0.00,300.38
2025-04-15,21.00,79.25,302.80,,300.84
2025-04-15,21.00,79.50,303.09,0.16,300.79
2025-04-15,21.00,79.75,302.36,0.00,300.61
2025-04-15,21.25,78.75,303.08,0.00,300.13
2025-04-15,21.25,79.00,302.75,0.00,300.42
2025-04-15,21.25,79.25,301.02,0.00,300.18
2025-04-15,21.25,79.50,302.95,2.49,300.58
2025-04-15,21.25,79.75,305.19,0.67,300.24
2025-04-15,21.50,78.75,304.94,1.22,
2025-04-15,21.50,79.00,302.42,1.29,300.98
2025-04-15,21.50,79.25,301.69,0.00,300.83
2025-04-15,21.50,79.50,303.74,0.00,299.23
2025-04-15,21.50,79.75,302.02,0.00,301.47
2025-04-15,21.75,78.75,304.94,3.50,
2025-04-15,21.75,79.00,301.34,0.00,301.04
2025-04-15,21.75,79.25,301.07,0.00,300.37
2025-04-15,21.75,79.50,306.08,0.00,300.59
2025-04-15,21.75,79.75,302.28,1.86,301.05
2025-04-16,20.75,78.75,302.03,0.72,300.35
2025-04-16,20.75,79.00,306.45,0.00,300.59
2025-04-16,20.75,79.25,302.20,1.39,300.30
2025-04-16,20.75,79.50,301.27,0.00,300.09
2025-04-16,20.75,79.75,305.54,0.00,299.80
2025-04-16,21.00,78.75,300.79,0.00,300.03
2025-04-16,21.00,79.00,302.63,,300.41
2025-04-16,21.00,79.25,301.23,0.68,300.33
2025-04-16,21.00,79.50,304.50,0.00,301.26
2025-04-16,21.00,79.75,303.04,2.59,300.49
2025-04-16,21.25,78.75,303.19,1.80,300.31
2025-04-16,21.25,79.00,302.73,2.84,300.00
2025-04-16,21.25,79.25,303.98,0.00,300.72
2025-04-16,21.25,79.50,301.99,0.00,300.52
2025-04-16,21.25,79.75,304.27,0.00,300.88
2025-04-16,21.50,78.75,301.68,0.12,300.75
2025-04-16,21.50,79.00,303.69,1.27,299.64
2025-04-16,21.50,79.25,303.23,2.18,300.10
2025-04-16,21.50,79.50,301.98,0.00,299.99
2025-04-16,21.50,79.75,305.91,1.58,300.34
2025-04-16,21.75,78.75,301.96,0.00,300.37
2025-04-16,21.75,79.00,303.38,0.08,300.71
2025-04-16,21.75,79.25,304.47,0.00,300.69
2025-04-16,21.75,79.50,304.22,0.00,300.95
2025-04-16,21.75,79.75,302.52,1.04,300.77
2025-04-17,20.75,78.75,304.95,0.00,299.67
2025-04-17,20.75,79.00,302.57,0.55,300.68
2025-04-17,20.75,79.25,305.48,2.58,300.12
2025-04-17,20.75,79.50,302.60,0.25,301.02
2025-04-17,20.75,79.75,304.93,2.86,300.15
2025-04-17,21.00,78.75,302.96,0.00,300.74
2025-04-17,21.00,79.00,302.95,0.00,300.13
2025-04-17,21.00,79.25,305.36,0.00,300.20
2025-04-17,21.00,79.50,303.64,0.10,300.29
2025-04-17,21.00,79.75,305.02,0.75,299.97
2025-04-17,21.25,78.75,304.27,0.00,300.54
2025-04-17,21.25,79.00,305.68,2.02,300.35
2025-04-17,21.25,79.25,301.62,0.00,300.86
2025-04-17,21.25,79.50,303.53,0.00,301.15
2025-04-17,21.25,79.75,303.24,0.00,300.74
2025-04-17,21.50,78.75,299.83,0.00,301.11
2025-04-17,21.50,79.00,305.12,0.00,300.69
2025-04-17,21.50,79.25,304.51,3.87,300.88
2025-04-17,21.50,79.50,302.33,0.15,301.06
2025-04-17,21.50,79.75,,0.00,301.08
2025-04-17,21.75,78.75,304.10,1.80,299.76
2025-04-17,21.75,79.00,300.81,8.24,301.62
2025-04-17,21.75,79.25,303.84,0.00,300.36
2025-04-17,21.75,79.50,302.93,0.70,300.06
2025-04-17,21.75,79.75,303.12,3.97,300.69
2025-04-18,20.75,78.75,302.75,2.25,299.53
2025-04-18,20.75,79.00,304.18,1.98,299.74
2025-04-18,20.75,79.25,302.36,0.00,299.49
2025-04-18,20.75,79.50,305.34,0.00,300.57
2025-04-18,20.75,79.75,301.27,0.00,
2025-04-18,21.00,78.75,300.72,0.00,301.36
2025-04-18,21.00,79.00,301.11,0.43,300.41
2025-04-18,21.00,79.25,304.27,0.63,300.24
2025-04-18,21.00,79.50,304.27,4.90,300.43
2025-04-18,21.00,79.75,302.63,0.44,300.87
2025-04-18,21.25,78.75,304.82,0.00,300.17
2025-04-18,21.25,79.00,303.22,2.19,300.31
2025-04-18,21.25,79.25,305.88,,300.72
2025-04-18,21.25,79.50,304.31,1.08,300.39
2025-04-18,21.25,79.75,306.61,0.05,300.36
2025-04-18,21.50,78.75,303.02,0.00,300.24
2025-04-18,21.50,79.00,300.69,0.52,300.52
2025-04-18,21.50,79.25,301.96,0.60,300.68
2025-04-18,21.50,79.50,302.68,4.79,299.97
2025-04-18,21.50,79.75,301.59,0.00,301.12
2025-04-18,21.75,78.75,305.29,0.00,300.86
2025-04-18,21.75,79.00,302.68,0.00,300.33
2025-04-18,21.75,79.25,303.86,0.00,300.71
2025-04-18,21.75,79.50,302.72,0.00,300.46
2025-04-18,21.75,79.75,303.95,0.00,
2025-04-19,20.75,78.75,301.39,0.00,300.38
2025-04-19,20.75,79.00,302.70,2.01,300.61
2025-04-19,20.75,79.25,303.87,0.00,300.96
2025-04-19,20.75,79.50,300.65,2.37,
2025-04-19,20.75,79.75,303.28,0.00,299.80
2025-04-19,21.00,78.75,306.47,0.00,300.46
2025-04-19,21.00,79.00,304.36,1.82,300.22
2025-04-19,21.00,79.25,303.86,0.42,301.23
2025-04-19,21.00,79.50,304.55,1.62,300.43
2025-04-19,21.00,79.75,302.71,0.00,300.63
2025-04-19,21.25,78.75,304.33,0.00,300.30
2025-04-19,21.25,79.00,304.11,0.00,299.95
2025-04-19,21.25,79.25,304.26,0.00,300.82
2025-04-19,21.25,79.50,299.95,0.00,301.20
2025-04-19,21.25,79.75,304.79,0.00,301.98
2025-04-19,21.50,78.75,303.10,0.00,
2025-04-19,21.50,79.00,302.28,0.22,300.82
2025-04-19,21.50,79.25,308.47,0.00,301.11
2025-04-19,21.50,79.50,306.47,3.19,300.68
2025-04-19,21.50,79.75,304.57,0.39,300.58
2025-04-19,21.75,78.75,305.15,0.00,299.55
2025-04-19,21.75,79.00,302.63,0.00,300.70
2025-04-19,21.75,79.25,302.49,0.00,300.25
2025-04-19,21.75,79.50,305.33,0.00,300.64
2025-04-19,21.75,79.75,304.69,4.89,300.71
2025-04-20,20.75,78.75,301.11,0.16,301.46
2025-04-20,20.75,79.00,306.07,0.00,301.26
2025-04-20,20.75,79.25,302.82,0.00,300.60
2025-04-20,20.75,79.50,,1.66,300.40
2025-04-20,20.75,79.75,304.56,0.00,300.21
2025-04-20,21.00,78.75,304.48,0.00,300.79
2025-04-20,21.00,79.00,304.40,0.00,300.25
2025-04-20,21.00,79.25,302.32,,298.89
2025-04-20,21.00,79.50,304.78,0.00,300.67
2025-04-20,21.00,79.75,305.32,0.00,300.83
2025-04-20,21.25,78.75,301.49,0.42,300.09
2025-04-20,21.25,79.00,304.94,6.03,
2025-04-20,21.25,79.25,305.59,4.80,301.53
2025-04-20,21.25,79.50,,0.00,301.77
2025-04-20,21.25,79.75,304.16,0.58,300.11
2025-04-20,21.50,78.75,304.01,0.00,300.43
2025-04-20,21.50,79.00,303.73,0.00,299.92
2025-04-20,21.50,79.25,304.25,1.18,300.02
2025-04-20,21.50,79.50,303.91,2.71,300.62
2025-04-20,21.50,79.75,302.37,0.00,300.33
2025-04-20,21.75,78.75,304.46,0.00,300.75
2025-04-20,21.75,79.00,302.42,0.00,299.72
2025-04-20,21.75,79.25,303.82,0.83,301.32
2025-04-20,21.75,79.50,303.60,0.36,300.45
2025-04-20,21.75,79.75,305.54,0.00,300.36
2025-04-21,20.75,78.75,301.81,0.00,
2025-04-21,20.75,79.00,303.44,,300.10
2025-04-21,20.75,79.25,302.33,0.00,299.02
2025-04-21,20.75,79.50,,0.00,299.95
2025-04-21,20.75,79.75,304.65,14.46,301.82
2025-04-21,21.00,78.75,301.05,0.00,
2025-04-21,21.00,79.00,302.65,0.87,300.59
2025-04-21,21.00,79.25,304.88,0.15,300.63
2025-04-21,21.00,79.50,305.23,2.06,300.60
2025-04-21,21.00,79.75,301.88,0.12,300.79
2025-04-21,21.25,78.75,,0.16,299.95
2025-04-21,21.25,79.00,305.40,0.00,
2025-04-21,21.25,79.25,304.21,0.00,300.52
2025-04-21,21.25,79.50,303.81,1.91,299.99
2025-04-21,21.25,79.75,305.21,0.01,300.49
2025-04-21,21.50,78.75,303.77,0.00,300.64
2025-04-21,21.50,79.00,304.91,0.00,300.32
2025-04-21,21.50,79.25,301.10,0.00,300.54
2025-04-21,21.50,79.50,302.53,0.00,299.35
2025-04-21,21.50,79.75,306.61,2.03,300.76
2025-04-21,21.75,78.75,304.16,0.00,300.43
2025-04-21,21.75,79.00,302.48,1.07,301.12
2025-04-21,21.75,79.25,303.28,0.60,299.96
2025-04-21,21.75,79.50,299.71,1.48,300.05
2025-04-21,21.75,79.75,304.83,0.00,299.68
2025-04-22,20.75,78.75,304.71,0.00,300.51
2025-04-22,20.75,79.00,304.36,0.80,300.50
2025-04-22,20.75,79.25,303.95,0.00,300.30
2025-04-22,20.75,79.50,303.33,2.91,300.21
2025-04-22,20.75,79.75,303.21,2.77,299.82
2025-04-22,21.00,78.75,,0.00,301.15
2025-04-22,21.00,79.00,305.34,0.00,300.81
2025-04-22,21.00,79.25,303.85,0.00,300.44
2025-04-22,21.00,79.50,305.94,7.38,300.87
2025-04-22,21.00,79.75,304.54,0.00,299.71
2025-04-22,21.25,78.75,304.29,0.00,300.64
2025-04-22,21.25,79.00,302.58,0.77,300.65
2025-04-22,21.25,79.25,305.70,0.00,300.53
2025-04-22,21.25,79.50,305.63,1.43,300.26
2025-04-22,21.25,79.75,304.06,0.00,300.83
2025-04-22,21.50,78.75,304.24,1.17,300.32
2025-04-22,21.50,79.00,306.81,0.00,300.50
2025-04-22,21.50,79.25,308.22,0.41,300.13
2025-04-22,21.50,79.50,304.84,0.41,300.66
2025-04-22,21.50,79.75,307.11,0.00,300.60
2025-04-22,21.75,78.75,304.38,1.46,300.48
2025-04-22,21.75,79.00,304.99,0.00,299.17
2025-04-22,21.75,79.25,303.22,0.00,300.28
2025-04-22,21.75,79.50,305.20,0.16,301.17
2025-04-22,21.75,79.75,304.51,1.26,300.20
2025-04-23,20.75,78.75,302.14,1.86,299.95
2025-04-23,20.75,79.00,307.91,0.55,300.00
2025-04-23,20.75,79.25,303.26,0.51,301.14
2025-04-23,20.75,79.50,303.96,0.00,299.68
2025-04-23,20.75,79.75,304.61,,
2025-04-23,21.00,78.75,302.86,0.00,299.07
2025-04-23,21.00,79.00,,,300.79
2025-04-23,21.00,79.25,304.22,0.79,300.85
2025-04-23,21.00,79.50,303.27,0.00,299.39
2025-04-23,21.00,79.75,302.01,0.00,301.47
2025-04-23,21.25,78.75,303.74,0.00,300.32
2025-04-23,21.25,79.00,302.86,0.00,301.23
2025-04-23,21.25,79.25,305.90,0.00,300.19
2025-04-23,21.25,79.50,305.15,0.00,299.76
2025-04-23,21.25,79.75,304.31,0.00,300.91
2025-04-23,21.50,78.75,302.73,0.00,301.36
2025-04-23,21.50,79.00,305.18,0.00,300.65
2025-04-23,21.50,79.25,305.37,0.00,299.99
2025-04-23,21.50,79.50,300.13,1.63,301.03
2025-04-23,21.50,79.75,303.92,0.00,300.18
2025-04-23,21.75,78.75,303.93,0.59,300.45
2025-04-23,21.75,79.00,304.54,0.00,300.58
2025-04-23,21.75,79.25,302.10,0.00,300.12
2025-04-23,21.75,79.50,304.36,2.56,300.99
2025-04-23,21.75,79.75,,0.00,300.61
2025-04-24,20.75,78.75,302.93,1.92,299.50
2025-04-24,20.75,79.00,304.78,3.67,300.31
2025-04-24,20.75,79.25,303.97,0.00,300.80
2025-04-24,20.75,79.50,305.30,0.00,300.43
2025-04-24,20.75,79.75,305.66,0.06,300.90
2025-04-24,21.00,78.75,302.75,0.00,301.66
2025-04-24,21.00,79.00,303.54,0.93,301.12
2025-04-24,21.00,79.25,303.81,0.00,299.66
2025-04-24,21.00,79.50,301.66,1.79,300.08
2025-04-24,21.00,79.75,304.16,0.95,300.71
2025-04-24,21.25,78.75,304.67,0.00,300.80
2025-04-24,21.25,79.00,303.53,1.51,300.34
2025-04-24,21.25,79.25,304.94,0.00,300.49
2025-04-24,21.25,79.50,305.65,3.09,299.48
2025-04-24,21.25,79.75,,0.00,300.83
2025-04-24,21.50,78.75,304.11,0.00,300.99
2025-04-24,21.50,79.00,304.82,1.11,300.88
2025-04-24,21.50,79.25,301.41,0.00,300.65
2025-04-24,21.50,79.50,303.13,0.66,300.23
2025-04-24,21.50,79.75,304.15,0.82,299.64
2025-04-24,21.75,78.75,305.45,2.28,300.00
2025-04-24,21.75,79.00,304.40,0.00,300.53
2025-04-24,21.75,79.25,304.79,0.19,301.14
2025-04-24,21.75,79.50,304.61,0.84,300.09
2025-04-24,21.75,79.75,303.98,3.02,300.79
2025-04-25,20.75,78.75,301.96,2.96,299.89
2025-04-25,20.75,79.00,301.40,0.73,299.96
2025-04-25,20.75,79.25,303.26,0.00,300.61
2025-04-25,20.75,79.50,305.50,0.72,300.25
2025-04-25,20.75,79.75,303.21,0.89,300.60
2025-04-25,21.00,78.75,300.35,0.74,301.22
2025-04-25,21.00,79.00,306.40,2.93,300.17
2025-04-25,21.00,79.25,304.82,0.52,300.16
2025-04-25,21.00,79.50,305.35,,300.58
2025-04-25,21.00,79.75,304.37,0.00,300.54
2025-04-25,21.25,78.75,304.35,1.19,300.49
2025-04-25,21.25,79.00,303.12,0.40,300.56
2025-04-25,21.25,79.25,303.90,3.36,300.09
2025-04-25,21.25,79.50,302.26,1.24,300.36
2025-04-25,21.25,79.75,303.17,0.00,299.55
2025-04-25,21.50,78.75,302.44,1.14,300.06
2025-04-25,21.50,79.00,304.11,0.15,300.08
2025-04-25,21.50,79.25,303.29,0.00,300.24
2025-04-25,21.50,79.50,303.44,0.00,300.16
2025-04-25,21.50,79.75,302.16,0.00,300.59
2025-04-25,21.75,78.75,303.84,0.00,300.62
2025-04-25,21.75,79.00,305.16,1.33,300.56
2025-04-25,21.75,79.25,305.61,0.00,299.84
2025-04-25,21.75,79.50,305.34,0.00,300.57
2025-04-25,21.75,79.75,304.91,0.00,300.51
2025-04-26,20.75,78.75,303.58,2.01,299.88
2025-04-26,20.75,79.00,307.91,0.36,300.47
2025-04-26,20.75,79.25,306.14,0.00,299.90
2025-04-26,20.75,79.50,302.44,0.00,300.02
2025-04-26,20.75,79.75,303.69,2.80,299.95
2025-04-26,21.00,78.75,302.78,2.07,300.75
2025-04-26,21.00,79.00,302.51,0.95,300.92
2025-04-26,21.00,79.25,300.84,3.08,300.67
2025-04-26,21.00,79.50,,0.00,300.32
2025-04-26,21.00,79.75,303.91,0.00,300.84
2025-04-26,21.25,78.75,303.04,0.00,300.36
2025-04-26,21.25,79.00,305.00,0.56,300.44
2025-04-26,21.25,79.25,303.19,0.00,300.53
2025-04-26,21.25,79.50,303.58,1.02,300.76
2025-04-26,21.25,79.75,304.99,3.26,300.83
2025-04-26,21.50,78.75,305.49,0.00,299.76
2025-04-26,21.50,79.00,303.95,0.00,300.51
2025-04-26,21.50,79.25,305.71,0.86,300.12
2025-04-26,21.50,79.50,305.24,0.00,299.99
2025-04-26,21.50,79.75,305.38,0.00,300.07
2025-04-26,21.75,78.75,301.76,0.00,300.64
2025-04-26,21.75,79.00,304.79,4.79,299.99
2025-04-26,21.75,79.25,304.44,1.53,299.85
2025-04-26,21.75,79.50,302.37,1.48,299.91
2025-04-26,21.75,79.75,303.18,0.00,300.27
2025-04-27,20.75,78.75,307.37,0.00,300.36
2025-04-27,20.75,79.00,305.00,0.00,300.49
2025-04-27,20.75,79.25,304.44,0.05,300.46
2025-04-27,20.75,79.50,306.62,0.00,300.74
2025-04-27,20.75,79.75,305.72,0.00,300.10
2025-04-27,21.00,78.75,302.63,0.81,301.07
2025-04-27,21.00,79.00,305.27,0.00,300.29
2025-04-27,21.00,79.25,304.43,1.69,300.55
2025-04-27,21.00,79.50,304.38,0.00,301.17
2025-04-27,21.00,79.75,305.84,0.00,300.80
2025-04-27,21.25,78.75,306.40,1.22,300.76
2025-04-27,21.25,79.00,,0.00,300.45
2025-04-27,21.25,79.25,304.09,1.00,300.39
2025-04-27,21.25,79.50,305.32,1.60,301.26
2025-04-27,21.25,79.75,306.02,1.60,300.60
2025-04-27,21.50,78.75,305.94,0.00,
2025-04-27,21.50,79.00,,0.76,
2025-04-27,21.50,79.25,305.02,0.00,299.53
2025-04-27,21.50,79.50,305.02,0.04,300.20
2025-04-27,21.50,79.75,303.03,2.69,300.03
2025-04-27,21.75,78.75,304.29,0.00,
2025-04-27,21.75,79.00,,0.53,300.67
2025-04-27,21.75,79.25,305.83,0.17,299.63
2025-04-27,21.75,79.50,,1.81,300.40
2025-04-27,21.75,79.75,303.44,3.85,301.27
2025-04-28,20.75,78.75,302.17,1.77,300.36
2025-04-28,20.75,79.00,305.23,0.06,300.69
2025-04-28,20.75,79.25,305.71,0.82,301.30
2025-04-28,20.75,79.50,302.73,4.74,300.12
2025-04-28,20.75,79.75,302.95,0.08,300.75
2025-04-28,21.00,78.75,302.89,0.00,300.78
2025-04-28,21.00,79.00,302.86,0.05,301.00
2025-04-28,21.00,79.25,303.74,0.00,300.10
2025-04-28,21.00,79.50,305.19,0.00,300.60
2025-04-28,21.00,79.75,304.46,0.00,300.08
2025-04-28,21.25,78.75,305.06,0.30,301.89
2025-04-28,21.25,79.00,305.27,0.00,300.86
2025-04-28,21.25,79.25,302.53,0.00,300.60
2025-04-28,21.25,79.50,305.72,0.00,300.67
2025-04-28,21.25,79.75,304.76,0.00,300.45
2025-04-28,21.50,78.75,304.02,1.45,
2025-04-28,21.50,79.00,305.41,0.00,300.27
2025-04-28,21.50,79.25,304.74,1.31,300.62
2025-04-28,21.50,79.50,302.24,,300.49
2025-04-28,21.50,79.75,306.42,0.00,299.99
2025-04-28,21.75,78.75,304.04,1.80,300.83
2025-04-28,21.75,79.00,303.47,0.00,299.93
2025-04-28,21.75,79.25,306.38,0.97,
2025-04-28,21.75,79.50,303.84,0.00,
2025-04-28,21.75,79.75,303.66,0.00,300.54
2025-04-29,20.75,78.75,304.32,0.74,299.73
2025-04-29,20.75,79.00,305.86,2.26,300.62
2025-04-29,20.75,79.25,306.51,,300.28
2025-04-29,20.75,79.50,303.54,0.00,
2025-04-29,20.75,79.75,302.81,0.33,300.49
2025-04-29,21.00,78.75,303.84,3.75,300.95
2025-04-29,21.00,79.00,305.06,1.02,300.25
2025-04-29,21.00,79.25,303.67,0.00,301.50
2025-04-29,21.00,79.50,304.06,0.82,300.80
2025-04-29,21.00,79.75,305.44,0.00,300.43
2025-04-29,21.25,78.75,302.18,0.00,300.45
2025-04-29,21.25,79.00,301.51,5.88,300.32
2025-04-29,21.25,79.25,303.65,1.80,300.95
2025-04-29,21.25,79.50,305.43,0.00,300.69
2025-04-29,21.25,79.75,304.23,2.81,300.37
2025-04-29,21.50,78.75,302.23,1.16,300.24
2025-04-29,21.50,79.00,304.15,0.00,300.28
2025-04-29,21.50,79.25,302.03,0.00,301.29
2025-04-29,21.50,79.50,302.38,1.09,300.53
2025-04-29,21.50,79.75,304.59,0.63,300.32
2025-04-29,21.75,78.75,306.29,0.00,299.63
2025-04-29,21.75,79.00,305.30,0.45,299.92
2025-04-29,21.75,79.25,301.77,0.01,300.04
2025-04-29,21.75,79.50,305.93,0.00,300.37
2025-04-29,21.75,79.75,304.37,0.00,299.94
2025-04-30,20.75,78.75,301.21,0.00,300.90
2025-04-30,20.75,79.00,305.18,0.00,300.01
2025-04-30,20.75,79.25,300.69,1.49,300.20
2025-04-30,20.75,79.50,304.08,0.00,
2025-04-30,20.75,79.75,306.57,0.00,300.39
2025-04-30,21.00,78.75,306.03,0.00,300.74
2025-04-30,21.00,79.00,304.19,2.32,300.39
2025-04-30,21.00,79.25,304.95,2.02,299.14
2025-04-30,21.00,79.50,304.46,0.00,300.45
2025-04-30,21.00,79.75,304.27,0.93,300.95
2025-04-30,21.25,78.75,305.32,0.00,299.50
2025-04-30,21.25,79.00,305.91,0.32,299.26
2025-04-30,21.25,79.25,304.61,3.90,300.58
2025-04-30,21.25,79.50,304.72,6.50,300.01
2025-04-30,21.25,79.75,305.26,0.24,300.77
2025-04-30,21.50,78.75,305.12,0.15,299.58
2025-04-30,21.50,79.00,307.69,3.66,300.03
2025-04-30,21.50,79.25,303.37,0.00,299.65
2025-04-30,21.50,79.50,303.73,0.18,300.73
2025-04-30,21.50,79.75,305.00,4.09,300.30
2025-04-30,21.75,78.75,303.48,0.02,300.46
2025-04-30,21.75,79.00,304.89,0.00,300.66
2025-04-30,21.75,79.25,302.88,3.56,301.21
2025-04-30,21.75,79.50,302.96,0.00,300.09
2025-04-30,21.75,79.75,303.79,0.41,300.24
2025-05-01,20.75,78.75,302.95,1.73,300.47
2025-05-01,20.75,79.00,305.77,0.03,299.76
2025-05-01,20.75,79.25,303.93,0.00,299.18
2025-05-01,20.75,79.50,305.78,0.00,300.35
2025-05-01,20.75,79.75,303.29,0.80,300.49
2025-05-01,21.00,78.75,306.27,0.00,301.03
2025-05-01,21.00,79.00,305.14,1.12,300.16
2025-05-01,21.00,79.25,,0.00,300.54
2025-05-01,21.00,79.50,303.49,0.00,299.95
2025-05-01,21.00,79.75,305.63,0.39,299.80
2025-05-01,21.25,78.75,305.88,2.52,301.05
2025-05-01,21.25,79.00,305.21,0.00,300.43
2025-05-01,21.25,79.25,306.25,4.18,300.13
2025-05-01,21.25,79.50,306.81,0.00,300.30
2025-05-01,21.25,79.75,301.90,1.86,299.44
2025-05-01,21.50,78.75,306.28,0.00,300.54
2025-05-01,21.50,79.00,304.19,0.00,300.67
2025-05-01,21.50,79.25,304.88,2.05,300.08
2025-05-01,21.50,79.50,305.17,0.00,299.81
2025-05-01,21.50,79.75,,,299.38
2025-05-01,21.75,78.75,302.67,0.45,300.50
2025-05-01,21.75,79.00,303.69,0.00,300.26
2025-05-01,21.75,79.25,305.13,0.60,299.52
2025-05-01,21.75,79.50,304.91,1.08,300.13
2025-05-01,21.75,79.75,305.00,,300.47
2025-05-02,20.75,78.75,304.58,0.00,300.47
2025-05-02,20.75,79.00,307.36,0.00,300.86
2025-05-02,20.75,79.25,302.84,2.12,299.72
2025-05-02,20.75,79.50,304.85,1.36,299.45
2025-05-02,20.75,79.75,303.61,0.00,300.36
2025-05-02,21.00,78.75,304.66,1.14,300.10
2025-05-02,21.00,79.00,305.78,4.25,299.71
2025-05-02,21.00,79.25,305.36,0.51,299.83
2025-05-02,21.00,79.50,,0.00,300.13
2025-05-02,21.00,79.75,304.12,0.00,300.45
2025-05-02,21.25,78.75,303.12,0.00,299.91
2025-05-02,21.25,79.00,304.42,0.00,299.92
2025-05-02,21.25,79.25,304.64,0.00,300.34
2025-05-02,21.25,79.50,306.09,0.00,299.79
2025-05-02,21.25,79.75,308.11,,300.48
2025-05-02,21.50,78.75,305.40,0.00,
2025-05-02,21.50,79.00,305.21,0.00,300.35
2025-05-02,21.50,79.25,304.89,0.00,300.85
2025-05-02,21.50,79.50,303.77,0.00,300.85
2025-05-02,21.50,79.75,305.23,8.11,301.13
2025-05-02,21.75,78.75,303.07,0.00,300.24
2025-05-02,21.75,79.00,306.69,1.17,300.19
2025-05-02,21.75,79.25,305.32,0.00,299.99
2025-05-02,21.75,79.50,307.73,3.11,300.66
2025-05-02,21.75,79.75,304.79,2.88,300.93
2025-05-03,20.75,78.75,,0.00,300.42
2025-05-03,20.75,79.00,305.01,0.00,300.07
2025-05-03,20.75,79.25,306.93,0.12,300.52
2025-05-03,20.75,79.50,305.73,0.12,299.86
2025-05-03,20.75,79.75,304.60,0.00,300.41
2025-05-03,21.00,78.75,305.91,0.00,300.88
2025-05-03,21.00,79.00,302.28,0.71,300.62
2025-05-03,21.00,79.25,304.10,0.40,300.31
2025-05-03,21.00,79.50,304.75,0.00,300.49
2025-05-03,21.00,79.75,303.41,0.00,300.55
2025-05-03,21.25,78.75,304.68,2.17,300.40
2025-05-03,21.25,79.00,306.48,1.92,300.31
2025-05-03,21.25,79.25,303.93,0.00,299.92
2025-05-03,21.25,79.50,305.59,0.00,300.68
2025-05-03,21.25,79.75,304.86,0.00,299.29
2025-05-03,21.50,78.75,304.61,0.00,300.43
2025-05-03,21.50,79.00,303.40,4.13,300.65
2025-05-03,21.50,79.25,307.99,1.25,300.78
2025-05-03,21.50,79.50,304.76,2.22,300.06
2025-05-03,21.50,79.75,307.72,2.63,299.79
2025-05-03,21.75,78.75,306.68,2.80,300.93
2025-05-03,21.75,79.00,306.86,1.31,299.49
2025-05-03,21.75,79.25,303.34,0.99,301.59
2025-05-03,21.75,79.50,306.20,3.66,299.92
2025-05-03,21.75,79.75,305.67,0.00,299.64
2025-05-04,20.75,78.75,306.64,0.51,300.32
2025-05-04,20.75,79.00,302.63,4.61,300.54
2025-05-04,20.75,79.25,304.82,0.93,299.53
2025-05-04,20.75,79.50,,0.93,301.09
2025-05-04,20.75,79.75,305.01,0.00,
2025-05-04,21.00,78.75,303.51,1.64,301.10
2025-05-04,21.00,79.00,304.86,0.00,300.35
2025-05-04,21.00,79.25,303.24,0.00,299.57
2025-05-04,21.00,79.50,305.31,2.63,300.66
2025-05-04,21.00,79.75,304.47,0.39,300.56
2025-05-04,21.25,78.75,301.91,0.00,300.09
2025-05-04,21.25,79.00,305.72,0.00,300.16
2025-05-04,21.25,79.25,307.32,4.17,300.91
2025-05-04,21.25,79.50,304.24,0.00,300.48
2025-05-04,21.25,79.75,305.52,0.00,299.59
2025-05-04,21.50,78.75,304.07,6.68,300.31
2025-05-04,21.50,79.00,305.12,0.00,300.59
2025-05-04,21.50,79.25,303.61,1.43,300.71
2025-05-04,21.50,79.50,305.60,0.03,300.34
2025-05-04,21.50,79.75,306.73,1.71,300.08
2025-05-04,21.75,78.75,303.94,0.18,300.53
2025-05-04,21.75,79.00,304.63,1.23,300.98
2025-05-04,21.75,79.25,305.19,5.96,299.93
2025-05-04,21.75,79.50,306.43,0.22,300.34
2025-05-04,21.75,79.75,304.68,0.00,300.41
2025-05-05,20.75,78.75,303.63,0.77,299.93
2025-05-05,20.75,79.00,305.50,0.00,299.98
2025-05-05,20.75,79.25,305.11,0.25,299.62
2025-05-05,20.75,79.50,305.21,4.27,299.78
2025-05-05,20.75,79.75,305.30,0.94,300.34
2025-05-05,21.00,78.75,,0.00,299.64
2025-05-05,21.00,79.00,303.01,0.00,300.34
2025-05-05,21.00,79.25,302.47,3.13,300.47
2025-05-05,21.00,79.50,307.49,3.10,300.38
2025-05-05,21.00,79.75,303.60,0.00,299.68
2025-05-05,21.25,78.75,303.11,0.00,300.91
2025-05-05,21.25,79.00,304.44,0.50,299.68
2025-05-05,21.25,79.25,306.33,5.62,300.34
2025-05-05,21.25,79.50,303.86,2.20,
2025-05-05,21.25,79.75,305.01,0.00,299.58
2025-05-05,21.50,78.75,305.40,0.24,
2025-05-05,21.50,79.00,,0.63,300.47
2025-05-05,21.50,79.25,307.91,1.32,300.26
2025-05-05,21.50,79.50,307.02,0.00,300.83
2025-05-05,21.50,79.75,305.33,0.77,300.16
2025-05-05,21.75,78.75,305.16,0.00,
2025-05-05,21.75,79.00,305.47,2.27,300.48
2025-05-05,21.75,79.25,305.91,0.28,299.94
2025-05-05,21.75,79.50,306.42,1.31,301.19
2025-05-05,21.75,79.75,304.94,0.00,300.56
2025-05-06,20.75,78.75,303.12,2.26,300.97
2025-05-06,20.75,79.00,305.62,0.00,300.12
2025-05-06,20.75,79.25,304.84,0.00,300.73
2025-05-06,20.75,79.50,305.35,6.39,300.45
2025-05-06,20.75,79.75,304.24,0.00,299.92
2025-05-06,21.00,78.75,306.14,0.00,299.55
2025-05-06,21.00,79.00,304.11,7.63,300.03
2025-05-06,21.00,79.25,307.60,0.00,301.34
2025-05-06,21.00,79.50,304.97,1.99,300.28
2025-05-06,21.00,79.75,302.87,0.00,300.13
2025-05-06,21.25,78.75,308.12,0.00,300.40
2025-05-06,21.25,79.00,305.34,3.75,301.34
2025-05-06,21.25,79.25,307.65,1.82,300.04
2025-05-06,21.25,79.50,304.85,0.63,300.87
2025-05-06,21.25,79.75,304.82,0.00,300.23
2025-05-06,21.50,78.75,305.36,5.27,299.80
2025-05-06,21.50,79.00,303.56,1.91,300.11
2025-05-06,21.50,79.25,303.19,4.82,300.95
2025-05-06,21.50,79.50,306.03,0.00,300.01
2025-05-06,21.50,79.75,306.55,0.29,301.08
2025-05-06,21.75,78.75,302.73,0.00,300.14
2025-05-06,21.75,79.00,302.68,1.93,300.82
2025-05-06,21.75,79.25,306.66,0.08,300.97
2025-05-06,21.75,79.50,305.20,0.84,299.85
2025-05-06,21.75,79.75,305.98,0.29,299.52
2025-05-07,20.75,78.75,304.11,0.00,300.59
2025-05-07,20.75,79.00,305.70,1.12,300.10
2025-05-07,20.75,79.25,304.26,0.00,300.88
2025-05-07,20.75,79.50,307.24,0.53,299.59
2025-05-07,20.75,79.75,302.86,0.00,299.82
2025-05-07,21.00,78.75,303.71,0.61,300.09
2025-05-07,21.00,79.00,306.32,0.00,299.96
2025-05-07,21.00,79.25,305.77,2.43,301.22
2025-05-07,21.00,79.50,305.15,4.92,299.26
2025-05-07,21.00,79.75,304.26,1.66,301.17
2025-05-07,21.25,78.75,305.01,5.76,300.10
2025-05-07,21.25,79.00,306.32,0.00,
2025-05-07,21.25,79.25,305.16,0.00,299.95
2025-05-07,21.25,79.50,306.01,2.51,299.75
2025-05-07,21.25,79.75,305.04,0.00,300.81
2025-05-07,21.50,78.75,304.88,1.87,300.18
2025-05-07,21.50,79.00,304.78,0.00,300.12
2025-05-07,21.50,79.25,305.71,0.05,300.51
2025-05-07,21.50,79.50,304.08,0.30,300.62
2025-05-07,21.50,79.75,306.18,0.00,299.67
2025-05-07,21.75,78.75,304.50,1.06,300.12
2025-05-07,21.75,79.00,306.60,0.00,
2025-05-07,21.75,79.25,303.88,0.00,300.58
2025-05-07,21.75,79.50,304.22,0.00,300.39
2025-05-07,21.75,79.75,304.77,0.00,300.18
2025-05-08,20.75,78.75,304.91,0.32,300.96
2025-05-08,20.75,79.00,305.82,2.27,300.35
2025-05-08,20.75,79.25,303.46,0.47,300.58
2025-05-08,20.75,79.50,309.34,0.00,300.94
2025-05-08,20.75,79.75,304.57,0.98,300.35
2025-05-08,21.00,78.75,303.90,1.78,299.84
2025-05-08,21.00,79.00,304.52,0.00,300.23
2025-05-08,21.00,79.25,302.45,3.45,299.80
2025-05-08,21.00,79.50,306.01,0.00,300.54
2025-05-08,21.00,79.75,304.92,8.52,300.44
2025-05-08,21.25,78.75,306.62,1.97,300.21
2025-05-08,21.25,79.00,305.91,0.00,
2025-05-08,21.25,79.25,308.10,0.44,300.07
2025-05-08,21.25,79.50,306.93,0.00,299.75
2025-05-08,21.25,79.75,306.82,1.12,299.64
2025-05-08,21.50,78.75,309.87,0.01,300.45
2025-05-08,21.50,79.00,306.99,0.00,300.90
2025-05-08,21.50,79.25,306.37,0.00,300.01
2025-05-08,21.50,79.50,305.31,1.09,300.05
2025-05-08,21.50,79.75,303.18,0.58,299.99
2025-05-08,21.75,78.75,306.27,0.92,300.88
2025-05-08,21.75,79.00,304.81,0.00,300.55
2025-05-08,21.75,79.25,306.00,0.10,300.39
2025-05-08,21.75,79.50,304.79,4.54,300.98
2025-05-08,21.75,79.75,305.66,1.94,300.63
2025-05-09,20.75,78.75,304.92,1.04,300.11
2025-05-09,20.75,79.00,305.99,0.00,300.11
2025-05-09,20.75,79.25,306.44,0.00,
2025-05-09,20.75,79.50,308.26,0.00,300.91
2025-05-09,20.75,79.75,,0.30,299.41
2025-05-09,21.00,78.75,303.79,1.95,300.81
2025-05-09,21.00,79.00,305.08,0.47,300.69
2025-05-09,21.00,79.25,305.93,0.41,300.59
2025-05-09,21.00,79.50,304.62,0.00,300.69
2025-05-09,21.00,79.75,308.51,0.94,299.50
2025-05-09,21.25,78.75,303.31,2.56,299.56
2025-05-09,21.25,79.00,304.15,0.00,300.79
2025-05-09,21.25,79.25,304.67,2.96,299.75
2025-05-09,21.25,79.50,304.81,13.10,299.51
2025-05-09,21.25,79.75,305.82,0.96,300.34
2025-05-09,21.50,78.75,304.74,0.00,300.01
2025-05-09,21.50,79.00,307.71,0.39,299.35
2025-05-09,21.50,79.25,305.13,2.15,300.72
2025-05-09,21.50,79.50,305.95,3.36,300.24
2025-05-09,21.50,79.75,306.09,2.32,299.89
2025-05-09,21.75,78.75,307.90,3.17,300.36
2025-05-09,21.75,79.00,305.24,0.00,299.82
2025-05-09,21.75,79.25,307.89,0.00,301.01
2025-05-09,21.75,79.50,306.02,4.47,300.39
2025-05-09,21.75,79.75,305.80,1.60,300.99
2025-05-10,20.75,78.75,305.39,0.00,300.82
2025-05-10,20.75,79.00,306.65,0.00,300.70
2025-05-10,20.75,79.25,305.51,2.53,300.97
2025-05-10,20.75,79.50,303.73,5.50,300.97
2025-05-10,20.75,79.75,305.88,1.37,299.63
2025-05-10,21.00,78.75,305.85,0.81,
2025-05-10,21.00,79.00,305.14,0.00,300.82
2025-05-10,21.00,79.25,,0.00,299.99
2025-05-10,21.00,79.50,307.82,0.97,299.67
2025-05-10,21.00,79.75,303.88,0.00,300.46
2025-05-10,21.25,78.75,301.74,0.98,300.63
2025-05-10,21.25,79.00,304.71,0.85,300.20
2025-05-10,21.25,79.25,307.11,0.00,300.24
2025-05-10,21.25,79.50,303.09,0.00,300.78
2025-05-10,21.25,79.75,303.48,1.15,300.98
2025-05-10,21.50,78.75,304.43,0.00,300.63
2025-05-10,21.50,79.00,305.25,4.40,300.08
2025-05-10,21.50,79.25,304.63,0.72,300.66
2025-05-10,21.50,79.50,305.76,0.00,299.93
2025-05-10,21.50,79.75,305.29,1.15,300.89
2025-05-10,21.75,78.75,304.98,0.85,
2025-05-10,21.75,79.00,304.13,0.93,300.61
2025-05-10,21.75,79.25,305.83,5.07,299.73
2025-05-10,21.75,79.50,306.23,0.42,299.28
2025-05-10,21.75,79.75,308.25,2.87,300.64
2025-05-11,20.75,78.75,304.70,4.25,300.70
2025-05-11,20.75,79.00,303.92,4.31,299.79
2025-05-11,20.75,79.25,305.94,0.00,300.17
2025-05-11,20.75,79.50,306.95,5.91,300.82
2025-05-11,20.75,79.75,303.07,1.62,299.98
2025-05-11,21.00,78.75,306.25,0.00,300.21
2025-05-11,21.00,79.00,305.64,1.99,299.70
2025-05-11,21.00,79.25,305.60,2.48,299.85
2025-05-11,21.00,79.50,305.79,0.00,300.42
2025-05-11,21.00,79.75,302.16,0.00,300.83
2025-05-11,21.25,78.75,304.68,3.90,
2025-05-11,21.25,79.00,305.68,6.84,300.80
2025-05-11,21.25,79.25,305.76,3.67,300.25
2025-05-11,21.25,79.50,303.29,0.13,298.77
2025-05-11,21.25,79.75,302.71,2.61,300.98
2025-05-11,21.50,78.75,302.96,1.10,300.40
2025-05-11,21.50,79.00,303.50,2.02,
2025-05-11,21.50,79.25,305.91,0.67,300.52
2025-05-11,21.50,79.50,308.20,3.90,300.45
2025-05-11,21.50,79.75,307.57,0.87,300.53
2025-05-11,21.75,78.75,306.05,0.00,300.48
2025-05-11,21.75,79.00,305.38,4.57,300.14
2025-05-11,21.75,79.25,,1.95,
2025-05-11,21.75,79.50,308.42,0.00,300.77
2025-05-11,21.75,79.75,307.23,0.00,300.24
2025-05-12,20.75,78.75,305.47,7.01,300.42
2025-05-12,20.75,79.00,305.37,1.28,300.63
2025-05-12,20.75,79.25,303.39,0.18,299.49
2025-05-12,20.75,79.50,305.27,4.11,300.25
2025-05-12,20.75,79.75,307.29,0.00,300.47
2025-05-12,21.00,78.75,304.44,,300.06
2025-05-12,21.00,79.00,306.44,,300.91
2025-05-12,21.00,79.25,304.78,0.69,299.15
2025-05-12,21.00,79.50,307.50,0.00,299.54
2025-05-12,21.00,79.75,307.97,3.59,300.48
2025-05-12,21.25,78.75,306.22,0.00,300.47
2025-05-12,21.25,79.00,305.58,2.83,299.77
2025-05-12,21.25,79.25,303.88,0.57,300.36
2025-05-12,21.25,79.50,304.96,0.00,300.66
2025-05-12,21.25,79.75,308.56,0.00,298.87
2025-05-12,21.50,78.75,304.84,3.20,
2025-05-12,21.50,79.00,304.32,0.91,300.03
2025-05-12,21.50,79.25,307.50,6.62,300.63
2025-05-12,21.50,79.50,310.08,0.15,299.91
2025-05-12,21.50,79.75,305.77,0.25,299.90
2025-05-12,21.75,78.75,307.23,0.52,300.09
2025-05-12,21.75,79.00,305.69,0.01,300.04
2025-05-12,21.75,79.25,305.40,4.56,301.24
2025-05-12,21.75,79.50,308.45,0.15,300.34
2025-05-12,21.75,79.75,306.08,2.82,299.25
2025-05-13,20.75,78.75,307.47,,300.41
2025-05-13,20.75,79.00,306.00,0.00,300.76
2025-05-13,20.75,79.25,308.03,3.85,299.19
2025-05-13,20.75,79.50,304.62,0.50,299.48
2025-05-13,20.75,79.75,309.20,0.00,300.61
2025-05-13,21.00,78.75,304.77,0.17,300.16
2025-05-13,21.00,79.00,304.60,0.00,300.88
2025-05-13,21.00,79.25,304.70,0.00,300.39
2025-05-13,21.00,79.50,304.61,0.33,300.36
2025-05-13,21.00,79.75,304.71,0.02,300.32
2025-05-13,21.25,78.75,306.14,3.89,300.54
2025-05-13,21.25,79.00,304.97,4.35,300.63
2025-05-13,21.25,79.25,304.53,1.06,300.55
2025-05-13,21.25,79.50,306.30,0.00,300.41
2025-05-13,21.25,79.75,306.04,2.68,300.94
2025-05-13,21.50,78.75,307.43,2.32,299.98
2025-05-13,21.50,79.00,306.63,0.00,
2025-05-13,21.50,79.25,305.57,0.98,299.66
2025-05-13,21.50,79.50,305.99,0.53,300.32
2025-05-13,21.50,79.75,308.13,0.51,300.98
2025-05-13,21.75,78.75,306.39,3.74,301.21
2025-05-13,21.75,79.00,305.20,0.00,300.01
2025-05-13,21.75,79.25,304.77,3.50,300.50
2025-05-13,21.75,79.50,305.36,0.57,300.37
2025-05-13,21.75,79.75,308.18,1.21,300.29
2025-05-14,20.75,78.75,305.02,0.48,299.85
2025-05-14,20.75,79.00,304.21,0.82,300.82
2025-05-14,20.75,79.25,304.48,0.00,300.78
2025-05-14,20.75,79.50,306.05,0.52,300.04
2025-05-14,20.75,79.75,306.24,0.00,299.85
2025-05-14,21.00,78.75,306.38,3.38,299.48
2025-05-14,21.00,79.00,303.42,3.59,300.20
2025-05-14,21.00,79.25,305.35,0.18,300.23
2025-05-14,21.00,79.50,305.88,0.82,299.88
2025-05-14,21.00,79.75,307.99,1.38,300.48
2025-05-14,21.25,78.75,308.42,1.06,300.54
2025-05-14,21.25,79.00,306.60,1.38,300.21
2025-05-14,21.25,79.25,308.23,0.09,300.61
2025-05-14,21.25,79.50,309.10,0.74,299.93
2025-05-14,21.25,79.75,307.58,0.00,299.78
2025-05-14,21.50,78.75,304.43,0.00,300.59
2025-05-14,21.50,79.00,306.07,0.00,300.23
2025-05-14,21.50,79.25,306.49,3.19,300.83
2025-05-14,21.50,79.50,307.08,0.74,300.03
2025-05-14,21.50,79.75,308.95,1.96,300.96
2025-05-14,21.75,78.75,307.00,2.54,299.75
2025-05-14,21.75,79.00,306.93,0.00,300.53
2025-05-14,21.75,79.25,309.23,1.70,298.81
2025-05-14,21.75,79.50,307.83,0.82,299.84
2025-05-14,21.75,79.75,307.11,4.27,299.33
2025-05-15,20.75,78.75,304.58,0.00,299.64
2025-05-15,20.75,79.00,304.06,2.34,300.49
2025-05-15,20.75,79.25,304.81,0.81,300.03
2025-05-15,20.75,79.50,306.67,0.00,300.54
2025-05-15,20.75,79.75,307.74,0.00,300.18
2025-05-15,21.00,78.75,,2.92,300.89
2025-05-15,21.00,79.00,304.07,0.00,300.03
2025-05-15,21.00,79.25,308.02,1.20,300.85
2025-05-15,21.00,79.50,306.78,1.72,300.07
2025-05-15,21.00,79.75,306.85,0.00,299.68
2025-05-15,21.25,78.75,303.89,0.60,300.74
2025-05-15,21.25,79.00,304.92,0.12,300.78
2025-05-15,21.25,79.25,305.04,0.55,300.07
2025-05-15,21.25,79.50,305.53,9.91,
2025-05-15,21.25,79.75,305.84,1.37,299.70
2025-05-15,21.50,78.75,,0.20,300.41
2025-05-15,21.50,79.00,308.66,0.00,300.11
2025-05-15,21.50,79.25,306.82,4.29,300.14
2025-05-15,21.50,79.50,308.90,0.00,300.45
2025-05-15,21.50,79.75,304.20,0.00,300.04
2025-05-15,21.75,78.75,305.73,0.00,299.57
2025-05-15,21.75,79.00,305.76,3.08,
2025-05-15,21.75,79.25,305.78,4.31,299.99
2025-05-15,21.75,79.50,306.07,1.43,300.02
2025-05-15,21.75,79.75,307.57,0.00,299.93
2025-05-16,20.75,78.75,,1.63,299.54
2025-05-16,20.75,79.00,307.19,2.59,300.71
2025-05-16,20.75,79.25,305.37,0.33,300.70
2025-05-16,20.75,79.50,303.25,0.06,300.56
2025-05-16,20.75,79.75,304.58,0.90,300.06
2025-05-16,21.00,78.75,305.17,8.42,
2025-05-16,21.00,79.00,306.97,8.72,299.93
2025-05-16,21.00,79.25,303.36,3.02,300.59
2025-05-16,21.00,79.50,306.37,3.73,300.88
2025-05-16,21.00,79.75,305.12,0.31,300.53
2025-05-16,21.25,78.75,305.05,5.71,299.42
2025-05-16,21.25,79.00,305.08,4.39,300.03
2025-05-16,21.25,79.25,307.16,0.00,300.00
2025-05-16,21.25,79.50,304.09,3.16,300.32
2025-05-16,21.25,79.75,305.05,0.40,299.37
2025-05-16,21.50,78.75,305.42,0.00,300.15
2025-05-16,21.50,79.00,307.60,1.37,300.25
2025-05-16,21.50,79.25,307.78,1.98,
2025-05-16,21.50,79.50,302.67,0.00,300.46
2025-05-16,21.50,79.75,304.51,1.32,300.26
2025-05-16,21.75,78.75,303.63,2.29,301.12
2025-05-16,21.75,79.00,306.29,0.00,299.50
2025-05-16,21.75,79.25,303.82,0.00,301.07
2025-05-16,21.75,79.50,304.95,1.49,299.86
2025-05-16,21.75,79.75,305.10,3.44,300.37
2025-05-17,20.75,78.75,305.04,0.00,299.55
2025-05-17,20.75,79.00,305.64,0.00,300.19
2025-05-17,20.75,79.25,305.79,0.41,
2025-05-17,20.75,79.50,304.09,5.32,299.63
2025-05-17,20.75,79.75,308.40,1.72,300.07
2025-05-17,21.00,78.75,307.92,0.28,300.65
2025-05-17,21.00,79.00,303.72,5.06,299.79
2025-05-17,21.00,79.25,306.88,2.64,299.87
2025-05-17,21.00,79.50,306.14,0.00,299.80
2025-05-17,21.00,79.75,305.22,6.05,300.50
2025-05-17,21.25,78.75,305.12,0.00,300.09
2025-05-17,21.25,79.00,307.29,1.69,300.12
2025-05-17,21.25,79.25,306.57,1.55,299.51
2025-05-17,21.25,79.50,305.23,0.00,300.72
2025-05-17,21.25,79.75,308.01,0.66,299.77
2025-05-17,21.50,78.75,305.66,0.70,300.27
2025-05-17,21.50,79.00,,0.14,299.36
2025-05-17,21.50,79.25,306.74,2.70,300.85
2025-05-17,21.50,79.50,307.59,2.20,300.60
2025-05-17,21.50,79.75,304.31,0.27,299.78
2025-05-17,21.75,78.75,306.82,0.12,301.06
2025-05-17,21.75,79.00,308.32,3.38,299.90
2025-05-17,21.75,79.25,307.82,0.00,299.85
2025-05-17,21.75,79.50,304.66,0.00,299.89
2025-05-17,21.75,79.75,306.30,0.07,299.98
2025-05-18,20.75,78.75,306.68,2.26,300.72
2025-05-18,20.75,79.00,306.47,0.17,301.00
2025-05-18,20.75,79.25,306.09,0.19,299.25
2025-05-18,20.75,79.50,305.20,1.76,299.95
2025-05-18,20.75,79.75,308.29,0.00,299.85
2025-05-18,21.00,78.75,,3.00,300.00
2025-05-18,21.00,79.00,306.79,0.66,301.05
2025-05-18,21.00,79.25,308.26,1.49,300.02
2025-05-18,21.00,79.50,306.58,1.00,300.23
2025-05-18,21.00,79.75,308.79,1.55,299.10
2025-05-18,21.25,78.75,305.52,,299.99
2025-05-18,21.25,79.00,306.98,5.05,300.26
2025-05-18,21.25,79.25,,0.95,300.49
2025-05-18,21.25,79.50,308.23,0.76,299.71
2025-05-18,21.25,79.75,307.11,8.56,298.98
2025-05-18,21.50,78.75,309.05,7.25,300.65
2025-05-18,21.50,79.00,306.37,3.63,300.46
2025-05-18,21.50,79.25,308.83,3.47,300.57
2025-05-18,21.50,79.50,307.05,0.96,299.68
2025-05-18,21.50,79.75,305.90,0.00,300.16
2025-05-18,21.75,78.75,307.52,1.47,300.02
2025-05-18,21.75,79.00,305.69,2.41,300.74
2025-05-18,21.75,79.25,305.07,2.39,300.56
2025-05-18,21.75,79.50,303.30,1.90,300.61
2025-05-18,21.75,79.75,306.20,0.00,299.84
2025-05-19,20.75,78.75,306.81,3.73,299.65
2025-05-19,20.75,79.00,307.06,0.28,299.68
2025-05-19,20.75,79.25,303.40,1.37,299.74
2025-05-19,20.75,79.50,305.65,0.83,299.76
2025-05-19,20.75,79.75,306.52,0.31,300.82
2025-05-19,21.00,78.75,303.97,0.00,299.62
2025-05-19,21.00,79.00,305.13,1.74,300.10
2025-05-19,21.00,79.25,304.56,4.18,299.90
2025-05-19,21.00,79.50,305.71,0.96,300.14
2025-05-19,21.00,79.75,307.80,4.97,300.54
2025-05-19,21.25,78.75,305.56,1.09,300.05
2025-05-19,21.25,79.00,307.98,1.04,300.69
2025-05-19,21.25,79.25,306.87,0.00,299.64
2025-05-19,21.25,79.50,305.63,0.00,299.75
2025-05-19,21.25,79.75,305.71,0.00,299.33
2025-05-19,21.50,78.75,308.48,0.00,300.15
2025-05-19,21.50,79.00,306.59,1.75,300.12
2025-05-19,21.50,79.25,304.77,0.41,301.14
2025-05-19,21.50,79.50,307.49,0.27,300.43
2025-05-19,21.50,79.75,304.79,2.16,300.40
2025-05-19,21.75,78.75,306.06,2.26,300.80
2025-05-19,21.75,79.00,306.59,0.35,300.17
2025-05-19,21.75,79.25,306.94,0.00,299.57
2025-05-19,21.75,79.50,305.05,2.42,
2025-05-19,21.75,79.75,308.17,4.01,300.10
2025-05-20,20.75,78.75,306.97,0.00,300.03
2025-05-20,20.75,79.00,307.79,0.00,300.50
2025-05-20,20.75,79.25,302.38,0.00,300.80
2025-05-20,20.75,79.50,306.73,1.10,300.55
2025-05-20,20.75,79.75,306.77,0.00,300.36
2025-05-20,21.00,78.75,307.98,0.29,300.67
2025-05-20,21.00,79.00,305.58,0.76,299.31
2025-05-20,21.00,79.25,305.12,4.23,300.23
2025-05-20,21.00,79.50,307.20,0.43,300.72
2025-05-20,21.00,79.75,308.16,1.85,299.45
2025-05-20,21.25,78.75,306.47,1.15,300.22
2025-05-20,21.25,79.00,304.81,2.21,300.68
2025-05-20,21.25,79.25,306.06,5.14,300.05
2025-05-20,21.25,79.50,306.10,3.61,300.96
2025-05-20,21.25,79.75,308.39,2.16,300.20
2025-05-20,21.50,78.75,305.44,0.12,300.28
2025-05-20,21.50,79.00,306.95,0.93,300.49
2025-05-20,21.50,79.25,307.98,0.06,299.97
2025-05-20,21.50,79.50,308.64,0.00,299.80
2025-05-20,21.50,79.75,,1.92,299.90
2025-05-20,21.75,78.75,307.98,1.23,299.05
2025-05-20,21.75,79.00,308.50,1.07,299.77
2025-05-20,21.75,79.25,307.70,0.12,300.19
2025-05-20,21.75,79.50,307.23,1.29,300.36
2025-05-20,21.75,79.75,306.61,5.93,300.16
2025-05-21,20.75,78.75,305.03,0.50,299.80
2025-05-21,20.75,79.00,306.68,5.55,300.82
2025-05-21,20.75,79.25,307.34,2.80,300.05
2025-05-21,20.75,79.50,306.01,0.08,300.58
2025-05-21,20.75,79.75,305.82,5.23,299.63
2025-05-21,21.00,78.75,306.47,0.70,300.94
2025-05-21,21.00,79.00,306.01,3.93,300.26
2025-05-21,21.00,79.25,308.59,,299.86
2025-05-21,21.00,79.50,307.12,1.36,299.88
2025-05-21,21.00,79.75,304.81,3.66,301.89
2025-05-21,21.25,78.75,304.77,0.53,300.20
2025-05-21,21.25,79.00,308.28,0.26,300.59
2025-05-21,21.25,79.25,307.29,0.00,300.69
2025-05-21,21.25,79.50,308.78,3.45,301.38
2025-05-21,21.25,79.75,307.43,7.62,299.92
2025-05-21,21.50,78.75,305.52,0.48,300.81
2025-05-21,21.50,79.00,307.04,5.46,299.23
2025-05-21,21.50,79.25,306.17,0.00,299.93
2025-05-21,21.50,79.50,307.14,4.11,300.65
2025-05-21,21.50,79.75,308.43,1.03,300.49
2025-05-21,21.75,78.75,308.36,2.74,299.55
2025-05-21,21.75,79.00,307.36,4.06,299.26
2025-05-21,21.75,79.25,305.66,2.05,299.89
2025-05-21,21.75,79.50,308.03,0.61,300.09
2025-05-21,21.75,79.75,307.72,0.13,300.57
2025-05-22,20.75,78.75,309.55,0.00,299.89
2025-05-22,20.75,79.00,303.40,0.00,299.80
2025-05-22,20.75,79.25,306.44,4.36,300.09
2025-05-22,20.75,79.50,306.23,0.63,300.17
2025-05-22,20.75,79.75,309.15,0.00,
2025-05-22,21.00,78.75,306.68,1.15,300.77
2025-05-22,21.00,79.00,309.21,0.84,300.97
2025-05-22,21.00,79.25,305.62,0.00,299.53
2025-05-22,21.00,79.50,308.33,0.53,301.03
2025-05-22,21.00,79.75,307.61,1.75,
2025-05-22,21.25,78.75,307.46,0.62,299.53
2025-05-22,21.25,79.00,304.27,0.69,300.99
2025-05-22,21.25,79.25,306.13,0.05,
2025-05-22,21.25,79.50,306.58,0.00,299.85
2025-05-22,21.25,79.75,309.35,0.47,300.14
2025-05-22,21.50,78.75,307.89,0.84,300.96
2025-05-22,21.50,79.00,307.05,0.28,300.24
2025-05-22,21.50,79.25,305.88,4.07,300.18
2025-05-22,21.50,79.50,306.07,1.27,300.64
2025-05-22,21.50,79.75,305.29,0.00,300.04
2025-05-22,21.75,78.75,307.84,0.00,300.94
2025-05-22,21.75,79.00,307.76,1.99,299.73
2025-05-22,21.75,79.25,306.04,7.09,300.76
2025-05-22,21.75,79.50,308.22,2.47,300.40
2025-05-22,21.75,79.75,306.63,0.00,299.53
2025-05-23,20.75,78.75,,1.43,300.12
2025-05-23,20.75,79.00,307.58,3.43,299.61
2025-05-23,20.75,79.25,304.09,0.87,299.19
2025-05-23,20.75,79.50,307.65,2.01,299.93
2025-05-23,20.75,79.75,304.38,0.44,301.05
2025-05-23,21.00,78.75,306.93,0.18,299.59
2025-05-23,21.00,79.00,306.16,0.01,300.42
2025-05-23,21.00,79.25,306.45,0.00,300.29
2025-05-23,21.00,79.50,306.62,1.68,299.63
2025-05-23,21.00,79.75,306.51,0.00,300.02
2025-05-23,21.25,78.75,305.38,2.86,300.07
2025-05-23,21.25,79.00,306.56,2.48,300.44
2025-05-23,21.25,79.25,305.81,0.92,300.04
2025-05-23,21.25,79.50,305.65,2.23,299.08
2025-05-23,21.25,79.75,304.86,0.38,299.73
2025-05-23,21.50,78.75,305.38,0.47,299.96
2025-05-23,21.50,79.00,307.20,1.35,300.92
2025-05-23,21.50,79.25,308.09,0.00,300.32
2025-05-23,21.50,79.50,305.43,1.33,300.03
2025-05-23,21.50,79.75,308.61,2.89,299.66
2025-05-23,21.75,78.75,308.86,1.81,299.80
2025-05-23,21.75,79.00,305.98,1.58,299.91
2025-05-23,21.75,79.25,306.64,0.00,301.04
2025-05-23,21.75,79.50,308.08,2.40,299.90
2025-05-23,21.75,79.75,307.68,0.51,299.91
2025-05-24,20.75,78.75,305.10,1.02,299.30
2025-05-24,20.75,79.00,309.50,1.93,299.93
2025-05-24,20.75,79.25,307.34,0.70,300.32
2025-05-24,20.75,79.50,309.30,1.49,299.61
2025-05-24,20.75,79.75,307.42,0.26,
2025-05-24,21.00,78.75,305.61,0.60,299.76
2025-05-24,21.00,79.00,306.54,1.77,300.42
2025-05-24,21.00,79.25,304.82,0.00,299.99
2025-05-24,21.00,79.50,307.65,0.68,300.22
2025-05-24,21.00,79.75,304.33,1.06,299.72
2025-05-24,21.25,78.75,307.49,0.00,299.50
2025-05-24,21.25,79.00,302.95,4.58,299.73
2025-05-24,21.25,79.25,307.14,1.46,300.49
2025-05-24,21.25,79.50,307.20,0.40,299.74
2025-05-24,21.25,79.75,308.26,7.93,300.34
2025-05-24,21.50,78.75,309.06,0.78,299.51
2025-05-24,21.50,79.00,305.57,0.00,299.26
2025-05-24,21.50,79.25,307.48,1.21,300.41
2025-05-24,21.50,79.50,308.11,1.88,300.14
2025-05-24,21.50,79.75,308.43,6.12,299.87
2025-05-24,21.75,78.75,307.88,4.07,299.64
2025-05-24,21.75,79.00,305.39,8.24,300.67
2025-05-24,21.75,79.25,307.44,2.49,300.99
2025-05-24,21.75,79.50,307.27,1.58,299.43
2025-05-24,21.75,79.75,305.55,1.70,300.64
2025-05-25,20.75,78.75,306.93,2.86,300.09
2025-05-25,20.75,79.00,305.75,0.21,300.11
2025-05-25,20.75,79.25,305.37,2.41,300.84
2025-05-25,20.75,79.50,305.80,1.52,299.94
2025-05-25,20.75,79.75,306.86,4.32,300.32
2025-05-25,21.00,78.75,305.16,0.89,299.84
2025-05-25,21.00,79.00,305.99,0.93,
2025-05-25,21.00,79.25,306.58,1.06,300.35
2025-05-25,21.00,79.50,305.91,0.51,299.78
2025-05-25,21.00,79.75,309.61,0.00,301.10
2025-05-25,21.25,78.75,307.37,0.98,299.85
2025-05-25,21.25,79.00,304.53,1.23,300.07
2025-05-25,21.25,79.25,306.44,0.55,301.22
2025-05-25,21.25,79.50,307.68,0.53,299.96
2025-05-25,21.25,79.75,307.75,0.43,299.94
2025-05-25,21.50,78.75,306.45,3.44,300.01
2025-05-25,21.50,79.00,307.28,0.97,300.95
2025-05-25,21.50,79.25,307.48,2.40,299.91
2025-05-25,21.50,79.50,304.54,1.43,299.35
2025-05-25,21.50,79.75,305.50,0.08,299.03
2025-05-25,21.75,78.75,308.22,0.21,299.42
2025-05-25,21.75,79.00,308.28,0.80,299.82
2025-05-25,21.75,79.25,305.63,1.52,299.28
2025-05-25,21.75,79.50,308.59,0.95,300.61
2025-05-25,21.75,79.75,304.40,5.30,301.06
2025-05-26,20.75,78.75,306.78,4.94,300.19
2025-05-26,20.75,79.00,304.83,0.25,300.49
2025-05-26,20.75,79.25,307.11,1.06,299.91
2025-05-26,20.75,79.50,308.86,2.30,299.79
2025-05-26,20.75,79.75,306.82,1.05,300.59
2025-05-26,21.00,78.75,307.16,0.07,300.55
2025-05-26,21.00,79.00,307.39,0.00,300.57
2025-05-26,21.00,79.25,308.28,4.87,300.32
2025-05-26,21.00,79.50,307.29,3.11,
2025-05-26,21.00,79.75,305.67,1.43,299.19
2025-05-26,21.25,78.75,307.86,1.44,299.80
2025-05-26,21.25,79.00,306.21,0.00,300.47
2025-05-26,21.25,79.25,307.80,1.90,300.31
2025-05-26,21.25,79.50,306.30,1.24,300.03
2025-05-26,21.25,79.75,309.07,4.65,300.41
2025-05-26,21.50,78.75,,1.43,299.84
2025-05-26,21.50,79.00,306.91,0.12,300.17
2025-05-26,21.50,79.25,305.97,0.08,298.98
2025-05-26,21.50,79.50,308.88,4.69,300.34
2025-05-26,21.50,79.75,306.80,2.75,300.35
2025-05-26,21.75,78.75,307.71,0.00,300.71
2025-05-26,21.75,79.00,304.68,0.56,301.28
2025-05-26,21.75,79.25,304.50,0.18,299.44
2025-05-26,21.75,79.50,307.75,0.00,299.75
2025-05-26,21.75,79.75,306.54,0.93,300.43
2025-05-27,20.75,78.75,304.08,0.31,300.20
2025-05-27,20.75,79.00,305.80,3.05,299.57
2025-05-27,20.75,79.25,305.64,3.63,299.90
2025-05-27,20.75,79.50,309.43,4.00,299.87
2025-05-27,20.75,79.75,305.39,11.16,300.58
2025-05-27,21.00,78.75,306.14,0.00,300.85
2025-05-27,21.00,79.00,307.29,0.67,300.31
2025-05-27,21.00,79.25,308.29,0.18,301.12
2025-05-27,21.00,79.50,305.51,1.67,299.80
2025-05-27,21.00,79.75,307.72,0.98,299.96
2025-05-27,21.25,78.75,304.36,5.55,
2025-05-27,21.25,79.00,306.05,0.63,300.08
2025-05-27,21.25,79.25,304.88,3.84,300.74
2025-05-27,21.25,79.50,305.61,,300.53
2025-05-27,21.25,79.75,307.15,1.27,299.94
2025-05-27,21.50,78.75,307.50,1.52,298.67
2025-05-27,21.50,79.00,308.90,0.70,300.43
2025-05-27,21.50,79.25,307.91,2.50,300.07
2025-05-27,21.50,79.50,307.97,7.96,300.58
2025-05-27,21.50,79.75,308.81,4.49,300.12
2025-05-27,21.75,78.75,308.39,4.18,300.65
2025-05-27,21.75,79.00,306.06,3.59,300.35
2025-05-27,21.75,79.25,307.57,0.46,300.41
2025-05-27,21.75,79.50,305.99,0.32,300.03
2025-05-27,21.75,79.75,307.02,0.22,299.88
2025-05-28,20.75,78.75,305.73,3.28,299.70
2025-05-28,20.75,79.00,306.73,0.08,299.98
2025-05-28,20.75,79.25,305.67,0.93,300.06
2025-05-28,20.75,79.50,307.18,0.63,299.85
2025-05-28,20.75,79.75,305.65,0.37,300.00
2025-05-28,21.00,78.75,307.64,0.85,299.61
2025-05-28,21.00,79.00,308.74,1.69,300.11
2025-05-28,21.00,79.25,307.30,1.08,299.18
2025-05-28,21.00,79.50,305.23,0.79,300.39
2025-05-28,21.00,79.75,306.43,0.85,299.95
2025-05-28,21.25,78.75,307.57,3.43,299.56
2025-05-28,21.25,79.00,307.15,2.14,
2025-05-28,21.25,79.25,306.47,2.52,299.76
2025-05-28,21.25,79.50,308.99,1.00,300.14
2025-05-28,21.25,79.75,306.76,2.83,300.00
2025-05-28,21.50,78.75,304.08,4.35,298.79
2025-05-28,21.50,79.00,304.93,1.03,300.81
2025-05-28,21.50,79.25,306.44,5.30,300.22
2025-05-28,21.50,79.50,308.42,0.27,299.44
2025-05-28,21.50,79.75,305.70,3.47,299.41
2025-05-28,21.75,78.75,309.13,3.64,300.37
2025-05-28,21.75,79.00,,1.85,300.59
2025-05-28,21.75,79.25,308.05,2.21,299.14
2025-05-28,21.75,79.50,305.33,1.74,299.21
2025-05-28,21.75,79.75,310.94,1.08,299.94
2025-05-29,20.75,78.75,308.13,0.66,299.59
2025-05-29,20.75,79.00,307.30,5.26,299.83
2025-05-29,20.75,79.25,304.94,3.92,300.13
2025-05-29,20.75,79.50,307.75,0.00,299.99
2025-05-29,20.75,79.75,307.82,0.57,300.16
2025-05-29,21.00,78.75,,1.64,299.69
2025-05-29,21.00,79.00,308.28,3.17,299.83
2025-05-29,21.00,79.25,306.79,0.95,300.12
2025-05-29,21.00,79.50,,0.95,300.15
2025-05-29,21.00,79.75,,2.32,300.36
2025-05-29,21.25,78.75,303.95,0.58,300.42
2025-05-29,21.25,79.00,306.68,0.77,299.25
2025-05-29,21.25,79.25,305.29,0.14,299.63
2025-05-29,21.25,79.50,308.19,2.04,300.73
2025-05-29,21.25,79.75,307.93,0.75,300.36
2025-05-29,21.50,78.75,307.29,0.39,
2025-05-29,21.50,79.00,306.96,3.66,299.82
2025-05-29,21.50,79.25,307.03,0.24,299.79
2025-05-29,21.50,79.50,307.65,1.28,
2025-05-29,21.50,79.75,308.80,0.77,300.17
2025-05-29,21.75,78.75,303.89,0.64,299.42
2025-05-29,21.75,79.00,307.65,3.22,300.33
2025-05-29,21.75,79.25,307.78,0.51,300.31
2025-05-29,21.75,79.50,304.47,1.42,300.78
2025-05-29,21.75,79.75,302.75,2.44,301.12
2025-05-30,20.75,78.75,307.92,0.19,
2025-05-30,20.75,79.00,305.90,2.18,300.72
2025-05-30,20.75,79.25,308.46,2.46,299.65
2025-05-30,20.75,79.50,305.21,7.43,300.64
2025-05-30,20.75,79.75,309.47,1.01,299.93
2025-05-30,21.00,78.75,304.31,1.88,300.28
2025-05-30,21.00,79.00,308.13,0.82,301.07
2025-05-30,21.00,79.25,308.06,1.25,300.01
2025-05-30,21.00,79.50,306.28,0.25,299.34
2025-05-30,21.00,79.75,307.38,0.62,300.26
2025-05-30,21.25,78.75,307.00,2.18,299.76
2025-05-30,21.25,79.00,307.59,0.45,300.18
2025-05-30,21.25,79.25,307.80,0.23,300.66
2025-05-30,21.25,79.50,308.48,4.97,299.68
2025-05-30,21.25,79.75,308.47,0.95,299.27
2025-05-30,21.50,78.75,309.39,2.62,300.63
2025-05-30,21.50,79.00,305.16,0.38,300.13
2025-05-30,21.50,79.25,308.09,1.11,300.39
2025-05-30,21.50,79.50,309.09,6.79,300.21
2025-05-30,21.50,79.75,,0.92,300.52
2025-05-30,21.75,78.75,304.58,0.61,301.08
2025-05-30,21.75,79.00,304.82,1.60,300.23
2025-05-30,21.75,79.25,305.46,5.43,300.34
2025-05-30,21.75,79.50,305.30,0.39,299.94
2025-05-30,21.75,79.75,304.47,7.95,300.86
2025-05-31,20.75,78.75,305.65,2.52,299.93
2025-05-31,20.75,79.00,305.63,0.78,299.74
2025-05-31,20.75,79.25,304.98,0.31,299.66
2025-05-31,20.75,79.50,309.77,3.39,299.82
2025-05-31,20.75,79.75,305.59,0.26,300.37
2025-05-31,21.00,78.75,307.19,2.81,299.83
2025-05-31,21.00,79.00,307.53,1.60,301.12
2025-05-31,21.00,79.25,308.15,3.46,299.52
2025-05-31,21.00,79.50,306.40,2.86,300.23
2025-05-31,21.00,79.75,305.35,0.76,300.14
2025-05-31,21.25,78.75,307.13,0.49,300.59
2025-05-31,21.25,79.00,307.53,0.71,300.49
2025-05-31,21.25,79.25,309.73,6.36,299.93
2025-05-31,21.25,79.50,306.82,2.87,301.94
2025-05-31,21.25,79.75,310.51,0.96,300.41
2025-05-31,21.50,78.75,306.13,0.11,300.65
2025-05-31,21.50,79.00,306.31,3.20,299.92
2025-05-31,21.50,79.25,304.73,4.14,300.06
2025-05-31,21.50,79.50,303.93,5.48,301.29
2025-05-31,21.50,79.75,306.71,3.08,300.08
2025-05-31,21.75,78.75,307.81,2.16,300.27
2025-05-31,21.75,79.00,306.89,0.08,300.49
2025-05-31,21.75,79.25,304.88,2.21,301.08
2025-05-31,21.75,79.50,305.91,2.57,300.11
2025-05-31,21.75,79.75,306.48,1.40,299.43
2025-06-01,20.75,78.75,,5.62,300.02
2025-06-01,20.75,79.00,308.79,,299.90
2025-06-01,20.75,79.25,306.91,0.67,300.68
2025-06-01,20.75,79.50,304.54,8.76,299.72
2025-06-01,20.75,79.75,308.46,0.92,300.27
2025-06-01,21.00,78.75,307.97,2.79,299.92
2025-06-01,21.00,79.00,307.63,0.73,299.65
2025-06-01,21.00,79.25,306.39,0.76,300.65
2025-06-01,21.00,79.50,309.36,3.76,300.14
2025-06-01,21.00,79.75,310.68,1.70,
2025-06-01,21.25,78.75,306.16,1.55,300.93
2025-06-01,21.25,79.00,305.31,0.81,300.10
2025-06-01,21.25,79.25,306.13,0.66,300.57
2025-06-01,21.25,79.50,307.42,0.88,300.38
2025-06-01,21.25,79.75,306.23,4.03,299.51
2025-06-01,21.50,78.75,307.28,0.96,300.00
2025-06-01,21.50,79.00,308.10,0.63,300.56
2025-06-01,21.50,79.25,307.94,5.95,
2025-06-01,21.50,79.50,307.41,7.64,300.51
2025-06-01,21.50,79.75,309.65,1.56,299.14
2025-06-01,21.75,78.75,308.73,2.66,299.70
2025-06-01,21.75,79.00,307.28,0.69,299.27
2025-06-01,21.75,79.25,306.88,2.77,299.97
2025-06-01,21.75,79.50,304.90,,301.09
2025-06-01,21.75,79.75,306.38,1.01,299.77
2025-06-02,20.75,78.75,306.10,0.63,300.35
2025-06-02,20.75,79.00,304.11,3.34,300.12
2025-06-02,20.75,79.25,307.13,4.49,299.87
2025-06-02,20.75,79.50,306.35,0.60,300.14
2025-06-02,20.75,79.75,305.31,0.76,300.25
2025-06-02,21.00,78.75,305.37,0.64,300.87
2025-06-02,21.00,79.00,304.90,0.12,300.66
2025-06-02,21.00,79.25,306.03,0.64,300.49
2025-06-02,21.00,79.50,305.51,9.67,300.68
2025-06-02,21.00,79.75,309.41,0.77,299.84
2025-06-02,21.25,78.75,304.92,0.26,299.82
2025-06-02,21.25,79.00,308.64,0.17,301.03
2025-06-02,21.25,79.25,306.90,0.32,300.33
2025-06-02,21.25,79.50,304.83,2.46,300.74
2025-06-02,21.25,79.75,304.99,1.68,300.80
2025-06-02,21.50,78.75,307.99,0.19,298.97
2025-06-02,21.50,79.00,303.84,2.10,300.26
2025-06-02,21.50,79.25,307.75,0.46,299.56
2025-06-02,21.50,79.50,305.27,2.87,299.75
2025-06-02,21.50,79.75,307.78,3.50,299.83
2025-06-02,21.75,78.75,308.21,2.06,300.14
2025-06-02,21.75,79.00,306.16,0.83,300.27
2025-06-02,21.75,79.25,308.83,1.11,298.98
2025-06-02,21.75,79.50,307.46,6.62,300.89
2025-06-02,21.75,79.75,303.33,4.00,299.86
2025-06-03,20.75,78.75,307.35,0.32,300.14
2025-06-03,20.75,79.00,,5.41,299.49
2025-06-03,20.75,79.25,303.86,0.22,300.50
2025-06-03,20.75,79.50,308.71,0.32,299.56
2025-06-03,20.75,79.75,306.79,0.59,300.49
2025-06-03,21.00,78.75,307.56,4.52,299.55
2025-06-03,21.00,79.00,306.13,1.60,300.64
2025-06-03,21.00,79.25,303.87,4.88,299.43
2025-06-03,21.00,79.50,306.28,1.34,300.14
2025-06-03,21.00,79.75,309.45,1.62,299.73
2025-06-03,21.25,78.75,305.48,1.24,299.58
2025-06-03,21.25,79.00,306.19,2.93,300.34
2025-06-03,21.25,79.25,306.18,5.40,299.93
2025-06-03,21.25,79.50,307.10,0.18,299.69
2025-06-03,21.25,79.75,308.42,0.45,299.72
2025-06-03,21.50,78.75,307.62,3.53,300.17
2025-06-03,21.50,79.00,307.34,2.80,300.10
2025-06-03,21.50,79.25,308.46,0.71,300.74
2025-06-03,21.50,79.50,304.84,3.44,300.38
2025-06-03,21.50,79.75,305.28,0.34,301.01
2025-06-03,21.75,78.75,306.79,0.27,299.65
2025-06-03,21.75,79.00,,1.31,299.60
2025-06-03,21.75,79.25,308.91,0.93,299.95
2025-06-03,21.75,79.50,308.28,4.68,300.40
2025-06-03,21.75,79.75,310.19,0.32,299.81
2025-06-04,20.75,78.75,308.01,2.21,299.86
2025-06-04,20.75,79.00,304.92,1.34,299.52
2025-06-04,20.75,79.25,308.86,1.88,299.95
2025-06-04,20.75,79.50,307.94,3.73,299.91
2025-06-04,20.75,79.75,306.55,4.25,300.11
2025-06-04,21.00,78.75,308.33,2.16,299.40
2025-06-04,21.00,79.00,305.11,0.27,298.84
2025-06-04,21.00,79.25,307.39,2.92,300.19
2025-06-04,21.00,79.50,307.17,1.35,299.87
2025-06-04,21.00,79.75,307.27,5.78,300.27
2025-06-04,21.25,78.75,305.77,2.30,300.35
2025-06-04,21.25,79.00,,0.38,299.81
2025-06-04,21.25,79.25,308.50,1.41,299.86
2025-06-04,21.25,79.50,306.13,2.32,299.38
2025-06-04,21.25,79.75,308.26,1.14,299.85
2025-06-04,21.50,78.75,309.43,3.87,299.05
2025-06-04,21.50,79.00,306.33,7.45,300.35
2025-06-04,21.50,79.25,307.15,0.39,300.42
2025-06-04,21.50,79.50,308.97,1.51,299.04
2025-06-04,21.50,79.75,310.62,2.08,300.31
2025-06-04,21.75,78.75,307.06,0.88,299.91
2025-06-04,21.75,79.00,308.93,0.77,299.78
2025-06-04,21.75,79.25,306.37,0.62,300.11
2025-06-04,21.75,79.50,306.46,1.37,299.44
2025-06-04,21.75,79.75,306.96,2.89,299.65
2025-06-05,20.75,78.75,306.67,0.77,300.14
2025-06-05,20.75,79.00,304.91,1.37,301.80
2025-06-05,20.75,79.25,305.82,1.64,301.07
2025-06-05,20.75,79.50,304.52,3.10,300.05
2025-06-05,20.75,79.75,306.62,5.76,299.10
2025-06-05,21.00,78.75,305.32,0.68,301.01
2025-06-05,21.00,79.00,306.34,2.24,298.42
2025-06-05,21.00,79.25,308.21,7.38,300.11
2025-06-05,21.00,79.50,306.93,1.26,300.47
2025-06-05,21.00,79.75,310.29,2.35,299.55
2025-06-05,21.25,78.75,308.55,1.91,299.80
2025-06-05,21.25,79.00,307.07,0.96,300.05
2025-06-05,21.25,79.25,304.40,0.87,299.69
2025-06-05,21.25,79.50,311.46,3.73,300.19
2025-06-05,21.25,79.75,306.64,1.47,300.84
2025-06-05,21.50,78.75,306.70,1.94,300.40
2025-06-05,21.50,79.00,308.45,3.16,299.78
2025-06-05,21.50,79.25,305.64,4.11,300.25
2025-06-05,21.50,79.50,307.68,2.91,300.33
2025-06-05,21.50,79.75,308.17,3.38,300.27
2025-06-05,21.75,78.75,307.02,0.45,299.50
2025-06-05,21.75,79.00,307.73,5.74,299.77
2025-06-05,21.75,79.25,305.31,0.79,299.73
2025-06-05,21.75,79.50,307.18,1.39,300.84
2025-06-05,21.75,79.75,310.27,2.32,299.88
2025-06-06,20.75,78.75,307.50,4.36,298.89
2025-06-06,20.75,79.00,305.79,5.30,299.83
2025-06-06,20.75,79.25,308.90,1.66,299.80
2025-06-06,20.75,79.50,307.56,1.74,299.75
2025-06-06,20.75,79.75,307.80,3.07,299.95
2025-06-06,21.00,78.75,306.13,0.72,300.55
2025-06-06,21.00,79.00,306.42,2.14,300.21
2025-06-06,21.00,79.25,306.97,1.53,299.71
2025-06-06,21.00,79.50,307.10,1.78,299.90
2025-06-06,21.00,79.75,307.66,1.37,299.70
2025-06-06,21.25,78.75,308.39,1.96,300.10
2025-06-06,21.25,79.00,308.06,1.64,299.41
2025-06-06,21.25,79.25,309.59,0.34,299.90
2025-06-06,21.25,79.50,309.28,1.31,300.56
2025-06-06,21.25,79.75,307.63,2.94,299.93
2025-06-06,21.50,78.75,305.94,0.86,300.21
2025-06-06,21.50,79.00,305.27,1.35,300.79
2025-06-06,21.50,79.25,306.73,0.61,299.77
2025-06-06,21.50,79.50,309.38,3.70,299.94
2025-06-06,21.50,79.75,309.50,1.39,299.96
2025-06-06,21.75,78.75,305.04,1.59,300.07
2025-06-06,21.75,79.00,304.96,1.16,299.57
2025-06-06,21.75,79.25,305.78,0.86,300.57
2025-06-06,21.75,79.50,306.82,8.66,300.34
2025-06-06,21.75,79.75,305.33,0.39,300.64
2025-06-07,20.75,78.75,306.99,0.62,299.59
2025-06-07,20.75,79.00,307.63,1.99,300.59
2025-06-07,20.75,79.25,305.47,0.87,299.98
2025-06-07,20.75,79.50,307.25,4.88,300.49
2025-06-07,20.75,79.75,307.66,5.29,299.75
2025-06-07,21.00,78.75,305.10,3.18,299.55
2025-06-07,21.00,79.00,308.28,0.90,300.42
2025-06-07,21.00,79.25,307.10,2.71,299.94
2025-06-07,21.00,79.50,306.93,2.77,300.48
2025-06-07,21.00,79.75,307.04,5.80,300.73
2025-06-07,21.25,78.75,,2.68,300.21
2025-06-07,21.25,79.00,308.21,3.69,299.58
2025-06-07,21.25,79.25,305.34,,300.70
2025-06-07,21.25,79.50,307.00,3.42,300.21
2025-06-07,21.25,79.75,306.53,0.76,300.03
2025-06-07,21.50,78.75,306.48,1.98,299.22
2025-06-07,21.50,79.00,308.19,0.63,299.91
2025-06-07,21.50,79.25,306.60,2.19,300.71
2025-06-07,21.50,79.50,305.34,0.89,300.42
2025-06-07,21.50,79.75,306.30,4.03,299.36
2025-06-07,21.75,78.75,309.86,2.08,299.91
2025-06-07,21.75,79.00,308.56,1.29,299.73
2025-06-07,21.75,79.25,309.35,6.27,300.22
2025-06-07,21.75,79.50,306.39,1.16,300.21
2025-06-07,21.75,79.75,303.36,3.07,299.89
2025-06-08,20.75,78.75,307.25,1.22,299.34
2025-06-08,20.75,79.00,307.15,0.57,300.22
2025-06-08,20.75,79.25,309.63,0.96,299.88
2025-06-08,20.75,79.50,307.62,3.09,300.53
2025-06-08,20.75,79.75,308.30,0.73,299.60
2025-06-08,21.00,78.75,305.60,1.08,299.60
2025-06-08,21.00,79.00,305.72,3.48,300.21
2025-06-08,21.00,79.25,308.78,0.94,299.86
2025-06-08,21.00,79.50,307.96,5.47,299.92
2025-06-08,21.00,79.75,307.76,2.52,300.47
2025-06-08,21.25,78.75,306.76,3.93,300.10
2025-06-08,21.25,79.00,305.92,0.53,299.49
2025-06-08,21.25,79.25,304.51,8.41,300.23
2025-06-08,21.25,79.50,309.23,4.71,300.62
2025-06-08,21.25,79.75,310.23,0.82,300.99
2025-06-08,21.50,78.75,307.91,2.71,299.98
2025-06-08,21.50,79.00,308.90,1.33,300.43
2025-06-08,21.50,79.25,307.21,4.34,300.77
2025-06-08,21.50,79.50,307.96,1.73,299.86
2025-06-08,21.50,79.75,305.67,1.38,300.39
2025-06-08,21.75,78.75,309.91,1.86,300.97
2025-06-08,21.75,79.00,306.96,1.28,300.13
2025-06-08,21.75,79.25,308.79,0.98,300.67
2025-06-08,21.75,79.50,308.01,1.24,300.60
2025-06-08,21.75,79.75,303.65,4.56,299.79
2025-06-09,20.75,78.75,306.26,0.58,300.60
2025-06-09,20.75,79.00,306.54,2.36,300.32
2025-06-09,20.75,79.25,310.59,1.62,300.25
2025-06-09,20.75,79.50,310.10,0.94,300.49
2025-06-09,20.75,79.75,308.12,2.68,301.35
2025-06-09,21.00,78.75,306.18,0.54,300.37
2025-06-09,21.00,79.00,310.35,2.01,300.60
2025-06-09,21.00,79.25,308.06,3.15,299.76
2025-06-09,21.00,79.50,308.65,3.57,300.13
2025-06-09,21.00,79.75,309.22,1.81,300.38
2025-06-09,21.25,78.75,306.66,3.36,300.38
2025-06-09,21.25,79.00,309.01,2.39,300.05
2025-06-09,21.25,79.25,308.61,1.02,300.15
2025-06-09,21.25,79.50,305.82,5.10,299.61
2025-06-09,21.25,79.75,306.23,3.22,299.26
2025-06-09,21.50,78.75,310.51,2.10,300.62
2025-06-09,21.50,79.00,,3.52,300.34
2025-06-09,21.50,79.25,305.52,,299.57
2025-06-09,21.50,79.50,307.20,5.67,299.44
2025-06-09,21.50,79.75,308.98,0.68,300.65
2025-06-09,21.75,78.75,307.81,1.67,300.07
2025-06-09,21.75,79.00,305.64,1.91,300.80
2025-06-09,21.75,79.25,307.10,3.97,299.99
2025-06-09,21.75,79.50,308.92,0.94,301.32
2025-06-09,21.75,79.75,308.18,3.87,299.31
2025-06-10,20.75,78.75,307.52,1.98,299.65
2025-06-10,20.75,79.00,306.50,7.44,300.11
2025-06-10,20.75,79.25,306.18,2.65,299.75
2025-06-10,20.75,79.50,308.82,2.13,300.24
2025-06-10,20.75,79.75,307.74,0.54,300.44
2025-06-10,21.00,78.75,306.62,2.42,
2025-06-10,21.00,79.00,306.81,1.71,299.89
2025-06-10,21.00,79.25,307.65,2.42,
2025-06-10,21.00,79.50,307.92,2.55,299.82
2025-06-10,21.00,79.75,307.30,2.20,299.57
2025-06-10,21.25,78.75,307.64,3.45,299.78
2025-06-10,21.25,79.00,307.06,1.37,300.64
2025-06-10,21.25,79.25,307.43,0.97,299.46
2025-06-10,21.25,79.50,308.67,2.74,300.47
2025-06-10,21.25,79.75,306.11,1.43,299.71
2025-06-10,21.50,78.75,308.64,1.26,299.70
2025-06-10,21.50,79.00,307.31,1.88,299.77
2025-06-10,21.50,79.25,306.29,1.99,299.82
2025-06-10,21.50,79.50,307.12,1.70,299.14
2025-06-10,21.50,79.75,310.71,9.33,299.52
2025-06-10,21.75,78.75,307.39,1.27,299.95
2025-06-10,21.75,79.00,309.28,1.67,300.93
2025-06-10,21.75,79.25,308.09,1.65,299.71
2025-06-10,21.75,79.50,305.83,1.03,299.73
2025-06-10,21.75,79.75,308.28,1.10,298.88
2025-06-11,20.75,78.75,308.31,3.15,300.49
2025-06-11,20.75,79.00,310.92,1.88,300.75
2025-06-11,20.75,79.25,308.16,2.28,299.33
2025-06-11,20.75,79.50,306.27,1.48,299.70
2025-06-11,20.75,79.75,306.55,3.89,300.33
2025-06-11,21.00,78.75,308.09,4.15,299.51
2025-06-11,21.00,79.00,308.14,0.58,299.82
2025-06-11,21.00,79.25,307.33,3.94,299.88
2025-06-11,21.00,79.50,308.88,4.78,300.38
2025-06-11,21.00,79.75,305.20,0.81,299.80
2025-06-11,21.25,78.75,306.53,0.66,298.59
2025-06-11,21.25,79.00,308.99,1.88,299.22
2025-06-11,21.25,79.25,307.94,5.25,300.14
2025-06-11,21.25,79.50,307.45,1.16,299.59
2025-06-11,21.25,79.75,307.79,4.72,299.29
2025-06-11,21.50,78.75,309.22,2.36,299.84
2025-06-11,21.50,79.00,307.30,8.43,299.22
2025-06-11,21.50,79.25,306.42,1.64,300.85
2025-06-11,21.50,79.50,308.07,1.52,299.99
2025-06-11,21.50,79.75,309.28,1.41,299.83
2025-06-11,21.75,78.75,307.01,2.92,299.64
2025-06-11,21.75,79.00,309.12,3.88,299.29
2025-06-11,21.75,79.25,308.55,5.57,300.33
2025-06-11,21.75,79.50,307.27,2.38,299.94
2025-06-11,21.75,79.75,308.82,1.77,300.45
2025-06-12,20.75,78.75,307.66,0.77,299.69
2025-06-12,20.75,79.00,307.75,5.07,300.11
2025-06-12,20.75,79.25,307.83,0.86,300.66
2025-06-12,20.75,79.50,309.05,1.72,300.02
2025-06-12,20.75,79.75,310.19,4.24,300.25
2025-06-12,21.00,78.75,307.38,1.41,299.91
2025-06-12,21.00,79.00,308.16,3.15,299.24
2025-06-12,21.00,79.25,304.92,2.55,301.06
2025-06-12,21.00,79.50,305.80,1.69,300.25
2025-06-12,21.00,79.75,308.02,3.52,300.11
2025-06-12,21.25,78.75,305.59,1.96,300.28
2025-06-12,21.25,79.00,307.21,3.93,299.45
2025-06-12,21.25,79.25,308.15,2.11,300.17
2025-06-12,21.25,79.50,307.98,3.62,299.56
2025-06-12,21.25,79.75,307.69,1.04,299.62
2025-06-12,21.50,78.75,308.94,2.18,
2025-06-12,21.50,79.00,308.64,1.43,300.67
2025-06-12,21.50,79.25,306.00,2.16,300.33
2025-06-12,21.50,79.50,,1.22,299.20
2025-06-12,21.50,79.75,308.34,2.53,299.53
2025-06-12,21.75,78.75,307.11,2.90,300.37
2025-06-12,21.75,79.00,308.10,0.68,301.56
2025-06-12,21.75,79.25,305.77,2.41,299.23
2025-06-12,21.75,79.50,307.77,2.05,299.33
2025-06-12,21.75,79.75,305.72,0.85,299.91
2025-06-13,20.75,78.75,308.97,1.85,299.29
2025-06-13,20.75,79.00,306.46,0.93,300.33
2025-06-13,20.75,79.25,309.45,1.12,298.93
2025-06-13,20.75,79.50,306.94,0.76,299.89
2025-06-13,20.75,79.75,305.98,4.19,300.35
2025-06-13,21.00,78.75,307.07,3.01,300.22
2025-06-13,21.00,79.00,309.25,1.08,299.80
2025-06-13,21.00,79.25,307.30,5.54,300.62
2025-06-13,21.00,79.50,307.26,4.34,300.33
2025-06-13,21.00,79.75,306.69,0.72,301.01
2025-06-13,21.25,78.75,308.14,1.08,299.96
2025-06-13,21.25,79.00,310.00,1.39,299.95
2025-06-13,21.25,79.25,309.43,2.65,300.40
2025-06-13,21.25,79.50,304.92,4.56,300.99
2025-06-13,21.25,79.75,308.34,0.71,300.42
2025-06-13,21.50,78.75,306.83,3.17,300.55
2025-06-13,21.50,79.00,307.81,2.91,300.16
2025-06-13,21.50,79.25,307.36,3.06,299.65
2025-06-13,21.50,79.50,307.86,4.09,299.61
2025-06-13,21.50,79.75,307.17,4.01,299.74
2025-06-13,21.75,78.75,308.73,1.18,300.27
2025-06-13,21.75,79.00,307.82,2.51,300.70
2025-06-13,21.75,79.25,306.87,2.62,299.72
2025-06-13,21.75,79.50,306.68,1.94,300.65
2025-06-13,21.75,79.75,,1.55,299.25
2025-06-14,20.75,78.75,309.07,2.69,299.37
2025-06-14,20.75,79.00,309.66,1.23,299.42
2025-06-14,20.75,79.25,305.36,1.65,299.95
2025-06-14,20.75,79.50,310.23,3.67,300.24
2025-06-14,20.75,79.75,306.61,0.97,300.41
2025-06-14,21.00,78.75,308.27,2.99,300.31
2025-06-14,21.00,79.00,306.11,2.33,300.36
2025-06-14,21.00,79.25,308.82,1.74,299.45
2025-06-14,21.00,79.50,307.88,0.89,299.51
2025-06-14,21.00,79.75,306.73,2.65,300.10
2025-06-14,21.25,78.75,308.17,2.31,299.42
2025-06-14,21.25,79.00,308.38,4.37,300.28
2025-06-14,21.25,79.25,307.37,1.01,300.20
2025-06-14,21.25,79.50,309.00,2.30,299.91
2025-06-14,21.25,79.75,309.16,5.44,300.23
2025-06-14,21.50,78.75,310.99,3.99,300.73
2025-06-14,21.50,79.00,308.80,1.35,299.46
2025-06-14,21.50,79.25,310.20,2.28,300.72
2025-06-14,21.50,79.50,309.78,2.44,300.07
2025-06-14,21.50,79.75,306.44,3.90,300.11
2025-06-14,21.75,78.75,307.08,6.16,300.35
2025-06-14,21.75,79.00,307.90,0.77,299.93
2025-06-14,21.75,79.25,307.37,2.23,300.19
2025-06-14,21.75,79.50,306.67,2.64,300.31
2025-06-14,21.75,79.75,307.84,3.00,300.09
2025-06-15,20.75,78.75,304.82,1.72,
2025-06-15,20.75,79.00,306.80,1.27,299.69
2025-06-15,20.75,79.25,307.29,2.09,300.46
2025-06-15,20.75,79.50,309.47,1.54,301.03
2025-06-15,20.75,79.75,307.45,1.09,299.70
2025-06-15,21.00,78.75,309.49,3.78,300.39
2025-06-15,21.00,79.00,309.58,3.47,298.96
2025-06-15,21.00,79.25,305.92,1.29,300.20
2025-06-15,21.00,79.50,307.85,1.93,299.54
2025-06-15,21.00,79.75,309.63,1.85,299.89
2025-06-15,21.25,78.75,308.40,3.79,299.63
2025-06-15,21.25,79.00,308.90,2.46,299.86
2025-06-15,21.25,79.25,308.38,2.32,300.75
2025-06-15,21.25,79.50,307.31,1.98,300.19
2025-06-15,21.25,79.75,304.46,2.21,300.48
2025-06-15,21.50,78.75,309.28,2.03,299.68
2025-06-15,21.50,79.00,309.08,1.06,
2025-06-15,21.50,79.25,307.13,0.91,299.66
2025-06-15,21.50,79.50,311.31,5.25,300.86
2025-06-15,21.50,79.75,309.08,5.21,300.28
2025-06-15,21.75,78.75,305.86,2.36,299.15
2025-06-15,21.75,79.00,309.69,1.61,299.84
2025-06-15,21.75,79.25,309.76,1.11,300.51
2025-06-15,21.75,79.50,305.84,3.04,300.37
2025-06-15,21.75,79.75,308.53,2.73,299.80
2025-06-16,20.75,78.75,305.34,1.36,299.22
2025-06-16,20.75,79.00,310.19,0.86,300.38
2025-06-16,20.75,79.25,307.60,1.73,299.59
2025-06-16,20.75,79.50,307.77,1.78,300.17
2025-06-16,20.75,79.75,308.15,5.49,299.66
2025-06-16,21.00,78.75,309.00,1.70,299.42
2025-06-16,21.00,79.00,307.70,1.55,299.72
2025-06-16,21.00,79.25,309.01,1.55,299.86
2025-06-16,21.00,79.50,309.15,7.13,299.34
2025-06-16,21.00,79.75,309.75,3.95,300.65
2025-06-16,21.25,78.75,307.43,1.36,299.57
2025-06-16,21.25,79.00,306.27,2.42,300.23
2025-06-16,21.25,79.25,308.56,1.45,299.73
2025-06-16,21.25,79.50,308.28,2.21,299.00
2025-06-16,21.25,79.75,308.39,1.10,300.75
2025-06-16,21.50,78.75,305.61,1.54,298.76
2025-06-16,21.50,79.00,308.56,6.67,299.95
2025-06-16,21.50,79.25,309.04,2.56,300.01
2025-06-16,21.50,79.50,305.61,2.87,300.24
2025-06-16,21.50,79.75,307.56,5.28,299.80
2025-06-16,21.75,78.75,306.86,1.43,300.55
2025-06-16,21.75,79.00,307.20,3.13,299.88
2025-06-16,21.75,79.25,307.81,3.99,298.86
2025-06-16,21.75,79.50,310.85,1.85,300.19
2025-06-16,21.75,79.75,307.97,2.89,299.78
2025-06-17,20.75,78.75,305.72,1.85,
2025-06-17,20.75,79.00,307.74,2.03,300.24
2025-06-17,20.75,79.25,308.19,1.07,299.62
2025-06-17,20.75,79.50,306.21,2.89,300.32
2025-06-17,20.75,79.75,307.60,5.21,299.36
2025-06-17,21.00,78.75,308.49,3.75,300.79
2025-06-17,21.00,79.00,308.15,1.67,299.75
2025-06-17,21.00,79.25,308.49,2.17,299.42
2025-06-17,21.00,79.50,310.52,2.31,298.91
2025-06-17,21.00,79.75,308.53,1.88,
2025-06-17,21.25,78.75,309.02,2.64,300.37
2025-06-17,21.25,79.00,307.52,3.75,300.41
2025-06-17,21.25,79.25,307.05,7.14,300.06
2025-06-17,21.25,79.50,308.41,2.59,299.23
2025-06-17,21.25,79.75,308.36,1.06,299.35
2025-06-17,21.50,78.75,305.74,1.46,299.92
2025-06-17,21.50,79.00,307.36,1.77,299.63
2025-06-17,21.50,79.25,309.61,4.41,300.50
2025-06-17,21.50,79.50,308.96,2.50,299.91
2025-06-17,21.50,79.75,307.88,3.43,300.27
2025-06-17,21.75,78.75,,5.36,299.40
2025-06-17,21.75,79.00,309.12,1.53,300.01
2025-06-17,21.75,79.25,306.34,1.11,300.36
2025-06-17,21.75,79.50,309.07,0.95,300.17
2025-06-17,21.75,79.75,308.19,4.18,299.69
2025-06-18,20.75,78.75,308.51,2.33,299.92
2025-06-18,20.75,79.00,,6.01,299.47
2025-06-18,20.75,79.25,306.75,1.97,299.86
2025-06-18,20.75,79.50,308.19,1.95,299.57
2025-06-18,20.75,79.75,306.61,1.09,300.59
2025-06-18,21.00,78.75,307.21,3.57,299.63
2025-06-18,21.00,79.00,308.51,1.11,299.60
2025-06-18,21.00,79.25,308.19,4.54,299.45
2025-06-18,21.00,79.50,309.30,1.11,
2025-06-18,21.00,79.75,308.04,1.51,299.62
2025-06-18,21.25,78.75,307.86,2.09,300.37
2025-06-18,21.25,79.00,309.58,3.03,299.96
2025-06-18,21.25,79.25,308.18,1.71,
2025-06-18,21.25,79.50,308.13,3.18,300.10
2025-06-18,21.25,79.75,307.27,2.95,300.19
2025-06-18,21.50,78.75,309.35,8.58,299.17
2025-06-18,21.50,79.00,307.64,2.71,300.22
2025-06-18,21.50,79.25,,3.76,299.83
2025-06-18,21.50,79.50,306.98,3.62,299.55
2025-06-18,21.50,79.75,305.53,5.05,299.90
2025-06-18,21.75,78.75,308.73,3.88,299.49
2025-06-18,21.75,79.00,308.76,1.23,300.19
2025-06-18,21.75,79.25,309.81,1.64,299.96
2025-06-18,21.75,79.50,307.26,2.70,300.19
2025-06-18,21.75,79.75,305.45,2.39,300.39
2025-06-19,20.75,78.75,308.01,1.33,299.59
2025-06-19,20.75,79.00,307.91,3.83,299.57
2025-06-19,20.75,79.25,307.10,1.84,300.19
2025-06-19,20.75,79.50,309.28,2.87,300.52
2025-06-19,20.75,79.75,304.37,6.41,299.64
2025-06-19,21.00,78.75,308.54,2.79,300.20
2025-06-19,21.00,79.00,307.68,4.25,
2025-06-19,21.00,79.25,306.27,1.70,300.93
2025-06-19,21.00,79.50,311.26,3.14,299.72
2025-06-19,21.00,79.75,308.33,3.71,300.10
2025-06-19,21.25,78.75,308.98,1.96,299.10
2025-06-19,21.25,79.00,307.48,3.84,300.38
2025-06-19,21.25,79.25,308.08,5.51,299.69
2025-06-19,21.25,79.50,308.39,2.03,300.49
2025-06-19,21.25,79.75,307.38,3.54,299.44
2025-06-19,21.50,78.75,309.77,3.12,299.56
2025-06-19,21.50,79.00,308.03,2.86,
2025-06-19,21.50,79.25,307.36,2.16,299.26
2025-06-19,21.50,79.50,307.47,3.14,299.88
2025-06-19,21.50,79.75,310.10,3.58,299.29
2025-06-19,21.75,78.75,306.54,3.86,300.78
2025-06-19,21.75,79.00,307.77,6.22,300.09
2025-06-19,21.75,79.25,309.68,1.15,300.88
2025-06-19,21.75,79.50,306.55,1.26,300.11
2025-06-19,21.75,79.75,302.55,1.58,300.76
2025-06-20,20.75,78.75,307.58,6.09,299.92
2025-06-20,20.75,79.00,307.47,2.07,299.85
2025-06-20,20.75,79.25,310.11,7.72,299.68
2025-06-20,20.75,79.50,308.74,2.40,300.13
2025-06-20,20.75,79.75,308.55,2.97,300.30
2025-06-20,21.00,78.75,307.32,1.26,299.32
2025-06-20,21.00,79.00,308.10,,300.11
2025-06-20,21.00,79.25,307.04,2.22,299.67
2025-06-20,21.00,79.50,309.12,2.19,299.97
2025-06-20,21.00,79.75,308.53,2.05,299.73
2025-06-20,21.25,78.75,305.78,1.34,299.96
2025-06-20,21.25,79.00,307.09,1.88,300.15
2025-06-20,21.25,79.25,307.79,,299.73
2025-06-20,21.25,79.50,308.87,2.99,299.95
2025-06-20,21.25,79.75,306.88,1.38,300.21
2025-06-20,21.50,78.75,309.62,2.17,300.11
2025-06-20,21.50,79.00,309.28,7.64,300.75
2025-06-20,21.50,79.25,308.31,2.32,299.83
2025-06-20,21.50,79.50,307.86,2.79,
2025-06-20,21.50,79.75,305.50,,299.53
2025-06-20,21.75,78.75,307.19,1.25,299.96
2025-06-20,21.75,79.00,308.19,4.27,299.43
2025-06-20,21.75,79.25,307.58,3.27,300.09
2025-06-20,21.75,79.50,306.77,3.55,299.22
2025-06-20,21.75,79.75,307.57,1.16,299.90
2025-06-21,20.75,78.75,308.30,2.43,300.44
2025-06-21,20.75,79.00,308.00,1.18,300.01
2025-06-21,20.75,79.25,308.72,4.34,300.53
2025-06-21,20.75,79.50,307.15,2.66,300.40
2025-06-21,20.75,79.75,305.98,2.05,299.79
2025-06-21,21.00,78.75,310.10,3.45,300.06
2025-06-21,21.00,79.00,306.96,5.03,300.29
2025-06-21,21.00,79.25,307.46,5.31,
2025-06-21,21.00,79.50,308.72,1.95,300.97
2025-06-21,21.00,79.75,308.17,2.28,299.98
2025-06-21,21.25,78.75,311.12,1.57,299.02
2025-06-21,21.25,79.00,307.41,3.18,300.40
2025-06-21,21.25,79.25,308.20,3.77,299.73
2025-06-21,21.25,79.50,310.73,2.54,299.78
2025-06-21,21.25,79.75,310.00,2.06,299.21
2025-06-21,21.50,78.75,309.25,2.05,300.04
2025-06-21,21.50,79.00,309.49,2.48,300.51
2025-06-21,21.50,79.25,305.73,2.62,299.52
2025-06-21,21.50,79.50,308.00,1.31,299.58
2025-06-21,21.50,79.75,307.42,4.78,300.84
2025-06-21,21.75,78.75,309.76,3.66,299.62
2025-06-21,21.75,79.00,308.07,7.87,300.49
2025-06-21,21.75,79.25,306.98,1.64,298.91
2025-06-21,21.75,79.50,307.82,4.51,299.70
2025-06-21,21.75,79.75,309.31,2.83,300.70
2025-06-22,20.75,78.75,308.21,4.60,
2025-06-22,20.75,79.00,307.30,8.30,299.90
2025-06-22,20.75,79.25,309.11,2.91,300.30
2025-06-22,20.75,79.50,307.17,1.94,299.36
2025-06-22,20.75,79.75,307.39,2.87,299.98
2025-06-22,21.00,78.75,308.69,2.15,300.18
2025-06-22,21.00,79.00,308.21,1.35,
2025-06-22,21.00,79.25,307.40,4.64,
2025-06-22,21.00,79.50,306.45,1.60,298.98
2025-06-22,21.00,79.75,306.81,6.67,299.28
2025-06-22,21.25,78.75,308.26,4.15,300.56
2025-06-22,21.25,79.00,309.92,3.77,300.04
2025-06-22,21.25,79.25,310.06,3.36,301.03
2025-06-22,21.25,79.50,307.74,1.65,299.73
2025-06-22,21.25,79.75,308.16,2.61,299.67
2025-06-22,21.50,78.75,307.09,5.38,299.83
2025-06-22,21.50,79.00,306.82,7.94,299.29
2025-06-22,21.50,79.25,304.27,2.76,299.60
2025-06-22,21.50,79.50,305.30,,299.05
2025-06-22,21.50,79.75,307.58,7.40,299.63
2025-06-22,21.75,78.75,308.28,2.31,300.32
2025-06-22,21.75,79.00,307.57,2.39,299.87
2025-06-22,21.75,79.25,310.68,1.36,299.54
2025-06-22,21.75,79.50,307.13,5.24,299.98
2025-06-22,21.75,79.75,307.24,5.72,299.89
2025-06-23,20.75,78.75,310.11,1.90,299.77
2025-06-23,20.75,79.00,305.48,4.53,300.95
2025-06-23,20.75,79.25,309.30,11.96,300.55
2025-06-23,20.75,79.50,306.97,5.63,300.27
2025-06-23,20.75,79.75,309.50,4.40,299.40
2025-06-23,21.00,78.75,308.14,2.01,300.77
2025-06-23,21.00,79.00,308.32,2.91,299.48
2025-06-23,21.00,79.25,305.87,4.09,300.39
2025-06-23,21.00,79.50,309.63,2.09,300.26
2025-06-23,21.00,79.75,307.09,1.20,300.28
2025-06-23,21.25,78.75,307.96,,300.13
2025-06-23,21.25,79.00,308.14,7.17,299.81
2025-06-23,21.25,79.25,305.86,4.30,301.38
2025-06-23,21.25,79.50,307.92,1.44,300.09
2025-06-23,21.25,79.75,307.40,6.30,300.05
2025-06-23,21.50,78.75,309.86,6.70,299.60
2025-06-23,21.50,79.00,305.90,1.88,299.79
2025-06-23,21.50,79.25,307.04,4.26,300.35
2025-06-23,21.50,79.50,308.18,3.98,299.31
2025-06-23,21.50,79.75,306.42,7.90,300.37
2025-06-23,21.75,78.75,306.16,1.91,300.31
2025-06-23,21.75,79.00,308.29,1.32,300.85
2025-06-23,21.75,79.25,308.56,1.75,300.18
2025-06-23,21.75,79.50,308.70,3.48,299.46
2025-06-23,21.75,79.75,307.96,5.80,300.61
2025-06-24,20.75,78.75,308.36,2.75,300.60
2025-06-24,20.75,79.00,306.67,2.30,300.09
2025-06-24,20.75,79.25,310.37,1.86,
2025-06-24,20.75,79.50,307.52,3.68,300.25
2025-06-24,20.75,79.75,307.89,1.24,299.48
2025-06-24,21.00,78.75,308.05,2.44,299.72
2025-06-24,21.00,79.00,310.21,1.55,299.77
2025-06-24,21.00,79.25,307.62,2.37,300.00
2025-06-24,21.00,79.50,306.73,,300.08
2025-06-24,21.00,79.75,309.26,2.72,299.87
2025-06-24,21.25,78.75,307.28,5.10,299.40
2025-06-24,21.25,79.00,306.05,10.14,300.68
2025-06-24,21.25,79.25,310.16,4.97,299.77
2025-06-24,21.25,79.50,306.68,1.43,299.15
2025-06-24,21.25,79.75,307.33,5.04,299.84
2025-06-24,21.50,78.75,308.18,2.35,300.13
2025-06-24,21.50,79.00,306.67,3.24,300.09
2025-06-24,21.50,79.25,308.94,1.71,300.94
2025-06-24,21.50,79.50,308.10,1.30,300.36
2025-06-24,21.50,79.75,306.92,2.29,299.65
2025-06-24,21.75,78.75,306.63,1.37,300.25
2025-06-24,21.75,79.00,307.14,1.50,300.12
2025-06-24,21.75,79.25,308.37,3.89,300.47
2025-06-24,21.75,79.50,306.17,1.55,299.96
2025-06-24,21.75,79.75,307.05,3.21,299.07
2025-06-25,20.75,78.75,308.85,2.50,300.52
2025-06-25,20.75,79.00,304.51,4.43,299.55
2025-06-25,20.75,79.25,308.96,2.44,300.50
2025-06-25,20.75,79.50,310.37,5.37,299.63
2025-06-25,20.75,79.75,309.88,,299.82
2025-06-25,21.00,78.75,310.09,1.42,299.11
2025-06-25,21.00,79.00,305.25,1.79,300.17
2025-06-25,21.00,79.25,309.94,2.38,
2025-06-25,21.00,79.50,307.11,3.61,300.76
2025-06-25,21.00,79.75,306.84,1.42,
2025-06-25,21.25,78.75,306.96,2.83,300.20
2025-06-25,21.25,79.00,306.58,1.96,299.34
2025-06-25,21.25,79.25,308.09,3.95,299.97
2025-06-25,21.25,79.50,308.74,2.68,299.45
2025-06-25,21.25,79.75,308.58,3.53,299.96
2025-06-25,21.50,78.75,308.67,2.89,300.46
2025-06-25,21.50,79.00,307.50,2.09,300.57
2025-06-25,21.50,79.25,309.19,1.60,300.86
2025-06-25,21.50,79.50,308.91,2.21,300.98
2025-06-25,21.50,79.75,309.30,2.10,301.66
2025-06-25,21.75,78.75,309.07,1.87,301.11
2025-06-25,21.75,79.00,303.37,2.97,299.85
2025-06-25,21.75,79.25,308.01,1.96,299.29
2025-06-25,21.75,79.50,309.75,2.27,300.21
2025-06-25,21.75,79.75,308.57,1.32,300.16
2025-06-26,20.75,78.75,307.96,1.40,299.03
2025-06-26,20.75,79.00,309.01,3.33,299.40
2025-06-26,20.75,79.25,307.44,3.36,299.47
2025-06-26,20.75,79.50,306.48,1.43,299.55
2025-06-26,20.75,79.75,305.65,2.05,300.15
2025-06-26,21.00,78.75,307.50,2.23,300.27
2025-06-26,21.00,79.00,309.03,5.95,299.58
2025-06-26,21.00,79.25,310.00,5.90,300.31
2025-06-26,21.00,79.50,305.47,2.28,299.94
2025-06-26,21.00,79.75,307.82,4.98,299.89
2025-06-26,21.25,78.75,308.04,1.45,300.01
2025-06-26,21.25,79.00,307.89,1.90,300.48
2025-06-26,21.25,79.25,307.10,4.74,299.51
2025-06-26,21.25,79.50,309.71,1.97,299.87
2025-06-26,21.25,79.75,308.17,6.30,300.36
2025-06-26,21.50,78.75,309.45,5.22,300.58
2025-06-26,21.50,79.00,309.15,4.58,300.37
2025-06-26,21.50,79.25,310.08,2.91,300.04
2025-06-26,21.50,79.50,306.95,3.65,299.60
2025-06-26,21.50,79.75,308.48,4.98,299.71
2025-06-26,21.75,78.75,307.05,3.10,299.58
2025-06-26,21.75,79.00,307.95,3.79,300.07
2025-06-26,21.75,79.25,308.96,3.58,300.78
2025-06-26,21.75,79.50,307.75,2.92,299.71
2025-06-26,21.75,79.75,308.12,2.54,301.18
2025-06-27,20.75,78.75,305.27,2.68,300.87
2025-06-27,20.75,79.00,307.98,2.84,299.61
2025-06-27,20.75,79.25,306.19,3.28,300.66
2025-06-27,20.75,79.50,306.28,3.72,299.85
2025-06-27,20.75,79.75,307.71,5.61,301.04
2025-06-27,21.00,78.75,309.71,4.68,300.74
2025-06-27,21.00,79.00,308.78,4.06,299.88
2025-06-27,21.00,79.25,,2.48,300.47
2025-06-27,21.00,79.50,309.34,8.28,300.04
2025-06-27,21.00,79.75,305.60,1.45,300.12
2025-06-27,21.25,78.75,306.09,2.33,300.49
2025-06-27,21.25,79.00,305.55,1.90,299.71
2025-06-27,21.25,79.25,306.89,7.41,300.26
2025-06-27,21.25,79.50,309.51,1.93,301.38
2025-06-27,21.25,79.75,306.47,3.18,300.52
2025-06-27,21.50,78.75,307.61,4.88,300.18
2025-06-27,21.50,79.00,307.41,4.32,300.18
2025-06-27,21.50,79.25,312.61,1.42,300.52
2025-06-27,21.50,79.50,307.65,1.57,299.75
2025-06-27,21.50,79.75,307.51,1.81,299.96
2025-06-27,21.75,78.75,310.12,4.95,300.42
2025-06-27,21.75,79.00,308.73,3.03,300.55
2025-06-27,21.75,79.25,307.06,3.81,300.24
2025-06-27,21.75,79.50,309.14,2.05,299.83
2025-06-27,21.75,79.75,308.82,4.49,300.13
2025-06-28,20.75,78.75,305.00,2.81,300.23
2025-06-28,20.75,79.00,308.09,2.57,299.88
2025-06-28,20.75,79.25,307.13,1.74,299.89
2025-06-28,20.75,79.50,307.40,7.51,298.95
2025-06-28,20.75,79.75,306.90,4.12,299.76
2025-06-28,21.00,78.75,307.12,3.46,300.42
2025-06-28,21.00,79.00,308.33,3.48,299.91
2025-06-28,21.00,79.25,307.14,8.35,299.99
2025-06-28,21.00,79.50,306.02,9.66,300.80
2025-06-28,21.00,79.75,308.75,1.70,299.49
2025-06-28,21.25,78.75,307.85,2.67,299.41
2025-06-28,21.25,79.00,307.79,1.67,300.06
2025-06-28,21.25,79.25,309.34,2.60,299.98
2025-06-28,21.25,79.50,308.94,2.07,300.33
2025-06-28,21.25,79.75,309.30,2.65,300.00
2025-06-28,21.50,78.75,309.31,4.56,300.87
2025-06-28,21.50,79.00,306.90,3.43,299.62
2025-06-28,21.50,79.25,309.95,2.73,300.47
2025-06-28,21.50,79.50,310.29,4.28,300.40
2025-06-28,21.50,79.75,308.15,1.88,300.01
2025-06-28,21.75,78.75,308.37,4.96,300.11
2025-06-28,21.75,79.00,306.64,1.74,299.75
2025-06-28,21.75,79.25,309.28,1.84,299.61
2025-06-28,21.75,79.50,308.58,2.47,299.68
2025-06-28,21.75,79.75,306.47,1.91,300.06
2025-06-29,20.75,78.75,,9.17,299.39
2025-06-29,20.75,79.00,307.85,4.32,300.28
2025-06-29,20.75,79.25,308.59,4.98,300.01
2025-06-29,20.75,79.50,306.33,3.37,299.95
2025-06-29,20.75,79.75,309.91,5.11,300.85
2025-06-29,21.00,78.75,309.82,2.31,299.45
2025-06-29,21.00,79.00,308.37,6.84,300.28
2025-06-29,21.00,79.25,306.82,2.04,300.44
2025-06-29,21.00,79.50,304.52,5.79,300.59
2025-06-29,21.00,79.75,308.12,2.25,300.59
2025-06-29,21.25,78.75,307.26,2.97,300.54
2025-06-29,21.25,79.00,309.25,4.54,300.59
2025-06-29,21.25,79.25,307.12,2.88,300.30
2025-06-29,21.25,79.50,308.07,2.63,300.29
2025-06-29,21.25,79.75,307.14,7.56,299.70
2025-06-29,21.50,78.75,306.69,3.87,300.47
2025-06-29,21.50,79.00,305.55,2.94,299.36
2025-06-29,21.50,79.25,308.09,3.66,299.96
2025-06-29,21.50,79.50,307.50,2.23,299.14
2025-06-29,21.50,79.75,306.17,6.58,299.90
2025-06-29,21.75,78.75,308.78,1.86,300.05
2025-06-29,21.75,79.00,305.85,1.82,300.56
2025-06-29,21.75,79.25,307.79,2.33,300.20
2025-06-29,21.75,79.50,308.38,5.79,
2025-06-29,21.75,79.75,309.63,1.71,299.27
2025-06-30,20.75,78.75,307.45,2.72,300.09
2025-06-30,20.75,79.00,306.01,2.81,300.32
2025-06-30,20.75,79.25,307.48,1.96,299.77
2025-06-30,20.75,79.50,308.25,2.93,300.46
2025-06-30,20.75,79.75,309.97,4.56,299.45
2025-06-30,21.00,78.75,307.16,7.34,299.90
2025-06-30,21.00,79.00,305.99,4.44,300.78
2025-06-30,21.00,79.25,307.41,2.51,299.79
2025-06-30,21.00,79.50,310.05,2.23,299.60
2025-06-30,21.00,79.75,,4.47,299.76
2025-06-30,21.25,78.75,308.48,1.87,299.56
2025-06-30,21.25,79.00,310.41,3.17,299.87
2025-06-30,21.25,79.25,305.36,3.16,299.27
2025-06-30,21.25,79.50,309.52,3.22,299.22
2025-06-30,21.25,79.75,309.84,1.59,299.94
2025-06-30,21.50,78.75,306.81,2.30,300.11
2025-06-30,21.50,79.00,307.94,3.52,300.59
2025-06-30,21.50,79.25,307.75,8.64,300.69
2025-06-30,21.50,79.50,309.35,2.11,299.18
2025-06-30,21.50,79.75,306.22,2.81,299.74
2025-06-30,21.75,78.75,309.68,6.49,299.96
2025-06-30,21.75,79.00,306.89,3.22,299.04
2025-06-30,21.75,79.25,309.99,2.85,299.58
2025-06-30,21.75,79.50,310.14,9.81,300.76
2025-06-30,21.75,79.75,309.39,1.55,300.17
2025-07-01,20.75,78.75,305.29,2.69,299.89
2025-07-01,20.75,79.00,307.41,2.93,299.61
2025-07-01,20.75,79.25,308.04,8.15,300.37
2025-07-01,20.75,79.50,,2.09,
2025-07-01,20.75,79.75,309.41,2.60,300.51
2025-07-01,21.00,78.75,309.04,2.72,300.19
2025-07-01,21.00,79.00,307.46,2.72,299.54
2025-07-01,21.00,79.25,308.65,1.70,298.91
2025-07-01,21.00,79.50,309.53,2.79,299.39
2025-07-01,21.00,79.75,310.63,2.82,300.31
2025-07-01,21.25,78.75,306.39,3.05,299.88
2025-07-01,21.25,79.00,308.76,2.99,300.64
2025-07-01,21.25,79.25,307.18,4.15,299.30
2025-07-01,21.25,79.50,306.96,2.18,299.64
2025-07-01,21.25,79.75,309.18,2.98,300.11
2025-07-01,21.50,78.75,309.29,3.24,300.53
2025-07-01,21.50,79.00,308.95,2.98,299.83
2025-07-01,21.50,79.25,308.61,2.36,300.02
2025-07-01,21.50,79.50,309.14,2.21,299.63
2025-07-01,21.50,79.75,309.56,3.49,299.88
2025-07-01,21.75,78.75,308.13,3.88,299.26
2025-07-01,21.75,79.00,309.74,1.59,299.89
2025-07-01,21.75,79.25,307.46,5.20,300.82
2025-07-01,21.75,79.50,310.80,3.51,300.08
2025-07-01,21.75,79.75,307.73,3.92,
2025-07-02,20.75,78.75,305.83,1.60,300.44
2025-07-02,20.75,79.00,310.12,2.16,300.26
2025-07-02,20.75,79.25,308.95,4.35,299.66
2025-07-02,20.75,79.50,306.74,2.97,299.88
2025-07-02,20.75,79.75,306.24,2.81,300.32
2025-07-02,21.00,78.75,308.01,2.59,299.99
2025-07-02,21.00,79.00,305.93,2.18,299.67
2025-07-02,21.00,79.25,307.90,7.85,300.63
2025-07-02,21.00,79.50,305.11,7.43,300.20
2025-07-02,21.00,79.75,308.27,5.49,299.49
2025-07-02,21.25,78.75,309.35,2.36,300.89
2025-07-02,21.25,79.00,308.47,5.02,299.70
2025-07-02,21.25,79.25,306.08,2.78,299.48
2025-07-02,21.25,79.50,306.67,1.80,299.42
2025-07-02,21.25,79.75,306.80,1.79,300.29
2025-07-02,21.50,78.75,309.57,10.52,300.33
2025-07-02,21.50,79.00,311.49,4.17,299.52
2025-07-02,21.50,79.25,309.67,2.34,301.17
2025-07-02,21.50,79.50,310.42,1.75,299.81
2025-07-02,21.50,79.75,305.22,3.46,300.06
2025-07-02,21.75,78.75,306.34,3.92,300.46
2025-07-02,21.75,79.00,308.55,2.28,299.49
2025-07-02,21.75,79.25,308.18,2.16,299.36
2025-07-02,21.75,79.50,307.06,2.74,300.18
2025-07-02,21.75,79.75,309.79,2.59,299.60
2025-07-03,20.75,78.75,307.40,2.10,
2025-07-03,20.75,79.00,310.09,3.01,299.71
2025-07-03,20.75,79.25,307.32,4.53,299.45
2025-07-03,20.75,79.50,,5.34,300.23
2025-07-03,20.75,79.75,306.34,2.84,300.24
2025-07-03,21.00,78.75,308.25,2.33,300.27
2025-07-03,21.00,79.00,308.76,4.44,299.65
2025-07-03,21.00,79.25,309.55,6.48,299.84
2025-07-03,21.00,79.50,307.86,2.30,299.97
2025-07-03,21.00,79.75,309.20,4.24,299.69
2025-07-03,21.25,78.75,306.63,,300.09
2025-07-03,21.25,79.00,308.68,13.54,300.55
2025-07-03,21.25,79.25,306.60,1.89,300.10
2025-07-03,21.25,79.50,307.41,2.03,299.84
2025-07-03,21.25,79.75,309.32,2.78,299.12
2025-07-03,21.50,78.75,306.59,8.11,300.38
2025-07-03,21.50,79.00,307.04,2.29,300.39
2025-07-03,21.50,79.25,306.33,4.37,300.35
2025-07-03,21.50,79.50,307.81,4.87,299.95
2025-07-03,21.50,79.75,309.64,1.70,298.04
2025-07-03,21.75,78.75,308.51,3.17,300.67
2025-07-03,21.75,79.00,307.12,,301.29
2025-07-03,21.75,79.25,309.55,1.88,301.24
2025-07-03,21.75,79.50,308.88,6.58,299.80
2025-07-03,21.75,79.75,309.66,4.30,300.55
2025-07-04,20.75,78.75,306.77,2.56,299.80
2025-07-04,20.75,79.00,310.83,1.69,299.92
2025-07-04,20.75,79.25,306.75,5.54,299.87
2025-07-04,20.75,79.50,307.79,4.70,300.15
2025-07-04,20.75,79.75,305.90,4.07,299.84
2025-07-04,21.00,78.75,307.18,2.87,300.07
2025-07-04,21.00,79.00,306.64,3.07,301.25
2025-07-04,21.00,79.25,303.02,6.11,299.53
2025-07-04,21.00,79.50,307.70,3.44,299.84
2025-07-04,21.00,79.75,310.31,4.11,299.88
2025-07-04,21.25,78.75,308.51,3.15,299.93
2025-07-04,21.25,79.00,308.21,2.76,300.16
2025-07-04,21.25,79.25,305.83,4.62,299.82
2025-07-04,21.25,79.50,310.03,2.03,300.84
2025-07-04,21.25,79.75,307.49,2.63,299.59
2025-07-04,21.50,78.75,308.53,3.62,300.68
2025-07-04,21.50,79.00,307.55,3.47,300.47
2025-07-04,21.50,79.25,309.34,6.96,300.96
2025-07-04,21.50,79.50,308.87,2.08,299.88
2025-07-04,21.50,79.75,306.06,3.55,299.63
2025-07-04,21.75,78.75,308.89,3.00,299.39
2025-07-04,21.75,79.00,309.45,1.83,299.89
2025-07-04,21.75,79.25,307.82,3.06,299.53
2025-07-04,21.75,79.50,307.44,3.09,300.59
2025-07-04,21.75,79.75,304.18,1.88,300.32
2025-07-05,20.75,78.75,308.58,2.95,299.97
2025-07-05,20.75,79.00,305.92,2.88,299.80
2025-07-05,20.75,79.25,309.05,4.93,300.95
2025-07-05,20.75,79.50,311.50,1.86,300.07
2025-07-05,20.75,79.75,304.76,6.42,299.08
2025-07-05,21.00,78.75,,2.84,299.67
2025-07-05,21.00,79.00,306.30,3.46,301.22
2025-07-05,21.00,79.25,305.52,2.67,300.40
2025-07-05,21.00,79.50,309.98,3.43,299.38
2025-07-05,21.00,79.75,305.48,2.35,300.04
2025-07-05,21.25,78.75,307.81,4.81,300.95
2025-07-05,21.25,79.00,306.70,2.51,299.63
2025-07-05,21.25,79.25,307.88,2.48,299.90
2025-07-05,21.25,79.50,306.27,3.02,299.91
2025-07-05,21.25,79.75,307.82,3.01,300.41
2025-07-05,21.50,78.75,307.87,2.27,300.23
2025-07-05,21.50,79.00,308.67,2.17,300.16
2025-07-05,21.50,79.25,307.53,3.19,301.01
2025-07-05,21.50,79.50,306.32,4.96,299.91
2025-07-05,21.50,79.75,304.27,4.04,299.62
2025-07-05,21.75,78.75,305.56,3.83,300.41
2025-07-05,21.75,79.00,307.40,2.08,299.89
2025-07-05,21.75,79.25,308.24,3.36,
2025-07-05,21.75,79.50,308.61,5.24,300.89
2025-07-05,21.75,79.75,307.49,6.07,300.67
2025-07-06,20.75,78.75,307.18,9.46,300.44
2025-07-06,20.75,79.00,307.85,4.31,299.52
2025-07-06,20.75,79.25,309.29,1.82,300.06
2025-07-06,20.75,79.50,307.75,2.54,300.52
2025-07-06,20.75,79.75,309.65,3.02,299.44
2025-07-06,21.00,78.75,308.41,2.90,300.16
2025-07-06,21.00,79.00,306.97,3.58,299.81
2025-07-06,21.00,79.25,306.67,2.03,299.67
2025-07-06,21.00,79.50,307.40,,300.96
2025-07-06,21.00,79.75,306.54,3.83,300.17
2025-07-06,21.25,78.75,308.78,1.77,299.61
2025-07-06,21.25,79.00,308.86,3.40,300.12
2025-07-06,21.25,79.25,307.52,3.35,299.52
2025-07-06,21.25,79.50,308.58,4.49,300.76
2025-07-06,21.25,79.75,306.82,1.85,299.90
2025-07-06,21.50,78.75,305.88,3.94,299.74
2025-07-06,21.50,79.00,306.97,3.65,299.21
2025-07-06,21.50,79.25,305.60,,300.39
2025-07-06,21.50,79.50,306.57,4.67,300.76
2025-07-06,21.50,79.75,310.03,2.92,300.29
2025-07-06,21.75,78.75,308.04,8.89,300.06
2025-07-06,21.75,79.00,308.70,3.20,299.43
2025-07-06,21.75,79.25,311.75,3.47,300.93
2025-07-06,21.75,79.50,307.37,1.93,300.45
2025-07-06,21.75,79.75,308.90,2.02,300.68
2025-07-07,20.75,78.75,310.48,1.80,300.13
2025-07-07,20.75,79.00,310.42,5.73,300.12
2025-07-07,20.75,79.25,307.51,3.02,299.96
2025-07-07,20.75,79.50,308.85,2.39,300.86
2025-07-07,20.75,79.75,307.12,2.03,300.14
2025-07-07,21.00,78.75,307.08,3.82,300.03
2025-07-07,21.00,79.00,305.39,3.19,299.99
2025-07-07,21.00,79.25,307.27,9.27,299.88
2025-07-07,21.00,79.50,309.51,3.08,300.15
2025-07-07,21.00,79.75,308.32,3.13,300.36
2025-07-07,21.25,78.75,308.66,4.22,300.23
2025-07-07,21.25,79.00,307.75,2.69,298.31
2025-07-07,21.25,79.25,304.60,2.67,299.20
2025-07-07,21.25,79.50,309.17,2.22,299.82
2025-07-07,21.25,79.75,310.60,3.49,299.37
2025-07-07,21.50,78.75,306.73,3.88,299.88
2025-07-07,21.50,79.00,307.05,2.26,300.03
2025-07-07,21.50,79.25,307.91,3.56,300.56
2025-07-07,21.50,79.50,309.38,2.83,299.73
2025-07-07,21.50,79.75,307.39,2.33,299.75
2025-07-07,21.75,78.75,310.57,2.28,300.20
2025-07-07,21.75,79.00,309.31,1.97,300.25
2025-07-07,21.75,79.25,308.45,3.24,299.80
2025-07-07,21.75,79.50,305.56,2.69,299.85
2025-07-07,21.75,79.75,308.46,6.84,299.91
2025-07-08,20.75,78.75,305.59,1.92,299.03
2025-07-08,20.75,79.00,309.60,4.04,300.71
2025-07-08,20.75,79.25,308.90,1.96,300.03
2025-07-08,20.75,79.50,309.42,3.47,300.13
2025-07-08,20.75,79.75,308.76,1.78,299.24
2025-07-08,21.00,78.75,305.82,2.92,299.99
2025-07-08,21.00,79.00,308.83,2.50,300.54
2025-07-08,21.00,79.25,305.67,9.22,
2025-07-08,21.00,79.50,306.36,3.90,299.54
2025-07-08,21.00,79.75,,2.39,299.23
2025-07-08,21.25,78.75,307.67,3.76,299.86
2025-07-08,21.25,79.00,306.18,2.36,300.84
2025-07-08,21.25,79.25,308.89,2.53,299.24
2025-07-08,21.25,79.50,305.58,2.12,300.08
2025-07-08,21.25,79.75,308.59,1.79,299.99
2025-07-08,21.50,78.75,307.88,2.15,299.81
2025-07-08,21.50,79.00,305.83,5.25,300.02
2025-07-08,21.50,79.25,309.04,3.38,299.80
2025-07-08,21.50,79.50,309.30,3.60,299.76
2025-07-08,21.50,79.75,307.16,4.90,299.85
2025-07-08,21.75,78.75,308.60,3.99,300.66
2025-07-08,21.75,79.00,309.49,2.46,300.23
2025-07-08,21.75,79.25,308.42,2.22,299.93
2025-07-08,21.75,79.50,306.83,1.79,299.06
2025-07-08,21.75,79.75,308.20,2.10,300.01
2025-07-09,20.75,78.75,307.76,4.65,299.61
2025-07-09,20.75,79.00,307.88,2.20,300.01
2025-07-09,20.75,79.25,306.16,4.15,299.50
2025-07-09,20.75,79.50,308.65,5.29,298.70
2025-07-09,20.75,79.75,309.52,6.52,300.46
2025-07-09,21.00,78.75,307.06,5.98,299.58
2025-07-09,21.00,79.00,307.22,5.22,299.46
2025-07-09,21.00,79.25,307.80,8.20,300.45
2025-07-09,21.00,79.50,309.35,2.89,300.41
2025-07-09,21.00,79.75,312.36,5.31,300.48
2025-07-09,21.25,78.75,307.32,1.82,300.16
2025-07-09,21.25,79.00,306.07,4.26,299.99
2025-07-09,21.25,79.25,306.24,3.34,300.35
2025-07-09,21.25,79.50,308.08,2.82,299.97
2025-07-09,21.25,79.75,309.84,3.46,299.76
2025-07-09,21.50,78.75,306.75,3.17,299.59
2025-07-09,21.50,79.00,305.47,4.36,299.55
2025-07-09,21.50,79.25,308.60,3.36,299.61
2025-07-09,21.50,79.50,306.68,2.99,300.03
2025-07-09,21.50,79.75,305.23,2.21,301.25
2025-07-09,21.75,78.75,308.77,4.11,299.86
2025-07-09,21.75,79.00,307.95,2.50,300.96
2025-07-09,21.75,79.25,306.27,3.50,300.28
2025-07-09,21.75,79.50,308.65,3.53,299.73
2025-07-09,21.75,79.75,306.15,,300.61
2025-07-10,20.75,78.75,306.46,,300.03
2025-07-10,20.75,79.00,308.17,2.82,299.80
2025-07-10,20.75,79.25,307.45,5.89,300.43
2025-07-10,20.75,79.50,307.14,2.55,299.88
2025-07-10,20.75,79.75,308.04,3.58,299.82
2025-07-10,21.00,78.75,309.60,2.91,300.12
2025-07-10,21.00,79.00,308.44,3.24,300.39
2025-07-10,21.00,79.25,306.58,6.50,300.29
2025-07-10,21.00,79.50,306.51,2.84,
2025-07-10,21.00,79.75,304.77,1.84,299.73
2025-07-10,21.25,78.75,308.60,2.21,300.22
2025-07-10,21.25,79.00,307.61,4.34,300.77
2025-07-10,21.25,79.25,308.72,1.88,300.48
2025-07-10,21.25,79.50,305.31,1.94,299.66
2025-07-10,21.25,79.75,308.00,3.42,299.72
2025-07-10,21.50,78.75,307.42,2.99,299.73
2025-07-10,21.50,79.00,309.14,2.92,299.57
2025-07-10,21.50,79.25,306.63,6.44,299.67
2025-07-10,21.50,79.50,307.73,4.55,299.80
2025-07-10,21.50,79.75,308.29,3.54,300.80
2025-07-10,21.75,78.75,308.45,5.63,300.61
2025-07-10,21.75,79.00,307.72,3.13,299.79
2025-07-10,21.75,79.25,307.34,3.98,300.05
2025-07-10,21.75,79.50,308.97,4.02,301.40
2025-07-10,21.75,79.75,310.33,5.80,300.51
2025-07-11,20.75,78.75,307.65,5.46,299.56
2025-07-11,20.75,79.00,306.45,4.00,299.85
2025-07-11,20.75,79.25,,2.82,300.27
2025-07-11,20.75,79.50,304.34,3.79,300.39
2025-07-11,20.75,79.75,309.90,9.47,299.21
2025-07-11,21.00,78.75,306.60,3.00,299.81
2025-07-11,21.00,79.00,309.14,8.55,299.83
2025-07-11,21.00,79.25,307.68,4.58,300.31
2025-07-11,21.00,79.50,307.16,7.28,300.66
2025-07-11,21.00,79.75,306.42,4.41,299.37
2025-07-11,21.25,78.75,307.24,3.28,300.77
2025-07-11,21.25,79.00,305.60,3.69,300.02
2025-07-11,21.25,79.25,310.70,4.79,299.97
2025-07-11,21.25,79.50,308.62,4.13,300.38
2025-07-11,21.25,79.75,307.43,2.59,299.43
2025-07-11,21.50,78.75,307.32,5.59,301.13
2025-07-11,21.50,79.00,309.60,3.35,300.12
2025-07-11,21.50,79.25,309.64,3.49,300.35
2025-07-11,21.50,79.50,306.57,,299.54
2025-07-11,21.50,79.75,305.49,7.36,
2025-07-11,21.75,78.75,308.52,5.58,299.78
2025-07-11,21.75,79.00,307.08,3.71,300.13
2025-07-11,21.75,79.25,307.49,2.71,299.87
2025-07-11,21.75,79.50,305.95,2.21,299.94
2025-07-11,21.75,79.75,307.91,4.23,300.46
2025-07-12,20.75,78.75,309.10,7.45,300.64
2025-07-12,20.75,79.00,306.31,4.05,300.07
2025-07-12,20.75,79.25,306.86,2.47,300.18
2025-07-12,20.75,79.50,308.34,3.00,300.34
2025-07-12,20.75,79.75,309.14,3.57,300.01
2025-07-12,21.00,78.75,304.39,4.95,300.23
2025-07-12,21.00,79.00,308.05,3.35,299.46
2025-07-12,21.00,79.25,308.27,1.99,299.88
2025-07-12,21.00,79.50,309.86,3.93,299.86
2025-07-12,21.00,79.75,308.36,5.24,300.40
2025-07-12,21.25,78.75,307.98,1.90,300.31
2025-07-12,21.25,79.00,306.76,2.14,300.10
2025-07-12,21.25,79.25,308.33,5.80,300.12
2025-07-12,21.25,79.50,309.04,4.64,300.07
2025-07-12,21.25,79.75,307.93,3.12,300.63
2025-07-12,21.50,78.75,305.60,3.21,299.67
2025-07-12,21.50,79.00,306.75,5.21,299.59
2025-07-12,21.50,79.25,307.83,3.40,301.48
2025-07-12,21.50,79.50,310.02,3.95,299.62
2025-07-12,21.50,79.75,306.05,4.22,300.20
2025-07-12,21.75,78.75,309.08,3.69,299.55
2025-07-12,21.75,79.00,307.14,2.04,300.20
2025-07-12,21.75,79.25,305.71,7.34,299.88
2025-07-12,21.75,79.50,307.21,4.13,300.56
2025-07-12,21.75,79.75,306.11,2.48,300.22
2025-07-13,20.75,78.75,308.97,4.34,300.52
2025-07-13,20.75,79.00,306.81,2.65,300.08
2025-07-13,20.75,79.25,307.57,6.95,299.49
2025-07-13,20.75,79.50,308.67,6.70,299.42
2025-07-13,20.75,79.75,307.29,5.32,300.24
2025-07-13,21.00,78.75,308.18,3.83,299.75
2025-07-13,21.00,79.00,306.44,3.42,299.86
2025-07-13,21.00,79.25,306.18,3.16,299.98
2025-07-13,21.00,79.50,306.16,6.21,300.38
2025-07-13,21.00,79.75,307.19,8.51,299.94
2025-07-13,21.25,78.75,307.36,3.17,299.97
2025-07-13,21.25,79.00,310.84,2.09,300.76
2025-07-13,21.25,79.25,,2.66,299.86
2025-07-13,21.25,79.50,307.05,2.16,300.33
2025-07-13,21.25,79.75,308.49,9.18,299.74
2025-07-13,21.50,78.75,308.05,2.29,300.30
2025-07-13,21.50,79.00,308.89,9.90,299.42
2025-07-13,21.50,79.25,305.88,3.96,299.47
2025-07-13,21.50,79.50,,4.12,
2025-07-13,21.50,79.75,307.43,2.81,300.31
2025-07-13,21.75,78.75,306.59,4.44,300.18
2025-07-13,21.75,79.00,309.35,2.26,299.76
2025-07-13,21.75,79.25,307.89,2.99,300.58
2025-07-13,21.75,79.50,307.96,1.91,299.39
2025-07-13,21.75,79.75,307.56,2.33,299.79
2025-07-14,20.75,78.75,307.04,4.65,300.38
2025-07-14,20.75,79.00,307.55,2.37,299.83
2025-07-14,20.75,79.25,309.34,3.38,300.07
2025-07-14,20.75,79.50,307.33,4.73,299.52
2025-07-14,20.75,79.75,306.61,5.39,300.08
2025-07-14,21.00,78.75,307.44,2.80,300.21
2025-07-14,21.00,79.00,305.38,3.87,300.65
2025-07-14,21.00,79.25,308.53,2.73,299.52
2025-07-14,21.00,79.50,304.58,3.90,300.00
2025-07-14,21.00,79.75,306.74,2.86,300.31
2025-07-14,21.25,78.75,306.41,11.86,299.80
2025-07-14,21.25,79.00,307.85,4.09,300.21
2025-07-14,21.25,79.25,308.37,1.92,300.40
2025-07-14,21.25,79.50,307.07,5.50,300.06
2025-07-14,21.25,79.75,308.19,4.44,300.33
2025-07-14,21.50,78.75,308.74,4.08,299.80
2025-07-14,21.50,79.00,309.99,4.03,300.03
2025-07-14,21.50,79.25,308.87,2.60,299.62
2025-07-14,21.50,79.50,306.98,6.08,300.23
2025-07-14,21.50,79.75,307.64,6.67,299.58
2025-07-14,21.75,78.75,309.44,3.40,300.78
2025-07-14,21.75,79.00,307.36,2.59,300.50
2025-07-14,21.75,79.25,307.94,5.51,299.20
2025-07-14,21.75,79.50,305.78,3.78,299.29
2025-07-14,21.75,79.75,307.54,3.29,299.85
2025-07-15,20.75,78.75,307.89,2.71,300.40
2025-07-15,20.75,79.00,307.99,,300.17
2025-07-15,20.75,79.25,307.91,3.17,300.07
2025-07-15,20.75,79.50,306.21,2.88,299.39
2025-07-15,20.75,79.75,308.31,3.78,299.97
2025-07-15,21.00,78.75,309.43,6.26,300.74
2025-07-15,21.00,79.00,,2.68,301.09
2025-07-15,21.00,79.25,307.87,2.65,299.15
2025-07-15,21.00,79.50,305.97,4.67,300.07
2025-07-15,21.00,79.75,307.60,2.16,300.04
2025-07-15,21.25,78.75,306.54,3.04,299.87
2025-07-15,21.25,79.00,311.19,4.88,300.79
2025-07-15,21.25,79.25,308.71,2.60,300.19
2025-07-15,21.25,79.50,310.37,4.66,299.91
2025-07-15,21.25,79.75,308.87,4.06,299.43
2025-07-15,21.50,78.75,,10.19,299.62
2025-07-15,21.50,79.00,306.91,3.32,299.84
2025-07-15,21.50,79.25,308.95,5.16,300.18
2025-07-15,21.50,79.50,306.50,4.35,299.90
2025-07-15,21.50,79.75,308.25,2.05,300.12
2025-07-15,21.75,78.75,307.59,3.91,300.54
2025-07-15,21.75,79.00,308.23,2.79,300.86
2025-07-15,21.75,79.25,307.76,5.50,299.71
2025-07-15,21.75,79.50,307.54,2.19,299.46
2025-07-15,21.75,79.75,307.52,2.28,300.01
2025-07-16,20.75,78.75,307.81,3.85,
2025-07-16,20.75,79.00,307.90,4.12,300.08
2025-07-16,20.75,79.25,306.37,3.03,300.58
2025-07-16,20.75,79.50,306.40,4.53,300.21
2025-07-16,20.75,79.75,307.56,2.34,300.00
2025-07-16,21.00,78.75,306.70,9.72,300.17
2025-07-16,21.00,79.00,306.26,2.36,298.96
2025-07-16,21.00,79.25,308.59,4.31,299.98
2025-07-16,21.00,79.50,306.41,2.50,299.68
2025-07-16,21.00,79.75,308.72,6.09,300.13
2025-07-16,21.25,78.75,306.23,5.72,300.85
2025-07-16,21.25,79.00,309.17,4.56,300.30
2025-07-16,21.25,79.25,308.29,2.17,299.39
2025-07-16,21.25,79.50,309.18,2.83,299.90
2025-07-16,21.25,79.75,308.16,5.54,300.57
2025-07-16,21.50,78.75,307.30,2.70,300.30
2025-07-16,21.50,79.00,307.15,4.42,300.59
2025-07-16,21.50,79.25,305.58,4.02,300.29
2025-07-16,21.50,79.50,308.73,2.72,299.73
2025-07-16,21.50,79.75,303.78,3.02,299.56
2025-07-16,21.75,78.75,305.60,2.40,300.04
2025-07-16,21.75,79.00,305.82,2.14,299.11
2025-07-16,21.75,79.25,307.64,2.96,300.99
2025-07-16,21.75,79.50,308.36,4.52,300.90
2025-07-16,21.75,79.75,307.75,2.35,300.41
2025-07-17,20.75,78.75,309.45,3.11,300.37
2025-07-17,20.75,79.00,306.76,2.78,298.95
2025-07-17,20.75,79.25,306.86,1.98,300.68
2025-07-17,20.75,79.50,305.64,1.96,300.36
2025-07-17,20.75,79.75,308.72,2.00,299.53
2025-07-17,21.00,78.75,310.74,4.92,299.36
2025-07-17,21.00,79.00,307.41,2.43,300.37
2025-07-17,21.00,79.25,309.28,2.20,299.35
2025-07-17,21.00,79.50,310.32,3.21,300.09
2025-07-17,21.00,79.75,305.40,3.38,300.10
2025-07-17,21.25,78.75,308.34,2.80,300.55
2025-07-17,21.25,79.00,307.35,3.29,299.40
2025-07-17,21.25,79.25,307.49,,300.46
2025-07-17,21.25,79.50,308.31,5.22,299.49
2025-07-17,21.25,79.75,307.67,7.41,299.44
2025-07-17,21.50,78.75,308.54,2.17,301.06
2025-07-17,21.50,79.00,308.00,4.09,299.81
2025-07-17,21.50,79.25,310.38,2.20,299.12
2025-07-17,21.50,79.50,305.91,4.01,299.79
2025-07-17,21.50,79.75,307.67,1.97,300.86
2025-07-17,21.75,78.75,308.13,2.73,301.30
2025-07-17,21.75,79.00,308.06,4.17,299.56
2025-07-17,21.75,79.25,309.72,5.83,301.23
2025-07-17,21.75,79.50,304.31,6.10,299.69
2025-07-17,21.75,79.75,307.72,7.34,300.86
2025-07-18,20.75,78.75,306.17,8.24,300.10
2025-07-18,20.75,79.00,306.46,1.97,301.48
2025-07-18,20.75,79.25,306.25,3.85,300.50
2025-07-18,20.75,79.50,306.85,5.04,300.12
2025-07-18,20.75,79.75,306.94,4.66,299.26
2025-07-18,21.00,78.75,305.59,3.80,299.76
2025-07-18,21.00,79.00,305.98,3.44,299.77
2025-07-18,21.00,79.25,309.38,2.88,300.52
2025-07-18,21.00,79.50,307.50,5.54,299.74
2025-07-18,21.00,79.75,306.66,2.45,300.06
2025-07-18,21.25,78.75,305.97,4.45,300.51
2025-07-18,21.25,79.00,309.99,1.98,300.86
2025-07-18,21.25,79.25,308.21,2.07,300.74
2025-07-18,21.25,79.50,305.38,2.95,299.78
2025-07-18,21.25,79.75,307.98,6.51,300.22
2025-07-18,21.50,78.75,306.33,4.42,300.25
2025-07-18,21.50,79.00,309.74,5.71,299.58
2025-07-18,21.50,79.25,309.20,6.54,
2025-07-18,21.50,79.50,308.08,3.34,300.73
2025-07-18,21.50,79.75,308.45,2.23,299.54
2025-07-18,21.75,78.75,306.15,3.79,300.74
2025-07-18,21.75,79.00,308.20,3.84,299.42
2025-07-18,21.75,79.25,306.71,2.09,299.78
2025-07-18,21.75,79.50,305.23,4.31,300.31
2025-07-18,21.75,79.75,307.09,7.22,300.18
2025-07-19,20.75,78.75,306.00,16.39,299.48
2025-07-19,20.75,79.00,304.96,2.51,300.07
2025-07-19,20.75,79.25,309.25,2.38,299.43
2025-07-19,20.75,79.50,307.05,4.46,299.83
2025-07-19,20.75,79.75,307.73,6.68,300.06
2025-07-19,21.00,78.75,306.00,,298.85
2025-07-19,21.00,79.00,309.81,4.01,299.10
2025-07-19,21.00,79.25,307.42,3.91,300.41
2025-07-19,21.00,79.50,305.70,7.57,300.05
2025-07-19,21.00,79.75,305.85,3.47,300.55
2025-07-19,21.25,78.75,309.97,2.80,300.16
2025-07-19,21.25,79.00,307.78,2.60,300.41
2025-07-19,21.25,79.25,306.34,3.41,300.59
2025-07-19,21.25,79.50,304.75,2.78,299.45
2025-07-19,21.25,79.75,306.39,2.04,299.83
2025-07-19,21.50,78.75,307.60,5.16,300.24
2025-07-19,21.50,79.00,309.01,3.74,301.23
2025-07-19,21.50,79.25,307.23,4.66,299.10
2025-07-19,21.50,79.50,307.04,6.47,300.28
2025-07-19,21.50,79.75,306.63,3.34,300.11
2025-07-19,21.75,78.75,306.19,2.62,299.46
2025-07-19,21.75,79.00,309.13,2.78,299.49
2025-07-19,21.75,79.25,310.20,5.27,300.93
2025-07-19,21.75,79.50,307.82,3.49,299.28
2025-07-19,21.75,79.75,305.49,3.15,299.34
2025-07-20,20.75,78.75,305.68,4.18,300.45
2025-07-20,20.75,79.00,306.43,6.75,299.85
2025-07-20,20.75,79.25,305.82,9.42,299.99
2025-07-20,20.75,79.50,306.17,8.70,300.31
2025-07-20,20.75,79.75,307.14,4.85,300.40
2025-07-20,21.00,78.75,306.94,3.56,300.89
2025-07-20,21.00,79.00,307.38,,
2025-07-20,21.00,79.25,305.19,4.80,300.59
2025-07-20,21.00,79.50,307.43,2.97,300.38
2025-07-20,21.00,79.75,308.31,8.82,299.53
2025-07-20,21.25,78.75,307.57,2.29,299.45
2025-07-20,21.25,79.00,306.62,2.25,299.26
2025-07-20,21.25,79.25,304.70,5.42,300.09
2025-07-20,21.25,79.50,307.89,5.04,299.74
2025-07-20,21.25,79.75,307.67,3.28,300.72
2025-07-20,21.50,78.75,309.26,4.83,299.78
2025-07-20,21.50,79.00,306.43,2.44,300.70
2025-07-20,21.50,79.25,304.77,7.63,299.96
2025-07-20,21.50,79.50,304.34,4.22,299.41
2025-07-20,21.50,79.75,306.94,3.14,300.02
2025-07-20,21.75,78.75,307.53,3.82,300.54
2025-07-20,21.75,79.00,308.63,7.40,300.36
2025-07-20,21.75,79.25,306.80,6.13,299.40
2025-07-20,21.75,79.50,,5.55,300.71
2025-07-20,21.75,79.75,305.31,2.84,300.49
2025-07-21,20.75,78.75,307.18,6.38,
2025-07-21,20.75,79.00,308.04,2.32,
2025-07-21,20.75,79.25,306.98,2.92,300.64
2025-07-21,20.75,79.50,305.12,2.42,299.65
2025-07-21,20.75,79.75,306.86,2.85,299.73
2025-07-21,21.00,78.75,308.54,6.00,299.82
2025-07-21,21.00,79.00,308.13,5.74,299.50
2025-07-21,21.00,79.25,307.19,2.97,300.24
2025-07-21,21.00,79.50,307.12,3.57,299.92
2025-07-21,21.00,79.75,308.39,2.78,300.43
2025-07-21,21.25,78.75,306.28,4.78,
2025-07-21,21.25,79.00,307.39,2.10,300.28
2025-07-21,21.25,79.25,307.76,3.80,300.08
2025-07-21,21.25,79.50,308.21,2.57,299.88
2025-07-21,21.25,79.75,307.25,2.33,299.41
2025-07-21,21.50,78.75,305.83,5.16,300.20
2025-07-21,21.50,79.00,308.26,4.55,300.59
2025-07-21,21.50,79.25,307.79,2.03,299.90
2025-07-21,21.50,79.50,308.66,7.45,300.43
2025-07-21,21.50,79.75,308.67,2.42,300.75
2025-07-21,21.75,78.75,307.08,2.00,300.93
2025-07-21,21.75,79.00,309.09,3.27,299.38
2025-07-21,21.75,79.25,307.07,5.90,299.97
2025-07-21,21.75,79.50,307.35,4.33,300.48
2025-07-21,21.75,79.75,307.85,3.18,300.19
2025-07-22,20.75,78.75,305.43,7.03,299.65
2025-07-22,20.75,79.00,307.19,2.31,299.54
2025-07-22,20.75,79.25,309.06,2.09,299.69
2025-07-22,20.75,79.50,309.13,7.49,300.66
2025-07-22,20.75,79.75,307.61,3.62,301.60
2025-07-22,21.00,78.75,303.45,2.18,300.37
2025-07-22,21.00,79.00,308.18,3.70,300.05
2025-07-22,21.00,79.25,307.09,4.76,299.99
2025-07-22,21.00,79.50,307.99,7.71,299.86
2025-07-22,21.00,79.75,307.48,2.26,300.35
2025-07-22,21.25,78.75,307.87,6.70,300.65
2025-07-22,21.25,79.00,307.57,2.38,299.60
2025-07-22,21.25,79.25,305.33,3.83,300.43
2025-07-22,21.25,79.50,309.54,2.06,300.51
2025-07-22,21.25,79.75,308.86,5.04,299.46
2025-07-22,21.50,78.75,306.26,2.61,300.04
2025-07-22,21.50,79.00,309.28,2.40,300.42
2025-07-22,21.50,79.25,308.17,3.26,300.30
2025-07-22,21.50,79.50,309.11,3.72,300.84
2025-07-22,21.50,79.75,307.35,4.82,300.31
2025-07-22,21.75,78.75,307.59,3.04,299.98
2025-07-22,21.75,79.00,308.08,3.93,298.96
2025-07-22,21.75,79.25,306.36,3.69,300.59
2025-07-22,21.75,79.50,307.73,3.55,299.77
2025-07-22,21.75,79.75,306.68,2.40,299.56
2025-07-23,20.75,78.75,308.55,2.05,
2025-07-23,20.75,79.00,304.51,4.25,300.10
2025-07-23,20.75,79.25,305.12,3.62,300.04
2025-07-23,20.75,79.50,305.93,3.59,301.08
2025-07-23,20.75,79.75,308.30,6.03,299.41
2025-07-23,21.00,78.75,305.21,3.02,299.41
2025-07-23,21.00,79.00,,6.05,300.48
2025-07-23,21.00,79.25,307.22,4.30,299.98
2025-07-23,21.00,79.50,307.58,2.33,301.01
2025-07-23,21.00,79.75,304.49,,300.10
2025-07-23,21.25,78.75,308.35,5.15,
2025-07-23,21.25,79.00,306.04,3.09,300.22
2025-07-23,21.25,79.25,305.12,4.18,300.10
2025-07-23,21.25,79.50,306.81,5.11,300.66
2025-07-23,21.25,79.75,305.50,3.00,300.85
2025-07-23,21.50,78.75,310.71,2.16,300.22
2025-07-23,21.50,79.00,306.98,2.40,300.69
2025-07-23,21.50,79.25,305.89,6.72,300.21
2025-07-23,21.50,79.50,306.49,5.22,299.92
2025-07-23,21.50,79.75,307.50,2.50,300.48
2025-07-23,21.75,78.75,306.71,7.05,300.36
2025-07-23,21.75,79.00,304.93,2.55,300.87
2025-07-23,21.75,79.25,306.04,2.94,300.15
2025-07-23,21.75,79.50,306.51,6.25,300.37
2025-07-23,21.75,79.75,305.85,2.24,301.05
2025-07-24,20.75,78.75,307.74,2.61,300.33
2025-07-24,20.75,79.00,307.53,4.82,299.98
2025-07-24,20.75,79.25,310.86,2.75,300.16
2025-07-24,20.75,79.50,308.71,2.98,300.61
2025-07-24,20.75,79.75,305.75,5.80,300.16
2025-07-24,21.00,78.75,307.61,2.06,300.65
2025-07-24,21.00,79.00,308.55,4.38,300.87
2025-07-24,21.00,79.25,307.87,4.58,300.43
2025-07-24,21.00,79.50,303.90,2.20,300.76
2025-07-24,21.00,79.75,305.20,6.63,299.78
2025-07-24,21.25,78.75,305.74,5.61,300.18
2025-07-24,21.25,79.00,306.93,7.62,300.02
2025-07-24,21.25,79.25,306.65,2.44,299.80
2025-07-24,21.25,79.50,301.78,2.22,300.39
2025-07-24,21.25,79.75,307.04,3.71,300.16
2025-07-24,21.50,78.75,306.00,3.02,300.31
2025-07-24,21.50,79.00,305.21,5.63,300.41
2025-07-24,21.50,79.25,306.09,5.17,300.36
2025-07-24,21.50,79.50,306.76,4.49,301.05
2025-07-24,21.50,79.75,306.20,4.37,300.24
2025-07-24,21.75,78.75,307.94,3.42,299.89
2025-07-24,21.75,79.00,308.92,6.43,298.92
2025-07-24,21.75,79.25,305.10,3.00,300.46
2025-07-24,21.75,79.50,309.10,2.87,300.36
2025-07-24,21.75,79.75,308.51,7.11,300.20
2025-07-25,20.75,78.75,307.95,2.14,299.03
2025-07-25,20.75,79.00,306.90,2.61,300.75
2025-07-25,20.75,79.25,308.11,2.95,300.50
2025-07-25,20.75,79.50,304.76,3.07,299.50
2025-07-25,20.75,79.75,306.03,3.60,
2025-07-25,21.00,78.75,307.80,3.43,300.12
2025-07-25,21.00,79.00,306.78,2.11,300.20
2025-07-25,21.00,79.25,305.56,6.94,299.66
2025-07-25,21.00,79.50,309.20,7.55,299.75
2025-07-25,21.00,79.75,309.75,3.95,301.14
2025-07-25,21.25,78.75,307.46,2.00,300.39
2025-07-25,21.25,79.00,306.01,2.51,299.99
2025-07-25,21.25,79.25,308.32,2.29,299.55
2025-07-25,21.25,79.50,308.72,2.36,300.33
2025-07-25,21.25,79.75,308.30,3.89,300.76
2025-07-25,21.50,78.75,307.28,3.84,299.08
2025-07-25,21.50,79.00,306.03,2.34,299.38
2025-07-25,21.50,79.25,309.32,2.36,300.28
2025-07-25,21.50,79.50,306.77,2.45,299.94
2025-07-25,21.50,79.75,306.88,2.83,300.26
2025-07-25,21.75,78.75,307.36,2.82,299.51
2025-07-25,21.75,79.00,306.26,2.19,
2025-07-25,21.75,79.25,307.25,3.62,300.30
2025-07-25,21.75,79.50,305.43,2.53,299.71
2025-07-25,21.75,79.75,307.20,4.32,300.22
2025-07-26,20.75,78.75,306.76,2.49,299.63
2025-07-26,20.75,79.00,305.07,3.07,299.61
2025-07-26,20.75,79.25,305.44,2.21,301.05
2025-07-26,20.75,79.50,306.20,2.75,300.44
2025-07-26,20.75,79.75,309.36,6.43,299.31
2025-07-26,21.00,78.75,304.00,2.91,300.34
2025-07-26,21.00,79.00,305.71,2.14,300.72
2025-07-26,21.00,79.25,307.28,,300.15
2025-07-26,21.00,79.50,307.40,2.98,300.17
2025-07-26,21.00,79.75,306.11,3.36,301.38
2025-07-26,21.25,78.75,308.66,3.96,
2025-07-26,21.25,79.00,305.25,2.51,300.17
2025-07-26,21.25,79.25,307.39,2.08,300.22
2025-07-26,21.25,79.50,305.91,3.05,299.81
2025-07-26,21.25,79.75,305.39,3.15,300.29
2025-07-26,21.50,78.75,305.98,2.63,300.35
2025-07-26,21.50,79.00,305.50,5.77,300.78
2025-07-26,21.50,79.25,305.05,3.20,299.41
2025-07-26,21.50,79.50,308.16,2.58,301.10
2025-07-26,21.50,79.75,308.47,5.19,300.18
2025-07-26,21.75,78.75,304.95,3.23,300.06
2025-07-26,21.75,79.00,307.28,2.68,300.14
2025-07-26,21.75,79.25,307.93,2.02,300.12
2025-07-26,21.75,79.50,308.38,2.14,300.31
2025-07-26,21.75,79.75,307.57,3.70,300.37
2025-07-27,20.75,78.75,306.50,3.58,300.46
2025-07-27,20.75,79.00,308.91,3.54,300.56
2025-07-27,20.75,79.25,303.30,3.49,300.04
2025-07-27,20.75,79.50,305.11,3.03,300.82
2025-07-27,20.75,79.75,309.90,,300.03
2025-07-27,21.00,78.75,306.43,,301.24
2025-07-27,21.00,79.00,310.71,2.39,300.14
2025-07-27,21.00,79.25,307.45,2.41,300.38
2025-07-27,21.00,79.50,307.02,3.41,300.29
2025-07-27,21.00,79.75,305.73,6.41,300.25
2025-07-27,21.25,78.75,306.56,2.58,299.46
2025-07-27,21.25,79.00,307.93,6.97,299.78
2025-07-27,21.25,79.25,306.96,4.55,299.14
2025-07-27,21.25,79.50,306.19,4.34,299.98
2025-07-27,21.25,79.75,306.39,4.77,299.40
2025-07-27,21.50,78.75,306.78,2.64,300.75
2025-07-27,21.50,79.00,307.61,4.51,299.87
2025-07-27,21.50,79.25,307.17,2.50,300.29
2025-07-27,21.50,79.50,305.38,4.81,299.99
2025-07-27,21.50,79.75,304.04,2.65,300.26
2025-07-27,21.75,78.75,307.15,5.76,300.46
2025-07-27,21.75,79.00,309.11,4.05,300.05
2025-07-27,21.75,79.25,306.28,5.52,300.55
2025-07-27,21.75,79.50,308.58,5.04,300.60
2025-07-27,21.75,79.75,304.44,3.98,300.31
2025-07-28,20.75,78.75,304.52,2.21,300.57
2025-07-28,20.75,79.00,307.54,4.17,300.86
2025-07-28,20.75,79.25,306.31,4.77,299.90
2025-07-28,20.75,79.50,306.25,3.33,300.32
2025-07-28,20.75,79.75,306.10,5.61,300.06
2025-07-28,21.00,78.75,306.10,3.90,299.74
2025-07-28,21.00,79.00,305.22,3.18,300.53
2025-07-28,21.00,79.25,305.94,3.46,300.60
2025-07-28,21.00,79.50,307.94,3.70,299.86
2025-07-28,21.00,79.75,309.20,2.36,301.56
2025-07-28,21.25,78.75,306.93,2.95,301.11
2025-07-28,21.25,79.00,306.32,3.78,300.05
2025-07-28,21.25,79.25,306.20,2.49,300.24
2025-07-28,21.25,79.50,305.37,4.62,299.98
2025-07-28,21.25,79.75,306.02,3.09,300.39
2025-07-28,21.50,78.75,306.25,2.82,300.19
2025-07-28,21.50,79.00,304.25,6.52,300.10
2025-07-28,21.50,79.25,307.95,2.72,299.44
2025-07-28,21.50,79.50,308.16,3.77,299.71
2025-07-28,21.50,79.75,308.14,3.16,300.91
2025-07-28,21.75,78.75,305.61,5.10,299.79
2025-07-28,21.75,79.00,305.27,6.92,301.13
2025-07-28,21.75,79.25,305.65,2.34,300.30
2025-07-28,21.75,79.50,307.85,3.39,300.44
2025-07-28,21.75,79.75,306.54,7.10,300.15
2025-07-29,20.75,78.75,310.28,2.91,300.47
2025-07-29,20.75,79.00,304.40,4.54,299.87
2025-07-29,20.75,79.25,308.32,3.77,299.96
2025-07-29,20.75,79.50,305.09,2.10,301.02
2025-07-29,20.75,79.75,307.09,2.23,299.72
2025-07-29,21.00,78.75,307.70,6.73,
2025-07-29,21.00,79.00,306.60,2.53,299.83
2025-07-29,21.00,79.25,307.67,6.49,300.24
2025-07-29,21.00,79.50,305.94,5.62,300.28
2025-07-29,21.00,79.75,305.57,2.29,301.04
2025-07-29,21.25,78.75,307.50,3.83,300.74
2025-07-29,21.25,79.00,307.27,2.82,300.61
2025-07-29,21.25,79.25,307.22,3.82,299.79
2025-07-29,21.25,79.50,308.01,11.13,
2025-07-29,21.25,79.75,305.80,3.11,299.73
2025-07-29,21.50,78.75,305.90,2.44,299.79
2025-07-29,21.50,79.00,306.18,4.02,300.37
2025-07-29,21.50,79.25,309.16,2.28,299.59
2025-07-29,21.50,79.50,304.45,3.24,299.15
2025-07-29,21.50,79.75,307.31,5.79,301.44
2025-07-29,21.75,78.75,307.49,2.50,299.65
2025-07-29,21.75,79.00,306.53,4.13,300.72
2025-07-29,21.75,79.25,308.06,4.79,299.48
2025-07-29,21.75,79.50,306.42,2.64,
2025-07-29,21.75,79.75,305.82,7.99,300.56
2025-07-30,20.75,78.75,306.99,2.59,300.19
2025-07-30,20.75,79.00,309.77,2.30,300.53
2025-07-30,20.75,79.25,307.90,4.01,300.25
2025-07-30,20.75,79.50,305.33,2.55,300.34
2025-07-30,20.75,79.75,306.30,4.48,300.28
2025-07-30,21.00,78.75,305.85,3.08,300.67
2025-07-30,21.00,79.00,308.31,6.77,300.33
2025-07-30,21.00,79.25,,2.30,299.99
2025-07-30,21.00,79.50,308.37,2.34,300.03
2025-07-30,21.00,79.75,305.51,4.21,300.96
2025-07-30,21.25,78.75,308.21,6.25,299.97
2025-07-30,21.25,79.00,307.09,2.98,300.53
2025-07-30,21.25,79.25,306.28,2.97,301.00
2025-07-30,21.25,79.50,306.63,4.12,300.87
2025-07-30,21.25,79.75,306.73,2.03,300.69
2025-07-30,21.50,78.75,306.24,3.53,300.56
2025-07-30,21.50,79.00,302.96,2.74,300.06
2025-07-30,21.50,79.25,307.53,6.64,300.00
2025-07-30,21.50,79.50,305.81,2.69,300.08
2025-07-30,21.50,79.75,306.91,2.85,299.86
2025-07-30,21.75,78.75,306.87,3.38,299.63
2025-07-30,21.75,79.00,,2.21,299.10
2025-07-30,21.75,79.25,308.44,4.06,300.27
2025-07-30,21.75,79.50,306.77,3.07,300.27
2025-07-30,21.75,79.75,308.62,3.54,300.64
2025-07-31,20.75,78.75,303.98,3.16,300.66
2025-07-31,20.75,79.00,305.27,2.88,299.40
2025-07-31,20.75,79.25,306.28,2.38,299.65
2025-07-31,20.75,79.50,304.37,2.67,300.56
2025-07-31,20.75,79.75,306.17,2.99,300.10
2025-07-31,21.00,78.75,308.82,3.08,300.66
2025-07-31,21.00,79.00,305.24,2.49,299.58
2025-07-31,21.00,79.25,304.06,2.61,299.75
2025-07-31,21.00,79.50,309.70,3.95,299.50
2025-07-31,21.00,79.75,304.32,6.49,300.80
2025-07-31,21.25,78.75,306.75,12.69,299.70
2025-07-31,21.25,79.00,302.80,4.82,299.57
2025-07-31,21.25,79.25,306.02,2.17,299.90
2025-07-31,21.25,79.50,308.10,2.70,300.31
2025-07-31,21.25,79.75,307.27,3.99,300.21
2025-07-31,21.50,78.75,305.78,4.27,299.91
2025-07-31,21.50,79.00,303.39,2.03,300.09
2025-07-31,21.50,79.25,309.25,3.55,300.07
2025-07-31,21.50,79.50,306.83,3.58,300.84
2025-07-31,21.50,79.75,305.24,6.17,299.77
2025-07-31,21.75,78.75,309.00,4.59,300.76
2025-07-31,21.75,79.00,307.24,4.24,300.32
2025-07-31,21.75,79.25,304.74,3.28,300.94
2025-07-31,21.75,79.50,305.16,3.65,300.12
2025-07-31,21.75,79.75,307.60,2.15,300.24
2025-08-01,20.75,78.75,306.36,2.18,301.09
2025-08-01,20.75,79.00,302.95,5.76,299.50
2025-08-01,20.75,79.25,307.82,3.40,300.55
2025-08-01,20.75,79.50,306.62,3.86,300.62
2025-08-01,20.75,79.75,302.50,5.04,
2025-08-01,21.00,78.75,305.32,4.45,300.62
2025-08-01,21.00,79.00,307.33,5.47,
2025-08-01,21.00,79.25,305.32,2.97,300.79
2025-08-01,21.00,79.50,308.09,2.06,299.39
2025-08-01,21.00,79.75,305.58,2.22,300.28
2025-08-01,21.25,78.75,306.55,4.27,299.98
2025-08-01,21.25,79.00,304.60,4.49,300.68
2025-08-01,21.25,79.25,309.06,2.69,299.85
2025-08-01,21.25,79.50,308.24,4.73,300.42
2025-08-01,21.25,79.75,305.59,3.05,301.01
2025-08-01,21.50,78.75,307.08,6.69,300.08
2025-08-01,21.50,79.00,307.67,3.73,300.53
2025-08-01,21.50,79.25,306.59,3.77,300.20
2025-08-01,21.50,79.50,305.82,3.47,299.85
2025-08-01,21.50,79.75,305.56,2.74,300.52
2025-08-01,21.75,78.75,307.15,7.37,300.30
2025-08-01,21.75,79.00,307.87,3.02,299.85
2025-08-01,21.75,79.25,306.66,9.28,300.47
2025-08-01,21.75,79.50,306.74,2.35,300.53
2025-08-01,21.75,79.75,306.15,2.07,300.01
2025-08-02,20.75,78.75,306.90,2.70,299.90
2025-08-02,20.75,79.00,306.25,3.93,299.80
2025-08-02,20.75,79.25,305.62,2.18,300.00
2025-08-02,20.75,79.50,304.98,13.74,300.51
2025-08-02,20.75,79.75,306.35,,300.08
2025-08-02,21.00,78.75,307.66,6.70,300.55
2025-08-02,21.00,79.00,303.12,5.21,299.51
2025-08-02,21.00,79.25,305.26,2.77,299.90
2025-08-02,21.00,79.50,305.33,2.02,299.96
2025-08-02,21.00,79.75,305.24,1.94,300.46
2025-08-02,21.25,78.75,307.80,6.23,300.56
2025-08-02,21.25,79.00,306.89,2.86,299.90
2025-08-02,21.25,79.25,303.77,11.23,299.37
2025-08-02,21.25,79.50,305.98,3.06,299.56
2025-08-02,21.25,79.75,306.85,2.40,300.07
2025-08-02,21.50,78.75,305.95,2.56,
2025-08-02,21.50,79.00,307.68,2.72,299.63
2025-08-02,21.50,79.25,,3.15,300.95
2025-08-02,21.50,79.50,306.27,3.39,300.41
2025-08-02,21.50,79.75,304.23,2.53,299.77
2025-08-02,21.75,78.75,307.29,5.29,300.29
2025-08-02,21.75,79.00,305.05,5.56,300.26
2025-08-02,21.75,79.25,304.60,2.46,300.12
2025-08-02,21.75,79.50,306.83,7.16,
2025-08-02,21.75,79.75,307.00,2.94,300.04
2025-08-03,20.75,78.75,304.51,6.19,299.91
2025-08-03,20.75,79.00,308.65,4.56,299.22
2025-08-03,20.75,79.25,306.88,2.33,301.01
2025-08-03,20.75,79.50,305.25,2.12,300.98
2025-08-03,20.75,79.75,305.68,2.57,300.10
2025-08-03,21.00,78.75,304.41,4.90,300.78
2025-08-03,21.00,79.00,303.35,7.54,300.85
2025-08-03,21.00,79.25,307.20,2.96,299.95
2025-08-03,21.00,79.50,306.81,8.42,300.05
2025-08-03,21.00,79.75,305.05,2.74,300.15
2025-08-03,21.25,78.75,307.77,4.50,299.29
2025-08-03,21.25,79.00,306.26,3.84,300.58
2025-08-03,21.25,79.25,307.02,4.92,301.59
2025-08-03,21.25,79.50,306.53,3.24,300.85
2025-08-03,21.25,79.75,307.98,4.28,299.71
2025-08-03,21.50,78.75,307.39,4.66,299.96
2025-08-03,21.50,79.00,304.85,2.38,
2025-08-03,21.50,79.25,303.66,2.52,300.18
2025-08-03,21.50,79.50,308.05,6.42,298.98
2025-08-03,21.50,79.75,306.53,4.93,300.90
2025-08-03,21.75,78.75,305.69,7.18,300.10
2025-08-03,21.75,79.00,303.84,3.79,301.04
2025-08-03,21.75,79.25,307.95,3.32,300.50
2025-08-03,21.75,79.50,304.44,5.84,298.83
2025-08-03,21.75,79.75,306.52,3.92,301.00
2025-08-04,20.75,78.75,,4.23,300.19
2025-08-04,20.75,79.00,,3.00,300.18
2025-08-04,20.75,79.25,304.68,2.51,299.41
2025-08-04,20.75,79.50,304.84,5.61,299.73
2025-08-04,20.75,79.75,305.52,2.57,
2025-08-04,21.00,78.75,306.64,2.19,300.88
2025-08-04,21.00,79.00,306.78,6.20,299.95
2025-08-04,21.00,79.25,305.90,5.66,299.97
2025-08-04,21.00,79.50,305.86,3.10,300.11
2025-08-04,21.00,79.75,305.81,2.43,299.78
2025-08-04,21.25,78.75,306.42,3.19,300.14
2025-08-04,21.25,79.00,305.75,11.76,299.43
2025-08-04,21.25,79.25,306.24,3.41,299.95
2025-08-04,21.25,79.50,308.04,5.11,300.33
2025-08-04,21.25,79.75,308.09,4.08,300.15
2025-08-04,21.50,78.75,,1.97,299.54
2025-08-04,21.50,79.00,309.41,3.31,299.89
2025-08-04,21.50,79.25,304.73,11.98,300.11
2025-08-04,21.50,79.50,307.84,11.32,300.33
2025-08-04,21.50,79.75,305.78,,300.41
2025-08-04,21.75,78.75,305.79,8.42,300.60
2025-08-04,21.75,79.00,304.78,2.72,301.24
2025-08-04,21.75,79.25,305.50,3.11,300.35
2025-08-04,21.75,79.50,305.93,2.56,300.67
2025-08-04,21.75,79.75,304.81,2.66,299.83
2025-08-05,20.75,78.75,304.42,2.12,300.16
2025-08-05,20.75,79.00,305.55,2.89,299.78
2025-08-05,20.75,79.25,305.94,2.07,299.83
2025-08-05,20.75,79.50,305.42,4.43,300.02
2025-08-05,20.75,79.75,307.08,2.30,300.92
2025-08-05,21.00,78.75,305.47,2.01,300.28
2025-08-05,21.00,79.00,306.01,3.74,299.92
2025-08-05,21.00,79.25,306.95,3.77,299.16
2025-08-05,21.00,79.50,309.80,8.33,301.12
2025-08-05,21.00,79.75,308.04,3.46,300.22
2025-08-05,21.25,78.75,305.25,3.84,299.71
2025-08-05,21.25,79.00,307.10,4.96,300.06
2025-08-05,21.25,79.25,308.20,2.10,300.50
2025-08-05,21.25,79.50,305.07,2.67,300.39
2025-08-05,21.25,79.75,305.56,8.65,300.74
2025-08-05,21.50,78.75,305.15,5.28,299.71
2025-08-05,21.50,79.00,306.33,3.13,300.85
2025-08-05,21.50,79.25,308.44,2.15,301.55
2025-08-05,21.50,79.50,306.75,2.94,299.69
2025-08-05,21.50,79.75,307.46,3.36,300.97
2025-08-05,21.75,78.75,304.80,3.91,299.82
2025-08-05,21.75,79.00,305.68,4.93,299.57
2025-08-05,21.75,79.25,306.17,2.36,299.63
2025-08-05,21.75,79.50,307.42,4.39,300.47
2025-08-05,21.75,79.75,305.02,2.74,300.18
2025-08-06,20.75,78.75,307.88,4.31,301.12
2025-08-06,20.75,79.00,304.71,6.33,299.83
2025-08-06,20.75,79.25,305.11,2.72,300.92
2025-08-06,20.75,79.50,303.24,3.49,300.98
2025-08-06,20.75,79.75,304.62,3.49,299.77
2025-08-06,21.00,78.75,305.70,2.01,300.26
2025-08-06,21.00,79.00,307.41,3.82,
2025-08-06,21.00,79.25,305.22,4.89,299.81
2025-08-06,21.00,79.50,306.36,2.34,299.61
2025-08-06,21.00,79.75,307.46,3.83,300.31
2025-08-06,21.25,78.75,306.53,4.66,300.20
2025-08-06,21.25,79.00,306.67,4.59,299.55
2025-08-06,21.25,79.25,306.69,,300.40
2025-08-06,21.25,79.50,304.51,2.01,299.01
2025-08-06,21.25,79.75,304.61,2.43,300.90
2025-08-06,21.50,78.75,,6.04,299.49
2025-08-06,21.50,79.00,301.75,4.41,301.27
2025-08-06,21.50,79.25,306.58,2.70,300.70
2025-08-06,21.50,79.50,306.06,2.41,300.55
2025-08-06,21.50,79.75,305.46,1.97,300.16
2025-08-06,21.75,78.75,307.48,3.97,300.01
2025-08-06,21.75,79.00,307.12,2.15,299.93
2025-08-06,21.75,79.25,305.94,1.93,300.31
2025-08-06,21.75,79.50,306.27,3.60,300.43
2025-08-06,21.75,79.75,308.92,2.74,300.16
2025-08-07,20.75,78.75,305.96,6.83,300.11
2025-08-07,20.75,79.00,304.64,5.72,299.68
2025-08-07,20.75,79.25,305.21,4.22,300.49
2025-08-07,20.75,79.50,303.68,3.03,300.92
2025-08-07,20.75,79.75,306.58,2.63,299.80
2025-08-07,21.00,78.75,305.42,3.19,300.97
2025-08-07,21.00,79.00,307.25,4.64,300.71
2025-08-07,21.00,79.25,307.14,5.29,299.81
2025-08-07,21.00,79.50,306.66,1.91,300.69
2025-08-07,21.00,79.75,305.86,2.07,300.69
2025-08-07,21.25,78.75,306.06,2.43,300.77
2025-08-07,21.25,79.00,304.15,4.03,300.08
2025-08-07,21.25,79.25,307.92,2.30,300.66
2025-08-07,21.25,79.50,306.16,4.32,300.41
2025-08-07,21.25,79.75,305.56,3.12,300.62
2025-08-07,21.50,78.75,305.51,6.71,300.49
2025-08-07,21.50,79.00,302.68,8.73,300.11
2025-08-07,21.50,79.25,305.25,3.97,300.65
2025-08-07,21.50,79.50,305.85,4.15,300.55
2025-08-07,21.50,79.75,307.35,2.02,299.13
2025-08-07,21.75,78.75,304.11,5.25,300.17
2025-08-07,21.75,79.00,307.75,2.93,300.57
2025-08-07,21.75,79.25,305.60,5.86,299.67
2025-08-07,21.75,79.50,306.76,2.23,300.26
2025-08-07,21.75,79.75,308.52,5.94,300.56
2025-08-08,20.75,78.75,304.61,2.99,300.70
2025-08-08,20.75,79.00,308.12,2.19,300.26
2025-08-08,20.75,79.25,307.97,1.83,300.27
2025-08-08,20.75,79.50,302.23,5.72,301.33
2025-08-08,20.75,79.75,301.86,4.58,300.64
2025-08-08,21.00,78.75,305.42,6.16,299.82
2025-08-08,21.00,79.00,305.95,3.27,300.91
2025-08-08,21.00,79.25,302.88,2.05,300.66
2025-08-08,21.00,79.50,303.90,3.48,300.86
2025-08-08,21.00,79.75,305.08,5.14,300.26
2025-08-08,21.25,78.75,305.10,1.88,300.75
2025-08-08,21.25,79.00,303.43,3.41,300.22
2025-08-08,21.25,79.25,305.78,3.42,299.90
2025-08-08,21.25,79.50,306.17,1.98,301.05
2025-08-08,21.25,79.75,303.75,2.44,300.32
2025-08-08,21.50,78.75,303.49,3.52,300.94
2025-08-08,21.50,79.00,305.95,2.80,300.76
2025-08-08,21.50,79.25,304.59,2.81,300.08
2025-08-08,21.50,79.50,308.31,3.62,
2025-08-08,21.50,79.75,305.42,2.33,300.54
2025-08-08,21.75,78.75,305.27,2.77,300.61
2025-08-08,21.75,79.00,307.53,9.38,299.70
2025-08-08,21.75,79.25,305.67,4.89,300.26
2025-08-08,21.75,79.50,306.09,1.85,299.85
2025-08-08,21.75,79.75,305.68,4.93,300.15
2025-08-09,20.75,78.75,305.95,3.98,300.94
2025-08-09,20.75,79.00,304.76,3.75,300.25
2025-08-09,20.75,79.25,306.32,2.82,300.47
2025-08-09,20.75,79.50,305.89,3.48,301.04
2025-08-09,20.75,79.75,306.42,5.81,300.61
2025-08-09,21.00,78.75,305.32,5.47,300.56
2025-08-09,21.00,79.00,306.98,5.47,299.63
2025-08-09,21.00,79.25,305.10,2.86,300.32
2025-08-09,21.00,79.50,,1.93,299.56
2025-08-09,21.00,79.75,305.41,2.77,300.05
2025-08-09,21.25,78.75,306.09,4.11,300.35
2025-08-09,21.25,79.00,303.23,2.41,299.92
2025-08-09,21.25,79.25,307.88,2.01,300.12
2025-08-09,21.25,79.50,303.96,2.87,301.05
2025-08-09,21.25,79.75,306.46,3.56,301.37
2025-08-09,21.50,78.75,305.70,3.13,300.67
2025-08-09,21.50,79.00,307.68,4.79,301.17
2025-08-09,21.50,79.25,307.64,2.95,300.04
2025-08-09,21.50,79.50,306.66,3.97,300.17
2025-08-09,21.50,79.75,305.40,2.26,300.57
2025-08-09,21.75,78.75,306.65,2.26,300.81
2025-08-09,21.75,79.00,304.86,7.02,300.40
2025-08-09,21.75,79.25,306.64,2.85,300.35
2025-08-09,21.75,79.50,307.67,2.32,301.29
2025-08-09,21.75,79.75,306.90,2.58,299.95
2025-08-10,20.75,78.75,304.87,3.10,301.05
2025-08-10,20.75,79.00,306.58,2.66,300.40
2025-08-10,20.75,79.25,305.43,4.16,299.74
2025-08-10,20.75,79.50,306.84,2.56,300.91
2025-08-10,20.75,79.75,306.29,6.07,300.52
2025-08-10,21.00,78.75,303.07,4.55,300.53
2025-08-10,21.00,79.00,304.69,2.68,299.92
2025-08-10,21.00,79.25,304.48,2.13,300.13
2025-08-10,21.00,79.50,307.19,4.63,299.88
2025-08-10,21.00,79.75,305.64,4.96,300.49
2025-08-10,21.25,78.75,307.79,3.00,299.94
2025-08-10,21.25,79.00,305.51,6.95,300.46
2025-08-10,21.25,79.25,302.16,3.36,300.53
2025-08-10,21.25,79.50,307.36,2.91,299.97
2025-08-10,21.25,79.75,308.32,2.51,300.29
2025-08-10,21.50,78.75,304.42,2.92,300.05
2025-08-10,21.50,79.00,308.62,4.94,300.62
2025-08-10,21.50,79.25,306.41,,300.72
2025-08-10,21.50,79.50,306.04,6.01,299.87
2025-08-10,21.50,79.75,307.20,3.71,300.79
2025-08-10,21.75,78.75,304.33,2.13,300.12
2025-08-10,21.75,79.00,306.22,1.85,299.81
2025-08-10,21.75,79.25,305.27,2.22,301.04
2025-08-10,21.75,79.50,304.71,1.90,301.49
2025-08-10,21.75,79.75,304.77,2.12,299.82
2025-08-11,20.75,78.75,303.01,6.26,301.23
2025-08-11,20.75,79.00,307.92,3.66,300.31
2025-08-11,20.75,79.25,305.68,1.99,300.25
2025-08-11,20.75,79.50,306.09,3.17,299.34
2025-08-11,20.75,79.75,306.43,5.98,300.14
2025-08-11,21.00,78.75,303.87,,300.39
2025-08-11,21.00,79.00,306.95,2.31,301.02
2025-08-11,21.00,79.25,303.52,2.33,300.51
2025-08-11,21.00,79.50,305.95,7.46,300.87
2025-08-11,21.00,79.75,,3.09,300.22
2025-08-11,21.25,78.75,303.78,1.91,300.51
2025-08-11,21.25,79.00,309.09,2.37,300.85
2025-08-11,21.25,79.25,306.68,2.11,300.43
2025-08-11,21.25,79.50,306.93,1.96,300.54
2025-08-11,21.25,79.75,303.27,2.57,300.89
2025-08-11,21.50,78.75,304.03,3.17,299.75
2025-08-11,21.50,79.00,,2.13,299.93
2025-08-11,21.50,79.25,306.47,3.16,300.64
2025-08-11,21.50,79.50,305.55,9.55,300.76
2025-08-11,21.50,79.75,305.14,2.34,299.96
2025-08-11,21.75,78.75,308.14,1.72,300.55
2025-08-11,21.75,79.00,307.61,1.81,301.43
2025-08-11,21.75,79.25,307.09,3.67,301.29
2025-08-11,21.75,79.50,304.21,3.69,
2025-08-11,21.75,79.75,306.05,3.20,299.94
2025-08-12,20.75,78.75,303.53,5.39,301.00
2025-08-12,20.75,79.00,304.50,4.72,300.45
2025-08-12,20.75,79.25,305.77,6.05,300.14
2025-08-12,20.75,79.50,305.08,3.44,300.21
2025-08-12,20.75,79.75,303.71,2.30,
2025-08-12,21.00,78.75,304.24,3.83,301.19
2025-08-12,21.00,79.00,303.81,4.95,301.27
2025-08-12,21.00,79.25,306.00,3.60,300.07
2025-08-12,21.00,79.50,301.86,2.76,300.33
2025-08-12,21.00,79.75,307.53,4.73,299.93
2025-08-12,21.25,78.75,302.16,6.70,300.00
2025-08-12,21.25,79.00,304.04,1.71,299.97
2025-08-12,21.25,79.25,303.19,2.06,299.28
2025-08-12,21.25,79.50,307.07,4.97,300.37
2025-08-12,21.25,79.75,307.30,2.91,299.79
2025-08-12,21.50,78.75,304.44,2.81,301.08
2025-08-12,21.50,79.00,306.85,3.11,300.90
2025-08-12,21.50,79.25,304.90,2.48,300.65
2025-08-12,21.50,79.50,306.93,4.31,299.71
2025-08-12,21.50,79.75,301.58,2.90,
2025-08-12,21.75,78.75,307.26,3.97,300.03
2025-08-12,21.75,79.00,305.18,1.92,301.03
2025-08-12,21.75,79.25,304.55,2.14,300.57
2025-08-12,21.75,79.50,304.25,2.66,300.27
2025-08-12,21.75,79.75,303.62,2.88,300.49
2025-08-13,20.75,78.75,303.68,2.44,300.35
2025-08-13,20.75,79.00,304.24,3.78,300.81
2025-08-13,20.75,79.25,305.56,3.40,301.09
2025-08-13,20.75,79.50,306.76,4.10,300.28
2025-08-13,20.75,79.75,308.83,1.81,300.75
2025-08-13,21.00,78.75,303.60,1.64,299.60
2025-08-13,21.00,79.00,306.20,3.35,299.85
2025-08-13,21.00,79.25,304.87,4.85,300.10
2025-08-13,21.00,79.50,307.19,1.96,299.99
2025-08-13,21.00,79.75,307.84,7.30,300.58
2025-08-13,21.25,78.75,303.26,1.84,300.22
2025-08-13,21.25,79.00,306.12,2.87,299.47
2025-08-13,21.25,79.25,305.71,1.79,300.11
2025-08-13,21.25,79.50,306.97,2.00,300.16
2025-08-13,21.25,79.75,304.04,3.86,300.82
2025-08-13,21.50,78.75,304.68,3.67,300.31
2025-08-13,21.50,79.00,305.00,5.94,300.58
2025-08-13,21.50,79.25,303.43,2.06,299.71
2025-08-13,21.50,79.50,304.48,5.66,300.61
2025-08-13,21.50,79.75,305.97,1.66,301.15
2025-08-13,21.75,78.75,306.56,4.62,299.73
2025-08-13,21.75,79.00,307.02,7.33,299.85
2025-08-13,21.75,79.25,307.38,6.73,300.65
2025-08-13,21.75,79.50,307.34,10.15,300.52
2025-08-13,21.75,79.75,,7.58,299.81
2025-08-14,20.75,78.75,305.18,7.27,300.98
2025-08-14,20.75,79.00,306.98,2.46,301.05
2025-08-14,20.75,79.25,306.49,2.70,300.28
2025-08-14,20.75,79.50,303.18,3.36,300.02
2025-08-14,20.75,79.75,307.91,3.00,301.43
2025-08-14,21.00,78.75,307.54,1.77,300.23
2025-08-14,21.00,79.00,302.59,2.04,300.53
2025-08-14,21.00,79.25,305.90,3.68,300.34
2025-08-14,21.00,79.50,305.10,2.49,300.18
2025-08-14,21.00,79.75,303.21,2.09,300.16
2025-08-14,21.25,78.75,,3.46,
2025-08-14,21.25,79.00,307.20,2.28,300.33
2025-08-14,21.25,79.25,305.21,2.05,301.04
2025-08-14,21.25,79.50,305.90,4.71,301.19
2025-08-14,21.25,79.75,303.66,7.74,300.38
2025-08-14,21.50,78.75,302.80,2.76,300.70
2025-08-14,21.50,79.00,302.43,1.92,301.54
2025-08-14,21.50,79.25,304.53,4.36,300.70
2025-08-14,21.50,79.50,304.03,7.42,300.73
2025-08-14,21.50,79.75,307.81,3.91,299.45
2025-08-14,21.75,78.75,306.26,4.13,299.62
2025-08-14,21.75,79.00,307.68,2.42,299.79
2025-08-14,21.75,79.25,304.02,2.87,299.34
2025-08-14,21.75,79.50,306.93,5.17,300.24
2025-08-14,21.75,79.75,307.83,5.13,300.08
2025-08-15,20.75,78.75,303.71,3.50,301.00
2025-08-15,20.75,79.00,302.53,3.78,300.93
2025-08-15,20.75,79.25,304.24,4.14,300.94
2025-08-15,20.75,79.50,304.72,3.13,301.14
2025-08-15,20.75,79.75,305.68,1.80,300.10
2025-08-15,21.00,78.75,306.16,2.24,300.59
2025-08-15,21.00,79.00,304.96,1.89,301.39
2025-08-15,21.00,79.25,304.95,2.58,300.33
2025-08-15,21.00,79.50,303.89,5.41,300.21
2025-08-15,21.00,79.75,304.55,2.01,299.58
2025-08-15,21.25,78.75,307.31,2.87,
2025-08-15,21.25,79.00,303.25,2.72,300.32
2025-08-15,21.25,79.25,304.15,3.44,300.97
2025-08-15,21.25,79.50,306.07,1.88,301.48
2025-08-15,21.25,79.75,,3.33,301.02
2025-08-15,21.50,78.75,301.67,5.51,300.78
2025-08-15,21.50,79.00,304.83,2.94,301.03
2025-08-15,21.50,79.25,306.72,2.07,300.40
2025-08-15,21.50,79.50,303.96,7.84,300.88
2025-08-15,21.50,79.75,307.51,5.70,299.21
2025-08-15,21.75,78.75,305.73,2.74,299.93
2025-08-15,21.75,79.00,303.63,13.93,299.88
2025-08-15,21.75,79.25,305.43,2.81,300.35
2025-08-15,21.75,79.50,307.33,3.11,300.15
2025-08-15,21.75,79.75,305.93,2.28,300.21
2025-08-16,20.75,78.75,302.60,4.46,300.43
2025-08-16,20.75,79.00,304.34,3.23,300.35
2025-08-16,20.75,79.25,305.28,2.61,300.91
2025-08-16,20.75,79.50,307.72,4.54,301.43
2025-08-16,20.75,79.75,306.94,2.65,299.91
2025-08-16,21.00,78.75,306.27,5.96,301.72
2025-08-16,21.00,79.00,304.71,2.74,299.68
2025-08-16,21.00,79.25,304.40,4.63,300.09
2025-08-16,21.00,79.50,301.80,2.03,300.12
2025-08-16,21.00,79.75,304.44,3.96,300.40
2025-08-16,21.25,78.75,302.38,3.13,299.99
2025-08-16,21.25,79.00,307.19,2.01,301.17
2025-08-16,21.25,79.25,301.77,1.80,300.25
2025-08-16,21.25,79.50,304.86,2.73,
2025-08-16,21.25,79.75,302.81,5.88,300.52
2025-08-16,21.50,78.75,306.22,2.48,300.16
2025-08-16,21.50,79.00,304.02,4.64,300.95
2025-08-16,21.50,79.25,305.22,4.23,300.30
2025-08-16,21.50,79.50,307.26,8.17,301.31
2025-08-16,21.50,79.75,307.15,2.46,300.75
2025-08-16,21.75,78.75,304.44,2.14,300.66
2025-08-16,21.75,79.00,309.00,5.42,301.05
2025-08-16,21.75,79.25,304.87,1.74,300.08
2025-08-16,21.75,79.50,304.74,1.89,300.24
2025-08-16,21.75,79.75,307.13,3.22,300.09
2025-08-17,20.75,78.75,304.44,3.94,300.51
2025-08-17,20.75,79.00,304.77,5.97,300.22
2025-08-17,20.75,79.25,305.98,1.61,300.15
2025-08-17,20.75,79.50,305.64,3.65,300.57
2025-08-17,20.75,79.75,305.95,3.65,300.05
2025-08-17,21.00,78.75,307.27,1.69,300.76
2025-08-17,21.00,79.00,308.07,4.40,300.63
2025-08-17,21.00,79.25,304.66,1.74,300.45
2025-08-17,21.00,79.50,304.14,3.95,300.92
2025-08-17,21.00,79.75,302.39,3.39,300.33
2025-08-17,21.25,78.75,304.21,2.24,300.31
2025-08-17,21.25,79.00,303.53,8.84,300.41
2025-08-17,21.25,79.25,304.28,5.95,300.04
2025-08-17,21.25,79.50,306.17,9.64,300.83
2025-08-17,21.25,79.75,306.09,4.33,300.03
2025-08-17,21.50,78.75,305.90,2.45,301.02
2025-08-17,21.50,79.00,305.42,6.30,300.11
2025-08-17,21.50,79.25,305.12,3.21,300.76
2025-08-17,21.50,79.50,302.74,2.49,300.31
2025-08-17,21.50,79.75,306.39,6.33,300.11
2025-08-17,21.75,78.75,305.66,1.68,300.47
2025-08-17,21.75,79.00,305.28,3.16,300.44
2025-08-17,21.75,79.25,307.58,2.51,300.78
2025-08-17,21.75,79.50,303.27,2.66,300.14
2025-08-17,21.75,79.75,304.34,1.79,301.10
2025-08-18,20.75,78.75,305.35,4.87,300.63
2025-08-18,20.75,79.00,304.03,3.39,301.17
2025-08-18,20.75,79.25,304.85,3.69,301.10
2025-08-18,20.75,79.50,303.32,3.23,300.86
2025-08-18,20.75,79.75,303.74,3.12,300.49
2025-08-18,21.00,78.75,306.16,3.42,300.66
2025-08-18,21.00,79.00,304.89,2.15,300.84
2025-08-18,21.00,79.25,304.97,6.19,301.22
2025-08-18,21.00,79.50,307.08,2.72,300.05
2025-08-18,21.00,79.75,305.02,6.70,299.87
2025-08-18,21.25,78.75,304.39,9.88,
2025-08-18,21.25,79.00,306.50,2.72,300.57
2025-08-18,21.25,79.25,305.16,5.73,300.13
2025-08-18,21.25,79.50,303.56,2.81,299.89
2025-08-18,21.25,79.75,306.01,2.68,300.44
2025-08-18,21.50,78.75,305.67,3.13,300.00
2025-08-18,21.50,79.00,305.31,3.35,300.63
2025-08-18,21.50,79.25,304.94,3.10,299.88
2025-08-18,21.50,79.50,303.69,2.44,300.91
2025-08-18,21.50,79.75,305.95,10.66,300.55
2025-08-18,21.75,78.75,305.10,4.93,300.39
2025-08-18,21.75,79.00,305.83,9.09,
2025-08-18,21.75,79.25,307.08,8.90,
2025-08-18,21.75,79.50,305.29,2.79,301.09
2025-08-18,21.75,79.75,303.12,2.15,300.33
2025-08-19,20.75,78.75,306.29,1.79,301.02
2025-08-19,20.75,79.00,303.06,3.16,300.54
2025-08-19,20.75,79.25,305.49,6.06,299.93
2025-08-19,20.75,79.50,306.07,4.00,301.07
2025-08-19,20.75,79.75,303.95,3.14,301.10
2025-08-19,21.00,78.75,305.04,3.21,300.19
2025-08-19,21.00,79.00,,3.58,300.41
2025-08-19,21.00,79.25,303.93,2.97,
2025-08-19,21.00,79.50,307.65,2.37,301.10
2025-08-19,21.00,79.75,305.53,1.69,299.67
2025-08-19,21.25,78.75,305.61,2.83,299.83
2025-08-19,21.25,79.00,309.32,3.15,300.54
2025-08-19,21.25,79.25,,2.26,299.93
2025-08-19,21.25,79.50,306.31,1.52,299.69
2025-08-19,21.25,79.75,305.41,6.03,300.28
2025-08-19,21.50,78.75,304.78,1.75,300.94
2025-08-19,21.50,79.00,303.67,3.71,
2025-08-19,21.50,79.25,303.61,1.42,301.32
2025-08-19,21.50,79.50,305.04,11.75,299.96
2025-08-19,21.50,79.75,305.39,2.78,300.99
2025-08-19,21.75,78.75,302.22,4.07,300.43
2025-08-19,21.75,79.00,,1.57,300.15
2025-08-19,21.75,79.25,305.23,2.25,300.95
2025-08-19,21.75,79.50,302.24,4.52,299.29
2025-08-19,21.75,79.75,305.24,4.92,300.41
2025-08-20,20.75,78.75,304.85,2.99,299.85
2025-08-20,20.75,79.00,303.58,1.52,299.94
2025-08-20,20.75,79.25,306.57,3.06,299.87
2025-08-20,20.75,79.50,305.42,2.59,300.68
2025-08-20,20.75,79.75,304.41,1.63,301.77
2025-08-20,21.00,78.75,303.56,5.31,300.85
2025-08-20,21.00,79.00,304.77,6.48,300.06
2025-08-20,21.00,79.25,307.28,1.61,300.94
2025-08-20,21.00,79.50,304.77,1.96,300.70
2025-08-20,21.00,79.75,305.81,2.48,300.14
2025-08-20,21.25,78.75,302.75,2.06,300.95
2025-08-20,21.25,79.00,304.39,2.59,300.70
2025-08-20,21.25,79.25,305.00,1.65,299.77
2025-08-20,21.25,79.50,304.96,2.61,299.94
2025-08-20,21.25,79.75,304.81,3.97,300.62
2025-08-20,21.50,78.75,303.36,2.15,300.59
2025-08-20,21.50,79.00,304.65,2.95,300.03
2025-08-20,21.50,79.25,,2.44,300.41
2025-08-20,21.50,79.50,306.48,2.77,300.53
2025-08-20,21.50,79.75,301.57,2.19,
2025-08-20,21.75,78.75,302.70,2.51,301.60
2025-08-20,21.75,79.00,304.78,4.90,301.15
2025-08-20,21.75,79.25,302.44,5.48,299.99
2025-08-20,21.75,79.50,304.80,4.50,300.31
2025-08-20,21.75,79.75,303.86,2.56,300.37
2025-08-21,20.75,78.75,304.48,2.65,300.44
2025-08-21,20.75,79.00,304.71,2.28,
2025-08-21,20.75,79.25,304.57,3.64,300.50
2025-08-21,20.75,79.50,303.78,1.85,300.88
2025-08-21,20.75,79.75,304.12,3.78,300.12
2025-08-21,21.00,78.75,304.25,,
2025-08-21,21.00,79.00,305.61,6.51,
2025-08-21,21.00,79.25,306.34,2.33,299.94
2025-08-21,21.00,79.50,304.24,2.39,300.58
2025-08-21,21.00,79.75,304.20,2.09,300.37
2025-08-21,21.25,78.75,,1.41,301.22
2025-08-21,21.25,79.00,306.97,1.66,300.10
2025-08-21,21.25,79.25,304.77,5.50,299.60
2025-08-21,21.25,79.50,303.77,6.89,301.59
2025-08-21,21.25,79.75,,7.08,300.49
2025-08-21,21.50,78.75,303.04,7.67,301.35
2025-08-21,21.50,79.00,305.20,3.38,300.04
2025-08-21,21.50,79.25,305.83,2.80,301.11
2025-08-21,21.50,79.50,304.31,6.04,300.08
2025-08-21,21.50,79.75,304.62,2.49,300.70
2025-08-21,21.75,78.75,,2.72,300.01
2025-08-21,21.75,79.00,305.12,2.86,299.90
2025-08-21,21.75,79.25,304.10,7.56,300.71
2025-08-21,21.75,79.50,303.81,1.66,300.25
2025-08-21,21.75,79.75,304.30,5.29,300.64
2025-08-22,20.75,78.75,307.10,2.16,300.59
2025-08-22,20.75,79.00,303.39,4.50,301.54
2025-08-22,20.75,79.25,307.29,2.27,300.92
2025-08-22,20.75,79.50,302.87,1.88,300.11
2025-08-22,20.75,79.75,307.80,3.12,300.73
2025-08-22,21.00,78.75,304.20,3.50,300.29
2025-08-22,21.00,79.00,304.60,1.31,300.57
2025-08-22,21.00,79.25,305.26,7.37,301.01
2025-08-22,21.00,79.50,304.62,1.64,300.48
2025-08-22,21.00,79.75,305.24,6.65,300.88
2025-08-22,21.25,78.75,304.68,2.08,300.25
2025-08-22,21.25,79.00,305.23,2.75,300.03
2025-08-22,21.25,79.25,305.75,4.01,300.01
2025-08-22,21.25,79.50,306.49,3.45,299.64
2025-08-22,21.25,79.75,304.16,1.60,300.38
2025-08-22,21.50,78.75,304.18,2.43,300.19
2025-08-22,21.50,79.00,304.49,2.79,302.06
2025-08-22,21.50,79.25,302.59,2.37,300.63
2025-08-22,21.50,79.50,305.22,1.98,300.15
2025-08-22,21.50,79.75,306.45,5.19,301.40
2025-08-22,21.75,78.75,300.98,2.31,301.33
2025-08-22,21.75,79.00,302.24,2.09,301.00
2025-08-22,21.75,79.25,304.51,1.41,299.66
2025-08-22,21.75,79.50,303.66,2.83,301.28
2025-08-22,21.75,79.75,301.54,3.08,300.85
2025-08-23,20.75,78.75,306.22,1.58,300.93
2025-08-23,20.75,79.00,305.51,7.89,300.04
2025-08-23,20.75,79.25,305.69,2.49,301.21
2025-08-23,20.75,79.50,303.68,1.84,300.24
2025-08-23,20.75,79.75,306.78,1.42,300.75
2025-08-23,21.00,78.75,303.39,13.88,300.30
2025-08-23,21.00,79.00,,2.67,300.77
2025-08-23,21.00,79.25,303.11,3.06,300.13
2025-08-23,21.00,79.50,304.16,4.32,300.89
2025-08-23,21.00,79.75,305.50,1.62,300.61
2025-08-23,21.25,78.75,303.91,3.66,299.88
2025-08-23,21.25,79.00,304.18,4.16,300.95
2025-08-23,21.25,79.25,303.10,5.44,300.49
2025-08-23,21.25,79.50,306.76,5.61,300.59
2025-08-23,21.25,79.75,303.22,5.45,299.53
2025-08-23,21.50,78.75,306.39,1.68,301.48
2025-08-23,21.50,79.00,304.67,3.83,300.71
2025-08-23,21.50,79.25,304.03,2.85,300.98
2025-08-23,21.50,79.50,302.28,6.18,300.79
2025-08-23,21.50,79.75,305.53,6.17,300.55
2025-08-23,21.75,78.75,303.21,1.86,301.47
2025-08-23,21.75,79.00,301.98,3.62,299.61
2025-08-23,21.75,79.25,303.99,2.88,300.36
2025-08-23,21.75,79.50,302.22,2.66,300.56
2025-08-23,21.75,79.75,302.58,3.07,300.72
2025-08-24,20.75,78.75,305.04,3.58,300.53
2025-08-24,20.75,79.00,305.29,2.07,300.49
2025-08-24,20.75,79.25,301.13,1.50,300.27
2025-08-24,20.75,79.50,304.61,3.12,301.34
2025-08-24,20.75,79.75,303.84,1.74,300.03
2025-08-24,21.00,78.75,303.53,1.35,300.60
2025-08-24,21.00,79.00,303.01,1.96,300.76
2025-08-24,21.00,79.25,301.20,3.34,300.38
2025-08-24,21.00,79.50,305.42,3.73,299.99
2025-08-24,21.00,79.75,302.65,1.41,300.50
2025-08-24,21.25,78.75,304.44,3.32,301.42
2025-08-24,21.25,79.00,305.52,1.63,300.71
2025-08-24,21.25,79.25,304.70,2.52,299.66
2025-08-24,21.25,79.50,303.14,2.64,300.78
2025-08-24,21.25,79.75,303.49,4.69,300.30
2025-08-24,21.50,78.75,301.65,2.10,299.49
2025-08-24,21.50,79.00,306.67,1.46,300.24
2025-08-24,21.50,79.25,305.06,5.79,301.11
2025-08-24,21.50,79.50,304.45,3.36,300.79
2025-08-24,21.50,79.75,,1.55,301.81
2025-08-24,21.75,78.75,300.41,1.52,300.30
2025-08-24,21.75,79.00,302.42,1.57,300.52
2025-08-24,21.75,79.25,303.09,2.70,300.33
2025-08-24,21.75,79.50,302.85,3.33,300.42
2025-08-24,21.75,79.75,304.31,1.39,300.45
2025-08-25,20.75,78.75,304.02,1.56,300.70
2025-08-25,20.75,79.00,305.08,1.18,300.73
2025-08-25,20.75,79.25,304.03,3.73,299.60
2025-08-25,20.75,79.50,302.48,2.08,299.72
2025-08-25,20.75,79.75,303.65,3.37,301.00
2025-08-25,21.00,78.75,301.11,2.99,300.61
2025-08-25,21.00,79.00,304.25,3.19,300.79
2025-08-25,21.00,79.25,304.59,,300.46
2025-08-25,21.00,79.50,303.19,3.05,300.19
2025-08-25,21.00,79.75,304.41,4.81,300.32
2025-08-25,21.25,78.75,305.03,6.20,300.85
2025-08-25,21.25,79.00,303.89,4.59,301.14
2025-08-25,21.25,79.25,303.68,1.22,300.50
2025-08-25,21.25,79.50,304.96,2.73,300.83
2025-08-25,21.25,79.75,303.13,3.32,
2025-08-25,21.50,78.75,304.21,3.79,301.26
2025-08-25,21.50,79.00,302.73,1.50,300.36
2025-08-25,21.50,79.25,301.96,1.42,300.82
2025-08-25,21.50,79.50,303.40,,301.19
2025-08-25,21.50,79.75,304.37,1.54,300.49
2025-08-25,21.75,78.75,302.14,2.36,301.77
2025-08-25,21.75,79.00,305.65,6.49,300.88
2025-08-25,21.75,79.25,302.48,3.10,300.86
2025-08-25,21.75,79.50,301.75,1.35,300.83
2025-08-25,21.75,79.75,306.10,1.59,300.27
2025-08-26,20.75,78.75,304.13,4.08,300.66
2025-08-26,20.75,79.00,302.75,4.98,301.50
2025-08-26,20.75,79.25,303.38,1.50,299.91
2025-08-26,20.75,79.50,303.43,2.37,299.95
2025-08-26,20.75,79.75,304.37,1.74,300.23
2025-08-26,21.00,78.75,305.14,1.62,300.49
2025-08-26,21.00,79.00,303.56,12.20,301.66
2025-08-26,21.00,79.25,305.30,3.29,300.08
2025-08-26,21.00,79.50,303.62,2.85,300.50
2025-08-26,21.00,79.75,306.23,2.09,300.99
2025-08-26,21.25,78.75,305.74,1.53,301.09
2025-08-26,21.25,79.00,304.86,1.28,300.15
2025-08-26,21.25,79.25,303.76,2.81,300.48
2025-08-26,21.25,79.50,302.48,3.21,300.71
2025-08-26,21.25,79.75,302.66,5.18,300.62
2025-08-26,21.50,78.75,302.37,1.72,301.04
2025-08-26,21.50,79.00,303.67,2.18,300.77
2025-08-26,21.50,79.25,302.17,2.76,300.46
2025-08-26,21.50,79.50,303.11,1.10,300.32
2025-08-26,21.50,79.75,305.35,1.49,
2025-08-26,21.75,78.75,305.91,3.85,301.56
2025-08-26,21.75,79.00,306.34,4.13,300.16
2025-08-26,21.75,79.25,305.91,1.98,300.12
2025-08-26,21.75,79.50,306.00,5.79,300.00
2025-08-26,21.75,79.75,,1.55,300.00
2025-08-27,20.75,78.75,303.08,2.22,300.51
2025-08-27,20.75,79.00,304.70,,300.34
2025-08-27,20.75,79.25,301.89,1.68,
2025-08-27,20.75,79.50,304.79,1.29,300.16
2025-08-27,20.75,79.75,305.69,3.18,298.98
2025-08-27,21.00,78.75,304.21,2.54,300.54
2025-08-27,21.00,79.00,302.81,6.95,300.59
2025-08-27,21.00,79.25,304.87,1.17,299.42
2025-08-27,21.00,79.50,302.83,7.03,301.09
2025-08-27,21.00,79.75,304.89,5.19,301.26
2025-08-27,21.25,78.75,303.77,4.77,
2025-08-27,21.25,79.00,304.43,4.49,300.89
2025-08-27,21.25,79.25,302.85,4.46,300.54
2025-08-27,21.25,79.50,304.44,3.70,300.19
2025-08-27,21.25,79.75,303.87,1.97,300.21
2025-08-27,21.50,78.75,302.33,3.30,300.15
2025-08-27,21.50,79.00,303.78,1.27,300.25
2025-08-27,21.50,79.25,305.01,2.37,300.31
2025-08-27,21.50,79.50,301.18,4.52,301.34
2025-08-27,21.50,79.75,301.64,1.54,300.49
2025-08-27,21.75,78.75,302.77,1.79,300.85
2025-08-27,21.75,79.00,303.79,1.39,299.71
2025-08-27,21.75,79.25,304.07,2.95,300.73
2025-08-27,21.75,79.50,301.46,4.65,300.58
2025-08-27,21.75,79.75,303.18,1.61,300.23
2025-08-28,20.75,78.75,304.76,2.36,301.09
2025-08-28,20.75,79.00,302.03,1.72,300.51
2025-08-28,20.75,79.25,304.94,2.36,
2025-08-28,20.75,79.50,302.04,2.11,300.38
2025-08-28,20.75,79.75,304.36,6.80,301.11
2025-08-28,21.00,78.75,303.75,2.68,300.67
2025-08-28,21.00,79.00,303.95,1.05,299.97
2025-08-28,21.00,79.25,299.31,,300.80
2025-08-28,21.00,79.50,303.91,2.29,300.70
2025-08-28,21.00,79.75,304.76,3.80,300.42
2025-08-28,21.25,78.75,305.40,3.91,300.56
2025-08-28,21.25,79.00,302.22,2.40,300.59
2025-08-28,21.25,79.25,300.63,4.05,299.82
2025-08-28,21.25,79.50,305.14,2.24,300.15
2025-08-28,21.25,79.75,305.46,2.10,299.81
2025-08-28,21.50,78.75,,5.12,301.33
2025-08-28,21.50,79.00,301.54,5.82,300.15
2025-08-28,21.50,79.25,304.48,1.55,301.04
2025-08-28,21.50,79.50,305.62,5.12,300.56
2025-08-28,21.50,79.75,305.10,3.29,300.33
2025-08-28,21.75,78.75,304.33,1.16,300.57
2025-08-28,21.75,79.00,300.77,1.14,300.79
2025-08-28,21.75,79.25,302.46,,299.48
2025-08-28,21.75,79.50,304.00,8.50,300.70
2025-08-28,21.75,79.75,305.16,4.76,300.55
2025-08-29,20.75,78.75,302.98,3.94,300.98
2025-08-29,20.75,79.00,303.19,2.48,301.00
2025-08-29,20.75,79.25,301.58,1.73,300.80
2025-08-29,20.75,79.50,302.07,1.27,301.61
2025-08-29,20.75,79.75,303.62,2.31,299.94
2025-08-29,21.00,78.75,301.82,5.71,299.88
2025-08-29,21.00,79.00,303.57,4.95,299.81
2025-08-29,21.00,79.25,302.61,1.56,301.09
2025-08-29,21.00,79.50,304.08,1.48,300.71
2025-08-29,21.00,79.75,303.53,1.34,301.23
2025-08-29,21.25,78.75,303.69,1.95,300.45
2025-08-29,21.25,79.00,303.94,1.18,300.40
2025-08-29,21.25,79.25,302.41,12.61,
2025-08-29,21.25,79.50,302.81,1.03,300.88
2025-08-29,21.25,79.75,304.48,2.89,
2025-08-29,21.50,78.75,305.32,2.05,300.93
2025-08-29,21.50,79.00,304.83,4.65,299.90
2025-08-29,21.50,79.25,304.52,6.13,301.44
2025-08-29,21.50,79.50,303.11,3.20,301.49
2025-08-29,21.50,79.75,304.84,1.33,301.12
2025-08-29,21.75,78.75,305.77,3.29,300.36
2025-08-29,21.75,79.00,301.33,2.81,301.12
2025-08-29,21.75,79.25,303.58,2.76,301.12
2025-08-29,21.75,79.50,302.45,1.81,299.97
2025-08-29,21.75,79.75,305.33,4.76,300.72
2025-08-30,20.75,78.75,303.94,1.73,300.72
2025-08-30,20.75,79.00,303.36,1.27,300.44
2025-08-30,20.75,79.25,304.60,3.12,300.14
2025-08-30,20.75,79.50,303.74,4.46,301.31
2025-08-30,20.75,79.75,303.08,2.83,300.89
2025-08-30,21.00,78.75,303.03,1.29,299.94
2025-08-30,21.00,79.00,304.05,1.20,299.54
2025-08-30,21.00,79.25,298.99,4.62,301.63
2025-08-30,21.00,79.50,302.60,2.39,300.90
2025-08-30,21.00,79.75,302.20,1.74,301.11
2025-08-30,21.25,78.75,305.01,2.82,300.18
2025-08-30,21.25,79.00,303.70,1.72,300.12
2025-08-30,21.25,79.25,305.55,4.67,299.86
2025-08-30,21.25,79.50,304.42,5.44,300.84
2025-08-30,21.25,79.75,304.21,3.11,299.40
2025-08-30,21.50,78.75,303.72,3.43,300.35
2025-08-30,21.50,79.00,304.14,5.13,301.02
2025-08-30,21.50,79.25,304.61,1.24,300.51
2025-08-30,21.50,79.50,303.21,5.72,301.34
2025-08-30,21.50,79.75,305.47,4.84,300.80
2025-08-30,21.75,78.75,302.86,2.78,301.17
2025-08-30,21.75,79.00,301.26,0.92,301.42
2025-08-30,21.75,79.25,304.05,1.39,300.45
2025-08-30,21.75,79.50,305.77,4.86,
2025-08-30,21.75,79.75,301.59,2.86,301.25
2025-08-31,20.75,78.75,302.40,1.99,301.39
2025-08-31,20.75,79.00,304.18,2.20,300.10
2025-08-31,20.75,79.25,300.94,2.04,300.39
2025-08-31,20.75,79.50,302.36,1.61,300.76
2025-08-31,20.75,79.75,303.55,1.34,300.84
2025-08-31,21.00,78.75,302.46,0.92,300.58
2025-08-31,21.00,79.00,301.29,1.29,300.26
2025-08-31,21.00,79.25,302.97,3.76,299.79
2025-08-31,21.00,79.50,303.11,4.66,
2025-08-31,21.00,79.75,306.00,9.38,301.00
2025-08-31,21.25,78.75,303.36,6.35,300.06
2025-08-31,21.25,79.00,303.75,4.51,300.21
2025-08-31,21.25,79.25,304.20,2.07,300.43
2025-08-31,21.25,79.50,303.12,1.67,300.25
2025-08-31,21.25,79.75,300.65,2.14,300.90
2025-08-31,21.50,78.75,302.85,2.65,301.56
2025-08-31,21.50,79.00,301.60,0.93,301.78
2025-08-31,21.50,79.25,304.04,1.29,299.75
2025-08-31,21.50,79.50,306.54,1.36,301.01
2025-08-31,21.50,79.75,302.14,1.05,300.13
2025-08-31,21.75,78.75,301.40,1.30,300.41
2025-08-31,21.75,79.00,304.76,4.44,300.97
2025-08-31,21.75,79.25,304.15,1.40,
2025-08-31,21.75,79.50,,3.31,299.51
2025-08-31,21.75,79.75,304.17,2.80,300.14
2025-09-01,20.75,78.75,303.45,1.45,300.94
2025-09-01,20.75,79.00,304.51,1.63,300.22
2025-09-01,20.75,79.25,298.15,2.95,300.60
2025-09-01,20.75,79.50,301.93,1.35,301.24
2025-09-01,20.75,79.75,304.99,1.15,301.40
2025-09-01,21.00,78.75,,1.51,300.57
2025-09-01,21.00,79.00,302.13,6.49,300.52
2025-09-01,21.00,79.25,302.13,0.80,300.60
2025-09-01,21.00,79.50,303.31,2.90,300.75
2025-09-01,21.00,79.75,299.89,2.80,299.43
2025-09-01,21.25,78.75,302.66,2.22,300.32
2025-09-01,21.25,79.00,303.03,1.34,300.49
2025-09-01,21.25,79.25,,1.36,300.95
2025-09-01,21.25,79.50,304.30,0.96,301.80
2025-09-01,21.25,79.75,303.00,2.47,301.04
2025-09-01,21.50,78.75,305.28,1.59,301.05
2025-09-01,21.50,79.00,300.00,3.34,300.97
2025-09-01,21.50,79.25,303.65,1.13,300.85
2025-09-01,21.50,79.50,302.21,4.55,300.12
2025-09-01,21.50,79.75,299.87,11.35,300.13
2025-09-01,21.75,78.75,302.80,2.65,300.26
2025-09-01,21.75,79.00,303.74,2.36,300.76
2025-09-01,21.75,79.25,302.39,2.70,300.87
2025-09-01,21.75,79.50,304.58,2.95,
2025-09-01,21.75,79.75,304.01,4.42,301.34
2025-09-02,20.75,78.75,301.83,10.33,300.25
2025-09-02,20.75,79.00,304.38,8.33,301.33
2025-09-02,20.75,79.25,303.81,1.38,300.13
2025-09-02,20.75,79.50,,6.12,301.04
2025-09-02,20.75,79.75,302.36,4.55,300.52
2025-09-02,21.00,78.75,302.69,1.02,300.84
2025-09-02,21.00,79.00,301.90,5.63,300.93
2025-09-02,21.00,79.25,302.94,1.11,300.42
2025-09-02,21.00,79.50,303.06,11.34,
2025-09-02,21.00,79.75,299.33,0.86,300.67
2025-09-02,21.25,78.75,302.46,1.68,300.38
2025-09-02,21.25,79.00,301.99,1.16,301.24
2025-09-02,21.25,79.25,303.57,3.67,301.05
2025-09-02,21.25,79.50,304.87,1.04,300.29
2025-09-02,21.25,79.75,303.67,2.64,300.72
2025-09-02,21.50,78.75,303.33,2.11,300.55
2025-09-02,21.50,79.00,303.61,,301.36
2025-09-02,21.50,79.25,302.77,1.00,300.87
2025-09-02,21.50,79.50,304.14,2.84,300.10
2025-09-02,21.50,79.75,300.74,2.67,300.38
2025-09-02,21.75,78.75,305.87,1.81,301.51
2025-09-02,21.75,79.00,300.69,1.87,299.76
2025-09-02,21.75,79.25,302.48,1.11,301.65
2025-09-02,21.75,79.50,303.11,3.21,300.47
2025-09-02,21.75,79.75,303.19,2.55,
2025-09-03,20.75,78.75,303.16,7.00,
2025-09-03,20.75,79.00,301.14,1.83,300.73
2025-09-03,20.75,79.25,301.57,1.92,300.80
2025-09-03,20.75,79.50,,1.56,301.20
2025-09-03,20.75,79.75,301.71,3.48,300.70
2025-09-03,21.00,78.75,304.14,4.41,301.00
2025-09-03,21.00,79.00,300.77,3.82,300.57
2025-09-03,21.00,79.25,302.55,1.25,300.90
2025-09-03,21.00,79.50,303.51,3.40,300.66
2025-09-03,21.00,79.75,301.84,4.93,300.16
2025-09-03,21.25,78.75,302.55,2.35,300.91
2025-09-03,21.25,79.00,303.75,0.87,300.26
2025-09-03,21.25,79.25,301.33,1.36,301.11
2025-09-03,21.25,79.50,301.98,2.26,
2025-09-03,21.25,79.75,302.56,4.14,300.58
2025-09-03,21.50,78.75,304.28,6.15,300.62
2025-09-03,21.50,79.00,299.93,6.83,300.87
2025-09-03,21.50,79.25,304.41,2.83,300.35
2025-09-03,21.50,79.50,300.79,4.22,300.58
2025-09-03,21.50,79.75,301.73,1.24,300.70
2025-09-03,21.75,78.75,303.43,1.67,301.26
2025-09-03,21.75,79.00,,2.34,300.39
2025-09-03,21.75,79.25,303.24,1.03,300.54
2025-09-03,21.75,79.50,303.04,12.78,301.33
2025-09-03,21.75,79.75,304.74,2.84,300.47
2025-09-04,20.75,78.75,303.76,2.14,300.08
2025-09-04,20.75,79.00,303.39,4.03,300.98
2025-09-04,20.75,79.25,301.84,4.68,299.49
2025-09-04,20.75,79.50,303.65,5.68,300.56
2025-09-04,20.75,79.75,303.75,2.08,300.42
2025-09-04,21.00,78.75,302.30,4.00,300.25
2025-09-04,21.00,79.00,302.28,5.67,299.64
2025-09-04,21.00,79.25,303.40,0.81,300.68
2025-09-04,21.00,79.50,303.83,1.78,300.48
2025-09-04,21.00,79.75,301.95,2.45,300.65
2025-09-04,21.25,78.75,300.35,4.20,301.18
2025-09-04,21.25,79.00,304.07,1.09,300.75
2025-09-04,21.25,79.25,304.50,0.87,300.37
2025-09-04,21.25,79.50,303.24,0.79,300.69
2025-09-04,21.25,79.75,301.32,3.04,299.84
2025-09-04,21.50,78.75,302.40,1.77,300.96
2025-09-04,21.50,79.00,302.15,1.63,300.81
2025-09-04,21.50,79.25,302.98,4.55,300.94
2025-09-04,21.50,79.50,301.70,0.64,300.78
2025-09-04,21.50,79.75,301.80,0.85,300.83
2025-09-04,21.75,78.75,302.71,2.12,300.18
2025-09-04,21.75,79.00,301.53,4.97,300.56
2025-09-04,21.75,79.25,302.27,1.06,
2025-09-04,21.75,79.50,304.64,4.03,301.20
2025-09-04,21.75,79.75,,2.31,300.80
2025-09-05,20.75,78.75,300.27,2.05,301.10
2025-09-05,20.75,79.00,299.12,1.03,301.28
2025-09-05,20.75,79.25,303.24,1.51,300.55
2025-09-05,20.75,79.50,300.01,0.90,300.39
2025-09-05,20.75,79.75,,3.00,301.05
2025-09-05,21.00,78.75,302.83,3.91,300.87
2025-09-05,21.00,79.00,297.61,4.76,300.52
2025-09-05,21.00,79.25,304.63,0.82,299.96
2025-09-05,21.00,79.50,300.93,2.94,300.63
2025-09-05,21.00,79.75,302.12,1.63,300.76
2025-09-05,21.25,78.75,303.25,0.62,300.17
2025-09-05,21.25,79.00,302.29,5.60,301.34
2025-09-05,21.25,79.25,304.24,2.00,300.89
2025-09-05,21.25,79.50,302.84,4.47,300.92
2025-09-05,21.25,79.75,302.54,0.86,300.60
2025-09-05,21.50,78.75,302.41,4.65,301.24
2025-09-05,21.50,79.00,301.94,1.96,300.53
2025-09-05,21.50,79.25,302.72,2.75,301.27
2025-09-05,21.50,79.50,304.20,7.07,300.62
2025-09-05,21.50,79.75,301.37,1.34,300.81
2025-09-05,21.75,78.75,304.88,8.82,299.96
2025-09-05,21.75,79.00,303.73,0.72,300.95
2025-09-05,21.75,79.25,302.89,2.29,300.65
2025-09-05,21.75,79.50,302.22,1.63,300.76
2025-09-05,21.75,79.75,302.86,4.03,300.37
2025-09-06,20.75,78.75,,2.41,301.02
2025-09-06,20.75,79.00,301.03,1.31,301.25
2025-09-06,20.75,79.25,301.63,6.07,301.22
2025-09-06,20.75,79.50,305.66,0.79,301.10
2025-09-06,20.75,79.75,303.34,1.84,301.39
2025-09-06,21.00,78.75,301.26,6.99,301.37
2025-09-06,21.00,79.00,303.46,2.12,300.51
2025-09-06,21.00,79.25,304.59,1.53,300.95
2025-09-06,21.00,79.50,301.34,1.27,301.72
2025-09-06,21.00,79.75,303.63,0.94,300.53
2025-09-06,21.25,78.75,303.61,0.59,301.64
2025-09-06,21.25,79.00,301.79,1.42,300.48
2025-09-06,21.25,79.25,303.22,5.29,300.63
2025-09-06,21.25,79.50,,2.54,300.32
2025-09-06,21.25,79.75,301.70,1.84,300.84
2025-09-06,21.50,78.75,302.56,3.13,301.01
2025-09-06,21.50,79.00,301.27,1.59,301.71
2025-09-06,21.50,79.25,302.99,0.63,300.54
2025-09-06,21.50,79.50,299.40,4.67,300.98
2025-09-06,21.50,79.75,301.42,1.36,301.09
2025-09-06,21.75,78.75,301.34,2.11,300.35
2025-09-06,21.75,79.00,302.66,4.62,300.99
2025-09-06,21.75,79.25,302.64,0.87,301.37
2025-09-06,21.75,79.50,301.58,0.79,300.36
2025-09-06,21.75,79.75,304.46,3.38,300.96
2025-09-07,20.75,78.75,301.93,6.18,300.65
2025-09-07,20.75,79.00,300.91,1.59,300.11
2025-09-07,20.75,79.25,303.28,6.60,300.32
2025-09-07,20.75,79.50,300.27,2.59,299.90
2025-09-07,20.75,79.75,302.65,1.59,
2025-09-07,21.00,78.75,302.08,0.86,299.88
2025-09-07,21.00,79.00,302.89,3.49,301.26
2025-09-07,21.00,79.25,302.51,1.03,301.52
2025-09-07,21.00,79.50,303.80,0.94,300.60
2025-09-07,21.00,79.75,302.09,4.30,299.98
2025-09-07,21.25,78.75,302.32,0.75,300.57
2025-09-07,21.25,79.00,300.70,1.60,300.22
2025-09-07,21.25,79.25,300.60,1.98,299.91
2025-09-07,21.25,79.50,301.79,2.39,300.28
2025-09-07,21.25,79.75,300.89,1.16,300.43
2025-09-07,21.50,78.75,304.58,,300.36
2025-09-07,21.50,79.00,302.48,5.01,301.10
2025-09-07,21.50,79.25,301.51,5.70,
2025-09-07,21.50,79.50,302.83,3.96,299.61
2025-09-07,21.50,79.75,300.52,2.90,300.76
2025-09-07,21.75,78.75,301.50,4.75,300.87
2025-09-07,21.75,79.00,304.57,2.72,300.98
2025-09-07,21.75,79.25,301.67,0.87,300.11
2025-09-07,21.75,79.50,301.91,2.24,301.10
2025-09-07,21.75,79.75,299.55,2.01,300.75
2025-09-08,20.75,78.75,304.86,1.30,301.18
2025-09-08,20.75,79.00,302.33,1.14,300.95
2025-09-08,20.75,79.25,300.67,5.52,300.97
2025-09-08,20.75,79.50,303.34,1.39,300.80
2025-09-08,20.75,79.75,303.04,3.42,301.36
2025-09-08,21.00,78.75,302.16,1.15,299.99
2025-09-08,21.00,79.00,302.35,0.49,301.29
2025-09-08,21.00,79.25,300.76,0.84,300.79
2025-09-08,21.00,79.50,301.05,6.12,301.32
2025-09-08,21.00,79.75,303.33,2.35,300.92
2025-09-08,21.25,78.75,302.52,2.30,300.81
2025-09-08,21.25,79.00,301.38,0.64,301.27
2025-09-08,21.25,79.25,301.89,3.36,301.26
2025-09-08,21.25,79.50,302.16,6.23,299.96
2025-09-08,21.25,79.75,306.38,1.12,300.20
2025-09-08,21.50,78.75,300.40,1.95,301.32
2025-09-08,21.50,79.00,302.63,1.80,300.95
2025-09-08,21.50,79.25,300.37,3.00,300.22
2025-09-08,21.50,79.50,,1.05,300.27
2025-09-08,21.50,79.75,298.87,1.48,300.93
2025-09-08,21.75,78.75,302.61,0.86,301.28
2025-09-08,21.75,79.00,301.35,0.54,301.63
2025-09-08,21.75,79.25,301.34,3.87,300.85
2025-09-08,21.75,79.50,301.34,8.25,300.74
2025-09-08,21.75,79.75,303.68,3.64,300.53
2025-09-09,20.75,78.75,301.68,1.30,300.59
2025-09-09,20.75,79.00,302.48,1.35,299.83
2025-09-09,20.75,79.25,303.54,0.74,300.14
2025-09-09,20.75,79.50,299.46,1.65,300.35
2025-09-09,20.75,79.75,299.36,0.89,300.40
2025-09-09,21.00,78.75,,7.15,300.15
2025-09-09,21.00,79.00,302.01,1.58,300.48
2025-09-09,21.00,79.25,302.53,3.72,300.53
2025-09-09,21.00,79.50,299.83,3.21,301.55
2025-09-09,21.00,79.75,299.93,1.56,300.98
2025-09-09,21.25,78.75,301.97,1.63,300.64
2025-09-09,21.25,79.00,305.65,2.15,300.93
2025-09-09,21.25,79.25,301.62,3.57,300.58
2025-09-09,21.25,79.50,300.86,0.78,300.65
2025-09-09,21.25,79.75,303.28,4.97,301.07
2025-09-09,21.50,78.75,301.53,5.47,300.91
2025-09-09,21.50,79.00,303.96,2.01,300.49
2025-09-09,21.50,79.25,300.65,4.43,301.34
2025-09-09,21.50,79.50,304.10,1.11,301.42
2025-09-09,21.50,79.75,301.72,0.42,
2025-09-09,21.75,78.75,301.60,0.90,300.56
2025-09-09,21.75,79.00,302.03,3.53,301.78
2025-09-09,21.75,79.25,302.22,1.89,301.36
2025-09-09,21.75,79.50,302.07,1.85,301.12
2025-09-09,21.75,79.75,302.04,1.80,300.71
2025-09-10,20.75,78.75,300.44,3.18,300.10
2025-09-10,20.75,79.00,298.45,1.11,301.29
2025-09-10,20.75,79.25,,0.88,301.88
2025-09-10,20.75,79.50,300.00,1.85,301.19
2025-09-10,20.75,79.75,301.38,1.72,300.71
2025-09-10,21.00,78.75,302.69,0.74,300.59
2025-09-10,21.00,79.00,300.39,2.22,300.46
2025-09-10,21.00,79.25,300.44,2.23,301.50
2025-09-10,21.00,79.50,303.34,3.28,299.66
2025-09-10,21.00,79.75,,0.98,
2025-09-10,21.25,78.75,299.83,0.80,300.67
2025-09-10,21.25,79.00,,2.49,299.98
2025-09-10,21.25,79.25,300.65,1.62,299.93
2025-09-10,21.25,79.50,301.87,3.20,299.98
2025-09-10,21.25,79.75,303.59,8.09,301.37
2025-09-10,21.50,78.75,302.92,1.10,300.36
2025-09-10,21.50,79.00,302.29,1.79,300.80
2025-09-10,21.50,79.25,300.49,0.79,
2025-09-10,21.50,79.50,302.09,1.65,300.93
2025-09-10,21.50,79.75,303.82,2.23,301.51
2025-09-10,21.75,78.75,302.13,3.13,300.94
2025-09-10,21.75,79.00,,4.02,300.18
2025-09-10,21.75,79.25,302.75,4.24,300.02
2025-09-10,21.75,79.50,302.69,1.88,301.66
2025-09-10,21.75,79.75,300.79,0.78,300.28
2025-09-11,20.75,78.75,302.89,1.42,300.70
2025-09-11,20.75,79.00,301.55,3.48,300.55
2025-09-11,20.75,79.25,300.27,1.15,300.52
2025-09-11,20.75,79.50,301.72,1.83,300.03
2025-09-11,20.75,79.75,300.38,0.40,300.99
2025-09-11,21.00,78.75,302.79,3.48,301.04
2025-09-11,21.00,79.00,300.67,1.44,300.35
2025-09-11,21.00,79.25,305.73,4.53,300.41
2025-09-11,21.00,79.50,300.76,0.34,301.75
2025-09-11,21.00,79.75,301.68,4.89,301.23
2025-09-11,21.25,78.75,304.12,1.56,301.02
2025-09-11,21.25,79.00,301.36,0.92,301.48
2025-09-11,21.25,79.25,302.35,0.66,300.16
2025-09-11,21.25,79.50,300.98,1.16,300.54
2025-09-11,21.25,79.75,301.38,2.08,300.72
2025-09-11,21.50,78.75,301.51,0.30,300.71
2025-09-11,21.50,79.00,301.71,3.98,
2025-09-11,21.50,79.25,302.95,2.06,300.69
2025-09-11,21.50,79.50,301.08,2.91,
2025-09-11,21.50,79.75,301.80,3.95,299.76
2025-09-11,21.75,78.75,301.54,0.62,300.30
2025-09-11,21.75,79.00,301.49,2.14,301.14
2025-09-11,21.75,79.25,302.02,0.45,300.81
2025-09-11,21.75,79.50,298.66,3.34,300.96
2025-09-11,21.75,79.75,300.68,0.96,301.55
2025-09-12,20.75,78.75,299.80,4.17,300.44
2025-09-12,20.75,79.00,302.99,4.23,300.42
2025-09-12,20.75,79.25,300.29,3.17,301.03
2025-09-12,20.75,79.50,298.32,3.76,300.01
2025-09-12,20.75,79.75,300.28,1.86,301.04
2025-09-12,21.00,78.75,301.29,3.07,300.87
2025-09-12,21.00,79.00,301.99,0.79,300.87
2025-09-12,21.00,79.25,301.91,2.08,301.46
2025-09-12,21.00,79.50,301.66,1.62,300.16
2025-09-12,21.00,79.75,300.96,1.09,299.52
2025-09-12,21.25,78.75,302.64,0.65,300.34
2025-09-12,21.25,79.00,301.75,0.62,300.84
2025-09-12,21.25,79.25,303.59,5.75,300.68
2025-09-12,21.25,79.50,298.61,0.42,
2025-09-12,21.25,79.75,301.13,0.71,300.74
2025-09-12,21.50,78.75,300.58,0.98,300.62
2025-09-12,21.50,79.00,303.83,1.46,300.52
2025-09-12,21.50,79.25,298.45,1.94,301.15
2025-09-12,21.50,79.50,302.62,0.98,300.81
2025-09-12,21.50,79.75,301.71,1.38,301.19
2025-09-12,21.75,78.75,302.08,0.59,300.53
2025-09-12,21.75,79.00,300.72,10.50,300.75
2025-09-12,21.75,79.25,299.53,1.11,301.01
2025-09-12,21.75,79.50,303.56,0.72,301.06
2025-09-12,21.75,79.75,300.87,1.27,300.31
2025-09-13,20.75,78.75,298.62,2.14,301.19
2025-09-13,20.75,79.00,301.53,0.29,
2025-09-13,20.75,79.25,303.38,0.63,299.89
2025-09-13,20.75,79.50,302.16,1.94,300.91
2025-09-13,20.75,79.75,300.63,1.37,301.00
2025-09-13,21.00,78.75,301.00,1.78,300.23
2025-09-13,21.00,79.00,301.28,1.34,300.23
2025-09-13,21.00,79.25,302.22,6.57,300.78
2025-09-13,21.00,79.50,303.77,3.17,
2025-09-13,21.00,79.75,302.01,3.65,301.05
2025-09-13,21.25,78.75,299.69,2.70,302.04
2025-09-13,21.25,79.00,303.30,0.71,301.29
2025-09-13,21.25,79.25,301.20,1.27,300.50
2025-09-13,21.25,79.50,303.17,0.23,302.43
2025-09-13,21.25,79.75,300.53,0.58,300.55
2025-09-13,21.50,78.75,302.97,1.65,300.61
2025-09-13,21.50,79.00,300.73,0.50,301.26
2025-09-13,21.50,79.25,302.00,0.30,299.71
2025-09-13,21.50,79.50,301.19,3.45,300.95
2025-09-13,21.50,79.75,301.48,0.86,300.71
2025-09-13,21.75,78.75,302.84,5.27,301.56
2025-09-13,21.75,79.00,302.79,4.87,301.65
2025-09-13,21.75,79.25,301.69,0.29,300.89
2025-09-13,21.75,79.50,299.34,0.75,301.66
2025-09-13,21.75,79.75,301.98,4.22,300.31
2025-09-14,20.75,78.75,303.92,2.69,300.46
2025-09-14,20.75,79.00,301.24,3.57,301.65
2025-09-14,20.75,79.25,305.53,2.30,301.50
2025-09-14,20.75,79.50,299.71,5.58,300.27
2025-09-14,20.75,79.75,301.15,4.68,301.01
2025-09-14,21.00,78.75,304.56,2.41,301.04
2025-09-14,21.00,79.00,299.88,0.80,299.89
2025-09-14,21.00,79.25,301.36,5.73,301.00
2025-09-14,21.00,79.50,302.20,1.36,301.24
2025-09-14,21.00,79.75,301.72,0.61,300.18
2025-09-14,21.25,78.75,301.70,0.88,301.15
2025-09-14,21.25,79.00,301.32,2.99,301.75
2025-09-14,21.25,79.25,301.13,1.31,301.53
2025-09-14,21.25,79.50,302.73,0.65,299.97
2025-09-14,21.25,79.75,302.19,2.66,300.06
2025-09-14,21.50,78.75,301.34,2.07,301.44
2025-09-14,21.50,79.00,301.64,0.54,301.19
2025-09-14,21.50,79.25,301.93,5.08,301.30
2025-09-14,21.50,79.50,301.00,0.84,300.45
2025-09-14,21.50,79.75,299.41,0.29,301.02
2025-09-14,21.75,78.75,300.78,0.99,300.98
2025-09-14,21.75,79.00,302.38,,300.76
2025-09-14,21.75,79.25,305.51,2.03,301.22
2025-09-14,21.75,79.50,301.15,2.46,300.76
2025-09-14,21.75,79.75,300.44,2.94,301.31
2025-09-15,20.75,78.75,301.08,1.61,301.41
2025-09-15,20.75,79.00,300.97,1.38,300.31
2025-09-15,20.75,79.25,300.69,4.51,301.19
2025-09-15,20.75,79.50,300.70,0.41,301.13
2025-09-15,20.75,79.75,299.58,0.50,300.41
2025-09-15,21.00,78.75,301.61,2.82,301.15
2025-09-15,21.00,79.00,299.68,2.21,300.96
2025-09-15,21.00,79.25,301.49,1.60,301.39
2025-09-15,21.00,79.50,,0.11,300.51
2025-09-15,21.00,79.75,301.79,0.07,300.59
2025-09-15,21.25,78.75,301.31,0.90,301.48
2025-09-15,21.25,79.00,301.58,6.42,300.84
2025-09-15,21.25,79.25,300.41,1.60,301.02
2025-09-15,21.25,79.50,302.57,1.15,301.08
2025-09-15,21.25,79.75,303.16,2.09,300.53
2025-09-15,21.50,78.75,300.74,0.19,300.70
2025-09-15,21.50,79.00,301.70,2.49,300.26
2025-09-15,21.50,79.25,301.10,1.48,301.63
2025-09-15,21.50,79.50,302.75,1.73,300.77
2025-09-15,21.50,79.75,301.48,2.31,301.38
2025-09-15,21.75,78.75,302.23,0.94,300.94
2025-09-15,21.75,79.00,302.66,2.94,301.26
2025-09-15,21.75,79.25,300.77,13.32,301.20
2025-09-15,21.75,79.50,299.64,0.20,300.55
2025-09-15,21.75,79.75,302.38,0.80,300.81
2025-09-16,20.75,78.75,301.75,0.54,301.26
2025-09-16,20.75,79.00,299.02,1.22,301.91
2025-09-16,20.75,79.25,300.78,0.19,300.97
2025-09-16,20.75,79.50,299.62,1.09,300.59
2025-09-16,20.75,79.75,301.62,3.34,300.75
2025-09-16,21.00,78.75,300.69,4.64,301.14
2025-09-16,21.00,79.00,301.63,1.20,301.62
2025-09-16,21.00,79.25,299.08,5.28,299.80
2025-09-16,21.00,79.50,302.24,1.26,301.65
2025-09-16,21.00,79.75,301.43,1.04,300.83
2025-09-16,21.25,78.75,298.55,0.31,301.69
2025-09-16,21.25,79.00,303.70,5.07,300.35
2025-09-16,21.25,79.25,300.71,3.89,300.99
2025-09-16,21.25,79.50,299.76,3.34,301.66
2025-09-16,21.25,79.75,300.05,1.88,
2025-09-16,21.50,78.75,300.34,0.33,301.17
2025-09-16,21.50,79.00,299.77,4.52,300.29
2025-09-16,21.50,79.25,301.98,4.65,300.63
2025-09-16,21.50,79.50,301.12,0.43,300.26
2025-09-16,21.50,79.75,301.47,2.61,300.67
2025-09-16,21.75,78.75,300.80,5.08,
2025-09-16,21.75,79.00,302.10,1.71,300.12
2025-09-16,21.75,79.25,301.45,2.73,301.21
2025-09-16,21.75,79.50,305.57,1.41,300.71
2025-09-16,21.75,79.75,302.38,0.20,300.05
2025-09-17,20.75,78.75,303.53,2.36,300.69
2025-09-17,20.75,79.00,302.17,0.46,301.36
2025-09-17,20.75,79.25,302.83,1.09,300.80
2025-09-17,20.75,79.50,303.15,0.08,300.99
2025-09-17,20.75,79.75,299.91,4.99,301.08
2025-09-17,21.00,78.75,301.13,10.31,300.63
2025-09-17,21.00,79.00,301.74,0.06,300.40
2025-09-17,21.00,79.25,301.93,0.16,300.57
2025-09-17,21.00,79.50,301.68,1.83,301.15
2025-09-17,21.00,79.75,304.97,2.62,301.59
2025-09-17,21.25,78.75,298.84,0.60,300.96
2025-09-17,21.25,79.00,302.44,1.45,301.37
2025-09-17,21.25,79.25,297.34,1.30,300.92
2025-09-17,21.25,79.50,301.48,2.98,300.96
2025-09-17,21.25,79.75,300.85,0.21,300.76
2025-09-17,21.50,78.75,301.89,0.49,300.68
2025-09-17,21.50,79.00,300.37,0.11,
2025-09-17,21.50,79.25,299.81,3.61,301.26
2025-09-17,21.50,79.50,299.46,1.57,299.74
2025-09-17,21.50,79.75,302.82,1.25,301.32
2025-09-17,21.75,78.75,300.38,6.44,300.22
2025-09-17,21.75,79.00,,,300.88
2025-09-17,21.75,79.25,303.02,3.00,301.42
2025-09-17,21.75,79.50,296.18,1.97,301.82
2025-09-17,21.75,79.75,301.92,7.59,300.92
2025-09-18,20.75,78.75,299.63,4.67,300.62
2025-09-18,20.75,79.00,301.18,1.07,300.44
2025-09-18,20.75,79.25,300.97,0.19,300.56
2025-09-18,20.75,79.50,300.21,3.82,301.14
2025-09-18,20.75,79.75,300.35,1.34,300.03
2025-09-18,21.00,78.75,304.60,0.72,300.69
2025-09-18,21.00,79.00,300.64,1.27,300.42
2025-09-18,21.00,79.25,299.30,0.38,301.01
2025-09-18,21.00,79.50,303.29,2.02,301.26
2025-09-18,21.00,79.75,297.77,2.52,301.57
2025-09-18,21.25,78.75,298.82,0.29,301.21
2025-09-18,21.25,79.00,300.16,5.33,301.35
2025-09-18,21.25,79.25,299.64,3.43,299.91
2025-09-18,21.25,79.50,301.40,0.40,300.81
2025-09-18,21.25,79.75,299.56,1.99,300.87
2025-09-18,21.50,78.75,302.47,1.13,302.11
2025-09-18,21.50,79.00,301.07,2.81,300.93
2025-09-18,21.50,79.25,300.15,3.76,301.42
2025-09-18,21.50,79.50,300.91,1.53,300.84
2025-09-18,21.50,79.75,299.33,1.22,300.61
2025-09-18,21.75,78.75,302.62,5.80,302.61
2025-09-18,21.75,79.00,300.32,3.66,301.07
2025-09-18,21.75,79.25,304.75,0.52,301.39
2025-09-18,21.75,79.50,302.70,0.00,300.88
2025-09-18,21.75,79.75,302.01,2.12,300.34
2025-09-19,20.75,78.75,301.45,4.13,300.99
2025-09-19,20.75,79.00,301.46,0.64,301.02
2025-09-19,20.75,79.25,299.63,1.43,301.17
2025-09-19,20.75,79.50,300.60,3.87,301.07
2025-09-19,20.75,79.75,302.28,2.04,301.22
2025-09-19,21.00,78.75,300.28,0.86,300.77
2025-09-19,21.00,79.00,303.37,1.11,300.86
2025-09-19,21.00,79.25,299.05,3.49,300.91
2025-09-19,21.00,79.50,302.73,0.45,301.97
2025-09-19,21.00,79.75,302.41,5.40,301.17
2025-09-19,21.25,78.75,300.34,2.16,300.82
2025-09-19,21.25,79.00,299.15,2.04,301.09
2025-09-19,21.25,79.25,301.93,0.73,300.68
2025-09-19,21.25,79.50,300.68,1.47,300.49
2025-09-19,21.25,79.75,298.02,1.48,301.82
2025-09-19,21.50,78.75,301.14,0.00,301.30
2025-09-19,21.50,79.00,299.71,1.66,301.11
2025-09-19,21.50,79.25,299.70,4.14,301.26
2025-09-19,21.50,79.50,300.82,2.43,300.96
2025-09-19,21.50,79.75,298.63,0.01,300.05
2025-09-19,21.75,78.75,300.73,3.73,
2025-09-19,21.75,79.00,301.06,1.88,301.15
2025-09-19,21.75,79.25,299.38,2.31,300.13
2025-09-19,21.75,79.50,299.58,0.22,300.62
2025-09-19,21.75,79.75,299.99,0.00,300.55
2025-09-20,20.75,78.75,297.08,3.99,301.30
2025-09-20,20.75,79.00,300.67,0.28,300.83
2025-09-20,20.75,79.25,298.51,1.68,300.93
2025-09-20,20.75,79.50,300.19,0.05,300.80
2025-09-20,20.75,79.75,297.09,0.00,
2025-09-20,21.00,78.75,303.41,0.72,301.80
2025-09-20,21.00,79.00,301.33,2.71,300.81
2025-09-20,21.00,79.25,300.42,3.35,300.59
2025-09-20,21.00,79.50,300.33,2.24,300.74
2025-09-20,21.00,79.75,299.66,7.49,300.70
2025-09-20,21.25,78.75,301.11,1.48,301.09
2025-09-20,21.25,79.00,300.32,3.47,301.28
2025-09-20,21.25,79.25,298.99,1.14,300.43
2025-09-20,21.25,79.50,303.40,1.22,300.45
2025-09-20,21.25,79.75,299.38,0.45,300.84
2025-09-20,21.50,78.75,301.71,0.29,300.54
2025-09-20,21.50,79.00,298.93,0.14,301.22
2025-09-20,21.50,79.25,302.23,0.00,300.83
2025-09-20,21.50,79.50,300.31,3.94,300.42
2025-09-20,21.50,79.75,297.32,0.78,300.96
2025-09-20,21.75,78.75,298.18,,301.72
2025-09-20,21.75,79.00,302.34,2.70,300.16
2025-09-20,21.75,79.25,297.37,0.00,301.06
2025-09-20,21.75,79.50,299.02,2.07,301.62
2025-09-20,21.75,79.75,301.27,8.71,300.30
2025-09-21,20.75,78.75,298.59,5.59,300.96
2025-09-21,20.75,79.00,300.30,1.03,301.05
2025-09-21,20.75,79.25,298.48,0.29,300.70
2025-09-21,20.75,79.50,299.75,0.51,300.30
2025-09-21,20.75,79.75,301.28,1.61,300.14
2025-09-21,21.00,78.75,298.65,1.42,300.91
2025-09-21,21.00,79.00,301.54,3.12,300.89
2025-09-21,21.00,79.25,300.78,0.68,300.61
2025-09-21,21.00,79.50,299.52,0.06,301.06
2025-09-21,21.00,79.75,301.37,0.83,301.51
2025-09-21,21.25,78.75,299.77,4.45,300.67
2025-09-21,21.25,79.00,298.44,2.00,300.25
2025-09-21,21.25,79.25,302.10,0.00,300.47
2025-09-21,21.25,79.50,300.40,0.86,300.87
2025-09-21,21.25,79.75,300.72,0.00,301.07
2025-09-21,21.50,78.75,300.64,1.97,300.78
2025-09-21,21.50,79.00,302.90,0.43,300.20
2025-09-21,21.50,79.25,299.32,1.25,301.98
2025-09-21,21.50,79.50,,2.50,301.33
2025-09-21,21.50,79.75,301.97,1.07,301.38
2025-09-21,21.75,78.75,301.77,0.33,300.95
2025-09-21,21.75,79.00,300.19,0.98,302.30
2025-09-21,21.75,79.25,299.56,1.38,301.13
2025-09-21,21.75,79.50,301.80,0.00,301.08
2025-09-21,21.75,79.75,301.47,2.67,300.98
2025-09-22,20.75,78.75,299.19,0.39,
2025-09-22,20.75,79.00,298.84,1.42,300.33
2025-09-22,20.75,79.25,301.39,1.95,300.65
2025-09-22,20.75,79.50,302.21,0.05,300.18
2025-09-22,20.75,79.75,299.15,0.52,300.76
2025-09-22,21.00,78.75,298.29,8.94,301.36
2025-09-22,21.00,79.00,302.40,1.02,301.24
2025-09-22,21.00,79.25,299.53,1.02,301.66
2025-09-22,21.00,79.50,298.92,0.61,300.86
2025-09-22,21.00,79.75,298.56,0.00,300.75
2025-09-22,21.25,78.75,300.62,0.96,301.25
2025-09-22,21.25,79.00,299.34,2.33,301.83
2025-09-22,21.25,79.25,299.65,1.60,301.22
2025-09-22,21.25,79.50,301.25,0.42,301.24
2025-09-22,21.25,79.75,299.45,1.15,300.05
2025-09-22,21.50,78.75,300.69,0.91,301.96
2025-09-22,21.50,79.00,299.31,0.26,300.53
2025-09-22,21.50,79.25,299.15,2.68,301.47
2025-09-22,21.50,79.50,302.67,0.68,301.93
2025-09-22,21.50,79.75,303.10,0.65,300.95
2025-09-22,21.75,78.75,299.88,,301.16
2025-09-22,21.75,79.00,299.06,6.50,301.36
2025-09-22,21.75,79.25,300.37,2.87,301.74
2025-09-22,21.75,79.50,300.90,1.62,
2025-09-22,21.75,79.75,297.30,0.27,301.13
2025-09-23,20.75,78.75,300.72,0.57,301.26
2025-09-23,20.75,79.00,300.65,4.09,301.24
2025-09-23,20.75,79.25,299.56,0.70,300.64
2025-09-23,20.75,79.50,298.08,0.49,301.62
2025-09-23,20.75,79.75,298.92,2.50,301.66
2025-09-23,21.00,78.75,298.75,0.79,302.11
2025-09-23,21.00,79.00,299.35,0.87,301.13
2025-09-23,21.00,79.25,299.28,4.42,300.98
2025-09-23,21.00,79.50,299.50,1.99,301.53
2025-09-23,21.00,79.75,298.21,7.85,300.52
2025-09-23,21.25,78.75,300.23,3.45,301.47
2025-09-23,21.25,79.00,300.81,2.49,301.77
2025-09-23,21.25,79.25,298.61,2.48,300.66
2025-09-23,21.25,79.50,301.23,0.00,301.04
2025-09-23,21.25,79.75,304.19,0.10,300.68
2025-09-23,21.50,78.75,299.61,5.25,300.17
2025-09-23,21.50,79.00,299.98,2.78,300.18
2025-09-23,21.50,79.25,300.68,1.66,300.96
2025-09-23,21.50,79.50,298.19,1.64,300.99
2025-09-23,21.50,79.75,301.45,2.51,301.10
2025-09-23,21.75,78.75,299.40,0.09,300.80
2025-09-23,21.75,79.00,300.00,2.70,301.47
2025-09-23,21.75,79.25,301.08,0.73,301.47
2025-09-23,21.75,79.50,298.27,3.09,300.67
2025-09-23,21.75,79.75,303.77,1.72,300.63
2025-09-24,20.75,78.75,302.20,2.54,300.64
2025-09-24,20.75,79.00,299.10,1.80,300.51
2025-09-24,20.75,79.25,300.03,1.57,300.49
2025-09-24,20.75,79.50,297.59,0.00,301.01
2025-09-24,20.75,79.75,300.23,0.00,301.09
2025-09-24,21.00,78.75,300.63,1.22,300.50
2025-09-24,21.00,79.00,298.37,5.11,301.34
2025-09-24,21.00,79.25,299.80,0.60,301.39
2025-09-24,21.00,79.50,299.29,0.40,300.79
2025-09-24,21.00,79.75,297.72,0.31,300.96
2025-09-24,21.25,78.75,299.47,3.39,302.20
2025-09-24,21.25,79.00,299.77,0.25,300.76
2025-09-24,21.25,79.25,300.51,0.50,301.29
2025-09-24,21.25,79.50,302.14,0.00,301.63
2025-09-24,21.25,79.75,299.99,0.00,301.22
2025-09-24,21.50,78.75,299.73,2.21,301.21
2025-09-24,21.50,79.00,298.54,2.79,301.00
2025-09-24,21.50,79.25,299.44,0.08,301.28
2025-09-24,21.50,79.50,,0.26,301.06
2025-09-24,21.50,79.75,300.09,4.68,301.28
2025-09-24,21.75,78.75,299.59,1.03,300.44
2025-09-24,21.75,79.00,301.35,2.78,301.30
2025-09-24,21.75,79.25,297.70,0.11,300.91
2025-09-24,21.75,79.50,301.64,2.05,300.59
2025-09-24,21.75,79.75,296.71,10.84,
2025-09-25,20.75,78.75,299.41,5.32,301.96
2025-09-25,20.75,79.00,299.99,3.19,300.78
2025-09-25,20.75,79.25,300.38,0.82,
2025-09-25,20.75,79.50,299.97,0.84,300.75
2025-09-25,20.75,79.75,300.57,1.21,300.77
2025-09-25,21.00,78.75,300.78,3.33,300.36
2025-09-25,21.00,79.00,301.41,0.00,301.32
2025-09-25,21.00,79.25,302.54,2.09,302.09
2025-09-25,21.00,79.50,298.74,0.81,301.56
2025-09-25,21.00,79.75,300.16,1.39,300.27
2025-09-25,21.25,78.75,302.35,1.54,301.93
2025-09-25,21.25,79.00,299.56,2.35,301.28
2025-09-25,21.25,79.25,300.50,1.66,301.28
2025-09-25,21.25,79.50,298.32,0.00,301.31
2025-09-25,21.25,79.75,298.30,0.00,300.98
2025-09-25,21.50,78.75,301.01,5.40,301.00
2025-09-25,21.50,79.00,298.06,1.38,300.67
2025-09-25,21.50,79.25,299.46,4.46,300.88
2025-09-25,21.50,79.50,298.51,4.12,300.61
2025-09-25,21.50,79.75,300.24,0.00,300.86
2025-09-25,21.75,78.75,,2.63,300.98
2025-09-25,21.75,79.00,298.42,4.09,301.26
2025-09-25,21.75,79.25,301.93,8.91,
2025-09-25,21.75,79.50,300.07,2.33,300.86
2025-09-25,21.75,79.75,302.46,3.86,300.49
2025-09-26,20.75,78.75,296.55,2.80,300.76
2025-09-26,20.75,79.00,300.57,4.58,301.74
2025-09-26,20.75,79.25,302.55,0.00,299.84
2025-09-26,20.75,79.50,296.88,1.64,301.77
2025-09-26,20.75,79.75,299.02,0.93,300.61
2025-09-26,21.00,78.75,300.66,2.54,300.11
2025-09-26,21.00,79.00,300.14,0.80,301.98
2025-09-26,21.00,79.25,299.41,2.53,301.15
2025-09-26,21.00,79.50,299.32,1.63,300.92
2025-09-26,21.00,79.75,301.07,0.35,302.11
2025-09-26,21.25,78.75,300.08,0.00,301.09
2025-09-26,21.25,79.00,299.28,0.00,
2025-09-26,21.25,79.25,302.03,0.81,301.45
2025-09-26,21.25,79.50,299.97,0.17,300.95
2025-09-26,21.25,79.75,298.50,0.46,301.21
2025-09-26,21.50,78.75,300.64,0.35,300.03
2025-09-26,21.50,79.00,297.02,0.99,301.84
2025-09-26,21.50,79.25,298.73,2.46,301.78
2025-09-26,21.50,79.50,301.35,0.25,300.72
2025-09-26,21.50,79.75,300.65,0.80,300.97
2025-09-26,21.75,78.75,302.01,2.62,301.38
2025-09-26,21.75,79.00,297.92,3.58,301.19
2025-09-26,21.75,79.25,299.10,0.74,301.23
2025-09-26,21.75,79.50,300.12,0.88,301.42
2025-09-26,21.75,79.75,300.26,0.77,300.73
2025-09-27,20.75,78.75,302.51,0.38,301.22
2025-09-27,20.75,79.00,300.59,0.05,300.72
2025-09-27,20.75,79.25,299.44,1.70,300.66
2025-09-27,20.75,79.50,298.65,2.63,300.80
2025-09-27,20.75,79.75,299.83,0.00,301.03
2025-09-27,21.00,78.75,300.04,1.54,301.15
2025-09-27,21.00,79.00,298.30,0.64,300.77
2025-09-27,21.00,79.25,299.35,4.11,301.72
2025-09-27,21.00,79.50,298.38,0.54,301.19
2025-09-27,21.00,79.75,299.72,0.73,300.67
2025-09-27,21.25,78.75,300.30,3.14,301.29
2025-09-27,21.25,79.00,300.28,0.66,300.77
2025-09-27,21.25,79.25,299.36,0.00,301.45
2025-09-27,21.25,79.50,304.04,1.55,301.87
2025-09-27,21.25,79.75,298.38,5.06,301.49
2025-09-27,21.50,78.75,298.59,0.00,301.36
2025-09-27,21.50,79.00,300.37,0.39,301.20
2025-09-27,21.50,79.25,299.47,0.24,301.55
2025-09-27,21.50,79.50,299.50,3.18,301.09
2025-09-27,21.50,79.75,302.25,0.00,301.41
2025-09-27,21.75,78.75,300.31,0.80,300.48
2025-09-27,21.75,79.00,298.26,0.00,301.01
2025-09-27,21.75,79.25,299.43,1.52,300.89
2025-09-27,21.75,79.50,299.20,1.12,302.60
2025-09-27,21.75,79.75,297.83,0.31,301.71
2025-09-28,20.75,78.75,300.18,7.93,301.87
2025-09-28,20.75,79.00,298.31,0.00,301.73
2025-09-28,20.75,79.25,301.09,1.01,300.57
2025-09-28,20.75,79.50,301.01,1.03,300.93
2025-09-28,20.75,79.75,302.84,0.92,301.81
2025-09-28,21.00,78.75,299.97,2.93,301.81
2025-09-28,21.00,79.00,299.99,1.25,300.38
2025-09-28,21.00,79.25,299.89,0.29,301.15
2025-09-28,21.00,79.50,301.18,0.03,
2025-09-28,21.00,79.75,298.70,2.24,301.26
2025-09-28,21.25,78.75,300.58,3.40,300.95
2025-09-28,21.25,79.00,299.75,2.71,300.74
2025-09-28,21.25,79.25,299.32,0.00,300.76
2025-09-28,21.25,79.50,,,300.39
2025-09-28,21.25,79.75,300.04,0.85,301.41
2025-09-28,21.50,78.75,300.96,0.08,300.80
2025-09-28,21.50,79.00,300.43,0.00,301.36
2025-09-28,21.50,79.25,299.37,0.14,301.41
2025-09-28,21.50,79.50,300.20,3.39,301.26
2025-09-28,21.50,79.75,297.92,1.08,300.62
2025-09-28,21.75,78.75,298.10,0.79,301.84
2025-09-28,21.75,79.00,298.62,1.42,300.57
2025-09-28,21.75,79.25,299.26,0.70,301.44
2025-09-28,21.75,79.50,296.47,0.14,300.79
2025-09-28,21.75,79.75,298.46,5.17,300.58
2025-09-29,20.75,78.75,299.64,0.00,301.50
2025-09-29,20.75,79.00,296.03,1.83,301.33
2025-09-29,20.75,79.25,296.79,4.02,301.65
2025-09-29,20.75,79.50,299.89,0.00,301.01
2025-09-29,20.75,79.75,296.32,2.11,301.49
2025-09-29,21.00,78.75,300.30,0.00,301.01
2025-09-29,21.00,79.00,301.66,0.79,
2025-09-29,21.00,79.25,300.21,0.32,301.08
2025-09-29,21.00,79.50,300.16,1.80,301.52
2025-09-29,21.00,79.75,297.48,3.10,301.94
2025-09-29,21.25,78.75,299.77,3.10,301.46
2025-09-29,21.25,79.00,297.76,0.00,302.20
2025-09-29,21.25,79.25,302.22,0.14,300.73
2025-09-29,21.25,79.50,299.16,1.29,301.17
2025-09-29,21.25,79.75,299.58,1.91,301.62
2025-09-29,21.50,78.75,297.72,3.95,300.91
2025-09-29,21.50,79.00,301.72,0.91,300.76
2025-09-29,21.50,79.25,297.95,1.03,
2025-09-29,21.50,79.50,297.77,0.00,300.58
2025-09-29,21.50,79.75,296.33,0.80,300.40
2025-09-29,21.75,78.75,301.94,0.20,300.68
2025-09-29,21.75,79.00,298.32,4.31,300.77
2025-09-29,21.75,79.25,298.12,0.00,300.95
2025-09-29,21.75,79.50,297.21,2.42,301.21
2025-09-29,21.75,79.75,298.64,5.38,300.92
2025-09-30,20.75,78.75,300.32,5.02,300.99
2025-09-30,20.75,79.00,297.12,1.48,300.98
2025-09-30,20.75,79.25,299.37,0.00,301.05
2025-09-30,20.75,79.50,298.33,0.00,300.86
2025-09-30,20.75,79.75,297.52,1.27,
2025-09-30,21.00,78.75,298.32,0.02,301.75
2025-09-30,21.00,79.00,298.62,0.00,300.17
2025-09-30,21.00,79.25,299.35,2.48,301.01
2025-09-30,21.00,79.50,,0.71,301.45
2025-09-30,21.00,79.75,297.74,2.24,301.03
2025-09-30,21.25,78.75,299.43,0.04,301.41
2025-09-30,21.25,79.00,296.89,0.00,301.35
2025-09-30,21.25,79.25,300.13,2.46,301.08
2025-09-30,21.25,79.50,297.88,1.69,300.66
2025-09-30,21.25,79.75,298.28,3.45,301.11
2025-09-30,21.50,78.75,300.56,0.00,301.77
2025-09-30,21.50,79.00,297.76,0.59,300.72
2025-09-30,21.50,79.25,300.27,0.57,301.27
2025-09-30,21.50,79.50,298.01,3.23,301.18
2025-09-30,21.50,79.75,297.98,1.94,302.06
2025-09-30,21.75,78.75,298.14,0.00,300.85
2025-09-30,21.75,79.00,300.65,1.90,300.72
2025-09-30,21.75,79.25,299.53,0.00,301.64
2025-09-30,21.75,79.50,298.42,3.48,302.10
2025-09-30,21.75,79.75,299.80,1.48,300.88
2025-10-01,20.75,78.75,298.85,5.33,
2025-10-01,20.75,79.00,298.77,1.36,301.69
2025-10-01,20.75,79.25,298.79,0.23,301.25
2025-10-01,20.75,79.50,299.30,0.61,301.34
2025-10-01,20.75,79.75,297.84,0.45,301.53
2025-10-01,21.00,78.75,298.56,2.61,300.36
2025-10-01,21.00,79.00,297.83,1.71,301.93
2025-10-01,21.00,79.25,300.25,0.00,301.47
2025-10-01,21.00,79.50,299.44,4.24,302.42
2025-10-01,21.00,79.75,298.63,0.67,301.23
2025-10-01,21.25,78.75,,0.64,300.58
2025-10-01,21.25,79.00,,0.00,302.02
2025-10-01,21.25,79.25,299.35,0.00,301.76
2025-10-01,21.25,79.50,298.77,0.68,301.09
2025-10-01,21.25,79.75,301.26,1.78,300.21
2025-10-01,21.50,78.75,296.86,0.00,300.96
2025-10-01,21.50,79.00,299.58,3.31,301.33
2025-10-01,21.50,79.25,299.91,2.71,300.34
2025-10-01,21.50,79.50,299.45,0.43,301.17
2025-10-01,21.50,79.75,302.06,0.35,301.77
2025-10-01,21.75,78.75,300.93,1.33,301.14
2025-10-01,21.75,79.00,295.95,1.84,301.22
2025-10-01,21.75,79.25,300.92,0.00,299.96
2025-10-01,21.75,79.50,300.31,1.84,301.07
2025-10-01,21.75,79.75,298.13,2.05,302.26
2025-10-02,20.75,78.75,298.67,1.88,301.16
2025-10-02,20.75,79.00,300.44,0.24,301.36
2025-10-02,20.75,79.25,300.67,3.13,300.60
2025-10-02,20.75,79.50,300.43,4.02,301.34
2025-10-02,20.75,79.75,300.07,0.00,301.07
2025-10-02,21.00,78.75,298.29,0.05,301.64
2025-10-02,21.00,79.00,298.90,0.00,300.90
2025-10-02,21.00,79.25,298.06,0.65,301.90
2025-10-02,21.00,79.50,299.65,0.34,300.92
2025-10-02,21.00,79.75,300.95,2.33,301.74
2025-10-02,21.25,78.75,297.91,1.37,300.94
2025-10-02,21.25,79.00,299.18,0.00,299.53
2025-10-02,21.25,79.25,298.17,7.11,301.58
2025-10-02,21.25,79.50,297.58,1.09,301.08
2025-10-02,21.25,79.75,300.96,0.38,301.13
2025-10-02,21.50,78.75,300.18,0.00,300.36
2025-10-02,21.50,79.00,300.28,3.21,300.72
2025-10-02,21.50,79.25,300.03,3.25,301.81
2025-10-02,21.50,79.50,298.65,0.00,301.48
2025-10-02,21.50,79.75,298.22,1.98,
2025-10-02,21.75,78.75,299.29,0.00,300.46
2025-10-02,21.75,79.00,298.52,0.00,301.95
2025-10-02,21.75,79.25,300.00,0.00,300.42
2025-10-02,21.75,79.50,301.85,2.43,300.51
2025-10-02,21.75,79.75,298.70,0.00,301.38
2025-10-03,20.75,78.75,298.18,0.64,301.66
2025-10-03,20.75,79.00,299.57,1.04,301.80
2025-10-03,20.75,79.25,298.27,1.70,301.78
2025-10-03,20.75,79.50,296.21,0.57,301.93
2025-10-03,20.75,79.75,298.81,3.80,300.90
2025-10-03,21.00,78.75,300.24,0.23,301.33
2025-10-03,21.00,79.00,297.33,1.68,301.66
2025-10-03,21.00,79.25,298.36,0.00,301.61
2025-10-03,21.00,79.50,298.01,0.00,300.81
2025-10-03,21.00,79.75,299.09,0.28,301.97
2025-10-03,21.25,78.75,298.33,1.50,
2025-10-03,21.25,79.00,297.98,3.02,301.56
2025-10-03,21.25,79.25,296.59,3.11,300.86
2025-10-03,21.25,79.50,297.44,0.00,300.87
2025-10-03,21.25,79.75,298.64,0.00,301.37
2025-10-03,21.50,78.75,300.28,3.76,301.00
2025-10-03,21.50,79.00,296.64,1.40,300.88
2025-10-03,21.50,79.25,299.70,0.00,301.21
2025-10-03,21.50,79.50,295.87,0.52,301.52
2025-10-03,21.50,79.75,297.99,0.00,301.50
2025-10-03,21.75,78.75,298.12,2.75,302.07
2025-10-03,21.75,79.00,296.18,2.80,301.89
2025-10-03,21.75,79.25,297.66,1.34,
2025-10-03,21.75,79.50,299.36,2.54,301.04
2025-10-03,21.75,79.75,298.83,0.92,301.86
2025-10-04,20.75,78.75,297.80,0.00,301.24
2025-10-04,20.75,79.00,297.92,1.71,301.34
2025-10-04,20.75,79.25,300.45,1.00,301.44
2025-10-04,20.75,79.50,301.13,0.00,300.61
2025-10-04,20.75,79.75,301.01,2.81,302.08
2025-10-04,21.00,78.75,297.46,4.31,301.14
2025-10-04,21.00,79.00,297.96,4.42,300.87
2025-10-04,21.00,79.25,301.81,0.00,300.47
2025-10-04,21.00,79.50,297.57,0.65,302.50
2025-10-04,21.00,79.75,299.35,0.00,301.88
2025-10-04,21.25,78.75,,0.00,300.74
2025-10-04,21.25,79.00,297.88,0.00,301.79
2025-10-04,21.25,79.25,298.42,0.00,301.65
2025-10-04,21.25,79.50,300.30,0.22,301.10
2025-10-04,21.25,79.75,297.11,2.69,300.79
2025-10-04,21.50,78.75,298.22,0.00,301.25
2025-10-04,21.50,79.00,298.41,0.00,301.41
2025-10-04,21.50,79.25,296.68,2.96,301.06
2025-10-04,21.50,79.50,299.08,0.34,301.33
2025-10-04,21.50,79.75,297.55,0.00,300.40
2025-10-04,21.75,78.75,300.08,2.63,301.22
2025-10-04,21.75,79.00,297.02,0.74,300.73
2025-10-04,21.75,79.25,298.69,0.00,301.78
2025-10-04,21.75,79.50,297.59,1.74,301.30
2025-10-04,21.75,79.75,297.78,1.90,301.13
2025-10-05,20.75,78.75,296.21,1.99,301.56
2025-10-05,20.75,79.00,296.59,3.62,301.75
2025-10-05,20.75,79.25,295.66,0.07,300.60
2025-10-05,20.75,79.50,295.79,1.34,301.20
2025-10-05,20.75,79.75,297.02,12.66,300.48
2025-10-05,21.00,78.75,299.02,1.52,301.55
2025-10-05,21.00,79.00,298.53,0.05,301.57
2025-10-05,21.00,79.25,298.40,0.32,300.86
2025-10-05,21.00,79.50,298.85,2.20,301.08
2025-10-05,21.00,79.75,296.12,0.32,301.45
2025-10-05,21.25,78.75,295.52,0.53,300.55
2025-10-05,21.25,79.00,298.79,0.00,300.94
2025-10-05,21.25,79.25,298.60,0.07,301.16
2025-10-05,21.25,79.50,295.92,0.00,301.05
2025-10-05,21.25,79.75,294.69,2.22,301.84
2025-10-05,21.50,78.75,298.06,0.30,301.76
2025-10-05,21.50,79.00,298.05,0.00,301.94
2025-10-05,21.50,79.25,298.74,2.12,300.87
2025-10-05,21.50,79.50,295.50,0.34,301.58
2025-10-05,21.50,79.75,299.82,0.78,301.93
2025-10-05,21.75,78.75,297.44,1.10,301.38
2025-10-05,21.75,79.00,297.30,0.00,
2025-10-05,21.75,79.25,298.94,0.49,300.70
2025-10-05,21.75,79.50,296.30,0.95,301.67
2025-10-05,21.75,79.75,301.63,5.63,301.30
2025-10-06,20.75,78.75,295.76,0.00,301.89
2025-10-06,20.75,79.00,301.67,0.00,301.09
2025-10-06,20.75,79.25,,0.00,301.46
2025-10-06,20.75,79.50,298.48,0.00,301.18
2025-10-06,20.75,79.75,297.29,0.00,300.56
2025-10-06,21.00,78.75,298.07,,301.55
2025-10-06,21.00,79.00,298.21,0.00,301.44
2025-10-06,21.00,79.25,296.13,0.71,301.52
2025-10-06,21.00,79.50,297.00,0.00,301.48
2025-10-06,21.00,79.75,296.48,1.31,300.07
2025-10-06,21.25,78.75,299.82,0.00,300.76
2025-10-06,21.25,79.00,298.42,0.00,302.16
2025-10-06,21.25,79.25,296.54,2.07,301.25
2025-10-06,21.25,79.50,298.04,1.32,301.09
2025-10-06,21.25,79.75,299.48,1.63,302.22
2025-10-06,21.50,78.75,297.33,0.82,302.01
2025-10-06,21.50,79.00,297.54,0.00,301.13
2025-10-06,21.50,79.25,298.35,0.00,300.75
2025-10-06,21.50,79.50,296.94,0.00,301.09
2025-10-06,21.50,79.75,299.73,1.53,301.10
2025-10-06,21.75,78.75,300.17,0.00,301.43
2025-10-06,21.75,79.00,297.90,4.30,301.17
2025-10-06,21.75,79.25,297.81,6.93,300.88
2025-10-06,21.75,79.50,296.70,2.12,301.19
2025-10-06,21.75,79.75,299.76,0.00,300.11
2025-10-07,20.75,78.75,299.91,0.00,300.99
2025-10-07,20.75,79.00,299.19,1.41,301.20
2025-10-07,20.75,79.25,298.56,0.70,301.86
2025-10-07,20.75,79.50,296.71,1.59,301.86
2025-10-07,20.75,79.75,300.48,2.20,301.36
2025-10-07,21.00,78.75,299.11,0.96,301.09
2025-10-07,21.00,79.00,298.12,,300.68
2025-10-07,21.00,79.25,300.23,4.57,301.05
2025-10-07,21.00,79.50,299.28,0.00,301.23
2025-10-07,21.00,79.75,295.24,0.00,301.82
2025-10-07,21.25,78.75,297.84,0.00,301.51
2025-10-07,21.25,79.00,299.25,1.09,300.95
2025-10-07,21.25,79.25,297.94,0.00,300.76
2025-10-07,21.25,79.50,299.10,3.92,301.64
2025-10-07,21.25,79.75,298.10,0.00,300.29
2025-10-07,21.50,78.75,298.69,1.01,300.78
2025-10-07,21.50,79.00,,0.00,301.20
2025-10-07,21.50,79.25,296.50,0.68,301.33
2025-10-07,21.50,79.50,297.51,0.00,301.73
2025-10-07,21.50,79.75,296.83,0.00,301.06
2025-10-07,21.75,78.75,299.43,0.00,302.19
2025-10-07,21.75,79.00,299.87,0.90,301.34
2025-10-07,21.75,79.25,299.98,0.34,301.65
2025-10-07,21.75,79.50,294.32,0.00,300.93
2025-10-07,21.75,79.75,297.89,0.00,301.13
2025-10-08,20.75,78.75,298.37,2.73,301.45
2025-10-08,20.75,79.00,297.01,1.44,300.53
2025-10-08,20.75,79.25,301.18,2.08,300.92
2025-10-08,20.75,79.50,296.33,1.67,301.03
2025-10-08,20.75,79.75,298.42,2.06,301.84
2025-10-08,21.00,78.75,295.71,0.03,301.38
2025-10-08,21.00,79.00,299.44,0.00,302.07
2025-10-08,21.00,79.25,299.05,0.00,301.70
2025-10-08,21.00,79.50,300.63,0.00,300.87
2025-10-08,21.00,79.75,296.37,0.00,301.51
2025-10-08,21.25,78.75,297.97,0.63,300.76
2025-10-08,21.25,79.00,299.88,0.00,301.17
2025-10-08,21.25,79.25,295.60,0.00,301.81
2025-10-08,21.25,79.50,298.43,0.00,301.31
2025-10-08,21.25,79.75,296.45,0.12,301.59
2025-10-08,21.50,78.75,297.77,0.00,
2025-10-08,21.50,79.00,295.24,0.00,301.14
2025-10-08,21.50,79.25,298.47,1.44,301.87
2025-10-08,21.50,79.50,297.98,1.33,301.12
2025-10-08,21.50,79.75,299.60,6.78,
2025-10-08,21.75,78.75,300.29,0.27,301.58
2025-10-08,21.75,79.00,298.73,0.00,300.80
2025-10-08,21.75,79.25,298.38,0.65,301.28
2025-10-08,21.75,79.50,297.68,1.95,300.50
2025-10-08,21.75,79.75,298.42,2.27,301.28
2025-10-09,20.75,78.75,297.56,2.28,301.04
2025-10-09,20.75,79.00,300.08,3.09,
2025-10-09,20.75,79.25,297.07,0.62,301.23
2025-10-09,20.75,79.50,298.24,0.23,301.18
2025-10-09,20.75,79.75,299.76,0.00,301.05
2025-10-09,21.00,78.75,296.18,0.25,302.21
2025-10-09,21.00,79.00,298.64,1.49,301.59
2025-10-09,21.00,79.25,296.05,2.63,301.07
2025-10-09,21.00,79.50,299.13,5.24,301.44
2025-10-09,21.00,79.75,295.58,0.00,301.62
2025-10-09,21.25,78.75,296.32,0.13,301.93
2025-10-09,21.25,79.00,299.02,1.05,301.84
2025-10-09,21.25,79.25,298.05,0.00,301.38
2025-10-09,21.25,79.50,296.85,0.00,300.66
2025-10-09,21.25,79.75,298.30,1.59,301.55
2025-10-09,21.50,78.75,296.52,0.00,301.36
2025-10-09,21.50,79.00,298.77,0.00,301.85
2025-10-09,21.50,79.25,297.09,0.19,300.09
2025-10-09,21.50,79.50,297.98,4.88,300.69
2025-10-09,21.50,79.75,298.75,0.45,301.97
2025-10-09,21.75,78.75,295.92,3.12,300.69
2025-10-09,21.75,79.00,298.57,0.85,300.85
2025-10-09,21.75,79.25,297.94,0.00,302.14
2025-10-09,21.75,79.50,296.24,0.00,
2025-10-09,21.75,79.75,298.28,4.68,
2025-10-10,20.75,78.75,298.53,1.08,300.71
2025-10-10,20.75,79.00,298.87,0.63,301.24
2025-10-10,20.75,79.25,300.49,2.01,300.67
2025-10-10,20.75,79.50,298.49,0.00,301.51
2025-10-10,20.75,79.75,296.97,0.00,300.88
2025-10-10,21.00,78.75,295.33,1.79,301.72
2025-10-10,21.00,79.00,297.26,0.00,301.27
2025-10-10,21.00,79.25,296.72,2.19,301.44
2025-10-10,21.00,79.50,296.03,0.00,301.25
2025-10-10,21.00,79.75,297.44,0.74,301.85
2025-10-10,21.25,78.75,298.65,0.00,301.04
2025-10-10,21.25,79.00,297.44,2.54,300.96
2025-10-10,21.25,79.25,296.91,0.92,301.28
2025-10-10,21.25,79.50,294.29,6.00,300.29
2025-10-10,21.25,79.75,299.52,0.00,301.58
2025-10-10,21.50,78.75,296.50,0.14,300.75
2025-10-10,21.50,79.00,296.16,0.82,301.20
2025-10-10,21.50,79.25,300.00,0.67,301.41
2025-10-10,21.50,79.50,297.89,2.18,301.00
2025-10-10,21.50,79.75,295.16,1.67,301.60
2025-10-10,21.75,78.75,298.72,3.54,
2025-10-10,21.75,79.00,299.39,0.00,301.38
2025-10-10,21.75,79.25,299.08,3.56,302.34
2025-10-10,21.75,79.50,297.28,0.00,301.79
2025-10-10,21.75,79.75,301.01,2.71,301.38
2025-10-11,20.75,78.75,300.39,0.00,300.90
2025-10-11,20.75,79.00,295.17,0.43,301.41
2025-10-11,20.75,79.25,297.71,2.78,301.74
2025-10-11,20.75,79.50,298.53,0.69,
2025-10-11,20.75,79.75,299.12,0.00,301.39
2025-10-11,21.00,78.75,297.01,0.00,301.37
2025-10-11,21.00,79.00,298.47,0.20,301.01
2025-10-11,21.00,79.25,299.51,1.93,300.78
2025-10-11,21.00,79.50,299.51,0.11,300.79
2025-10-11,21.00,79.75,297.05,0.93,
2025-10-11,21.25,78.75,295.72,0.00,302.08
2025-10-11,21.25,79.00,,0.69,301.40
2025-10-11,21.25,79.25,297.72,0.07,300.81
2025-10-11,21.25,79.50,298.33,9.50,301.18
2025-10-11,21.25,79.75,296.12,0.00,301.61
2025-10-11,21.50,78.75,292.30,0.77,300.64
2025-10-11,21.50,79.00,298.81,0.00,300.69
2025-10-11,21.50,79.25,297.58,0.00,301.79
2025-10-11,21.50,79.50,297.17,3.85,301.94
2025-10-11,21.50,79.75,297.99,0.00,301.35
2025-10-11,21.75,78.75,298.18,1.97,301.29
2025-10-11,21.75,79.00,297.66,0.00,301.43
2025-10-11,21.75,79.25,295.08,0.09,300.97
2025-10-11,21.75,79.50,296.32,0.10,300.70
2025-10-11,21.75,79.75,297.83,0.00,301.38
2025-10-12,20.75,78.75,,0.00,301.29
2025-10-12,20.75,79.00,294.66,1.04,301.12
2025-10-12,20.75,79.25,297.74,0.45,300.86
2025-10-12,20.75,79.50,296.94,5.88,301.38
2025-10-12,20.75,79.75,298.36,0.00,301.27
2025-10-12,21.00,78.75,300.83,0.00,301.55
2025-10-12,21.00,79.00,297.70,3.24,
2025-10-12,21.00,79.25,299.82,0.00,301.46
2025-10-12,21.00,79.50,299.81,0.47,301.84
2025-10-12,21.00,79.75,298.87,0.00,301.00
2025-10-12,21.25,78.75,296.01,0.00,301.32
2025-10-12,21.25,79.00,297.62,2.30,301.17
2025-10-12,21.25,79.25,298.36,0.00,301.51
2025-10-12,21.25,79.50,297.27,0.66,301.69
2025-10-12,21.25,79.75,297.19,0.14,301.91
2025-10-12,21.50,78.75,297.77,4.45,300.97
2025-10-12,21.50,79.00,296.51,0.00,302.00
2025-10-12,21.50,79.25,296.75,0.62,300.68
2025-10-12,21.50,79.50,297.68,0.00,301.10
2025-10-12,21.50,79.75,295.53,0.00,301.93
2025-10-12,21.75,78.75,297.02,0.00,
2025-10-12,21.75,79.00,296.31,0.00,300.66
2025-10-12,21.75,79.25,299.34,2.03,301.39
2025-10-12,21.75,79.50,292.00,1.06,301.92
2025-10-12,21.75,79.75,300.09,0.00,301.00
2025-10-13,20.75,78.75,299.01,3.28,300.76
2025-10-13,20.75,79.00,298.39,1.48,301.21
2025-10-13,20.75,79.25,297.37,0.00,301.87
2025-10-13,20.75,79.50,298.72,0.00,301.21
2025-10-13,20.75,79.75,296.10,1.99,300.97
2025-10-13,21.00,78.75,295.60,1.76,301.46
2025-10-13,21.00,79.00,296.86,0.00,302.45
2025-10-13,21.00,79.25,298.82,0.00,301.82
2025-10-13,21.00,79.50,295.98,4.70,300.99
2025-10-13,21.00,79.75,297.89,0.54,301.17
2025-10-13,21.25,78.75,298.49,0.72,301.58
2025-10-13,21.25,79.00,298.95,0.00,300.29
2025-10-13,21.25,79.25,296.26,0.04,301.38
2025-10-13,21.25,79.50,297.13,,301.17
2025-10-13,21.25,79.75,301.57,0.00,301.97
2025-10-13,21.50,78.75,298.18,0.00,301.58
2025-10-13,21.50,79.00,298.64,0.00,301.97
2025-10-13,21.50,79.25,298.74,,301.21
2025-10-13,21.50,79.50,299.21,5.48,301.19
2025-10-13,21.50,79.75,299.88,2.22,302.56
2025-10-13,21.75,78.75,295.45,0.32,301.70
2025-10-13,21.75,79.00,298.13,1.10,302.25
2025-10-13,21.75,79.25,298.33,5.52,301.67
2025-10-13,21.75,79.50,302.04,0.00,302.11
2025-10-13,21.75,79.75,296.53,3.90,302.15
2025-10-14,20.75,78.75,297.54,,302.25
2025-10-14,20.75,79.00,298.46,3.10,301.46
2025-10-14,20.75,79.25,295.89,0.00,301.34
2025-10-14,20.75,79.50,296.66,0.00,
2025-10-14,20.75,79.75,295.54,0.00,301.72
2025-10-14,21.00,78.75,296.66,1.44,301.16
2025-10-14,21.00,79.00,299.86,0.24,300.42
2025-10-14,21.00,79.25,294.42,0.56,301.26
2025-10-14,21.00,79.50,294.82,1.12,300.99
2025-10-14,21.00,79.75,295.47,1.47,301.23
2025-10-14,21.25,78.75,295.68,0.00,301.22
2025-10-14,21.25,79.00,297.02,0.00,301.34
2025-10-14,21.25,79.25,299.58,0.92,301.64
2025-10-14,21.25,79.50,,1.08,301.99
2025-10-14,21.25,79.75,299.96,0.00,
2025-10-14,21.50,78.75,295.45,4.81,301.69
2025-10-14,21.50,79.00,297.92,0.60,300.93
2025-10-14,21.50,79.25,296.86,2.38,300.76
2025-10-14,21.50,79.50,297.28,0.00,302.05
2025-10-14,21.50,79.75,297.74,1.15,301.82
2025-10-14,21.75,78.75,298.16,0.82,301.71
2025-10-14,21.75,79.00,299.21,0.00,302.22
2025-10-14,21.75,79.25,297.87,2.63,301.29
2025-10-14,21.75,79.50,298.57,1.00,301.13
2025-10-14,21.75,79.75,299.49,0.00,301.61
2025-10-15,20.75,78.75,297.22,0.11,302.04
2025-10-15,20.75,79.00,296.16,2.54,302.40
2025-10-15,20.75,79.25,297.40,0.86,300.89
2025-10-15,20.75,79.50,300.65,0.31,301.45
2025-10-15,20.75,79.75,297.37,0.00,300.37
2025-10-15,21.00,78.75,299.17,1.30,302.01
2025-10-15,21.00,79.00,294.93,0.33,301.56
2025-10-15,21.00,79.25,297.18,0.00,300.39
2025-10-15,21.00,79.50,297.94,0.00,301.32
2025-10-15,21.00,79.75,299.64,0.00,300.64
2025-10-15,21.25,78.75,295.24,1.11,301.20
2025-10-15,21.25,79.00,296.86,0.00,
2025-10-15,21.25,79.25,299.76,0.00,301.56
2025-10-15,21.25,79.50,298.75,0.00,301.72
2025-10-15,21.25,79.75,297.65,0.00,301.67
2025-10-15,21.50,78.75,300.25,0.00,300.92
2025-10-15,21.50,79.00,298.31,0.00,301.48
2025-10-15,21.50,79.25,295.64,0.00,301.27
2025-10-15,21.50,79.50,298.03,0.00,301.11
2025-10-15,21.50,79.75,298.21,1.24,300.27
2025-10-15,21.75,78.75,297.59,0.00,300.94
2025-10-15,21.75,79.00,298.93,0.00,301.28
2025-10-15,21.75,79.25,297.72,1.05,301.62
2025-10-15,21.75,79.50,295.85,0.00,301.62
2025-10-15,21.75,79.75,296.83,0.65,301.83
2025-10-16,20.75,78.75,295.27,0.00,301.43
2025-10-16,20.75,79.00,295.94,0.00,301.17
2025-10-16,20.75,79.25,299.33,4.06,301.49
2025-10-16,20.75,79.50,295.91,1.44,300.93
2025-10-16,20.75,79.75,297.29,0.00,300.78
2025-10-16,21.00,78.75,,5.83,
2025-10-16,21.00,79.00,297.56,0.00,301.44
2025-10-16,21.00,79.25,299.05,0.51,301.40
2025-10-16,21.00,79.50,296.96,0.12,302.16
2025-10-16,21.00,79.75,297.59,1.16,301.39
2025-10-16,21.25,78.75,296.60,0.00,301.34
2025-10-16,21.25,79.00,300.60,10.66,301.63
2025-10-16,21.25,79.25,293.16,0.00,300.92
2025-10-16,21.25,79.50,296.76,0.00,301.52
2025-10-16,21.25,79.75,297.43,1.35,302.65
2025-10-16,21.50,78.75,297.58,0.00,302.30
2025-10-16,21.50,79.00,297.15,0.00,
2025-10-16,21.50,79.25,295.51,0.00,301.30
2025-10-16,21.50,79.50,299.08,0.00,301.51
2025-10-16,21.50,79.75,296.94,3.26,301.77
2025-10-16,21.75,78.75,295.86,4.59,301.24
2025-10-16,21.75,79.00,295.59,0.00,301.73
2025-10-16,21.75,79.25,296.37,0.00,301.60
2025-10-16,21.75,79.50,,0.00,300.81
2025-10-16,21.75,79.75,297.50,11.63,301.96
2025-10-17,20.75,78.75,298.71,0.00,301.58
2025-10-17,20.75,79.00,298.73,0.00,301.54
2025-10-17,20.75,79.25,293.12,0.94,300.45
2025-10-17,20.75,79.50,301.09,0.00,300.93
2025-10-17,20.75,79.75,293.34,0.00,301.44
2025-10-17,21.00,78.75,298.68,0.00,300.38
2025-10-17,21.00,79.00,296.27,4.94,300.48
2025-10-17,21.00,79.25,295.32,0.09,
2025-10-17,21.00,79.50,296.98,0.33,300.95
2025-10-17,21.00,79.75,295.86,2.08,301.18
2025-10-17,21.25,78.75,299.14,0.29,301.76
2025-10-17,21.25,79.00,,2.60,301.29
2025-10-17,21.25,79.25,297.89,1.06,300.94
2025-10-17,21.25,79.50,297.08,0.54,301.37
2025-10-17,21.25,79.75,296.91,0.00,302.12
2025-10-17,21.50,78.75,298.73,0.00,301.33
2025-10-17,21.50,79.00,296.58,0.00,301.26
2025-10-17,21.50,79.25,299.05,0.00,301.64
2025-10-17,21.50,79.50,295.06,0.10,301.76
2025-10-17,21.50,79.75,295.82,0.00,301.84
2025-10-17,21.75,78.75,296.62,0.73,301.06
2025-10-17,21.75,79.00,294.94,1.39,302.03
2025-10-17,21.75,79.25,297.48,0.09,301.40
2025-10-17,21.75,79.50,297.11,1.06,301.64
2025-10-17,21.75,79.75,297.01,0.48,301.42
2025-10-18,20.75,78.75,296.33,0.00,
2025-10-18,20.75,79.00,,0.69,301.31
2025-10-18,20.75,79.25,296.72,3.49,301.40
2025-10-18,20.75,79.50,296.32,0.06,300.78
2025-10-18,20.75,79.75,295.21,0.00,301.67
2025-10-18,21.00,78.75,295.67,0.05,301.34
2025-10-18,21.00,79.00,295.81,0.55,300.94
2025-10-18,21.00,79.25,296.15,1.99,301.40
2025-10-18,21.00,79.50,294.80,0.00,301.53
2025-10-18,21.00,79.75,298.29,0.02,301.76
2025-10-18,21.25,78.75,294.62,0.00,300.76
2025-10-18,21.25,79.00,299.24,0.00,300.78
2025-10-18,21.25,79.25,296.00,0.00,302.11
2025-10-18,21.25,79.50,294.63,0.00,301.34
2025-10-18,21.25,79.75,295.75,0.00,300.92
2025-10-18,21.50,78.75,298.65,0.50,
2025-10-18,21.50,79.00,298.37,0.00,301.03
2025-10-18,21.50,79.25,296.64,3.97,301.11
2025-10-18,21.50,79.50,296.68,0.00,300.79
2025-10-18,21.50,79.75,299.35,0.10,301.46
2025-10-18,21.75,78.75,296.25,0.10,301.06
2025-10-18,21.75,79.00,296.46,0.03,301.73
2025-10-18,21.75,79.25,298.29,0.22,301.03
2025-10-18,21.75,79.50,295.58,0.76,301.37
2025-10-18,21.75,79.75,295.18,0.00,300.67
2025-10-19,20.75,78.75,297.88,0.00,301.88
2025-10-19,20.75,79.00,297.14,0.00,301.45
2025-10-19,20.75,79.25,,0.00,301.19
2025-10-19,20.75,79.50,297.21,0.14,301.32
2025-10-19,20.75,79.75,296.52,0.00,301.08
2025-10-19,21.00,78.75,296.70,0.57,302.17
2025-10-19,21.00,79.00,297.75,0.00,301.42
2025-10-19,21.00,79.25,298.15,0.00,301.85
2025-10-19,21.00,79.50,294.95,0.00,301.31
2025-10-19,21.00,79.75,295.78,0.00,301.84
2025-10-19,21.25,78.75,299.55,0.00,301.02
2025-10-19,21.25,79.00,296.04,0.00,301.15
2025-10-19,21.25,79.25,295.91,0.00,301.90
2025-10-19,21.25,79.50,297.48,6.15,301.80
2025-10-19,21.25,79.75,295.10,0.00,300.96
2025-10-19,21.50,78.75,299.79,0.00,300.98
2025-10-19,21.50,79.00,,4.41,301.38
2025-10-19,21.50,79.25,295.23,0.48,301.91
2025-10-19,21.50,79.50,296.15,0.00,301.40
2025-10-19,21.50,79.75,294.87,5.48,301.67
2025-10-19,21.75,78.75,297.76,1.18,300.91
2025-10-19,21.75,79.00,299.28,0.00,301.31
2025-10-19,21.75,79.25,296.81,2.12,301.59
2025-10-19,21.75,79.50,298.31,1.16,301.68
2025-10-19,21.75,79.75,294.56,2.80,301.27
2025-10-20,20.75,78.75,294.62,0.00,301.22
2025-10-20,20.75,79.00,297.81,0.00,301.75
2025-10-20,20.75,79.25,297.44,7.15,300.77
2025-10-20,20.75,79.50,296.58,0.08,301.17
2025-10-20,20.75,79.75,295.83,0.00,302.23
2025-10-20,21.00,78.75,295.13,0.00,300.84
2025-10-20,21.00,79.00,293.36,0.00,302.52
2025-10-20,21.00,79.25,296.34,0.00,301.46
2025-10-20,21.00,79.50,295.03,1.14,301.55
2025-10-20,21.00,79.75,298.85,0.47,
2025-10-20,21.25,78.75,296.63,0.07,301.77
2025-10-20,21.25,79.00,297.91,0.18,302.47
2025-10-20,21.25,79.25,296.60,0.00,301.70
2025-10-20,21.25,79.50,297.11,2.25,301.79
2025-10-20,21.25,79.75,296.66,0.00,302.07
2025-10-20,21.50,78.75,299.35,3.75,301.89
2025-10-20,21.50,79.00,298.42,0.00,301.92
2025-10-20,21.50,79.25,295.05,0.33,302.01
2025-10-20,21.50,79.50,296.09,1.03,301.75
2025-10-20,21.50,79.75,296.40,0.00,302.30
2025-10-20,21.75,78.75,297.64,0.00,301.23
2025-10-20,21.75,79.00,298.14,0.00,300.93
2025-10-20,21.75,79.25,297.50,0.24,301.42
2025-10-20,21.75,79.50,297.96,0.00,301.23
2025-10-20,21.75,79.75,297.25,0.00,
2025-10-21,20.75,78.75,299.76,0.00,302.31
2025-10-21,20.75,79.00,297.43,0.00,300.00
2025-10-21,20.75,79.25,294.63,0.00,302.23
2025-10-21,20.75,79.50,296.00,2.97,302.51
2025-10-21,20.75,79.75,297.97,1.09,301.94
2025-10-21,21.00,78.75,297.14,0.00,301.25
2025-10-21,21.00,79.00,298.70,0.92,
2025-10-21,21.00,79.25,296.10,0.00,301.00
2025-10-21,21.00,79.50,295.96,0.00,301.50
2025-10-21,21.00,79.75,295.46,3.13,301.51
2025-10-21,21.25,78.75,295.79,0.31,301.27
2025-10-21,21.25,79.00,300.67,0.00,301.96
2025-10-21,21.25,79.25,297.15,0.00,302.34
2025-10-21,21.25,79.50,295.81,2.02,301.25
2025-10-21,21.25,79.75,297.19,0.00,301.00
2025-10-21,21.50,78.75,299.23,0.00,301.35
2025-10-21,21.50,79.00,297.83,0.00,300.92
2025-10-21,21.50,79.25,296.93,0.00,302.08
2025-10-21,21.50,79.50,296.11,0.57,301.08
2025-10-21,21.50,79.75,296.76,0.00,301.29
2025-10-21,21.75,78.75,295.60,0.00,301.88
2025-10-21,21.75,79.00,297.08,1.40,301.58
2025-10-21,21.75,79.25,297.33,0.00,301.85
2025-10-21,21.75,79.50,296.20,0.00,301.58
2025-10-21,21.75,79.75,298.06,0.00,301.79
2025-10-22,20.75,78.75,296.69,1.52,301.73
2025-10-22,20.75,79.00,297.30,0.51,301.90
2025-10-22,20.75,79.25,296.64,0.00,301.58
2025-10-22,20.75,79.50,298.15,2.48,301.82
2025-10-22,20.75,79.75,298.10,1.94,301.17
2025-10-22,21.00,78.75,295.95,0.00,300.96
2025-10-22,21.00,79.00,294.83,4.03,302.76
2025-10-22,21.00,79.25,295.86,0.00,301.89
2025-10-22,21.00,79.50,296.84,1.86,301.18
2025-10-22,21.00,79.75,294.82,0.00,301.49
2025-10-22,21.25,78.75,,0.00,301.96
2025-10-22,21.25,79.00,296.68,0.22,301.73
2025-10-22,21.25,79.25,295.68,0.00,
2025-10-22,21.25,79.50,299.12,1.76,301.45
2025-10-22,21.25,79.75,296.59,1.83,302.24
2025-10-22,21.50,78.75,295.32,3.89,301.59
2025-10-22,21.50,79.00,297.05,0.00,301.38
2025-10-22,21.50,79.25,297.86,2.94,301.61
2025-10-22,21.50,79.50,295.48,3.22,300.91
2025-10-22,21.50,79.75,297.66,1.77,302.05
2025-10-22,21.75,78.75,296.71,0.00,301.88
2025-10-22,21.75,79.00,296.78,0.00,301.34
2025-10-22,21.75,79.25,297.97,0.00,301.08
2025-10-22,21.75,79.50,298.88,0.00,301.53
2025-10-22,21.75,79.75,297.08,6.13,301.67
2025-10-23,20.75,78.75,297.57,0.00,301.18
2025-10-23,20.75,79.00,296.58,0.00,301.09
2025-10-23,20.75,79.25,294.23,0.00,301.51
2025-10-23,20.75,79.50,294.60,0.00,301.24
2025-10-23,20.75,79.75,296.89,2.91,302.15
2025-10-23,21.00,78.75,297.68,0.71,301.80
2025-10-23,21.00,79.00,295.61,0.00,301.16
2025-10-23,21.00,79.25,297.01,1.58,300.95
2025-10-23,21.00,79.50,293.22,3.70,300.87
2025-10-23,21.00,79.75,297.60,5.91,302.00
2025-10-23,21.25,78.75,298.22,0.57,300.59
2025-10-23,21.25,79.00,295.13,0.00,301.80
2025-10-23,21.25,79.25,294.51,0.04,302.13
2025-10-23,21.25,79.50,297.68,3.22,301.57
2025-10-23,21.25,79.75,297.15,2.29,301.64
2025-10-23,21.50,78.75,295.81,0.00,301.70
2025-10-23,21.50,79.00,295.96,0.00,301.56
2025-10-23,21.50,79.25,298.02,0.00,300.57
2025-10-23,21.50,79.50,295.09,1.13,301.08
2025-10-23,21.50,79.75,293.76,0.00,301.18
2025-10-23,21.75,78.75,297.03,0.00,301.39
2025-10-23,21.75,79.00,295.37,0.00,
2025-10-23,21.75,79.25,297.86,0.00,302.00
2025-10-23,21.75,79.50,296.62,3.07,301.25
2025-10-23,21.75,79.75,294.19,0.00,301.41
2025-10-24,20.75,78.75,295.87,1.89,301.33
2025-10-24,20.75,79.00,295.20,0.00,301.79
2025-10-24,20.75,79.25,296.82,0.00,
2025-10-24,20.75,79.50,294.62,0.00,301.88
2025-10-24,20.75,79.75,294.88,0.00,300.73
2025-10-24,21.00,78.75,297.71,0.00,301.41
2025-10-24,21.00,79.00,295.25,2.11,301.35
2025-10-24,21.00,79.25,297.10,0.00,300.74
2025-10-24,21.00,79.50,298.84,0.00,301.73
2025-10-24,21.00,79.75,294.82,0.55,301.43
2025-10-24,21.25,78.75,295.84,1.94,301.82
2025-10-24,21.25,79.00,297.27,1.38,302.02
2025-10-24,21.25,79.25,299.03,1.57,301.36
2025-10-24,21.25,79.50,297.83,0.10,301.28
2025-10-24,21.25,79.75,294.73,0.00,301.32
2025-10-24,21.50,78.75,295.05,5.50,301.56
2025-10-24,21.50,79.00,297.06,6.08,301.83
2025-10-24,21.50,79.25,297.95,1.97,301.53
2025-10-24,21.50,79.50,295.13,0.00,302.19
2025-10-24,21.50,79.75,296.35,0.00,300.41
2025-10-24,21.75,78.75,296.92,0.00,301.71
2025-10-24,21.75,79.00,296.01,0.00,301.32
2025-10-24,21.75,79.25,296.27,5.61,301.62
2025-10-24,21.75,79.50,295.18,2.82,301.89
2025-10-24,21.75,79.75,295.76,1.62,301.96
2025-10-25,20.75,78.75,298.39,1.64,301.76
2025-10-25,20.75,79.00,296.63,3.35,300.47
2025-10-25,20.75,79.25,299.11,0.00,302.02
2025-10-25,20.75,79.50,296.93,0.00,301.73
2025-10-25,20.75,79.75,297.32,0.94,301.71
2025-10-25,21.00,78.75,295.08,2.34,301.21
2025-10-25,21.00,79.00,297.32,2.77,301.58
2025-10-25,21.00,79.25,295.41,0.00,301.57
2025-10-25,21.00,79.50,296.33,0.00,301.30
2025-10-25,21.00,79.75,295.66,3.79,300.97
2025-10-25,21.25,78.75,298.02,0.00,302.15
2025-10-25,21.25,79.00,295.48,10.82,302.20
2025-10-25,21.25,79.25,296.67,0.00,301.45
2025-10-25,21.25,79.50,296.78,0.06,301.52
2025-10-25,21.25,79.75,296.95,0.00,301.16
2025-10-25,21.50,78.75,299.18,0.00,302.36
2025-10-25,21.50,79.00,297.28,0.00,301.58
2025-10-25,21.50,79.25,291.16,0.35,301.72
2025-10-25,21.50,79.50,297.23,0.80,301.00
2025-10-25,21.50,79.75,297.31,0.68,302.13
2025-10-25,21.75,78.75,296.13,0.00,301.56
2025-10-25,21.75,79.00,293.82,0.00,301.16
2025-10-25,21.75,79.25,296.93,0.33,302.59
2025-10-25,21.75,79.50,298.79,0.14,301.59
2025-10-25,21.75,79.75,296.03,2.63,302.28
2025-10-26,20.75,78.75,296.60,0.00,301.31
2025-10-26,20.75,79.00,295.59,0.00,301.15
2025-10-26,20.75,79.25,297.07,3.78,300.64
2025-10-26,20.75,79.50,,0.00,301.86
2025-10-26,20.75,79.75,293.19,0.98,302.05
2025-10-26,21.00,78.75,297.87,2.06,301.62
2025-10-26,21.00,79.00,298.14,0.00,302.45
2025-10-26,21.00,79.25,295.98,1.42,301.61
2025-10-26,21.00,79.50,295.48,0.00,300.24
2025-10-26,21.00,79.75,297.19,0.00,302.27
2025-10-26,21.25,78.75,295.07,0.00,301.54
2025-10-26,21.25,79.00,294.59,0.00,302.22
2025-10-26,21.25,79.25,296.52,8.57,302.12
2025-10-26,21.25,79.50,295.03,0.00,302.30
2025-10-26,21.25,79.75,296.70,0.00,301.52
2025-10-26,21.50,78.75,296.91,0.37,301.95
2025-10-26,21.50,79.00,296.70,0.00,301.61
2025-10-26,21.50,79.25,299.34,0.00,302.31
2025-10-26,21.50,79.50,296.97,4.83,301.16
2025-10-26,21.50,79.75,296.78,0.00,301.33
2025-10-26,21.75,78.75,294.39,5.56,301.72
2025-10-26,21.75,79.00,296.75,0.00,302.69
2025-10-26,21.75,79.25,298.27,1.29,301.26
2025-10-26,21.75,79.50,294.79,3.54,301.28
2025-10-26,21.75,79.75,296.60,0.00,302.13
2025-10-27,20.75,78.75,295.50,0.56,301.09
2025-10-27,20.75,79.00,295.02,0.00,301.41
2025-10-27,20.75,79.25,297.89,1.24,301.00
2025-10-27,20.75,79.50,297.13,3.56,301.73
2025-10-27,20.75,79.75,294.63,0.00,301.74
2025-10-27,21.00,78.75,296.69,7.86,301.82
2025-10-27,21.00,79.00,293.23,0.63,302.18
2025-10-27,21.00,79.25,297.24,3.98,301.08
2025-10-27,21.00,79.50,295.74,1.31,302.62
2025-10-27,21.00,79.75,295.97,0.00,301.98
2025-10-27,21.25,78.75,,2.71,301.39
2025-10-27,21.25,79.00,294.49,0.33,301.93
2025-10-27,21.25,79.25,295.11,0.00,301.89
2025-10-27,21.25,79.50,294.86,0.68,301.26
2025-10-27,21.25,79.75,294.87,0.21,301.03
2025-10-27,21.50,78.75,,0.00,301.39
2025-10-27,21.50,79.00,298.78,0.00,302.03
2025-10-27,21.50,79.25,296.65,0.00,301.84
2025-10-27,21.50,79.50,298.58,11.52,300.75
2025-10-27,21.50,79.75,295.22,0.00,301.46
2025-10-27,21.75,78.75,296.28,3.71,301.63
2025-10-27,21.75,79.00,298.37,0.00,301.33
2025-10-27,21.75,79.25,296.61,0.00,301.36
2025-10-27,21.75,79.50,294.56,0.00,301.82
2025-10-27,21.75,79.75,295.36,0.00,301.10
2025-10-28,20.75,78.75,295.70,5.63,300.80
2025-10-28,20.75,79.00,296.57,1.87,301.76
2025-10-28,20.75,79.25,295.75,0.85,302.11
2025-10-28,20.75,79.50,295.23,0.00,301.55
2025-10-28,20.75,79.75,295.22,0.00,301.15
2025-10-28,21.00,78.75,296.17,0.00,300.86
2025-10-28,21.00,79.00,292.13,0.00,301.97
2025-10-28,21.00,79.25,297.45,0.00,301.85
2025-10-28,21.00,79.50,296.35,0.00,300.84
2025-10-28,21.00,79.75,297.07,0.00,301.90
2025-10-28,21.25,78.75,294.38,0.00,301.47
2025-10-28,21.25,79.00,295.88,3.09,302.03
2025-10-28,21.25,79.25,294.26,4.65,300.38
2025-10-28,21.25,79.50,,1.06,301.93
2025-10-28,21.25,79.75,299.04,0.50,301.51
2025-10-28,21.50,78.75,295.33,0.00,302.03
2025-10-28,21.50,79.00,294.04,0.00,301.03
2025-10-28,21.50,79.25,294.81,0.00,302.17
2025-10-28,21.50,79.50,297.26,0.00,302.35
2025-10-28,21.50,79.75,295.75,3.22,301.79
2025-10-28,21.75,78.75,296.41,2.34,302.61
2025-10-28,21.75,79.00,293.96,7.01,302.31
2025-10-28,21.75,79.25,297.85,1.42,300.82
2025-10-28,21.75,79.50,296.16,0.00,302.07
2025-10-28,21.75,79.75,295.24,0.00,301.04
2025-10-29,20.75,78.75,297.13,3.46,302.25
2025-10-29,20.75,79.00,294.96,0.00,300.85
2025-10-29,20.75,79.25,293.91,0.00,302.37
2025-10-29,20.75,79.50,292.60,2.81,301.82
2025-10-29,20.75,79.75,295.42,0.00,301.77
2025-10-29,21.00,78.75,295.86,0.74,301.69
2025-10-29,21.00,79.00,297.01,3.19,302.17
2025-10-29,21.00,79.25,295.50,5.88,301.71
2025-10-29,21.00,79.50,296.84,0.29,301.20
2025-10-29,21.00,79.75,296.30,0.00,301.60
2025-10-29,21.25,78.75,298.72,0.71,302.00
2025-10-29,21.25,79.00,295.74,0.09,302.07
2025-10-29,21.25,79.25,294.54,0.84,301.93
2025-10-29,21.25,79.50,297.28,0.38,301.39
2025-10-29,21.25,79.75,297.25,1.36,301.36
2025-10-29,21.50,78.75,296.45,5.13,302.27
2025-10-29,21.50,79.00,297.26,0.00,
2025-10-29,21.50,79.25,294.14,,302.26
2025-10-29,21.50,79.50,295.08,2.99,301.73
2025-10-29,21.50,79.75,297.41,0.00,300.93
2025-10-29,21.75,78.75,297.38,0.00,302.12
2025-10-29,21.75,79.00,295.37,4.63,302.54
2025-10-29,21.75,79.25,296.55,0.00,301.68
2025-10-29,21.75,79.50,295.84,0.00,302.20
2025-10-29,21.75,79.75,295.39,0.35,301.94
2025-10-30,20.75,78.75,296.55,0.00,301.52
2025-10-30,20.75,79.00,294.47,0.00,301.34
2025-10-30,20.75,79.25,296.70,,301.69
2025-10-30,20.75,79.50,294.74,0.24,301.44
2025-10-30,20.75,79.75,294.79,2.57,302.20
2025-10-30,21.00,78.75,297.55,1.11,300.90
2025-10-30,21.00,79.00,294.03,1.87,301.27
2025-10-30,21.00,79.25,296.95,2.52,301.42
2025-10-30,21.00,79.50,294.82,0.00,302.09
2025-10-30,21.00,79.75,294.57,0.00,301.86
2025-10-30,21.25,78.75,294.03,2.74,302.14
2025-10-30,21.25,79.00,295.28,0.00,302.26
2025-10-30,21.25,79.25,295.19,0.00,301.36
2025-10-30,21.25,79.50,298.32,0.00,301.64
2025-10-30,21.25,79.75,294.07,0.00,301.56
2025-10-30,21.50,78.75,294.69,0.92,301.70
2025-10-30,21.50,79.00,295.21,0.00,301.97
2025-10-30,21.50,79.25,295.93,0.00,301.99
2025-10-30,21.50,79.50,295.07,0.92,301.44
2025-10-30,21.50,79.75,296.47,1.49,301.65
2025-10-30,21.75,78.75,296.36,1.24,303.03
2025-10-30,21.75,79.00,292.44,2.72,301.48
2025-10-30,21.75,79.25,297.38,0.96,301.49
2025-10-30,21.75,79.50,297.55,0.00,
2025-10-30,21.75,79.75,294.97,0.04,301.57
2025-10-31,20.75,78.75,294.99,0.00,301.98
2025-10-31,20.75,79.00,294.58,0.00,301.63
2025-10-31,20.75,79.25,295.44,2.34,301.55
2025-10-31,20.75,79.50,293.68,0.00,301.47
2025-10-31,20.75,79.75,296.09,2.73,302.18
2025-10-31,21.00,78.75,292.98,0.00,301.67
2025-10-31,21.00,79.00,295.56,0.14,302.01
2025-10-31,21.00,79.25,294.44,0.00,301.71
2025-10-31,21.00,79.50,295.72,4.04,301.57
2025-10-31,21.00,79.75,293.99,0.00,301.20
2025-10-31,21.25,78.75,295.16,0.00,301.43
2025-10-31,21.25,79.00,297.68,0.00,302.25
2025-10-31,21.25,79.25,296.82,0.00,301.11
2025-10-31,21.25,79.50,294.50,0.00,301.34
2025-10-31,21.25,79.75,293.95,0.91,300.89
2025-10-31,21.50,78.75,294.09,0.00,302.95
2025-10-31,21.50,79.00,295.76,,302.52
2025-10-31,21.50,79.25,293.42,0.00,301.69
2025-10-31,21.50,79.50,294.04,2.71,302.01
2025-10-31,21.50,79.75,295.31,0.00,301.18
2025-10-31,21.75,78.75,294.99,0.27,301.99
2025-10-31,21.75,79.00,295.40,0.00,300.93
2025-10-31,21.75,79.25,297.33,1.22,300.90
2025-10-31,21.75,79.50,295.84,0.00,301.43
2025-10-31,21.75,79.75,296.72,0.00,301.80
2025-11-01,20.75,78.75,294.52,0.00,301.73
2025-11-01,20.75,79.00,295.99,2.97,
2025-11-01,20.75,79.25,295.28,,302.48
2025-11-01,20.75,79.50,293.05,0.00,301.83
2025-11-01,20.75,79.75,293.23,1.67,301.39
2025-11-01,21.00,78.75,295.30,1.49,302.30
2025-11-01,21.00,79.00,296.38,4.27,302.48
2025-11-01,21.00,79.25,296.01,0.00,301.19
2025-11-01,21.00,79.50,294.22,5.92,301.31
2025-11-01,21.00,79.75,294.41,0.00,302.70
2025-11-01,21.25,78.75,292.57,3.73,301.71
2025-11-01,21.25,79.00,297.09,3.47,301.28
2025-11-01,21.25,79.25,295.40,0.00,301.11
2025-11-01,21.25,79.50,292.64,0.29,301.21
2025-11-01,21.25,79.75,295.69,1.93,301.77
2025-11-01,21.50,78.75,294.45,0.00,302.51
2025-11-01,21.50,79.00,294.15,0.00,302.34
2025-11-01,21.50,79.25,293.14,0.00,301.94
2025-11-01,21.50,79.50,296.64,0.00,301.12
2025-11-01,21.50,79.75,297.80,0.00,301.11
2025-11-01,21.75,78.75,295.86,0.00,301.26
2025-11-01,21.75,79.00,294.84,1.38,302.42
2025-11-01,21.75,79.25,295.90,0.00,302.19
2025-11-01,21.75,79.50,294.54,3.12,301.62
2025-11-01,21.75,79.75,296.59,1.50,301.07
2025-11-02,20.75,78.75,297.42,0.60,301.14
2025-11-02,20.75,79.00,295.41,0.86,302.13
2025-11-02,20.75,79.25,295.73,0.68,303.06
2025-11-02,20.75,79.50,295.57,1.71,302.05
2025-11-02,20.75,79.75,294.70,0.00,301.53
2025-11-02,21.00,78.75,297.22,3.71,301.55
2025-11-02,21.00,79.00,295.12,0.00,301.61
2025-11-02,21.00,79.25,296.87,0.58,301.26
2025-11-02,21.00,79.50,295.76,0.00,302.02
2025-11-02,21.00,79.75,296.03,0.05,301.17
2025-11-02,21.25,78.75,297.85,1.22,
2025-11-02,21.25,79.00,294.45,0.00,301.96
2025-11-02,21.25,79.25,296.39,6.48,301.96
2025-11-02,21.25,79.50,294.20,0.00,302.69
2025-11-02,21.25,79.75,295.99,0.25,301.52
2025-11-02,21.50,78.75,295.95,4.47,302.32
2025-11-02,21.50,79.00,297.32,0.37,
2025-11-02,21.50,79.25,295.73,0.00,302.05
2025-11-02,21.50,79.50,293.99,1.72,301.20
2025-11-02,21.50,79.75,297.17,0.00,302.55
2025-11-02,21.75,78.75,294.20,0.00,301.10
2025-11-02,21.75,79.00,296.27,,302.08
2025-11-02,21.75,79.25,296.07,0.00,301.77
2025-11-02,21.75,79.50,296.79,0.00,302.45
2025-11-02,21.75,79.75,296.23,0.00,301.76
2025-11-03,20.75,78.75,296.71,1.26,301.12
2025-11-03,20.75,79.00,296.64,0.00,301.63
2025-11-03,20.75,79.25,294.67,0.00,301.15
2025-11-03,20.75,79.50,296.00,0.13,301.90
2025-11-03,20.75,79.75,296.26,0.00,301.36
2025-11-03,21.00,78.75,296.17,0.00,300.99
2025-11-03,21.00,79.00,295.16,0.00,302.16
2025-11-03,21.00,79.25,294.70,0.00,302.20
2025-11-03,21.00,79.50,,1.07,301.81
2025-11-03,21.00,79.75,296.32,0.00,301.35
2025-11-03,21.25,78.75,296.36,0.00,302.79
2025-11-03,21.25,79.00,297.50,3.46,301.43
2025-11-03,21.25,79.25,294.47,0.00,301.97
2025-11-03,21.25,79.50,295.99,0.00,301.12
2025-11-03,21.25,79.75,292.12,0.00,301.84
2025-11-03,21.50,78.75,,5.81,301.25
2025-11-03,21.50,79.00,,0.00,301.22
2025-11-03,21.50,79.25,294.25,0.00,301.22
2025-11-03,21.50,79.50,294.86,0.00,301.92
2025-11-03,21.50,79.75,296.02,0.00,301.03
2025-11-03,21.75,78.75,295.55,4.11,302.08
2025-11-03,21.75,79.00,295.60,0.00,300.93
2025-11-03,21.75,79.25,296.86,1.35,302.25
2025-11-03,21.75,79.50,295.90,0.00,301.63
2025-11-03,21.75,79.75,295.55,0.00,300.54
2025-11-04,20.75,78.75,292.83,0.00,302.35
2025-11-04,20.75,79.00,296.26,0.00,301.54
2025-11-04,20.75,79.25,298.35,0.00,301.73
2025-11-04,20.75,79.50,298.22,0.76,301.22
2025-11-04,20.75,79.75,297.01,0.00,300.83
2025-11-04,21.00,78.75,293.61,0.96,301.71
2025-11-04,21.00,79.00,293.37,0.00,302.93
2025-11-04,21.00,79.25,296.11,0.85,302.28
2025-11-04,21.00,79.50,297.08,0.00,302.14
2025-11-04,21.00,79.75,296.77,0.00,301.76
2025-11-04,21.25,78.75,296.71,1.46,301.38
2025-11-04,21.25,79.00,294.46,0.00,302.50
2025-11-04,21.25,79.25,294.30,0.00,301.16
2025-11-04,21.25,79.50,296.75,3.43,302.44
2025-11-04,21.25,79.75,294.33,0.00,302.11
2025-11-04,21.50,78.75,294.11,0.00,302.13
2025-11-04,21.50,79.00,295.70,0.85,301.06
2025-11-04,21.50,79.25,293.63,0.00,302.23
2025-11-04,21.50,79.50,296.19,4.56,301.99
2025-11-04,21.50,79.75,296.13,1.15,301.26
2025-11-04,21.75,78.75,296.01,0.00,301.70
2025-11-04,21.75,79.00,296.96,1.01,302.19
2025-11-04,21.75,79.25,297.50,0.00,302.87
2025-11-04,21.75,79.50,,0.00,301.88
2025-11-04,21.75,79.75,296.70,0.00,301.39
2025-11-05,20.75,78.75,295.17,0.60,301.67
2025-11-05,20.75,79.00,294.98,0.37,301.04
2025-11-05,20.75,79.25,294.68,10.01,302.05
2025-11-05,20.75,79.50,293.40,0.00,
2025-11-05,20.75,79.75,295.05,,301.66
2025-11-05,21.00,78.75,294.62,0.00,
2025-11-05,21.00,79.00,296.66,3.48,301.56
2025-11-05,21.00,79.25,293.30,5.17,301.97
2025-11-05,21.00,79.50,296.99,0.00,300.72
2025-11-05,21.00,79.75,299.10,1.27,301.80
2025-11-05,21.25,78.75,295.18,2.10,301.48
2025-11-05,21.25,79.00,293.57,0.33,301.95
2025-11-05,21.25,79.25,295.08,0.00,301.36
2025-11-05,21.25,79.50,292.86,0.00,301.86
2025-11-05,21.25,79.75,293.75,0.00,301.65
2025-11-05,21.50,78.75,296.71,1.59,301.78
2025-11-05,21.50,79.00,296.65,0.00,301.51
2025-11-05,21.50,79.25,293.63,0.00,301.72
2025-11-05,21.50,79.50,294.75,0.00,302.24
2025-11-05,21.50,79.75,294.84,0.00,301.26
2025-11-05,21.75,78.75,293.42,0.00,301.68
2025-11-05,21.75,79.00,299.18,0.00,301.03
2025-11-05,21.75,79.25,295.98,0.88,302.40
2025-11-05,21.75,79.50,297.44,0.13,301.51
2025-11-05,21.75,79.75,295.21,1.18,302.07
2025-11-06,20.75,78.75,,0.00,301.85
2025-11-06,20.75,79.00,294.90,0.00,301.92
2025-11-06,20.75,79.25,294.83,0.00,302.10
2025-11-06,20.75,79.50,294.26,0.00,302.27
2025-11-06,20.75,79.75,295.88,1.09,301.97
2025-11-06,21.00,78.75,295.18,0.00,301.61
2025-11-06,21.00,79.00,294.96,4.65,302.56
2025-11-06,21.00,79.25,296.26,0.00,303.07
2025-11-06,21.00,79.50,293.02,,301.88
2025-11-06,21.00,79.75,294.69,0.00,301.74
2025-11-06,21.25,78.75,293.36,2.78,301.50
2025-11-06,21.25,79.00,293.61,0.00,301.89
2025-11-06,21.25,79.25,295.61,0.00,302.27
2025-11-06,21.25,79.50,295.43,0.00,301.08
2025-11-06,21.25,79.75,297.39,0.00,301.89
2025-11-06,21.50,78.75,293.98,5.48,301.78
2025-11-06,21.50,79.00,295.97,0.42,301.03
2025-11-06,21.50,79.25,291.86,0.00,302.15
2025-11-06,21.50,79.50,293.24,0.00,302.23
2025-11-06,21.50,79.75,296.58,0.00,301.65
2025-11-06,21.75,78.75,296.95,0.13,301.84
2025-11-06,21.75,79.00,298.44,0.00,300.81
2025-11-06,21.75,79.25,296.19,0.07,301.34
2025-11-06,21.75,79.50,296.11,0.00,301.75
2025-11-06,21.75,79.75,296.81,0.00,301.78
2025-11-07,20.75,78.75,293.76,0.00,301.87
2025-11-07,20.75,79.00,293.17,0.23,301.77
2025-11-07,20.75,79.25,294.11,2.50,301.83
2025-11-07,20.75,79.50,293.17,4.29,302.37
2025-11-07,20.75,79.75,295.77,0.00,301.19
2025-11-07,21.00,78.75,295.11,0.00,301.38
2025-11-07,21.00,79.00,294.80,1.07,301.37
2025-11-07,21.00,79.25,296.52,0.00,301.72
2025-11-07,21.00,79.50,295.46,4.81,302.17
2025-11-07,21.00,79.75,293.64,0.00,302.86
2025-11-07,21.25,78.75,293.75,2.10,301.50
2025-11-07,21.25,79.00,291.98,0.00,301.77
2025-11-07,21.25,79.25,293.48,2.77,301.44
2025-11-07,21.25,79.50,295.75,0.09,302.52
2025-11-07,21.25,79.75,295.02,0.45,301.42
2025-11-07,21.50,78.75,294.83,0.00,301.56
2025-11-07,21.50,79.00,293.02,0.43,301.18
2025-11-07,21.50,79.25,294.66,0.00,301.98
2025-11-07,21.50,79.50,296.50,0.00,301.67
2025-11-07,21.50,79.75,294.15,0.00,301.58
2025-11-07,21.75,78.75,294.70,0.00,302.76
2025-11-07,21.75,79.00,295.62,2.77,301.37
2025-11-07,21.75,79.25,294.95,0.24,301.59
2025-11-07,21.75,79.50,293.32,1.29,301.69
2025-11-07,21.75,79.75,,0.24,301.51
2025-11-08,20.75,78.75,297.29,2.41,302.92
2025-11-08,20.75,79.00,295.62,3.87,
2025-11-08,20.75,79.25,293.00,1.57,300.92
2025-11-08,20.75,79.50,295.35,0.00,302.33
2025-11-08,20.75,79.75,295.85,0.03,302.24
2025-11-08,21.00,78.75,292.77,0.00,302.07
2025-11-08,21.00,79.00,295.97,2.63,302.24
2025-11-08,21.00,79.25,,0.17,300.93
2025-11-08,21.00,79.50,294.31,0.90,300.98
2025-11-08,21.00,79.75,294.51,0.00,301.67
2025-11-08,21.25,78.75,291.58,0.82,301.03
2025-11-08,21.25,79.00,293.57,0.00,
2025-11-08,21.25,79.25,296.37,0.00,302.41
2025-11-08,21.25,79.50,296.12,,300.88
2025-11-08,21.25,79.75,297.08,0.00,302.40
2025-11-08,21.50,78.75,295.32,0.00,301.15
2025-11-08,21.50,79.00,295.08,0.00,300.83
2025-11-08,21.50,79.25,295.45,0.26,302.42
2025-11-08,21.50,79.50,295.44,0.20,301.69
2025-11-08,21.50,79.75,294.14,0.00,301.74
2025-11-08,21.75,78.75,295.07,5.03,300.83
2025-11-08,21.75,79.00,293.72,0.81,301.94
2025-11-08,21.75,79.25,296.79,0.00,302.52
2025-11-08,21.75,79.50,296.36,0.00,301.53
2025-11-08,21.75,79.75,294.38,0.00,302.58
2025-11-09,20.75,78.75,291.53,4.14,302.24
2025-11-09,20.75,79.00,294.54,1.46,301.45
2025-11-09,20.75,79.25,292.76,0.00,303.03
2025-11-09,20.75,79.50,293.43,0.00,301.78
2025-11-09,20.75,79.75,295.19,1.28,301.75
2025-11-09,21.00,78.75,295.09,0.45,301.36
2025-11-09,21.00,79.00,296.17,1.36,301.28
2025-11-09,21.00,79.25,294.93,0.00,302.03
2025-11-09,21.00,79.50,294.31,0.00,300.90
2025-11-09,21.00,79.75,290.46,1.97,301.72
2025-11-09,21.25,78.75,295.67,0.00,302.05
2025-11-09,21.25,79.00,291.85,1.65,302.24
2025-11-09,21.25,79.25,296.13,0.00,302.19
2025-11-09,21.25,79.50,294.97,0.42,302.24
2025-11-09,21.25,79.75,297.93,0.00,
2025-11-09,21.50,78.75,296.30,0.00,301.91
2025-11-09,21.50,79.00,297.54,0.81,301.80
2025-11-09,21.50,79.25,294.47,0.00,301.34
2025-11-09,21.50,79.50,292.32,0.00,301.47
2025-11-09,21.50,79.75,292.73,0.00,301.85
2025-11-09,21.75,78.75,291.55,0.00,302.17
2025-11-09,21.75,79.00,294.96,0.00,301.39
2025-11-09,21.75,79.25,292.34,0.17,301.09
2025-11-09,21.75,79.50,293.36,0.11,300.68
2025-11-09,21.75,79.75,295.66,0.00,302.39
2025-11-10,20.75,78.75,294.07,0.00,302.09
2025-11-10,20.75,79.00,295.42,0.00,302.00
2025-11-10,20.75,79.25,293.95,0.33,301.86
2025-11-10,20.75,79.50,296.00,0.00,302.55
2025-11-10,20.75,79.75,294.52,2.76,302.18
2025-11-10,21.00,78.75,294.71,0.00,302.42
2025-11-10,21.00,79.00,293.57,3.06,302.53
2025-11-10,21.00,79.25,295.00,0.85,301.99
2025-11-10,21.00,79.50,293.31,0.05,302.15
2025-11-10,21.00,79.75,293.80,2.58,302.27
2025-11-10,21.25,78.75,295.49,4.04,300.86
2025-11-10,21.25,79.00,292.10,0.00,301.70
2025-11-10,21.25,79.25,294.74,0.00,301.82
2025-11-10,21.25,79.50,294.55,4.28,301.84
2025-11-10,21.25,79.75,295.76,0.00,302.17
2025-11-10,21.50,78.75,291.31,0.00,301.68
2025-11-10,21.50,79.00,294.72,0.00,301.72
2025-11-10,21.50,79.25,293.70,0.00,301.91
2025-11-10,21.50,79.50,294.24,1.80,301.56
2025-11-10,21.50,79.75,291.66,0.00,302.29
2025-11-10,21.75,78.75,293.79,0.00,301.75
2025-11-10,21.75,79.00,297.24,0.00,301.05
2025-11-10,21.75,79.25,295.51,3.42,301.03
2025-11-10,21.75,79.50,294.78,0.00,301.73
2025-11-10,21.75,79.75,293.05,0.00,301.75
2025-11-11,20.75,78.75,293.95,0.00,301.34
2025-11-11,20.75,79.00,297.04,0.00,302.77
2025-11-11,20.75,79.25,295.44,0.00,301.59
2025-11-11,20.75,79.50,294.92,1.31,302.04
2025-11-11,20.75,79.75,293.93,5.11,301.26
2025-11-11,21.00,78.75,292.87,0.00,301.68
2025-11-11,21.00,79.00,292.85,0.00,300.82
2025-11-11,21.00,79.25,297.52,1.17,301.48
2025-11-11,21.00,79.50,293.75,2.65,301.51
2025-11-11,21.00,79.75,293.57,0.00,301.22
2025-11-11,21.25,78.75,294.88,0.00,302.08
2025-11-11,21.25,79.00,294.37,0.00,301.96
2025-11-11,21.25,79.25,295.65,0.42,301.51
2025-11-11,21.25,79.50,295.40,0.00,301.59
2025-11-11,21.25,79.75,294.87,0.36,301.48
2025-11-11,21.50,78.75,295.34,0.00,302.07
2025-11-11,21.50,79.00,294.08,0.35,301.05
2025-11-11,21.50,79.25,294.83,0.55,301.82
2025-11-11,21.50,79.50,295.19,1.54,301.89
2025-11-11,21.50,79.75,297.03,0.83,300.93
2025-11-11,21.75,78.75,293.20,0.00,301.32
2025-11-11,21.75,79.00,295.16,0.30,301.84
2025-11-11,21.75,79.25,296.56,0.00,301.13
2025-11-11,21.75,79.50,294.54,0.00,301.91
2025-11-11,21.75,79.75,295.57,0.00,301.84
2025-11-12,20.75,78.75,293.98,0.27,301.28
2025-11-12,20.75,79.00,295.87,6.05,303.17
2025-11-12,20.75,79.25,294.75,0.00,302.54
2025-11-12,20.75,79.50,293.01,3.03,302.15
2025-11-12,20.75,79.75,294.06,0.00,301.66
2025-11-12,21.00,78.75,292.39,0.00,302.29
2025-11-12,21.00,79.00,296.52,0.00,301.93
2025-11-12,21.00,79.25,292.53,1.70,301.83
2025-11-12,21.00,79.50,294.45,0.00,301.46
2025-11-12,21.00,79.75,296.03,2.89,301.07
2025-11-12,21.25,78.75,293.64,0.00,302.26
2025-11-12,21.25,79.00,294.87,0.00,301.87
2025-11-12,21.25,79.25,292.09,0.00,302.10
2025-11-12,21.25,79.50,294.61,0.00,301.33
2025-11-12,21.25,79.75,295.25,0.00,301.36
2025-11-12,21.50,78.75,293.19,0.00,301.96
2025-11-12,21.50,79.00,295.18,0.00,302.52
2025-11-12,21.50,79.25,296.47,1.53,
2025-11-12,21.50,79.50,295.04,0.00,301.08
2025-11-12,21.50,79.75,294.39,0.00,301.85
2025-11-12,21.75,78.75,293.39,4.45,302.09
2025-11-12,21.75,79.00,291.92,2.16,301.98
2025-11-12,21.75,79.25,296.38,1.83,301.79
2025-11-12,21.75,79.50,296.29,1.27,301.51
2025-11-12,21.75,79.75,295.53,3.00,302.33
2025-11-13,20.75,78.75,295.48,0.00,303.03
2025-11-13,20.75,79.00,293.00,0.78,301.81
2025-11-13,20.75,79.25,294.49,0.00,301.65
2025-11-13,20.75,79.50,295.34,0.00,
2025-11-13,20.75,79.75,295.15,1.97,301.86
2025-11-13,21.00,78.75,293.86,1.02,301.75
2025-11-13,21.00,79.00,295.95,0.00,301.94
2025-11-13,21.00,79.25,293.11,0.00,300.71
2025-11-13,21.00,79.50,294.88,3.93,301.54
2025-11-13,21.00,79.75,294.31,4.63,300.92
2025-11-13,21.25,78.75,294.48,0.00,301.49
2025-11-13,21.25,79.00,294.16,0.00,301.69
2025-11-13,21.25,79.25,290.20,0.00,301.71
2025-11-13,21.25,79.50,294.26,2.99,301.17
2025-11-13,21.25,79.75,294.91,0.00,302.16
2025-11-13,21.50,78.75,293.72,3.72,301.67
2025-11-13,21.50,79.00,294.50,0.00,302.16
2025-11-13,21.50,79.25,298.80,2.81,301.70
2025-11-13,21.50,79.50,294.23,0.03,302.82
2025-11-13,21.50,79.75,295.68,0.73,301.98
2025-11-13,21.75,78.75,294.80,4.21,302.27
2025-11-13,21.75,79.00,295.24,0.87,300.99
2025-11-13,21.75,79.25,291.66,0.00,301.50
2025-11-13,21.75,79.50,291.36,0.00,301.47
2025-11-13,21.75,79.75,293.86,0.00,301.54
2025-11-14,20.75,78.75,292.88,0.35,302.18
2025-11-14,20.75,79.00,295.18,4.31,302.02
2025-11-14,20.75,79.25,294.63,0.00,301.05
2025-11-14,20.75,79.50,295.23,0.00,302.24
2025-11-14,20.75,79.75,294.44,2.18,301.64
2025-11-14,21.00,78.75,,0.23,
2025-11-14,21.00,79.00,295.32,2.17,301.77
2025-11-14,21.00,79.25,296.86,0.00,302.05
2025-11-14,21.00,79.50,294.69,0.00,301.55
2025-11-14,21.00,79.75,294.25,0.00,303.46
2025-11-14,21.25,78.75,293.36,0.00,302.35
2025-11-14,21.25,79.00,292.29,0.00,302.51
2025-11-14,21.25,79.25,296.21,7.22,301.62
2025-11-14,21.25,79.50,291.25,0.05,301.77
2025-11-14,21.25,79.75,,0.66,302.93
2025-11-14,21.50,78.75,294.42,0.00,303.05
2025-11-14,21.50,79.00,294.56,0.00,302.38
2025-11-14,21.50,79.25,291.58,0.21,301.48
2025-11-14,21.50,79.50,293.70,0.00,302.11
2025-11-14,21.50,79.75,295.67,0.00,301.41
2025-11-14,21.75,78.75,292.55,1.18,302.23
2025-11-14,21.75,79.00,296.51,0.00,301.38
2025-11-14,21.75,79.25,293.94,0.00,301.74
2025-11-14,21.75,79.50,295.01,1.02,302.65
2025-11-14,21.75,79.75,293.89,0.00,302.07
2025-11-15,20.75,78.75,295.70,0.00,301.38
2025-11-15,20.75,79.00,295.86,1.13,302.22
2025-11-15,20.75,79.25,293.52,0.00,301.64
2025-11-15,20.75,79.50,291.70,0.00,301.48
2025-11-15,20.75,79.75,295.07,0.89,301.07
2025-11-15,21.00,78.75,294.18,1.14,301.55
2025-11-15,21.00,79.00,293.58,0.00,301.68
2025-11-15,21.00,79.25,292.39,1.01,302.28
2025-11-15,21.00,79.50,294.36,0.96,301.37
2025-11-15,21.00,79.75,292.91,2.26,301.86
2025-11-15,21.25,78.75,294.19,0.46,301.93
2025-11-15,21.25,79.00,293.30,0.00,301.97
2025-11-15,21.25,79.25,295.02,0.00,301.36
2025-11-15,21.25,79.50,293.81,0.00,301.57
2025-11-15,21.25,79.75,293.75,0.00,302.38
2025-11-15,21.50,78.75,295.00,1.38,302.62
2025-11-15,21.50,79.00,292.56,1.45,301.78
2025-11-15,21.50,79.25,292.67,0.00,301.72
2025-11-15,21.50,79.50,293.35,0.00,301.96
2025-11-15,21.50,79.75,296.80,0.00,302.40
2025-11-15,21.75,78.75,293.90,0.00,301.24
2025-11-15,21.75,79.00,292.79,4.20,302.17
2025-11-15,21.75,79.25,293.68,0.00,302.57
2025-11-15,21.75,79.50,297.81,0.00,302.36
2025-11-15,21.75,79.75,294.00,0.00,302.21
2025-11-16,20.75,78.75,294.73,0.00,301.60
2025-11-16,20.75,79.00,293.86,0.00,302.38
2025-11-16,20.75,79.25,294.01,0.00,302.17
2025-11-16,20.75,79.50,295.85,0.00,301.78
2025-11-16,20.75,79.75,294.35,0.00,301.80
2025-11-16,21.00,78.75,293.74,0.00,301.96
2025-11-16,21.00,79.00,,0.00,301.45
2025-11-16,21.00,79.25,295.38,0.06,301.36
2025-11-16,21.00,79.50,296.06,0.00,
2025-11-16,21.00,79.75,292.88,0.00,302.79
2025-11-16,21.25,78.75,292.99,0.00,302.00
2025-11-16,21.25,79.00,294.61,0.00,302.39
2025-11-16,21.25,79.25,291.48,0.00,301.21
2025-11-16,21.25,79.50,296.21,0.00,301.48
2025-11-16,21.25,79.75,292.60,0.00,301.75
2025-11-16,21.50,78.75,293.86,0.00,301.90
2025-11-16,21.50,79.00,292.64,0.32,301.88
2025-11-16,21.50,79.25,292.70,0.00,302.38
2025-11-16,21.50,79.50,295.15,0.00,302.77
2025-11-16,21.50,79.75,293.39,0.00,302.30
2025-11-16,21.75,78.75,294.91,0.48,301.44
2025-11-16,21.75,79.00,293.14,0.05,301.45
2025-11-16,21.75,79.25,292.70,5.12,300.46
2025-11-16,21.75,79.50,292.50,3.43,302.15
2025-11-16,21.75,79.75,295.70,0.00,301.07
2025-11-17,20.75,78.75,293.08,1.73,302.01
2025-11-17,20.75,79.00,293.97,0.00,301.71
2025-11-17,20.75,79.25,292.84,1.05,302.11
2025-11-17,20.75,79.50,293.19,0.00,302.17
2025-11-17,20.75,79.75,295.84,,300.90
2025-11-17,21.00,78.75,296.03,2.59,302.16
2025-11-17,21.00,79.00,296.80,0.00,302.11
2025-11-17,21.00,79.25,292.42,2.21,302.02
2025-11-17,21.00,79.50,295.39,0.69,300.84
2025-11-17,21.00,79.75,295.03,0.00,302.20
2025-11-17,21.25,78.75,294.69,0.00,301.67
2025-11-17,21.25,79.00,294.08,0.00,301.02
2025-11-17,21.25,79.25,293.64,1.82,302.41
2025-11-17,21.25,79.50,293.98,0.00,301.87
2025-11-17,21.25,79.75,294.97,0.00,301.42
2025-11-17,21.50,78.75,292.70,0.00,302.01
2025-11-17,21.50,79.00,293.81,0.00,301.65
2025-11-17,21.50,79.25,293.56,0.00,301.83
2025-11-17,21.50,79.50,294.66,0.00,301.52
2025-11-17,21.50,79.75,293.52,0.00,302.52
2025-11-17,21.75,78.75,293.97,0.00,302.33
2025-11-17,21.75,79.00,294.51,0.00,301.42
2025-11-17,21.75,79.25,291.50,0.00,301.72
2025-11-17,21.75,79.50,291.06,2.26,
2025-11-17,21.75,79.75,294.97,0.00,301.69
2025-11-18,20.75,78.75,292.46,0.24,301.24
2025-11-18,20.75,79.00,294.94,0.99,302.19
2025-11-18,20.75,79.25,292.47,1.03,301.70
2025-11-18,20.75,79.50,295.18,0.00,301.56
2025-11-18,20.75,79.75,291.36,1.85,302.72
2025-11-18,21.00,78.75,294.63,0.00,301.14
2025-11-18,21.00,79.00,295.30,0.00,301.61
2025-11-18,21.00,79.25,292.50,0.00,302.71
2025-11-18,21.00,79.50,292.68,0.00,301.99
2025-11-18,21.00,79.75,294.53,0.00,301.94
2025-11-18,21.25,78.75,291.87,1.58,301.52
2025-11-18,21.25,79.00,293.45,3.24,301.54
2025-11-18,21.25,79.25,292.26,0.00,302.30
2025-11-18,21.25,79.50,294.46,0.00,302.62
2025-11-18,21.25,79.75,295.34,2.85,301.83
2025-11-18,21.50,78.75,295.38,0.06,301.97
2025-11-18,21.50,79.00,295.40,0.85,302.08
2025-11-18,21.50,79.25,295.23,0.41,301.86
2025-11-18,21.50,79.50,292.55,1.00,302.50
2025-11-18,21.50,79.75,291.83,0.00,301.88
2025-11-18,21.75,78.75,295.27,0.00,302.16
2025-11-18,21.75,79.00,295.59,0.00,302.18
2025-11-18,21.75,79.25,293.26,0.00,301.58
2025-11-18,21.75,79.50,291.32,7.07,302.14
2025-11-18,21.75,79.75,295.65,0.84,302.14
2025-11-19,20.75,78.75,292.92,0.30,302.12
2025-11-19,20.75,79.00,293.37,0.00,301.48
2025-11-19,20.75,79.25,294.98,0.00,302.40
2025-11-19,20.75,79.50,294.59,0.77,302.14
2025-11-19,20.75,79.75,292.37,4.09,301.96
2025-11-19,21.00,78.75,,0.00,301.50
2025-11-19,21.00,79.00,292.55,4.14,301.53
2025-11-19,21.00,79.25,292.79,0.00,301.76
2025-11-19,21.00,79.50,292.38,0.00,
2025-11-19,21.00,79.75,294.25,3.74,301.81
2025-11-19,21.25,78.75,290.96,0.00,301.20
2025-11-19,21.25,79.00,297.18,0.75,302.91
2025-11-19,21.25,79.25,291.96,0.00,301.50
2025-11-19,21.25,79.50,295.30,1.92,301.95
2025-11-19,21.25,79.75,294.72,0.00,301.10
2025-11-19,21.50,78.75,293.92,0.00,301.46
2025-11-19,21.50,79.00,294.02,0.00,
2025-11-19,21.50,79.25,294.84,0.00,302.16
2025-11-19,21.50,79.50,293.74,0.00,302.55
2025-11-19,21.50,79.75,293.11,0.00,302.02
2025-11-19,21.75,78.75,292.82,0.82,301.93
2025-11-19,21.75,79.00,295.60,1.40,301.29
2025-11-19,21.75,79.25,294.29,0.00,301.87
2025-11-19,21.75,79.50,293.82,0.00,302.73
2025-11-19,21.75,79.75,294.23,0.00,302.54
2025-11-20,20.75,78.75,292.86,0.88,302.05
2025-11-20,20.75,79.00,291.82,0.98,302.31
2025-11-20,20.75,79.25,292.95,0.00,301.90
2025-11-20,20.75,79.50,293.35,0.00,302.07
2025-11-20,20.75,79.75,293.66,0.00,301.63
2025-11-20,21.00,78.75,294.72,0.00,302.72
2025-11-20,21.00,79.00,292.21,2.30,301.98
2025-11-20,21.00,79.25,295.66,0.00,302.19
2025-11-20,21.00,79.50,294.79,0.00,301.82
2025-11-20,21.00,79.75,293.87,0.00,300.80
2025-11-20,21.25,78.75,292.74,0.00,302.12
2025-11-20,21.25,79.00,293.08,0.00,302.33
2025-11-20,21.25,79.25,295.52,0.19,
2025-11-20,21.25,79.50,293.13,0.00,301.61
2025-11-20,21.25,79.75,293.57,0.86,301.21
2025-11-20,21.50,78.75,292.33,0.00,301.67
2025-11-20,21.50,79.00,294.67,0.00,301.78
2025-11-20,21.50,79.25,293.35,1.28,301.78
2025-11-20,21.50,79.50,294.20,0.00,301.41
2025-11-20,21.50,79.75,292.04,0.88,301.78
2025-11-20,21.75,78.75,294.74,4.61,301.50
2025-11-20,21.75,79.00,295.01,0.00,301.63
2025-11-20,21.75,79.25,,0.99,301.32
2025-11-20,21.75,79.50,293.60,0.00,301.59
2025-11-20,21.75,79.75,292.72,0.00,301.12
2025-11-21,20.75,78.75,294.29,0.00,302.89
2025-11-21,20.75,79.00,292.60,0.00,301.63
2025-11-21,20.75,79.25,296.85,0.00,300.99
2025-11-21,20.75,79.50,292.93,0.00,302.34
2025-11-21,20.75,79.75,293.91,0.00,302.27
2025-11-21,21.00,78.75,292.36,0.00,301.04
2025-11-21,21.00,79.00,293.42,3.03,302.29
2025-11-21,21.00,79.25,295.31,0.27,302.81
2025-11-21,21.00,79.50,293.23,1.07,301.99
2025-11-21,21.00,79.75,297.12,0.00,301.62
2025-11-21,21.25,78.75,292.28,1.79,302.03
2025-11-21,21.25,79.00,295.58,0.00,301.99
2025-11-21,21.25,79.25,296.55,0.00,301.34
2025-11-21,21.25,79.50,296.50,1.44,302.02
2025-11-21,21.25,79.75,292.29,2.88,302.15
2025-11-21,21.50,78.75,292.83,0.00,301.88
2025-11-21,21.50,79.00,292.42,2.79,301.65
2025-11-21,21.50,79.25,293.26,0.00,302.61
2025-11-21,21.50,79.50,292.01,2.19,301.69
2025-11-21,21.50,79.75,295.24,0.73,302.05
2025-11-21,21.75,78.75,294.97,0.00,302.36
2025-11-21,21.75,79.00,294.30,2.94,301.25
2025-11-21,21.75,79.25,291.93,0.00,301.95
2025-11-21,21.75,79.50,296.93,1.40,301.50
2025-11-21,21.75,79.75,293.05,0.49,301.04
2025-11-22,20.75,78.75,295.49,,
2025-11-22,20.75,79.00,293.98,0.46,302.27
2025-11-22,20.75,79.25,292.01,3.54,302.36
2025-11-22,20.75,79.50,293.88,1.88,301.68
2025-11-22,20.75,79.75,293.42,1.99,301.80
2025-11-22,21.00,78.75,294.78,0.00,301.90
2025-11-22,21.00,79.00,294.70,0.00,301.99
2025-11-22,21.00,79.25,295.04,0.00,301.68
2025-11-22,21.00,79.50,291.62,0.00,302.19
2025-11-22,21.00,79.75,,1.55,302.01
2025-11-22,21.25,78.75,293.59,0.00,302.84
2025-11-22,21.25,79.00,295.23,0.00,301.56
2025-11-22,21.25,79.25,292.07,0.00,301.57
2025-11-22,21.25,79.50,294.94,0.00,302.02
2025-11-22,21.25,79.75,292.60,0.00,302.39
2025-11-22,21.50,78.75,294.81,0.00,302.54
2025-11-22,21.50,79.00,295.97,0.00,301.57
2025-11-22,21.50,79.25,292.30,0.42,
2025-11-22,21.50,79.50,291.62,2.41,301.84
2025-11-22,21.50,79.75,293.23,4.36,301.49
2025-11-22,21.75,78.75,293.24,0.00,301.54
2025-11-22,21.75,79.00,296.45,1.72,301.84
2025-11-22,21.75,79.25,293.17,0.03,301.50
2025-11-22,21.75,79.50,,1.40,300.82
2025-11-22,21.75,79.75,295.06,0.00,302.73
2025-11-23,20.75,78.75,294.37,4.18,301.13
2025-11-23,20.75,79.00,292.19,1.93,301.37
2025-11-23,20.75,79.25,295.11,0.00,301.62
2025-11-23,20.75,79.50,294.26,0.31,301.85
2025-11-23,20.75,79.75,293.62,6.60,301.92
2025-11-23,21.00,78.75,293.22,0.75,301.65
2025-11-23,21.00,79.00,298.51,4.18,302.83
2025-11-23,21.00,79.25,292.89,0.00,302.01
2025-11-23,21.00,79.50,293.10,0.32,301.52
2025-11-23,21.00,79.75,294.48,0.12,301.80
2025-11-23,21.25,78.75,291.79,0.72,301.65
2025-11-23,21.25,79.00,294.31,0.00,301.80
2025-11-23,21.25,79.25,294.71,0.60,302.06
2025-11-23,21.25,79.50,294.85,0.87,301.71
2025-11-23,21.25,79.75,291.25,2.11,302.70
2025-11-23,21.50,78.75,291.66,0.00,301.12
2025-11-23,21.50,79.00,291.75,0.44,302.17
2025-11-23,21.50,79.25,292.62,2.55,302.14
2025-11-23,21.50,79.50,293.49,0.00,301.35
2025-11-23,21.50,79.75,,0.00,301.75
2025-11-23,21.75,78.75,295.02,0.00,301.88
2025-11-23,21.75,79.00,293.03,0.00,301.10
2025-11-23,21.75,79.25,295.54,0.00,301.51
2025-11-23,21.75,79.50,294.44,0.00,301.83
2025-11-23,21.75,79.75,292.16,0.00,301.10
2025-11-24,20.75,78.75,293.67,0.43,302.16
2025-11-24,20.75,79.00,294.85,0.00,302.60
2025-11-24,20.75,79.25,296.24,0.13,
2025-11-24,20.75,79.50,291.03,0.00,301.63
2025-11-24,20.75,79.75,293.55,0.00,301.80
2025-11-24,21.00,78.75,292.94,0.88,302.04
2025-11-24,21.00,79.00,292.53,0.00,301.61
2025-11-24,21.00,79.25,291.72,0.00,301.59
2025-11-24,21.00,79.50,294.17,0.00,302.31
2025-11-24,21.00,79.75,291.77,0.00,301.90
2025-11-24,21.25,78.75,295.64,0.47,
2025-11-24,21.25,79.00,294.98,0.00,301.75
2025-11-24,21.25,79.25,293.84,2.13,302.82
2025-11-24,21.25,79.50,291.83,0.29,302.31
2025-11-24,21.25,79.75,294.98,0.00,301.22
2025-11-24,21.50,78.75,294.01,0.00,302.52
2025-11-24,21.50,79.00,295.14,0.00,302.52
2025-11-24,21.50,79.25,294.07,0.39,301.35
2025-11-24,21.50,79.50,293.53,0.00,301.79
2025-11-24,21.50,79.75,293.81,0.00,302.43
2025-11-24,21.75,78.75,295.48,0.20,302.23
2025-11-24,21.75,79.00,293.93,0.82,301.33
2025-11-24,21.75,79.25,295.69,1.50,301.91
2025-11-24,21.75,79.50,293.07,0.00,302.96
2025-11-24,21.75,79.75,292.90,0.00,
2025-11-25,20.75,78.75,294.53,0.06,301.92
2025-11-25,20.75,79.00,,0.00,301.09
2025-11-25,20.75,79.25,292.61,0.00,300.82
2025-11-25,20.75,79.50,293.49,3.68,301.65
2025-11-25,20.75,79.75,295.61,0.00,301.11
2025-11-25,21.00,78.75,292.56,0.00,301.60
2025-11-25,21.00,79.00,290.28,1.93,302.13
2025-11-25,21.00,79.25,295.46,0.79,302.27
2025-11-25,21.00,79.50,294.90,0.00,302.19
2025-11-25,21.00,79.75,293.35,0.03,301.85
2025-11-25,21.25,78.75,294.82,0.00,301.43
2025-11-25,21.25,79.00,294.19,2.27,301.35
2025-11-25,21.25,79.25,293.28,0.00,301.98
2025-11-25,21.25,79.50,292.47,0.61,302.94
2025-11-25,21.25,79.75,293.20,3.20,301.34
2025-11-25,21.50,78.75,292.96,0.00,301.49
2025-11-25,21.50,79.00,292.45,0.00,301.44
2025-11-25,21.50,79.25,293.57,5.50,301.44
2025-11-25,21.50,79.50,292.95,0.89,301.39
2025-11-25,21.50,79.75,296.12,0.00,301.10
2025-11-25,21.75,78.75,292.33,2.40,301.82
2025-11-25,21.75,79.00,292.64,0.00,302.23
2025-11-25,21.75,79.25,294.67,0.00,301.34
2025-11-25,21.75,79.50,295.85,0.00,301.99
2025-11-25,21.75,79.75,294.39,0.00,301.43
2025-11-26,20.75,78.75,294.92,0.00,301.46
2025-11-26,20.75,79.00,291.63,2.39,302.20
2025-11-26,20.75,79.25,296.00,0.00,301.70
2025-11-26,20.75,79.50,291.97,0.51,301.90
2025-11-26,20.75,79.75,296.69,0.00,301.48
2025-11-26,21.00,78.75,292.39,0.00,301.56
2025-11-26,21.00,79.00,290.70,0.00,301.45
2025-11-26,21.00,79.25,294.88,0.00,301.97
2025-11-26,21.00,79.50,292.79,0.00,301.99
2025-11-26,21.00,79.75,293.33,0.00,302.40
2025-11-26,21.25,78.75,292.29,0.00,301.40
2025-11-26,21.25,79.00,292.07,0.00,301.88
2025-11-26,21.25,79.25,293.02,0.00,301.48
2025-11-26,21.25,79.50,294.54,0.94,302.20
2025-11-26,21.25,79.75,295.46,0.25,302.68
2025-11-26,21.50,78.75,292.10,0.75,301.85
2025-11-26,21.50,79.00,292.68,0.00,301.83
2025-11-26,21.50,79.25,294.24,0.00,301.89
2025-11-26,21.50,79.50,293.31,5.67,301.52
2025-11-26,21.50,79.75,,0.03,
2025-11-26,21.75,78.75,293.32,0.00,302.11
2025-11-26,21.75,79.00,295.53,3.77,301.34
2025-11-26,21.75,79.25,294.14,0.00,302.21
2025-11-26,21.75,79.50,293.39,0.00,301.58
2025-11-26,21.75,79.75,294.53,1.15,302.30
2025-11-27,20.75,78.75,290.07,0.04,302.09
2025-11-27,20.75,79.00,,0.00,301.76
2025-11-27,20.75,79.25,293.03,1.20,301.13
2025-11-27,20.75,79.50,292.15,0.00,301.74
2025-11-27,20.75,79.75,293.58,0.00,302.60
2025-11-27,21.00,78.75,294.23,0.51,301.49
2025-11-27,21.00,79.00,,0.63,301.19
2025-11-27,21.00,79.25,293.21,0.00,301.66
2025-11-27,21.00,79.50,294.50,1.45,302.30
2025-11-27,21.00,79.75,292.17,3.37,302.25
2025-11-27,21.25,78.75,292.18,0.00,301.83
2025-11-27,21.25,79.00,293.38,0.00,
2025-11-27,21.25,79.25,292.34,2.06,302.06
2025-11-27,21.25,79.50,294.31,0.00,301.45
2025-11-27,21.25,79.75,291.88,0.00,301.60
2025-11-27,21.50,78.75,292.23,0.00,301.44
2025-11-27,21.50,79.00,294.11,1.69,301.51
2025-11-27,21.50,79.25,292.97,2.13,301.97
2025-11-27,21.50,79.50,294.81,0.00,301.92
2025-11-27,21.50,79.75,293.03,0.00,301.62
2025-11-27,21.75,78.75,293.09,0.11,300.98
2025-11-27,21.75,79.00,,0.00,301.77
2025-11-27,21.75,79.25,292.35,0.00,302.17
2025-11-27,21.75,79.50,291.61,1.50,302.12
2025-11-27,21.75,79.75,292.77,0.00,301.98
2025-11-28,20.75,78.75,292.87,0.00,
2025-11-28,20.75,79.00,296.74,0.00,
2025-11-28,20.75,79.25,293.97,0.00,301.43
2025-11-28,20.75,79.50,292.63,0.00,301.63
2025-11-28,20.75,79.75,294.64,6.48,301.17
2025-11-28,21.00,78.75,293.84,2.34,301.41
2025-11-28,21.00,79.00,293.26,5.44,300.62
2025-11-28,21.00,79.25,292.31,0.57,302.11
2025-11-28,21.00,79.50,292.58,0.15,302.44
2025-11-28,21.00,79.75,293.69,0.48,301.80
2025-11-28,21.25,78.75,294.47,1.52,301.19
2025-11-28,21.25,79.00,295.57,0.00,301.93
2025-11-28,21.25,79.25,291.49,0.00,301.20
2025-11-28,21.25,79.50,293.82,0.00,301.09
2025-11-28,21.25,79.75,293.12,0.00,301.38
2025-11-28,21.50,78.75,293.28,0.00,301.46
2025-11-28,21.50,79.00,294.27,5.43,302.44
2025-11-28,21.50,79.25,292.45,0.00,302.67
2025-11-28,21.50,79.50,294.03,0.46,302.43
2025-11-28,21.50,79.75,291.34,1.81,302.92
2025-11-28,21.75,78.75,293.20,0.00,301.63
2025-11-28,21.75,79.00,293.96,3.76,300.96
2025-11-28,21.75,79.25,294.84,0.09,302.23
2025-11-28,21.75,79.50,293.87,0.00,300.90
2025-11-28,21.75,79.75,294.39,0.00,301.32
2025-11-29,20.75,78.75,289.78,1.44,303.00
2025-11-29,20.75,79.00,292.33,0.00,302.52
2025-11-29,20.75,79.25,292.38,0.04,301.65
2025-11-29,20.75,79.50,294.82,0.01,302.11
2025-11-29,20.75,79.75,,0.61,302.02
2025-11-29,21.00,78.75,291.88,0.00,301.67
2025-11-29,21.00,79.00,292.82,0.00,301.24
2025-11-29,21.00,79.25,292.62,0.00,301.71
2025-11-29,21.00,79.50,291.13,0.00,
2025-11-29,21.00,79.75,296.48,0.00,302.67
2025-11-29,21.25,78.75,293.17,0.00,301.64
2025-11-29,21.25,79.00,292.59,0.00,301.73
2025-11-29,21.25,79.25,292.81,0.00,302.41
2025-11-29,21.25,79.50,292.29,0.00,302.41
2025-11-29,21.25,79.75,294.89,0.00,301.48
2025-11-29,21.50,78.75,294.28,0.00,301.42
2025-11-29,21.50,79.00,,,301.93
2025-11-29,21.50,79.25,295.02,0.00,303.01
2025-11-29,21.50,79.50,293.81,0.00,302.68
2025-11-29,21.50,79.75,292.25,0.00,302.00
2025-11-29,21.75,78.75,295.32,0.09,301.76
2025-11-29,21.75,79.00,292.79,4.04,302.27
2025-11-29,21.75,79.25,296.21,0.00,302.45
2025-11-29,21.75,79.50,294.60,0.00,302.11
2025-11-29,21.75,79.75,295.96,2.23,301.47
2025-11-30,20.75,78.75,293.94,0.00,302.50
2025-11-30,20.75,79.00,295.09,0.00,301.84
2025-11-30,20.75,79.25,293.05,1.77,302.13
2025-11-30,20.75,79.50,291.95,0.00,301.35
2025-11-30,20.75,79.75,291.39,0.00,302.28
2025-11-30,21.00,78.75,292.55,0.00,302.05
2025-11-30,21.00,79.00,295.00,0.00,301.65
2025-11-30,21.00,79.25,291.86,0.00,301.89
2025-11-30,21.00,79.50,292.92,0.89,302.05
2025-11-30,21.00,79.75,291.87,0.00,302.10
2025-11-30,21.25,78.75,293.08,0.00,302.75
2025-11-30,21.25,79.00,292.69,0.00,
2025-11-30,21.25,79.25,292.71,0.00,301.82
2025-11-30,21.25,79.50,,2.79,302.22
2025-11-30,21.25,79.75,292.42,4.82,301.69
2025-11-30,21.50,78.75,294.13,4.78,302.05
2025-11-30,21.50,79.00,297.30,,301.42
2025-11-30,21.50,79.25,293.93,9.64,301.48
2025-11-30,21.50,79.50,293.17,0.28,302.32
2025-11-30,21.50,79.75,294.27,0.00,302.42
2025-11-30,21.75,78.75,292.68,0.00,301.50
2025-11-30,21.75,79.00,293.47,0.00,301.82
2025-11-30,21.75,79.25,293.22,3.95,301.95
2025-11-30,21.75,79.50,291.33,0.00,302.39
2025-11-30,21.75,79.75,293.82,2.80,301.58
2025-12-01,20.75,78.75,293.21,0.00,301.93
2025-12-01,20.75,79.00,293.82,2.46,302.28
2025-12-01,20.75,79.25,290.42,6.04,301.54
2025-12-01,20.75,79.50,292.94,4.50,301.66
2025-12-01,20.75,79.75,293.65,3.73,302.09
2025-12-01,21.00,78.75,293.21,0.00,301.64
2025-12-01,21.00,79.00,294.04,0.00,302.60
2025-12-01,21.00,79.25,292.46,0.00,301.13
2025-12-01,21.00,79.50,292.89,0.00,301.83
2025-12-01,21.00,79.75,293.93,1.20,302.81
2025-12-01,21.25,78.75,292.54,0.00,302.57
2025-12-01,21.25,79.00,289.86,0.00,302.84
2025-12-01,21.25,79.25,292.87,0.00,301.66
2025-12-01,21.25,79.50,294.76,0.00,302.47
2025-12-01,21.25,79.75,291.57,0.00,301.63
2025-12-01,21.50,78.75,294.61,4.04,301.86
2025-12-01,21.50,79.00,294.76,0.00,302.41
2025-12-01,21.50,79.25,293.84,0.00,301.35
2025-12-01,21.50,79.50,295.47,0.84,301.93
2025-12-01,21.50,79.75,293.28,0.00,302.10
2025-12-01,21.75,78.75,292.16,0.94,301.90
2025-12-01,21.75,79.00,295.77,0.00,301.70
2025-12-01,21.75,79.25,292.73,0.54,302.03
2025-12-01,21.75,79.50,,2.45,302.07
2025-12-01,21.75,79.75,295.55,7.55,302.00
2025-12-02,20.75,78.75,293.88,4.70,301.47
2025-12-02,20.75,79.00,292.74,0.00,
2025-12-02,20.75,79.25,296.02,2.82,302.82
2025-12-02,20.75,79.50,292.45,8.63,301.59
2025-12-02,20.75,79.75,292.01,0.00,301.94
2025-12-02,21.00,78.75,291.30,0.00,301.44
2025-12-02,21.00,79.00,289.38,0.00,302.30
2025-12-02,21.00,79.25,294.61,0.00,302.30
2025-12-02,21.00,79.50,291.12,0.00,301.60
2025-12-02,21.00,79.75,294.41,0.00,302.89
2025-12-02,21.25,78.75,294.12,0.00,302.32
2025-12-02,21.25,79.00,292.38,1.08,302.01
2025-12-02,21.25,79.25,294.00,0.00,301.72
2025-12-02,21.25,79.50,295.66,0.48,301.99
2025-12-02,21.25,79.75,291.67,1.72,302.20
2025-12-02,21.50,78.75,295.77,0.00,302.24
2025-12-02,21.50,79.00,292.65,4.87,302.52
2025-12-02,21.50,79.25,294.65,1.30,301.77
2025-12-02,21.50,79.50,294.42,1.76,302.20
2025-12-02,21.50,79.75,294.05,0.00,301.52
2025-12-02,21.75,78.75,294.09,0.00,302.77
2025-12-02,21.75,79.00,,0.18,301.96
2025-12-02,21.75,79.25,291.53,0.00,302.20
2025-12-02,21.75,79.50,294.00,0.35,301.70
2025-12-02,21.75,79.75,292.69,0.00,301.75
2025-12-03,20.75,78.75,295.28,0.74,301.83
2025-12-03,20.75,79.00,290.13,0.00,302.24
2025-12-03,20.75,79.25,293.51,1.17,302.26
2025-12-03,20.75,79.50,293.83,0.77,302.94
2025-12-03,20.75,79.75,292.78,0.00,302.56
2025-12-03,21.00,78.75,293.47,1.16,302.43
2025-12-03,21.00,79.00,292.28,0.00,301.57
2025-12-03,21.00,79.25,293.89,0.00,302.46
2025-12-03,21.00,79.50,299.34,,301.00
2025-12-03,21.00,79.75,294.79,0.00,301.14
2025-12-03,21.25,78.75,292.05,0.00,301.61
2025-12-03,21.25,79.00,294.19,1.64,301.55
2025-12-03,21.25,79.25,293.59,0.00,301.96
2025-12-03,21.25,79.50,293.79,0.15,301.65
2025-12-03,21.25,79.75,292.28,0.00,302.67
2025-12-03,21.50,78.75,294.60,0.00,301.30
2025-12-03,21.50,79.00,294.48,0.35,301.54
2025-12-03,21.50,79.25,295.12,0.00,302.00
2025-12-03,21.50,79.50,295.60,0.00,302.13
2025-12-03,21.50,79.75,292.47,0.00,
2025-12-03,21.75,78.75,292.10,0.00,
2025-12-03,21.75,79.00,296.51,3.08,301.92
2025-12-03,21.75,79.25,293.51,0.21,301.48
2025-12-03,21.75,79.50,292.90,0.00,302.48
2025-12-03,21.75,79.75,292.68,0.29,302.56
2025-12-04,20.75,78.75,292.25,0.00,301.87
2025-12-04,20.75,79.00,293.86,0.00,301.57
2025-12-04,20.75,79.25,292.92,0.00,301.71
2025-12-04,20.75,79.50,294.07,1.62,301.78
2025-12-04,20.75,79.75,293.70,0.00,302.17
2025-12-04,21.00,78.75,292.92,1.27,300.88
2025-12-04,21.00,79.00,293.36,0.00,302.65
2025-12-04,21.00,79.25,293.84,6.62,302.28
2025-12-04,21.00,79.50,293.70,0.23,302.89
2025-12-04,21.00,79.75,292.77,0.00,302.78
2025-12-04,21.25,78.75,295.04,0.08,301.19
2025-12-04,21.25,79.00,291.31,0.00,302.35
2025-12-04,21.25,79.25,294.18,2.74,301.92
2025-12-04,21.25,79.50,,0.00,301.14
2025-12-04,21.25,79.75,293.04,0.00,302.16
2025-12-04,21.50,78.75,294.37,5.19,301.74
2025-12-04,21.50,79.00,293.65,0.00,301.48
2025-12-04,21.50,79.25,293.39,0.29,302.27
2025-12-04,21.50,79.50,293.63,0.00,302.19
2025-12-04,21.50,79.75,292.35,0.00,302.30
2025-12-04,21.75,78.75,293.47,1.04,301.57
2025-12-04,21.75,79.00,291.94,0.00,302.36
2025-12-04,21.75,79.25,294.65,0.73,302.61
2025-12-04,21.75,79.50,293.73,,302.79
2025-12-04,21.75,79.75,291.59,0.46,301.97
2025-12-05,20.75,78.75,292.11,0.00,302.80
2025-12-05,20.75,79.00,292.41,0.03,301.26
2025-12-05,20.75,79.25,293.47,0.10,303.02
2025-12-05,20.75,79.50,292.18,1.15,302.18
2025-12-05,20.75,79.75,293.64,0.00,301.25
2025-12-05,21.00,78.75,294.15,0.73,301.77
2025-12-05,21.00,79.00,294.52,0.61,302.50
2025-12-05,21.00,79.25,291.43,0.00,301.62
2025-12-05,21.00,79.50,294.65,0.18,301.99
2025-12-05,21.00,79.75,294.32,0.00,301.83
2025-12-05,21.25,78.75,293.56,0.00,301.03
2025-12-05,21.25,79.00,293.58,0.00,302.85
2025-12-05,21.25,79.25,293.28,0.08,303.26
2025-12-05,21.25,79.50,291.19,0.00,301.66
2025-12-05,21.25,79.75,294.55,0.00,
2025-12-05,21.50,78.75,294.64,0.00,302.70
2025-12-05,21.50,79.00,294.15,0.37,301.74
2025-12-05,21.50,79.25,292.44,0.00,301.78
2025-12-05,21.50,79.50,293.10,0.00,301.02
2025-12-05,21.50,79.75,293.96,5.24,302.31
2025-12-05,21.75,78.75,296.43,0.49,302.77
2025-12-05,21.75,79.00,291.12,0.00,301.96
2025-12-05,21.75,79.25,295.25,3.13,302.18
2025-12-05,21.75,79.50,294.09,9.10,302.79
2025-12-05,21.75,79.75,293.34,1.68,
2025-12-06,20.75,78.75,293.34,0.00,302.01
2025-12-06,20.75,79.00,291.03,,302.16
2025-12-06,20.75,79.25,291.96,3.87,301.88
2025-12-06,20.75,79.50,292.45,0.00,301.26
2025-12-06,20.75,79.75,294.23,2.11,302.36
2025-12-06,21.00,78.75,289.81,0.00,301.62
2025-12-06,21.00,79.00,290.87,2.26,302.04
2025-12-06,21.00,79.25,293.00,0.16,302.39
2025-12-06,21.00,79.50,292.61,0.00,301.79
2025-12-06,21.00,79.75,293.08,0.00,301.80
2025-12-06,21.25,78.75,292.79,0.08,301.98
2025-12-06,21.25,79.00,294.13,0.00,301.43
2025-12-06,21.25,79.25,290.28,0.00,302.55
2025-12-06,21.25,79.50,293.29,0.00,302.03
2025-12-06,21.25,79.75,295.60,0.00,302.18
2025-12-06,21.50,78.75,294.18,1.55,302.02
2025-12-06,21.50,79.00,294.52,1.83,301.78
2025-12-06,21.50,79.25,292.38,0.00,301.38
2025-12-06,21.50,79.50,294.70,3.74,301.92
2025-12-06,21.50,79.75,295.08,0.00,302.15
2025-12-06,21.75,78.75,291.97,0.00,301.57
2025-12-06,21.75,79.00,293.79,0.00,302.27
2025-12-06,21.75,79.25,,0.00,302.68
2025-12-06,21.75,79.50,293.41,2.12,301.34
2025-12-06,21.75,79.75,295.40,,301.95
2025-12-07,20.75,78.75,291.83,0.00,303.00
2025-12-07,20.75,79.00,293.18,0.00,301.80
2025-12-07,20.75,79.25,295.06,0.00,301.82
2025-12-07,20.75,79.50,293.09,0.00,302.59
2025-12-07,20.75,79.75,293.69,0.00,302.12
2025-12-07,21.00,78.75,297.34,0.94,302.64
2025-12-07,21.00,79.00,293.64,0.00,302.41
2025-12-07,21.00,79.25,294.59,1.42,302.12
2025-12-07,21.00,79.50,293.47,2.92,302.08
2025-12-07,21.00,79.75,291.05,0.00,301.93
2025-12-07,21.25,78.75,294.14,0.11,301.80
2025-12-07,21.25,79.00,291.24,0.00,301.26
2025-12-07,21.25,79.25,292.01,0.00,303.30
2025-12-07,21.25,79.50,293.12,2.49,302.15
2025-12-07,21.25,79.75,292.88,0.73,300.99
2025-12-07,21.50,78.75,293.20,0.00,302.60
2025-12-07,21.50,79.00,291.65,4.29,302.00
2025-12-07,21.50,79.25,290.89,0.00,302.85
2025-12-07,21.50,79.50,294.11,0.00,301.79
2025-12-07,21.50,79.75,292.92,2.28,302.17
2025-12-07,21.75,78.75,292.54,0.22,302.23
2025-12-07,21.75,79.00,292.05,0.04,301.42
2025-12-07,21.75,79.25,293.66,0.65,302.37
2025-12-07,21.75,79.50,295.31,1.11,301.13
2025-12-07,21.75,79.75,292.91,0.02,301.67
2025-12-08,20.75,78.75,295.13,0.80,302.10
2025-12-08,20.75,79.00,,0.00,302.55
2025-12-08,20.75,79.25,292.77,1.93,302.36
2025-12-08,20.75,79.50,294.05,0.00,301.71
2025-12-08,20.75,79.75,293.38,6.40,301.94
2025-12-08,21.00,78.75,291.10,0.00,301.94
2025-12-08,21.00,79.00,293.84,0.98,301.87
2025-12-08,21.00,79.25,296.26,1.98,302.13
2025-12-08,21.00,79.50,294.41,0.00,302.28
2025-12-08,21.00,79.75,293.90,4.66,302.13
2025-12-08,21.25,78.75,292.77,2.09,303.28
2025-12-08,21.25,79.00,295.73,0.00,301.68
2025-12-08,21.25,79.25,293.26,0.00,301.85
2025-12-08,21.25,79.50,292.85,0.00,301.69
2025-12-08,21.25,79.75,292.31,5.04,
2025-12-08,21.50,78.75,293.03,2.72,
2025-12-08,21.50,79.00,296.99,0.00,302.01
2025-12-08,21.50,79.25,294.46,1.11,301.91
2025-12-08,21.50,79.50,291.28,0.00,302.01
2025-12-08,21.50,79.75,291.61,0.00,302.16
2025-12-08,21.75,78.75,294.74,6.29,301.49
2025-12-08,21.75,79.00,295.47,2.09,302.41
2025-12-08,21.75,79.25,294.12,9.03,301.85
2025-12-08,21.75,79.50,296.98,1.61,302.63
2025-12-08,21.75,79.75,292.45,,302.68
2025-12-09,20.75,78.75,294.45,0.74,302.03
2025-12-09,20.75,79.00,296.13,0.00,301.59
2025-12-09,20.75,79.25,292.00,1.79,302.11
2025-12-09,20.75,79.50,292.92,2.04,301.55
2025-12-09,20.75,79.75,294.44,0.00,302.14
2025-12-09,21.00,78.75,291.23,0.00,301.95
2025-12-09,21.00,79.00,294.44,0.00,302.15
2025-12-09,21.00,79.25,293.51,3.29,301.46
2025-12-09,21.00,79.50,292.82,2.92,301.76
2025-12-09,21.00,79.75,292.68,0.00,301.74
2025-12-09,21.25,78.75,293.19,0.00,
2025-12-09,21.25,79.00,293.06,2.42,301.82
2025-12-09,21.25,79.25,291.76,0.68,302.07
2025-12-09,21.25,79.50,294.03,0.00,302.82
2025-12-09,21.25,79.75,292.77,0.00,302.43
2025-12-09,21.50,78.75,292.72,0.00,301.50
2025-12-09,21.50,79.00,294.23,0.00,302.37
2025-12-09,21.50,79.25,291.08,0.00,301.73
2025-12-09,21.50,79.50,294.15,0.00,301.81
2025-12-09,21.50,79.75,289.86,0.00,301.50
2025-12-09,21.75,78.75,293.80,4.35,302.14
2025-12-09,21.75,79.00,292.46,,301.84
2025-12-09,21.75,79.25,293.70,0.00,301.76
2025-12-09,21.75,79.50,294.16,0.00,302.32
2025-12-09,21.75,79.75,292.00,0.00,302.08
2025-12-10,20.75,78.75,292.70,2.49,301.18
2025-12-10,20.75,79.00,289.37,2.57,301.24
2025-12-10,20.75,79.25,295.55,3.29,301.27
2025-12-10,20.75,79.50,292.78,0.00,301.59
2025-12-10,20.75,79.75,290.77,0.00,301.09
2025-12-10,21.00,78.75,293.98,0.00,301.81
2025-12-10,21.00,79.00,,4.41,303.81
2025-12-10,21.00,79.25,292.25,0.00,
2025-12-10,21.00,79.50,292.59,0.00,302.03
2025-12-10,21.00,79.75,295.44,1.17,302.15
2025-12-10,21.25,78.75,290.41,3.98,302.32
2025-12-10,21.25,79.00,298.15,0.00,302.59
2025-12-10,21.25,79.25,292.74,3.25,301.88
2025-12-10,21.25,79.50,290.45,0.00,301.31
2025-12-10,21.25,79.75,293.70,0.00,302.72
2025-12-10,21.50,78.75,294.50,0.00,301.92
2025-12-10,21.50,79.00,291.41,0.00,302.04
2025-12-10,21.50,79.25,292.16,0.00,300.96
2025-12-10,21.50,79.50,291.14,4.12,301.96
2025-12-10,21.50,79.75,291.22,3.48,301.23
2025-12-10,21.75,78.75,292.86,,302.72
2025-12-10,21.75,79.00,295.25,2.11,301.81
2025-12-10,21.75,79.25,291.82,0.00,301.65
2025-12-10,21.75,79.50,291.99,0.00,301.84
2025-12-10,21.75,79.75,292.23,2.58,302.34
2025-12-11,20.75,78.75,294.00,0.00,302.79
2025-12-11,20.75,79.00,293.73,0.22,
2025-12-11,20.75,79.25,293.11,0.00,301.84
2025-12-11,20.75,79.50,290.19,1.14,301.92
2025-12-11,20.75,79.75,291.86,4.41,302.42
2025-12-11,21.00,78.75,292.22,0.00,301.85
2025-12-11,21.00,79.00,293.58,0.00,301.68
2025-12-11,21.00,79.25,290.75,0.00,302.26
2025-12-11,21.00,79.50,292.28,0.00,302.46
2025-12-11,21.00,79.75,291.06,2.44,301.33
2025-12-11,21.25,78.75,294.40,0.00,302.11
2025-12-11,21.25,79.00,294.07,0.00,301.54
2025-12-11,21.25,79.25,294.33,0.00,301.95
2025-12-11,21.25,79.50,293.95,1.14,301.31
2025-12-11,21.25,79.75,293.30,0.00,301.59
2025-12-11,21.50,78.75,292.32,1.06,301.44
2025-12-11,21.50,79.00,293.03,2.57,302.17
2025-12-11,21.50,79.25,292.21,1.54,302.09
2025-12-11,21.50,79.50,292.70,0.00,301.13
2025-12-11,21.50,79.75,292.75,0.00,302.16
2025-12-11,21.75,78.75,292.06,0.00,302.43
2025-12-11,21.75,79.00,292.80,0.00,301.88
2025-12-11,21.75,79.25,293.43,0.00,301.59
2025-12-11,21.75,79.50,292.16,3.35,302.97
2025-12-11,21.75,79.75,293.00,0.51,302.13
2025-12-12,20.75,78.75,290.11,1.37,303.24
2025-12-12,20.75,79.00,291.24,0.00,301.84
2025-12-12,20.75,79.25,293.91,0.00,301.27
2025-12-12,20.75,79.50,294.74,0.00,
2025-12-12,20.75,79.75,292.46,0.00,301.28
2025-12-12,21.00,78.75,292.99,0.00,
2025-12-12,21.00,79.00,295.04,0.00,302.30
2025-12-12,21.00,79.25,292.03,9.81,301.72
2025-12-12,21.00,79.50,293.04,0.00,302.26
2025-12-12,21.00,79.75,292.28,0.18,302.71
2025-12-12,21.25,78.75,292.78,0.00,302.08
2025-12-12,21.25,79.00,293.92,1.28,302.58
2025-12-12,21.25,79.25,292.73,1.10,302.25
2025-12-12,21.25,79.50,292.65,0.40,302.76
2025-12-12,21.25,79.75,294.03,0.14,301.18
2025-12-12,21.50,78.75,289.74,0.00,301.55
2025-12-12,21.50,79.00,293.07,0.00,302.59
2025-12-12,21.50,79.25,292.16,0.00,302.74
2025-12-12,21.50,79.50,292.35,0.00,302.71
2025-12-12,21.50,79.75,293.82,0.48,302.13
2025-12-12,21.75,78.75,292.43,0.00,302.52
2025-12-12,21.75,79.00,292.48,0.00,301.04
2025-12-12,21.75,79.25,290.31,0.53,301.83
2025-12-12,21.75,79.50,291.37,0.00,302.08
2025-12-12,21.75,79.75,294.14,0.22,301.99
2025-12-13,20.75,78.75,293.91,0.00,302.47
2025-12-13,20.75,79.00,295.00,0.00,301.91
2025-12-13,20.75,79.25,293.44,0.00,302.62
2025-12-13,20.75,79.50,293.73,0.00,301.83
2025-12-13,20.75,79.75,291.41,0.00,301.94
2025-12-13,21.00,78.75,291.10,0.00,301.82
2025-12-13,21.00,79.00,290.36,4.38,
2025-12-13,21.00,79.25,292.85,0.00,
2025-12-13,21.00,79.50,292.74,0.87,302.08
2025-12-13,21.00,79.75,289.36,0.48,302.07
2025-12-13,21.25,78.75,295.14,0.24,301.76
2025-12-13,21.25,79.00,292.89,1.63,
2025-12-13,21.25,79.25,292.37,0.17,301.99
2025-12-13,21.25,79.50,293.41,1.12,302.52
2025-12-13,21.25,79.75,294.32,0.00,301.69
2025-12-13,21.50,78.75,293.79,0.00,300.98
2025-12-13,21.50,79.00,296.45,0.00,301.50
2025-12-13,21.50,79.25,293.02,0.00,302.51
2025-12-13,21.50,79.50,291.55,0.00,301.91
2025-12-13,21.50,79.75,294.51,1.26,302.45
2025-12-13,21.75,78.75,292.51,3.80,303.09
2025-12-13,21.75,79.00,294.61,0.00,302.86
2025-12-13,21.75,79.25,293.42,0.00,302.37
2025-12-13,21.75,79.50,294.28,0.00,301.79
2025-12-13,21.75,79.75,293.16,0.00,
2025-12-14,20.75,78.75,292.30,0.00,302.22
2025-12-14,20.75,79.00,294.64,0.00,301.79
2025-12-14,20.75,79.25,294.08,5.74,301.38
2025-12-14,20.75,79.50,293.45,0.00,302.06
2025-12-14,20.75,79.75,292.39,0.00,302.36
2025-12-14,21.00,78.75,293.48,2.44,301.80
2025-12-14,21.00,79.00,296.50,0.37,302.23
2025-12-14,21.00,79.25,292.90,0.00,301.55
2025-12-14,21.00,79.50,291.01,0.88,302.38
2025-12-14,21.00,79.75,292.98,1.10,302.52
2025-12-14,21.25,78.75,293.70,3.32,302.42
2025-12-14,21.25,79.00,291.70,0.00,302.98
2025-12-14,21.25,79.25,292.14,0.00,302.43
2025-12-14,21.25,79.50,294.84,5.08,300.96
2025-12-14,21.25,79.75,293.17,1.15,301.25
2025-12-14,21.50,78.75,289.72,0.93,301.83
2025-12-14,21.50,79.00,293.08,5.29,302.25
2025-12-14,21.50,79.25,,0.00,302.64
2025-12-14,21.50,79.50,294.16,0.00,301.52
2025-12-14,21.50,79.75,290.85,0.00,302.47
2025-12-14,21.75,78.75,291.75,0.00,302.75
2025-12-14,21.75,79.00,293.60,,301.41
2025-12-14,21.75,79.25,294.80,0.00,302.56
2025-12-14,21.75,79.50,292.84,0.20,301.93
2025-12-14,21.75,79.75,295.37,0.00,303.10
2025-12-15,20.75,78.75,291.55,0.13,301.93
2025-12-15,20.75,79.00,294.01,0.00,301.24
2025-12-15,20.75,79.25,292.02,0.00,302.25
2025-12-15,20.75,79.50,291.48,0.00,302.71
2025-12-15,20.75,79.75,294.09,0.00,302.60
2025-12-15,21.00,78.75,292.84,0.51,
2025-12-15,21.00,79.00,291.92,0.85,302.41
2025-12-15,21.00,79.25,,1.13,302.28
2025-12-15,21.00,79.50,296.26,0.00,301.82
2025-12-15,21.00,79.75,292.13,0.80,300.93
2025-12-15,21.25,78.75,292.88,0.00,300.69
2025-12-15,21.25,79.00,291.58,0.00,301.92
2025-12-15,21.25,79.25,292.59,3.08,301.49
2025-12-15,21.25,79.50,292.83,1.26,301.60
2025-12-15,21.25,79.75,294.35,0.00,302.63
2025-12-15,21.50,78.75,291.81,0.00,302.08
2025-12-15,21.50,79.00,292.98,0.00,302.39
2025-12-15,21.50,79.25,293.59,2.99,301.48
2025-12-15,21.50,79.50,293.65,0.00,301.32
2025-12-15,21.50,79.75,295.93,0.00,
2025-12-15,21.75,78.75,294.85,0.00,302.40
2025-12-15,21.75,79.00,294.25,0.00,301.73
2025-12-15,21.75,79.25,291.87,0.00,302.00
2025-12-15,21.75,79.50,295.05,0.00,302.27
2025-12-15,21.75,79.75,292.27,0.00,302.22
2025-12-16,20.75,78.75,292.35,0.00,302.30
2025-12-16,20.75,79.00,293.60,2.44,301.40
2025-12-16,20.75,79.25,295.53,1.04,302.08
2025-12-16,20.75,79.50,291.51,0.00,301.53
2025-12-16,20.75,79.75,291.72,9.78,301.27
2025-12-16,21.00,78.75,295.25,3.56,302.59
2025-12-16,21.00,79.00,294.36,0.53,302.01
2025-12-16,21.00,79.25,295.50,0.00,302.18
2025-12-16,21.00,79.50,291.48,0.00,302.19
2025-12-16,21.00,79.75,291.43,0.00,302.22
2025-12-16,21.25,78.75,293.49,2.70,302.12
2025-12-16,21.25,79.00,293.79,0.24,302.19
2025-12-16,21.25,79.25,290.84,2.06,302.28
2025-12-16,21.25,79.50,,0.00,302.21
2025-12-16,21.25,79.75,292.61,0.00,302.05
2025-12-16,21.50,78.75,293.98,0.00,301.69
2025-12-16,21.50,79.00,293.35,0.00,301.91
2025-12-16,21.50,79.25,291.03,0.00,301.86
2025-12-16,21.50,79.50,293.60,0.00,301.67
2025-12-16,21.50,79.75,292.83,0.00,302.14
2025-12-16,21.75,78.75,294.42,0.00,300.83
2025-12-16,21.75,79.00,293.66,0.00,300.86
2025-12-16,21.75,79.25,295.39,0.51,302.40
2025-12-16,21.75,79.50,293.18,0.00,301.95
2025-12-16,21.75,79.75,293.96,0.00,301.65
2025-12-17,20.75,78.75,292.64,0.00,302.23
2025-12-17,20.75,79.00,293.20,1.45,302.29
2025-12-17,20.75,79.25,294.25,2.23,301.10
2025-12-17,20.75,79.50,293.93,0.00,
2025-12-17,20.75,79.75,292.33,0.40,302.24
2025-12-17,21.00,78.75,292.89,2.11,302.93
2025-12-17,21.00,79.00,292.35,0.00,302.29
2025-12-17,21.00,79.25,294.69,0.00,302.44
2025-12-17,21.00,79.50,294.97,2.44,301.20
2025-12-17,21.00,79.75,294.08,0.99,302.58
2025-12-17,21.25,78.75,292.84,0.00,302.06
2025-12-17,21.25,79.00,293.78,6.09,302.72
2025-12-17,21.25,79.25,289.78,1.62,303.55
2025-12-17,21.25,79.50,291.38,0.00,301.82
2025-12-17,21.25,79.75,290.68,0.00,301.83
2025-12-17,21.50,78.75,292.46,0.00,301.66
2025-12-17,21.50,79.00,291.16,0.00,302.16
2025-12-17,21.50,79.25,292.68,1.58,301.92
2025-12-17,21.50,79.50,292.99,0.00,301.50
2025-12-17,21.50,79.75,295.82,0.00,302.02
2025-12-17,21.75,78.75,292.67,0.00,301.87
2025-12-17,21.75,79.00,292.50,1.44,301.76
2025-12-17,21.75,79.25,294.12,1.67,301.83
2025-12-17,21.75,79.50,294.58,0.00,302.11
2025-12-17,21.75,79.75,292.70,2.01,301.67
2025-12-18,20.75,78.75,291.96,1.36,302.49
2025-12-18,20.75,79.00,291.41,0.09,302.19
2025-12-18,20.75,79.25,293.20,0.00,302.17
2025-12-18,20.75,79.50,292.14,0.00,302.55
2025-12-18,20.75,79.75,293.34,0.00,301.60
2025-12-18,21.00,78.75,292.08,0.02,302.07
2025-12-18,21.00,79.00,291.53,5.24,301.07
2025-12-18,21.00,79.25,293.82,0.00,
2025-12-18,21.00,79.50,291.17,1.33,301.66
2025-12-18,21.00,79.75,294.58,1.74,302.30
2025-12-18,21.25,78.75,291.59,0.00,301.79
2025-12-18,21.25,79.00,291.66,0.00,301.98
2025-12-18,21.25,79.25,291.35,0.00,302.23
2025-12-18,21.25,79.50,293.28,0.30,301.69
2025-12-18,21.25,79.75,294.12,0.00,302.96
2025-12-18,21.50,78.75,293.54,0.00,302.93
2025-12-18,21.50,79.00,296.78,2.32,302.01
2025-12-18,21.50,79.25,291.92,0.00,302.59
2025-12-18,21.50,79.50,291.45,0.59,302.43
2025-12-18,21.50,79.75,293.05,0.00,302.38
2025-12-18,21.75,78.75,292.84,0.00,301.92
2025-12-18,21.75,79.00,294.00,0.00,302.23
2025-12-18,21.75,79.25,293.61,0.00,302.92
2025-12-18,21.75,79.50,294.34,0.00,302.00
2025-12-18,21.75,79.75,294.14,0.00,302.57
2025-12-19,20.75,78.75,293.37,0.00,301.62
2025-12-19,20.75,79.00,291.55,1.34,302.77
2025-12-19,20.75,79.25,291.84,0.00,301.33
2025-12-19,20.75,79.50,294.16,3.99,300.83
2025-12-19,20.75,79.75,292.02,0.71,302.48
2025-12-19,21.00,78.75,294.95,1.09,302.30
2025-12-19,21.00,79.00,289.83,0.00,302.20
2025-12-19,21.00,79.25,291.73,0.26,301.99
2025-12-19,21.00,79.50,291.52,0.00,
2025-12-19,21.00,79.75,293.26,1.02,301.11
2025-12-19,21.25,78.75,292.18,0.10,302.22
2025-12-19,21.25,79.00,292.09,0.00,302.54
2025-12-19,21.25,79.25,293.63,2.59,302.54
2025-12-19,21.25,79.50,292.91,0.00,301.55
2025-12-19,21.25,79.75,293.54,0.00,302.75
2025-12-19,21.50,78.75,292.54,0.00,301.28
2025-12-19,21.50,79.00,294.83,1.68,302.75
2025-12-19,21.50,79.25,293.54,0.00,300.90
2025-12-19,21.50,79.50,296.61,0.00,302.01
2025-12-19,21.50,79.75,295.64,0.00,301.82
2025-12-19,21.75,78.75,293.88,0.00,302.32
2025-12-19,21.75,79.00,293.35,0.00,302.08
2025-12-19,21.75,79.25,295.09,1.08,301.89
2025-12-19,21.75,79.50,294.95,0.00,301.73
2025-12-19,21.75,79.75,290.74,0.45,302.93
2025-12-20,20.75,78.75,291.35,0.00,301.78
2025-12-20,20.75,79.00,293.91,0.00,302.07
2025-12-20,20.75,79.25,292.07,1.10,302.33
2025-12-20,20.75,79.50,288.79,0.00,301.50
2025-12-20,20.75,79.75,293.95,0.00,302.38
2025-12-20,21.00,78.75,291.03,0.00,301.91
2025-12-20,21.00,79.00,292.37,0.00,301.81
2025-12-20,21.00,79.25,292.19,0.00,302.43
2025-12-20,21.00,79.50,294.71,2.03,303.00
2025-12-20,21.00,79.75,293.17,1.26,
2025-12-20,21.25,78.75,290.75,1.03,301.51
2025-12-20,21.25,79.00,293.13,0.00,302.44
2025-12-20,21.25,79.25,290.11,0.00,303.39
2025-12-20,21.25,79.50,294.53,0.00,301.27
2025-12-20,21.25,79.75,294.53,0.00,301.11
2025-12-20,21.50,78.75,293.86,0.00,301.39
2025-12-20,21.50,79.00,293.23,0.27,
2025-12-20,21.50,79.25,295.03,0.00,302.40
2025-12-20,21.50,79.50,293.81,0.00,301.53
2025-12-20,21.50,79.75,292.82,3.13,302.18
2025-12-20,21.75,78.75,294.24,0.37,301.98
2025-12-20,21.75,79.00,292.23,1.04,301.31
2025-12-20,21.75,79.25,292.61,0.00,302.93
2025-12-20,21.75,79.50,294.40,0.00,301.87
2025-12-20,21.75,79.75,292.91,0.00,302.54
2025-12-21,20.75,78.75,294.69,1.54,301.47
2025-12-21,20.75,79.00,290.98,0.00,301.67
2025-12-21,20.75,79.25,292.16,0.00,302.14
2025-12-21,20.75,79.50,294.89,0.03,301.73
2025-12-21,20.75,79.75,292.81,0.00,302.35
2025-12-21,21.00,78.75,295.11,0.00,302.78
2025-12-21,21.00,79.00,,0.00,301.32
2025-12-21,21.00,79.25,293.71,0.13,301.52
2025-12-21,21.00,79.50,293.78,0.00,301.39
2025-12-21,21.00,79.75,293.96,0.04,302.76
2025-12-21,21.25,78.75,289.70,4.39,302.55
2025-12-21,21.25,79.00,292.22,2.39,302.23
2025-12-21,21.25,79.25,292.48,2.07,301.83
2025-12-21,21.25,79.50,295.89,0.00,302.93
2025-12-21,21.25,79.75,293.79,2.31,302.14
2025-12-21,21.50,78.75,292.48,0.00,302.12
2025-12-21,21.50,79.00,295.37,0.00,303.31
2025-12-21,21.50,79.25,292.35,0.98,302.42
2025-12-21,21.50,79.50,293.97,0.00,302.04
2025-12-21,21.50,79.75,292.48,0.00,302.15
2025-12-21,21.75,78.75,289.86,2.09,301.77
2025-12-21,21.75,79.00,292.41,0.00,301.65
2025-12-21,21.75,79.25,289.81,0.00,301.41
2025-12-21,21.75,79.50,293.32,0.00,302.54
2025-12-21,21.75,79.75,292.02,,301.74
2025-12-22,20.75,78.75,293.26,0.00,301.77
2025-12-22,20.75,79.00,293.50,0.00,301.88
2025-12-22,20.75,79.25,290.72,4.65,301.50
2025-12-22,20.75,79.50,291.64,1.27,301.85
2025-12-22,20.75,79.75,293.64,0.00,302.30
2025-12-22,21.00,78.75,291.09,0.00,302.02
2025-12-22,21.00,79.00,293.07,0.00,302.69
2025-12-22,21.00,79.25,292.61,0.00,301.11
2025-12-22,21.00,79.50,293.02,0.00,301.87
2025-12-22,21.00,79.75,292.00,0.00,301.53
2025-12-22,21.25,78.75,293.58,0.00,302.03
2025-12-22,21.25,79.00,292.05,0.91,301.89
2025-12-22,21.25,79.25,292.13,0.70,302.61
2025-12-22,21.25,79.50,293.42,0.00,301.81
2025-12-22,21.25,79.75,291.42,0.00,302.70
2025-12-22,21.50,78.75,291.24,3.55,302.10
2025-12-22,21.50,79.00,293.89,0.00,301.72
2025-12-22,21.50,79.25,292.02,0.00,301.99
2025-12-22,21.50,79.50,293.69,0.39,301.61
2025-12-22,21.50,79.75,294.78,4.36,301.68
2025-12-22,21.75,78.75,291.32,0.59,301.91
2025-12-22,21.75,79.00,294.20,0.49,302.00
2025-12-22,21.75,79.25,294.51,0.00,301.04
2025-12-22,21.75,79.50,291.48,5.81,302.45
2025-12-22,21.75,79.75,294.82,0.00,
2025-12-23,20.75,78.75,293.82,0.00,301.73
2025-12-23,20.75,79.00,292.23,0.00,302.32
2025-12-23,20.75,79.25,292.46,0.00,301.56
2025-12-23,20.75,79.50,290.11,0.00,300.91
2025-12-23,20.75,79.75,292.50,0.00,301.70
2025-12-23,21.00,78.75,291.65,1.34,301.87
2025-12-23,21.00,79.00,292.59,0.00,302.26
2025-12-23,21.00,79.25,290.36,0.57,302.22
2025-12-23,21.00,79.50,290.77,0.01,301.22
2025-12-23,21.00,79.75,293.80,3.43,303.01
2025-12-23,21.25,78.75,291.56,3.08,301.87
2025-12-23,21.25,79.00,292.82,0.00,302.55
2025-12-23,21.25,79.25,291.94,0.00,301.82
2025-12-23,21.25,79.50,291.93,0.00,301.68
2025-12-23,21.25,79.75,295.15,0.00,
2025-12-23,21.50,78.75,290.85,2.90,302.37
2025-12-23,21.50,79.00,293.59,0.00,302.10
2025-12-23,21.50,79.25,293.08,0.00,302.31
2025-12-23,21.50,79.50,296.40,0.00,302.57
2025-12-23,21.50,79.75,293.70,0.00,302.35
2025-12-23,21.75,78.75,293.29,0.00,301.35
2025-12-23,21.75,79.00,293.03,0.00,302.40
2025-12-23,21.75,79.25,292.83,0.00,301.87
2025-12-23,21.75,79.50,292.79,0.00,301.85
2025-12-23,21.75,79.75,293.62,0.00,302.27
2025-12-24,20.75,78.75,291.99,0.56,302.22
2025-12-24,20.75,79.00,291.19,0.00,301.87
2025-12-24,20.75,79.25,294.59,1.34,302.65
2025-12-24,20.75,79.50,292.49,0.37,302.13
2025-12-24,20.75,79.75,292.25,0.00,301.38
2025-12-24,21.00,78.75,293.73,0.28,301.60
2025-12-24,21.00,79.00,292.18,0.00,303.05
2025-12-24,21.00,79.25,294.62,0.00,301.73
2025-12-24,21.00,79.50,294.64,0.00,302.84
2025-12-24,21.00,79.75,291.91,0.39,302.81
2025-12-24,21.25,78.75,293.64,0.00,301.87
2025-12-24,21.25,79.00,293.75,0.00,301.87
2025-12-24,21.25,79.25,,1.64,301.51
2025-12-24,21.25,79.50,295.16,0.00,302.01
2025-12-24,21.25,79.75,292.65,0.00,301.96
2025-12-24,21.50,78.75,292.21,3.05,302.63
2025-12-24,21.50,79.00,290.80,0.00,302.28
2025-12-24,21.50,79.25,295.00,0.00,300.82
2025-12-24,21.50,79.50,294.48,0.00,302.10
2025-12-24,21.50,79.75,293.18,0.01,301.45
2025-12-24,21.75,78.75,292.87,1.61,302.32
2025-12-24,21.75,79.00,292.05,1.24,301.91
2025-12-24,21.75,79.25,291.37,0.16,303.07
2025-12-24,21.75,79.50,,2.01,301.65
2025-12-24,21.75,79.75,292.10,0.00,
2025-12-25,20.75,78.75,294.36,0.00,302.39
2025-12-25,20.75,79.00,294.75,0.00,301.64
2025-12-25,20.75,79.25,293.69,1.94,301.66
2025-12-25,20.75,79.50,294.02,0.00,302.41
2025-12-25,20.75,79.75,294.58,2.39,301.65
2025-12-25,21.00,78.75,291.34,0.00,
2025-12-25,21.00,79.00,291.26,0.00,
2025-12-25,21.00,79.25,294.04,0.53,301.79
2025-12-25,21.00,79.50,293.08,1.78,302.00
2025-12-25,21.00,79.75,293.48,2.10,301.71
2025-12-25,21.25,78.75,293.75,0.00,301.81
2025-12-25,21.25,79.00,292.88,0.00,301.97
2025-12-25,21.25,79.25,,0.00,302.13
2025-12-25,21.25,79.50,291.43,0.00,301.44
2025-12-25,21.25,79.75,296.05,0.00,301.48
2025-12-25,21.50,78.75,295.04,2.01,301.02
2025-12-25,21.50,79.00,295.24,0.00,301.67
2025-12-25,21.50,79.25,291.07,0.00,302.03
2025-12-25,21.50,79.50,293.94,0.00,302.99
2025-12-25,21.50,79.75,293.86,0.00,301.73
2025-12-25,21.75,78.75,292.05,1.13,302.23
2025-12-25,21.75,79.00,293.80,0.00,301.97
2025-12-25,21.75,79.25,293.38,0.00,301.44
2025-12-25,21.75,79.50,292.89,0.00,302.20
2025-12-25,21.75,79.75,294.80,0.00,302.76
2025-12-26,20.75,78.75,296.03,0.00,302.22
2025-12-26,20.75,79.00,293.90,2.92,301.76
2025-12-26,20.75,79.25,291.92,0.00,302.38
2025-12-26,20.75,79.50,290.85,0.00,302.29
2025-12-26,20.75,79.75,292.19,6.79,302.11
2025-12-26,21.00,78.75,295.64,0.00,302.44
2025-12-26,21.00,79.00,294.04,0.00,302.04
2025-12-26,21.00,79.25,293.24,2.24,301.40
2025-12-26,21.00,79.50,291.53,0.00,302.16
2025-12-26,21.00,79.75,297.22,0.00,301.87
2025-12-26,21.25,78.75,293.12,0.00,302.48
2025-12-26,21.25,79.00,292.23,4.76,301.69
2025-12-26,21.25,79.25,294.97,1.73,301.70
2025-12-26,21.25,79.50,293.47,0.00,302.86
2025-12-26,21.25,79.75,297.10,7.07,301.41
2025-12-26,21.50,78.75,294.06,0.00,301.79
2025-12-26,21.50,79.00,293.85,1.85,301.38
2025-12-26,21.50,79.25,293.86,0.00,301.96
2025-12-26,21.50,79.50,293.64,1.86,301.99
2025-12-26,21.50,79.75,293.59,0.39,301.83
2025-12-26,21.75,78.75,294.83,2.91,301.98
2025-12-26,21.75,79.00,292.10,0.00,302.34
2025-12-26,21.75,79.25,295.51,0.00,301.67
2025-12-26,21.75,79.50,292.75,0.00,301.47
2025-12-26,21.75,79.75,291.56,0.00,302.12
2025-12-27,20.75,78.75,295.05,1.03,302.71
2025-12-27,20.75,79.00,291.13,0.00,302.16
2025-12-27,20.75,79.25,291.78,0.00,302.57
2025-12-27,20.75,79.50,293.64,0.20,301.38
2025-12-27,20.75,79.75,,0.04,301.57
2025-12-27,21.00,78.75,293.52,0.00,302.31
2025-12-27,21.00,79.00,294.04,0.00,301.59
2025-12-27,21.00,79.25,293.92,0.00,301.97
2025-12-27,21.00,79.50,294.81,0.00,301.61
2025-12-27,21.00,79.75,292.34,0.00,302.17
2025-12-27,21.25,78.75,293.38,0.00,301.65
2025-12-27,21.25,79.00,294.71,0.59,301.27
2025-12-27,21.25,79.25,293.47,2.32,301.97
2025-12-27,21.25,79.50,291.78,0.00,302.05
2025-12-27,21.25,79.75,294.00,,301.11
2025-12-27,21.50,78.75,294.05,2.70,302.43
2025-12-27,21.50,79.00,290.37,0.00,301.32
2025-12-27,21.50,79.25,293.26,0.29,301.84
2025-12-27,21.50,79.50,291.39,0.00,302.24
2025-12-27,21.50,79.75,294.71,0.00,302.17
2025-12-27,21.75,78.75,290.00,0.00,302.10
2025-12-27,21.75,79.00,293.70,0.00,301.57
2025-12-27,21.75,79.25,294.24,0.00,
2025-12-27,21.75,79.50,293.83,0.00,301.27
2025-12-27,21.75,79.75,291.67,0.00,302.48
2025-12-28,20.75,78.75,293.58,0.00,301.32
2025-12-28,20.75,79.00,292.99,,301.24
2025-12-28,20.75,79.25,292.04,0.01,301.74
2025-12-28,20.75,79.50,295.68,0.00,301.27
2025-12-28,20.75,79.75,292.00,0.00,301.88
2025-12-28,21.00,78.75,294.59,1.51,301.61
2025-12-28,21.00,79.00,292.86,0.00,303.13
2025-12-28,21.00,79.25,296.31,0.00,303.03
2025-12-28,21.00,79.50,292.95,0.00,301.21
2025-12-28,21.00,79.75,295.76,,301.61
2025-12-28,21.25,78.75,293.49,0.00,301.59
2025-12-28,21.25,79.00,292.16,3.53,301.88
2025-12-28,21.25,79.25,295.15,0.00,301.41
2025-12-28,21.25,79.50,291.99,0.00,302.29
2025-12-28,21.25,79.75,295.41,0.00,301.42
2025-12-28,21.50,78.75,293.62,2.57,302.08
2025-12-28,21.50,79.00,295.75,0.00,301.29
2025-12-28,21.50,79.25,292.91,1.30,301.41
2025-12-28,21.50,79.50,293.03,7.46,300.59
2025-12-28,21.50,79.75,296.43,0.00,302.11
2025-12-28,21.75,78.75,293.14,0.00,301.35
2025-12-28,21.75,79.00,291.40,0.00,301.33
2025-12-28,21.75,79.25,294.19,0.00,302.27
2025-12-28,21.75,79.50,,1.90,302.32
2025-12-28,21.75,79.75,294.17,0.00,301.84
2025-12-29,20.75,78.75,293.24,0.11,301.88
2025-12-29,20.75,79.00,293.28,4.28,302.36
2025-12-29,20.75,79.25,293.77,0.00,301.95
2025-12-29,20.75,79.50,297.39,1.28,302.04
2025-12-29,20.75,79.75,294.58,0.00,301.72
2025-12-29,21.00,78.75,291.75,0.00,302.31
2025-12-29,21.00,79.00,294.71,0.88,301.46
2025-12-29,21.00,79.25,295.09,2.47,301.93
2025-12-29,21.00,79.50,294.27,0.00,302.43
2025-12-29,21.00,79.75,292.73,3.05,302.49
2025-12-29,21.25,78.75,292.21,0.00,300.74
2025-12-29,21.25,79.00,292.51,0.00,302.03
2025-12-29,21.25,79.25,294.37,0.08,302.55
2025-12-29,21.25,79.50,295.44,,302.23
2025-12-29,21.25,79.75,292.53,2.17,301.57
2025-12-29,21.50,78.75,292.87,2.09,302.17
2025-12-29,21.50,79.00,292.72,0.12,301.26
2025-12-29,21.50,79.25,293.28,1.92,302.37
2025-12-29,21.50,79.50,293.79,0.00,301.40
2025-12-29,21.50,79.75,294.72,1.15,302.36
2025-12-29,21.75,78.75,292.09,0.00,302.42
2025-12-29,21.75,79.00,295.16,0.34,302.09
2025-12-29,21.75,79.25,292.83,2.09,301.34
2025-12-29,21.75,79.50,294.04,0.00,302.08
2025-12-29,21.75,79.75,292.84,0.00,302.06
2025-12-30,20.75,78.75,293.20,0.04,302.42
2025-12-30,20.75,79.00,292.88,5.94,302.05
2025-12-30,20.75,79.25,292.37,4.21,301.55
2025-12-30,20.75,79.50,292.29,0.00,302.82
2025-12-30,20.75,79.75,293.20,0.00,302.57
2025-12-30,21.00,78.75,292.64,0.00,302.17
2025-12-30,21.00,79.00,,0.00,301.82
2025-12-30,21.00,79.25,290.83,1.05,301.25
2025-12-30,21.00,79.50,293.09,0.00,301.63
2025-12-30,21.00,79.75,295.83,1.53,302.41
2025-12-30,21.25,78.75,,3.42,
2025-12-30,21.25,79.00,294.99,0.00,301.85
2025-12-30,21.25,79.25,293.67,0.00,302.24
2025-12-30,21.25,79.50,293.46,0.00,301.25
2025-12-30,21.25,79.75,295.45,3.70,301.85
2025-12-30,21.50,78.75,292.17,2.85,302.09
2025-12-30,21.50,79.00,294.58,0.00,300.91
2025-12-30,21.50,79.25,293.86,3.48,301.95
2025-12-30,21.50,79.50,291.28,0.00,301.76
2025-12-30,21.50,79.75,,0.00,302.58
2025-12-30,21.75,78.75,289.56,1.36,302.27
2025-12-30,21.75,79.00,292.24,0.88,301.69
2025-12-30,21.75,79.25,295.79,0.23,302.96
2025-12-30,21.75,79.50,293.56,0.00,302.05
2025-12-30,21.75,79.75,291.37,1.57,302.84
2025-12-31,20.75,78.75,291.23,0.00,302.46
2025-12-31,20.75,79.00,292.12,0.00,301.63
2025-12-31,20.75,79.25,290.41,0.06,303.12
2025-12-31,20.75,79.50,293.59,0.00,301.18
2025-12-31,20.75,79.75,293.81,0.00,301.57
2025-12-31,21.00,78.75,295.00,0.00,301.89
2025-12-31,21.00,79.00,293.35,0.00,302.42
2025-12-31,21.00,79.25,292.13,3.37,301.88
2025-12-31,21.00,79.50,293.56,0.00,302.50
2025-12-31,21.00,79.75,292.48,0.00,301.84
2025-12-31,21.25,78.75,292.27,0.00,302.80
2025-12-31,21.25,79.00,291.75,0.00,302.55
2025-12-31,21.25,79.25,293.28,0.00,301.02
2025-12-31,21.25,79.50,293.14,,301.79
2025-12-31,21.25,79.75,294.21,0.00,301.68
2025-12-31,21.50,78.75,294.31,0.00,302.13
2025-12-31,21.50,79.00,292.40,4.88,302.00
2025-12-31,21.50,79.25,293.86,2.73,302.76
2025-12-31,21.50,79.50,293.97,0.00,301.53
2025-12-31,21.50,79.75,295.00,0.12,302.77
2025-12-31,21.75,78.75,293.15,0.49,302.58
2025-12-31,21.75,79.00,294.72,0.00,302.71
2025-12-31,21.75,79.25,290.19,1.41,
2025-12-31,21.75,79.50,289.91,0.00,301.56
2025-12-31,21.75,79.75,,0.00,302.48
