observation_date,latitude_deg,longitude_deg,land_surface_temperature_K,rainfall_accumulation_mm,sea_surface_temperature_K
2023-01-01,20.75,78.75,294.22,0.0,302.03
2023-01-01,20.75,79.0,291.48,0.0,302.47
2023-01-01,20.75,79.25,296.78,0.0,303.47
2023-01-01,20.75,79.5,293.07,0.26,302.21
2023-01-01,20.75,79.75,292.76,0.0,301.92
2023-01-01,21.0,78.75,293.32,0.0,302.34
2023-01-01,21.0,79.0,293.96,0.0,301.58
2023-01-01,21.0,79.25,292.73,2.31,301.99
2023-01-01,21.0,79.5,290.21,0.0,302.03
2023-01-01,21.0,79.75,292.24,0.0,301.6
2023-01-01,21.25,78.75,293.97,0.0,301.95
2023-01-01,21.25,79.0,294.03,0.22,302.69
2023-01-01,21.25,79.25,291.17,1.03,302.1
2023-01-01,21.25,79.5,291.87,0.0,302.54
2023-01-01,21.25,79.75,294.14,0.0,302.35
2023-01-01,21.5,78.75,296.43,0.09,302.15
2023-01-01,21.5,79.0,294.82,0.0,301.6
2023-01-01,21.5,79.25,289.92,0.0,302.79
2023-01-01,21.5,79.5,292.52,2.66,302.31
2023-01-01,21.5,79.75,295.48,0.25,301.15
2023-01-01,21.75,78.75,295.11,0.0,302.07
2023-01-01,21.75,79.0,291.94,1.16,302.25
2023-01-01,21.75,79.25,292.5,0.0,301.43
2023-01-01,21.75,79.5,292.96,0.0,302.91
2023-01-01,21.75,79.75,292.51,0.0,302.1
2023-01-02,20.75,78.75,294.38,1.65,302.19
2023-01-02,20.75,79.0,291.8,0.0,301.07
2023-01-02,20.75,79.25,293.74,0.0,302.23
2023-01-02,20.75,79.5,292.78,0.0,302.03
2023-01-02,20.75,79.75,291.79,0.0,302.19
2023-01-02,21.0,78.75,293.24,0.0,301.25
2023-01-02,21.0,79.0,294.14,0.0,302.67
2023-01-02,21.0,79.25,292.21,0.35,301.91
2023-01-02,21.0,79.5,293.08,1.91,302.24
2023-01-02,21.0,79.75,292.9,3.03,301.6
2023-01-02,21.25,78.75,293.83,0.0,302.1
2023-01-02,21.25,79.0,290.78,0.21,302.06
2023-01-02,21.25,79.25,294.28,0.01,301.64
2023-01-02,21.25,79.5,292.63,0.5,302.38
2023-01-02,21.25,79.75,292.5,2.71,302.33
2023-01-02,21.5,78.75,293.14,0.0,301.36
2023-01-02,21.5,79.0,293.46,0.19,301.72
2023-01-02,21.5,79.25,292.88,0.0,301.56
2023-01-02,21.5,79.5,294.06,3.02,302.43
2023-01-02,21.5,79.75,292.75,0.0,302.35
2023-01-02,21.75,78.75,295.32,0.39,301.61
2023-01-02,21.75,79.0,292.19,0.0,302.15
2023-01-02,21.75,79.25,292.41,0.0,302.26
2023-01-02,21.75,79.5,295.28,0.0,302.49
2023-01-02,21.75,79.75,295.37,1.01,302.09
2023-01-03,20.75,78.75,295.28,0.0,302.21
2023-01-03,20.75,79.0,294.82,0.0,303.01
2023-01-03,20.75,79.25,291.12,0.42,302.72
2023-01-03,20.75,79.5,293.99,0.08,301.14
2023-01-03,20.75,79.75,292.25,2.99,302.33
2023-01-03,21.0,78.75,295.5,0.87,301.74
2023-01-03,21.0,79.0,293.68,0.0,302.82
2023-01-03,21.0,79.25,293.02,0.0,302.05
2023-01-03,21.0,79.5,291.84,2.11,302.88
2023-01-03,21.0,79.75,292.57,0.0,302.21
2023-01-03,21.25,78.75,294.55,2.86,301.61
2023-01-03,21.25,79.0,293.48,0.0,302.01
2023-01-03,21.25,79.25,291.99,1.58,301.65
2023-01-03,21.25,79.5,294.07,0.0,301.87
2023-01-03,21.25,79.75,296.14,0.0,301.03
2023-01-03,21.5,78.75,293.91,0.1,302.12
2023-01-03,21.5,79.0,294.22,2.24,302.07
2023-01-03,21.5,79.25,292.49,1.39,302.0
2023-01-03,21.5,79.5,293.43,1.39,301.72
2023-01-03,21.5,79.75,291.16,0.0,301.08
2023-01-03,21.75,78.75,296.43,0.08,302.55
2023-01-03,21.75,79.0,295.61,1.74,302.15
2023-01-03,21.75,79.25,294.02,0.0,302.52
2023-01-03,21.75,79.5,294.25,0.19,302.07
2023-01-03,21.75,79.75,294.08,0.0,301.25
2023-01-04,20.75,78.75,295.64,0.0,301.55
2023-01-04,20.75,79.0,293.76,0.0,302.76
2023-01-04,20.75,79.25,295.22,0.0,302.36
2023-01-04,20.75,79.5,293.83,0.0,302.66
2023-01-04,20.75,79.75,292.77,0.0,301.6
2023-01-04,21.0,78.75,291.53,1.48,301.95
2023-01-04,21.0,79.0,293.81,0.0,302.05
2023-01-04,21.0,79.25,291.68,0.0,301.86
2023-01-04,21.0,79.5,293.29,8.4,302.32
2023-01-04,21.0,79.75,291.95,0.0,301.59
2023-01-04,21.25,78.75,291.56,1.39,301.11
2023-01-04,21.25,79.0,297.26,0.0,302.2
2023-01-04,21.25,79.25,295.29,0.0,302.56
2023-01-04,21.25,79.5,291.63,0.0,302.4
2023-01-04,21.25,79.75,292.76,0.47,301.34
2023-01-04,21.5,78.75,293.77,0.0,302.07
2023-01-04,21.5,79.0,293.15,0.0,301.47
2023-01-04,21.5,79.25,293.15,0.0,302.32
2023-01-04,21.5,79.5,290.81,0.0,301.8
2023-01-04,21.5,79.75,297.23,0.0,301.97
2023-01-04,21.75,78.75,292.32,0.0,302.4
2023-01-04,21.75,79.0,293.87,0.14,301.72
2023-01-04,21.75,79.25,292.71,0.0,301.75
2023-01-04,21.75,79.5,293.27,0.61,302.09
2023-01-04,21.75,79.75,292.55,0.01,302.31
2023-01-05,20.75,78.75,293.16,1.33,302.27
2023-01-05,20.75,79.0,294.43,0.0,301.81
2023-01-05,20.75,79.25,295.82,0.0,301.03
2023-01-05,20.75,79.5,292.86,0.0,301.4
2023-01-05,20.75,79.75,292.93,0.0,302.07
2023-01-05,21.0,78.75,294.83,0.01,301.92
2023-01-05,21.0,79.0,293.7,4.55,301.98
2023-01-05,21.0,79.25,293.55,0.0,302.47
2023-01-05,21.0,79.5,295.14,0.0,301.95
2023-01-05,21.0,79.75,293.63,0.0,301.51
2023-01-05,21.25,78.75,293.15,0.0,301.32
2023-01-05,21.25,79.0,293.15,0.0,301.3
2023-01-05,21.25,79.25,296.85,0.69,302.29
2023-01-05,21.25,79.5,293.42,0.0,302.89
2023-01-05,21.25,79.75,292.06,0.13,301.43
2023-01-05,21.5,78.75,295.29,0.68,300.88
2023-01-05,21.5,79.0,293.82,0.25,302.69
2023-01-05,21.5,79.25,294.72,0.26,301.66
2023-01-05,21.5,79.5,296.56,0.06,301.29
2023-01-05,21.5,79.75,296.93,0.0,301.54
2023-01-05,21.75,78.75,292.73,0.0,301.67
2023-01-05,21.75,79.0,296.86,0.0,301.71
2023-01-05,21.75,79.25,292.99,0.39,301.56
2023-01-05,21.75,79.5,293.8,1.37,302.7
2023-01-05,21.75,79.75,293.99,1.02,301.51
2023-01-06,20.75,78.75,291.77,0.0,301.67
2023-01-06,20.75,79.0,291.29,0.43,301.73
2023-01-06,20.75,79.25,289.62,0.0,301.36
2023-01-06,20.75,79.5,295.49,0.0,301.81
2023-01-06,20.75,79.75,290.25,0.86,301.2
2023-01-06,21.0,78.75,292.67,4.62,301.57
2023-01-06,21.0,79.0,294.67,0.0,302.09
2023-01-06,21.0,79.25,294.67,0.53,300.83
2023-01-06,21.0,79.5,294.65,0.0,302.35
2023-01-06,21.0,79.75,293.29,2.56,302.08
2023-01-06,21.25,78.75,292.92,0.14,301.9
2023-01-06,21.25,79.0,294.49,3.43,301.89
2023-01-06,21.25,79.25,292.68,0.0,302.03
2023-01-06,21.25,79.5,292.44,0.0,302.29
2023-01-06,21.25,79.75,294.91,0.0,302.32
2023-01-06,21.5,78.75,294.31,0.0,302.57
2023-01-06,21.5,79.0,295.76,0.0,301.76
2023-01-06,21.5,79.25,293.88,0.0,302.24
2023-01-06,21.5,79.5,293.81,0.0,301.34
2023-01-06,21.5,79.75,293.6,0.47,302.15
2023-01-06,21.75,78.75,291.06,0.0,301.62
2023-01-06,21.75,79.0,292.76,0.0,302.02
2023-01-06,21.75,79.25,292.38,0.0,302.4
2023-01-06,21.75,79.5,292.55,1.1,302.12
2023-01-06,21.75,79.75,290.78,0.61,302.45
2023-01-07,20.75,78.75,294.14,0.0,301.74
2023-01-07,20.75,79.0,294.2,0.18,302.49
2023-01-07,20.75,79.25,293.51,0.0,301.82
2023-01-07,20.75,79.5,292.92,0.0,301.96
2023-01-07,20.75,79.75,294.12,0.0,302.16
2023-01-07,21.0,78.75,294.03,0.25,301.57
2023-01-07,21.0,79.0,292.72,0.14,301.08
2023-01-07,21.0,79.25,290.92,5.28,301.76
2023-01-07,21.0,79.5,294.64,0.0,302.49
2023-01-07,21.0,79.75,291.93,0.0,301.71
2023-01-07,21.25,78.75,292.5,1.99,301.35
2023-01-07,21.25,79.0,293.87,0.0,301.5
2023-01-07,21.25,79.25,293.73,0.0,302.29
2023-01-07,21.25,79.5,293.27,0.28,301.66
2023-01-07,21.25,79.75,293.26,0.0,302.28
2023-01-07,21.5,78.75,294.64,0.29,302.98
2023-01-07,21.5,79.0,294.19,0.0,302.18
2023-01-07,21.5,79.25,292.67,2.85,301.81
2023-01-07,21.5,79.5,292.19,0.0,301.6
2023-01-07,21.5,79.75,293.5,0.78,301.76
2023-01-07,21.75,78.75,293.43,0.57,302.43
2023-01-07,21.75,79.0,292.5,0.0,302.27
2023-01-07,21.75,79.25,295.79,0.0,301.74
2023-01-07,21.75,79.5,292.23,2.78,302.14
2023-01-07,21.75,79.75,295.63,0.0,301.26
2023-01-08,20.75,78.75,292.53,0.0,301.79
2023-01-08,20.75,79.0,289.15,2.15,301.33
2023-01-08,20.75,79.25,292.31,0.83,302.29
2023-01-08,20.75,79.5,293.93,1.24,302.54
2023-01-08,20.75,79.75,292.24,0.0,302.03
2023-01-08,21.0,78.75,293.86,0.0,301.8
2023-01-08,21.0,79.0,295.39,0.0,301.15
2023-01-08,21.0,79.25,297.04,7.28,301.37
2023-01-08,21.0,79.5,294.03,0.0,301.69
2023-01-08,21.0,79.75,293.12,0.0,301.72
2023-01-08,21.25,78.75,293.67,4.21,301.73
2023-01-08,21.25,79.0,291.95,0.0,302.15
2023-01-08,21.25,79.25,292.64,0.0,302.6
2023-01-08,21.25,79.5,295.94,0.0,301.93
2023-01-08,21.25,79.75,293.63,0.0,301.55
2023-01-08,21.5,78.75,295.8,0.0,302.96
2023-01-08,21.5,79.0,292.51,4.19,300.52
2023-01-08,21.5,79.25,292.67,2.47,301.76
2023-01-08,21.5,79.5,294.4,0.0,301.97
2023-01-08,21.5,79.75,293.9,0.0,302.48
2023-01-08,21.75,78.75,294.28,0.2,301.47
2023-01-08,21.75,79.0,292.23,1.35,301.46
2023-01-08,21.75,79.25,289.22,0.0,300.52
2023-01-08,21.75,79.5,295.06,0.02,301.52
2023-01-08,21.75,79.75,293.16,0.0,301.98
2023-01-09,20.75,78.75,290.5,2.93,302.54
2023-01-09,20.75,79.0,290.98,0.0,301.47
2023-01-09,20.75,79.25,291.69,0.0,302.29
2023-01-09,20.75,79.5,295.66,0.0,302.25
2023-01-09,20.75,79.75,293.08,0.0,302.4
2023-01-09,21.0,78.75,293.37,1.26,302.21
2023-01-09,21.0,79.0,292.17,1.7,300.89
2023-01-09,21.0,79.25,292.44,0.4,301.1
2023-01-09,21.0,79.5,293.08,0.0,302.37
2023-01-09,21.0,79.75,293.84,0.7,302.54
2023-01-09,21.25,78.75,293.11,0.0,302.24
2023-01-09,21.25,79.0,295.67,0.43,301.85
2023-01-09,21.25,79.25,296.38,0.53,302.26
2023-01-09,21.25,79.5,293.96,0.0,302.49
2023-01-09,21.25,79.75,291.55,2.76,302.95
2023-01-09,21.5,78.75,291.69,0.0,302.62
2023-01-09,21.5,79.0,294.62,1.16,301.59
2023-01-09,21.5,79.25,292.88,0.0,301.07
2023-01-09,21.5,79.5,295.39,0.0,301.55
2023-01-09,21.5,79.75,294.58,0.0,301.72
2023-01-09,21.75,78.75,293.71,0.0,302.59
2023-01-09,21.75,79.0,291.94,0.0,302.42
2023-01-09,21.75,79.25,293.17,0.0,301.46
2023-01-09,21.75,79.5,292.53,1.81,302.41
2023-01-09,21.75,79.75,295.34,0.0,301.16
2023-01-10,20.75,78.75,294.29,2.42,302.33
2023-01-10,20.75,79.0,295.14,0.73,302.28
2023-01-10,20.75,79.25,291.65,0.0,301.62
2023-01-10,20.75,79.5,294.21,0.0,302.52
2023-01-10,20.75,79.75,296.83,0.0,302.72
2023-01-10,21.0,78.75,292.95,1.38,301.94
2023-01-10,21.0,79.0,291.39,3.31,301.97
2023-01-10,21.0,79.25,293.8,0.0,301.8
2023-01-10,21.0,79.5,295.17,0.03,302.55
2023-01-10,21.0,79.75,293.09,0.46,302.31
2023-01-10,21.25,78.75,291.5,0.0,302.29
2023-01-10,21.25,79.0,294.24,0.23,301.8
2023-01-10,21.25,79.25,294.01,0.34,302.07
2023-01-10,21.25,79.5,292.46,0.0,302.26
2023-01-10,21.25,79.75,294.24,0.38,301.72
2023-01-10,21.5,78.75,291.91,0.0,301.53
2023-01-10,21.5,79.0,295.21,0.72,302.34
2023-01-10,21.5,79.25,294.6,0.0,302.45
2023-01-10,21.5,79.5,293.68,0.0,301.69
2023-01-10,21.5,79.75,293.51,2.31,302.48
2023-01-10,21.75,78.75,294.03,0.0,301.84
2023-01-10,21.75,79.0,291.67,0.0,301.7
2023-01-10,21.75,79.25,292.67,0.0,301.94
2023-01-10,21.75,79.5,291.22,0.0,302.81
2023-01-10,21.75,79.75,290.44,0.0,302.36
2023-01-11,20.75,78.75,294.94,1.83,302.67
2023-01-11,20.75,79.0,291.09,0.0,302.15
2023-01-11,20.75,79.25,292.89,1.6,301.16
2023-01-11,20.75,79.5,292.1,3.06,301.64
2023-01-11,20.75,79.75,291.46,0.0,301.83
2023-01-11,21.0,78.75,291.79,0.0,301.69
2023-01-11,21.0,79.0,293.35,0.0,301.32
2023-01-11,21.0,79.25,293.86,0.99,302.0
2023-01-11,21.0,79.5,295.82,0.14,302.19
2023-01-11,21.0,79.75,293.98,0.32,301.05
2023-01-11,21.25,78.75,293.72,0.0,301.05
2023-01-11,21.25,79.0,296.17,0.0,301.65
2023-01-11,21.25,79.25,295.53,5.26,302.0
2023-01-11,21.25,79.5,294.92,0.0,302.01
2023-01-11,21.25,79.75,292.7,1.03,302.08
2023-01-11,21.5,78.75,291.52,0.0,302.08
2023-01-11,21.5,79.0,292.35,0.18,301.45
2023-01-11,21.5,79.25,291.15,0.0,302.2
2023-01-11,21.5,79.5,293.28,0.0,301.69
2023-01-11,21.5,79.75,293.13,0.0,301.57
2023-01-11,21.75,78.75,291.92,1.5,301.38
2023-01-11,21.75,79.0,294.97,0.0,301.94
2023-01-11,21.75,79.25,291.91,0.0,302.11
2023-01-11,21.75,79.5,295.45,0.0,301.88
2023-01-11,21.75,79.75,291.87,0.0,302.02
2023-01-12,20.75,78.75,291.07,0.0,301.28
2023-01-12,20.75,79.0,291.6,0.0,300.97
2023-01-12,20.75,79.25,292.49,2.66,302.06
2023-01-12,20.75,79.5,294.69,0.0,302.18
2023-01-12,20.75,79.75,293.59,0.0,301.71
2023-01-12,21.0,78.75,294.7,0.0,301.18
2023-01-12,21.0,79.0,294.38,4.71,302.75
2023-01-12,21.0,79.25,296.24,0.0,302.25
2023-01-12,21.0,79.5,292.49,0.0,302.48
2023-01-12,21.0,79.75,293.4,0.0,302.51
2023-01-12,21.25,78.75,292.34,0.0,302.11
2023-01-12,21.25,79.0,292.93,0.0,301.69
2023-01-12,21.25,79.25,293.46,0.0,302.98
2023-01-12,21.25,79.5,295.57,0.0,301.83
2023-01-12,21.25,79.75,295.97,0.0,302.03
2023-01-12,21.5,78.75,295.57,1.19,301.6
2023-01-12,21.5,79.0,291.72,4.14,302.94
2023-01-12,21.5,79.25,292.43,0.0,302.6
2023-01-12,21.5,79.5,293.19,0.0,301.46
2023-01-12,21.5,79.75,291.23,0.0,302.15
2023-01-12,21.75,78.75,293.02,0.86,301.93
2023-01-12,21.75,79.0,293.23,0.0,300.8
2023-01-12,21.75,79.25,294.38,0.0,302.59
2023-01-12,21.75,79.5,291.6,0.09,301.67
2023-01-12,21.75,79.75,293.01,3.48,302.97
2023-01-13,20.75,78.75,292.22,0.0,301.72
2023-01-13,20.75,79.0,296.22,0.0,301.04
2023-01-13,20.75,79.25,291.85,1.35,301.83
2023-01-13,20.75,79.5,292.49,1.25,302.53
2023-01-13,20.75,79.75,292.37,2.3,301.87
2023-01-13,21.0,78.75,294.49,0.0,301.41
2023-01-13,21.0,79.0,294.56,0.0,301.38
2023-01-13,21.0,79.25,292.59,0.0,301.24
2023-01-13,21.0,79.5,291.37,1.26,301.75
2023-01-13,21.0,79.75,293.41,0.35,301.7
2023-01-13,21.25,78.75,293.57,2.15,301.64
2023-01-13,21.25,79.0,294.89,0.0,302.16
2023-01-13,21.25,79.25,291.9,10.31,301.48
2023-01-13,21.25,79.5,291.89,1.16,302.22
2023-01-13,21.25,79.75,291.69,0.0,301.87
2023-01-13,21.5,78.75,292.38,0.18,302.36
2023-01-13,21.5,79.0,291.51,0.28,301.36
2023-01-13,21.5,79.25,293.06,2.7,302.05
2023-01-13,21.5,79.5,293.15,2.42,301.84
2023-01-13,21.5,79.75,292.31,0.0,302.07
2023-01-13,21.75,78.75,291.84,0.0,301.63
2023-01-13,21.75,79.0,293.71,0.42,302.03
2023-01-13,21.75,79.25,294.68,0.0,301.93
2023-01-13,21.75,79.5,293.01,0.89,301.45
2023-01-13,21.75,79.75,292.91,0.0,302.24
2023-01-14,20.75,78.75,292.45,0.0,301.34
2023-01-14,20.75,79.0,289.12,0.0,302.46
2023-01-14,20.75,79.25,293.34,5.23,302.09
2023-01-14,20.75,79.5,295.58,0.26,301.76
2023-01-14,20.75,79.75,291.91,1.68,301.66
2023-01-14,21.0,78.75,293.75,0.0,300.57
2023-01-14,21.0,79.0,292.62,1.49,302.66
2023-01-14,21.0,79.25,293.85,0.0,301.47
2023-01-14,21.0,79.5,293.79,0.0,301.22
2023-01-14,21.0,79.75,296.4,6.32,301.5
2023-01-14,21.25,78.75,290.91,2.85,302.2
2023-01-14,21.25,79.0,295.2,0.0,301.96
2023-01-14,21.25,79.25,292.86,0.0,302.06
2023-01-14,21.25,79.5,292.56,0.0,301.22
2023-01-14,21.25,79.75,295.9,0.0,301.54
2023-01-14,21.5,78.75,293.43,0.0,302.31
2023-01-14,21.5,79.0,292.91,1.17,301.24
2023-01-14,21.5,79.25,294.07,0.0,301.72
2023-01-14,21.5,79.5,294.08,0.35,301.01
2023-01-14,21.5,79.75,295.94,0.0,302.2
2023-01-14,21.75,78.75,295.79,0.0,301.68
2023-01-14,21.75,79.0,292.45,0.98,300.95
2023-01-14,21.75,79.25,291.53,0.0,302.24
2023-01-14,21.75,79.5,292.8,1.04,301.26
2023-01-14,21.75,79.75,293.02,0.0,302.75
2023-01-15,20.75,78.75,291.84,0.0,301.95
2023-01-15,20.75,79.0,293.03,8.78,301.94
2023-01-15,20.75,79.25,294.58,3.49,301.34
2023-01-15,20.75,79.5,294.07,1.76,302.15
2023-01-15,20.75,79.75,289.95,0.0,301.45
2023-01-15,21.0,78.75,291.64,1.45,302.08
2023-01-15,21.0,79.0,292.02,0.0,302.29
2023-01-15,21.0,79.25,291.28,2.37,302.33
2023-01-15,21.0,79.5,296.28,0.01,301.0
2023-01-15,21.0,79.75,295.54,0.0,302.33
2023-01-15,21.25,78.75,293.26,2.37,301.37
2023-01-15,21.25,79.0,294.67,0.0,300.57
2023-01-15,21.25,79.25,292.11,0.0,301.81
2023-01-15,21.25,79.5,294.69,0.0,301.99
2023-01-15,21.25,79.75,292.21,0.0,300.83
2023-01-15,21.5,78.75,297.76,1.86,301.54
2023-01-15,21.5,79.0,294.05,0.0,301.57
2023-01-15,21.5,79.25,293.18,0.69,301.75
2023-01-15,21.5,79.5,296.13,2.26,302.19
2023-01-15,21.5,79.75,293.27,0.0,302.24
2023-01-15,21.75,78.75,293.45,0.0,301.4
2023-01-15,21.75,79.0,293.18,0.0,302.41
2023-01-15,21.75,79.25,294.77,0.0,302.11
2023-01-15,21.75,79.5,294.21,0.0,301.28
2023-01-15,21.75,79.75,292.1,2.26,301.44
2023-01-16,20.75,78.75,294.39,0.0,301.26
2023-01-16,20.75,79.0,292.71,0.0,302.22
2023-01-16,20.75,79.25,296.32,3.85,302.7
2023-01-16,20.75,79.5,292.65,2.32,301.72
2023-01-16,20.75,79.75,294.7,3.68,301.46
2023-01-16,21.0,78.75,294.38,0.0,302.64
2023-01-16,21.0,79.0,293.09,1.35,301.8
2023-01-16,21.0,79.25,293.79,0.99,302.31
2023-01-16,21.0,79.5,294.17,5.07,301.43
2023-01-16,21.0,79.75,290.73,0.0,301.64
2023-01-16,21.25,78.75,292.8,0.0,302.01
2023-01-16,21.25,79.0,293.5,0.0,301.47
2023-01-16,21.25,79.25,291.98,0.0,301.55
2023-01-16,21.25,79.5,295.16,0.0,302.52
2023-01-16,21.25,79.75,292.21,0.86,302.21
2023-01-16,21.5,78.75,293.69,0.21,301.73
2023-01-16,21.5,79.0,291.38,3.21,301.36
2023-01-16,21.5,79.25,294.57,0.0,301.44
2023-01-16,21.5,79.5,293.66,0.0,302.06
2023-01-16,21.5,79.75,296.02,0.0,301.73
2023-01-16,21.75,78.75,291.35,0.1,302.38
2023-01-16,21.75,79.0,291.46,0.0,301.42
2023-01-16,21.75,79.25,293.71,0.0,303.38
2023-01-16,21.75,79.5,291.63,0.0,302.58
2023-01-16,21.75,79.75,295.48,0.0,300.86
2023-01-17,20.75,78.75,293.83,1.47,302.36
2023-01-17,20.75,79.0,292.06,2.53,302.57
2023-01-17,20.75,79.25,293.01,0.0,302.06
2023-01-17,20.75,79.5,296.38,0.09,301.88
2023-01-17,20.75,79.75,295.11,0.0,301.9
2023-01-17,21.0,78.75,294.47,0.0,302.07
2023-01-17,21.0,79.0,295.18,3.16,302.23
2023-01-17,21.0,79.25,292.69,0.0,301.55
2023-01-17,21.0,79.5,293.19,0.0,302.74
2023-01-17,21.0,79.75,293.43,0.0,301.65
2023-01-17,21.25,78.75,294.31,0.0,302.03
2023-01-17,21.25,79.0,292.06,0.0,302.51
2023-01-17,21.25,79.25,291.94,0.0,302.21
2023-01-17,21.25,79.5,290.93,1.55,303.06
2023-01-17,21.25,79.75,292.4,0.0,301.29
2023-01-17,21.5,78.75,292.85,0.0,301.96
2023-01-17,21.5,79.0,294.61,0.95,301.73
2023-01-17,21.5,79.25,293.94,0.0,301.9
2023-01-17,21.5,79.5,292.38,0.0,300.97
2023-01-17,21.5,79.75,294.91,0.0,302.0
2023-01-17,21.75,78.75,292.0,0.0,302.09
2023-01-17,21.75,79.0,290.79,2.14,302.21
2023-01-17,21.75,79.25,292.69,1.99,301.34
2023-01-17,21.75,79.5,294.77,0.0,302.34
2023-01-17,21.75,79.75,291.24,0.0,301.96
2023-01-18,20.75,78.75,290.43,0.09,301.65
2023-01-18,20.75,79.0,295.25,0.22,302.25
2023-01-18,20.75,79.25,294.46,0.0,302.16
2023-01-18,20.75,79.5,295.13,0.0,301.75
2023-01-18,20.75,79.75,293.23,0.0,301.89
2023-01-18,21.0,78.75,293.06,0.0,302.29
2023-01-18,21.0,79.0,295.62,2.9,302.58
2023-01-18,21.0,79.25,292.67,0.0,302.3
2023-01-18,21.0,79.5,294.63,1.83,301.4
2023-01-18,21.0,79.75,293.7,1.75,302.43
2023-01-18,21.25,78.75,294.33,1.19,301.72
2023-01-18,21.25,79.0,294.0,0.0,302.48
2023-01-18,21.25,79.25,291.47,0.0,302.06
2023-01-18,21.25,79.5,293.97,0.0,301.38
2023-01-18,21.25,79.75,296.49,3.88,302.38
2023-01-18,21.5,78.75,292.25,1.5,301.57
2023-01-18,21.5,79.0,293.86,0.0,301.72
2023-01-18,21.5,79.25,293.5,0.0,301.82
2023-01-18,21.5,79.5,298.49,0.0,302.47
2023-01-18,21.5,79.75,295.17,0.0,301.51
2023-01-18,21.75,78.75,295.58,0.55,301.46
2023-01-18,21.75,79.0,293.17,0.0,301.44
2023-01-18,21.75,79.25,297.13,0.0,301.94
2023-01-18,21.75,79.5,293.06,2.65,301.57
2023-01-18,21.75,79.75,295.36,0.0,301.83
2023-01-19,20.75,78.75,294.87,0.0,301.86
2023-01-19,20.75,79.0,293.67,0.0,301.31
2023-01-19,20.75,79.25,292.49,0.0,303.03
2023-01-19,20.75,79.5,294.79,0.06,302.07
2023-01-19,20.75,79.75,292.22,0.0,302.16
2023-01-19,21.0,78.75,291.41,1.59,301.65
2023-01-19,21.0,79.0,296.78,0.0,302.03
2023-01-19,21.0,79.25,293.76,0.0,302.13
2023-01-19,21.0,79.5,295.13,0.79,301.47
2023-01-19,21.0,79.75,295.18,0.0,302.36
2023-01-19,21.25,78.75,293.09,0.0,302.06
2023-01-19,21.25,79.0,294.87,4.34,301.34
2023-01-19,21.25,79.25,294.25,0.0,301.97
2023-01-19,21.25,79.5,293.09,0.0,302.23
2023-01-19,21.25,79.75,290.78,2.81,301.73
2023-01-19,21.5,78.75,292.66,0.0,302.2
2023-01-19,21.5,79.0,295.2,0.0,301.65
2023-01-19,21.5,79.25,295.25,3.19,302.46
2023-01-19,21.5,79.5,293.58,0.0,301.37
2023-01-19,21.5,79.75,292.75,0.42,302.1
2023-01-19,21.75,78.75,294.46,1.97,302.28
2023-01-19,21.75,79.0,291.69,6.76,302.1
2023-01-19,21.75,79.25,295.8,0.0,302.54
2023-01-19,21.75,79.5,296.64,0.0,301.85
2023-01-19,21.75,79.75,292.92,1.91,302.49
2023-01-20,20.75,78.75,293.24,0.0,301.62
2023-01-20,20.75,79.0,293.33,2.17,302.8
2023-01-20,20.75,79.25,291.64,0.0,302.74
2023-01-20,20.75,79.5,293.55,0.9,301.03
2023-01-20,20.75,79.75,293.95,0.42,302.11
2023-01-20,21.0,78.75,293.7,0.0,302.16
2023-01-20,21.0,79.0,295.68,0.0,301.18
2023-01-20,21.0,79.25,293.87,0.0,301.25
2023-01-20,21.0,79.5,291.97,0.0,302.13
2023-01-20,21.0,79.75,292.38,0.67,301.09
2023-01-20,21.25,78.75,293.51,0.0,301.27
2023-01-20,21.25,79.0,293.72,0.24,302.19
2023-01-20,21.25,79.25,293.96,0.0,301.55
2023-01-20,21.25,79.5,294.86,1.67,302.13
2023-01-20,21.25,79.75,294.2,0.0,301.83
2023-01-20,21.5,78.75,293.03,3.02,301.76
2023-01-20,21.5,79.0,295.02,0.0,302.19
2023-01-20,21.5,79.25,291.27,0.0,302.05
2023-01-20,21.5,79.5,293.76,0.0,301.63
2023-01-20,21.5,79.75,294.47,0.0,301.5
2023-01-20,21.75,78.75,294.93,0.0,301.54
2023-01-20,21.75,79.0,293.72,0.0,302.92
2023-01-20,21.75,79.25,293.64,0.0,301.22
2023-01-20,21.75,79.5,294.72,0.97,301.74
2023-01-20,21.75,79.75,294.96,0.0,301.25
2023-01-21,20.75,78.75,292.94,3.37,301.45
2023-01-21,20.75,79.0,292.73,1.01,301.89
2023-01-21,20.75,79.25,296.49,1.11,301.1
2023-01-21,20.75,79.5,293.36,0.0,302.52
2023-01-21,20.75,79.75,293.04,0.0,301.17
2023-01-21,21.0,78.75,294.52,0.0,301.0
2023-01-21,21.0,79.0,293.25,0.0,302.32
2023-01-21,21.0,79.25,292.2,0.0,302.97
2023-01-21,21.0,79.5,293.87,2.06,301.33
2023-01-21,21.0,79.75,296.1,0.0,301.93
2023-01-21,21.25,78.75,297.1,0.0,302.25
2023-01-21,21.25,79.0,293.18,1.67,302.18
2023-01-21,21.25,79.25,294.76,0.0,302.35
2023-01-21,21.25,79.5,294.69,2.16,300.31
2023-01-21,21.25,79.75,292.58,0.0,301.52
2023-01-21,21.5,78.75,292.92,1.61,300.45
2023-01-21,21.5,79.0,293.36,3.0,302.32
2023-01-21,21.5,79.25,294.16,3.74,302.28
2023-01-21,21.5,79.5,294.13,1.04,301.08
2023-01-21,21.5,79.75,293.1,0.0,302.19
2023-01-21,21.75,78.75,293.7,4.87,301.9
2023-01-21,21.75,79.0,291.35,1.5,301.87
2023-01-21,21.75,79.25,292.59,2.02,301.57
2023-01-21,21.75,79.5,295.96,0.0,301.52
2023-01-21,21.75,79.75,292.49,0.98,301.39
2023-01-22,20.75,78.75,295.18,1.42,301.85
2023-01-22,20.75,79.0,294.84,0.0,301.32
2023-01-22,20.75,79.25,293.11,0.0,301.95
2023-01-22,20.75,79.5,294.06,0.0,302.17
2023-01-22,20.75,79.75,297.3,0.0,301.58
2023-01-22,21.0,78.75,293.57,0.12,302.04
2023-01-22,21.0,79.0,293.98,0.0,301.79
2023-01-22,21.0,79.25,296.47,0.0,302.18
2023-01-22,21.0,79.5,294.39,1.54,302.18
2023-01-22,21.0,79.75,295.82,0.0,302.97
2023-01-22,21.25,78.75,295.26,0.86,302.34
2023-01-22,21.25,79.0,295.97,0.0,301.78
2023-01-22,21.25,79.25,290.67,0.0,301.77
2023-01-22,21.25,79.5,293.88,1.35,301.31
2023-01-22,21.25,79.75,294.96,0.0,302.26
2023-01-22,21.5,78.75,293.93,2.04,300.94
2023-01-22,21.5,79.0,295.85,0.35,302.04
2023-01-22,21.5,79.25,291.05,0.0,301.72
2023-01-22,21.5,79.5,292.69,0.0,301.81
2023-01-22,21.5,79.75,294.38,0.13,301.19
2023-01-22,21.75,78.75,295.04,0.67,302.11
2023-01-22,21.75,79.0,294.44,2.38,302.27
2023-01-22,21.75,79.25,296.77,4.03,301.05
2023-01-22,21.75,79.5,295.88,2.28,301.37
2023-01-22,21.75,79.75,295.49,0.0,301.9
2023-01-23,20.75,78.75,292.7,3.25,301.7
2023-01-23,20.75,79.0,294.86,1.73,301.68
2023-01-23,20.75,79.25,291.76,0.0,302.46
2023-01-23,20.75,79.5,291.96,0.75,302.23
2023-01-23,20.75,79.75,296.08,0.02,302.76
2023-01-23,21.0,78.75,295.13,0.0,302.03
2023-01-23,21.0,79.0,294.71,5.91,301.93
2023-01-23,21.0,79.25,296.56,4.25,301.77
2023-01-23,21.0,79.5,293.42,0.0,301.59
2023-01-23,21.0,79.75,296.54,2.33,302.14
2023-01-23,21.25,78.75,293.45,4.44,302.85
2023-01-23,21.25,79.0,295.49,0.0,302.2
2023-01-23,21.25,79.25,296.49,0.0,302.42
2023-01-23,21.25,79.5,295.79,0.0,301.21
2023-01-23,21.25,79.75,294.51,0.0,301.66
2023-01-23,21.5,78.75,293.61,5.01,302.34
2023-01-23,21.5,79.0,293.82,0.0,301.29
2023-01-23,21.5,79.25,296.44,0.0,301.42
2023-01-23,21.5,79.5,294.07,0.0,301.45
2023-01-23,21.5,79.75,296.1,0.3,302.74
2023-01-23,21.75,78.75,296.02,0.0,302.21
2023-01-23,21.75,79.0,294.19,0.0,301.37
2023-01-23,21.75,79.25,295.27,0.0,301.38
2023-01-23,21.75,79.5,294.94,0.34,301.86
2023-01-23,21.75,79.75,293.52,0.0,300.93
2023-01-24,20.75,78.75,290.31,1.66,301.95
2023-01-24,20.75,79.0,294.49,0.71,301.82
2023-01-24,20.75,79.25,292.01,0.0,300.72
2023-01-24,20.75,79.5,292.82,0.0,301.91
2023-01-24,20.75,79.75,291.52,1.0,301.26
2023-01-24,21.0,78.75,294.08,0.0,302.46
2023-01-24,21.0,79.0,296.84,1.63,301.74
2023-01-24,21.0,79.25,293.48,2.31,302.01
2023-01-24,21.0,79.5,294.63,0.41,301.76
2023-01-24,21.0,79.75,292.62,0.0,301.46
2023-01-24,21.25,78.75,295.48,0.0,300.98
2023-01-24,21.25,79.0,293.97,1.72,301.56
2023-01-24,21.25,79.25,293.88,0.18,300.88
2023-01-24,21.25,79.5,293.41,1.49,301.62
2023-01-24,21.25,79.75,296.6,0.0,302.03
2023-01-24,21.5,78.75,293.6,0.0,302.11
2023-01-24,21.5,79.0,294.82,0.0,301.08
2023-01-24,21.5,79.25,294.73,1.63,300.81
2023-01-24,21.5,79.5,296.28,0.0,302.48
2023-01-24,21.5,79.75,295.08,0.0,301.67
2023-01-24,21.75,78.75,294.85,0.0,301.81
2023-01-24,21.75,79.0,294.07,0.0,301.6
2023-01-24,21.75,79.25,296.43,0.0,301.52
2023-01-24,21.75,79.5,294.76,0.5,301.45
2023-01-24,21.75,79.75,294.92,0.57,301.68
2023-01-25,20.75,78.75,293.25,0.0,301.96
2023-01-25,20.75,79.0,293.51,0.0,302.52
2023-01-25,20.75,79.25,293.31,4.72,301.15
2023-01-25,20.75,79.5,294.09,0.66,302.11
2023-01-25,20.75,79.75,296.13,0.0,301.06
2023-01-25,21.0,78.75,295.76,1.41,301.2
2023-01-25,21.0,79.0,293.37,7.13,302.39
2023-01-25,21.0,79.25,293.83,0.0,300.63
2023-01-25,21.0,79.5,294.85,0.0,301.63
2023-01-25,21.0,79.75,293.25,3.03,301.71
2023-01-25,21.25,78.75,291.21,0.0,301.52
2023-01-25,21.25,79.0,294.65,0.0,302.06
2023-01-25,21.25,79.25,296.95,0.95,302.57
2023-01-25,21.25,79.5,292.12,0.0,301.65
2023-01-25,21.25,79.75,294.3,0.0,301.33
2023-01-25,21.5,78.75,291.9,0.0,301.48
2023-01-25,21.5,79.0,293.81,0.8,301.93
2023-01-25,21.5,79.25,296.57,0.0,302.12
2023-01-25,21.5,79.5,293.57,0.0,301.74
2023-01-25,21.5,79.75,291.52,0.0,301.55
2023-01-25,21.75,78.75,295.66,0.73,302.17
2023-01-25,21.75,79.0,296.25,0.0,302.11
2023-01-25,21.75,79.25,295.3,0.0,301.92
2023-01-25,21.75,79.5,293.51,0.87,301.46
2023-01-25,21.75,79.75,297.44,0.0,300.93
2023-01-26,20.75,78.75,296.09,0.0,301.58
2023-01-26,20.75,79.0,292.62,0.0,300.49
2023-01-26,20.75,79.25,292.27,1.33,302.11
2023-01-26,20.75,79.5,295.38,1.18,301.78
2023-01-26,20.75,79.75,292.93,0.11,300.36
2023-01-26,21.0,78.75,292.04,0.97,302.39
2023-01-26,21.0,79.0,294.45,0.0,301.55
2023-01-26,21.0,79.25,292.71,0.19,300.98
2023-01-26,21.0,79.5,293.5,0.0,301.31
2023-01-26,21.0,79.75,294.03,1.46,302.0
2023-01-26,21.25,78.75,294.0,0.56,301.07
2023-01-26,21.25,79.0,293.8,9.01,302.03
2023-01-26,21.25,79.25,290.57,1.5,301.13
2023-01-26,21.25,79.5,294.65,0.0,301.57
2023-01-26,21.25,79.75,294.35,0.0,301.76
2023-01-26,21.5,78.75,292.97,0.0,301.58
2023-01-26,21.5,79.0,294.89,0.0,301.22
2023-01-26,21.5,79.25,294.96,0.0,302.09
2023-01-26,21.5,79.5,296.0,0.0,301.17
2023-01-26,21.5,79.75,294.4,0.0,302.49
2023-01-26,21.75,78.75,294.83,1.98,301.93
2023-01-26,21.75,79.0,291.38,1.98,302.3
2023-01-26,21.75,79.25,292.62,0.41,302.86
2023-01-26,21.75,79.5,295.36,0.0,301.58
2023-01-26,21.75,79.75,297.1,0.0,301.53
2023-01-27,20.75,78.75,294.63,0.0,301.63
2023-01-27,20.75,79.0,295.09,0.0,301.66
2023-01-27,20.75,79.25,295.41,0.0,302.04
2023-01-27,20.75,79.5,296.98,0.0,302.63
2023-01-27,20.75,79.75,294.93,5.52,301.34
2023-01-27,21.0,78.75,294.01,0.0,301.93
2023-01-27,21.0,79.0,292.64,0.0,303.2
2023-01-27,21.0,79.25,295.44,0.0,301.79
2023-01-27,21.0,79.5,294.02,0.0,301.4
2023-01-27,21.0,79.75,293.47,6.41,302.01
2023-01-27,21.25,78.75,295.23,0.0,301.72
2023-01-27,21.25,79.0,295.01,0.98,302.38
2023-01-27,21.25,79.25,295.33,0.0,301.38
2023-01-27,21.25,79.5,294.9,5.91,301.94
2023-01-27,21.25,79.75,295.54,0.0,301.96
2023-01-27,21.5,78.75,296.66,0.0,301.58
2023-01-27,21.5,79.0,293.09,0.0,302.11
2023-01-27,21.5,79.25,294.63,0.0,302.23
2023-01-27,21.5,79.5,295.06,3.75,302.74
2023-01-27,21.5,79.75,296.0,0.0,301.89
2023-01-27,21.75,78.75,295.64,0.0,302.13
2023-01-27,21.75,79.0,295.99,0.42,302.05
2023-01-27,21.75,79.25,298.69,0.0,301.02
2023-01-27,21.75,79.5,292.87,1.95,301.93
2023-01-27,21.75,79.75,293.67,0.84,301.29
2023-01-28,20.75,78.75,292.5,0.0,301.38
2023-01-28,20.75,79.0,292.41,0.0,301.83
2023-01-28,20.75,79.25,294.23,0.0,302.28
2023-01-28,20.75,79.5,294.89,0.62,300.65
2023-01-28,20.75,79.75,295.72,0.0,302.41
2023-01-28,21.0,78.75,295.72,0.0,300.83
2023-01-28,21.0,79.0,296.86,0.0,301.24
2023-01-28,21.0,79.25,294.31,0.0,302.2
2023-01-28,21.0,79.5,294.02,0.0,301.34
2023-01-28,21.0,79.75,296.13,0.5,301.36
2023-01-28,21.25,78.75,293.09,0.0,301.83
2023-01-28,21.25,79.0,295.54,0.0,301.9
2023-01-28,21.25,79.25,296.38,0.0,301.52
2023-01-28,21.25,79.5,296.77,2.09,301.47
2023-01-28,21.25,79.75,293.13,1.87,302.8
2023-01-28,21.5,78.75,295.43,0.0,301.71
2023-01-28,21.5,79.0,292.14,0.02,302.01
2023-01-28,21.5,79.25,296.59,0.0,302.52
2023-01-28,21.5,79.5,295.57,0.13,302.4
2023-01-28,21.5,79.75,295.36,3.09,301.36
2023-01-28,21.75,78.75,293.58,1.56,302.03
2023-01-28,21.75,79.0,293.5,0.0,301.79
2023-01-28,21.75,79.25,295.34,2.53,300.89
2023-01-28,21.75,79.5,294.35,4.88,301.65
2023-01-28,21.75,79.75,295.72,0.0,301.6
2023-01-29,20.75,78.75,293.76,0.0,302.11
2023-01-29,20.75,79.0,292.28,1.25,302.63
2023-01-29,20.75,79.25,296.66,0.0,301.32
2023-01-29,20.75,79.5,293.92,3.59,301.65
2023-01-29,20.75,79.75,294.25,0.0,301.88
2023-01-29,21.0,78.75,296.58,0.0,300.74
2023-01-29,21.0,79.0,294.66,4.01,301.74
2023-01-29,21.0,79.25,294.08,4.16,301.72
2023-01-29,21.0,79.5,296.74,1.1,302.15
2023-01-29,21.0,79.75,292.64,1.13,301.39
2023-01-29,21.25,78.75,292.07,0.0,302.15
2023-01-29,21.25,79.0,295.63,0.0,301.13
2023-01-29,21.25,79.25,293.68,0.17,301.64
2023-01-29,21.25,79.5,292.58,0.7,301.78
2023-01-29,21.25,79.75,294.76,5.26,301.7
2023-01-29,21.5,78.75,293.74,0.0,301.76
2023-01-29,21.5,79.0,294.36,2.36,301.39
2023-01-29,21.5,79.25,295.95,0.0,302.22
2023-01-29,21.5,79.5,296.34,0.0,300.56
2023-01-29,21.5,79.75,293.76,0.0,301.21
2023-01-29,21.75,78.75,295.05,0.0,301.09
2023-01-29,21.75,79.0,295.46,0.0,301.72
2023-01-29,21.75,79.25,294.81,0.0,302.26
2023-01-29,21.75,79.5,295.31,5.36,302.62
2023-01-29,21.75,79.75,294.3,0.0,301.75
2023-01-30,20.75,78.75,294.9,0.0,301.68
2023-01-30,20.75,79.0,294.07,0.61,302.0
2023-01-30,20.75,79.25,295.48,2.6,302.54
2023-01-30,20.75,79.5,296.04,0.0,301.81
2023-01-30,20.75,79.75,293.88,0.0,302.08
2023-01-30,21.0,78.75,295.49,2.09,301.13
2023-01-30,21.0,79.0,295.67,0.0,301.45
2023-01-30,21.0,79.25,296.23,3.27,301.64
2023-01-30,21.0,79.5,294.51,0.0,301.04
2023-01-30,21.0,79.75,295.42,0.0,301.72
2023-01-30,21.25,78.75,292.72,5.27,300.92
2023-01-30,21.25,79.0,297.58,0.0,301.89
2023-01-30,21.25,79.25,295.07,0.0,301.03
2023-01-30,21.25,79.5,293.94,0.47,302.03
2023-01-30,21.25,79.75,293.52,0.84,301.71
2023-01-30,21.5,78.75,294.47,0.0,302.47
2023-01-30,21.5,79.0,296.7,0.0,301.19
2023-01-30,21.5,79.25,295.18,0.13,301.13
2023-01-30,21.5,79.5,292.71,0.0,301.83
2023-01-30,21.5,79.75,295.23,0.0,301.65
2023-01-30,21.75,78.75,295.24,6.36,301.9
2023-01-30,21.75,79.0,295.9,0.0,301.93
2023-01-30,21.75,79.25,293.37,1.9,301.69
2023-01-30,21.75,79.5,292.85,0.0,302.02
2023-01-30,21.75,79.75,293.67,0.0,301.37
2023-01-31,20.75,78.75,294.15,0.0,301.2
2023-01-31,20.75,79.0,295.63,0.0,301.6
2023-01-31,20.75,79.25,292.62,0.0,301.96
2023-01-31,20.75,79.5,293.67,0.44,302.23
2023-01-31,20.75,79.75,292.62,0.0,302.24
2023-01-31,21.0,78.75,295.15,2.63,301.52
2023-01-31,21.0,79.0,296.57,1.82,302.25
2023-01-31,21.0,79.25,295.58,0.0,302.52
2023-01-31,21.0,79.5,297.1,0.0,302.09
2023-01-31,21.0,79.75,294.19,0.0,302.19
2023-01-31,21.25,78.75,294.29,1.87,301.91
2023-01-31,21.25,79.0,294.04,0.0,301.35
2023-01-31,21.25,79.25,295.72,0.61,302.02
2023-01-31,21.25,79.5,294.82,3.11,301.76
2023-01-31,21.25,79.75,293.04,0.0,302.12
2023-01-31,21.5,78.75,295.31,0.88,302.01
2023-01-31,21.5,79.0,295.55,1.0,301.97
2023-01-31,21.5,79.25,297.05,1.39,301.37
2023-01-31,21.5,79.5,292.9,0.0,302.36
2023-01-31,21.5,79.75,295.11,0.0,301.73
2023-01-31,21.75,78.75,295.14,5.71,301.55
2023-01-31,21.75,79.0,292.41,0.0,301.82
2023-01-31,21.75,79.25,296.38,0.0,301.8
2023-01-31,21.75,79.5,297.96,0.0,301.58
2023-01-31,21.75,79.75,293.25,0.0,302.33
2023-02-01,20.75,78.75,293.66,0.0,302.03
2023-02-01,20.75,79.0,292.63,0.0,301.62
2023-02-01,20.75,79.25,293.16,7.7,301.93
2023-02-01,20.75,79.5,295.09,0.53,301.63
2023-02-01,20.75,79.75,297.73,0.68,302.44
2023-02-01,21.0,78.75,294.0,0.0,301.61
2023-02-01,21.0,79.0,294.8,0.0,301.34
2023-02-01,21.0,79.25,294.2,1.96,301.94
2023-02-01,21.0,79.5,294.46,0.0,302.23
2023-02-01,21.0,79.75,295.25,0.0,301.34
2023-02-01,21.25,78.75,295.06,0.0,301.98
2023-02-01,21.25,79.0,291.93,0.0,302.49
2023-02-01,21.25,79.25,299.49,0.0,301.34
2023-02-01,21.25,79.5,297.19,0.0,300.87
2023-02-01,21.25,79.75,293.21,0.0,302.38
2023-02-01,21.5,78.75,295.52,1.22,301.0
2023-02-01,21.5,79.0,293.76,4.02,301.94
2023-02-01,21.5,79.25,294.13,0.3,300.7
2023-02-01,21.5,79.5,294.67,0.0,301.22
2023-02-01,21.5,79.75,296.12,0.0,302.35
2023-02-01,21.75,78.75,295.14,0.0,302.86
2023-02-01,21.75,79.0,296.71,0.19,301.6
2023-02-01,21.75,79.25,295.0,0.0,301.29
2023-02-01,21.75,79.5,294.87,0.77,302.01
2023-02-01,21.75,79.75,293.92,1.1,301.31
2023-02-02,20.75,78.75,293.02,1.64,301.66
2023-02-02,20.75,79.0,291.86,0.0,300.85
2023-02-02,20.75,79.25,296.7,1.87,301.37
2023-02-02,20.75,79.5,296.62,0.0,301.82
2023-02-02,20.75,79.75,297.92,0.81,301.74
2023-02-02,21.0,78.75,294.05,0.0,301.57
2023-02-02,21.0,79.0,293.78,0.0,301.87
2023-02-02,21.0,79.25,294.3,0.0,301.81
2023-02-02,21.0,79.5,296.99,0.0,302.1
2023-02-02,21.0,79.75,295.91,0.0,301.68
2023-02-02,21.25,78.75,296.77,1.91,301.56
2023-02-02,21.25,79.0,294.52,0.39,301.8
2023-02-02,21.25,79.25,296.6,1.8,301.63
2023-02-02,21.25,79.5,297.78,0.95,301.43
2023-02-02,21.25,79.75,293.09,0.0,302.56
2023-02-02,21.5,78.75,294.4,0.0,302.26
2023-02-02,21.5,79.0,296.68,0.0,302.2
2023-02-02,21.5,79.25,294.83,0.0,301.76
2023-02-02,21.5,79.5,295.05,4.86,301.15
2023-02-02,21.5,79.75,297.08,0.0,301.91
2023-02-02,21.75,78.75,295.14,0.0,301.33
2023-02-02,21.75,79.0,295.64,4.23,300.94
2023-02-02,21.75,79.25,295.55,0.13,302.24
2023-02-02,21.75,79.5,295.01,0.0,302.11
2023-02-02,21.75,79.75,293.7,0.79,302.79
2023-02-03,20.75,78.75,294.76,0.0,301.59
2023-02-03,20.75,79.0,295.3,0.0,300.7
2023-02-03,20.75,79.25,295.49,1.53,301.41
2023-02-03,20.75,79.5,294.33,0.0,301.61
2023-02-03,20.75,79.75,292.52,2.74,301.61
2023-02-03,21.0,78.75,297.1,0.54,302.27
2023-02-03,21.0,79.0,296.1,0.0,302.67
2023-02-03,21.0,79.25,295.81,0.12,302.12
2023-02-03,21.0,79.5,296.37,0.59,300.93
2023-02-03,21.0,79.75,295.68,0.0,301.94
2023-02-03,21.25,78.75,293.91,2.93,300.93
2023-02-03,21.25,79.0,295.43,0.0,301.01
2023-02-03,21.25,79.25,293.3,0.0,301.88
2023-02-03,21.25,79.5,292.28,0.0,301.81
2023-02-03,21.25,79.75,297.24,6.54,301.84
2023-02-03,21.5,78.75,294.22,0.0,301.55
2023-02-03,21.5,79.0,295.09,0.0,302.03
2023-02-03,21.5,79.25,293.68,0.0,301.86
2023-02-03,21.5,79.5,296.34,0.0,301.67
2023-02-03,21.5,79.75,295.1,1.15,301.37
2023-02-03,21.75,78.75,293.93,0.0,301.49
2023-02-03,21.75,79.0,293.25,0.0,302.28
2023-02-03,21.75,79.25,296.91,0.0,301.02
2023-02-03,21.75,79.5,294.64,0.0,301.15
2023-02-03,21.75,79.75,296.67,1.94,302.41
2023-02-04,20.75,78.75,294.94,2.24,302.09
2023-02-04,20.75,79.0,296.4,3.23,302.16
2023-02-04,20.75,79.25,294.24,4.14,302.24
2023-02-04,20.75,79.5,295.03,0.0,301.24
2023-02-04,20.75,79.75,293.11,0.0,301.84
2023-02-04,21.0,78.75,295.78,0.0,301.3
2023-02-04,21.0,79.0,297.58,0.0,302.31
2023-02-04,21.0,79.25,296.84,0.0,302.56
2023-02-04,21.0,79.5,295.03,0.0,301.77
2023-02-04,21.0,79.75,291.73,1.48,302.15
2023-02-04,21.25,78.75,295.43,0.0,301.87
2023-02-04,21.25,79.0,296.33,0.55,301.51
2023-02-04,21.25,79.25,294.09,0.89,301.0
2023-02-04,21.25,79.5,296.8,0.0,301.39
2023-02-04,21.25,79.75,293.51,0.28,302.01
2023-02-04,21.5,78.75,295.54,0.0,301.8
2023-02-04,21.5,79.0,296.45,1.32,301.72
2023-02-04,21.5,79.25,295.6,0.0,302.0
2023-02-04,21.5,79.5,297.32,0.0,300.99
2023-02-04,21.5,79.75,295.35,0.0,301.71
2023-02-04,21.75,78.75,296.5,2.2,301.71
2023-02-04,21.75,79.0,294.91,0.0,301.51
2023-02-04,21.75,79.25,298.09,0.06,301.33
2023-02-04,21.75,79.5,291.34,0.0,301.91
2023-02-04,21.75,79.75,295.9,0.34,301.28
2023-02-05,20.75,78.75,294.7,0.0,301.64
2023-02-05,20.75,79.0,292.08,0.31,302.22
2023-02-05,20.75,79.25,295.64,0.0,301.44
2023-02-05,20.75,79.5,293.97,0.0,301.99
2023-02-05,20.75,79.75,297.95,0.4,301.81
2023-02-05,21.0,78.75,293.55,0.3,301.77
2023-02-05,21.0,79.0,296.79,0.0,301.72
2023-02-05,21.0,79.25,293.63,0.0,301.58
2023-02-05,21.0,79.5,296.21,0.0,301.88
2023-02-05,21.0,79.75,295.15,0.0,301.79
2023-02-05,21.25,78.75,293.36,0.64,302.2
2023-02-05,21.25,79.0,295.1,1.27,301.43
2023-02-05,21.25,79.25,296.55,0.0,301.09
2023-02-05,21.25,79.5,294.54,0.0,302.15
2023-02-05,21.25,79.75,296.06,1.59,300.34
2023-02-05,21.5,78.75,292.87,1.84,302.04
2023-02-05,21.5,79.0,295.41,0.0,302.37
2023-02-05,21.5,79.25,295.34,0.0,301.76
2023-02-05,21.5,79.5,295.28,0.0,301.79
2023-02-05,21.5,79.75,295.08,0.0,302.45
2023-02-05,21.75,78.75,296.37,0.0,301.95
2023-02-05,21.75,79.0,294.1,0.0,301.54
2023-02-05,21.75,79.25,294.64,0.75,301.63
2023-02-05,21.75,79.5,293.76,0.0,301.32
2023-02-05,21.75,79.75,295.47,0.0,301.46
2023-02-06,20.75,78.75,295.55,0.0,302.22
2023-02-06,20.75,79.0,295.82,0.0,301.8
2023-02-06,20.75,79.25,295.0,0.0,302.11
2023-02-06,20.75,79.5,297.72,0.0,302.5
2023-02-06,20.75,79.75,296.51,2.04,301.63
2023-02-06,21.0,78.75,296.76,0.0,301.19
2023-02-06,21.0,79.0,294.17,0.0,300.88
2023-02-06,21.0,79.25,295.62,0.0,300.49
2023-02-06,21.0,79.5,292.81,0.0,301.14
2023-02-06,21.0,79.75,294.87,4.6,301.66
2023-02-06,21.25,78.75,295.93,0.0,301.5
2023-02-06,21.25,79.0,296.05,0.0,302.32
2023-02-06,21.25,79.25,294.89,0.49,301.07
2023-02-06,21.25,79.5,296.08,0.0,302.0
2023-02-06,21.25,79.75,295.49,0.0,302.43
2023-02-06,21.5,78.75,295.76,0.0,301.96
2023-02-06,21.5,79.0,295.62,0.95,301.74
2023-02-06,21.5,79.25,295.89,0.0,301.73
2023-02-06,21.5,79.5,294.58,0.0,301.1
2023-02-06,21.5,79.75,296.33,0.0,302.49
2023-02-06,21.75,78.75,291.89,2.32,301.34
2023-02-06,21.75,79.0,295.26,0.07,301.64
2023-02-06,21.75,79.25,293.83,0.0,301.37
2023-02-06,21.75,79.5,297.61,0.0,301.56
2023-02-06,21.75,79.75,296.75,0.0,302.84
2023-02-07,20.75,78.75,295.46,0.0,300.49
2023-02-07,20.75,79.0,293.24,0.0,302.58
2023-02-07,20.75,79.25,297.66,0.0,300.49
2023-02-07,20.75,79.5,295.88,0.0,301.47
2023-02-07,20.75,79.75,296.89,0.0,301.93
2023-02-07,21.0,78.75,297.01,1.79,301.92
2023-02-07,21.0,79.0,293.56,0.0,301.64
2023-02-07,21.0,79.25,294.57,0.0,301.8
2023-02-07,21.0,79.5,294.11,0.0,301.87
2023-02-07,21.0,79.75,295.51,0.0,301.9
2023-02-07,21.25,78.75,294.74,0.0,301.36
2023-02-07,21.25,79.0,295.02,0.24,301.58
2023-02-07,21.25,79.25,294.02,0.0,302.57
2023-02-07,21.25,79.5,296.01,0.0,301.4
2023-02-07,21.25,79.75,295.76,4.24,301.93
2023-02-07,21.5,78.75,293.75,0.0,301.34
2023-02-07,21.5,79.0,293.8,0.87,301.82
2023-02-07,21.5,79.25,294.72,0.9,302.15
2023-02-07,21.5,79.5,297.33,0.0,302.12
2023-02-07,21.5,79.75,295.42,0.0,302.55
2023-02-07,21.75,78.75,296.75,0.0,301.58
2023-02-07,21.75,79.0,294.94,0.0,302.09
2023-02-07,21.75,79.25,294.21,0.0,301.9
2023-02-07,21.75,79.5,294.71,0.0,302.17
2023-02-07,21.75,79.75,295.01,0.0,301.14
2023-02-08,20.75,78.75,295.12,0.0,301.64
2023-02-08,20.75,79.0,293.27,0.0,301.36
2023-02-08,20.75,79.25,297.02,0.0,301.09
2023-02-08,20.75,79.5,294.56,0.0,301.53
2023-02-08,20.75,79.75,293.99,5.13,301.67
2023-02-08,21.0,78.75,293.03,0.0,301.47
2023-02-08,21.0,79.0,294.06,3.33,300.88
2023-02-08,21.0,79.25,296.04,0.0,301.98
2023-02-08,21.0,79.5,296.16,0.0,300.79
2023-02-08,21.0,79.75,297.06,0.0,300.81
2023-02-08,21.25,78.75,292.36,0.0,302.53
2023-02-08,21.25,79.0,295.23,0.45,302.01
2023-02-08,21.25,79.25,295.78,2.8,301.84
2023-02-08,21.25,79.5,292.83,1.13,301.5
2023-02-08,21.25,79.75,295.21,0.0,301.38
2023-02-08,21.5,78.75,297.01,0.0,301.38
2023-02-08,21.5,79.0,293.01,2.76,301.47
2023-02-08,21.5,79.25,292.75,0.0,302.34
2023-02-08,21.5,79.5,293.61,0.0,301.06
2023-02-08,21.5,79.75,295.17,0.0,302.0
2023-02-08,21.75,78.75,296.27,0.0,301.96
2023-02-08,21.75,79.0,297.05,0.55,302.86
2023-02-08,21.75,79.25,291.95,0.0,301.26
2023-02-08,21.75,79.5,296.89,0.15,300.65
2023-02-08,21.75,79.75,298.0,0.5,301.6
2023-02-09,20.75,78.75,296.16,0.0,301.35
2023-02-09,20.75,79.0,293.79,0.0,301.47
2023-02-09,20.75,79.25,296.08,0.0,300.81
2023-02-09,20.75,79.5,292.38,0.0,302.15
2023-02-09,20.75,79.75,294.69,0.0,301.67
2023-02-09,21.0,78.75,296.85,0.0,300.79
2023-02-09,21.0,79.0,295.35,0.57,301.18
2023-02-09,21.0,79.25,294.48,7.92,301.73
2023-02-09,21.0,79.5,293.7,2.97,301.59
2023-02-09,21.0,79.75,295.03,0.16,301.3
2023-02-09,21.25,78.75,293.37,0.0,301.57
2023-02-09,21.25,79.0,297.41,0.0,300.81
2023-02-09,21.25,79.25,296.35,0.0,301.33
2023-02-09,21.25,79.5,297.69,0.0,301.92
2023-02-09,21.25,79.75,295.99,0.06,302.02
2023-02-09,21.5,78.75,295.58,0.0,302.06
2023-02-09,21.5,79.0,294.74,2.63,301.11
2023-02-09,21.5,79.25,295.75,0.05,301.66
2023-02-09,21.5,79.5,297.82,0.02,302.07
2023-02-09,21.5,79.75,295.35,0.0,301.82
2023-02-09,21.75,78.75,295.9,0.0,301.63
2023-02-09,21.75,79.0,294.84,0.0,300.49
2023-02-09,21.75,79.25,294.99,0.0,301.2
2023-02-09,21.75,79.5,292.84,0.0,301.45
2023-02-09,21.75,79.75,295.77,0.0,300.94
2023-02-10,20.75,78.75,295.88,0.0,300.41
2023-02-10,20.75,79.0,296.57,2.58,301.63
2023-02-10,20.75,79.25,296.56,0.0,301.46
2023-02-10,20.75,79.5,293.77,0.0,301.77
2023-02-10,20.75,79.75,295.51,0.0,301.5
2023-02-10,21.0,78.75,295.22,4.24,300.89
2023-02-10,21.0,79.0,294.38,0.0,301.41
2023-02-10,21.0,79.25,294.58,0.0,301.67
2023-02-10,21.0,79.5,294.14,1.08,301.64
2023-02-10,21.0,79.75,293.83,0.0,300.67
2023-02-10,21.25,78.75,295.25,0.0,301.18
2023-02-10,21.25,79.0,294.65,0.72,301.86
2023-02-10,21.25,79.25,295.54,0.0,302.15
2023-02-10,21.25,79.5,296.02,0.52,301.28
2023-02-10,21.25,79.75,296.0,0.0,302.32
2023-02-10,21.5,78.75,295.36,6.03,300.98
2023-02-10,21.5,79.0,296.6,3.43,301.28
2023-02-10,21.5,79.25,295.43,1.03,301.34
2023-02-10,21.5,79.5,295.4,0.41,301.94
2023-02-10,21.5,79.75,291.52,2.08,301.19
2023-02-10,21.75,78.75,293.58,0.0,302.71
2023-02-10,21.75,79.0,296.43,1.92,302.31
2023-02-10,21.75,79.25,295.22,0.0,302.3
2023-02-10,21.75,79.5,295.9,0.0,300.99
2023-02-10,21.75,79.75,296.77,0.0,300.88
2023-02-11,20.75,78.75,294.21,0.0,302.62
2023-02-11,20.75,79.0,298.02,0.0,302.28
2023-02-11,20.75,79.25,296.45,0.0,301.49
2023-02-11,20.75,79.5,295.04,0.0,301.94
2023-02-11,20.75,79.75,296.56,1.29,301.71
2023-02-11,21.0,78.75,298.09,0.0,301.01
2023-02-11,21.0,79.0,294.87,0.0,301.94
2023-02-11,21.0,79.25,293.74,3.18,302.33
2023-02-11,21.0,79.5,294.07,0.0,300.73
2023-02-11,21.0,79.75,297.18,0.0,301.51
2023-02-11,21.25,78.75,298.1,0.0,301.86
2023-02-11,21.25,79.0,295.99,1.36,301.37
2023-02-11,21.25,79.25,298.46,0.0,302.0
2023-02-11,21.25,79.5,295.07,0.0,302.56
2023-02-11,21.25,79.75,296.24,0.0,301.13
2023-02-11,21.5,78.75,295.3,0.0,301.53
2023-02-11,21.5,79.0,293.8,0.85,301.07
2023-02-11,21.5,79.25,296.35,0.0,301.76
2023-02-11,21.5,79.5,298.6,0.0,301.48
2023-02-11,21.5,79.75,294.92,0.0,301.17
2023-02-11,21.75,78.75,297.82,1.91,301.54
2023-02-11,21.75,79.0,295.48,0.0,301.44
2023-02-11,21.75,79.25,293.99,0.0,300.61
2023-02-11,21.75,79.5,294.33,0.0,302.41
2023-02-11,21.75,79.75,295.99,7.19,302.8
2023-02-12,20.75,78.75,293.29,0.0,301.85
2023-02-12,20.75,79.0,298.09,3.33,301.23
2023-02-12,20.75,79.25,294.71,0.0,300.7
2023-02-12,20.75,79.5,295.21,3.3,301.96
2023-02-12,20.75,79.75,295.46,0.0,301.22
2023-02-12,21.0,78.75,295.52,4.51,301.52
2023-02-12,21.0,79.0,295.06,0.0,301.9
2023-02-12,21.0,79.25,293.55,0.0,301.84
2023-02-12,21.0,79.5,296.5,0.0,301.73
2023-02-12,21.0,79.75,294.03,0.0,301.17
2023-02-12,21.25,78.75,297.01,0.0,301.42
2023-02-12,21.25,79.0,294.94,0.0,302.28
2023-02-12,21.25,79.25,294.76,1.84,301.95
2023-02-12,21.25,79.5,296.11,4.77,302.16
2023-02-12,21.25,79.75,293.87,0.72,301.75
2023-02-12,21.5,78.75,295.81,0.83,301.28
2023-02-12,21.5,79.0,298.22,0.0,301.5
2023-02-12,21.5,79.25,297.39,0.0,302.14
2023-02-12,21.5,79.5,293.33,0.0,301.29
2023-02-12,21.5,79.75,297.43,0.0,301.47
2023-02-12,21.75,78.75,296.37,2.52,301.76
2023-02-12,21.75,79.0,294.59,0.0,301.68
2023-02-12,21.75,79.25,295.06,0.0,301.69
2023-02-12,21.75,79.5,297.71,13.18,302.16
2023-02-12,21.75,79.75,297.29,0.12,302.33
2023-02-13,20.75,78.75,296.53,0.78,301.86
2023-02-13,20.75,79.0,295.58,1.27,302.11
2023-02-13,20.75,79.25,293.2,2.14,301.17
2023-02-13,20.75,79.5,294.43,0.0,300.44
2023-02-13,20.75,79.75,298.08,0.0,301.25
2023-02-13,21.0,78.75,293.97,4.95,301.86
2023-02-13,21.0,79.0,294.18,1.21,302.22
2023-02-13,21.0,79.25,295.34,2.77,302.4
2023-02-13,21.0,79.5,296.03,0.31,301.99
2023-02-13,21.0,79.75,294.7,0.0,302.15
2023-02-13,21.25,78.75,293.06,1.21,302.14
2023-02-13,21.25,79.0,295.82,0.77,301.19
2023-02-13,21.25,79.25,292.13,0.0,301.28
2023-02-13,21.25,79.5,296.16,2.59,300.92
2023-02-13,21.25,79.75,296.95,0.0,301.69
2023-02-13,21.5,78.75,297.56,0.0,301.32
2023-02-13,21.5,79.0,297.16,1.1,301.48
2023-02-13,21.5,79.25,296.52,1.24,301.24
2023-02-13,21.5,79.5,292.91,0.0,302.19
2023-02-13,21.5,79.75,295.88,0.0,301.92
2023-02-13,21.75,78.75,294.79,4.06,301.25
2023-02-13,21.75,79.0,295.82,0.0,301.66
2023-02-13,21.75,79.25,298.31,1.71,302.0
2023-02-13,21.75,79.5,297.67,0.0,302.06
2023-02-13,21.75,79.75,295.62,0.0,302.05
2023-02-14,20.75,78.75,295.42,0.24,301.48
2023-02-14,20.75,79.0,295.9,0.03,301.16
2023-02-14,20.75,79.25,291.38,0.0,301.57
2023-02-14,20.75,79.5,294.25,0.0,301.37
2023-02-14,20.75,79.75,294.71,2.4,301.42
2023-02-14,21.0,78.75,295.5,0.0,302.24
2023-02-14,21.0,79.0,297.23,0.0,301.51
2023-02-14,21.0,79.25,299.36,0.79,301.58
2023-02-14,21.0,79.5,296.07,2.98,301.37
2023-02-14,21.0,79.75,296.8,2.37,301.49
2023-02-14,21.25,78.75,295.54,0.0,301.47
2023-02-14,21.25,79.0,294.49,0.0,301.16
2023-02-14,21.25,79.25,295.68,0.0,301.34
2023-02-14,21.25,79.5,293.57,0.5,301.52
2023-02-14,21.25,79.75,296.11,1.19,302.13
2023-02-14,21.5,78.75,299.55,0.02,301.23
2023-02-14,21.5,79.0,295.42,0.4,302.07
2023-02-14,21.5,79.25,294.88,1.59,301.96
2023-02-14,21.5,79.5,295.41,0.0,301.26
2023-02-14,21.5,79.75,293.49,1.46,301.36
2023-02-14,21.75,78.75,295.67,0.0,302.04
2023-02-14,21.75,79.0,295.76,0.0,301.99
2023-02-14,21.75,79.25,297.48,0.0,301.31
2023-02-14,21.75,79.5,293.35,0.97,301.67
2023-02-14,21.75,79.75,293.9,0.04,302.01
2023-02-15,20.75,78.75,296.62,2.7,301.51
2023-02-15,20.75,79.0,295.56,0.0,303.37
2023-02-15,20.75,79.25,298.13,0.0,301.59
2023-02-15,20.75,79.5,296.17,0.0,301.1
2023-02-15,20.75,79.75,296.55,0.0,300.66
2023-02-15,21.0,78.75,296.25,0.66,302.23
2023-02-15,21.0,79.0,296.43,0.0,301.27
2023-02-15,21.0,79.25,296.76,0.0,301.21
2023-02-15,21.0,79.5,296.08,0.59,301.61
2023-02-15,21.0,79.75,294.33,0.0,300.9
2023-02-15,21.25,78.75,294.27,0.0,302.38
2023-02-15,21.25,79.0,298.35,0.0,302.19
2023-02-15,21.25,79.25,295.11,0.35,301.88
2023-02-15,21.25,79.5,295.35,0.0,301.48
2023-02-15,21.25,79.75,295.2,0.0,301.17
2023-02-15,21.5,78.75,299.82,0.0,302.04
2023-02-15,21.5,79.0,297.04,0.0,301.31
2023-02-15,21.5,79.25,294.46,0.0,300.8
2023-02-15,21.5,79.5,296.39,0.0,301.55
2023-02-15,21.5,79.75,294.8,0.0,302.2
2023-02-15,21.75,78.75,298.93,0.0,301.7
2023-02-15,21.75,79.0,295.29,0.0,302.06
2023-02-15,21.75,79.25,297.01,0.0,301.69
2023-02-15,21.75,79.5,296.92,0.0,300.64
2023-02-15,21.75,79.75,298.04,0.0,301.56
2023-02-16,20.75,78.75,294.1,1.39,301.86
2023-02-16,20.75,79.0,294.75,7.75,301.89
2023-02-16,20.75,79.25,296.44,0.0,301.65
2023-02-16,20.75,79.5,296.61,0.67,300.64
2023-02-16,20.75,79.75,299.65,2.05,302.11
2023-02-16,21.0,78.75,296.72,0.92,300.94
2023-02-16,21.0,79.0,295.67,0.0,302.06
2023-02-16,21.0,79.25,295.81,0.0,300.88
2023-02-16,21.0,79.5,298.19,0.0,301.61
2023-02-16,21.0,79.75,293.64,5.88,301.18
2023-02-16,21.25,78.75,296.6,0.0,301.68
2023-02-16,21.25,79.0,295.5,0.0,301.87
2023-02-16,21.25,79.25,295.89,0.0,301.35
2023-02-16,21.25,79.5,296.63,1.78,301.42
2023-02-16,21.25,79.75,296.16,0.0,301.25
2023-02-16,21.5,78.75,295.81,0.65,301.53
2023-02-16,21.5,79.0,296.58,0.43,301.93
2023-02-16,21.5,79.25,298.04,0.01,301.25
2023-02-16,21.5,79.5,296.16,0.0,301.28
2023-02-16,21.5,79.75,297.55,0.07,301.65
2023-02-16,21.75,78.75,297.03,1.58,301.97
2023-02-16,21.75,79.0,297.81,0.0,302.41
2023-02-16,21.75,79.25,298.04,0.0,301.86
2023-02-16,21.75,79.5,299.24,0.0,302.02
2023-02-16,21.75,79.75,295.78,1.1,302.14
2023-02-17,20.75,78.75,294.93,0.0,301.28
2023-02-17,20.75,79.0,297.07,0.0,300.6
2023-02-17,20.75,79.25,295.42,0.0,301.76
2023-02-17,20.75,79.5,297.43,0.0,300.45
2023-02-17,20.75,79.75,296.03,0.09,302.47
2023-02-17,21.0,78.75,293.65,1.53,300.99
2023-02-17,21.0,79.0,295.42,1.9,301.54
2023-02-17,21.0,79.25,293.8,0.22,301.49
2023-02-17,21.0,79.5,296.38,0.0,301.42
2023-02-17,21.0,79.75,296.28,0.0,300.9
2023-02-17,21.25,78.75,296.92,0.43,302.34
2023-02-17,21.25,79.0,294.89,3.61,301.29
2023-02-17,21.25,79.25,297.19,1.31,301.62
2023-02-17,21.25,79.5,296.09,0.57,301.85
2023-02-17,21.25,79.75,301.12,0.0,301.46
2023-02-17,21.5,78.75,296.58,0.0,300.84
2023-02-17,21.5,79.0,298.42,1.22,301.63
2023-02-17,21.5,79.25,296.5,0.0,301.89
2023-02-17,21.5,79.5,296.3,0.0,301.39
2023-02-17,21.5,79.75,297.44,0.0,301.57
2023-02-17,21.75,78.75,298.99,0.15,301.42
2023-02-17,21.75,79.0,294.84,0.0,302.51
2023-02-17,21.75,79.25,298.3,0.0,301.54
2023-02-17,21.75,79.5,294.78,0.0,301.01
2023-02-17,21.75,79.75,296.29,0.13,300.93
2023-02-18,20.75,78.75,295.68,0.0,301.06
2023-02-18,20.75,79.0,294.15,2.0,301.65
2023-02-18,20.75,79.25,296.74,0.0,301.72
2023-02-18,20.75,79.5,297.33,0.0,301.97
2023-02-18,20.75,79.75,298.75,0.0,301.87
2023-02-18,21.0,78.75,297.15,0.0,300.83
2023-02-18,21.0,79.0,294.6,0.11,301.76
2023-02-18,21.0,79.25,296.87,0.0,301.71
2023-02-18,21.0,79.5,295.58,1.29,301.76
2023-02-18,21.0,79.75,295.38,0.0,301.84
2023-02-18,21.25,78.75,297.86,0.19,302.0
2023-02-18,21.25,79.0,295.96,0.0,301.97
2023-02-18,21.25,79.25,298.5,0.0,301.33
2023-02-18,21.25,79.5,296.27,0.0,302.28
2023-02-18,21.25,79.75,294.96,1.15,301.92
2023-02-18,21.5,78.75,294.63,0.0,302.32
2023-02-18,21.5,79.0,293.62,0.06,300.75
2023-02-18,21.5,79.25,296.63,0.0,301.09
2023-02-18,21.5,79.5,292.88,0.0,300.64
2023-02-18,21.5,79.75,295.18,0.0,301.45
2023-02-18,21.75,78.75,293.55,0.0,301.47
2023-02-18,21.75,79.0,296.54,0.14,301.08
2023-02-18,21.75,79.25,295.98,0.0,301.97
2023-02-18,21.75,79.5,297.34,0.29,301.46
2023-02-18,21.75,79.75,297.06,0.0,301.63
2023-02-19,20.75,78.75,294.59,0.94,301.06
2023-02-19,20.75,79.0,295.19,2.12,301.45
2023-02-19,20.75,79.25,301.5,0.57,302.22
2023-02-19,20.75,79.5,296.84,0.0,301.52
2023-02-19,20.75,79.75,296.38,0.29,301.6
2023-02-19,21.0,78.75,297.68,0.0,301.19
2023-02-19,21.0,79.0,294.99,0.0,301.88
2023-02-19,21.0,79.25,296.23,0.9,301.61
2023-02-19,21.0,79.5,297.54,0.57,300.82
2023-02-19,21.0,79.75,294.97,0.0,301.47
2023-02-19,21.25,78.75,295.29,1.74,301.51
2023-02-19,21.25,79.0,295.33,1.07,301.27
2023-02-19,21.25,79.25,293.83,0.0,302.5
2023-02-19,21.25,79.5,297.31,0.0,301.89
2023-02-19,21.25,79.75,300.29,0.0,300.67
2023-02-19,21.5,78.75,295.78,0.0,301.89
2023-02-19,21.5,79.0,295.07,0.0,301.24
2023-02-19,21.5,79.25,294.36,0.78,301.04
2023-02-19,21.5,79.5,298.97,0.0,302.0
2023-02-19,21.5,79.75,296.22,2.51,302.23
2023-02-19,21.75,78.75,297.29,0.0,301.98
2023-02-19,21.75,79.0,296.21,0.0,301.49
2023-02-19,21.75,79.25,297.46,0.0,301.99
2023-02-19,21.75,79.5,294.97,0.0,302.12
2023-02-19,21.75,79.75,297.95,0.0,301.69
2023-02-20,20.75,78.75,296.39,0.0,301.66
2023-02-20,20.75,79.0,297.46,0.0,301.54
2023-02-20,20.75,79.25,296.96,1.57,301.4
2023-02-20,20.75,79.5,296.03,0.64,301.09
2023-02-20,20.75,79.75,295.85,5.36,301.56
2023-02-20,21.0,78.75,295.39,4.97,300.72
2023-02-20,21.0,79.0,295.89,0.46,300.8
2023-02-20,21.0,79.25,298.3,0.0,301.45
2023-02-20,21.0,79.5,296.33,0.0,301.92
2023-02-20,21.0,79.75,293.3,2.02,301.61
2023-02-20,21.25,78.75,295.79,0.0,301.6
2023-02-20,21.25,79.0,294.8,4.67,301.34
2023-02-20,21.25,79.25,294.44,0.0,301.96
2023-02-20,21.25,79.5,297.01,0.0,301.01
2023-02-20,21.25,79.75,298.5,0.0,301.73
2023-02-20,21.5,78.75,298.77,0.0,302.41
2023-02-20,21.5,79.0,296.98,1.41,301.66
2023-02-20,21.5,79.25,297.84,0.0,301.07
2023-02-20,21.5,79.5,296.08,0.0,301.7
2023-02-20,21.5,79.75,297.45,0.0,301.6
2023-02-20,21.75,78.75,295.38,0.0,301.07
2023-02-20,21.75,79.0,296.18,0.0,301.7
2023-02-20,21.75,79.25,296.67,0.0,301.83
2023-02-20,21.75,79.5,297.52,0.0,301.38
2023-02-20,21.75,79.75,296.57,0.0,301.82
2023-02-21,20.75,78.75,297.62,0.0,301.31
2023-02-21,20.75,79.0,292.84,0.0,302.31
2023-02-21,20.75,79.25,297.4,0.0,301.1
2023-02-21,20.75,79.5,297.11,1.29,300.89
2023-02-21,20.75,79.75,296.32,0.0,301.3
2023-02-21,21.0,78.75,295.64,0.0,301.14
2023-02-21,21.0,79.0,298.18,0.0,301.75
2023-02-21,21.0,79.25,297.54,0.0,301.83
2023-02-21,21.0,79.5,295.62,0.0,301.36
2023-02-21,21.0,79.75,292.44,5.27,301.64
2023-02-21,21.25,78.75,295.84,0.0,301.23
2023-02-21,21.25,79.0,297.27,0.0,301.3
2023-02-21,21.25,79.25,296.3,6.73,301.73
2023-02-21,21.25,79.5,295.39,1.37,301.34
2023-02-21,21.25,79.75,297.85,0.62,301.51
2023-02-21,21.5,78.75,297.49,0.0,301.36
2023-02-21,21.5,79.0,298.17,0.0,301.52
2023-02-21,21.5,79.25,294.71,4.62,301.34
2023-02-21,21.5,79.5,297.98,0.0,302.17
2023-02-21,21.5,79.75,297.2,0.0,302.03
2023-02-21,21.75,78.75,296.73,0.0,301.59
2023-02-21,21.75,79.0,297.69,3.6,301.69
2023-02-21,21.75,79.25,294.91,1.0,301.65
2023-02-21,21.75,79.5,295.54,0.0,301.63
2023-02-21,21.75,79.75,296.28,7.11,301.78
2023-02-22,20.75,78.75,295.27,0.0,301.48
2023-02-22,20.75,79.0,296.17,0.86,301.99
2023-02-22,20.75,79.25,295.49,0.14,301.9
2023-02-22,20.75,79.5,295.99,0.0,301.76
2023-02-22,20.75,79.75,294.76,0.0,302.06
2023-02-22,21.0,78.75,294.37,0.0,301.33
2023-02-22,21.0,79.0,298.6,0.0,301.55
2023-02-22,21.0,79.25,295.73,2.53,301.62
2023-02-22,21.0,79.5,294.96,0.0,301.25
2023-02-22,21.0,79.75,297.56,0.0,302.14
2023-02-22,21.25,78.75,295.64,0.45,301.39
2023-02-22,21.25,79.0,295.1,2.47,301.79
2023-02-22,21.25,79.25,295.67,0.0,301.34
2023-02-22,21.25,79.5,295.8,0.0,301.42
2023-02-22,21.25,79.75,296.72,1.66,302.46
2023-02-22,21.5,78.75,296.79,4.86,302.01
2023-02-22,21.5,79.0,296.64,0.0,300.91
2023-02-22,21.5,79.25,292.95,0.0,300.98
2023-02-22,21.5,79.5,296.5,0.0,301.69
2023-02-22,21.5,79.75,296.71,0.0,301.82
2023-02-22,21.75,78.75,301.89,2.57,300.95
2023-02-22,21.75,79.0,299.11,0.86,301.44
2023-02-22,21.75,79.25,295.6,2.62,301.81
2023-02-22,21.75,79.5,298.73,0.0,301.24
2023-02-22,21.75,79.75,298.74,0.0,301.96
2023-02-23,20.75,78.75,296.83,1.23,301.22
2023-02-23,20.75,79.0,296.28,0.0,301.58
2023-02-23,20.75,79.25,296.97,0.0,301.2
2023-02-23,20.75,79.5,294.83,0.0,301.28
2023-02-23,20.75,79.75,296.14,0.0,301.32
2023-02-23,21.0,78.75,297.13,2.36,301.93
2023-02-23,21.0,79.0,299.12,0.0,301.39
2023-02-23,21.0,79.25,297.95,0.0,300.91
2023-02-23,21.0,79.5,295.06,0.61,301.82
2023-02-23,21.0,79.75,297.44,3.22,301.46
2023-02-23,21.25,78.75,296.36,0.0,300.75
2023-02-23,21.25,79.0,299.68,0.0,301.76
2023-02-23,21.25,79.25,299.68,0.81,301.86
2023-02-23,21.25,79.5,298.14,2.33,301.34
2023-02-23,21.25,79.75,298.65,0.0,301.63
2023-02-23,21.5,78.75,295.56,1.28,300.58
2023-02-23,21.5,79.0,299.59,0.0,300.3
2023-02-23,21.5,79.25,299.57,4.46,301.86
2023-02-23,21.5,79.5,296.58,0.0,301.43
2023-02-23,21.5,79.75,296.0,0.0,302.24
2023-02-23,21.75,78.75,295.88,0.0,299.89
2023-02-23,21.75,79.0,295.92,0.0,301.42
2023-02-23,21.75,79.25,300.6,0.0,301.14
2023-02-23,21.75,79.5,295.82,0.72,301.75
2023-02-23,21.75,79.75,295.42,0.0,301.58
2023-02-24,20.75,78.75,295.68,0.0,301.53
2023-02-24,20.75,79.0,296.32,0.36,300.89
2023-02-24,20.75,79.25,294.32,0.0,301.15
2023-02-24,20.75,79.5,295.54,0.0,301.96
2023-02-24,20.75,79.75,296.64,0.0,301.81
2023-02-24,21.0,78.75,298.44,0.0,301.25
2023-02-24,21.0,79.0,296.24,0.6,301.35
2023-02-24,21.0,79.25,295.51,0.0,301.57
2023-02-24,21.0,79.5,296.33,1.47,301.02
2023-02-24,21.0,79.75,294.05,0.67,301.52
2023-02-24,21.25,78.75,297.48,0.0,302.0
2023-02-24,21.25,79.0,297.9,0.15,301.54
2023-02-24,21.25,79.25,297.51,0.0,302.0
2023-02-24,21.25,79.5,298.62,0.0,301.64
2023-02-24,21.25,79.75,296.58,6.43,300.65
2023-02-24,21.5,78.75,296.81,0.0,301.34
2023-02-24,21.5,79.0,296.14,0.31,301.82
2023-02-24,21.5,79.25,298.24,0.2,301.89
2023-02-24,21.5,79.5,297.24,0.0,301.53
2023-02-24,21.5,79.75,297.81,0.0,300.25
2023-02-24,21.75,78.75,299.31,0.0,301.98
2023-02-24,21.75,79.0,296.2,0.0,300.86
2023-02-24,21.75,79.25,299.58,0.0,301.28
2023-02-24,21.75,79.5,298.73,0.0,302.3
2023-02-24,21.75,79.75,297.49,0.03,301.89
2023-02-25,20.75,78.75,296.88,2.07,301.69
2023-02-25,20.75,79.0,296.23,0.0,301.16
2023-02-25,20.75,79.25,297.44,0.55,302.16
2023-02-25,20.75,79.5,297.1,0.0,301.63
2023-02-25,20.75,79.75,294.87,0.0,302.05
2023-02-25,21.0,78.75,297.18,0.0,301.28
2023-02-25,21.0,79.0,296.76,0.0,301.97
2023-02-25,21.0,79.25,293.1,0.0,301.37
2023-02-25,21.0,79.5,295.96,0.0,300.99
2023-02-25,21.0,79.75,299.37,2.73,301.51
2023-02-25,21.25,78.75,297.01,1.0,301.46
2023-02-25,21.25,79.0,299.15,0.0,301.95
2023-02-25,21.25,79.25,298.2,0.0,300.98
2023-02-25,21.25,79.5,296.17,0.95,300.97
2023-02-25,21.25,79.75,297.74,0.0,300.95
2023-02-25,21.5,78.75,294.3,3.43,300.55
2023-02-25,21.5,79.0,294.85,0.0,301.4
2023-02-25,21.5,79.25,298.09,0.0,302.15
2023-02-25,21.5,79.5,294.98,0.0,301.44
2023-02-25,21.5,79.75,295.98,0.12,300.44
2023-02-25,21.75,78.75,296.85,3.29,302.2
2023-02-25,21.75,79.0,294.22,0.0,302.06
2023-02-25,21.75,79.25,298.16,0.51,300.93
2023-02-25,21.75,79.5,297.09,0.0,300.74
2023-02-25,21.75,79.75,294.1,0.0,301.83
2023-02-26,20.75,78.75,298.65,5.82,301.2
2023-02-26,20.75,79.0,297.06,3.43,301.51
2023-02-26,20.75,79.25,297.7,0.0,301.45
2023-02-26,20.75,79.5,296.02,0.0,302.27
2023-02-26,20.75,79.75,298.09,0.0,301.32
2023-02-26,21.0,78.75,296.66,2.04,301.72
2023-02-26,21.0,79.0,299.31,0.0,302.71
2023-02-26,21.0,79.25,298.59,1.24,302.01
2023-02-26,21.0,79.5,295.62,0.0,301.48
2023-02-26,21.0,79.75,298.46,0.0,300.76
2023-02-26,21.25,78.75,295.95,0.5,301.57
2023-02-26,21.25,79.0,295.22,0.0,301.57
2023-02-26,21.25,79.25,293.87,0.0,301.58
2023-02-26,21.25,79.5,296.89,0.0,301.96
2023-02-26,21.25,79.75,295.48,5.94,301.3
2023-02-26,21.5,78.75,296.86,0.0,301.62
2023-02-26,21.5,79.0,295.9,0.0,302.2
2023-02-26,21.5,79.25,298.63,0.0,300.63
2023-02-26,21.5,79.5,297.16,0.0,301.59
2023-02-26,21.5,79.75,294.53,0.05,301.12
2023-02-26,21.75,78.75,297.72,0.0,301.61
2023-02-26,21.75,79.0,298.0,0.06,302.4
2023-02-26,21.75,79.25,298.62,0.0,301.51
2023-02-26,21.75,79.5,295.96,0.0,301.62
2023-02-26,21.75,79.75,297.41,0.63,301.39
2023-02-27,20.75,78.75,298.25,0.0,301.43
2023-02-27,20.75,79.0,298.04,0.0,301.36
2023-02-27,20.75,79.25,298.17,0.0,300.95
2023-02-27,20.75,79.5,299.04,0.0,301.86
2023-02-27,20.75,79.75,300.45,0.86,301.72
2023-02-27,21.0,78.75,297.97,0.0,301.57
2023-02-27,21.0,79.0,297.13,0.0,300.77
2023-02-27,21.0,79.25,295.49,0.0,301.18
2023-02-27,21.0,79.5,296.26,1.58,301.73
2023-02-27,21.0,79.75,296.08,0.0,302.11
2023-02-27,21.25,78.75,295.91,2.79,301.66
2023-02-27,21.25,79.0,296.24,0.94,300.86
2023-02-27,21.25,79.25,296.68,0.0,301.82
2023-02-27,21.25,79.5,298.11,0.0,301.47
2023-02-27,21.25,79.75,293.98,0.34,301.54
2023-02-27,21.5,78.75,295.88,0.0,301.38
2023-02-27,21.5,79.0,298.26,0.0,301.68
2023-02-27,21.5,79.25,297.24,0.0,301.57
2023-02-27,21.5,79.5,296.07,0.0,301.9
2023-02-27,21.5,79.75,297.2,0.0,301.78
2023-02-27,21.75,78.75,298.2,3.99,301.74
2023-02-27,21.75,79.0,295.49,0.0,302.18
2023-02-27,21.75,79.25,296.32,0.24,301.95
2023-02-27,21.75,79.5,296.39,0.65,301.34
2023-02-27,21.75,79.75,298.16,0.0,300.95
2023-02-28,20.75,78.75,295.68,0.0,301.58
2023-02-28,20.75,79.0,296.22,0.0,300.73
2023-02-28,20.75,79.25,297.67,0.0,300.66
2023-02-28,20.75,79.5,298.17,0.0,302.13
2023-02-28,20.75,79.75,299.27,0.0,301.1
2023-02-28,21.0,78.75,298.71,6.24,301.29
2023-02-28,21.0,79.0,295.42,0.0,300.78
2023-02-28,21.0,79.25,298.19,0.0,301.75
2023-02-28,21.0,79.5,296.71,1.28,301.29
2023-02-28,21.0,79.75,297.38,0.0,302.37
2023-02-28,21.25,78.75,296.81,0.0,300.89
2023-02-28,21.25,79.0,297.36,0.0,300.42
2023-02-28,21.25,79.25,295.76,0.0,302.41
2023-02-28,21.25,79.5,295.88,0.0,301.35
2023-02-28,21.25,79.75,298.14,0.0,301.07
2023-02-28,21.5,78.75,296.29,5.43,301.74
2023-02-28,21.5,79.0,300.17,0.0,301.41
2023-02-28,21.5,79.25,298.69,0.0,301.95
2023-02-28,21.5,79.5,293.9,1.62,300.74
2023-02-28,21.5,79.75,296.11,3.63,301.57
2023-02-28,21.75,78.75,297.72,2.3,301.46
2023-02-28,21.75,79.0,299.61,0.0,301.27
2023-02-28,21.75,79.25,298.77,2.92,300.28
2023-02-28,21.75,79.5,298.28,1.92,301.58
2023-02-28,21.75,79.75,296.24,0.48,301.82
2023-03-01,20.75,78.75,299.52,0.0,300.89
2023-03-01,20.75,79.0,298.4,1.15,301.14
2023-03-01,20.75,79.25,297.94,0.0,301.3
2023-03-01,20.75,79.5,296.09,0.0,302.46
2023-03-01,20.75,79.75,297.16,0.0,301.36
2023-03-01,21.0,78.75,299.56,0.0,301.85
2023-03-01,21.0,79.0,299.29,0.0,300.77
2023-03-01,21.0,79.25,298.45,0.6,301.44
2023-03-01,21.0,79.5,297.97,0.14,301.53
2023-03-01,21.0,79.75,301.25,1.24,301.11
2023-03-01,21.25,78.75,296.53,0.0,301.35
2023-03-01,21.25,79.0,297.73,7.79,301.28
2023-03-01,21.25,79.25,295.6,0.0,300.68
2023-03-01,21.25,79.5,297.47,0.0,301.33
2023-03-01,21.25,79.75,297.24,0.0,301.43
2023-03-01,21.5,78.75,298.29,0.0,301.22
2023-03-01,21.5,79.0,296.08,0.0,301.24
2023-03-01,21.5,79.25,300.07,0.0,301.84
2023-03-01,21.5,79.5,296.97,0.06,301.06
2023-03-01,21.5,79.75,298.73,0.45,300.48
2023-03-01,21.75,78.75,298.71,0.25,302.59
2023-03-01,21.75,79.0,295.88,0.0,301.76
2023-03-01,21.75,79.25,298.97,0.04,302.02
2023-03-01,21.75,79.5,298.06,0.0,301.49
2023-03-01,21.75,79.75,296.64,0.0,302.07
2023-03-02,20.75,78.75,296.35,0.0,300.62
2023-03-02,20.75,79.0,296.79,1.07,301.31
2023-03-02,20.75,79.25,297.88,0.0,301.55
2023-03-02,20.75,79.5,298.08,0.0,300.63
2023-03-02,20.75,79.75,296.78,0.0,301.97
2023-03-02,21.0,78.75,298.7,0.0,301.37
2023-03-02,21.0,79.0,297.4,0.0,301.35
2023-03-02,21.0,79.25,296.36,0.0,301.47
2023-03-02,21.0,79.5,299.04,0.0,301.79
2023-03-02,21.0,79.75,298.71,0.0,301.68
2023-03-02,21.25,78.75,299.38,0.0,301.28
2023-03-02,21.25,79.0,298.7,0.0,301.25
2023-03-02,21.25,79.25,297.73,0.81,300.69
2023-03-02,21.25,79.5,297.82,0.0,300.67
2023-03-02,21.25,79.75,297.65,0.0,300.0
2023-03-02,21.5,78.75,297.15,0.49,301.93
2023-03-02,21.5,79.0,297.16,0.0,301.06
2023-03-02,21.5,79.25,300.48,0.0,301.12
2023-03-02,21.5,79.5,296.48,0.0,300.92
2023-03-02,21.5,79.75,299.19,2.14,302.51
2023-03-02,21.75,78.75,297.24,0.0,301.59
2023-03-02,21.75,79.0,297.94,0.0,300.98
2023-03-02,21.75,79.25,295.42,0.0,300.71
2023-03-02,21.75,79.5,296.88,0.0,300.84
2023-03-02,21.75,79.75,295.27,0.0,300.92
2023-03-03,20.75,78.75,297.9,0.0,300.93
2023-03-03,20.75,79.0,297.78,0.0,301.37
2023-03-03,20.75,79.25,300.27,0.0,300.88
2023-03-03,20.75,79.5,297.45,1.52,301.64
2023-03-03,20.75,79.75,297.02,0.0,301.86
2023-03-03,21.0,78.75,297.56,1.92,301.87
2023-03-03,21.0,79.0,296.4,0.0,301.53
2023-03-03,21.0,79.25,293.79,0.0,301.4
2023-03-03,21.0,79.5,299.24,0.18,301.06
2023-03-03,21.0,79.75,296.39,0.0,301.97
2023-03-03,21.25,78.75,299.82,0.06,301.48
2023-03-03,21.25,79.0,301.2,0.0,301.49
2023-03-03,21.25,79.25,297.48,0.0,300.93
2023-03-03,21.25,79.5,297.68,0.0,301.7
2023-03-03,21.25,79.75,298.34,0.0,301.17
2023-03-03,21.5,78.75,296.41,0.0,301.79
2023-03-03,21.5,79.0,298.84,0.0,301.43
2023-03-03,21.5,79.25,297.5,0.0,302.3
2023-03-03,21.5,79.5,298.66,0.0,301.05
2023-03-03,21.5,79.75,295.64,0.59,300.84
2023-03-03,21.75,78.75,296.69,1.33,302.05
2023-03-03,21.75,79.0,296.72,0.0,301.21
2023-03-03,21.75,79.25,297.59,0.0,301.05
2023-03-03,21.75,79.5,300.91,0.0,301.71
2023-03-03,21.75,79.75,295.65,0.0,301.41
2023-03-04,20.75,78.75,296.61,0.0,302.3
2023-03-04,20.75,79.0,295.01,0.0,301.44
2023-03-04,20.75,79.25,298.75,3.12,301.95
2023-03-04,20.75,79.5,298.28,0.0,300.66
2023-03-04,20.75,79.75,299.61,0.91,301.67
2023-03-04,21.0,78.75,298.07,3.54,300.46
2023-03-04,21.0,79.0,296.96,2.6,301.35
2023-03-04,21.0,79.25,300.41,0.0,301.47
2023-03-04,21.0,79.5,300.49,1.88,300.6
2023-03-04,21.0,79.75,297.39,5.41,300.73
2023-03-04,21.25,78.75,300.28,0.06,301.14
2023-03-04,21.25,79.0,297.72,0.68,300.86
2023-03-04,21.25,79.25,295.4,1.15,300.89
2023-03-04,21.25,79.5,295.04,1.07,302.5
2023-03-04,21.25,79.75,298.76,0.0,301.5
2023-03-04,21.5,78.75,297.03,0.21,301.12
2023-03-04,21.5,79.0,298.67,0.0,301.4
2023-03-04,21.5,79.25,298.97,0.0,300.72
2023-03-04,21.5,79.5,298.0,0.04,301.16
2023-03-04,21.5,79.75,296.46,0.0,300.92
2023-03-04,21.75,78.75,296.96,0.65,302.51
2023-03-04,21.75,79.0,299.88,0.0,301.82
2023-03-04,21.75,79.25,298.53,0.0,301.19
2023-03-04,21.75,79.5,297.47,0.0,301.87
2023-03-04,21.75,79.75,299.07,1.23,301.31
2023-03-05,20.75,78.75,296.48,0.0,301.66
2023-03-05,20.75,79.0,298.2,0.0,301.22
2023-03-05,20.75,79.25,296.65,1.5,300.99
2023-03-05,20.75,79.5,300.61,0.0,301.46
2023-03-05,20.75,79.75,297.64,5.92,301.86
2023-03-05,21.0,78.75,299.93,0.0,301.65
2023-03-05,21.0,79.0,299.06,0.0,301.47
2023-03-05,21.0,79.25,300.49,0.0,301.09
2023-03-05,21.0,79.5,297.09,0.0,301.76
2023-03-05,21.0,79.75,297.4,0.0,301.64
2023-03-05,21.25,78.75,296.7,0.0,301.06
2023-03-05,21.25,79.0,299.11,0.0,300.84
2023-03-05,21.25,79.25,297.59,3.94,301.45
2023-03-05,21.25,79.5,298.81,0.0,300.93
2023-03-05,21.25,79.75,299.0,0.0,301.14
2023-03-05,21.5,78.75,297.4,0.0,301.58
2023-03-05,21.5,79.0,296.96,0.0,301.1
2023-03-05,21.5,79.25,298.78,0.0,301.01
2023-03-05,21.5,79.5,299.85,0.0,301.19
2023-03-05,21.5,79.75,298.12,0.0,300.78
2023-03-05,21.75,78.75,298.53,6.74,301.4
2023-03-05,21.75,79.0,295.93,0.42,300.61
2023-03-05,21.75,79.25,296.15,0.0,301.63
2023-03-05,21.75,79.5,297.98,0.0,302.23
2023-03-05,21.75,79.75,300.27,2.66,300.88
2023-03-06,20.75,78.75,300.97,0.0,301.46
2023-03-06,20.75,79.0,297.18,0.0,301.43
2023-03-06,20.75,79.25,297.24,0.0,301.44
2023-03-06,20.75,79.5,299.22,0.0,301.2
2023-03-06,20.75,79.75,299.12,0.87,300.21
2023-03-06,21.0,78.75,297.5,1.79,302.26
2023-03-06,21.0,79.0,300.86,3.47,300.83
2023-03-06,21.0,79.25,298.42,0.0,301.12
2023-03-06,21.0,79.5,298.12,0.72,301.09
2023-03-06,21.0,79.75,299.7,0.0,300.98
2023-03-06,21.25,78.75,298.52,0.0,301.09
2023-03-06,21.25,79.0,298.36,0.0,301.74
2023-03-06,21.25,79.25,299.01,0.0,301.15
2023-03-06,21.25,79.5,299.08,0.0,301.93
2023-03-06,21.25,79.75,297.52,0.0,300.4
2023-03-06,21.5,78.75,297.03,0.0,300.8
2023-03-06,21.5,79.0,301.49,0.0,301.52
2023-03-06,21.5,79.25,299.57,0.0,301.05
2023-03-06,21.5,79.5,296.07,0.0,301.58
2023-03-06,21.5,79.75,298.74,0.0,301.42
2023-03-06,21.75,78.75,297.49,3.58,301.15
2023-03-06,21.75,79.0,297.42,1.8,301.24
2023-03-06,21.75,79.25,295.48,0.0,301.11
2023-03-06,21.75,79.5,298.38,3.05,301.54
2023-03-06,21.75,79.75,297.64,0.0,301.28
2023-03-07,20.75,78.75,299.61,0.0,300.83
2023-03-07,20.75,79.0,297.04,0.0,300.61
2023-03-07,20.75,79.25,298.26,0.0,301.14
2023-03-07,20.75,79.5,297.64,5.45,301.48
2023-03-07,20.75,79.75,297.29,1.25,301.45
2023-03-07,21.0,78.75,299.42,0.0,301.35
2023-03-07,21.0,79.0,296.0,2.12,300.27
2023-03-07,21.0,79.25,297.84,0.0,301.21
2023-03-07,21.0,79.5,296.05,0.0,300.68
2023-03-07,21.0,79.75,296.95,1.7,301.0
2023-03-07,21.25,78.75,297.83,2.2,301.04
2023-03-07,21.25,79.0,296.34,0.0,300.86
2023-03-07,21.25,79.25,297.54,2.66,301.59
2023-03-07,21.25,79.5,298.83,0.0,302.02
2023-03-07,21.25,79.75,298.81,0.0,301.1
2023-03-07,21.5,78.75,298.03,0.0,300.93
2023-03-07,21.5,79.0,298.63,0.31,301.63
2023-03-07,21.5,79.25,298.2,0.0,301.63
2023-03-07,21.5,79.5,298.57,0.0,301.12
2023-03-07,21.5,79.75,294.99,0.0,301.06
2023-03-07,21.75,78.75,299.12,0.0,300.42
2023-03-07,21.75,79.0,300.08,0.0,301.54
2023-03-07,21.75,79.25,299.64,0.0,301.16
2023-03-07,21.75,79.5,299.11,0.95,300.71
2023-03-07,21.75,79.75,294.35,0.2,300.64
2023-03-08,20.75,78.75,298.01,0.0,301.34
2023-03-08,20.75,79.0,298.35,0.0,301.23
2023-03-08,20.75,79.25,298.5,0.84,301.17
2023-03-08,20.75,79.5,298.32,0.0,302.22
2023-03-08,20.75,79.75,300.69,0.0,301.5
2023-03-08,21.0,78.75,297.58,0.0,301.09
2023-03-08,21.0,79.0,296.43,0.95,301.11
2023-03-08,21.0,79.25,299.07,0.0,301.31
2023-03-08,21.0,79.5,297.88,0.0,301.78
2023-03-08,21.0,79.75,299.94,0.0,301.21
2023-03-08,21.25,78.75,300.56,0.0,301.35
2023-03-08,21.25,79.0,299.04,2.24,301.84
2023-03-08,21.25,79.25,298.37,7.9,300.6
2023-03-08,21.25,79.5,301.34,0.0,301.74
2023-03-08,21.25,79.75,296.96,1.63,301.49
2023-03-08,21.5,78.75,299.04,0.0,301.45
2023-03-08,21.5,79.0,298.83,2.87,300.83
2023-03-08,21.5,79.25,298.59,0.41,302.1
2023-03-08,21.5,79.5,297.44,0.0,301.03
2023-03-08,21.5,79.75,297.1,0.0,300.32
2023-03-08,21.75,78.75,300.46,0.0,301.64
2023-03-08,21.75,79.0,298.09,0.0,301.51
2023-03-08,21.75,79.25,299.13,1.23,301.96
2023-03-08,21.75,79.5,299.32,0.86,299.79
2023-03-08,21.75,79.75,302.7,0.52,301.1
2023-03-09,20.75,78.75,299.58,0.0,301.19
2023-03-09,20.75,79.0,297.78,0.0,301.86
2023-03-09,20.75,79.25,297.24,0.0,301.09
2023-03-09,20.75,79.5,298.33,0.0,300.99
2023-03-09,20.75,79.75,299.14,0.0,300.9
2023-03-09,21.0,78.75,302.01,8.07,301.28
2023-03-09,21.0,79.0,297.08,1.05,300.82
2023-03-09,21.0,79.25,296.38,0.0,301.41
2023-03-09,21.0,79.5,299.63,0.0,301.54
2023-03-09,21.0,79.75,296.05,0.0,301.69
2023-03-09,21.25,78.75,297.6,0.0,301.25
2023-03-09,21.25,79.0,298.12,0.0,301.92
2023-03-09,21.25,79.25,300.5,0.0,301.8
2023-03-09,21.25,79.5,297.64,3.79,302.28
2023-03-09,21.25,79.75,298.63,0.0,301.65
2023-03-09,21.5,78.75,299.8,0.0,301.8
2023-03-09,21.5,79.0,301.09,0.0,300.56
2023-03-09,21.5,79.25,299.87,0.91,301.78
2023-03-09,21.5,79.5,299.94,0.0,301.67
2023-03-09,21.5,79.75,298.25,0.0,300.67
2023-03-09,21.75,78.75,296.15,0.62,301.5
2023-03-09,21.75,79.0,297.4,0.0,300.84
2023-03-09,21.75,79.25,297.52,2.19,301.57
2023-03-09,21.75,79.5,295.39,4.82,300.44
2023-03-09,21.75,79.75,300.25,1.92,301.07
2023-03-10,20.75,78.75,299.88,0.0,301.41
2023-03-10,20.75,79.0,297.38,0.0,300.43
2023-03-10,20.75,79.25,295.81,0.27,300.59
2023-03-10,20.75,79.5,299.9,0.47,300.56
2023-03-10,20.75,79.75,297.55,0.0,300.89
2023-03-10,21.0,78.75,297.83,0.0,300.8
2023-03-10,21.0,79.0,298.41,3.4,300.51
2023-03-10,21.0,79.25,298.74,0.0,300.77
2023-03-10,21.0,79.5,299.08,0.0,300.63
2023-03-10,21.0,79.75,297.17,0.0,301.75
2023-03-10,21.25,78.75,294.71,0.0,301.46
2023-03-10,21.25,79.0,299.02,0.0,301.2
2023-03-10,21.25,79.25,299.23,0.0,301.2
2023-03-10,21.25,79.5,299.03,0.0,301.97
2023-03-10,21.25,79.75,299.09,0.02,300.87
2023-03-10,21.5,78.75,300.35,3.5,300.83
2023-03-10,21.5,79.0,298.06,0.59,301.21
2023-03-10,21.5,79.25,299.21,1.23,300.94
2023-03-10,21.5,79.5,300.07,0.15,300.32
2023-03-10,21.5,79.75,299.75,1.86,301.16
2023-03-10,21.75,78.75,295.71,2.85,301.36
2023-03-10,21.75,79.0,299.82,0.0,301.02
2023-03-10,21.75,79.25,298.15,0.0,301.02
2023-03-10,21.75,79.5,300.22,1.51,300.61
2023-03-10,21.75,79.75,295.94,0.0,300.79
2023-03-11,20.75,78.75,299.13,0.17,301.45
2023-03-11,20.75,79.0,299.2,0.0,301.42
2023-03-11,20.75,79.25,298.84,0.0,300.53
2023-03-11,20.75,79.5,298.05,0.0,301.67
2023-03-11,20.75,79.75,297.85,0.0,301.75
2023-03-11,21.0,78.75,299.9,0.0,301.97
2023-03-11,21.0,79.0,299.98,0.0,301.36
2023-03-11,21.0,79.25,296.23,0.0,300.67
2023-03-11,21.0,79.5,298.01,0.0,300.99
2023-03-11,21.0,79.75,298.17,0.0,300.05
2023-03-11,21.25,78.75,300.5,0.0,301.8
2023-03-11,21.25,79.0,297.86,0.0,301.11
2023-03-11,21.25,79.25,300.44,0.0,300.64
2023-03-11,21.25,79.5,300.52,0.0,300.43
2023-03-11,21.25,79.75,297.01,0.0,300.82
2023-03-11,21.5,78.75,300.53,0.15,300.86
2023-03-11,21.5,79.0,301.68,1.37,300.35
2023-03-11,21.5,79.25,300.05,2.83,301.86
2023-03-11,21.5,79.5,301.82,0.0,300.64
2023-03-11,21.5,79.75,297.64,2.14,301.3
2023-03-11,21.75,78.75,297.99,0.32,301.1
2023-03-11,21.75,79.0,298.65,0.0,301.7
2023-03-11,21.75,79.25,297.63,0.0,301.95
2023-03-11,21.75,79.5,300.87,3.12,301.1
2023-03-11,21.75,79.75,300.43,0.0,301.36
2023-03-12,20.75,78.75,301.9,1.78,301.43
2023-03-12,20.75,79.0,297.38,0.0,301.17
2023-03-12,20.75,79.25,296.1,0.0,300.87
2023-03-12,20.75,79.5,297.68,0.0,301.11
2023-03-12,20.75,79.75,299.37,0.0,301.35
2023-03-12,21.0,78.75,297.64,0.0,301.04
2023-03-12,21.0,79.0,299.67,1.42,300.78
2023-03-12,21.0,79.25,302.31,3.23,301.57
2023-03-12,21.0,79.5,297.21,0.0,301.57
2023-03-12,21.0,79.75,296.79,0.37,300.47
2023-03-12,21.25,78.75,297.25,1.91,301.08
2023-03-12,21.25,79.0,298.56,0.0,301.04
2023-03-12,21.25,79.25,298.78,1.91,301.05
2023-03-12,21.25,79.5,297.63,0.0,300.48
2023-03-12,21.25,79.75,299.98,0.0,301.7
2023-03-12,21.5,78.75,298.19,3.25,301.39
2023-03-12,21.5,79.0,301.03,0.0,301.09
2023-03-12,21.5,79.25,298.33,0.0,300.25
2023-03-12,21.5,79.5,299.87,0.0,300.8
2023-03-12,21.5,79.75,301.83,0.0,301.32
2023-03-12,21.75,78.75,301.81,0.52,300.73
2023-03-12,21.75,79.0,298.71,0.84,300.29
2023-03-12,21.75,79.25,301.07,0.0,300.53
2023-03-12,21.75,79.5,297.73,0.06,300.98
2023-03-12,21.75,79.75,299.12,0.0,300.67
2023-03-13,20.75,78.75,298.62,1.58,301.54
2023-03-13,20.75,79.0,296.27,0.0,300.83
2023-03-13,20.75,79.25,294.57,1.46,301.79
2023-03-13,20.75,79.5,298.15,4.11,300.62
2023-03-13,20.75,79.75,299.42,6.11,301.95
2023-03-13,21.0,78.75,297.82,0.31,302.29
2023-03-13,21.0,79.0,298.52,0.0,301.28
2023-03-13,21.0,79.25,299.36,1.17,299.99
2023-03-13,21.0,79.5,298.63,4.26,300.88
2023-03-13,21.0,79.75,298.83,0.0,302.1
2023-03-13,21.25,78.75,299.9,0.41,301.47
2023-03-13,21.25,79.0,298.23,0.0,301.01
2023-03-13,21.25,79.25,299.83,2.27,301.69
2023-03-13,21.25,79.5,299.65,0.23,301.16
2023-03-13,21.25,79.75,300.36,1.84,300.44
2023-03-13,21.5,78.75,299.85,1.9,300.61
2023-03-13,21.5,79.0,295.3,0.0,301.24
2023-03-13,21.5,79.25,297.26,0.0,301.36
2023-03-13,21.5,79.5,297.89,0.0,301.32
2023-03-13,21.5,79.75,298.61,2.18,300.96
2023-03-13,21.75,78.75,296.92,0.0,301.51
2023-03-13,21.75,79.0,300.75,0.0,301.86
2023-03-13,21.75,79.25,297.36,0.0,301.35
2023-03-13,21.75,79.5,299.24,0.0,300.99
2023-03-13,21.75,79.75,299.14,1.08,300.7
2023-03-14,20.75,78.75,299.64,0.0,301.44
2023-03-14,20.75,79.0,298.54,0.0,301.06
2023-03-14,20.75,79.25,300.55,0.0,300.57
2023-03-14,20.75,79.5,297.48,0.0,301.71
2023-03-14,20.75,79.75,297.61,0.0,301.75
2023-03-14,21.0,78.75,301.01,1.16,301.08
2023-03-14,21.0,79.0,300.14,0.0,300.18
2023-03-14,21.0,79.25,301.22,0.0,300.68
2023-03-14,21.0,79.5,300.04,2.32,301.43
2023-03-14,21.0,79.75,299.9,0.0,301.97
2023-03-14,21.25,78.75,301.12,0.0,300.74
2023-03-14,21.25,79.0,298.53,0.0,300.07
2023-03-14,21.25,79.25,299.46,0.92,301.39
2023-03-14,21.25,79.5,302.5,1.79,301.73
2023-03-14,21.25,79.75,300.59,0.0,300.71
2023-03-14,21.5,78.75,299.16,0.0,301.58
2023-03-14,21.5,79.0,299.72,0.49,300.87
2023-03-14,21.5,79.25,298.89,0.28,300.41
2023-03-14,21.5,79.5,300.68,1.14,302.12
2023-03-14,21.5,79.75,302.06,0.73,300.65
2023-03-14,21.75,78.75,299.55,1.67,300.84
2023-03-14,21.75,79.0,300.14,0.0,301.21
2023-03-14,21.75,79.25,299.34,0.0,301.1
2023-03-14,21.75,79.5,300.56,0.0,301.44
2023-03-14,21.75,79.75,297.62,0.03,301.58
2023-03-15,20.75,78.75,298.32,0.0,301.08
2023-03-15,20.75,79.0,296.17,0.0,301.01
2023-03-15,20.75,79.25,301.47,0.0,300.46
2023-03-15,20.75,79.5,299.16,1.46,301.39
2023-03-15,20.75,79.75,300.85,0.49,300.49
2023-03-15,21.0,78.75,298.33,0.18,300.88
2023-03-15,21.0,79.0,301.71,0.0,301.12
2023-03-15,21.0,79.25,301.14,0.0,300.95
2023-03-15,21.0,79.5,300.0,0.0,301.28
2023-03-15,21.0,79.75,297.45,0.0,302.05
2023-03-15,21.25,78.75,297.01,4.88,301.62
2023-03-15,21.25,79.0,299.19,0.0,300.41
2023-03-15,21.25,79.25,297.46,0.0,301.14
2023-03-15,21.25,79.5,297.81,0.0,301.05
2023-03-15,21.25,79.75,299.04,1.31,300.97
2023-03-15,21.5,78.75,299.37,3.12,301.48
2023-03-15,21.5,79.0,299.47,0.18,301.49
2023-03-15,21.5,79.25,299.43,0.0,301.43
2023-03-15,21.5,79.5,300.96,0.0,300.64
2023-03-15,21.5,79.75,300.01,0.86,300.98
2023-03-15,21.75,78.75,298.59,0.0,301.45
2023-03-15,21.75,79.0,298.66,0.0,301.19
2023-03-15,21.75,79.25,299.66,0.14,301.09
2023-03-15,21.75,79.5,299.57,0.0,301.4
2023-03-15,21.75,79.75,300.02,0.0,301.24
2023-03-16,20.75,78.75,299.29,0.0,301.54
2023-03-16,20.75,79.0,295.63,0.0,300.85
2023-03-16,20.75,79.25,299.52,2.52,301.56
2023-03-16,20.75,79.5,301.15,3.45,301.17
2023-03-16,20.75,79.75,298.61,0.94,300.9
2023-03-16,21.0,78.75,299.29,0.0,301.5
2023-03-16,21.0,79.0,301.56,1.29,301.25
2023-03-16,21.0,79.25,298.83,0.04,300.59
2023-03-16,21.0,79.5,301.4,0.0,300.5
2023-03-16,21.0,79.75,299.12,1.6,301.29
2023-03-16,21.25,78.75,301.57,1.78,300.58
2023-03-16,21.25,79.0,299.68,0.0,301.6
2023-03-16,21.25,79.25,298.6,0.18,302.25
2023-03-16,21.25,79.5,300.36,0.0,301.75
2023-03-16,21.25,79.75,299.97,1.3,301.32
2023-03-16,21.5,78.75,300.44,4.77,301.52
2023-03-16,21.5,79.0,297.8,3.32,301.08
2023-03-16,21.5,79.25,301.47,2.05,300.79
2023-03-16,21.5,79.5,300.58,9.34,300.69
2023-03-16,21.5,79.75,298.39,3.11,300.93
2023-03-16,21.75,78.75,299.39,0.9,301.38
2023-03-16,21.75,79.0,299.09,1.93,301.63
2023-03-16,21.75,79.25,300.59,0.0,301.37
2023-03-16,21.75,79.5,299.48,2.32,300.82
2023-03-16,21.75,79.75,299.41,2.7,300.13
2023-03-17,20.75,78.75,302.72,0.34,301.1
2023-03-17,20.75,79.0,300.74,0.0,301.26
2023-03-17,20.75,79.25,298.47,0.0,300.53
2023-03-17,20.75,79.5,299.21,0.0,300.69
2023-03-17,20.75,79.75,297.15,0.12,301.34
2023-03-17,21.0,78.75,301.41,0.0,301.3
2023-03-17,21.0,79.0,300.0,0.0,301.03
2023-03-17,21.0,79.25,299.53,8.5,301.9
2023-03-17,21.0,79.5,299.69,0.07,300.09
2023-03-17,21.0,79.75,299.04,0.0,301.11
2023-03-17,21.25,78.75,301.52,0.0,301.52
2023-03-17,21.25,79.0,297.04,1.23,301.09
2023-03-17,21.25,79.25,298.61,0.0,301.79
2023-03-17,21.25,79.5,301.55,0.0,300.5
2023-03-17,21.25,79.75,299.22,0.0,300.3
2023-03-17,21.5,78.75,297.19,0.72,300.86
2023-03-17,21.5,79.0,300.51,0.08,300.41
2023-03-17,21.5,79.25,300.4,5.11,301.67
2023-03-17,21.5,79.5,301.22,3.0,300.3
2023-03-17,21.5,79.75,298.28,0.0,300.77
2023-03-17,21.75,78.75,300.01,5.35,301.13
2023-03-17,21.75,79.0,297.13,0.0,300.68
2023-03-17,21.75,79.25,299.75,0.36,300.54
2023-03-17,21.75,79.5,299.2,0.0,300.96
2023-03-17,21.75,79.75,298.37,1.71,301.07
2023-03-18,20.75,78.75,303.15,0.0,300.55
2023-03-18,20.75,79.0,300.06,0.0,300.57
2023-03-18,20.75,79.25,301.18,0.0,300.77
2023-03-18,20.75,79.5,299.43,1.91,301.2
2023-03-18,20.75,79.75,302.99,0.61,301.29
2023-03-18,21.0,78.75,298.77,1.78,301.81
2023-03-18,21.0,79.0,300.75,0.0,301.71
2023-03-18,21.0,79.25,299.7,0.0,301.66
2023-03-18,21.0,79.5,299.82,1.25,300.88
2023-03-18,21.0,79.75,298.87,0.0,300.89
2023-03-18,21.25,78.75,297.9,0.0,301.34
2023-03-18,21.25,79.0,299.71,0.0,300.93
2023-03-18,21.25,79.25,301.16,0.0,300.66
2023-03-18,21.25,79.5,299.28,1.53,302.44
2023-03-18,21.25,79.75,299.54,0.0,301.26
2023-03-18,21.5,78.75,295.41,0.0,300.95
2023-03-18,21.5,79.0,298.59,0.0,301.5
2023-03-18,21.5,79.25,299.08,1.32,300.93
2023-03-18,21.5,79.5,299.37,0.0,301.69
2023-03-18,21.5,79.75,300.55,6.78,300.91
2023-03-18,21.75,78.75,299.7,0.0,300.79
2023-03-18,21.75,79.0,300.15,0.0,301.71
2023-03-18,21.75,79.25,299.03,0.0,300.62
2023-03-18,21.75,79.5,300.96,0.24,300.32
2023-03-18,21.75,79.75,299.98,0.0,300.44
2023-03-19,20.75,78.75,300.53,0.0,301.3
2023-03-19,20.75,79.0,299.56,0.0,300.71
2023-03-19,20.75,79.25,298.34,0.27,300.85
2023-03-19,20.75,79.5,297.11,0.0,300.96
2023-03-19,20.75,79.75,299.49,0.17,300.78
2023-03-19,21.0,78.75,298.66,0.0,301.29
2023-03-19,21.0,79.0,300.54,5.41,302.0
2023-03-19,21.0,79.25,299.29,3.54,300.92
2023-03-19,21.0,79.5,298.66,0.0,301.45
2023-03-19,21.0,79.75,299.14,0.0,300.58
2023-03-19,21.25,78.75,296.27,0.0,300.59
2023-03-19,21.25,79.0,301.49,0.93,301.11
2023-03-19,21.25,79.25,301.25,0.0,300.67
2023-03-19,21.25,79.5,298.75,0.0,300.55
2023-03-19,21.25,79.75,297.46,0.48,300.56
2023-03-19,21.5,78.75,299.54,1.0,301.17
2023-03-19,21.5,79.0,301.25,0.0,301.75
2023-03-19,21.5,79.25,299.71,0.0,301.48
2023-03-19,21.5,79.5,299.71,0.0,299.89
2023-03-19,21.5,79.75,302.17,0.0,300.25
2023-03-19,21.75,78.75,298.72,0.0,301.46
2023-03-19,21.75,79.0,299.73,0.0,300.84
2023-03-19,21.75,79.25,302.59,0.0,300.54
2023-03-19,21.75,79.5,301.2,3.6,300.86
2023-03-19,21.75,79.75,300.0,0.0,300.98
2023-03-20,20.75,78.75,301.75,0.0,301.07
2023-03-20,20.75,79.0,299.99,2.1,300.63
2023-03-20,20.75,79.25,298.03,1.41,301.04
2023-03-20,20.75,79.5,302.32,0.97,301.6
2023-03-20,20.75,79.75,298.78,0.0,300.58
2023-03-20,21.0,78.75,298.41,0.0,300.02
2023-03-20,21.0,79.0,300.18,0.6,301.28
2023-03-20,21.0,79.25,301.11,0.0,301.15
2023-03-20,21.0,79.5,300.79,0.0,301.77
2023-03-20,21.0,79.75,300.1,0.0,300.46
2023-03-20,21.25,78.75,303.25,0.0,300.08
2023-03-20,21.25,79.0,301.08,0.0,301.26
2023-03-20,21.25,79.25,298.17,3.67,300.89
2023-03-20,21.25,79.5,300.02,8.55,301.39
2023-03-20,21.25,79.75,298.26,4.09,301.73
2023-03-20,21.5,78.75,299.55,0.0,301.4
2023-03-20,21.5,79.0,299.41,0.0,301.49
2023-03-20,21.5,79.25,298.92,3.78,300.99
2023-03-20,21.5,79.5,300.72,0.0,299.2
2023-03-20,21.5,79.75,299.21,0.0,300.78
2023-03-20,21.75,78.75,298.76,2.23,301.06
2023-03-20,21.75,79.0,297.69,0.0,300.5
2023-03-20,21.75,79.25,301.34,0.48,300.24
2023-03-20,21.75,79.5,298.78,1.16,301.45
2023-03-20,21.75,79.75,298.82,0.01,301.23
2023-03-21,20.75,78.75,301.74,1.09,300.92
2023-03-21,20.75,79.0,300.61,4.65,300.82
2023-03-21,20.75,79.25,303.16,5.51,301.28
2023-03-21,20.75,79.5,299.94,0.0,300.6
2023-03-21,20.75,79.75,298.18,1.19,300.96
2023-03-21,21.0,78.75,298.68,0.0,301.01
2023-03-21,21.0,79.0,297.69,5.21,300.22
2023-03-21,21.0,79.25,299.86,0.0,300.93
2023-03-21,21.0,79.5,299.9,0.0,299.84
2023-03-21,21.0,79.75,300.72,0.0,301.47
2023-03-21,21.25,78.75,296.86,0.36,301.17
2023-03-21,21.25,79.0,300.14,0.0,301.05
2023-03-21,21.25,79.25,300.73,1.09,301.65
2023-03-21,21.25,79.5,297.18,1.86,301.95
2023-03-21,21.25,79.75,302.81,8.47,301.13
2023-03-21,21.5,78.75,299.74,0.0,300.23
2023-03-21,21.5,79.0,298.29,0.05,301.06
2023-03-21,21.5,79.25,301.39,2.17,300.79
2023-03-21,21.5,79.5,298.0,0.0,300.65
2023-03-21,21.5,79.75,299.74,0.0,300.99
2023-03-21,21.75,78.75,299.89,0.0,300.8
2023-03-21,21.75,79.0,299.99,1.29,300.9
2023-03-21,21.75,79.25,301.51,1.12,300.1
2023-03-21,21.75,79.5,300.49,0.84,300.99
2023-03-21,21.75,79.75,297.82,0.99,300.88
2023-03-22,20.75,78.75,301.89,1.03,301.39
2023-03-22,20.75,79.0,300.6,3.95,300.68
2023-03-22,20.75,79.25,298.7,6.29,300.94
2023-03-22,20.75,79.5,300.67,0.84,300.62
2023-03-22,20.75,79.75,301.49,5.17,300.86
2023-03-22,21.0,78.75,300.0,0.0,300.71
2023-03-22,21.0,79.0,301.8,0.77,301.58
2023-03-22,21.0,79.25,300.3,0.0,301.47
2023-03-22,21.0,79.5,297.24,8.84,301.34
2023-03-22,21.0,79.75,296.59,0.0,300.97
2023-03-22,21.25,78.75,300.99,7.71,301.06
2023-03-22,21.25,79.0,301.13,0.0,300.72
2023-03-22,21.25,79.25,300.31,0.0,300.91
2023-03-22,21.25,79.5,300.95,0.0,301.52
2023-03-22,21.25,79.75,300.4,0.0,301.31
2023-03-22,21.5,78.75,299.14,0.0,301.32
2023-03-22,21.5,79.0,300.12,1.1,300.84
2023-03-22,21.5,79.25,301.68,0.0,301.2
2023-03-22,21.5,79.5,302.67,0.0,301.04
2023-03-22,21.5,79.75,299.77,0.87,301.11
2023-03-22,21.75,78.75,299.97,0.0,301.52
2023-03-22,21.75,79.0,300.43,1.88,300.65
2023-03-22,21.75,79.25,301.02,0.0,301.49
2023-03-22,21.75,79.5,300.72,0.0,302.09
2023-03-22,21.75,79.75,299.91,0.0,301.51
2023-03-23,20.75,78.75,299.92,2.97,301.33
2023-03-23,20.75,79.0,298.59,0.0,302.27
2023-03-23,20.75,79.25,299.47,0.0,300.26
2023-03-23,20.75,79.5,303.03,0.0,300.67
2023-03-23,20.75,79.75,300.55,0.0,300.48
2023-03-23,21.0,78.75,299.9,0.55,300.23
2023-03-23,21.0,79.0,299.93,0.0,301.5
2023-03-23,21.0,79.25,301.34,0.0,301.51
2023-03-23,21.0,79.5,300.32,0.38,301.03
2023-03-23,21.0,79.75,302.69,0.0,300.88
2023-03-23,21.25,78.75,299.0,2.87,300.75
2023-03-23,21.25,79.0,299.19,0.0,301.46
2023-03-23,21.25,79.25,300.64,0.0,301.53
2023-03-23,21.25,79.5,300.94,0.0,300.59
2023-03-23,21.25,79.75,303.18,0.36,300.91
2023-03-23,21.5,78.75,299.4,2.45,301.05
2023-03-23,21.5,79.0,301.33,3.35,301.0
2023-03-23,21.5,79.25,301.84,0.0,300.0
2023-03-23,21.5,79.5,299.73,0.0,300.99
2023-03-23,21.5,79.75,301.63,0.0,301.32
2023-03-23,21.75,78.75,300.65,0.0,300.88
2023-03-23,21.75,79.0,300.07,0.0,300.64
2023-03-23,21.75,79.25,299.86,1.87,300.46
2023-03-23,21.75,79.5,298.36,0.0,301.3
2023-03-23,21.75,79.75,299.66,3.35,299.75
2023-03-24,20.75,78.75,302.18,0.0,301.46
2023-03-24,20.75,79.0,299.21,0.0,301.56
2023-03-24,20.75,79.25,299.36,0.65,301.6
2023-03-24,20.75,79.5,298.94,0.0,301.07
2023-03-24,20.75,79.75,302.31,0.0,301.85
2023-03-24,21.0,78.75,300.7,0.0,299.73
2023-03-24,21.0,79.0,300.9,0.0,300.28
2023-03-24,21.0,79.25,298.91,0.64,300.62
2023-03-24,21.0,79.5,298.92,0.0,300.93
2023-03-24,21.0,79.75,303.36,0.0,301.58
2023-03-24,21.25,78.75,300.9,0.0,300.85
2023-03-24,21.25,79.0,299.09,0.0,301.09
2023-03-24,21.25,79.25,299.51,0.0,300.72
2023-03-24,21.25,79.5,298.37,0.0,301.12
2023-03-24,21.25,79.75,301.14,0.2,300.92
2023-03-24,21.5,78.75,300.76,0.0,301.92
2023-03-24,21.5,79.0,300.98,0.0,300.18
2023-03-24,21.5,79.25,298.33,0.0,300.15
2023-03-24,21.5,79.5,300.49,0.0,301.9
2023-03-24,21.5,79.75,300.76,0.08,300.64
2023-03-24,21.75,78.75,302.42,0.0,301.44
2023-03-24,21.75,79.0,299.14,0.0,300.54
2023-03-24,21.75,79.25,301.49,1.9,300.9
2023-03-24,21.75,79.5,300.08,0.0,300.8
2023-03-24,21.75,79.75,301.66,0.0,300.98
2023-03-25,20.75,78.75,300.91,0.0,300.71
2023-03-25,20.75,79.0,298.83,0.0,300.74
2023-03-25,20.75,79.25,299.45,0.8,300.86
2023-03-25,20.75,79.5,300.23,0.1,302.17
2023-03-25,20.75,79.75,299.28,0.0,299.22
2023-03-25,21.0,78.75,299.56,0.0,299.86
2023-03-25,21.0,79.0,300.21,0.0,301.01
2023-03-25,21.0,79.25,300.95,2.56,300.36
2023-03-25,21.0,79.5,301.35,0.62,301.05
2023-03-25,21.0,79.75,299.93,0.0,300.61
2023-03-25,21.25,78.75,299.91,0.0,301.43
2023-03-25,21.25,79.0,301.99,5.18,301.37
2023-03-25,21.25,79.25,300.13,0.0,300.75
2023-03-25,21.25,79.5,302.01,0.0,301.43
2023-03-25,21.25,79.75,300.74,0.88,300.93
2023-03-25,21.5,78.75,301.24,0.0,301.67
2023-03-25,21.5,79.0,300.95,0.0,300.56
2023-03-25,21.5,79.25,302.99,0.0,301.01
2023-03-25,21.5,79.5,301.04,0.0,301.0
2023-03-25,21.5,79.75,299.81,0.0,301.14
2023-03-25,21.75,78.75,300.03,0.0,301.12
2023-03-25,21.75,79.0,298.41,1.7,300.48
2023-03-25,21.75,79.25,297.22,0.0,301.41
2023-03-25,21.75,79.5,297.56,0.71,300.23
2023-03-25,21.75,79.75,299.05,0.0,301.91
2023-03-26,20.75,78.75,304.59,1.29,300.95
2023-03-26,20.75,79.0,300.52,0.0,301.32
2023-03-26,20.75,79.25,300.64,0.0,300.78
2023-03-26,20.75,79.5,301.61,0.0,300.99
2023-03-26,20.75,79.75,302.45,0.33,300.72
2023-03-26,21.0,78.75,300.37,0.0,300.85
2023-03-26,21.0,79.0,296.64,0.0,301.2
2023-03-26,21.0,79.25,302.9,0.0,300.21
2023-03-26,21.0,79.5,297.04,0.0,301.12
2023-03-26,21.0,79.75,303.56,0.3,300.71
2023-03-26,21.25,78.75,300.34,2.24,300.91
2023-03-26,21.25,79.0,301.99,0.0,300.46
2023-03-26,21.25,79.25,299.1,0.0,301.18
2023-03-26,21.25,79.5,300.86,5.97,300.68
2023-03-26,21.25,79.75,303.16,0.0,301.1
2023-03-26,21.5,78.75,300.15,0.0,301.09
2023-03-26,21.5,79.0,300.04,3.33,301.27
2023-03-26,21.5,79.25,301.94,0.0,301.05
2023-03-26,21.5,79.5,300.73,0.0,301.18
2023-03-26,21.5,79.75,303.21,1.21,301.15
2023-03-26,21.75,78.75,299.81,0.0,300.44
2023-03-26,21.75,79.0,298.36,0.0,300.79
2023-03-26,21.75,79.25,301.2,0.0,301.21
2023-03-26,21.75,79.5,300.25,0.0,301.11
2023-03-26,21.75,79.75,298.66,1.23,300.2
2023-03-27,20.75,78.75,300.99,0.0,301.09
2023-03-27,20.75,79.0,299.49,0.0,300.31
2023-03-27,20.75,79.25,301.26,0.0,300.13
2023-03-27,20.75,79.5,300.6,0.0,300.03
2023-03-27,20.75,79.75,297.42,0.0,301.16
2023-03-27,21.0,78.75,301.63,4.11,300.11
2023-03-27,21.0,79.0,301.65,0.0,300.21
2023-03-27,21.0,79.25,301.7,5.1,300.27
2023-03-27,21.0,79.5,301.71,0.0,300.23
2023-03-27,21.0,79.75,299.49,1.45,300.99
2023-03-27,21.25,78.75,300.66,3.53,301.26
2023-03-27,21.25,79.0,303.59,0.0,300.45
2023-03-27,21.25,79.25,302.93,2.51,300.6
2023-03-27,21.25,79.5,300.92,0.0,300.33
2023-03-27,21.25,79.75,300.92,0.0,301.29
2023-03-27,21.5,78.75,301.69,0.0,300.54
2023-03-27,21.5,79.0,301.83,0.0,301.79
2023-03-27,21.5,79.25,299.45,0.0,301.36
2023-03-27,21.5,79.5,298.18,1.09,300.75
2023-03-27,21.5,79.75,304.57,0.0,300.8
2023-03-27,21.75,78.75,299.82,0.0,301.98
2023-03-27,21.75,79.0,299.19,0.0,300.57
2023-03-27,21.75,79.25,299.13,2.34,301.63
2023-03-27,21.75,79.5,302.81,0.0,301.67
2023-03-27,21.75,79.75,299.38,0.0,300.75
2023-03-28,20.75,78.75,302.89,0.0,300.17
2023-03-28,20.75,79.0,303.81,0.0,300.86
2023-03-28,20.75,79.25,301.12,0.0,301.08
2023-03-28,20.75,79.5,302.28,0.0,301.06
2023-03-28,20.75,79.75,299.54,0.0,301.09
2023-03-28,21.0,78.75,302.67,0.74,300.42
2023-03-28,21.0,79.0,301.61,0.64,301.05
2023-03-28,21.0,79.25,300.95,0.0,301.55
2023-03-28,21.0,79.5,300.09,0.0,299.59
2023-03-28,21.0,79.75,299.61,0.0,300.37
2023-03-28,21.25,78.75,302.82,0.96,301.18
2023-03-28,21.25,79.0,299.36,1.74,301.3
2023-03-28,21.25,79.25,301.89,0.0,300.67
2023-03-28,21.25,79.5,301.28,0.0,301.5
2023-03-28,21.25,79.75,301.13,1.17,300.71
2023-03-28,21.5,78.75,303.31,0.0,300.29
2023-03-28,21.5,79.0,299.22,0.0,301.17
2023-03-28,21.5,79.25,300.84,0.0,301.22
2023-03-28,21.5,79.5,300.89,0.18,301.06
2023-03-28,21.5,79.75,299.95,0.0,299.73
2023-03-28,21.75,78.75,301.08,2.89,301.18
2023-03-28,21.75,79.0,299.27,0.0,300.28
2023-03-28,21.75,79.25,302.09,0.0,301.68
2023-03-28,21.75,79.5,300.88,1.71,301.25
2023-03-28,21.75,79.75,300.0,0.0,301.41
2023-03-29,20.75,78.75,300.71,1.63,301.16
2023-03-29,20.75,79.0,299.91,3.49,300.34
2023-03-29,20.75,79.25,299.49,0.13,301.26
2023-03-29,20.75,79.5,302.23,2.01,299.38
2023-03-29,20.75,79.75,301.63,3.23,301.04
2023-03-29,21.0,78.75,300.88,0.58,300.85
2023-03-29,21.0,79.0,299.59,3.45,301.57
2023-03-29,21.0,79.25,299.89,0.0,300.34
2023-03-29,21.0,79.5,299.38,3.46,300.53
2023-03-29,21.0,79.75,304.27,0.54,301.65
2023-03-29,21.25,78.75,298.47,0.66,300.3
2023-03-29,21.25,79.0,300.6,0.73,300.84
2023-03-29,21.25,79.25,299.86,0.77,300.26
2023-03-29,21.25,79.5,299.55,0.43,300.64
2023-03-29,21.25,79.75,302.69,0.0,300.51
2023-03-29,21.5,78.75,298.53,0.0,300.51
2023-03-29,21.5,79.0,302.88,2.31,300.3
2023-03-29,21.5,79.25,301.16,1.29,300.02
2023-03-29,21.5,79.5,299.05,0.9,300.95
2023-03-29,21.5,79.75,300.43,0.0,300.16
2023-03-29,21.75,78.75,303.62,0.0,300.75
2023-03-29,21.75,79.0,299.79,0.0,301.14
2023-03-29,21.75,79.25,299.46,0.13,300.67
2023-03-29,21.75,79.5,300.44,0.0,300.15
2023-03-29,21.75,79.75,300.08,2.28,301.35
2023-03-30,20.75,78.75,299.25,6.39,300.86
2023-03-30,20.75,79.0,302.03,1.51,302.06
2023-03-30,20.75,79.25,302.26,5.54,300.31
2023-03-30,20.75,79.5,301.64,0.61,300.9
2023-03-30,20.75,79.75,301.7,0.0,300.55
2023-03-30,21.0,78.75,300.43,3.16,301.14
2023-03-30,21.0,79.0,302.93,0.0,300.91
2023-03-30,21.0,79.25,300.37,0.0,300.41
2023-03-30,21.0,79.5,304.36,0.93,300.41
2023-03-30,21.0,79.75,298.62,0.0,301.1
2023-03-30,21.25,78.75,299.78,1.17,301.14
2023-03-30,21.25,79.0,300.21,0.3,300.27
2023-03-30,21.25,79.25,298.77,0.0,300.73
2023-03-30,21.25,79.5,301.37,3.66,300.15
2023-03-30,21.25,79.75,302.52,0.0,300.55
2023-03-30,21.5,78.75,300.29,5.89,301.65
2023-03-30,21.5,79.0,303.24,0.0,301.4
2023-03-30,21.5,79.25,302.63,1.4,300.45
2023-03-30,21.5,79.5,301.62,3.61,301.04
2023-03-30,21.5,79.75,302.98,1.89,300.23
2023-03-30,21.75,78.75,301.95,1.01,301.15
2023-03-30,21.75,79.0,301.92,0.0,300.27
2023-03-30,21.75,79.25,299.31,0.0,300.83
2023-03-30,21.75,79.5,300.72,0.0,300.31
2023-03-30,21.75,79.75,302.39,0.0,300.44
2023-03-31,20.75,78.75,302.64,1.91,300.21
2023-03-31,20.75,79.0,302.07,0.57,300.94
2023-03-31,20.75,79.25,301.0,0.0,300.83
2023-03-31,20.75,79.5,301.98,2.93,300.65
2023-03-31,20.75,79.75,301.43,2.77,299.76
2023-03-31,21.0,78.75,302.02,0.33,300.87
2023-03-31,21.0,79.0,300.23,0.35,301.39
2023-03-31,21.0,79.25,301.46,2.06,300.35
2023-03-31,21.0,79.5,299.68,0.0,300.84
2023-03-31,21.0,79.75,300.59,0.0,300.16
2023-03-31,21.25,78.75,299.6,0.55,301.22
2023-03-31,21.25,79.0,298.46,0.3,300.74
2023-03-31,21.25,79.25,299.4,5.71,300.03
2023-03-31,21.25,79.5,301.81,2.11,302.04
2023-03-31,21.25,79.75,301.06,2.72,299.91
2023-03-31,21.5,78.75,301.13,0.86,301.34
2023-03-31,21.5,79.0,301.09,2.74,300.34
2023-03-31,21.5,79.25,302.25,0.0,301.18
2023-03-31,21.5,79.5,300.94,0.0,301.17
2023-03-31,21.5,79.75,301.0,0.63,300.45
2023-03-31,21.75,78.75,299.58,1.71,301.13
2023-03-31,21.75,79.0,300.91,0.0,300.48
2023-03-31,21.75,79.25,301.92,2.45,300.91
2023-03-31,21.75,79.5,301.64,0.0,300.41
2023-03-31,21.75,79.75,299.84,0.0,300.62
2023-04-01,20.75,78.75,298.1,0.0,300.7
2023-04-01,20.75,79.0,301.23,0.0,301.28
2023-04-01,20.75,79.25,299.22,0.0,301.52
2023-04-01,20.75,79.5,298.37,0.68,301.44
2023-04-01,20.75,79.75,300.79,0.0,300.48
2023-04-01,21.0,78.75,300.58,2.5,301.51
2023-04-01,21.0,79.0,303.22,2.17,300.26
2023-04-01,21.0,79.25,299.98,0.14,301.04
2023-04-01,21.0,79.5,302.93,0.03,301.06
2023-04-01,21.0,79.75,302.31,0.0,300.58
2023-04-01,21.25,78.75,301.25,0.12,300.58
2023-04-01,21.25,79.0,302.34,0.0,301.56
2023-04-01,21.25,79.25,300.4,0.0,300.87
2023-04-01,21.25,79.5,301.84,1.3,300.75
2023-04-01,21.25,79.75,302.7,0.0,301.05
2023-04-01,21.5,78.75,298.81,0.0,301.73
2023-04-01,21.5,79.0,301.0,0.0,300.3
2023-04-01,21.5,79.25,301.62,3.56,301.72
2023-04-01,21.5,79.5,297.74,0.0,300.6
2023-04-01,21.5,79.75,301.41,2.45,300.0
2023-04-01,21.75,78.75,301.8,0.0,301.09
2023-04-01,21.75,79.0,301.3,1.85,300.26
2023-04-01,21.75,79.25,303.15,0.0,300.46
2023-04-01,21.75,79.5,300.67,0.0,300.43
2023-04-01,21.75,79.75,300.74,0.79,301.44
2023-04-02,20.75,78.75,305.48,0.0,301.08
2023-04-02,20.75,79.0,300.81,0.0,301.28
2023-04-02,20.75,79.25,298.26,0.0,300.65
2023-04-02,20.75,79.5,298.24,0.13,300.78
2023-04-02,20.75,79.75,301.45,0.0,301.36
2023-04-02,21.0,78.75,301.88,0.13,300.3
2023-04-02,21.0,79.0,302.34,1.47,300.11
2023-04-02,21.0,79.25,301.99,3.31,300.14
2023-04-02,21.0,79.5,302.74,0.0,301.72
2023-04-02,21.0,79.75,302.31,0.0,300.97
2023-04-02,21.25,78.75,303.12,3.46,300.12
2023-04-02,21.25,79.0,302.19,0.0,301.39
2023-04-02,21.25,79.25,301.41,0.0,301.3
2023-04-02,21.25,79.5,299.07,1.51,301.46
2023-04-02,21.25,79.75,300.17,0.0,300.75
2023-04-02,21.5,78.75,301.55,0.18,301.16
2023-04-02,21.5,79.0,303.08,0.0,300.93
2023-04-02,21.5,79.25,301.23,4.76,300.88
2023-04-02,21.5,79.5,304.89,0.0,299.68
2023-04-02,21.5,79.75,303.22,1.4,299.96
2023-04-02,21.75,78.75,299.41,4.7,300.63
2023-04-02,21.75,79.0,301.86,1.08,301.54
2023-04-02,21.75,79.25,301.19,0.88,300.83
2023-04-02,21.75,79.5,301.85,0.0,301.42
2023-04-02,21.75,79.75,300.59,1.85,299.98
2023-04-03,20.75,78.75,301.39,0.0,301.13
2023-04-03,20.75,79.0,300.64,2.06,300.7
2023-04-03,20.75,79.25,305.9,0.0,301.81
2023-04-03,20.75,79.5,303.28,0.0,301.05
2023-04-03,20.75,79.75,305.15,0.0,299.99
2023-04-03,21.0,78.75,298.0,0.0,300.68
2023-04-03,21.0,79.0,301.05,3.76,300.51
2023-04-03,21.0,79.25,301.34,0.0,300.59
2023-04-03,21.0,79.5,303.3,0.0,300.54
2023-04-03,21.0,79.75,302.61,0.32,301.36
2023-04-03,21.25,78.75,302.84,0.0,300.56
2023-04-03,21.25,79.0,300.96,0.0,301.01
2023-04-03,21.25,79.25,302.04,0.0,300.92
2023-04-03,21.25,79.5,302.48,0.0,300.55
2023-04-03,21.25,79.75,301.15,0.0,300.34
2023-04-03,21.5,78.75,300.96,0.0,300.31
2023-04-03,21.5,79.0,301.75,0.0,300.54
2023-04-03,21.5,79.25,301.53,1.21,300.73
2023-04-03,21.5,79.5,301.69,0.64,301.91
2023-04-03,21.5,79.75,301.96,0.0,300.56
2023-04-03,21.75,78.75,304.95,0.46,300.88
2023-04-03,21.75,79.0,299.91,0.0,300.12
2023-04-03,21.75,79.25,303.95,0.0,301.06
2023-04-03,21.75,79.5,300.77,0.0,299.92
2023-04-03,21.75,79.75,301.19,0.0,301.76
2023-04-04,20.75,78.75,302.74,1.13,301.06
2023-04-04,20.75,79.0,303.06,0.0,300.65
2023-04-04,20.75,79.25,303.87,0.0,301.22
2023-04-04,20.75,79.5,302.77,0.0,301.39
2023-04-04,20.75,79.75,302.45,0.0,301.35
2023-04-04,21.0,78.75,300.1,1.57,300.71
2023-04-04,21.0,79.0,302.2,0.0,300.57
2023-04-04,21.0,79.25,298.56,1.19,300.14
2023-04-04,21.0,79.5,304.55,0.0,300.47
2023-04-04,21.0,79.75,301.06,0.0,300.57
2023-04-04,21.25,78.75,305.03,0.0,300.97
2023-04-04,21.25,79.0,300.15,0.22,301.07
2023-04-04,21.25,79.25,301.75,0.0,301.16
2023-04-04,21.25,79.5,299.7,0.0,300.89
2023-04-04,21.25,79.75,303.48,0.0,300.48
2023-04-04,21.5,78.75,299.5,0.24,300.59
2023-04-04,21.5,79.0,303.53,4.41,300.25
2023-04-04,21.5,79.25,301.21,2.89,301.41
2023-04-04,21.5,79.5,302.35,0.0,300.19
2023-04-04,21.5,79.75,302.47,0.0,300.16
2023-04-04,21.75,78.75,301.45,2.15,299.77
2023-04-04,21.75,79.0,303.16,1.98,301.02
2023-04-04,21.75,79.25,299.99,0.0,301.3
2023-04-04,21.75,79.5,300.81,3.97,300.05
2023-04-04,21.75,79.75,302.78,0.0,299.9
2023-04-05,20.75,78.75,299.48,0.0,301.22
2023-04-05,20.75,79.0,300.8,0.0,299.81
2023-04-05,20.75,79.25,301.71,0.0,301.03
2023-04-05,20.75,79.5,299.21,1.89,301.13
2023-04-05,20.75,79.75,302.83,0.42,300.44
2023-04-05,21.0,78.75,301.14,3.89,301.21
2023-04-05,21.0,79.0,301.18,0.63,299.9
2023-04-05,21.0,79.25,301.07,0.0,299.95
2023-04-05,21.0,79.5,301.72,0.0,300.74
2023-04-05,21.0,79.75,300.63,0.28,300.18
2023-04-05,21.25,78.75,300.85,0.09,300.08
2023-04-05,21.25,79.0,302.75,0.0,301.05
2023-04-05,21.25,79.25,300.87,0.0,301.18
2023-04-05,21.25,79.5,301.56,0.0,301.15
2023-04-05,21.25,79.75,301.35,0.0,300.6
2023-04-05,21.5,78.75,302.51,0.0,300.03
2023-04-05,21.5,79.0,300.92,0.0,300.92
2023-04-05,21.5,79.25,299.37,0.0,300.75
2023-04-05,21.5,79.5,302.67,2.9,300.68
2023-04-05,21.5,79.75,299.85,0.0,300.71
2023-04-05,21.75,78.75,299.89,0.0,300.8
2023-04-05,21.75,79.0,304.52,0.0,300.36
2023-04-05,21.75,79.25,304.47,0.0,300.9
2023-04-05,21.75,79.5,303.19,0.61,300.8
2023-04-05,21.75,79.75,302.18,0.06,300.16
2023-04-06,20.75,78.75,301.01,0.0,300.67
2023-04-06,20.75,79.0,301.65,1.85,300.41
2023-04-06,20.75,79.25,302.37,14.95,300.3
2023-04-06,20.75,79.5,302.6,0.32,301.34
2023-04-06,20.75,79.75,300.73,0.0,300.72
2023-04-06,21.0,78.75,303.09,0.85,300.89
2023-04-06,21.0,79.0,299.26,2.55,300.97
2023-04-06,21.0,79.25,299.16,0.0,300.6
2023-04-06,21.0,79.5,302.49,0.0,300.84
2023-04-06,21.0,79.75,302.26,0.0,301.15
2023-04-06,21.25,78.75,303.46,0.0,300.06
2023-04-06,21.25,79.0,303.22,0.0,300.38
2023-04-06,21.25,79.25,302.43,0.0,300.62
2023-04-06,21.25,79.5,302.93,0.0,301.43
2023-04-06,21.25,79.75,301.51,0.0,301.2
2023-04-06,21.5,78.75,302.01,0.0,301.5
2023-04-06,21.5,79.0,300.67,0.0,300.52
2023-04-06,21.5,79.25,302.72,1.42,300.91
2023-04-06,21.5,79.5,302.4,0.0,300.15
2023-04-06,21.5,79.75,301.06,0.0,300.86
2023-04-06,21.75,78.75,303.32,1.75,300.63
2023-04-06,21.75,79.0,304.28,0.0,301.25
2023-04-06,21.75,79.25,303.0,1.17,301.56
2023-04-06,21.75,79.5,300.54,0.0,301.33
2023-04-06,21.75,79.75,301.51,0.0,300.48
2023-04-07,20.75,78.75,303.49,0.0,300.82
2023-04-07,20.75,79.0,300.62,0.0,300.93
2023-04-07,20.75,79.25,301.35,1.12,300.29
2023-04-07,20.75,79.5,304.75,0.0,300.82
2023-04-07,20.75,79.75,302.08,0.0,300.54
2023-04-07,21.0,78.75,303.1,2.71,300.87
2023-04-07,21.0,79.0,301.15,0.0,300.3
2023-04-07,21.0,79.25,301.05,0.0,300.95
2023-04-07,21.0,79.5,301.85,3.92,301.9
2023-04-07,21.0,79.75,300.82,2.53,301.24
2023-04-07,21.25,78.75,303.74,0.0,300.23
2023-04-07,21.25,79.0,300.28,0.34,300.39
2023-04-07,21.25,79.25,300.72,0.0,301.06
2023-04-07,21.25,79.5,301.19,0.0,300.18
2023-04-07,21.25,79.75,301.83,2.47,300.39
2023-04-07,21.5,78.75,302.96,0.0,300.93
2023-04-07,21.5,79.0,301.98,2.03,301.54
2023-04-07,21.5,79.25,302.99,4.4,299.24
2023-04-07,21.5,79.5,302.47,0.0,300.76
2023-04-07,21.5,79.75,304.68,1.69,299.77
2023-04-07,21.75,78.75,300.82,0.0,301.34
2023-04-07,21.75,79.0,302.38,0.0,301.16
2023-04-07,21.75,79.25,299.97,2.02,300.35
2023-04-07,21.75,79.5,301.83,1.42,299.92
2023-04-07,21.75,79.75,306.43,2.34,300.33
2023-04-08,20.75,78.75,301.88,0.19,301.08
2023-04-08,20.75,79.0,301.59,0.0,301.22
2023-04-08,20.75,79.25,302.89,0.89,300.23
2023-04-08,20.75,79.5,302.02,0.0,300.97
2023-04-08,20.75,79.75,304.5,3.28,301.45
2023-04-08,21.0,78.75,302.77,0.0,300.54
2023-04-08,21.0,79.0,302.38,4.31,301.03
2023-04-08,21.0,79.25,302.36,0.0,300.35
2023-04-08,21.0,79.5,303.01,0.0,301.52
2023-04-08,21.0,79.75,302.09,1.13,300.44
2023-04-08,21.25,78.75,302.21,0.0,300.47
2023-04-08,21.25,79.0,297.89,0.0,301.46
2023-04-08,21.25,79.25,302.56,0.0,300.79
2023-04-08,21.25,79.5,301.29,0.0,300.43
2023-04-08,21.25,79.75,300.76,0.19,300.89
2023-04-08,21.5,78.75,301.44,0.52,301.04
2023-04-08,21.5,79.0,300.89,0.0,300.25
2023-04-08,21.5,79.25,302.74,1.48,300.34
2023-04-08,21.5,79.5,302.99,0.46,299.88
2023-04-08,21.5,79.75,302.88,0.0,301.26
2023-04-08,21.75,78.75,301.14,0.0,300.51
2023-04-08,21.75,79.0,300.65,0.0,300.77
2023-04-08,21.75,79.25,301.57,2.33,300.25
2023-04-08,21.75,79.5,300.55,0.12,300.54
2023-04-08,21.75,79.75,301.31,0.0,300.97
2023-04-09,20.75,78.75,302.57,2.57,300.7
2023-04-09,20.75,79.0,302.13,2.84,300.67
2023-04-09,20.75,79.25,303.33,0.66,300.06
2023-04-09,20.75,79.5,305.82,0.0,300.21
2023-04-09,20.75,79.75,304.08,0.71,300.14
2023-04-09,21.0,78.75,301.01,0.0,300.44
2023-04-09,21.0,79.0,301.98,0.0,299.93
2023-04-09,21.0,79.25,300.08,1.93,301.25
2023-04-09,21.0,79.5,305.03,0.0,300.95
2023-04-09,21.0,79.75,302.58,0.0,300.67
2023-04-09,21.25,78.75,303.65,0.0,301.01
2023-04-09,21.25,79.0,304.14,0.0,301.15
2023-04-09,21.25,79.25,302.76,0.0,301.14
2023-04-09,21.25,79.5,301.65,3.68,301.05
2023-04-09,21.25,79.75,301.75,3.73,301.12
2023-04-09,21.5,78.75,301.52,0.0,301.21
2023-04-09,21.5,79.0,305.42,0.94,300.92
2023-04-09,21.5,79.25,301.58,0.21,300.77
2023-04-09,21.5,79.5,301.97,12.36,300.7
2023-04-09,21.5,79.75,302.48,0.0,300.92
2023-04-09,21.75,78.75,304.04,0.16,301.08
2023-04-09,21.75,79.0,301.25,0.0,301.55
2023-04-09,21.75,79.25,299.04,1.22,300.17
2023-04-09,21.75,79.5,303.2,0.0,300.16
2023-04-09,21.75,79.75,302.7,0.0,300.8
2023-04-10,20.75,78.75,303.83,0.0,300.34
2023-04-10,20.75,79.0,300.92,0.0,300.57
2023-04-10,20.75,79.25,303.2,3.76,300.01
2023-04-10,20.75,79.5,301.75,2.8,301.53
2023-04-10,20.75,79.75,303.43,0.0,301.62
2023-04-10,21.0,78.75,303.64,0.0,300.96
2023-04-10,21.0,79.0,301.76,0.0,300.06
2023-04-10,21.0,79.25,301.36,0.0,301.09
2023-04-10,21.0,79.5,302.91,0.91,300.63
2023-04-10,21.0,79.75,304.05,0.0,301.03
2023-04-10,21.25,78.75,304.72,0.0,300.51
2023-04-10,21.25,79.0,300.9,0.6,300.56
2023-04-10,21.25,79.25,301.1,0.0,301.16
2023-04-10,21.25,79.5,303.3,0.0,300.88
2023-04-10,21.25,79.75,301.6,0.0,300.54
2023-04-10,21.5,78.75,302.97,0.59,301.15
2023-04-10,21.5,79.0,302.58,0.0,299.89
2023-04-10,21.5,79.25,301.66,0.0,300.28
2023-04-10,21.5,79.5,302.1,0.0,300.75
2023-04-10,21.5,79.75,300.89,1.15,300.99
2023-04-10,21.75,78.75,302.0,2.77,300.63
2023-04-10,21.75,79.0,299.58,0.0,300.36
2023-04-10,21.75,79.25,299.87,8.06,300.77
2023-04-10,21.75,79.5,302.63,0.0,300.16
2023-04-10,21.75,79.75,301.68,1.19,301.46
2023-04-11,20.75,78.75,302.53,0.14,301.42
2023-04-11,20.75,79.0,301.15,1.8,301.92
2023-04-11,20.75,79.25,303.6,0.0,301.16
2023-04-11,20.75,79.5,301.62,0.8,300.33
2023-04-11,20.75,79.75,303.49,1.07,301.32
2023-04-11,21.0,78.75,302.73,1.12,300.51
2023-04-11,21.0,79.0,305.09,1.25,300.91
2023-04-11,21.0,79.25,303.16,0.43,301.03
2023-04-11,21.0,79.5,299.85,0.0,300.78
2023-04-11,21.0,79.75,302.15,0.0,300.55
2023-04-11,21.25,78.75,303.32,0.0,300.72
2023-04-11,21.25,79.0,300.58,0.1,301.28
2023-04-11,21.25,79.25,300.33,3.43,300.3
2023-04-11,21.25,79.5,301.72,0.16,300.66
2023-04-11,21.25,79.75,301.98,0.0,300.07
2023-04-11,21.5,78.75,304.8,0.0,300.64
2023-04-11,21.5,79.0,304.65,1.11,300.64
2023-04-11,21.5,79.25,303.43,0.0,301.18
2023-04-11,21.5,79.5,300.23,1.07,300.2
2023-04-11,21.5,79.75,300.15,2.69,299.7
2023-04-11,21.75,78.75,304.99,0.0,301.24
2023-04-11,21.75,79.0,303.34,5.78,300.12
2023-04-11,21.75,79.25,302.78,0.0,300.91
2023-04-11,21.75,79.5,305.26,0.0,300.49
2023-04-11,21.75,79.75,303.64,1.5,301.25
2023-04-12,20.75,78.75,301.81,0.85,300.55
2023-04-12,20.75,79.0,301.86,1.11,299.74
2023-04-12,20.75,79.25,303.18,0.0,300.52
2023-04-12,20.75,79.5,304.62,0.0,300.71
2023-04-12,20.75,79.75,302.67,4.21,300.72
2023-04-12,21.0,78.75,303.55,6.59,300.13
2023-04-12,21.0,79.0,303.76,0.0,301.46
2023-04-12,21.0,79.25,302.34,0.0,301.24
2023-04-12,21.0,79.5,302.17,0.02,300.13
2023-04-12,21.0,79.75,305.13,0.65,300.5
2023-04-12,21.25,78.75,302.8,0.0,300.23
2023-04-12,21.25,79.0,301.3,0.16,301.21
2023-04-12,21.25,79.25,302.52,0.0,300.79
2023-04-12,21.25,79.5,302.99,0.0,300.91
2023-04-12,21.25,79.75,302.19,0.0,300.89
2023-04-12,21.5,78.75,303.14,0.0,300.39
2023-04-12,21.5,79.0,304.73,4.83,300.44
2023-04-12,21.5,79.25,301.53,4.17,300.34
2023-04-12,21.5,79.5,303.16,0.0,300.57
2023-04-12,21.5,79.75,301.17,0.0,300.38
2023-04-12,21.75,78.75,304.81,0.0,300.07
2023-04-12,21.75,79.0,301.89,1.64,300.64
2023-04-12,21.75,79.25,304.37,1.37,299.99
2023-04-12,21.75,79.5,301.88,0.0,301.2
2023-04-12,21.75,79.75,303.15,1.41,300.59
2023-04-13,20.75,78.75,302.99,1.53,301.8
2023-04-13,20.75,79.0,304.08,1.14,300.62
2023-04-13,20.75,79.25,301.52,0.35,300.16
2023-04-13,20.75,79.5,305.26,0.67,300.86
2023-04-13,20.75,79.75,302.95,0.0,300.56
2023-04-13,21.0,78.75,303.54,2.46,301.1
2023-04-13,21.0,79.0,302.82,0.0,300.28
2023-04-13,21.0,79.25,301.86,0.39,300.21
2023-04-13,21.0,79.5,304.22,0.0,300.55
2023-04-13,21.0,79.75,303.0,2.74,299.88
2023-04-13,21.25,78.75,302.59,2.35,300.93
2023-04-13,21.25,79.0,303.5,0.0,300.33
2023-04-13,21.25,79.25,302.07,0.0,300.96
2023-04-13,21.25,79.5,302.3,0.0,300.69
2023-04-13,21.25,79.75,301.57,1.01,300.27
2023-04-13,21.5,78.75,301.66,2.23,300.55
2023-04-13,21.5,79.0,303.12,0.0,301.25
2023-04-13,21.5,79.25,304.13,0.0,300.89
2023-04-13,21.5,79.5,303.88,0.0,299.81
2023-04-13,21.5,79.75,305.81,0.97,300.74
2023-04-13,21.75,78.75,302.16,0.0,301.0
2023-04-13,21.75,79.0,300.59,2.97,301.24
2023-04-13,21.75,79.25,300.84,0.8,300.69
2023-04-13,21.75,79.5,301.55,0.0,300.36
2023-04-13,21.75,79.75,301.97,0.0,299.79
2023-04-14,20.75,78.75,302.35,0.0,300.8
2023-04-14,20.75,79.0,300.88,0.0,299.6
2023-04-14,20.75,79.25,301.38,0.0,299.77
2023-04-14,20.75,79.5,301.43,0.0,300.8
2023-04-14,20.75,79.75,302.87,0.0,301.21
2023-04-14,21.0,78.75,302.46,4.27,301.7
2023-04-14,21.0,79.0,303.79,0.0,301.18
2023-04-14,21.0,79.25,300.45,0.0,300.52
2023-04-14,21.0,79.5,304.46,0.0,299.61
2023-04-14,21.0,79.75,300.55,3.26,300.58
2023-04-14,21.25,78.75,304.02,0.0,301.05
2023-04-14,21.25,79.0,306.21,0.0,301.04
2023-04-14,21.25,79.25,299.71,5.87,300.45
2023-04-14,21.25,79.5,303.54,4.27,300.47
2023-04-14,21.25,79.75,303.96,0.0,299.28
2023-04-14,21.5,78.75,302.62,0.14,300.29
2023-04-14,21.5,79.0,303.32,0.0,300.67
2023-04-14,21.5,79.25,300.65,0.0,299.89
2023-04-14,21.5,79.5,303.46,0.0,301.07
2023-04-14,21.5,79.75,302.77,1.94,300.92
2023-04-14,21.75,78.75,302.21,1.16,300.63
2023-04-14,21.75,79.0,299.41,0.0,301.38
2023-04-14,21.75,79.25,302.82,0.09,299.82
2023-04-14,21.75,79.5,304.26,3.56,300.33
2023-04-14,21.75,79.75,304.71,0.0,300.37
2023-04-15,20.75,78.75,303.61,0.57,301.24
2023-04-15,20.75,79.0,305.14,1.59,300.56
2023-04-15,20.75,79.25,306.86,0.0,300.52
2023-04-15,20.75,79.5,305.67,1.92,300.57
2023-04-15,20.75,79.75,303.86,0.0,300.41
2023-04-15,21.0,78.75,305.2,0.0,300.22
2023-04-15,21.0,79.0,303.09,0.7,300.71
2023-04-15,21.0,79.25,302.89,0.0,301.73
2023-04-15,21.0,79.5,304.22,1.97,300.98
2023-04-15,21.0,79.75,304.85,10.36,300.51
2023-04-15,21.25,78.75,303.04,0.0,300.03
2023-04-15,21.25,79.0,300.99,2.32,300.44
2023-04-15,21.25,79.25,303.05,0.0,301.37
2023-04-15,21.25,79.5,301.97,0.0,300.05
2023-04-15,21.25,79.75,300.8,3.97,301.11
2023-04-15,21.5,78.75,304.1,3.13,301.08
2023-04-15,21.5,79.0,304.31,0.0,301.39
2023-04-15,21.5,79.25,305.78,2.84,301.49
2023-04-15,21.5,79.5,301.55,0.0,300.15
2023-04-15,21.5,79.75,301.96,0.0,301.25
2023-04-15,21.75,78.75,304.93,0.0,300.01
2023-04-15,21.75,79.0,302.2,0.0,300.26
2023-04-15,21.75,79.25,302.95,0.0,300.88
2023-04-15,21.75,79.5,302.91,0.0,300.83
2023-04-15,21.75,79.75,302.8,0.0,301.12
2023-04-16,20.75,78.75,304.61,0.0,300.68
2023-04-16,20.75,79.0,303.3,2.58,300.25
2023-04-16,20.75,79.25,304.01,2.02,301.53
2023-04-16,20.75,79.5,305.32,0.0,300.83
2023-04-16,20.75,79.75,303.8,0.0,300.46
2023-04-16,21.0,78.75,303.88,1.4,301.3
2023-04-16,21.0,79.0,302.87,0.0,301.24
2023-04-16,21.0,79.25,302.97,0.0,300.5
2023-04-16,21.0,79.5,300.81,4.34,299.43
2023-04-16,21.0,79.75,304.1,3.08,300.51
2023-04-16,21.25,78.75,302.86,1.65,300.41
2023-04-16,21.25,79.0,302.6,1.31,299.89
2023-04-16,21.25,79.25,302.67,0.85,301.05
2023-04-16,21.25,79.5,303.98,0.0,300.7
2023-04-16,21.25,79.75,303.27,0.0,300.36
2023-04-16,21.5,78.75,303.03,0.0,300.08
2023-04-16,21.5,79.0,302.93,0.96,301.09
2023-04-16,21.5,79.25,303.88,0.0,301.0
2023-04-16,21.5,79.5,303.15,0.0,301.5
2023-04-16,21.5,79.75,301.8,0.36,300.59
2023-04-16,21.75,78.75,303.37,0.71,300.85
2023-04-16,21.75,79.0,302.71,0.0,300.66
2023-04-16,21.75,79.25,303.94,0.4,300.76
2023-04-16,21.75,79.5,304.16,0.0,300.51
2023-04-16,21.75,79.75,305.47,0.0,299.42
2023-04-17,20.75,78.75,304.43,0.0,301.55
2023-04-17,20.75,79.0,300.45,0.0,300.31
2023-04-17,20.75,79.25,302.38,0.0,300.25
2023-04-17,20.75,79.5,302.58,0.0,299.86
2023-04-17,20.75,79.75,303.74,0.0,300.7
2023-04-17,21.0,78.75,305.75,0.0,300.52
2023-04-17,21.0,79.0,305.57,0.0,300.36
2023-04-17,21.0,79.25,299.81,1.5,300.35
2023-04-17,21.0,79.5,303.2,0.87,301.27
2023-04-17,21.0,79.75,305.08,3.81,300.59
2023-04-17,21.25,78.75,303.41,0.18,301.02
2023-04-17,21.25,79.0,303.43,0.0,300.04
2023-04-17,21.25,79.25,305.18,0.0,300.4
2023-04-17,21.25,79.5,304.64,0.0,301.82
2023-04-17,21.25,79.75,303.26,0.0,300.71
2023-04-17,21.5,78.75,305.35,0.0,301.19
2023-04-17,21.5,79.0,303.63,0.0,301.4
2023-04-17,21.5,79.25,302.53,0.0,300.53
2023-04-17,21.5,79.5,303.84,0.0,300.58
2023-04-17,21.5,79.75,303.4,0.0,300.48
2023-04-17,21.75,78.75,305.45,0.33,300.48
2023-04-17,21.75,79.0,304.86,0.96,300.84
2023-04-17,21.75,79.25,305.81,0.0,300.93
2023-04-17,21.75,79.5,303.22,0.73,300.34
2023-04-17,21.75,79.75,303.47,0.0,300.55
2023-04-18,20.75,78.75,307.33,0.93,300.15
2023-04-18,20.75,79.0,303.26,2.81,301.16
2023-04-18,20.75,79.25,303.98,0.0,299.69
2023-04-18,20.75,79.5,303.73,3.41,300.85
2023-04-18,20.75,79.75,302.71,4.04,300.36
2023-04-18,21.0,78.75,303.3,0.0,299.74
2023-04-18,21.0,79.0,304.56,0.0,300.18
2023-04-18,21.0,79.25,303.22,0.0,299.99
2023-04-18,21.0,79.5,303.75,0.0,300.73
2023-04-18,21.0,79.75,302.86,0.15,300.65
2023-04-18,21.25,78.75,301.68,0.43,300.36
2023-04-18,21.25,79.0,303.0,0.85,300.71
2023-04-18,21.25,79.25,302.53,3.45,300.59
2023-04-18,21.25,79.5,301.52,0.0,299.83
2023-04-18,21.25,79.75,303.43,0.0,300.05
2023-04-18,21.5,78.75,304.01,1.99,300.29
2023-04-18,21.5,79.0,305.18,0.69,300.65
2023-04-18,21.5,79.25,302.9,0.0,300.57
2023-04-18,21.5,79.5,302.64,0.0,300.46
2023-04-18,21.5,79.75,303.85,0.0,300.76
2023-04-18,21.75,78.75,302.48,1.11,300.34
2023-04-18,21.75,79.0,304.77,0.0,300.26
2023-04-18,21.75,79.25,306.16,3.02,300.42
2023-04-18,21.75,79.5,304.2,0.0,300.85
2023-04-18,21.75,79.75,301.16,0.0,300.02
2023-04-19,20.75,78.75,303.02,0.19,300.59
2023-04-19,20.75,79.0,303.18,0.0,301.41
2023-04-19,20.75,79.25,302.99,0.0,299.84
2023-04-19,20.75,79.5,305.25,0.0,301.31
2023-04-19,20.75,79.75,302.36,0.0,299.47
2023-04-19,21.0,78.75,301.95,0.0,300.82
2023-04-19,21.0,79.0,303.9,0.0,299.78
2023-04-19,21.0,79.25,302.45,1.47,300.08
2023-04-19,21.0,79.5,304.82,0.41,300.68
2023-04-19,21.0,79.75,303.15,2.7,299.78
2023-04-19,21.25,78.75,301.77,0.0,301.38
2023-04-19,21.25,79.0,305.3,0.77,299.89
2023-04-19,21.25,79.25,306.75,0.0,301.38
2023-04-19,21.25,79.5,300.79,1.68,300.06
2023-04-19,21.25,79.75,304.65,2.59,301.27
2023-04-19,21.5,78.75,300.71,0.0,300.68
2023-04-19,21.5,79.0,304.96,6.78,300.98
2023-04-19,21.5,79.25,301.02,0.0,300.3
2023-04-19,21.5,79.5,305.98,2.33,299.74
2023-04-19,21.5,79.75,303.06,4.33,300.21
2023-04-19,21.75,78.75,303.65,0.38,299.95
2023-04-19,21.75,79.0,302.13,2.79,301.35
2023-04-19,21.75,79.25,299.79,0.0,299.71
2023-04-19,21.75,79.5,305.46,0.56,300.71
2023-04-19,21.75,79.75,304.33,0.0,300.29
2023-04-20,20.75,78.75,304.8,2.87,300.85
2023-04-20,20.75,79.0,303.24,0.56,300.29
2023-04-20,20.75,79.25,304.68,0.58,300.57
2023-04-20,20.75,79.5,304.04,0.76,300.24
2023-04-20,20.75,79.75,301.76,2.12,300.33
2023-04-20,21.0,78.75,302.74,3.78,300.77
2023-04-20,21.0,79.0,305.6,1.89,300.37
2023-04-20,21.0,79.25,306.34,0.0,300.85
2023-04-20,21.0,79.5,300.49,0.0,299.8
2023-04-20,21.0,79.75,301.15,0.0,300.47
2023-04-20,21.25,78.75,305.86,0.01,300.24
2023-04-20,21.25,79.0,300.03,2.07,300.87
2023-04-20,21.25,79.25,302.57,1.3,301.02
2023-04-20,21.25,79.5,303.99,0.0,301.13
2023-04-20,21.25,79.75,300.16,0.0,300.05
2023-04-20,21.5,78.75,302.61,1.52,300.29
2023-04-20,21.5,79.0,302.51,0.0,300.69
2023-04-20,21.5,79.25,305.41,0.0,300.33
2023-04-20,21.5,79.5,304.53,0.72,300.2
2023-04-20,21.5,79.75,302.44,1.62,300.37
2023-04-20,21.75,78.75,303.93,0.0,300.31
2023-04-20,21.75,79.0,303.48,0.0,300.7
2023-04-20,21.75,79.25,303.87,0.0,301.63
2023-04-20,21.75,79.5,303.13,0.0,300.94
2023-04-20,21.75,79.75,304.44,1.84,299.99
2023-04-21,20.75,78.75,305.42,0.0,300.54
2023-04-21,20.75,79.0,304.14,0.0,300.71
2023-04-21,20.75,79.25,302.48,0.0,300.14
2023-04-21,20.75,79.5,301.33,0.0,300.11
2023-04-21,20.75,79.75,304.07,0.0,300.21
2023-04-21,21.0,78.75,303.61,0.0,300.68
2023-04-21,21.0,79.0,303.09,1.71,300.86
2023-04-21,21.0,79.25,304.17,2.21,299.93
2023-04-21,21.0,79.5,304.6,1.86,300.39
2023-04-21,21.0,79.75,304.98,0.0,300.9
2023-04-21,21.25,78.75,304.83,0.57,300.9
2023-04-21,21.25,79.0,302.2,0.0,300.84
2023-04-21,21.25,79.25,305.22,3.54,300.59
2023-04-21,21.25,79.5,302.85,0.0,300.87
2023-04-21,21.25,79.75,302.08,3.8,300.66
2023-04-21,21.5,78.75,304.2,0.85,300.08
2023-04-21,21.5,79.0,300.34,0.0,300.25
2023-04-21,21.5,79.25,305.48,0.0,300.56
2023-04-21,21.5,79.5,302.34,0.51,300.89
2023-04-21,21.5,79.75,306.12,0.0,300.49
2023-04-21,21.75,78.75,305.65,2.94,300.21
2023-04-21,21.75,79.0,304.22,6.09,300.02
2023-04-21,21.75,79.25,301.96,1.77,300.21
2023-04-21,21.75,79.5,305.71,0.0,301.52
2023-04-21,21.75,79.75,304.66,0.0,300.8
2023-04-22,20.75,78.75,300.77,0.31,301.06
2023-04-22,20.75,79.0,305.36,0.0,300.08
2023-04-22,20.75,79.25,303.4,0.0,300.35
2023-04-22,20.75,79.5,302.99,2.08,300.62
2023-04-22,20.75,79.75,303.31,0.33,300.32
2023-04-22,21.0,78.75,303.5,0.0,300.19
2023-04-22,21.0,79.0,299.56,0.0,300.76
2023-04-22,21.0,79.25,305.15,0.0,300.79
2023-04-22,21.0,79.5,301.87,0.0,300.43
2023-04-22,21.0,79.75,302.1,1.7,300.79
2023-04-22,21.25,78.75,305.56,0.0,300.0
2023-04-22,21.25,79.0,302.07,0.0,300.56
2023-04-22,21.25,79.25,303.06,0.0,300.19
2023-04-22,21.25,79.5,303.08,1.37,300.71
2023-04-22,21.25,79.75,305.42,0.0,298.88
2023-04-22,21.5,78.75,301.0,2.15,300.49
2023-04-22,21.5,79.0,302.25,0.0,300.55
2023-04-22,21.5,79.25,302.93,0.0,300.55
2023-04-22,21.5,79.5,301.36,2.1,300.41
2023-04-22,21.5,79.75,300.85,0.92,300.67
2023-04-22,21.75,78.75,303.61,0.0,299.97
2023-04-22,21.75,79.0,302.56,0.0,300.06
2023-04-22,21.75,79.25,304.32,0.0,300.27
2023-04-22,21.75,79.5,301.72,0.0,300.25
2023-04-22,21.75,79.75,303.47,0.0,300.29
2023-04-23,20.75,78.75,303.73,0.0,300.07
2023-04-23,20.75,79.0,302.6,0.0,299.54
2023-04-23,20.75,79.25,304.08,0.0,300.78
2023-04-23,20.75,79.5,301.09,1.22,300.94
2023-04-23,20.75,79.75,307.1,1.05,300.63
2023-04-23,21.0,78.75,303.19,1.68,300.59
2023-04-23,21.0,79.0,304.0,0.36,301.04
2023-04-23,21.0,79.25,304.6,2.68,299.63
2023-04-23,21.0,79.5,305.41,0.0,300.45
2023-04-23,21.0,79.75,302.34,0.36,301.09
2023-04-23,21.25,78.75,304.51,5.4,300.66
2023-04-23,21.25,79.0,303.19,1.47,300.68
2023-04-23,21.25,79.25,303.93,0.79,301.45
2023-04-23,21.25,79.5,305.54,4.44,300.12
2023-04-23,21.25,79.75,305.85,4.11,300.07
2023-04-23,21.5,78.75,302.13,0.0,300.3
2023-04-23,21.5,79.0,303.48,0.0,300.73
2023-04-23,21.5,79.25,303.85,0.12,300.03
2023-04-23,21.5,79.5,302.96,0.43,300.27
2023-04-23,21.5,79.75,303.82,0.76,300.06
2023-04-23,21.75,78.75,304.71,2.85,301.21
2023-04-23,21.75,79.0,302.14,0.06,301.32
2023-04-23,21.75,79.25,303.1,2.81,300.15
2023-04-23,21.75,79.5,305.32,0.0,300.0
2023-04-23,21.75,79.75,302.28,0.69,300.35
2023-04-24,20.75,78.75,305.12,2.11,300.17
2023-04-24,20.75,79.0,302.92,4.97,300.57
2023-04-24,20.75,79.25,305.63,3.29,299.95
2023-04-24,20.75,79.5,305.7,0.64,300.63
2023-04-24,20.75,79.75,303.74,0.0,300.46
2023-04-24,21.0,78.75,304.45,0.0,299.05
2023-04-24,21.0,79.0,301.14,0.66,300.74
2023-04-24,21.0,79.25,303.66,1.5,301.23
2023-04-24,21.0,79.5,301.87,0.0,300.57
2023-04-24,21.0,79.75,306.11,0.0,299.71
2023-04-24,21.25,78.75,303.22,0.58,300.93
2023-04-24,21.25,79.0,304.17,2.67,300.05
2023-04-24,21.25,79.25,303.93,0.0,300.23
2023-04-24,21.25,79.5,301.43,0.0,299.78
2023-04-24,21.25,79.75,302.87,4.15,301.11
2023-04-24,21.5,78.75,301.45,1.32,300.75
2023-04-24,21.5,79.0,301.33,2.03,300.74
2023-04-24,21.5,79.25,302.38,0.99,300.55
2023-04-24,21.5,79.5,301.82,0.0,300.68
2023-04-24,21.5,79.75,305.34,6.23,300.31
2023-04-24,21.75,78.75,304.76,0.0,300.34
2023-04-24,21.75,79.0,302.96,0.01,300.09
2023-04-24,21.75,79.25,305.12,0.6,300.56
2023-04-24,21.75,79.5,302.36,0.0,301.42
2023-04-24,21.75,79.75,303.91,6.28,299.68
2023-04-25,20.75,78.75,306.62,0.0,300.54
2023-04-25,20.75,79.0,304.34,0.0,300.5
2023-04-25,20.75,79.25,306.2,3.83,301.01
2023-04-25,20.75,79.5,305.75,0.0,300.66
2023-04-25,20.75,79.75,305.62,0.46,300.52
2023-04-25,21.0,78.75,299.07,0.0,300.45
2023-04-25,21.0,79.0,302.31,0.0,300.84
2023-04-25,21.0,79.25,304.66,1.58,300.78
2023-04-25,21.0,79.5,304.05,0.0,299.9
2023-04-25,21.0,79.75,303.95,0.11,299.82
2023-04-25,21.25,78.75,301.11,2.54,300.3
2023-04-25,21.25,79.0,302.37,0.06,299.27
2023-04-25,21.25,79.25,303.07,1.23,300.52
2023-04-25,21.25,79.5,303.85,0.28,300.75
2023-04-25,21.25,79.75,308.03,3.04,300.58
2023-04-25,21.5,78.75,304.26,1.65,299.93
2023-04-25,21.5,79.0,304.2,0.35,300.02
2023-04-25,21.5,79.25,303.28,0.0,299.9
2023-04-25,21.5,79.5,303.47,0.17,300.29
2023-04-25,21.5,79.75,303.19,0.0,300.49
2023-04-25,21.75,78.75,307.27,2.57,299.87
2023-04-25,21.75,79.0,306.08,0.0,301.71
2023-04-25,21.75,79.25,302.32,0.0,301.44
2023-04-25,21.75,79.5,303.63,0.0,300.52
2023-04-25,21.75,79.75,305.98,0.0,299.99
2023-04-26,20.75,78.75,304.97,1.44,301.07
2023-04-26,20.75,79.0,302.21,1.34,299.28
2023-04-26,20.75,79.25,302.59,0.6,300.48
2023-04-26,20.75,79.5,303.57,1.64,301.14
2023-04-26,20.75,79.75,304.74,0.44,301.05
2023-04-26,21.0,78.75,305.79,0.0,300.02
2023-04-26,21.0,79.0,305.21,0.0,300.73
2023-04-26,21.0,79.25,303.11,0.39,300.95
2023-04-26,21.0,79.5,305.5,5.4,301.21
2023-04-26,21.0,79.75,301.41,4.01,300.12
2023-04-26,21.25,78.75,303.87,0.0,300.33
2023-04-26,21.25,79.0,306.05,0.68,300.6
2023-04-26,21.25,79.25,303.51,0.23,300.5
2023-04-26,21.25,79.5,303.76,0.0,300.92
2023-04-26,21.25,79.75,301.9,0.0,299.17
2023-04-26,21.5,78.75,302.22,1.9,300.88
2023-04-26,21.5,79.0,303.89,0.0,300.38
2023-04-26,21.5,79.25,303.8,0.0,300.15
2023-04-26,21.5,79.5,303.52,1.29,300.64
2023-04-26,21.5,79.75,304.32,1.74,300.46
2023-04-26,21.75,78.75,304.13,0.77,299.97
2023-04-26,21.75,79.0,306.84,6.03,300.88
2023-04-26,21.75,79.25,302.81,0.41,299.79
2023-04-26,21.75,79.5,303.5,0.1,299.93
2023-04-26,21.75,79.75,306.62,2.38,300.76
2023-04-27,20.75,78.75,303.47,0.0,300.82
2023-04-27,20.75,79.0,301.7,1.59,299.5
2023-04-27,20.75,79.25,301.89,0.0,301.17
2023-04-27,20.75,79.5,302.55,0.0,301.0
2023-04-27,20.75,79.75,304.22,0.25,300.3
2023-04-27,21.0,78.75,305.53,0.0,300.77
2023-04-27,21.0,79.0,305.58,1.41,300.39
2023-04-27,21.0,79.25,304.81,0.68,300.03
2023-04-27,21.0,79.5,302.15,2.64,299.28
2023-04-27,21.0,79.75,302.92,0.0,300.25
2023-04-27,21.25,78.75,305.17,0.0,301.9
2023-04-27,21.25,79.0,305.65,1.97,301.12
2023-04-27,21.25,79.25,302.47,0.98,299.93
2023-04-27,21.25,79.5,305.18,0.0,300.17
2023-04-27,21.25,79.75,304.36,0.0,300.57
2023-04-27,21.5,78.75,304.97,6.3,300.78
2023-04-27,21.5,79.0,302.83,3.47,300.85
2023-04-27,21.5,79.25,304.21,0.16,300.13
2023-04-27,21.5,79.5,303.79,0.0,301.09
2023-04-27,21.5,79.75,305.29,0.0,300.15
2023-04-27,21.75,78.75,301.76,0.87,300.89
2023-04-27,21.75,79.0,306.07,5.69,300.27
2023-04-27,21.75,79.25,303.04,0.0,300.9
2023-04-27,21.75,79.5,303.82,0.0,300.03
2023-04-27,21.75,79.75,307.37,0.0,300.19
2023-04-28,20.75,78.75,305.41,0.0,299.82
2023-04-28,20.75,79.0,303.63,0.0,300.55
2023-04-28,20.75,79.25,304.27,2.26,300.01
2023-04-28,20.75,79.5,306.01,1.51,300.11
2023-04-28,20.75,79.75,305.43,0.86,300.61
2023-04-28,21.0,78.75,306.42,0.21,300.34
2023-04-28,21.0,79.0,304.46,0.0,299.54
2023-04-28,21.0,79.25,307.39,0.0,300.35
2023-04-28,21.0,79.5,304.05,0.77,300.51
2023-04-28,21.0,79.75,303.16,0.99,300.59
2023-04-28,21.25,78.75,305.21,6.72,300.14
2023-04-28,21.25,79.0,305.86,0.12,299.73
2023-04-28,21.25,79.25,304.54,0.0,300.26
2023-04-28,21.25,79.5,306.74,0.0,300.28
2023-04-28,21.25,79.75,303.18,5.11,300.27
2023-04-28,21.5,78.75,305.34,0.0,299.9
2023-04-28,21.5,79.0,305.51,4.85,300.04
2023-04-28,21.5,79.25,302.91,2.44,300.7
2023-04-28,21.5,79.5,303.29,0.4,300.27
2023-04-28,21.5,79.75,304.72,0.0,299.53
2023-04-28,21.75,78.75,304.78,1.65,299.19
2023-04-28,21.75,79.0,302.58,8.48,300.13
2023-04-28,21.75,79.25,303.57,0.0,300.31
2023-04-28,21.75,79.5,304.9,0.0,300.27
2023-04-28,21.75,79.75,305.19,2.4,301.33
2023-04-29,20.75,78.75,304.22,1.56,301.18
2023-04-29,20.75,79.0,304.05,4.95,300.32
2023-04-29,20.75,79.25,303.97,2.3,300.71
2023-04-29,20.75,79.5,304.59,1.56,300.46
2023-04-29,20.75,79.75,303.88,0.0,300.25
2023-04-29,21.0,78.75,305.21,5.68,300.51
2023-04-29,21.0,79.0,304.49,1.7,300.69
2023-04-29,21.0,79.25,304.18,0.0,299.63
2023-04-29,21.0,79.5,306.27,0.18,300.43
2023-04-29,21.0,79.75,303.67,0.37,300.54
2023-04-29,21.25,78.75,305.04,0.0,301.39
2023-04-29,21.25,79.0,304.82,7.75,300.69
2023-04-29,21.25,79.25,306.23,0.0,300.76
2023-04-29,21.25,79.5,303.29,1.25,300.88
2023-04-29,21.25,79.75,305.78,0.71,301.05
2023-04-29,21.5,78.75,306.63,0.78,300.54
2023-04-29,21.5,79.0,305.99,0.69,300.39
2023-04-29,21.5,79.25,304.91,1.24,299.95
2023-04-29,21.5,79.5,304.0,0.0,299.61
2023-04-29,21.5,79.75,305.33,3.25,300.29
2023-04-29,21.75,78.75,305.71,0.0,299.91
2023-04-29,21.75,79.0,306.75,7.31,300.92
2023-04-29,21.75,79.25,305.04,0.0,299.34
2023-04-29,21.75,79.5,306.14,0.0,300.75
2023-04-29,21.75,79.75,302.15,1.17,301.22
2023-04-30,20.75,78.75,305.23,1.04,300.26
2023-04-30,20.75,79.0,303.13,0.0,300.91
2023-04-30,20.75,79.25,303.48,0.0,300.95
2023-04-30,20.75,79.5,308.13,1.84,300.38
2023-04-30,20.75,79.75,306.14,0.43,300.11
2023-04-30,21.0,78.75,303.3,0.0,300.34
2023-04-30,21.0,79.0,305.33,1.92,299.33
2023-04-30,21.0,79.25,307.2,0.0,299.95
2023-04-30,21.0,79.5,301.91,0.82,299.86
2023-04-30,21.0,79.75,305.09,1.69,299.74
2023-04-30,21.25,78.75,306.6,0.0,299.94
2023-04-30,21.25,79.0,304.01,6.44,300.52
2023-04-30,21.25,79.25,305.5,0.96,300.03
2023-04-30,21.25,79.5,301.07,0.0,299.62
2023-04-30,21.25,79.75,303.32,0.0,300.49
2023-04-30,21.5,78.75,305.66,1.29,299.67
2023-04-30,21.5,79.0,303.74,2.46,300.54
2023-04-30,21.5,79.25,304.99,2.71,299.5
2023-04-30,21.5,79.5,306.17,2.65,300.64
2023-04-30,21.5,79.75,304.86,0.0,301.14
2023-04-30,21.75,78.75,302.6,4.15,300.5
2023-04-30,21.75,79.0,306.09,0.0,301.24
2023-04-30,21.75,79.25,304.11,0.79,300.63
2023-04-30,21.75,79.5,305.73,0.0,299.89
2023-04-30,21.75,79.75,307.07,0.0,300.91
2023-05-01,20.75,78.75,303.51,0.0,301.23
2023-05-01,20.75,79.0,305.22,3.69,299.57
2023-05-01,20.75,79.25,303.25,2.56,299.22
2023-05-01,20.75,79.5,305.25,0.0,300.84
2023-05-01,20.75,79.75,303.68,0.0,300.3
2023-05-01,21.0,78.75,303.28,2.56,300.8
2023-05-01,21.0,79.0,304.57,0.0,301.1
2023-05-01,21.0,79.25,306.0,0.53,300.76
2023-05-01,21.0,79.5,306.85,0.64,301.18
2023-05-01,21.0,79.75,301.41,3.04,300.86
2023-05-01,21.25,78.75,305.14,0.0,300.92
2023-05-01,21.25,79.0,305.45,0.0,300.4
2023-05-01,21.25,79.25,303.88,0.0,300.49
2023-05-01,21.25,79.5,303.67,5.41,300.14
2023-05-01,21.25,79.75,305.17,0.86,301.09
2023-05-01,21.5,78.75,302.58,0.0,300.73
2023-05-01,21.5,79.0,304.76,0.16,300.09
2023-05-01,21.5,79.25,305.15,2.76,300.43
2023-05-01,21.5,79.5,303.38,1.49,300.8
2023-05-01,21.5,79.75,304.71,0.06,299.47
2023-05-01,21.75,78.75,304.02,0.57,300.34
2023-05-01,21.75,79.0,304.28,0.0,301.06
2023-05-01,21.75,79.25,305.95,0.0,300.95
2023-05-01,21.75,79.5,307.16,4.25,300.69
2023-05-01,21.75,79.75,304.44,0.0,300.06
2023-05-02,20.75,78.75,302.73,0.54,300.6
2023-05-02,20.75,79.0,303.49,0.63,300.39
2023-05-02,20.75,79.25,307.04,0.18,300.81
2023-05-02,20.75,79.5,302.97,1.34,300.1
2023-05-02,20.75,79.75,304.11,0.88,300.06
2023-05-02,21.0,78.75,301.77,0.0,299.62
2023-05-02,21.0,79.0,306.82,0.0,300.46
2023-05-02,21.0,79.25,304.65,0.0,300.21
2023-05-02,21.0,79.5,305.66,4.74,301.12
2023-05-02,21.0,79.75,302.6,0.0,301.2
2023-05-02,21.25,78.75,303.78,0.0,300.25
2023-05-02,21.25,79.0,307.29,0.87,300.16
2023-05-02,21.25,79.25,302.83,2.95,300.45
2023-05-02,21.25,79.5,305.15,2.41,300.77
2023-05-02,21.25,79.75,308.24,0.4,299.58
2023-05-02,21.5,78.75,305.56,3.19,300.06
2023-05-02,21.5,79.0,306.4,3.69,299.78
2023-05-02,21.5,79.25,305.8,1.38,299.97
2023-05-02,21.5,79.5,303.88,1.58,300.34
2023-05-02,21.5,79.75,303.83,0.0,299.97
2023-05-02,21.75,78.75,303.5,1.69,301.01
2023-05-02,21.75,79.0,303.41,0.0,299.84
2023-05-02,21.75,79.25,307.55,0.88,301.2
2023-05-02,21.75,79.5,306.33,0.19,301.0
2023-05-02,21.75,79.75,302.32,0.0,300.92
2023-05-03,20.75,78.75,305.26,0.0,301.09
2023-05-03,20.75,79.0,302.87,0.89,300.07
2023-05-03,20.75,79.25,303.84,2.22,300.21
2023-05-03,20.75,79.5,304.69,3.35,300.08
2023-05-03,20.75,79.75,304.86,0.0,300.18
2023-05-03,21.0,78.75,305.74,1.01,300.73
2023-05-03,21.0,79.0,305.43,0.94,300.47
2023-05-03,21.0,79.25,305.38,0.0,300.23
2023-05-03,21.0,79.5,306.54,1.43,300.68
2023-05-03,21.0,79.75,304.11,0.0,300.56
2023-05-03,21.25,78.75,305.3,0.0,299.88
2023-05-03,21.25,79.0,305.08,0.0,299.09
2023-05-03,21.25,79.25,306.16,2.21,300.85
2023-05-03,21.25,79.5,305.5,1.35,300.7
2023-05-03,21.25,79.75,306.82,0.06,300.12
2023-05-03,21.5,78.75,304.58,4.86,300.29
2023-05-03,21.5,79.0,306.41,0.88,300.95
2023-05-03,21.5,79.25,306.48,0.0,300.91
2023-05-03,21.5,79.5,303.74,0.93,301.29
2023-05-03,21.5,79.75,304.21,0.96,300.86
2023-05-03,21.75,78.75,306.18,0.0,301.23
2023-05-03,21.75,79.0,304.12,0.0,299.85
2023-05-03,21.75,79.25,305.22,0.0,300.59
2023-05-03,21.75,79.5,306.0,0.0,299.93
2023-05-03,21.75,79.75,305.1,0.0,299.62
2023-05-04,20.75,78.75,303.48,1.02,300.18
2023-05-04,20.75,79.0,303.66,0.15,300.77
2023-05-04,20.75,79.25,301.9,0.0,300.14
2023-05-04,20.75,79.5,306.68,2.56,301.05
2023-05-04,20.75,79.75,302.08,0.0,300.82
2023-05-04,21.0,78.75,308.21,1.14,300.38
2023-05-04,21.0,79.0,307.26,1.05,300.77
2023-05-04,21.0,79.25,302.26,0.0,300.25
2023-05-04,21.0,79.5,302.86,0.27,300.87
2023-05-04,21.0,79.75,303.97,0.47,298.96
2023-05-04,21.25,78.75,304.62,2.35,299.19
2023-05-04,21.25,79.0,304.44,0.06,300.47
2023-05-04,21.25,79.25,303.41,0.0,300.01
2023-05-04,21.25,79.5,304.18,0.0,299.28
2023-05-04,21.25,79.75,302.78,0.24,300.51
2023-05-04,21.5,78.75,305.2,1.51,300.76
2023-05-04,21.5,79.0,303.57,2.46,300.02
2023-05-04,21.5,79.25,305.21,0.0,300.02
2023-05-04,21.5,79.5,305.42,0.39,300.1
2023-05-04,21.5,79.75,306.47,0.0,300.24
2023-05-04,21.75,78.75,305.21,2.93,300.48
2023-05-04,21.75,79.0,309.2,0.2,301.05
2023-05-04,21.75,79.25,305.82,0.18,300.04
2023-05-04,21.75,79.5,304.23,0.0,301.21
2023-05-04,21.75,79.75,305.42,0.53,300.24
2023-05-05,20.75,78.75,302.95,0.0,299.52
2023-05-05,20.75,79.0,306.93,3.3,300.44
2023-05-05,20.75,79.25,307.84,5.29,299.61
2023-05-05,20.75,79.5,305.56,1.33,299.38
2023-05-05,20.75,79.75,307.44,1.97,300.71
2023-05-05,21.0,78.75,305.07,3.27,300.16
2023-05-05,21.0,79.0,304.42,0.0,299.97
2023-05-05,21.0,79.25,306.38,0.0,300.07
2023-05-05,21.0,79.5,305.36,0.0,299.76
2023-05-05,21.0,79.75,304.42,3.29,300.52
2023-05-05,21.25,78.75,304.69,2.28,299.57
2023-05-05,21.25,79.0,304.45,1.23,300.52
2023-05-05,21.25,79.25,304.15,0.43,299.84
2023-05-05,21.25,79.5,306.18,0.0,300.54
2023-05-05,21.25,79.75,306.1,0.03,299.55
2023-05-05,21.5,78.75,304.1,1.06,300.61
2023-05-05,21.5,79.0,303.15,0.0,300.36
2023-05-05,21.5,79.25,306.73,0.0,299.37
2023-05-05,21.5,79.5,305.28,8.6,300.26
2023-05-05,21.5,79.75,306.42,0.4,299.84
2023-05-05,21.75,78.75,306.64,2.63,300.69
2023-05-05,21.75,79.0,304.25,4.92,300.62
2023-05-05,21.75,79.25,303.89,2.33,301.01
2023-05-05,21.75,79.5,304.82,0.0,299.72
2023-05-05,21.75,79.75,306.29,1.16,299.06
2023-05-06,20.75,78.75,303.47,0.0,300.25
2023-05-06,20.75,79.0,306.98,2.56,300.57
2023-05-06,20.75,79.25,306.8,0.0,300.48
2023-05-06,20.75,79.5,304.16,1.23,300.35
2023-05-06,20.75,79.75,304.31,0.0,301.55
2023-05-06,21.0,78.75,306.81,4.04,300.69
2023-05-06,21.0,79.0,303.27,0.16,300.36
2023-05-06,21.0,79.25,306.25,0.0,300.25
2023-05-06,21.0,79.5,305.17,0.0,300.13
2023-05-06,21.0,79.75,306.4,0.47,300.01
2023-05-06,21.25,78.75,304.9,2.84,300.54
2023-05-06,21.25,79.0,303.42,0.86,300.59
2023-05-06,21.25,79.25,304.79,0.0,300.44
2023-05-06,21.25,79.5,305.86,0.0,300.32
2023-05-06,21.25,79.75,304.04,1.17,300.79
2023-05-06,21.5,78.75,309.1,0.43,300.14
2023-05-06,21.5,79.0,305.54,0.76,299.69
2023-05-06,21.5,79.25,305.62,0.45,300.29
2023-05-06,21.5,79.5,306.22,0.85,299.34
2023-05-06,21.5,79.75,305.47,1.15,299.58
2023-05-06,21.75,78.75,304.67,0.0,300.63
2023-05-06,21.75,79.0,303.21,0.84,300.41
2023-05-06,21.75,79.25,308.72,0.0,299.76
2023-05-06,21.75,79.5,310.38,0.0,300.2
2023-05-06,21.75,79.75,306.63,0.0,300.0
2023-05-07,20.75,78.75,301.1,2.36,299.84
2023-05-07,20.75,79.0,305.54,0.0,300.56
2023-05-07,20.75,79.25,306.74,0.14,300.5
2023-05-07,20.75,79.5,303.93,0.96,300.62
2023-05-07,20.75,79.75,306.59,1.61,300.31
2023-05-07,21.0,78.75,308.78,0.0,300.47
2023-05-07,21.0,79.0,305.94,0.38,300.7
2023-05-07,21.0,79.25,303.78,0.0,299.97
2023-05-07,21.0,79.5,306.16,0.0,300.3
2023-05-07,21.0,79.75,305.82,2.48,301.38
2023-05-07,21.25,78.75,304.39,1.29,299.16
2023-05-07,21.25,79.0,305.11,1.7,300.4
2023-05-07,21.25,79.25,306.71,0.98,300.21
2023-05-07,21.25,79.5,306.78,0.0,299.72
2023-05-07,21.25,79.75,306.22,3.43,300.94
2023-05-07,21.5,78.75,306.43,0.0,299.8
2023-05-07,21.5,79.0,306.74,5.93,299.48
2023-05-07,21.5,79.25,305.68,8.05,301.35
2023-05-07,21.5,79.5,302.46,0.0,300.23
2023-05-07,21.5,79.75,306.96,0.35,300.33
2023-05-07,21.75,78.75,305.05,1.53,298.57
2023-05-07,21.75,79.0,301.5,0.0,300.37
2023-05-07,21.75,79.25,304.35,0.53,298.89
2023-05-07,21.75,79.5,303.79,0.0,299.82
2023-05-07,21.75,79.75,306.64,0.0,299.65
2023-05-08,20.75,78.75,305.26,0.0,299.74
2023-05-08,20.75,79.0,306.8,2.09,300.69
2023-05-08,20.75,79.25,304.06,0.73,300.41
2023-05-08,20.75,79.5,305.91,1.29,300.45
2023-05-08,20.75,79.75,305.55,2.28,299.79
2023-05-08,21.0,78.75,304.85,0.0,299.28
2023-05-08,21.0,79.0,307.31,0.0,300.21
2023-05-08,21.0,79.25,308.17,0.0,299.99
2023-05-08,21.0,79.5,306.24,1.88,301.32
2023-05-08,21.0,79.75,305.19,0.0,299.54
2023-05-08,21.25,78.75,302.98,2.26,299.99
2023-05-08,21.25,79.0,305.37,0.0,299.05
2023-05-08,21.25,79.25,306.18,0.49,299.5
2023-05-08,21.25,79.5,304.34,3.17,300.27
2023-05-08,21.25,79.75,304.28,0.0,300.19
2023-05-08,21.5,78.75,304.67,0.0,300.37
2023-05-08,21.5,79.0,304.91,0.0,300.27
2023-05-08,21.5,79.25,305.72,1.12,299.52
2023-05-08,21.5,79.5,306.78,0.32,299.58
2023-05-08,21.5,79.75,306.33,3.51,299.98
2023-05-08,21.75,78.75,304.52,8.1,300.28
2023-05-08,21.75,79.0,306.57,0.18,300.61
2023-05-08,21.75,79.25,306.0,0.16,300.64
2023-05-08,21.75,79.5,305.62,0.91,300.74
2023-05-08,21.75,79.75,306.93,6.88,298.77
2023-05-09,20.75,78.75,304.96,0.0,299.79
2023-05-09,20.75,79.0,308.8,6.16,299.23
2023-05-09,20.75,79.25,306.8,2.0,300.64
2023-05-09,20.75,79.5,305.32,0.62,300.48
2023-05-09,20.75,79.75,306.47,1.7,300.78
2023-05-09,21.0,78.75,305.04,1.91,300.61
2023-05-09,21.0,79.0,305.21,0.25,299.79
2023-05-09,21.0,79.25,304.17,1.29,300.35
2023-05-09,21.0,79.5,308.21,0.0,300.6
2023-05-09,21.0,79.75,307.14,10.31,299.93
2023-05-09,21.25,78.75,303.8,0.0,298.97
2023-05-09,21.25,79.0,305.48,2.12,300.21
2023-05-09,21.25,79.25,305.62,0.0,300.59
2023-05-09,21.25,79.5,304.43,1.99,299.59
2023-05-09,21.25,79.75,306.36,0.87,299.7
2023-05-09,21.5,78.75,305.59,0.0,299.83
2023-05-09,21.5,79.0,306.26,0.0,300.51
2023-05-09,21.5,79.25,308.0,0.0,300.37
2023-05-09,21.5,79.5,307.36,0.0,299.95
2023-05-09,21.5,79.75,304.08,2.18,300.84
2023-05-09,21.75,78.75,306.85,2.29,300.38
2023-05-09,21.75,79.0,304.03,0.48,299.38
2023-05-09,21.75,79.25,304.52,0.0,300.41
2023-05-09,21.75,79.5,304.09,0.0,300.78
2023-05-09,21.75,79.75,304.42,0.37,300.39
2023-05-10,20.75,78.75,304.21,1.78,299.82
2023-05-10,20.75,79.0,306.77,0.0,300.01
2023-05-10,20.75,79.25,305.39,0.93,300.02
2023-05-10,20.75,79.5,305.97,1.55,299.74
2023-05-10,20.75,79.75,303.72,1.11,300.43
2023-05-10,21.0,78.75,304.65,5.28,300.21
2023-05-10,21.0,79.0,304.07,0.0,300.85
2023-05-10,21.0,79.25,305.44,4.95,300.08
2023-05-10,21.0,79.5,303.68,0.22,300.34
2023-05-10,21.0,79.75,304.65,2.4,299.56
2023-05-10,21.25,78.75,305.76,1.79,300.37
2023-05-10,21.25,79.0,306.45,0.0,299.85
2023-05-10,21.25,79.25,307.71,0.29,300.43
2023-05-10,21.25,79.5,306.25,3.46,301.34
2023-05-10,21.25,79.75,304.44,1.08,299.51
2023-05-10,21.5,78.75,302.81,0.78,300.16
2023-05-10,21.5,79.0,304.85,6.36,300.14
2023-05-10,21.5,79.25,305.23,2.32,299.8
2023-05-10,21.5,79.5,306.39,1.8,300.3
2023-05-10,21.5,79.75,305.5,3.48,299.57
2023-05-10,21.75,78.75,305.11,3.54,300.69
2023-05-10,21.75,79.0,305.6,0.0,300.35
2023-05-10,21.75,79.25,305.82,5.63,300.88
2023-05-10,21.75,79.5,305.87,2.24,300.14
2023-05-10,21.75,79.75,308.52,2.81,300.04
2023-05-11,20.75,78.75,306.75,0.35,299.42
2023-05-11,20.75,79.0,304.67,1.67,299.99
2023-05-11,20.75,79.25,305.65,0.0,299.64
2023-05-11,20.75,79.5,307.2,0.0,300.42
2023-05-11,20.75,79.75,307.47,0.25,299.29
2023-05-11,21.0,78.75,302.63,0.83,299.97
2023-05-11,21.0,79.0,304.66,0.26,300.66
2023-05-11,21.0,79.25,307.02,7.63,300.63
2023-05-11,21.0,79.5,309.64,0.0,299.37
2023-05-11,21.0,79.75,305.8,2.07,300.25
2023-05-11,21.25,78.75,308.36,0.0,300.26
2023-05-11,21.25,79.0,307.95,9.81,300.02
2023-05-11,21.25,79.25,304.08,0.24,300.79
2023-05-11,21.25,79.5,307.84,1.43,300.43
2023-05-11,21.25,79.75,304.43,0.0,300.42
2023-05-11,21.5,78.75,304.54,0.71,299.81
2023-05-11,21.5,79.0,305.75,0.7,299.78
2023-05-11,21.5,79.25,306.61,2.85,299.44
2023-05-11,21.5,79.5,305.38,7.63,300.19
2023-05-11,21.5,79.75,304.46,0.0,299.8
2023-05-11,21.75,78.75,304.52,4.73,300.0
2023-05-11,21.75,79.0,304.73,0.05,299.65
2023-05-11,21.75,79.25,306.83,0.73,300.98
2023-05-11,21.75,79.5,306.3,0.1,299.92
2023-05-11,21.75,79.75,308.36,1.16,299.97
2023-05-12,20.75,78.75,308.03,1.67,299.33
2023-05-12,20.75,79.0,304.89,0.02,300.59
2023-05-12,20.75,79.25,306.47,2.38,300.19
2023-05-12,20.75,79.5,304.73,1.5,300.58
2023-05-12,20.75,79.75,304.8,0.0,301.07
2023-05-12,21.0,78.75,306.12,0.0,300.7
2023-05-12,21.0,79.0,306.42,4.09,299.94
2023-05-12,21.0,79.25,304.3,0.06,300.46
2023-05-12,21.0,79.5,304.6,1.87,300.54
2023-05-12,21.0,79.75,304.22,2.78,299.81
2023-05-12,21.25,78.75,305.66,1.2,299.91
2023-05-12,21.25,79.0,306.63,5.14,301.16
2023-05-12,21.25,79.25,306.71,1.39,300.97
2023-05-12,21.25,79.5,306.8,0.89,300.11
2023-05-12,21.25,79.75,306.96,5.51,299.89
2023-05-12,21.5,78.75,305.75,0.0,300.3
2023-05-12,21.5,79.0,305.98,4.53,299.09
2023-05-12,21.5,79.25,307.05,4.42,299.8
2023-05-12,21.5,79.5,303.6,1.3,300.98
2023-05-12,21.5,79.75,305.29,0.0,300.46
2023-05-12,21.75,78.75,307.68,0.0,300.54
2023-05-12,21.75,79.0,305.32,2.33,300.03
2023-05-12,21.75,79.25,304.4,2.55,299.8
2023-05-12,21.75,79.5,305.47,0.84,299.27
2023-05-12,21.75,79.75,304.23,0.27,299.84
2023-05-13,20.75,78.75,307.77,0.0,300.59
2023-05-13,20.75,79.0,306.98,0.0,300.2
2023-05-13,20.75,79.25,304.3,5.78,300.07
2023-05-13,20.75,79.5,308.21,0.72,299.88
2023-05-13,20.75,79.75,305.93,0.0,300.55
2023-05-13,21.0,78.75,306.87,1.29,300.76
2023-05-13,21.0,79.0,303.77,0.4,300.15
2023-05-13,21.0,79.25,305.9,0.64,299.53
2023-05-13,21.0,79.5,303.51,1.54,300.46
2023-05-13,21.0,79.75,308.18,0.68,300.34
2023-05-13,21.25,78.75,308.26,0.0,300.79
2023-05-13,21.25,79.0,307.34,3.94,300.27
2023-05-13,21.25,79.25,306.25,0.9,300.19
2023-05-13,21.25,79.5,304.64,0.0,299.63
2023-05-13,21.25,79.75,305.13,0.0,300.06
2023-05-13,21.5,78.75,305.4,1.44,299.29
2023-05-13,21.5,79.0,304.98,3.57,300.92
2023-05-13,21.5,79.25,305.32,0.31,300.23
2023-05-13,21.5,79.5,306.15,0.0,300.87
2023-05-13,21.5,79.75,306.57,0.71,300.72
2023-05-13,21.75,78.75,307.32,0.0,299.9
2023-05-13,21.75,79.0,306.71,0.0,300.39
2023-05-13,21.75,79.25,307.05,0.0,300.18
2023-05-13,21.75,79.5,304.22,3.53,299.3
2023-05-13,21.75,79.75,304.77,3.24,300.15
2023-05-14,20.75,78.75,306.34,2.23,299.44
2023-05-14,20.75,79.0,304.7,0.0,300.41
2023-05-14,20.75,79.25,305.69,0.95,300.18
2023-05-14,20.75,79.5,305.42,0.44,300.31
2023-05-14,20.75,79.75,311.45,1.68,299.82
2023-05-14,21.0,78.75,305.63,0.25,300.66
2023-05-14,21.0,79.0,306.05,0.55,300.62
2023-05-14,21.0,79.25,308.77,1.02,299.54
2023-05-14,21.0,79.5,307.19,0.05,299.23
2023-05-14,21.0,79.75,308.37,0.52,300.7
2023-05-14,21.25,78.75,304.54,1.18,299.53
2023-05-14,21.25,79.0,307.31,3.43,300.13
2023-05-14,21.25,79.25,306.52,0.0,301.01
2023-05-14,21.25,79.5,306.28,0.0,300.1
2023-05-14,21.25,79.75,304.87,9.25,301.42
2023-05-14,21.5,78.75,304.45,0.92,300.57
2023-05-14,21.5,79.0,306.99,0.0,300.16
2023-05-14,21.5,79.25,305.65,0.59,299.79
2023-05-14,21.5,79.5,305.62,0.0,300.25
2023-05-14,21.5,79.75,303.89,2.7,300.09
2023-05-14,21.75,78.75,303.6,2.96,300.02
2023-05-14,21.75,79.0,305.55,1.69,299.41
2023-05-14,21.75,79.25,307.76,0.51,299.86
2023-05-14,21.75,79.5,305.34,2.51,300.29
2023-05-14,21.75,79.75,303.98,0.0,300.35
2023-05-15,20.75,78.75,304.27,3.8,299.92
2023-05-15,20.75,79.0,307.49,0.99,300.06
2023-05-15,20.75,79.25,307.11,3.84,300.17
2023-05-15,20.75,79.5,302.93,0.0,299.73
2023-05-15,20.75,79.75,306.84,0.0,300.25
2023-05-15,21.0,78.75,305.18,0.35,301.06
2023-05-15,21.0,79.0,308.55,0.0,299.89
2023-05-15,21.0,79.25,304.98,2.05,299.63
2023-05-15,21.0,79.5,305.16,0.47,300.4
2023-05-15,21.0,79.75,306.54,3.69,300.8
2023-05-15,21.25,78.75,309.32,4.2,299.96
2023-05-15,21.25,79.0,307.1,1.94,300.32
2023-05-15,21.25,79.25,306.06,0.61,301.33
2023-05-15,21.25,79.5,306.14,2.49,300.29
2023-05-15,21.25,79.75,306.24,1.67,300.8
2023-05-15,21.5,78.75,309.2,0.0,300.64
2023-05-15,21.5,79.0,307.02,3.57,299.91
2023-05-15,21.5,79.25,304.95,0.0,300.33
2023-05-15,21.5,79.5,306.69,2.19,300.15
2023-05-15,21.5,79.75,307.44,0.0,299.83
2023-05-15,21.75,78.75,304.61,2.88,299.43
2023-05-15,21.75,79.0,303.83,1.84,300.34
2023-05-15,21.75,79.25,306.59,4.9,300.3
2023-05-15,21.75,79.5,306.65,2.38,300.27
2023-05-15,21.75,79.75,306.02,0.47,300.61
2023-05-16,20.75,78.75,303.79,0.0,300.08
2023-05-16,20.75,79.0,307.81,1.45,299.19
2023-05-16,20.75,79.25,304.72,0.0,301.29
2023-05-16,20.75,79.5,307.15,0.68,300.75
2023-05-16,20.75,79.75,304.98,0.06,301.19
2023-05-16,21.0,78.75,307.1,0.15,299.91
2023-05-16,21.0,79.0,303.77,3.51,301.37
2023-05-16,21.0,79.25,304.29,7.02,300.23
2023-05-16,21.0,79.5,305.04,4.19,299.85
2023-05-16,21.0,79.75,308.16,2.47,300.23
2023-05-16,21.25,78.75,305.26,2.07,300.53
2023-05-16,21.25,79.0,307.17,0.26,300.11
2023-05-16,21.25,79.25,302.39,0.21,299.96
2023-05-16,21.25,79.5,305.45,1.38,299.71
2023-05-16,21.25,79.75,305.54,3.43,301.26
2023-05-16,21.5,78.75,306.76,0.32,299.42
2023-05-16,21.5,79.0,303.58,0.45,299.57
2023-05-16,21.5,79.25,306.08,0.45,300.65
2023-05-16,21.5,79.5,305.94,0.0,300.24
2023-05-16,21.5,79.75,306.95,0.0,299.55
2023-05-16,21.75,78.75,306.99,2.2,300.21
2023-05-16,21.75,79.0,306.09,0.18,299.75
2023-05-16,21.75,79.25,306.63,1.02,299.6
2023-05-16,21.75,79.5,306.61,0.46,299.48
2023-05-16,21.75,79.75,304.99,0.0,300.73
2023-05-17,20.75,78.75,307.32,0.37,300.03
2023-05-17,20.75,79.0,305.22,6.39,299.92
2023-05-17,20.75,79.25,305.69,2.68,300.75
2023-05-17,20.75,79.5,309.55,4.41,300.15
2023-05-17,20.75,79.75,305.63,2.4,299.9
2023-05-17,21.0,78.75,303.32,0.0,300.0
2023-05-17,21.0,79.0,309.22,1.25,300.24
2023-05-17,21.0,79.25,304.69,0.1,299.56
2023-05-17,21.0,79.5,309.26,0.63,300.64
2023-05-17,21.0,79.75,306.96,0.73,300.2
2023-05-17,21.25,78.75,304.41,0.0,300.2
2023-05-17,21.25,79.0,305.11,1.33,300.27
2023-05-17,21.25,79.25,305.67,1.29,300.06
2023-05-17,21.25,79.5,308.87,0.0,300.32
2023-05-17,21.25,79.75,305.63,3.29,300.52
2023-05-17,21.5,78.75,304.6,0.09,299.84
2023-05-17,21.5,79.0,308.53,0.0,300.2
2023-05-17,21.5,79.25,307.61,0.0,299.94
2023-05-17,21.5,79.5,306.41,1.86,299.89
2023-05-17,21.5,79.75,308.86,0.65,300.28
2023-05-17,21.75,78.75,305.94,1.82,300.08
2023-05-17,21.75,79.0,306.01,0.28,300.09
2023-05-17,21.75,79.25,306.32,2.48,300.59
2023-05-17,21.75,79.5,304.75,0.27,300.1
2023-05-17,21.75,79.75,306.62,3.01,300.43
2023-05-18,20.75,78.75,306.63,2.54,299.44
2023-05-18,20.75,79.0,307.32,0.0,299.75
2023-05-18,20.75,79.25,307.38,2.91,300.92
2023-05-18,20.75,79.5,305.14,1.53,299.14
2023-05-18,20.75,79.75,305.6,0.67,300.5
2023-05-18,21.0,78.75,306.92,1.76,300.65
2023-05-18,21.0,79.0,305.05,5.79,300.48
2023-05-18,21.0,79.25,305.41,1.53,299.16
2023-05-18,21.0,79.5,306.84,6.72,300.61
2023-05-18,21.0,79.75,307.05,1.4,300.55
2023-05-18,21.25,78.75,303.21,0.0,300.87
2023-05-18,21.25,79.0,305.22,0.0,300.88
2023-05-18,21.25,79.25,306.1,0.4,300.66
2023-05-18,21.25,79.5,306.38,0.29,301.33
2023-05-18,21.25,79.75,305.77,0.0,300.34
2023-05-18,21.5,78.75,304.84,3.09,299.7
2023-05-18,21.5,79.0,304.27,1.32,299.79
2023-05-18,21.5,79.25,308.26,0.0,299.04
2023-05-18,21.5,79.5,305.91,0.0,300.54
2023-05-18,21.5,79.75,307.04,3.08,300.01
2023-05-18,21.75,78.75,305.65,1.45,300.12
2023-05-18,21.75,79.0,306.16,0.0,300.6
2023-05-18,21.75,79.25,303.43,5.06,300.35
2023-05-18,21.75,79.5,305.49,0.02,299.74
2023-05-18,21.75,79.75,308.71,1.13,299.77
2023-05-19,20.75,78.75,307.96,0.0,300.21
2023-05-19,20.75,79.0,306.5,2.91,300.56
2023-05-19,20.75,79.25,305.94,4.15,300.67
2023-05-19,20.75,79.5,307.24,1.59,300.82
2023-05-19,20.75,79.75,304.87,0.89,299.39
2023-05-19,21.0,78.75,304.35,1.51,300.25
2023-05-19,21.0,79.0,308.04,1.82,300.2
2023-05-19,21.0,79.25,306.33,0.98,299.74
2023-05-19,21.0,79.5,307.4,1.8,299.69
2023-05-19,21.0,79.75,306.28,3.68,299.97
2023-05-19,21.25,78.75,305.88,0.0,299.75
2023-05-19,21.25,79.0,306.3,2.86,300.22
2023-05-19,21.25,79.25,306.43,1.24,300.35
2023-05-19,21.25,79.5,307.35,0.39,300.76
2023-05-19,21.25,79.75,303.69,0.0,300.2
2023-05-19,21.5,78.75,306.28,0.78,300.09
2023-05-19,21.5,79.0,306.3,0.89,300.64
2023-05-19,21.5,79.25,305.1,0.0,299.9
2023-05-19,21.5,79.5,305.81,0.0,300.81
2023-05-19,21.5,79.75,306.48,0.0,299.83
2023-05-19,21.75,78.75,308.15,1.83,299.72
2023-05-19,21.75,79.0,304.98,6.54,300.63
2023-05-19,21.75,79.25,308.47,1.39,300.48
2023-05-19,21.75,79.5,308.09,2.43,300.35
2023-05-19,21.75,79.75,307.68,0.58,300.24
2023-05-20,20.75,78.75,308.39,0.0,300.42
2023-05-20,20.75,79.0,305.4,2.1,300.45
2023-05-20,20.75,79.25,308.89,2.45,299.53
2023-05-20,20.75,79.5,305.76,0.0,301.14
2023-05-20,20.75,79.75,304.82,1.24,300.03
2023-05-20,21.0,78.75,303.28,1.6,299.88
2023-05-20,21.0,79.0,305.94,0.36,299.61
2023-05-20,21.0,79.25,310.45,0.13,300.36
2023-05-20,21.0,79.5,306.47,1.52,300.08
2023-05-20,21.0,79.75,304.45,3.37,300.37
2023-05-20,21.25,78.75,307.17,0.0,301.01
2023-05-20,21.25,79.0,307.0,0.1,300.38
2023-05-20,21.25,79.25,304.31,0.27,299.65
2023-05-20,21.25,79.5,307.02,0.22,299.27
2023-05-20,21.25,79.75,306.55,0.37,300.55
2023-05-20,21.5,78.75,306.73,0.51,300.52
2023-05-20,21.5,79.0,306.15,6.65,299.79
2023-05-20,21.5,79.25,311.63,0.0,299.68
2023-05-20,21.5,79.5,305.37,1.21,300.75
2023-05-20,21.5,79.75,306.12,0.72,300.3
2023-05-20,21.75,78.75,307.35,1.37,300.42
2023-05-20,21.75,79.0,307.43,2.1,299.86
2023-05-20,21.75,79.25,307.72,2.57,300.21
2023-05-20,21.75,79.5,307.73,1.29,300.74
2023-05-20,21.75,79.75,306.36,0.51,300.18
2023-05-21,20.75,78.75,307.16,0.0,299.89
2023-05-21,20.75,79.0,307.27,0.93,300.15
2023-05-21,20.75,79.25,306.27,0.0,299.18
2023-05-21,20.75,79.5,305.6,2.98,299.51
2023-05-21,20.75,79.75,308.64,1.41,299.5
2023-05-21,21.0,78.75,304.8,3.37,299.8
2023-05-21,21.0,79.0,305.85,0.88,299.68
2023-05-21,21.0,79.25,308.3,8.38,300.54
2023-05-21,21.0,79.5,306.95,1.14,299.73
2023-05-21,21.0,79.75,308.1,0.0,300.57
2023-05-21,21.25,78.75,306.31,2.51,299.82
2023-05-21,21.25,79.0,306.27,1.22,299.98
2023-05-21,21.25,79.25,305.98,1.72,300.06
2023-05-21,21.25,79.5,306.33,4.14,300.08
2023-05-21,21.25,79.75,305.94,0.83,300.23
2023-05-21,21.5,78.75,307.8,3.16,299.79
2023-05-21,21.5,79.0,307.38,0.0,300.09
2023-05-21,21.5,79.25,305.18,0.0,300.05
2023-05-21,21.5,79.5,307.0,0.0,299.2
2023-05-21,21.5,79.75,308.23,0.0,299.9
2023-05-21,21.75,78.75,305.87,0.86,300.05
2023-05-21,21.75,79.0,305.26,2.13,301.36
2023-05-21,21.75,79.25,309.81,0.12,300.44
2023-05-21,21.75,79.5,303.81,2.63,300.09
2023-05-21,21.75,79.75,306.44,3.67,299.9
2023-05-22,20.75,78.75,305.88,1.83,300.23
2023-05-22,20.75,79.0,308.55,0.19,300.01
2023-05-22,20.75,79.25,308.59,1.79,300.06
2023-05-22,20.75,79.5,304.85,1.28,300.4
2023-05-22,20.75,79.75,305.37,1.81,300.38
2023-05-22,21.0,78.75,305.09,2.81,299.96
2023-05-22,21.0,79.0,307.15,0.26,300.02
2023-05-22,21.0,79.25,304.98,0.32,300.7
2023-05-22,21.0,79.5,306.74,0.23,300.02
2023-05-22,21.0,79.75,307.22,1.53,300.4
2023-05-22,21.25,78.75,305.53,2.31,299.9
2023-05-22,21.25,79.0,306.7,2.6,300.05
2023-05-22,21.25,79.25,306.79,0.0,299.67
2023-05-22,21.25,79.5,307.11,1.07,300.61
2023-05-22,21.25,79.75,304.4,2.84,300.0
2023-05-22,21.5,78.75,306.69,2.27,300.91
2023-05-22,21.5,79.0,309.2,0.0,299.5
2023-05-22,21.5,79.25,305.15,0.87,299.59
2023-05-22,21.5,79.5,307.32,3.3,299.8
2023-05-22,21.5,79.75,307.01,0.27,300.04
2023-05-22,21.75,78.75,305.91,0.0,300.16
2023-05-22,21.75,79.0,306.48,1.69,299.94
2023-05-22,21.75,79.25,308.03,0.0,300.97
2023-05-22,21.75,79.5,308.39,0.13,299.75
2023-05-22,21.75,79.75,306.19,4.71,300.02
2023-05-23,20.75,78.75,306.57,4.23,300.16
2023-05-23,20.75,79.0,308.87,0.93,300.83
2023-05-23,20.75,79.25,304.42,0.0,299.44
2023-05-23,20.75,79.5,307.91,0.82,300.16
2023-05-23,20.75,79.75,306.63,0.32,300.98
2023-05-23,21.0,78.75,305.65,3.23,300.01
2023-05-23,21.0,79.0,308.0,2.75,300.39
2023-05-23,21.0,79.25,304.38,1.92,300.18
2023-05-23,21.0,79.5,306.85,3.55,300.43
2023-05-23,21.0,79.75,305.46,1.08,298.86
2023-05-23,21.25,78.75,304.86,0.0,300.05
2023-05-23,21.25,79.0,307.58,0.61,300.48
2023-05-23,21.25,79.25,307.02,1.11,300.94
2023-05-23,21.25,79.5,307.62,1.39,298.65
2023-05-23,21.25,79.75,307.58,3.77,300.12
2023-05-23,21.5,78.75,307.52,2.16,300.38
2023-05-23,21.5,79.0,306.07,4.91,300.52
2023-05-23,21.5,79.25,308.9,0.0,300.9
2023-05-23,21.5,79.5,305.7,2.35,300.0
2023-05-23,21.5,79.75,305.11,1.12,299.97
2023-05-23,21.75,78.75,304.67,4.91,300.27
2023-05-23,21.75,79.0,305.87,1.53,300.46
2023-05-23,21.75,79.25,307.4,2.57,300.21
2023-05-23,21.75,79.5,306.86,0.29,299.34
2023-05-23,21.75,79.75,307.76,2.83,301.11
2023-05-24,20.75,78.75,309.78,5.31,299.58
2023-05-24,20.75,79.0,305.93,1.89,300.95
2023-05-24,20.75,79.25,306.3,0.44,300.41
2023-05-24,20.75,79.5,307.6,0.85,300.11
2023-05-24,20.75,79.75,305.29,1.16,299.46
2023-05-24,21.0,78.75,305.77,0.0,299.67
2023-05-24,21.0,79.0,309.18,0.47,300.31
2023-05-24,21.0,79.25,304.93,0.83,300.29
2023-05-24,21.0,79.5,304.05,0.75,300.61
2023-05-24,21.0,79.75,307.6,3.02,300.92
2023-05-24,21.25,78.75,305.8,0.64,299.73
2023-05-24,21.25,79.0,311.39,0.24,299.87
2023-05-24,21.25,79.25,306.29,0.0,299.8
2023-05-24,21.25,79.5,306.85,0.0,299.98
2023-05-24,21.25,79.75,306.62,2.24,300.07
2023-05-24,21.5,78.75,305.33,0.21,300.15
2023-05-24,21.5,79.0,306.95,0.0,300.18
2023-05-24,21.5,79.25,304.57,0.55,299.47
2023-05-24,21.5,79.5,307.66,1.9,300.15
2023-05-24,21.5,79.75,307.35,1.25,300.57
2023-05-24,21.75,78.75,308.29,0.22,300.47
2023-05-24,21.75,79.0,304.82,0.0,300.23
2023-05-24,21.75,79.25,307.14,2.84,299.5
2023-05-24,21.75,79.5,309.5,2.71,300.0
2023-05-24,21.75,79.75,304.99,0.45,299.43
2023-05-25,20.75,78.75,307.62,2.34,300.42
2023-05-25,20.75,79.0,306.51,0.47,300.2
2023-05-25,20.75,79.25,306.19,0.53,300.21
2023-05-25,20.75,79.5,308.8,5.74,301.21
2023-05-25,20.75,79.75,305.39,2.57,300.07
2023-05-25,21.0,78.75,304.66,0.65,301.21
2023-05-25,21.0,79.0,304.47,1.32,301.08
2023-05-25,21.0,79.25,305.71,4.64,300.01
2023-05-25,21.0,79.5,307.81,0.03,299.71
2023-05-25,21.0,79.75,304.13,1.08,299.31
2023-05-25,21.25,78.75,307.68,2.97,300.1
2023-05-25,21.25,79.0,307.06,0.99,301.25
2023-05-25,21.25,79.25,307.17,0.86,300.91
2023-05-25,21.25,79.5,305.9,0.0,299.66
2023-05-25,21.25,79.75,306.57,2.51,299.27
2023-05-25,21.5,78.75,307.77,4.0,299.64
2023-05-25,21.5,79.0,307.3,2.14,299.35
2023-05-25,21.5,79.25,308.53,0.43,300.26
2023-05-25,21.5,79.5,308.41,0.0,300.87
2023-05-25,21.5,79.75,308.7,0.0,300.39
2023-05-25,21.75,78.75,309.56,0.09,300.42
2023-05-25,21.75,79.0,311.57,0.4,300.07
2023-05-25,21.75,79.25,305.3,0.53,300.1
2023-05-25,21.75,79.5,307.36,0.07,300.37
2023-05-25,21.75,79.75,307.69,5.28,300.36
2023-05-26,20.75,78.75,308.21,4.28,299.78
2023-05-26,20.75,79.0,306.64,1.09,300.41
2023-05-26,20.75,79.25,305.15,2.69,300.15
2023-05-26,20.75,79.5,307.59,5.71,299.07
2023-05-26,20.75,79.75,305.46,8.28,301.08
2023-05-26,21.0,78.75,306.68,0.99,298.81
2023-05-26,21.0,79.0,305.29,0.35,300.58
2023-05-26,21.0,79.25,307.23,2.47,300.18
2023-05-26,21.0,79.5,309.21,2.09,299.73
2023-05-26,21.0,79.75,306.76,1.22,301.2
2023-05-26,21.25,78.75,308.33,1.57,300.02
2023-05-26,21.25,79.0,307.72,0.9,299.89
2023-05-26,21.25,79.25,306.37,6.41,299.83
2023-05-26,21.25,79.5,305.33,0.0,299.82
2023-05-26,21.25,79.75,309.86,0.13,300.47
2023-05-26,21.5,78.75,308.07,0.71,300.11
2023-05-26,21.5,79.0,305.49,0.34,299.71
2023-05-26,21.5,79.25,308.36,0.0,300.86
2023-05-26,21.5,79.5,307.74,2.07,300.58
2023-05-26,21.5,79.75,307.0,0.24,299.8
2023-05-26,21.75,78.75,309.24,0.01,300.75
2023-05-26,21.75,79.0,305.02,0.62,300.63
2023-05-26,21.75,79.25,309.43,0.7,300.09
2023-05-26,21.75,79.5,303.74,3.46,299.81
2023-05-26,21.75,79.75,307.97,0.04,300.98
2023-05-27,20.75,78.75,308.74,5.6,300.1
2023-05-27,20.75,79.0,309.26,0.58,300.1
2023-05-27,20.75,79.25,306.72,3.66,299.61
2023-05-27,20.75,79.5,307.05,0.47,300.27
2023-05-27,20.75,79.75,304.59,4.66,300.6
2023-05-27,21.0,78.75,308.85,1.1,299.81
2023-05-27,21.0,79.0,306.91,0.39,300.05
2023-05-27,21.0,79.25,304.28,1.09,300.89
2023-05-27,21.0,79.5,305.95,0.84,299.76
2023-05-27,21.0,79.75,307.1,1.03,300.08
2023-05-27,21.25,78.75,306.34,5.36,300.91
2023-05-27,21.25,79.0,308.59,0.39,299.98
2023-05-27,21.25,79.25,306.18,0.9,300.0
2023-05-27,21.25,79.5,304.18,0.41,300.62
2023-05-27,21.25,79.75,305.39,5.45,299.62
2023-05-27,21.5,78.75,308.46,0.79,300.08
2023-05-27,21.5,79.0,310.34,0.9,299.98
2023-05-27,21.5,79.25,304.61,4.86,300.39
2023-05-27,21.5,79.5,303.07,5.83,299.82
2023-05-27,21.5,79.75,305.49,2.25,299.49
2023-05-27,21.75,78.75,306.49,1.53,300.63
2023-05-27,21.75,79.0,307.09,0.79,300.16
2023-05-27,21.75,79.25,308.74,3.65,299.5
2023-05-27,21.75,79.5,310.88,2.03,300.67
2023-05-27,21.75,79.75,306.07,0.63,300.67
2023-05-28,20.75,78.75,308.11,0.91,299.61
2023-05-28,20.75,79.0,304.44,3.04,300.3
2023-05-28,20.75,79.25,306.32,3.93,301.04
2023-05-28,20.75,79.5,304.64,0.14,300.72
2023-05-28,20.75,79.75,309.23,1.63,300.4
2023-05-28,21.0,78.75,306.01,1.66,299.1
2023-05-28,21.0,79.0,305.56,0.99,300.39
2023-05-28,21.0,79.25,306.87,4.1,299.9
2023-05-28,21.0,79.5,306.49,0.0,300.67
2023-05-28,21.0,79.75,304.84,5.44,299.89
2023-05-28,21.25,78.75,308.59,2.7,300.03
2023-05-28,21.25,79.0,307.86,2.72,300.21
2023-05-28,21.25,79.25,305.09,1.53,300.62
2023-05-28,21.25,79.5,309.05,6.33,300.46
2023-05-28,21.25,79.75,306.8,1.25,299.87
2023-05-28,21.5,78.75,309.24,5.3,299.82
2023-05-28,21.5,79.0,309.27,0.0,299.79
2023-05-28,21.5,79.25,307.62,0.4,300.31
2023-05-28,21.5,79.5,308.9,0.68,300.37
2023-05-28,21.5,79.75,306.25,0.47,300.25
2023-05-28,21.75,78.75,307.38,3.78,300.74
2023-05-28,21.75,79.0,306.18,6.52,300.49
2023-05-28,21.75,79.25,306.99,0.6,299.46
2023-05-28,21.75,79.5,305.79,1.34,300.05
2023-05-28,21.75,79.75,308.28,1.76,300.28
2023-05-29,20.75,78.75,307.84,2.54,300.05
2023-05-29,20.75,79.0,306.13,0.45,300.09
2023-05-29,20.75,79.25,306.1,1.08,299.53
2023-05-29,20.75,79.5,309.84,0.5,299.49
2023-05-29,20.75,79.75,306.6,0.02,299.96
2023-05-29,21.0,78.75,304.82,2.56,300.06
2023-05-29,21.0,79.0,306.01,0.97,299.85
2023-05-29,21.0,79.25,306.89,2.39,300.56
2023-05-29,21.0,79.5,307.06,3.68,300.34
2023-05-29,21.0,79.75,307.55,0.61,299.97
2023-05-29,21.25,78.75,306.74,1.02,300.52
2023-05-29,21.25,79.0,307.69,0.42,298.92
2023-05-29,21.25,79.25,306.93,0.99,299.97
2023-05-29,21.25,79.5,307.72,3.64,299.83
2023-05-29,21.25,79.75,307.47,3.92,299.98
2023-05-29,21.5,78.75,303.79,5.98,300.03
2023-05-29,21.5,79.0,307.33,0.82,299.19
2023-05-29,21.5,79.25,306.57,0.58,300.77
2023-05-29,21.5,79.5,307.96,6.98,300.39
2023-05-29,21.5,79.75,307.71,5.13,300.53
2023-05-29,21.75,78.75,306.74,4.91,300.18
2023-05-29,21.75,79.0,305.04,8.16,299.44
2023-05-29,21.75,79.25,307.04,4.14,299.88
2023-05-29,21.75,79.5,306.89,0.31,299.37
2023-05-29,21.75,79.75,305.97,1.25,300.53
2023-05-30,20.75,78.75,308.22,4.25,300.82
2023-05-30,20.75,79.0,307.15,1.24,299.94
2023-05-30,20.75,79.25,304.33,0.13,300.37
2023-05-30,20.75,79.5,307.31,1.55,299.9
2023-05-30,20.75,79.75,306.81,2.61,300.28
2023-05-30,21.0,78.75,308.54,4.34,299.87
2023-05-30,21.0,79.0,304.68,0.79,299.6
2023-05-30,21.0,79.25,306.7,0.46,299.75
2023-05-30,21.0,79.5,309.58,0.98,300.39
2023-05-30,21.0,79.75,309.82,1.36,300.1
2023-05-30,21.25,78.75,311.5,2.34,300.59
2023-05-30,21.25,79.0,303.38,0.9,301.29
2023-05-30,21.25,79.25,306.84,0.31,299.71
2023-05-30,21.25,79.5,307.81,1.35,300.09
2023-05-30,21.25,79.75,303.2,5.85,300.28
2023-05-30,21.5,78.75,306.9,0.42,298.91
2023-05-30,21.5,79.0,304.5,1.46,300.11
2023-05-30,21.5,79.25,308.23,0.25,299.47
2023-05-30,21.5,79.5,309.76,3.89,300.31
2023-05-30,21.5,79.75,306.55,0.71,300.02
2023-05-30,21.75,78.75,305.98,7.15,299.29
2023-05-30,21.75,79.0,306.41,3.52,299.6
2023-05-30,21.75,79.25,309.15,3.25,299.65
2023-05-30,21.75,79.5,304.61,2.68,300.57
2023-05-30,21.75,79.75,307.71,0.52,299.53
2023-05-31,20.75,78.75,304.86,1.28,299.57
2023-05-31,20.75,79.0,310.36,0.62,300.0
2023-05-31,20.75,79.25,306.27,5.28,300.05
2023-05-31,20.75,79.5,305.13,5.21,299.89
2023-05-31,20.75,79.75,307.5,2.22,299.81
2023-05-31,21.0,78.75,306.36,2.26,298.86
2023-05-31,21.0,79.0,308.19,1.35,300.54
2023-05-31,21.0,79.25,310.1,0.94,300.29
2023-05-31,21.0,79.5,307.91,2.94,300.18
2023-05-31,21.0,79.75,306.78,0.93,299.88
2023-05-31,21.25,78.75,306.16,1.07,299.74
2023-05-31,21.25,79.0,309.12,0.34,300.6
2023-05-31,21.25,79.25,305.88,2.78,299.86
2023-05-31,21.25,79.5,305.69,5.98,300.03
2023-05-31,21.25,79.75,305.62,0.71,299.88
2023-05-31,21.5,78.75,308.1,7.28,300.42
2023-05-31,21.5,79.0,306.0,2.93,299.96
2023-05-31,21.5,79.25,306.72,0.39,300.35
2023-05-31,21.5,79.5,305.96,1.33,299.1
2023-05-31,21.5,79.75,306.7,0.55,300.42
2023-05-31,21.75,78.75,306.63,0.84,300.5
2023-05-31,21.75,79.0,307.43,1.37,299.94
2023-05-31,21.75,79.25,309.22,0.09,299.73
2023-05-31,21.75,79.5,307.92,1.03,300.22
2023-05-31,21.75,79.75,307.19,1.63,300.36
2023-06-01,20.75,78.75,307.26,1.04,300.13
2023-06-01,20.75,79.0,307.85,1.28,300.02
2023-06-01,20.75,79.25,304.15,0.7,300.07
2023-06-01,20.75,79.5,306.01,0.19,299.62
2023-06-01,20.75,79.75,309.15,1.16,300.34
2023-06-01,21.0,78.75,307.69,0.08,300.48
2023-06-01,21.0,79.0,306.01,1.86,300.35
2023-06-01,21.0,79.25,308.72,4.25,299.62
2023-06-01,21.0,79.5,310.06,3.76,300.45
2023-06-01,21.0,79.75,308.38,3.77,299.9
2023-06-01,21.25,78.75,309.04,0.57,300.77
2023-06-01,21.25,79.0,307.25,1.39,299.25
2023-06-01,21.25,79.25,307.82,2.44,299.58
2023-06-01,21.25,79.5,306.82,1.37,300.09
2023-06-01,21.25,79.75,306.79,0.71,300.09
2023-06-01,21.5,78.75,307.57,1.69,300.22
2023-06-01,21.5,79.0,308.62,0.51,300.5
2023-06-01,21.5,79.25,308.49,0.34,299.63
2023-06-01,21.5,79.5,305.57,1.67,299.56
2023-06-01,21.5,79.75,306.73,0.65,300.54
2023-06-01,21.75,78.75,307.69,2.72,300.18
2023-06-01,21.75,79.0,308.51,2.73,300.15
2023-06-01,21.75,79.25,307.87,0.94,299.88
2023-06-01,21.75,79.5,308.59,7.55,299.72
2023-06-01,21.75,79.75,308.9,2.47,299.97
2023-06-02,20.75,78.75,305.16,0.24,300.1
2023-06-02,20.75,79.0,305.85,2.61,299.77
2023-06-02,20.75,79.25,306.19,1.2,300.54
2023-06-02,20.75,79.5,306.32,3.17,299.59
2023-06-02,20.75,79.75,307.79,0.69,300.94
2023-06-02,21.0,78.75,307.92,2.6,299.97
2023-06-02,21.0,79.0,306.45,1.68,300.33
2023-06-02,21.0,79.25,308.96,0.53,299.99
2023-06-02,21.0,79.5,308.71,3.65,300.65
2023-06-02,21.0,79.75,307.65,6.69,300.12
2023-06-02,21.25,78.75,307.1,1.85,299.75
2023-06-02,21.25,79.0,307.03,0.14,299.12
2023-06-02,21.25,79.25,308.4,0.79,299.75
2023-06-02,21.25,79.5,308.2,3.36,300.16
2023-06-02,21.25,79.75,308.39,2.1,299.45
2023-06-02,21.5,78.75,305.89,3.11,300.25
2023-06-02,21.5,79.0,306.19,0.67,299.64
2023-06-02,21.5,79.25,307.53,1.61,299.7
2023-06-02,21.5,79.5,309.73,1.18,300.65
2023-06-02,21.5,79.75,307.17,0.5,299.6
2023-06-02,21.75,78.75,308.65,3.36,299.71
2023-06-02,21.75,79.0,309.74,0.27,300.01
2023-06-02,21.75,79.25,306.76,7.18,299.99
2023-06-02,21.75,79.5,306.85,1.0,299.97
2023-06-02,21.75,79.75,306.82,1.54,300.23
2023-06-03,20.75,78.75,307.83,10.78,299.58
2023-06-03,20.75,79.0,310.14,1.28,299.86
2023-06-03,20.75,79.25,303.34,3.59,300.32
2023-06-03,20.75,79.5,306.96,0.3,300.83
2023-06-03,20.75,79.75,306.92,0.84,300.81
2023-06-03,21.0,78.75,304.71,0.57,300.45
2023-06-03,21.0,79.0,306.37,2.46,300.46
2023-06-03,21.0,79.25,306.5,1.73,300.08
2023-06-03,21.0,79.5,307.15,4.23,300.51
2023-06-03,21.0,79.75,307.0,6.98,299.94
2023-06-03,21.25,78.75,307.04,1.21,300.0
2023-06-03,21.25,79.0,308.75,1.27,300.14
2023-06-03,21.25,79.25,305.74,0.81,299.95
2023-06-03,21.25,79.5,308.21,2.92,300.12
2023-06-03,21.25,79.75,309.47,6.72,300.72
2023-06-03,21.5,78.75,305.21,1.48,300.0
2023-06-03,21.5,79.0,305.02,0.26,300.47
2023-06-03,21.5,79.25,304.63,0.23,300.14
2023-06-03,21.5,79.5,310.16,1.52,299.61
2023-06-03,21.5,79.75,307.8,1.18,300.3
2023-06-03,21.75,78.75,308.46,2.15,299.57
2023-06-03,21.75,79.0,307.83,1.8,299.7
2023-06-03,21.75,79.25,310.03,1.87,300.04
2023-06-03,21.75,79.5,307.61,2.95,300.52
2023-06-03,21.75,79.75,309.22,1.04,299.7
2023-06-04,20.75,78.75,308.97,5.78,299.82
2023-06-04,20.75,79.0,305.76,1.06,300.89
2023-06-04,20.75,79.25,305.75,0.33,300.34
2023-06-04,20.75,79.5,306.22,0.93,300.45
2023-06-04,20.75,79.75,308.02,0.56,299.21
2023-06-04,21.0,78.75,307.57,0.49,299.7
2023-06-04,21.0,79.0,306.84,2.17,299.79
2023-06-04,21.0,79.25,307.1,4.77,299.85
2023-06-04,21.0,79.5,310.42,2.18,300.96
2023-06-04,21.0,79.75,307.75,2.0,300.01
2023-06-04,21.25,78.75,306.69,1.16,300.02
2023-06-04,21.25,79.0,307.21,0.78,300.28
2023-06-04,21.25,79.25,310.66,3.01,300.27
2023-06-04,21.25,79.5,308.14,1.65,299.97
2023-06-04,21.25,79.75,303.99,3.11,300.26
2023-06-04,21.5,78.75,307.96,0.33,299.89
2023-06-04,21.5,79.0,307.09,2.12,300.3
2023-06-04,21.5,79.25,309.4,2.61,299.78
2023-06-04,21.5,79.5,310.09,3.22,299.79
2023-06-04,21.5,79.75,306.76,1.7,299.43
2023-06-04,21.75,78.75,306.49,0.63,300.96
2023-06-04,21.75,79.0,306.69,3.38,299.52
2023-06-04,21.75,79.25,310.37,4.14,299.92
2023-06-04,21.75,79.5,304.75,0.76,300.12
2023-06-04,21.75,79.75,308.11,2.3,299.61
2023-06-05,20.75,78.75,307.75,1.29,301.19
2023-06-05,20.75,79.0,307.77,1.23,299.99
2023-06-05,20.75,79.25,304.38,1.34,299.76
2023-06-05,20.75,79.5,308.25,1.88,299.87
2023-06-05,20.75,79.75,307.8,0.64,300.01
2023-06-05,21.0,78.75,309.04,0.76,299.61
2023-06-05,21.0,79.0,308.2,5.25,300.09
2023-06-05,21.0,79.25,309.6,0.39,299.9
2023-06-05,21.0,79.5,308.61,2.54,300.46
2023-06-05,21.0,79.75,306.77,2.83,300.0
2023-06-05,21.25,78.75,304.92,0.97,299.23
2023-06-05,21.25,79.0,307.37,2.22,299.14
2023-06-05,21.25,79.25,307.68,1.33,300.05
2023-06-05,21.25,79.5,308.38,2.71,300.57
2023-06-05,21.25,79.75,309.22,2.37,299.93
2023-06-05,21.5,78.75,306.15,2.26,299.66
2023-06-05,21.5,79.0,308.56,2.08,300.01
2023-06-05,21.5,79.25,307.45,1.33,299.57
2023-06-05,21.5,79.5,307.27,7.0,300.64
2023-06-05,21.5,79.75,308.44,0.58,299.98
2023-06-05,21.75,78.75,307.26,1.69,300.01
2023-06-05,21.75,79.0,309.05,0.55,300.01
2023-06-05,21.75,79.25,306.57,0.63,299.57
2023-06-05,21.75,79.5,308.99,1.76,299.07
2023-06-05,21.75,79.75,306.53,3.47,299.76
2023-06-06,20.75,78.75,311.09,0.83,299.94
2023-06-06,20.75,79.0,304.3,3.11,299.29
2023-06-06,20.75,79.25,306.47,1.12,299.74
2023-06-06,20.75,79.5,304.57,1.31,299.61
2023-06-06,20.75,79.75,306.08,0.5,300.12
2023-06-06,21.0,78.75,308.23,3.39,300.45
2023-06-06,21.0,79.0,305.85,2.98,300.08
2023-06-06,21.0,79.25,309.92,1.13,299.31
2023-06-06,21.0,79.5,306.1,2.17,300.25
2023-06-06,21.0,79.75,309.77,1.06,300.5
2023-06-06,21.25,78.75,307.54,0.8,301.34
2023-06-06,21.25,79.0,307.01,2.01,299.53
2023-06-06,21.25,79.25,306.78,6.27,299.3
2023-06-06,21.25,79.5,307.99,3.91,300.26
2023-06-06,21.25,79.75,308.37,1.45,299.93
2023-06-06,21.5,78.75,309.58,0.93,299.7
2023-06-06,21.5,79.0,307.99,0.43,300.22
2023-06-06,21.5,79.25,306.77,1.09,300.46
2023-06-06,21.5,79.5,308.12,1.36,299.77
2023-06-06,21.5,79.75,306.53,0.85,299.8
2023-06-06,21.75,78.75,306.86,5.55,298.62
2023-06-06,21.75,79.0,309.04,2.47,300.58
2023-06-06,21.75,79.25,305.2,5.76,299.7
2023-06-06,21.75,79.5,306.97,1.94,300.36
2023-06-06,21.75,79.75,307.52,0.54,300.54
2023-06-07,20.75,78.75,306.53,0.38,299.69
2023-06-07,20.75,79.0,307.92,0.61,299.64
2023-06-07,20.75,79.25,306.44,1.82,298.98
2023-06-07,20.75,79.5,307.0,3.67,300.8
2023-06-07,20.75,79.75,309.82,1.67,299.65
2023-06-07,21.0,78.75,306.7,2.2,300.09
2023-06-07,21.0,79.0,306.77,2.58,299.86
2023-06-07,21.0,79.25,308.09,2.9,300.41
2023-06-07,21.0,79.5,305.92,4.41,300.01
2023-06-07,21.0,79.75,308.61,3.33,299.02
2023-06-07,21.25,78.75,307.7,1.12,300.8
2023-06-07,21.25,79.0,306.73,2.67,300.17
2023-06-07,21.25,79.25,309.06,0.81,299.72
2023-06-07,21.25,79.5,307.51,1.52,300.42
2023-06-07,21.25,79.75,309.91,0.78,299.92
2023-06-07,21.5,78.75,309.8,3.85,299.88
2023-06-07,21.5,79.0,308.65,1.51,300.07
2023-06-07,21.5,79.25,307.84,6.38,300.2
2023-06-07,21.5,79.5,306.52,2.77,299.46
2023-06-07,21.5,79.75,306.25,3.54,299.66
2023-06-07,21.75,78.75,309.41,3.87,300.15
2023-06-07,21.75,79.0,307.32,3.18,300.29
2023-06-07,21.75,79.25,307.26,0.84,300.18
2023-06-07,21.75,79.5,307.82,2.79,299.57
2023-06-07,21.75,79.75,309.27,2.58,299.33
2023-06-08,20.75,78.75,309.08,1.06,299.86
2023-06-08,20.75,79.0,306.25,1.96,300.36
2023-06-08,20.75,79.25,308.22,0.52,300.06
2023-06-08,20.75,79.5,307.43,0.97,300.99
2023-06-08,20.75,79.75,307.52,1.39,299.99
2023-06-08,21.0,78.75,306.86,0.98,300.33
2023-06-08,21.0,79.0,309.41,3.25,299.7
2023-06-08,21.0,79.25,309.68,2.25,298.84
2023-06-08,21.0,79.5,306.88,0.6,299.0
2023-06-08,21.0,79.75,307.75,2.3,300.69
2023-06-08,21.25,78.75,308.48,5.97,299.62
2023-06-08,21.25,79.0,307.05,0.75,299.33
2023-06-08,21.25,79.25,307.51,1.58,300.39
2023-06-08,21.25,79.5,309.16,3.34,300.53
2023-06-08,21.25,79.75,308.22,2.13,300.21
2023-06-08,21.5,78.75,307.57,0.97,300.87
2023-06-08,21.5,79.0,306.95,0.89,300.27
2023-06-08,21.5,79.25,307.34,1.33,300.2
2023-06-08,21.5,79.5,307.07,0.6,299.16
2023-06-08,21.5,79.75,307.69,1.36,300.15
2023-06-08,21.75,78.75,307.77,0.68,299.87
2023-06-08,21.75,79.0,308.96,1.21,299.81
2023-06-08,21.75,79.25,304.9,2.32,300.54
2023-06-08,21.75,79.5,305.87,2.76,299.49
2023-06-08,21.75,79.75,309.55,4.02,300.07
2023-06-09,20.75,78.75,304.29,1.64,299.36
2023-06-09,20.75,79.0,306.01,5.34,300.2
2023-06-09,20.75,79.25,306.25,4.02,299.24
2023-06-09,20.75,79.5,306.14,0.89,299.59
2023-06-09,20.75,79.75,307.76,6.95,300.34
2023-06-09,21.0,78.75,309.65,2.36,299.85
2023-06-09,21.0,79.0,307.82,3.45,300.74
2023-06-09,21.0,79.25,309.44,1.22,299.53
2023-06-09,21.0,79.5,309.36,0.98,300.26
2023-06-09,21.0,79.75,307.92,0.88,299.72
2023-06-09,21.25,78.75,307.93,0.86,300.21
2023-06-09,21.25,79.0,308.5,1.23,300.2
2023-06-09,21.25,79.25,307.5,0.97,299.91
2023-06-09,21.25,79.5,307.64,0.97,299.77
2023-06-09,21.25,79.75,307.06,1.57,298.94
2023-06-09,21.5,78.75,307.29,6.11,300.94
2023-06-09,21.5,79.0,308.72,5.02,299.98
2023-06-09,21.5,79.25,308.45,2.54,299.82
2023-06-09,21.5,79.5,307.32,1.97,299.88
2023-06-09,21.5,79.75,309.42,1.49,300.13
2023-06-09,21.75,78.75,308.27,0.95,300.14
2023-06-09,21.75,79.0,306.6,1.26,300.29
2023-06-09,21.75,79.25,305.98,2.96,299.56
2023-06-09,21.75,79.5,307.98,3.3,299.6
2023-06-09,21.75,79.75,309.63,2.21,300.21
2023-06-10,20.75,78.75,305.96,3.63,299.59
2023-06-10,20.75,79.0,308.39,10.69,299.9
2023-06-10,20.75,79.25,304.28,1.79,300.42
2023-06-10,20.75,79.5,306.32,3.6,300.27
2023-06-10,20.75,79.75,305.29,3.58,300.1
2023-06-10,21.0,78.75,303.58,1.17,299.08
2023-06-10,21.0,79.0,308.77,1.26,300.63
2023-06-10,21.0,79.25,308.4,2.39,300.61
2023-06-10,21.0,79.5,308.57,0.94,299.61
2023-06-10,21.0,79.75,309.02,3.95,300.34
2023-06-10,21.25,78.75,306.32,1.03,300.26
2023-06-10,21.25,79.0,308.47,2.92,299.66
2023-06-10,21.25,79.25,309.12,2.01,299.58
2023-06-10,21.25,79.5,306.18,2.22,300.84
2023-06-10,21.25,79.75,305.36,3.54,300.11
2023-06-10,21.5,78.75,306.98,0.69,299.85
2023-06-10,21.5,79.0,306.88,1.34,299.83
2023-06-10,21.5,79.25,307.84,7.26,300.37
2023-06-10,21.5,79.5,310.38,4.13,299.46
2023-06-10,21.5,79.75,305.83,1.51,299.35
2023-06-10,21.75,78.75,305.14,1.74,300.67
2023-06-10,21.75,79.0,310.27,1.27,299.65
2023-06-10,21.75,79.25,307.99,1.04,300.68
2023-06-10,21.75,79.5,305.35,4.16,299.08
2023-06-10,21.75,79.75,310.72,2.18,300.27
2023-06-11,20.75,78.75,310.08,2.08,300.19
2023-06-11,20.75,79.0,309.43,2.9,299.56
2023-06-11,20.75,79.25,307.62,1.08,299.56
2023-06-11,20.75,79.5,307.44,1.69,299.5
2023-06-11,20.75,79.75,307.39,0.78,300.57
2023-06-11,21.0,78.75,306.54,3.45,299.75
2023-06-11,21.0,79.0,308.67,1.15,299.76
2023-06-11,21.0,79.25,305.63,1.22,299.82
2023-06-11,21.0,79.5,305.73,2.07,300.01
2023-06-11,21.0,79.75,305.95,3.22,300.8
2023-06-11,21.25,78.75,306.83,1.51,300.2
2023-06-11,21.25,79.0,307.56,3.17,300.06
2023-06-11,21.25,79.25,306.39,1.65,300.87
2023-06-11,21.25,79.5,309.08,6.76,299.89
2023-06-11,21.25,79.75,306.77,2.47,299.23
2023-06-11,21.5,78.75,307.9,2.0,299.74
2023-06-11,21.5,79.0,305.13,4.47,300.41
2023-06-11,21.5,79.25,310.19,2.25,299.43
2023-06-11,21.5,79.5,307.21,1.28,300.3
2023-06-11,21.5,79.75,306.76,1.6,300.39
2023-06-11,21.75,78.75,309.1,1.2,300.26
2023-06-11,21.75,79.0,308.5,1.78,300.67
2023-06-11,21.75,79.25,307.18,2.66,300.13
2023-06-11,21.75,79.5,309.69,6.18,300.45
2023-06-11,21.75,79.75,307.34,0.89,300.52
2023-06-12,20.75,78.75,308.6,3.41,300.0
2023-06-12,20.75,79.0,307.82,1.1,299.75
2023-06-12,20.75,79.25,306.98,2.58,300.5
2023-06-12,20.75,79.5,308.64,2.73,300.14
2023-06-12,20.75,79.75,307.08,1.34,299.55
2023-06-12,21.0,78.75,307.26,5.45,300.39
2023-06-12,21.0,79.0,306.04,2.79,298.95
2023-06-12,21.0,79.25,308.79,2.48,300.25
2023-06-12,21.0,79.5,307.01,1.37,299.84
2023-06-12,21.0,79.75,309.7,5.4,299.83
2023-06-12,21.25,78.75,309.07,5.7,299.03
2023-06-12,21.25,79.0,306.28,1.62,299.79
2023-06-12,21.25,79.25,308.17,1.18,300.07
2023-06-12,21.25,79.5,306.71,1.47,300.41
2023-06-12,21.25,79.75,306.44,0.98,300.2
2023-06-12,21.5,78.75,309.08,4.02,299.69
2023-06-12,21.5,79.0,306.53,1.51,300.01
2023-06-12,21.5,79.25,307.39,7.33,300.84
2023-06-12,21.5,79.5,308.28,0.82,299.87
2023-06-12,21.5,79.75,307.86,2.48,299.59
2023-06-12,21.75,78.75,310.89,4.53,299.97
2023-06-12,21.75,79.0,310.2,2.41,300.24
2023-06-12,21.75,79.25,306.92,2.46,299.63
2023-06-12,21.75,79.5,306.76,1.24,299.82
2023-06-12,21.75,79.75,307.24,1.89,299.59
2023-06-13,20.75,78.75,309.08,4.05,300.21
2023-06-13,20.75,79.0,310.51,1.61,299.01
2023-06-13,20.75,79.25,308.36,3.49,300.23
2023-06-13,20.75,79.5,307.16,1.49,299.63
2023-06-13,20.75,79.75,308.53,6.15,300.31
2023-06-13,21.0,78.75,308.48,1.78,298.91
2023-06-13,21.0,79.0,307.98,2.59,299.86
2023-06-13,21.0,79.25,309.75,1.02,300.78
2023-06-13,21.0,79.5,307.44,1.16,299.56
2023-06-13,21.0,79.75,307.14,2.38,298.62
2023-06-13,21.25,78.75,306.57,1.97,301.08
2023-06-13,21.25,79.0,306.67,1.89,299.17
2023-06-13,21.25,79.25,303.44,2.01,300.1
2023-06-13,21.25,79.5,309.34,1.41,300.15
2023-06-13,21.25,79.75,308.39,1.24,299.49
2023-06-13,21.5,78.75,308.44,3.05,299.59
2023-06-13,21.5,79.0,308.49,2.8,299.57
2023-06-13,21.5,79.25,307.91,1.58,299.63
2023-06-13,21.5,79.5,308.85,0.97,299.79
2023-06-13,21.5,79.75,307.65,1.89,299.56
2023-06-13,21.75,78.75,308.17,2.68,300.46
2023-06-13,21.75,79.0,308.87,1.02,300.16
2023-06-13,21.75,79.25,308.56,3.26,299.83
2023-06-13,21.75,79.5,309.86,1.62,300.45
2023-06-13,21.75,79.75,309.44,2.19,299.82
2023-06-14,20.75,78.75,306.04,2.93,299.82
2023-06-14,20.75,79.0,310.71,2.55,300.05
2023-06-14,20.75,79.25,309.2,0.88,300.4
2023-06-14,20.75,79.5,306.79,3.99,300.49
2023-06-14,20.75,79.75,308.84,2.54,299.83
2023-06-14,21.0,78.75,308.0,1.73,298.79
2023-06-14,21.0,79.0,306.17,3.46,300.07
2023-06-14,21.0,79.25,311.19,1.84,300.41
2023-06-14,21.0,79.5,307.82,1.54,299.08
2023-06-14,21.0,79.75,307.84,3.01,300.6
2023-06-14,21.25,78.75,305.12,4.28,300.0
2023-06-14,21.25,79.0,312.47,3.78,299.52
2023-06-14,21.25,79.25,306.56,0.9,299.7
2023-06-14,21.25,79.5,309.68,0.83,300.34
2023-06-14,21.25,79.75,306.98,14.71,299.83
2023-06-14,21.5,78.75,305.37,1.77,300.09
2023-06-14,21.5,79.0,309.1,1.14,300.67
2023-06-14,21.5,79.25,308.38,7.47,299.67
2023-06-14,21.5,79.5,309.12,2.92,299.81
2023-06-14,21.5,79.75,305.51,5.44,299.7
2023-06-14,21.75,78.75,311.2,2.04,300.0
2023-06-14,21.75,79.0,308.39,1.67,300.58
2023-06-14,21.75,79.25,307.72,0.93,299.3
2023-06-14,21.75,79.5,307.12,2.71,300.31
2023-06-14,21.75,79.75,310.68,3.33,298.95
2023-06-15,20.75,78.75,305.99,8.92,299.43
2023-06-15,20.75,79.0,307.6,2.84,299.62
2023-06-15,20.75,79.25,308.95,0.99,299.97
2023-06-15,20.75,79.5,305.6,3.29,300.57
2023-06-15,20.75,79.75,308.98,2.28,299.56
2023-06-15,21.0,78.75,307.99,2.49,300.11
2023-06-15,21.0,79.0,307.08,3.23,300.27
2023-06-15,21.0,79.25,306.56,3.02,299.36
2023-06-15,21.0,79.5,307.96,6.39,299.57
2023-06-15,21.0,79.75,308.32,1.14,300.21
2023-06-15,21.25,78.75,309.02,0.88,300.47
2023-06-15,21.25,79.0,306.85,2.37,299.43
2023-06-15,21.25,79.25,308.62,1.61,300.08
2023-06-15,21.25,79.5,307.08,2.16,300.91
2023-06-15,21.25,79.75,307.26,2.32,300.3
2023-06-15,21.5,78.75,306.08,2.14,300.26
2023-06-15,21.5,79.0,310.94,1.13,300.73
2023-06-15,21.5,79.25,306.91,3.02,299.64
2023-06-15,21.5,79.5,308.5,1.54,299.5
2023-06-15,21.5,79.75,304.86,1.8,299.74
2023-06-15,21.75,78.75,305.89,2.51,300.07
2023-06-15,21.75,79.0,311.57,1.56,300.37
2023-06-15,21.75,79.25,307.83,1.22,300.2
2023-06-15,21.75,79.5,308.42,1.68,299.42
2023-06-15,21.75,79.75,308.97,1.54,299.68
2023-06-16,20.75,78.75,308.95,1.35,299.16
2023-06-16,20.75,79.0,307.52,1.12,300.65
2023-06-16,20.75,79.25,308.65,2.15,299.61
2023-06-16,20.75,79.5,307.94,0.93,300.24
2023-06-16,20.75,79.75,309.57,2.91,299.75
2023-06-16,21.0,78.75,307.95,5.88,299.2
2023-06-16,21.0,79.0,307.03,1.43,299.66
2023-06-16,21.0,79.25,306.58,1.88,300.15
2023-06-16,21.0,79.5,306.3,1.13,300.35
2023-06-16,21.0,79.75,305.76,5.08,300.19
2023-06-16,21.25,78.75,308.25,4.42,298.66
2023-06-16,21.25,79.0,307.9,8.54,299.6
2023-06-16,21.25,79.25,306.74,1.1,300.59
2023-06-16,21.25,79.5,309.05,1.1,299.16
2023-06-16,21.25,79.75,306.34,4.25,299.03
2023-06-16,21.5,78.75,308.91,2.1,299.95
2023-06-16,21.5,79.0,308.59,2.91,300.02
2023-06-16,21.5,79.25,308.02,1.59,299.81
2023-06-16,21.5,79.5,309.06,4.97,300.78
2023-06-16,21.5,79.75,305.73,1.62,299.05
2023-06-16,21.75,78.75,306.69,1.86,300.49
2023-06-16,21.75,79.0,306.43,1.75,300.04
2023-06-16,21.75,79.25,308.02,3.46,300.48
2023-06-16,21.75,79.5,307.58,4.63,299.97
2023-06-16,21.75,79.75,306.43,5.23,300.0
2023-06-17,20.75,78.75,306.22,1.84,299.9
2023-06-17,20.75,79.0,306.93,4.97,300.32
2023-06-17,20.75,79.25,311.99,2.01,299.23
2023-06-17,20.75,79.5,307.28,1.24,299.95
2023-06-17,20.75,79.75,307.8,1.36,299.96
2023-06-17,21.0,78.75,307.84,3.52,299.79
2023-06-17,21.0,79.0,308.91,1.61,299.49
2023-06-17,21.0,79.25,306.96,1.71,300.01
2023-06-17,21.0,79.5,309.47,1.43,299.86
2023-06-17,21.0,79.75,310.67,4.2,299.85
2023-06-17,21.25,78.75,308.47,1.76,300.29
2023-06-17,21.25,79.0,306.0,1.46,300.8
2023-06-17,21.25,79.25,307.71,7.19,300.08
2023-06-17,21.25,79.5,307.77,3.11,299.94
2023-06-17,21.25,79.75,306.5,2.53,299.62
2023-06-17,21.5,78.75,309.01,1.25,299.74
2023-06-17,21.5,79.0,307.9,2.09,300.36
2023-06-17,21.5,79.25,308.15,1.15,300.48
2023-06-17,21.5,79.5,309.27,1.25,299.08
2023-06-17,21.5,79.75,307.77,5.5,300.07
2023-06-17,21.75,78.75,306.76,4.6,299.62
2023-06-17,21.75,79.0,306.68,0.98,299.3
2023-06-17,21.75,79.25,307.3,2.1,300.22
2023-06-17,21.75,79.5,306.09,2.82,300.05
2023-06-17,21.75,79.75,308.93,3.6,300.41
2023-06-18,20.75,78.75,306.76,1.05,300.04
2023-06-18,20.75,79.0,308.65,4.38,300.3
2023-06-18,20.75,79.25,307.89,1.65,300.97
2023-06-18,20.75,79.5,308.87,2.99,300.11
2023-06-18,20.75,79.75,306.23,1.6,299.85
2023-06-18,21.0,78.75,305.45,6.98,299.8
2023-06-18,21.0,79.0,306.01,2.44,300.7
2023-06-18,21.0,79.25,307.11,0.95,300.28
2023-06-18,21.0,79.5,308.75,1.17,299.62
2023-06-18,21.0,79.75,306.01,1.95,300.1
2023-06-18,21.25,78.75,307.54,1.18,300.14
2023-06-18,21.25,79.0,308.32,1.62,299.19
2023-06-18,21.25,79.25,308.01,3.54,299.48
2023-06-18,21.25,79.5,306.37,1.48,299.36
2023-06-18,21.25,79.75,308.07,3.98,300.48
2023-06-18,21.5,78.75,307.19,1.04,300.85
2023-06-18,21.5,79.0,307.52,6.71,300.29
2023-06-18,21.5,79.25,306.65,1.46,300.39
2023-06-18,21.5,79.5,307.83,1.34,299.73
2023-06-18,21.5,79.75,307.2,4.5,300.4
2023-06-18,21.75,78.75,310.79,1.6,300.07
2023-06-18,21.75,79.0,308.99,2.55,300.34
2023-06-18,21.75,79.25,305.85,2.77,300.38
2023-06-18,21.75,79.5,309.13,2.16,300.2
2023-06-18,21.75,79.75,307.13,2.27,299.94
2023-06-19,20.75,78.75,308.32,5.28,299.55
2023-06-19,20.75,79.0,306.86,4.84,300.44
2023-06-19,20.75,79.25,306.33,2.02,299.69
2023-06-19,20.75,79.5,307.27,3.91,299.66
2023-06-19,20.75,79.75,307.83,1.77,299.48
2023-06-19,21.0,78.75,305.22,2.57,299.47
2023-06-19,21.0,79.0,308.31,2.15,300.13
2023-06-19,21.0,79.25,306.89,3.03,299.72
2023-06-19,21.0,79.5,305.83,6.07,300.34
2023-06-19,21.0,79.75,306.77,1.3,299.98
2023-06-19,21.25,78.75,309.79,3.24,299.42
2023-06-19,21.25,79.0,308.59,3.43,299.23
2023-06-19,21.25,79.25,310.0,1.28,300.15
2023-06-19,21.25,79.5,309.1,2.44,300.05
2023-06-19,21.25,79.75,309.06,2.48,300.29
2023-06-19,21.5,78.75,306.34,5.45,299.17
2023-06-19,21.5,79.0,306.54,1.28,300.69
2023-06-19,21.5,79.25,308.93,2.78,299.32
2023-06-19,21.5,79.5,308.46,2.63,299.88
2023-06-19,21.5,79.75,307.4,3.54,300.29
2023-06-19,21.75,78.75,307.16,3.81,299.96
2023-06-19,21.75,79.0,309.23,1.07,299.5
2023-06-19,21.75,79.25,309.72,3.09,299.72
2023-06-19,21.75,79.5,307.48,2.59,299.31
2023-06-19,21.75,79.75,307.51,1.12,299.86
2023-06-20,20.75,78.75,310.45,3.97,299.72
2023-06-20,20.75,79.0,307.26,1.41,300.15
2023-06-20,20.75,79.25,310.12,12.36,299.31
2023-06-20,20.75,79.5,309.33,1.75,299.53
2023-06-20,20.75,79.75,306.35,7.34,300.52
2023-06-20,21.0,78.75,307.91,2.64,299.24
2023-06-20,21.0,79.0,306.91,3.32,299.19
2023-06-20,21.0,79.25,306.97,2.42,300.31
2023-06-20,21.0,79.5,310.82,1.28,300.26
2023-06-20,21.0,79.75,305.53,2.36,300.3
2023-06-20,21.25,78.75,307.48,1.99,299.91
2023-06-20,21.25,79.0,307.3,3.26,299.86
2023-06-20,21.25,79.25,307.82,8.16,299.93
2023-06-20,21.25,79.5,308.04,1.45,299.25
2023-06-20,21.25,79.75,309.25,6.22,300.22
2023-06-20,21.5,78.75,307.52,4.98,300.27
2023-06-20,21.5,79.0,307.88,2.42,299.57
2023-06-20,21.5,79.25,306.14,2.79,300.3
2023-06-20,21.5,79.5,308.56,4.74,299.6
2023-06-20,21.5,79.75,309.33,2.62,300.89
2023-06-20,21.75,78.75,309.19,5.59,300.15
2023-06-20,21.75,79.0,307.52,1.59,299.98
2023-06-20,21.75,79.25,307.24,2.51,299.52
2023-06-20,21.75,79.5,308.94,8.79,298.92
2023-06-20,21.75,79.75,308.8,1.91,299.24
2023-06-21,20.75,78.75,308.86,2.81,300.3
2023-06-21,20.75,79.0,307.41,5.29,300.54
2023-06-21,20.75,79.25,306.61,2.87,299.28
2023-06-21,20.75,79.5,309.13,1.58,299.93
2023-06-21,20.75,79.75,307.17,2.35,299.79
2023-06-21,21.0,78.75,309.37,8.52,300.04
2023-06-21,21.0,79.0,310.2,1.21,299.79
2023-06-21,21.0,79.25,309.31,2.4,299.7
2023-06-21,21.0,79.5,306.39,3.4,299.16
2023-06-21,21.0,79.75,307.43,4.11,299.35
2023-06-21,21.25,78.75,309.16,3.35,300.01
2023-06-21,21.25,79.0,306.82,2.47,299.95
2023-06-21,21.25,79.25,308.59,5.04,299.93
2023-06-21,21.25,79.5,307.44,2.53,299.52
2023-06-21,21.25,79.75,308.91,1.95,300.2
2023-06-21,21.5,78.75,306.97,2.88,299.88
2023-06-21,21.5,79.0,305.04,2.6,300.03
2023-06-21,21.5,79.25,307.34,1.13,299.32
2023-06-21,21.5,79.5,309.25,5.32,300.66
2023-06-21,21.5,79.75,305.32,5.99,299.76
2023-06-21,21.75,78.75,307.78,3.3,299.51
2023-06-21,21.75,79.0,307.07,1.45,300.32
2023-06-21,21.75,79.25,309.18,6.21,300.45
2023-06-21,21.75,79.5,309.32,7.98,300.45
2023-06-21,21.75,79.75,307.88,1.15,299.87
2023-06-22,20.75,78.75,309.25,2.39,298.92
2023-06-22,20.75,79.0,308.81,2.01,299.56
2023-06-22,20.75,79.25,305.32,1.89,299.98
2023-06-22,20.75,79.5,308.28,5.71,299.94
2023-06-22,20.75,79.75,307.52,1.9,299.76
2023-06-22,21.0,78.75,310.27,2.31,299.41
2023-06-22,21.0,79.0,306.0,4.82,299.74
2023-06-22,21.0,79.25,312.99,2.06,299.32
2023-06-22,21.0,79.5,307.57,4.64,299.73
2023-06-22,21.0,79.75,306.15,4.37,299.71
2023-06-22,21.25,78.75,309.59,3.34,299.22
2023-06-22,21.25,79.0,306.89,1.34,299.3
2023-06-22,21.25,79.25,311.19,1.18,299.97
2023-06-22,21.25,79.5,307.11,3.44,299.38
2023-06-22,21.25,79.75,308.49,4.34,300.88
2023-06-22,21.5,78.75,309.64,1.19,300.65
2023-06-22,21.5,79.0,308.19,3.83,299.32
2023-06-22,21.5,79.25,309.21,1.47,300.47
2023-06-22,21.5,79.5,310.18,3.05,299.73
2023-06-22,21.5,79.75,309.52,3.87,300.73
2023-06-22,21.75,78.75,306.14,2.94,300.98
2023-06-22,21.75,79.0,306.18,4.0,300.11
2023-06-22,21.75,79.25,308.86,1.25,300.07
2023-06-22,21.75,79.5,307.23,2.33,300.32
2023-06-22,21.75,79.75,307.37,5.34,299.83
2023-06-23,20.75,78.75,306.6,2.95,299.07
2023-06-23,20.75,79.0,307.44,5.47,299.19
2023-06-23,20.75,79.25,306.45,2.53,300.13
2023-06-23,20.75,79.5,308.34,2.94,300.88
2023-06-23,20.75,79.75,309.98,1.7,300.19
2023-06-23,21.0,78.75,309.45,1.51,300.52
2023-06-23,21.0,79.0,309.0,2.99,299.7
2023-06-23,21.0,79.25,309.06,5.18,299.33
2023-06-23,21.0,79.5,308.36,1.53,299.78
2023-06-23,21.0,79.75,306.22,1.68,300.37
2023-06-23,21.25,78.75,306.95,1.57,300.55
2023-06-23,21.25,79.0,307.28,8.07,300.73
2023-06-23,21.25,79.25,308.6,1.25,300.35
2023-06-23,21.25,79.5,308.08,3.08,300.35
2023-06-23,21.25,79.75,309.73,2.31,300.08
2023-06-23,21.5,78.75,307.49,5.52,299.6
2023-06-23,21.5,79.0,311.25,4.95,299.49
2023-06-23,21.5,79.25,308.04,6.27,299.45
2023-06-23,21.5,79.5,310.19,2.48,300.16
2023-06-23,21.5,79.75,308.92,2.55,299.59
2023-06-23,21.75,78.75,307.66,4.32,299.44
2023-06-23,21.75,79.0,306.06,1.75,299.65
2023-06-23,21.75,79.25,309.91,2.94,299.86
2023-06-23,21.75,79.5,309.22,1.85,299.32
2023-06-23,21.75,79.75,307.52,1.51,300.47
2023-06-24,20.75,78.75,306.05,3.34,300.16
2023-06-24,20.75,79.0,309.6,3.84,300.67
2023-06-24,20.75,79.25,307.87,1.52,299.94
2023-06-24,20.75,79.5,305.27,2.77,300.18
2023-06-24,20.75,79.75,308.38,4.68,299.44
2023-06-24,21.0,78.75,310.48,3.46,300.46
2023-06-24,21.0,79.0,311.13,2.87,299.59
2023-06-24,21.0,79.25,308.69,2.05,299.44
2023-06-24,21.0,79.5,307.6,2.75,300.04
2023-06-24,21.0,79.75,306.26,5.51,300.0
2023-06-24,21.25,78.75,306.36,3.06,300.04
2023-06-24,21.25,79.0,307.23,1.44,299.93
2023-06-24,21.25,79.25,309.5,1.93,300.43
2023-06-24,21.25,79.5,308.31,2.37,299.73
2023-06-24,21.25,79.75,304.95,4.1,300.62
2023-06-24,21.5,78.75,309.1,6.72,300.01
2023-06-24,21.5,79.0,307.08,1.41,300.84
2023-06-24,21.5,79.25,305.19,1.82,299.99
2023-06-24,21.5,79.5,307.03,2.94,301.32
2023-06-24,21.5,79.75,309.23,1.55,300.68
2023-06-24,21.75,78.75,306.42,4.23,300.28
2023-06-24,21.75,79.0,306.39,7.75,299.18
2023-06-24,21.75,79.25,306.57,4.28,299.81
2023-06-24,21.75,79.5,309.72,3.97,300.12
2023-06-24,21.75,79.75,308.86,5.7,300.25
2023-06-25,20.75,78.75,307.56,3.7,299.75
2023-06-25,20.75,79.0,305.2,3.18,299.41
2023-06-25,20.75,79.25,304.43,2.99,299.54
2023-06-25,20.75,79.5,308.19,1.56,301.04
2023-06-25,20.75,79.75,307.57,5.85,300.7
2023-06-25,21.0,78.75,309.2,2.73,300.02
2023-06-25,21.0,79.0,305.5,1.72,299.38
2023-06-25,21.0,79.25,305.64,3.28,299.87
2023-06-25,21.0,79.5,306.98,5.9,300.27
2023-06-25,21.0,79.75,309.37,5.0,300.34
2023-06-25,21.25,78.75,306.8,2.12,299.76
2023-06-25,21.25,79.0,306.55,4.0,299.71
2023-06-25,21.25,79.25,308.29,1.81,299.97
2023-06-25,21.25,79.5,308.82,3.69,299.86
2023-06-25,21.25,79.75,306.61,1.42,300.52
2023-06-25,21.5,78.75,308.76,1.82,299.76
2023-06-25,21.5,79.0,305.5,1.72,299.88
2023-06-25,21.5,79.25,306.05,2.78,299.48
2023-06-25,21.5,79.5,308.74,1.75,299.85
2023-06-25,21.5,79.75,308.96,1.32,300.3
2023-06-25,21.75,78.75,308.45,1.67,300.36
2023-06-25,21.75,79.0,308.26,4.44,299.41
2023-06-25,21.75,79.25,309.41,8.86,299.59
2023-06-25,21.75,79.5,308.28,1.87,300.9
2023-06-25,21.75,79.75,308.24,3.13,299.58
2023-06-26,20.75,78.75,307.97,2.12,299.26
2023-06-26,20.75,79.0,306.19,3.64,300.01
2023-06-26,20.75,79.25,305.5,4.37,300.06
2023-06-26,20.75,79.5,306.1,2.68,299.23
2023-06-26,20.75,79.75,308.48,4.65,300.05
2023-06-26,21.0,78.75,306.73,3.47,300.95
2023-06-26,21.0,79.0,304.31,3.91,299.28
2023-06-26,21.0,79.25,309.33,3.2,300.3
2023-06-26,21.0,79.5,310.12,2.44,299.17
2023-06-26,21.0,79.75,306.82,2.62,301.03
2023-06-26,21.25,78.75,307.29,6.38,299.87
2023-06-26,21.25,79.0,305.23,7.39,300.38
2023-06-26,21.25,79.25,307.6,5.39,300.23
2023-06-26,21.25,79.5,309.43,3.4,300.15
2023-06-26,21.25,79.75,306.86,1.57,300.42
2023-06-26,21.5,78.75,306.99,2.3,299.91
2023-06-26,21.5,79.0,305.79,10.68,300.38
2023-06-26,21.5,79.25,309.48,3.5,300.61
2023-06-26,21.5,79.5,306.92,1.63,299.51
2023-06-26,21.5,79.75,307.76,1.55,298.78
2023-06-26,21.75,78.75,308.57,1.56,300.14
2023-06-26,21.75,79.0,307.91,1.67,300.33
2023-06-26,21.75,79.25,307.27,7.5,300.71
2023-06-26,21.75,79.5,303.56,1.55,300.28
2023-06-26,21.75,79.75,308.29,6.99,300.78
2023-06-27,20.75,78.75,306.53,6.5,300.2
2023-06-27,20.75,79.0,307.45,3.19,300.6
2023-06-27,20.75,79.25,305.08,7.62,300.16
2023-06-27,20.75,79.5,309.77,2.78,300.73
2023-06-27,20.75,79.75,311.27,3.36,299.87
2023-06-27,21.0,78.75,305.52,2.86,300.26
2023-06-27,21.0,79.0,305.47,3.67,300.58
2023-06-27,21.0,79.25,309.74,2.13,299.75
2023-06-27,21.0,79.5,310.79,2.65,300.2
2023-06-27,21.0,79.75,307.87,5.23,300.31
2023-06-27,21.25,78.75,306.94,2.22,300.67
2023-06-27,21.25,79.0,307.21,2.34,299.81
2023-06-27,21.25,79.25,305.43,1.58,300.05
2023-06-27,21.25,79.5,308.0,6.99,299.44
2023-06-27,21.25,79.75,309.42,1.5,300.3
2023-06-27,21.5,78.75,306.75,6.1,300.5
2023-06-27,21.5,79.0,304.98,2.68,299.45
2023-06-27,21.5,79.25,305.54,3.36,298.94
2023-06-27,21.5,79.5,305.96,1.64,300.67
2023-06-27,21.5,79.75,306.75,1.75,299.95
2023-06-27,21.75,78.75,307.17,3.7,300.41
2023-06-27,21.75,79.0,308.56,3.82,299.96
2023-06-27,21.75,79.25,310.23,1.82,299.51
2023-06-27,21.75,79.5,308.74,2.73,300.56
2023-06-27,21.75,79.75,305.31,1.5,300.36
2023-06-28,20.75,78.75,308.56,5.21,300.41
2023-06-28,20.75,79.0,308.35,1.5,299.81
2023-06-28,20.75,79.25,306.1,2.31,299.83
2023-06-28,20.75,79.5,308.36,1.42,300.61
2023-06-28,20.75,79.75,308.56,2.84,299.47
2023-06-28,21.0,78.75,306.81,5.81,300.02
2023-06-28,21.0,79.0,308.12,2.16,300.81
2023-06-28,21.0,79.25,309.8,2.39,300.44
2023-06-28,21.0,79.5,307.86,4.55,300.54
2023-06-28,21.0,79.75,307.77,2.38,300.25
2023-06-28,21.25,78.75,310.43,3.29,300.81
2023-06-28,21.25,79.0,309.32,2.25,299.63
2023-06-28,21.25,79.25,309.7,4.98,300.6
2023-06-28,21.25,79.5,305.42,2.98,299.66
2023-06-28,21.25,79.75,309.69,2.06,300.15
2023-06-28,21.5,78.75,307.57,2.6,300.93
2023-06-28,21.5,79.0,310.78,1.7,299.86
2023-06-28,21.5,79.25,306.74,3.4,300.39
2023-06-28,21.5,79.5,308.65,1.59,299.78
2023-06-28,21.5,79.75,305.06,1.91,299.72
2023-06-28,21.75,78.75,308.78,1.49,299.89
2023-06-28,21.75,79.0,309.41,3.31,300.29
2023-06-28,21.75,79.25,311.49,10.5,299.32
2023-06-28,21.75,79.5,307.67,3.9,300.73
2023-06-28,21.75,79.75,307.28,3.32,299.97
2023-06-29,20.75,78.75,305.84,3.49,300.76
2023-06-29,20.75,79.0,307.6,3.06,300.86
2023-06-29,20.75,79.25,308.65,3.12,300.18
2023-06-29,20.75,79.5,307.96,2.82,300.01
2023-06-29,20.75,79.75,309.13,5.02,300.06
2023-06-29,21.0,78.75,308.92,3.23,298.21
2023-06-29,21.0,79.0,307.62,2.03,299.19
2023-06-29,21.0,79.25,304.1,3.85,300.6
2023-06-29,21.0,79.5,308.07,4.17,301.09
2023-06-29,21.0,79.75,310.22,3.17,299.37
2023-06-29,21.25,78.75,308.63,1.95,300.39
2023-06-29,21.25,79.0,306.81,3.94,300.11
2023-06-29,21.25,79.25,308.62,7.45,299.03
2023-06-29,21.25,79.5,306.11,1.69,300.58
2023-06-29,21.25,79.75,305.73,4.55,300.12
2023-06-29,21.5,78.75,307.89,2.32,299.31
2023-06-29,21.5,79.0,308.23,6.83,300.26
2023-06-29,21.5,79.25,305.97,1.75,299.81
2023-06-29,21.5,79.5,307.94,5.05,299.99
2023-06-29,21.5,79.75,310.12,3.59,299.63
2023-06-29,21.75,78.75,309.44,2.5,300.31
2023-06-29,21.75,79.0,306.57,3.2,300.48
2023-06-29,21.75,79.25,306.89,1.71,299.92
2023-06-29,21.75,79.5,310.8,3.77,299.62
2023-06-29,21.75,79.75,311.81,1.95,301.14
2023-06-30,20.75,78.75,309.72,6.99,299.76
2023-06-30,20.75,79.0,309.44,5.17,300.18
2023-06-30,20.75,79.25,307.03,3.14,300.18
2023-06-30,20.75,79.5,308.2,12.65,299.61
2023-06-30,20.75,79.75,308.69,3.93,301.14
2023-06-30,21.0,78.75,308.77,4.01,299.74
2023-06-30,21.0,79.0,308.29,1.59,299.79
2023-06-30,21.0,79.25,308.06,2.1,301.43
2023-06-30,21.0,79.5,311.94,1.51,300.44
2023-06-30,21.0,79.75,307.66,3.56,299.41
2023-06-30,21.25,78.75,306.35,2.59,299.91
2023-06-30,21.25,79.0,308.41,3.95,299.79
2023-06-30,21.25,79.25,307.72,4.3,300.05
2023-06-30,21.25,79.5,308.32,4.85,299.9
2023-06-30,21.25,79.75,309.1,4.14,300.85
2023-06-30,21.5,78.75,307.6,4.46,300.33
2023-06-30,21.5,79.0,308.02,1.97,300.02
2023-06-30,21.5,79.25,311.1,2.81,298.86
2023-06-30,21.5,79.5,312.78,1.92,299.05
2023-06-30,21.5,79.75,308.14,4.36,300.22
2023-06-30,21.75,78.75,308.63,5.51,300.03
2023-06-30,21.75,79.0,309.47,4.77,300.85
2023-06-30,21.75,79.25,308.99,2.98,299.9
2023-06-30,21.75,79.5,308.07,2.16,300.33
2023-06-30,21.75,79.75,308.99,1.88,299.91
2023-07-01,20.75,78.75,307.4,2.33,299.71
2023-07-01,20.75,79.0,304.95,2.56,301.23
2023-07-01,20.75,79.25,305.54,6.31,299.53
2023-07-01,20.75,79.5,306.53,2.47,299.73
2023-07-01,20.75,79.75,306.55,3.17,300.16
2023-07-01,21.0,78.75,306.65,3.53,299.59
2023-07-01,21.0,79.0,305.03,2.86,300.14
2023-07-01,21.0,79.25,309.96,6.45,300.22
2023-07-01,21.0,79.5,308.64,2.58,300.31
2023-07-01,21.0,79.75,308.54,5.45,300.15
2023-07-01,21.25,78.75,309.62,2.06,299.61
2023-07-01,21.25,79.0,309.15,2.08,299.82
2023-07-01,21.25,79.25,306.85,3.04,299.89
2023-07-01,21.25,79.5,309.5,2.56,300.49
2023-07-01,21.25,79.75,307.83,2.51,299.52
2023-07-01,21.5,78.75,306.33,2.72,300.88
2023-07-01,21.5,79.0,306.8,3.53,300.53
2023-07-01,21.5,79.25,311.14,4.57,299.59
2023-07-01,21.5,79.5,309.47,5.53,299.45
2023-07-01,21.5,79.75,308.87,6.13,300.18
2023-07-01,21.75,78.75,304.64,2.09,299.96
2023-07-01,21.75,79.0,308.09,1.79,299.95
2023-07-01,21.75,79.25,306.94,2.88,299.54
2023-07-01,21.75,79.5,307.04,4.84,300.12
2023-07-01,21.75,79.75,308.18,3.76,300.48
2023-07-02,20.75,78.75,307.46,6.83,301.23
2023-07-02,20.75,79.0,306.61,4.98,299.79
2023-07-02,20.75,79.25,306.93,2.56,300.46
2023-07-02,20.75,79.5,308.34,5.26,300.08
2023-07-02,20.75,79.75,309.96,2.12,300.07
2023-07-02,21.0,78.75,307.42,1.73,299.89
2023-07-02,21.0,79.0,311.74,3.81,299.34
2023-07-02,21.0,79.25,308.58,5.54,300.48
2023-07-02,21.0,79.5,308.76,4.13,300.18
2023-07-02,21.0,79.75,307.56,2.11,300.08
2023-07-02,21.25,78.75,307.76,3.72,300.03
2023-07-02,21.25,79.0,309.52,7.21,299.97
2023-07-02,21.25,79.25,307.78,2.57,300.11
2023-07-02,21.25,79.5,309.52,3.3,299.16
2023-07-02,21.25,79.75,310.08,3.84,300.35
2023-07-02,21.5,78.75,308.51,1.92,300.62
2023-07-02,21.5,79.0,308.04,3.2,300.52
2023-07-02,21.5,79.25,305.37,3.26,299.65
2023-07-02,21.5,79.5,307.79,3.12,300.18
2023-07-02,21.5,79.75,308.47,2.52,299.68
2023-07-02,21.75,78.75,307.11,6.55,300.19
2023-07-02,21.75,79.0,306.39,6.09,300.92
2023-07-02,21.75,79.25,310.16,2.73,299.55
2023-07-02,21.75,79.5,309.98,2.21,299.05
2023-07-02,21.75,79.75,305.72,1.81,300.36
2023-07-03,20.75,78.75,308.68,3.63,299.59
2023-07-03,20.75,79.0,306.75,2.53,299.92
2023-07-03,20.75,79.25,308.14,5.59,299.77
2023-07-03,20.75,79.5,307.17,3.91,300.66
2023-07-03,20.75,79.75,308.45,2.71,300.16
2023-07-03,21.0,78.75,307.59,1.92,300.5
2023-07-03,21.0,79.0,307.0,4.42,300.1
2023-07-03,21.0,79.25,306.82,2.33,300.46
2023-07-03,21.0,79.5,307.47,1.99,300.32
2023-07-03,21.0,79.75,309.35,2.19,300.54
2023-07-03,21.25,78.75,307.58,2.9,300.43
2023-07-03,21.25,79.0,309.56,2.62,301.54
2023-07-03,21.25,79.25,304.8,2.03,299.89
2023-07-03,21.25,79.5,305.97,5.72,300.37
2023-07-03,21.25,79.75,303.71,2.54,300.14
2023-07-03,21.5,78.75,307.52,2.17,300.08
2023-07-03,21.5,79.0,308.49,2.22,300.16
2023-07-03,21.5,79.25,305.83,3.68,300.34
2023-07-03,21.5,79.5,306.83,3.12,299.34
2023-07-03,21.5,79.75,308.62,5.19,300.19
2023-07-03,21.75,78.75,308.52,3.32,300.68
2023-07-03,21.75,79.0,308.54,2.45,299.73
2023-07-03,21.75,79.25,308.46,2.52,300.27
2023-07-03,21.75,79.5,310.1,2.41,300.9
2023-07-03,21.75,79.75,311.45,12.14,301.01
2023-07-04,20.75,78.75,309.2,1.86,300.0
2023-07-04,20.75,79.0,307.48,11.34,299.8
2023-07-04,20.75,79.25,309.65,3.54,300.52
2023-07-04,20.75,79.5,305.73,1.95,300.16
2023-07-04,20.75,79.75,310.61,3.53,300.31
2023-07-04,21.0,78.75,307.68,5.83,300.29
2023-07-04,21.0,79.0,308.81,2.88,299.99
2023-07-04,21.0,79.25,308.73,2.65,299.9
2023-07-04,21.0,79.5,307.25,2.29,300.28
2023-07-04,21.0,79.75,305.34,2.66,299.63
2023-07-04,21.25,78.75,307.94,2.68,300.52
2023-07-04,21.25,79.0,306.94,2.34,299.91
2023-07-04,21.25,79.25,306.83,2.78,298.49
2023-07-04,21.25,79.5,310.36,10.96,300.03
2023-07-04,21.25,79.75,308.92,2.23,299.38
2023-07-04,21.5,78.75,304.03,3.99,299.77
2023-07-04,21.5,79.0,308.54,1.86,300.09
2023-07-04,21.5,79.25,305.94,3.23,299.43
2023-07-04,21.5,79.5,307.57,4.17,300.15
2023-07-04,21.5,79.75,306.27,2.25,299.99
2023-07-04,21.75,78.75,307.35,1.93,299.14
2023-07-04,21.75,79.0,308.9,1.93,299.85
2023-07-04,21.75,79.25,306.99,2.16,299.79
2023-07-04,21.75,79.5,308.17,2.42,300.46
2023-07-04,21.75,79.75,308.8,2.4,299.53
2023-07-05,20.75,78.75,308.31,8.39,300.35
2023-07-05,20.75,79.0,305.57,4.16,299.73
2023-07-05,20.75,79.25,308.76,1.92,300.29
2023-07-05,20.75,79.5,311.35,4.74,300.51
2023-07-05,20.75,79.75,307.75,2.62,300.7
2023-07-05,21.0,78.75,305.33,7.04,299.95
2023-07-05,21.0,79.0,307.75,6.24,299.98
2023-07-05,21.0,79.25,309.12,2.41,299.42
2023-07-05,21.0,79.5,309.29,2.09,299.33
2023-07-05,21.0,79.75,307.65,2.3,299.82
2023-07-05,21.25,78.75,309.42,2.32,300.79
2023-07-05,21.25,79.0,310.15,3.72,299.47
2023-07-05,21.25,79.25,309.74,5.21,299.6
2023-07-05,21.25,79.5,308.81,7.67,299.69
2023-07-05,21.25,79.75,307.57,2.1,300.14
2023-07-05,21.5,78.75,307.06,4.57,300.24
2023-07-05,21.5,79.0,305.11,2.24,299.97
2023-07-05,21.5,79.25,307.84,2.05,299.82
2023-07-05,21.5,79.5,309.02,2.27,300.2
2023-07-05,21.5,79.75,307.31,2.37,300.11
2023-07-05,21.75,78.75,306.99,3.29,300.94
2023-07-05,21.75,79.0,308.36,1.72,300.39
2023-07-05,21.75,79.25,309.45,3.4,300.61
2023-07-05,21.75,79.5,309.41,3.58,299.82
2023-07-05,21.75,79.75,307.77,3.89,300.24
2023-07-06,20.75,78.75,305.05,1.78,300.46
2023-07-06,20.75,79.0,308.15,2.27,299.82
2023-07-06,20.75,79.25,305.61,3.36,300.66
2023-07-06,20.75,79.5,306.64,5.4,299.77
2023-07-06,20.75,79.75,308.18,2.76,299.69
2023-07-06,21.0,78.75,309.61,4.1,299.42
2023-07-06,21.0,79.0,307.85,3.6,299.48
2023-07-06,21.0,79.25,309.01,3.83,299.45
2023-07-06,21.0,79.5,305.89,1.86,300.24
2023-07-06,21.0,79.75,305.89,2.09,299.24
2023-07-06,21.25,78.75,305.77,3.51,299.9
2023-07-06,21.25,79.0,309.2,2.32,300.15
2023-07-06,21.25,79.25,307.6,2.0,300.54
2023-07-06,21.25,79.5,307.64,2.03,299.2
2023-07-06,21.25,79.75,308.79,2.65,300.13
2023-07-06,21.5,78.75,305.73,4.85,299.78
2023-07-06,21.5,79.0,306.25,2.76,300.57
2023-07-06,21.5,79.25,309.63,3.54,299.59
2023-07-06,21.5,79.5,308.93,2.45,300.13
2023-07-06,21.5,79.75,307.4,4.69,299.0
2023-07-06,21.75,78.75,309.95,4.44,300.57
2023-07-06,21.75,79.0,308.1,4.95,300.55
2023-07-06,21.75,79.25,308.68,4.46,300.0
2023-07-06,21.75,79.5,308.24,1.75,300.5
2023-07-06,21.75,79.75,308.27,5.31,300.89
2023-07-07,20.75,78.75,308.78,2.19,300.07
2023-07-07,20.75,79.0,305.9,6.25,299.72
2023-07-07,20.75,79.25,308.06,1.92,301.42
2023-07-07,20.75,79.5,306.93,1.75,300.28
2023-07-07,20.75,79.75,307.06,2.62,299.98
2023-07-07,21.0,78.75,309.6,1.8,299.75
2023-07-07,21.0,79.0,307.83,3.52,299.65
2023-07-07,21.0,79.25,308.7,2.2,300.07
2023-07-07,21.0,79.5,309.43,4.51,299.41
2023-07-07,21.0,79.75,311.41,1.87,300.57
2023-07-07,21.25,78.75,308.12,6.06,300.33
2023-07-07,21.25,79.0,305.51,4.32,300.7
2023-07-07,21.25,79.25,306.92,2.36,299.66
2023-07-07,21.25,79.5,307.67,3.96,299.85
2023-07-07,21.25,79.75,309.74,7.33,299.28
2023-07-07,21.5,78.75,307.01,4.21,299.04
2023-07-07,21.5,79.0,306.66,4.15,301.18
2023-07-07,21.5,79.25,305.35,4.22,300.02
2023-07-07,21.5,79.5,308.22,2.1,300.98
2023-07-07,21.5,79.75,307.86,3.46,300.75
2023-07-07,21.75,78.75,308.72,5.16,300.21
2023-07-07,21.75,79.0,310.34,3.12,300.09
2023-07-07,21.75,79.25,306.12,6.23,299.61
2023-07-07,21.75,79.5,308.22,6.2,300.22
2023-07-07,21.75,79.75,307.0,4.35,300.24
2023-07-08,20.75,78.75,308.0,6.93,300.35
2023-07-08,20.75,79.0,306.91,3.34,300.53
2023-07-08,20.75,79.25,306.04,3.87,299.97
2023-07-08,20.75,79.5,307.86,2.72,300.42
2023-07-08,20.75,79.75,308.21,1.92,300.53
2023-07-08,21.0,78.75,306.45,4.94,300.61
2023-07-08,21.0,79.0,309.76,4.87,300.18
2023-07-08,21.0,79.25,305.14,6.31,299.83
2023-07-08,21.0,79.5,308.89,6.94,299.28
2023-07-08,21.0,79.75,308.02,5.91,300.08
2023-07-08,21.25,78.75,308.66,2.27,299.8
2023-07-08,21.25,79.0,306.76,4.05,299.34
2023-07-08,21.25,79.25,308.14,6.46,300.19
2023-07-08,21.25,79.5,309.0,3.94,300.16
2023-07-08,21.25,79.75,307.59,7.99,300.53
2023-07-08,21.5,78.75,311.3,2.38,299.97
2023-07-08,21.5,79.0,309.64,2.34,300.6
2023-07-08,21.5,79.25,309.41,4.27,299.38
2023-07-08,21.5,79.5,305.98,4.69,300.28
2023-07-08,21.5,79.75,307.9,4.02,299.68
2023-07-08,21.75,78.75,307.2,3.55,300.02
2023-07-08,21.75,79.0,307.96,2.45,300.24
2023-07-08,21.75,79.25,305.62,5.2,299.77
2023-07-08,21.75,79.5,309.15,7.18,300.36
2023-07-08,21.75,79.75,308.41,2.89,300.12
2023-07-09,20.75,78.75,306.01,3.5,300.13
2023-07-09,20.75,79.0,309.09,5.03,300.62
2023-07-09,20.75,79.25,308.43,2.25,299.96
2023-07-09,20.75,79.5,308.89,2.57,300.14
2023-07-09,20.75,79.75,311.16,2.13,299.31
2023-07-09,21.0,78.75,308.21,5.19,299.41
2023-07-09,21.0,79.0,307.17,3.07,299.38
2023-07-09,21.0,79.25,307.97,5.88,300.19
2023-07-09,21.0,79.5,308.1,1.87,299.65
2023-07-09,21.0,79.75,308.0,2.77,299.1
2023-07-09,21.25,78.75,306.19,3.97,299.85
2023-07-09,21.25,79.0,307.87,4.0,300.2
2023-07-09,21.25,79.25,307.74,2.11,300.05
2023-07-09,21.25,79.5,309.19,4.51,300.31
2023-07-09,21.25,79.75,306.03,3.8,299.84
2023-07-09,21.5,78.75,306.76,4.96,300.98
2023-07-09,21.5,79.0,307.82,2.92,300.43
2023-07-09,21.5,79.25,307.17,2.98,300.17
2023-07-09,21.5,79.5,306.91,2.16,300.11
2023-07-09,21.5,79.75,305.78,4.9,299.67
2023-07-09,21.75,78.75,306.13,2.53,300.84
2023-07-09,21.75,79.0,307.77,8.48,300.29
2023-07-09,21.75,79.25,307.01,4.66,299.94
2023-07-09,21.75,79.5,308.42,2.79,300.22
2023-07-09,21.75,79.75,307.76,4.78,300.47
2023-07-10,20.75,78.75,306.29,3.0,300.46
2023-07-10,20.75,79.0,307.99,4.62,299.72
2023-07-10,20.75,79.25,306.92,7.22,299.95
2023-07-10,20.75,79.5,307.47,2.71,300.36
2023-07-10,20.75,79.75,306.81,2.66,300.25
2023-07-10,21.0,78.75,308.39,2.46,300.46
2023-07-10,21.0,79.0,306.94,2.24,299.89
2023-07-10,21.0,79.25,305.41,2.84,300.13
2023-07-10,21.0,79.5,307.97,2.19,299.99
2023-07-10,21.0,79.75,308.37,5.63,299.82
2023-07-10,21.25,78.75,307.29,2.43,300.38
2023-07-10,21.25,79.0,307.77,4.12,300.25
2023-07-10,21.25,79.25,309.31,4.35,300.68
2023-07-10,21.25,79.5,307.57,2.31,299.41
2023-07-10,21.25,79.75,310.37,2.2,300.06
2023-07-10,21.5,78.75,309.06,3.78,300.37
2023-07-10,21.5,79.0,307.62,3.21,300.26
2023-07-10,21.5,79.25,308.47,3.95,299.4
2023-07-10,21.5,79.5,306.48,9.15,299.92
2023-07-10,21.5,79.75,303.35,3.72,300.97
2023-07-10,21.75,78.75,307.37,2.01,299.89
2023-07-10,21.75,79.0,309.88,2.73,299.68
2023-07-10,21.75,79.25,312.36,2.49,299.49
2023-07-10,21.75,79.5,306.28,2.17,299.31
2023-07-10,21.75,79.75,307.48,2.71,300.32
2023-07-11,20.75,78.75,311.41,4.02,299.74
2023-07-11,20.75,79.0,308.34,3.4,300.26
2023-07-11,20.75,79.25,309.93,2.62,300.2
2023-07-11,20.75,79.5,306.55,2.16,299.85
2023-07-11,20.75,79.75,306.82,4.0,299.81
2023-07-11,21.0,78.75,308.05,2.49,300.15
2023-07-11,21.0,79.0,307.09,2.61,300.2
2023-07-11,21.0,79.25,308.02,3.58,299.89
2023-07-11,21.0,79.5,310.71,3.25,299.94
2023-07-11,21.0,79.75,309.01,3.14,300.21
2023-07-11,21.25,78.75,304.19,2.66,300.28
2023-07-11,21.25,79.0,305.8,2.71,301.14
2023-07-11,21.25,79.25,307.14,7.13,299.24
2023-07-11,21.25,79.5,311.17,6.93,300.12
2023-07-11,21.25,79.75,309.8,4.75,299.62
2023-07-11,21.5,78.75,307.49,3.56,300.8
2023-07-11,21.5,79.0,307.79,6.33,299.55
2023-07-11,21.5,79.25,306.7,3.08,299.76
2023-07-11,21.5,79.5,306.14,11.65,301.24
2023-07-11,21.5,79.75,308.58,3.93,300.1
2023-07-11,21.75,78.75,306.7,2.72,299.31
2023-07-11,21.75,79.0,306.7,2.35,300.39
2023-07-11,21.75,79.25,307.64,2.84,300.0
2023-07-11,21.75,79.5,309.57,4.08,299.38
2023-07-11,21.75,79.75,305.45,5.47,299.83
2023-07-12,20.75,78.75,309.05,4.98,299.43
2023-07-12,20.75,79.0,308.3,3.42,300.65
2023-07-12,20.75,79.25,307.9,2.95,299.34
2023-07-12,20.75,79.5,306.41,2.58,300.49
2023-07-12,20.75,79.75,306.69,3.46,300.02
2023-07-12,21.0,78.75,306.76,2.3,299.58
2023-07-12,21.0,79.0,308.45,3.69,300.52
2023-07-12,21.0,79.25,306.68,2.65,299.91
2023-07-12,21.0,79.5,309.24,2.24,299.87
2023-07-12,21.0,79.75,306.09,8.22,300.42
2023-07-12,21.25,78.75,305.81,3.29,300.38
2023-07-12,21.25,79.0,309.83,5.63,300.2
2023-07-12,21.25,79.25,307.66,4.71,299.82
2023-07-12,21.25,79.5,309.43,3.4,299.66
2023-07-12,21.25,79.75,307.58,5.33,299.92
2023-07-12,21.5,78.75,309.58,1.94,300.5
2023-07-12,21.5,79.0,308.26,2.35,299.46
2023-07-12,21.5,79.25,304.31,15.07,300.18
2023-07-12,21.5,79.5,305.72,3.44,300.43
2023-07-12,21.5,79.75,309.85,3.42,299.97
2023-07-12,21.75,78.75,306.98,4.29,300.53
2023-07-12,21.75,79.0,309.48,2.79,300.13
2023-07-12,21.75,79.25,307.39,4.01,300.22
2023-07-12,21.75,79.5,305.53,4.34,300.05
2023-07-12,21.75,79.75,309.89,9.05,300.76
2023-07-13,20.75,78.75,307.06,2.24,300.62
2023-07-13,20.75,79.0,306.88,4.58,299.69
2023-07-13,20.75,79.25,308.89,3.65,299.94
2023-07-13,20.75,79.5,310.65,3.58,299.99
2023-07-13,20.75,79.75,306.87,2.01,299.5
2023-07-13,21.0,78.75,310.68,3.65,300.18
2023-07-13,21.0,79.0,309.36,6.73,299.65
2023-07-13,21.0,79.25,305.3,1.9,300.09
2023-07-13,21.0,79.5,307.17,4.57,299.99
2023-07-13,21.0,79.75,308.25,3.58,299.77
2023-07-13,21.25,78.75,305.46,2.26,300.1
2023-07-13,21.25,79.0,308.6,2.63,300.27
2023-07-13,21.25,79.25,308.91,3.39,299.31
2023-07-13,21.25,79.5,307.04,3.05,300.1
2023-07-13,21.25,79.75,309.35,2.5,300.67
2023-07-13,21.5,78.75,307.16,2.16,299.86
2023-07-13,21.5,79.0,309.25,2.82,299.55
2023-07-13,21.5,79.25,310.19,3.2,300.16
2023-07-13,21.5,79.5,308.46,3.53,301.21
2023-07-13,21.5,79.75,307.43,2.04,299.59
2023-07-13,21.75,78.75,307.83,2.64,300.49
2023-07-13,21.75,79.0,303.96,6.56,300.66
2023-07-13,21.75,79.25,309.88,3.29,299.92
2023-07-13,21.75,79.5,307.44,5.61,300.56
2023-07-13,21.75,79.75,306.27,2.46,300.04
2023-07-14,20.75,78.75,304.19,3.83,300.82
2023-07-14,20.75,79.0,310.39,6.68,299.99
2023-07-14,20.75,79.25,309.72,5.31,299.9
2023-07-14,20.75,79.5,306.41,4.25,300.02
2023-07-14,20.75,79.75,306.12,3.72,299.77
2023-07-14,21.0,78.75,308.37,3.07,300.0
2023-07-14,21.0,79.0,308.05,2.94,300.13
2023-07-14,21.0,79.25,305.19,3.82,300.31
2023-07-14,21.0,79.5,309.13,2.9,299.89
2023-07-14,21.0,79.75,305.4,3.41,299.43
2023-07-14,21.25,78.75,308.55,2.32,299.78
2023-07-14,21.25,79.0,302.84,3.03,300.49
2023-07-14,21.25,79.25,308.3,2.81,300.33
2023-07-14,21.25,79.5,307.56,2.6,299.31
2023-07-14,21.25,79.75,304.26,3.98,299.75
2023-07-14,21.5,78.75,308.34,4.26,299.65
2023-07-14,21.5,79.0,309.63,2.03,300.56
2023-07-14,21.5,79.25,307.3,1.99,299.57
2023-07-14,21.5,79.5,310.07,1.99,300.55
2023-07-14,21.5,79.75,307.28,2.25,298.61
2023-07-14,21.75,78.75,307.57,4.9,300.13
2023-07-14,21.75,79.0,307.06,3.04,300.09
2023-07-14,21.75,79.25,308.46,3.08,300.15
2023-07-14,21.75,79.5,308.73,4.57,299.97
2023-07-14,21.75,79.75,307.21,4.17,299.2
2023-07-15,20.75,78.75,304.81,3.13,300.43
2023-07-15,20.75,79.0,307.76,2.52,301.3
2023-07-15,20.75,79.25,307.4,2.07,300.11
2023-07-15,20.75,79.5,307.47,2.23,299.26
2023-07-15,20.75,79.75,306.39,4.99,300.0
2023-07-15,21.0,78.75,304.29,4.22,300.07
2023-07-15,21.0,79.0,306.93,3.11,300.27
2023-07-15,21.0,79.25,306.72,3.87,300.65
2023-07-15,21.0,79.5,308.59,1.93,299.61
2023-07-15,21.0,79.75,309.55,1.94,300.35
2023-07-15,21.25,78.75,308.4,7.98,299.72
2023-07-15,21.25,79.0,305.88,3.18,300.66
2023-07-15,21.25,79.25,307.11,1.97,299.95
2023-07-15,21.25,79.5,308.68,4.5,299.94
2023-07-15,21.25,79.75,308.65,6.83,299.97
2023-07-15,21.5,78.75,307.17,5.74,299.95
2023-07-15,21.5,79.0,309.17,3.81,301.27
2023-07-15,21.5,79.25,305.18,5.82,300.58
2023-07-15,21.5,79.5,307.22,3.74,300.05
2023-07-15,21.5,79.75,305.31,5.28,300.47
2023-07-15,21.75,78.75,307.02,3.76,300.05
2023-07-15,21.75,79.0,307.72,3.19,299.39
2023-07-15,21.75,79.25,306.54,3.39,299.16
2023-07-15,21.75,79.5,305.48,2.36,299.41
2023-07-15,21.75,79.75,308.56,3.24,300.35
2023-07-16,20.75,78.75,309.79,2.79,300.17
2023-07-16,20.75,79.0,307.57,3.87,299.78
2023-07-16,20.75,79.25,311.83,5.82,300.26
2023-07-16,20.75,79.5,307.2,2.28,300.22
2023-07-16,20.75,79.75,308.31,3.51,299.9
2023-07-16,21.0,78.75,307.81,2.47,298.78
2023-07-16,21.0,79.0,310.23,3.33,299.17
2023-07-16,21.0,79.25,308.09,2.34,299.58
2023-07-16,21.0,79.5,308.64,5.04,300.59
2023-07-16,21.0,79.75,305.96,2.1,299.73
2023-07-16,21.25,78.75,309.23,6.55,300.76
2023-07-16,21.25,79.0,308.05,6.28,300.26
2023-07-16,21.25,79.25,306.29,2.44,299.94
2023-07-16,21.25,79.5,308.78,12.04,299.36
2023-07-16,21.25,79.75,305.22,2.02,300.12
2023-07-16,21.5,78.75,307.98,6.51,300.13
2023-07-16,21.5,79.0,308.81,3.45,301.31
2023-07-16,21.5,79.25,307.62,2.3,299.83
2023-07-16,21.5,79.5,308.09,3.7,299.65
2023-07-16,21.5,79.75,306.84,2.83,299.57
2023-07-16,21.75,78.75,305.45,2.12,300.13
2023-07-16,21.75,79.0,308.98,3.3,300.01
2023-07-16,21.75,79.25,307.74,2.04,299.32
2023-07-16,21.75,79.5,305.8,3.93,299.63
2023-07-16,21.75,79.75,305.13,3.76,300.62
2023-07-17,20.75,78.75,308.44,4.31,300.03
2023-07-17,20.75,79.0,306.88,3.27,300.48
2023-07-17,20.75,79.25,307.71,3.56,300.06
2023-07-17,20.75,79.5,304.95,3.66,300.86
2023-07-17,20.75,79.75,307.95,5.34,298.99
2023-07-17,21.0,78.75,307.14,2.02,300.03
2023-07-17,21.0,79.0,308.27,10.28,300.67
2023-07-17,21.0,79.25,306.87,3.76,300.98
2023-07-17,21.0,79.5,307.99,6.53,300.25
2023-07-17,21.0,79.75,308.56,2.06,298.87
2023-07-17,21.25,78.75,306.16,3.71,300.14
2023-07-17,21.25,79.0,306.61,4.28,299.88
2023-07-17,21.25,79.25,307.95,4.21,300.53
2023-07-17,21.25,79.5,310.22,4.7,301.27
2023-07-17,21.25,79.75,304.62,3.26,299.65
2023-07-17,21.5,78.75,307.51,2.5,299.86
2023-07-17,21.5,79.0,308.95,9.82,299.12
2023-07-17,21.5,79.25,306.84,3.36,299.68
2023-07-17,21.5,79.5,305.62,7.8,300.77
2023-07-17,21.5,79.75,308.69,4.36,299.15
2023-07-17,21.75,78.75,306.72,3.28,300.44
2023-07-17,21.75,79.0,305.11,2.76,300.72
2023-07-17,21.75,79.25,303.73,4.87,299.74
2023-07-17,21.75,79.5,308.78,7.66,299.94
2023-07-17,21.75,79.75,306.35,6.64,300.08
2023-07-18,20.75,78.75,307.46,4.27,299.86
2023-07-18,20.75,79.0,305.42,2.5,299.61
2023-07-18,20.75,79.25,307.49,4.23,300.27
2023-07-18,20.75,79.5,309.22,3.64,300.58
2023-07-18,20.75,79.75,307.56,2.0,300.69
2023-07-18,21.0,78.75,306.34,3.03,299.82
2023-07-18,21.0,79.0,305.25,3.94,300.15
2023-07-18,21.0,79.25,307.37,5.13,300.23
2023-07-18,21.0,79.5,304.16,3.11,300.31
2023-07-18,21.0,79.75,312.36,3.48,299.71
2023-07-18,21.25,78.75,305.82,4.04,300.1
2023-07-18,21.25,79.0,307.37,3.44,300.33
2023-07-18,21.25,79.25,306.7,5.56,299.79
2023-07-18,21.25,79.5,303.71,2.77,299.18
2023-07-18,21.25,79.75,308.25,4.13,300.48
2023-07-18,21.5,78.75,309.04,2.32,300.83
2023-07-18,21.5,79.0,307.29,2.52,299.87
2023-07-18,21.5,79.25,307.24,5.01,300.69
2023-07-18,21.5,79.5,307.19,2.16,299.43
2023-07-18,21.5,79.75,306.17,2.06,299.88
2023-07-18,21.75,78.75,307.34,2.23,300.32
2023-07-18,21.75,79.0,310.91,8.78,299.11
2023-07-18,21.75,79.25,307.91,2.0,299.46
2023-07-18,21.75,79.5,307.91,4.26,300.62
2023-07-18,21.75,79.75,306.72,3.73,300.2
2023-07-19,20.75,78.75,309.07,8.38,300.21
2023-07-19,20.75,79.0,305.67,2.64,301.2
2023-07-19,20.75,79.25,308.45,3.21,299.87
2023-07-19,20.75,79.5,308.28,2.17,299.25
2023-07-19,20.75,79.75,307.27,3.93,300.33
2023-07-19,21.0,78.75,308.39,2.92,299.91
2023-07-19,21.0,79.0,306.45,2.3,299.71
2023-07-19,21.0,79.25,306.48,5.26,300.17
2023-07-19,21.0,79.5,305.99,4.59,300.18
2023-07-19,21.0,79.75,308.76,4.52,300.41
2023-07-19,21.25,78.75,306.61,3.34,300.89
2023-07-19,21.25,79.0,305.65,4.37,299.81
2023-07-19,21.25,79.25,304.43,2.43,299.6
2023-07-19,21.25,79.5,308.74,3.34,300.05
2023-07-19,21.25,79.75,306.46,2.78,300.11
2023-07-19,21.5,78.75,310.71,6.49,299.29
2023-07-19,21.5,79.0,307.65,3.01,300.42
2023-07-19,21.5,79.25,305.84,2.5,300.09
2023-07-19,21.5,79.5,309.81,2.48,300.68
2023-07-19,21.5,79.75,307.94,2.33,300.2
2023-07-19,21.75,78.75,306.15,2.64,299.9
2023-07-19,21.75,79.0,306.65,8.62,300.33
2023-07-19,21.75,79.25,306.36,4.52,299.16
2023-07-19,21.75,79.5,307.3,2.55,300.58
2023-07-19,21.75,79.75,308.15,2.79,301.13
2023-07-20,20.75,78.75,308.91,3.2,300.4
2023-07-20,20.75,79.0,308.61,2.16,300.58
2023-07-20,20.75,79.25,310.58,7.89,300.27
2023-07-20,20.75,79.5,308.94,3.23,299.95
2023-07-20,20.75,79.75,305.46,2.76,299.71
2023-07-20,21.0,78.75,304.83,4.19,300.62
2023-07-20,21.0,79.0,305.25,2.15,299.25
2023-07-20,21.0,79.25,306.16,3.85,300.46
2023-07-20,21.0,79.5,307.57,6.5,299.94
2023-07-20,21.0,79.75,307.96,2.78,300.9
2023-07-20,21.25,78.75,306.38,2.72,299.56
2023-07-20,21.25,79.0,306.62,2.76,300.63
2023-07-20,21.25,79.25,307.72,2.58,300.83
2023-07-20,21.25,79.5,306.2,7.26,299.91
2023-07-20,21.25,79.75,305.88,6.1,300.06
2023-07-20,21.5,78.75,307.9,2.88,299.53
2023-07-20,21.5,79.0,306.51,2.3,299.39
2023-07-20,21.5,79.25,309.18,3.81,300.04
2023-07-20,21.5,79.5,305.22,3.16,299.94
2023-07-20,21.5,79.75,310.32,4.04,300.57
2023-07-20,21.75,78.75,308.71,4.2,300.38
2023-07-20,21.75,79.0,304.75,3.16,299.69
2023-07-20,21.75,79.25,305.33,4.01,300.14
2023-07-20,21.75,79.5,308.43,5.14,300.6
2023-07-20,21.75,79.75,305.94,2.18,300.01
2023-07-21,20.75,78.75,304.58,3.89,299.22
2023-07-21,20.75,79.0,307.23,3.81,299.66
2023-07-21,20.75,79.25,307.32,2.8,300.56
2023-07-21,20.75,79.5,305.99,4.37,299.91
2023-07-21,20.75,79.75,306.47,6.37,299.85
2023-07-21,21.0,78.75,306.95,2.32,299.64
2023-07-21,21.0,79.0,309.67,4.44,300.76
2023-07-21,21.0,79.25,305.65,2.62,299.57
2023-07-21,21.0,79.5,304.87,3.56,300.06
2023-07-21,21.0,79.75,307.53,4.24,300.09
2023-07-21,21.25,78.75,309.09,3.87,300.48
2023-07-21,21.25,79.0,305.3,2.67,300.22
2023-07-21,21.25,79.25,306.11,2.22,300.56
2023-07-21,21.25,79.5,308.02,2.94,299.03
2023-07-21,21.25,79.75,308.01,3.66,299.79
2023-07-21,21.5,78.75,307.7,6.3,300.34
2023-07-21,21.5,79.0,307.12,3.47,299.93
2023-07-21,21.5,79.25,307.42,3.71,300.63
2023-07-21,21.5,79.5,308.1,5.75,300.68
2023-07-21,21.5,79.75,309.43,6.04,300.42
2023-07-21,21.75,78.75,308.15,6.52,300.79
2023-07-21,21.75,79.0,309.49,2.25,300.69
2023-07-21,21.75,79.25,308.58,2.43,301.0
2023-07-21,21.75,79.5,304.9,4.51,300.06
2023-07-21,21.75,79.75,310.21,3.1,299.37
2023-07-22,20.75,78.75,308.32,3.63,299.9
2023-07-22,20.75,79.0,307.13,3.14,300.56
2023-07-22,20.75,79.25,306.88,3.44,300.48
2023-07-22,20.75,79.5,308.14,3.92,299.73
2023-07-22,20.75,79.75,308.73,2.04,299.87
2023-07-22,21.0,78.75,309.13,5.43,300.51
2023-07-22,21.0,79.0,305.48,4.64,299.44
2023-07-22,21.0,79.25,304.49,2.38,300.75
2023-07-22,21.0,79.5,306.88,2.19,300.45
2023-07-22,21.0,79.75,307.81,2.99,301.21
2023-07-22,21.25,78.75,306.73,2.62,299.67
2023-07-22,21.25,79.0,309.63,4.72,300.82
2023-07-22,21.25,79.25,305.14,4.66,299.8
2023-07-22,21.25,79.5,308.61,2.83,299.29
2023-07-22,21.25,79.75,306.31,8.63,300.11
2023-07-22,21.5,78.75,307.52,2.42,300.18
2023-07-22,21.5,79.0,306.29,2.38,299.85
2023-07-22,21.5,79.25,306.77,3.36,299.38
2023-07-22,21.5,79.5,306.3,4.88,299.78
2023-07-22,21.5,79.75,304.62,2.59,299.3
2023-07-22,21.75,78.75,308.53,7.61,299.96
2023-07-22,21.75,79.0,308.45,3.08,299.71
2023-07-22,21.75,79.25,306.43,3.77,299.81
2023-07-22,21.75,79.5,309.59,2.3,300.78
2023-07-22,21.75,79.75,310.95,3.79,300.17
2023-07-23,20.75,78.75,308.31,2.74,300.12
2023-07-23,20.75,79.0,307.39,6.53,299.51
2023-07-23,20.75,79.25,307.77,4.24,300.14
2023-07-23,20.75,79.5,307.58,4.25,299.48
2023-07-23,20.75,79.75,307.4,3.74,300.35
2023-07-23,21.0,78.75,307.07,2.44,300.09
2023-07-23,21.0,79.0,304.85,2.44,300.26
2023-07-23,21.0,79.25,306.03,8.19,300.15
2023-07-23,21.0,79.5,306.51,5.01,300.84
2023-07-23,21.0,79.75,307.47,3.66,300.69
2023-07-23,21.25,78.75,309.34,3.65,299.86
2023-07-23,21.25,79.0,306.57,2.54,300.53
2023-07-23,21.25,79.25,305.91,5.79,300.15
2023-07-23,21.25,79.5,307.36,2.61,299.77
2023-07-23,21.25,79.75,307.94,7.47,299.77
2023-07-23,21.5,78.75,306.41,2.51,299.5
2023-07-23,21.5,79.0,307.87,5.81,300.05
2023-07-23,21.5,79.25,308.19,3.58,300.61
2023-07-23,21.5,79.5,304.27,4.35,299.77
2023-07-23,21.5,79.75,307.09,2.2,299.4
2023-07-23,21.75,78.75,309.64,2.58,300.22
2023-07-23,21.75,79.0,305.0,2.71,300.24
2023-07-23,21.75,79.25,308.71,6.44,300.38
2023-07-23,21.75,79.5,306.81,4.32,300.16
2023-07-23,21.75,79.75,306.41,6.11,300.94
2023-07-24,20.75,78.75,305.72,2.97,300.02
2023-07-24,20.75,79.0,307.49,2.79,299.5
2023-07-24,20.75,79.25,307.93,2.57,300.88
2023-07-24,20.75,79.5,305.91,2.13,299.05
2023-07-24,20.75,79.75,305.36,2.17,299.49
2023-07-24,21.0,78.75,307.69,2.33,300.05
2023-07-24,21.0,79.0,308.69,6.48,299.98
2023-07-24,21.0,79.25,303.73,2.37,300.28
2023-07-24,21.0,79.5,305.62,3.47,300.24
2023-07-24,21.0,79.75,307.64,2.23,299.6
2023-07-24,21.25,78.75,307.98,5.41,299.48
2023-07-24,21.25,79.0,305.76,3.85,299.78
2023-07-24,21.25,79.25,308.5,5.1,300.84
2023-07-24,21.25,79.5,306.15,2.11,300.11
2023-07-24,21.25,79.75,307.9,4.06,299.41
2023-07-24,21.5,78.75,308.02,6.81,299.82
2023-07-24,21.5,79.0,306.38,2.42,300.53
2023-07-24,21.5,79.25,308.13,2.45,300.3
2023-07-24,21.5,79.5,306.28,3.66,299.27
2023-07-24,21.5,79.75,307.55,4.26,300.46
2023-07-24,21.75,78.75,307.19,7.21,301.46
2023-07-24,21.75,79.0,306.18,2.15,299.85
2023-07-24,21.75,79.25,309.91,2.49,300.67
2023-07-24,21.75,79.5,305.13,2.83,300.57
2023-07-24,21.75,79.75,309.83,7.23,299.11
2023-07-25,20.75,78.75,305.38,2.24,299.92
2023-07-25,20.75,79.0,306.79,2.93,300.55
2023-07-25,20.75,79.25,305.23,11.54,299.71
2023-07-25,20.75,79.5,309.3,8.02,299.69
2023-07-25,20.75,79.75,306.57,4.69,300.54
2023-07-25,21.0,78.75,306.03,2.61,299.5
2023-07-25,21.0,79.0,306.13,3.65,299.52
2023-07-25,21.0,79.25,305.92,4.06,300.67
2023-07-25,21.0,79.5,306.87,3.06,300.69
2023-07-25,21.0,79.75,307.4,2.75,299.95
2023-07-25,21.25,78.75,308.14,2.69,300.14
2023-07-25,21.25,79.0,303.76,4.01,300.27
2023-07-25,21.25,79.25,307.44,4.41,300.19
2023-07-25,21.25,79.5,306.99,2.26,299.61
2023-07-25,21.25,79.75,306.23,3.62,299.41
2023-07-25,21.5,78.75,307.44,5.37,300.07
2023-07-25,21.5,79.0,307.5,2.75,300.57
2023-07-25,21.5,79.25,308.89,5.87,300.3
2023-07-25,21.5,79.5,306.18,8.16,300.11
2023-07-25,21.5,79.75,306.65,4.12,299.33
2023-07-25,21.75,78.75,309.5,4.08,300.94
2023-07-25,21.75,79.0,306.99,3.07,298.73
2023-07-25,21.75,79.25,306.31,3.56,300.02
2023-07-25,21.75,79.5,308.96,2.54,300.17
2023-07-25,21.75,79.75,306.78,4.01,300.86
2023-07-26,20.75,78.75,306.71,3.15,300.62
2023-07-26,20.75,79.0,306.96,2.6,300.03
2023-07-26,20.75,79.25,308.96,4.52,299.97
2023-07-26,20.75,79.5,303.69,3.18,300.22
2023-07-26,20.75,79.75,308.18,3.02,300.44
2023-07-26,21.0,78.75,307.69,2.28,299.82
2023-07-26,21.0,79.0,306.99,5.02,300.37
2023-07-26,21.0,79.25,306.66,5.32,300.42
2023-07-26,21.0,79.5,308.23,2.97,299.78
2023-07-26,21.0,79.75,305.53,2.53,299.65
2023-07-26,21.25,78.75,306.2,3.87,299.53
2023-07-26,21.25,79.0,307.62,3.18,299.11
2023-07-26,21.25,79.25,306.52,2.06,299.78
2023-07-26,21.25,79.5,305.82,2.06,300.18
2023-07-26,21.25,79.75,306.39,2.01,299.91
2023-07-26,21.5,78.75,306.09,2.86,300.36
2023-07-26,21.5,79.0,306.99,2.56,299.93
2023-07-26,21.5,79.25,308.62,3.62,299.83
2023-07-26,21.5,79.5,306.89,3.59,299.92
2023-07-26,21.5,79.75,305.27,2.84,300.37
2023-07-26,21.75,78.75,305.01,2.19,300.18
2023-07-26,21.75,79.0,307.33,8.38,301.42
2023-07-26,21.75,79.25,306.76,2.34,300.65
2023-07-26,21.75,79.5,305.99,2.13,300.25
2023-07-26,21.75,79.75,306.52,2.52,300.66
2023-07-27,20.75,78.75,306.63,2.28,300.64
2023-07-27,20.75,79.0,305.2,2.62,299.05
2023-07-27,20.75,79.25,305.76,10.2,300.09
2023-07-27,20.75,79.5,305.36,2.36,299.77
2023-07-27,20.75,79.75,308.37,3.4,299.03
2023-07-27,21.0,78.75,307.5,4.96,300.36
2023-07-27,21.0,79.0,307.5,3.84,300.82
2023-07-27,21.0,79.25,307.73,4.25,299.68
2023-07-27,21.0,79.5,305.96,3.18,300.13
2023-07-27,21.0,79.75,310.55,2.98,300.51
2023-07-27,21.25,78.75,307.17,2.02,300.1
2023-07-27,21.25,79.0,309.73,2.04,299.46
2023-07-27,21.25,79.25,308.16,6.95,300.55
2023-07-27,21.25,79.5,309.64,8.9,300.69
2023-07-27,21.25,79.75,306.28,2.06,300.0
2023-07-27,21.5,78.75,306.46,2.75,299.38
2023-07-27,21.5,79.0,306.56,5.05,300.69
2023-07-27,21.5,79.25,309.04,2.25,300.04
2023-07-27,21.5,79.5,308.7,2.29,299.72
2023-07-27,21.5,79.75,305.18,6.81,300.16
2023-07-27,21.75,78.75,306.42,6.26,300.47
2023-07-27,21.75,79.0,307.39,2.67,299.84
2023-07-27,21.75,79.25,308.49,3.7,299.62
2023-07-27,21.75,79.5,309.17,2.77,300.6
2023-07-27,21.75,79.75,306.44,4.95,300.07
2023-07-28,20.75,78.75,306.46,2.42,299.83
2023-07-28,20.75,79.0,304.52,8.27,299.84
2023-07-28,20.75,79.25,304.79,2.36,300.42
2023-07-28,20.75,79.5,306.28,4.48,299.8
2023-07-28,20.75,79.75,305.98,3.91,299.41
2023-07-28,21.0,78.75,307.91,4.3,300.19
2023-07-28,21.0,79.0,307.48,6.92,299.82
2023-07-28,21.0,79.25,305.81,3.17,300.96
2023-07-28,21.0,79.5,305.23,2.39,300.42
2023-07-28,21.0,79.75,306.44,2.78,300.52
2023-07-28,21.25,78.75,304.54,2.66,299.85
2023-07-28,21.25,79.0,305.86,2.2,298.9
2023-07-28,21.25,79.25,306.28,2.13,300.18
2023-07-28,21.25,79.5,307.74,6.42,300.57
2023-07-28,21.25,79.75,305.84,2.27,300.32
2023-07-28,21.5,78.75,308.21,2.29,299.88
2023-07-28,21.5,79.0,309.33,2.34,299.51
2023-07-28,21.5,79.25,307.11,5.65,299.74
2023-07-28,21.5,79.5,309.28,3.18,300.09
2023-07-28,21.5,79.75,304.1,2.14,299.79
2023-07-28,21.75,78.75,307.93,4.95,300.64
2023-07-28,21.75,79.0,304.46,2.96,300.29
2023-07-28,21.75,79.25,303.15,2.12,299.28
2023-07-28,21.75,79.5,305.99,2.11,300.87
2023-07-28,21.75,79.75,305.94,5.45,299.97
2023-07-29,20.75,78.75,307.56,2.51,300.05
2023-07-29,20.75,79.0,305.44,3.65,300.18
2023-07-29,20.75,79.25,307.73,4.16,300.63
2023-07-29,20.75,79.5,304.57,2.47,300.6
2023-07-29,20.75,79.75,306.04,6.76,299.75
2023-07-29,21.0,78.75,306.33,3.44,299.9
2023-07-29,21.0,79.0,305.3,5.03,301.47
2023-07-29,21.0,79.25,309.16,2.32,299.91
2023-07-29,21.0,79.5,307.17,4.4,299.72
2023-07-29,21.0,79.75,307.79,2.11,300.57
2023-07-29,21.25,78.75,306.54,8.51,299.71
2023-07-29,21.25,79.0,305.48,3.31,300.47
2023-07-29,21.25,79.25,305.93,3.11,299.96
2023-07-29,21.25,79.5,307.19,4.39,301.04
2023-07-29,21.25,79.75,303.05,3.55,300.44
2023-07-29,21.5,78.75,306.39,3.22,300.32
2023-07-29,21.5,79.0,306.23,3.03,299.81
2023-07-29,21.5,79.25,308.81,2.89,299.83
2023-07-29,21.5,79.5,305.61,3.37,300.26
2023-07-29,21.5,79.75,304.28,5.82,299.92
2023-07-29,21.75,78.75,306.97,3.8,299.75
2023-07-29,21.75,79.0,308.48,5.12,300.31
2023-07-29,21.75,79.25,306.11,7.61,299.21
2023-07-29,21.75,79.5,307.39,4.7,300.65
2023-07-29,21.75,79.75,309.52,2.04,300.46
2023-07-30,20.75,78.75,307.79,6.75,299.3
2023-07-30,20.75,79.0,305.87,3.25,299.85
2023-07-30,20.75,79.25,303.12,2.28,299.52
2023-07-30,20.75,79.5,306.25,2.59,299.93
2023-07-30,20.75,79.75,304.93,2.87,300.75
2023-07-30,21.0,78.75,303.87,2.4,300.62
2023-07-30,21.0,79.0,304.48,2.64,299.38
2023-07-30,21.0,79.25,307.61,4.82,300.06
2023-07-30,21.0,79.5,307.6,3.56,300.53
2023-07-30,21.0,79.75,306.91,6.58,300.24
2023-07-30,21.25,78.75,305.11,1.99,299.84
2023-07-30,21.25,79.0,306.03,4.15,300.13
2023-07-30,21.25,79.25,306.88,3.2,299.69
2023-07-30,21.25,79.5,306.0,7.2,300.42
2023-07-30,21.25,79.75,307.29,2.4,300.34
2023-07-30,21.5,78.75,306.24,4.76,300.85
2023-07-30,21.5,79.0,304.08,3.33,300.37
2023-07-30,21.5,79.25,307.52,3.86,300.34
2023-07-30,21.5,79.5,306.62,2.8,300.13
2023-07-30,21.5,79.75,306.81,6.42,300.43
2023-07-30,21.75,78.75,305.2,3.41,300.31
2023-07-30,21.75,79.0,308.86,3.65,299.98
2023-07-30,21.75,79.25,306.58,3.76,299.44
2023-07-30,21.75,79.5,308.16,3.45,300.06
2023-07-30,21.75,79.75,307.07,3.37,300.31
2023-07-31,20.75,78.75,305.9,3.41,300.15
2023-07-31,20.75,79.0,303.68,2.54,300.37
2023-07-31,20.75,79.25,306.95,4.53,299.9
2023-07-31,20.75,79.5,306.98,2.72,300.35
2023-07-31,20.75,79.75,308.16,3.06,300.21
2023-07-31,21.0,78.75,308.48,4.7,299.92
2023-07-31,21.0,79.0,305.29,3.25,300.1
2023-07-31,21.0,79.25,308.06,3.99,299.57
2023-07-31,21.0,79.5,307.62,2.29,299.15
2023-07-31,21.0,79.75,304.97,4.03,299.73
2023-07-31,21.25,78.75,306.99,2.32,299.99
2023-07-31,21.25,79.0,306.07,9.72,300.7
2023-07-31,21.25,79.25,305.4,1.99,299.49
2023-07-31,21.25,79.5,304.37,2.5,299.63
2023-07-31,21.25,79.75,305.73,8.12,300.95
2023-07-31,21.5,78.75,306.3,2.41,299.81
2023-07-31,21.5,79.0,306.86,4.53,300.18
2023-07-31,21.5,79.25,306.48,2.5,300.52
2023-07-31,21.5,79.5,306.37,2.36,300.16
2023-07-31,21.5,79.75,308.95,3.68,300.52
2023-07-31,21.75,78.75,307.9,2.42,299.25
2023-07-31,21.75,79.0,305.43,2.12,301.24
2023-07-31,21.75,79.25,304.93,8.68,299.09
2023-07-31,21.75,79.5,307.53,3.77,300.53
2023-07-31,21.75,79.75,305.9,3.02,299.72
2023-08-01,20.75,78.75,303.66,2.22,299.76
2023-08-01,20.75,79.0,306.76,5.64,300.54
2023-08-01,20.75,79.25,306.34,2.04,299.52
2023-08-01,20.75,79.5,306.76,8.44,300.32
2023-08-01,20.75,79.75,307.03,2.3,300.55
2023-08-01,21.0,78.75,305.17,5.19,300.5
2023-08-01,21.0,79.0,307.6,4.83,300.14
2023-08-01,21.0,79.25,306.85,3.82,300.26
2023-08-01,21.0,79.5,306.3,4.3,299.24
2023-08-01,21.0,79.75,305.52,2.41,299.96
2023-08-01,21.25,78.75,305.99,1.98,299.48
2023-08-01,21.25,79.0,306.07,3.4,300.34
2023-08-01,21.25,79.25,307.03,4.03,300.4
2023-08-01,21.25,79.5,304.25,3.04,299.62
2023-08-01,21.25,79.75,305.21,2.07,299.65
2023-08-01,21.5,78.75,300.93,2.22,299.97
2023-08-01,21.5,79.0,306.39,2.36,300.33
2023-08-01,21.5,79.25,305.12,2.2,300.77
2023-08-01,21.5,79.5,305.58,2.01,300.1
2023-08-01,21.5,79.75,304.45,2.66,301.8
2023-08-01,21.75,78.75,309.2,3.67,300.36
2023-08-01,21.75,79.0,306.38,3.89,300.37
2023-08-01,21.75,79.25,307.81,4.24,300.31
2023-08-01,21.75,79.5,305.9,8.33,300.26
2023-08-01,21.75,79.75,307.6,2.79,300.51
2023-08-02,20.75,78.75,306.7,2.96,301.16
2023-08-02,20.75,79.0,306.72,3.28,300.39
2023-08-02,20.75,79.25,305.97,5.51,300.22
2023-08-02,20.75,79.5,304.99,4.05,299.94
2023-08-02,20.75,79.75,306.39,2.21,299.9
2023-08-02,21.0,78.75,307.96,2.04,301.3
2023-08-02,21.0,79.0,304.52,3.38,299.81
2023-08-02,21.0,79.25,308.68,3.65,301.0
2023-08-02,21.0,79.5,307.69,3.54,300.54
2023-08-02,21.0,79.75,306.86,3.61,300.13
2023-08-02,21.25,78.75,307.08,2.23,300.67
2023-08-02,21.25,79.0,305.61,5.58,300.38
2023-08-02,21.25,79.25,302.74,2.18,300.7
2023-08-02,21.25,79.5,307.14,6.91,299.85
2023-08-02,21.25,79.75,304.98,4.84,300.58
2023-08-02,21.5,78.75,306.79,2.76,300.48
2023-08-02,21.5,79.0,304.08,8.6,300.73
2023-08-02,21.5,79.25,305.99,7.03,300.57
2023-08-02,21.5,79.5,308.19,3.71,300.09
2023-08-02,21.5,79.75,304.45,1.98,300.0
2023-08-02,21.75,78.75,307.44,2.68,300.15
2023-08-02,21.75,79.0,306.89,4.16,300.76
2023-08-02,21.75,79.25,305.05,6.21,300.12
2023-08-02,21.75,79.5,303.46,4.77,300.03
2023-08-02,21.75,79.75,306.26,5.09,300.81
2023-08-03,20.75,78.75,307.06,2.45,300.12
2023-08-03,20.75,79.0,306.6,4.11,300.01
2023-08-03,20.75,79.25,306.62,5.51,300.27
2023-08-03,20.75,79.5,302.43,4.78,299.82
2023-08-03,20.75,79.75,304.99,6.98,300.71
2023-08-03,21.0,78.75,305.72,3.35,301.12
2023-08-03,21.0,79.0,305.17,2.29,300.34
2023-08-03,21.0,79.25,306.86,2.39,300.35
2023-08-03,21.0,79.5,305.31,4.7,299.67
2023-08-03,21.0,79.75,307.84,6.97,300.84
2023-08-03,21.25,78.75,304.92,2.99,300.54
2023-08-03,21.25,79.0,306.92,4.78,299.8
2023-08-03,21.25,79.25,306.19,7.82,299.78
2023-08-03,21.25,79.5,306.2,3.22,301.12
2023-08-03,21.25,79.75,305.08,8.66,300.65
2023-08-03,21.5,78.75,309.19,7.38,300.42
2023-08-03,21.5,79.0,305.04,4.59,299.78
2023-08-03,21.5,79.25,304.19,5.52,301.25
2023-08-03,21.5,79.5,308.61,2.27,300.11
2023-08-03,21.5,79.75,304.82,3.09,300.3
2023-08-03,21.75,78.75,305.41,7.06,300.81
2023-08-03,21.75,79.0,306.71,2.61,299.94
2023-08-03,21.75,79.25,306.75,3.01,300.43
2023-08-03,21.75,79.5,309.2,3.35,300.2
2023-08-03,21.75,79.75,308.29,2.21,299.8
2023-08-04,20.75,78.75,304.67,7.18,300.56
2023-08-04,20.75,79.0,303.65,2.44,301.16
2023-08-04,20.75,79.25,306.95,4.6,300.8
2023-08-04,20.75,79.5,305.14,2.71,301.13
2023-08-04,20.75,79.75,304.69,3.59,300.04
2023-08-04,21.0,78.75,308.25,6.14,300.37
2023-08-04,21.0,79.0,303.95,2.77,300.29
2023-08-04,21.0,79.25,303.86,9.11,300.03
2023-08-04,21.0,79.5,302.4,2.58,299.94
2023-08-04,21.0,79.75,306.23,3.37,300.4
2023-08-04,21.25,78.75,309.21,5.77,300.8
2023-08-04,21.25,79.0,306.62,3.54,300.5
2023-08-04,21.25,79.25,307.26,2.31,300.48
2023-08-04,21.25,79.5,307.37,3.08,300.46
2023-08-04,21.25,79.75,305.94,2.75,300.08
2023-08-04,21.5,78.75,308.05,7.52,300.61
2023-08-04,21.5,79.0,306.12,2.67,300.05
2023-08-04,21.5,79.25,303.38,1.9,299.51
2023-08-04,21.5,79.5,306.51,2.46,300.81
2023-08-04,21.5,79.75,305.66,7.73,299.73
2023-08-04,21.75,78.75,308.92,6.0,300.54
2023-08-04,21.75,79.0,305.66,3.01,300.91
2023-08-04,21.75,79.25,307.76,6.5,301.06
2023-08-04,21.75,79.5,306.83,2.08,299.67
2023-08-04,21.75,79.75,308.98,7.63,300.65
2023-08-05,20.75,78.75,309.64,4.87,300.19
2023-08-05,20.75,79.0,303.17,2.47,300.04
2023-08-05,20.75,79.25,303.87,6.26,299.83
2023-08-05,20.75,79.5,308.5,9.43,300.81
2023-08-05,20.75,79.75,304.02,4.18,300.39
2023-08-05,21.0,78.75,304.86,2.09,299.84
2023-08-05,21.0,79.0,308.21,14.58,300.38
2023-08-05,21.0,79.25,307.16,2.53,299.92
2023-08-05,21.0,79.5,306.32,3.37,299.66
2023-08-05,21.0,79.75,307.29,2.52,300.98
2023-08-05,21.25,78.75,309.11,2.84,300.19
2023-08-05,21.25,79.0,304.52,7.47,299.4
2023-08-05,21.25,79.25,305.07,8.06,300.49
2023-08-05,21.25,79.5,309.21,5.27,300.0
2023-08-05,21.25,79.75,307.58,7.06,300.63
2023-08-05,21.5,78.75,304.47,6.38,299.38
2023-08-05,21.5,79.0,307.39,4.51,299.21
2023-08-05,21.5,79.25,308.38,3.33,300.07
2023-08-05,21.5,79.5,305.82,2.95,301.21
2023-08-05,21.5,79.75,304.89,2.56,300.3
2023-08-05,21.75,78.75,306.93,2.38,299.92
2023-08-05,21.75,79.0,303.66,2.26,300.24
2023-08-05,21.75,79.25,305.75,2.87,301.36
2023-08-05,21.75,79.5,305.06,2.25,300.87
2023-08-05,21.75,79.75,303.06,3.34,300.18
2023-08-06,20.75,78.75,309.3,5.8,300.03
2023-08-06,20.75,79.0,305.63,3.46,300.5
2023-08-06,20.75,79.25,307.73,2.69,300.79
2023-08-06,20.75,79.5,306.72,3.84,299.76
2023-08-06,20.75,79.75,305.33,1.87,299.91
2023-08-06,21.0,78.75,306.65,5.07,300.52
2023-08-06,21.0,79.0,305.32,2.52,299.72
2023-08-06,21.0,79.25,308.93,6.67,300.11
2023-08-06,21.0,79.5,305.74,2.64,300.69
2023-08-06,21.0,79.75,305.63,6.05,300.11
2023-08-06,21.25,78.75,307.24,4.87,299.52
2023-08-06,21.25,79.0,303.68,3.82,301.01
2023-08-06,21.25,79.25,304.64,3.5,300.65
2023-08-06,21.25,79.5,306.97,2.11,300.07
2023-08-06,21.25,79.75,305.6,2.42,299.59
2023-08-06,21.5,78.75,307.07,3.76,300.27
2023-08-06,21.5,79.0,303.35,2.72,299.8
2023-08-06,21.5,79.25,306.49,2.13,300.41
2023-08-06,21.5,79.5,304.22,13.15,299.5
2023-08-06,21.5,79.75,305.87,4.63,300.62
2023-08-06,21.75,78.75,305.18,2.59,299.83
2023-08-06,21.75,79.0,307.64,2.99,301.11
2023-08-06,21.75,79.25,305.11,1.96,300.85
2023-08-06,21.75,79.5,307.04,5.62,300.24
2023-08-06,21.75,79.75,305.85,4.91,300.15
2023-08-07,20.75,78.75,305.84,3.64,300.02
2023-08-07,20.75,79.0,308.74,2.25,300.89
2023-08-07,20.75,79.25,305.61,4.76,299.16
2023-08-07,20.75,79.5,306.47,5.33,301.02
2023-08-07,20.75,79.75,305.9,5.23,300.04
2023-08-07,21.0,78.75,307.87,3.78,300.86
2023-08-07,21.0,79.0,307.0,5.58,300.35
2023-08-07,21.0,79.25,307.27,2.87,300.0
2023-08-07,21.0,79.5,307.95,1.92,300.7
2023-08-07,21.0,79.75,306.1,3.34,300.37
2023-08-07,21.25,78.75,306.8,2.74,300.96
2023-08-07,21.25,79.0,305.17,3.63,299.97
2023-08-07,21.25,79.25,305.74,3.9,300.35
2023-08-07,21.25,79.5,306.87,4.53,300.9
2023-08-07,21.25,79.75,307.42,2.66,299.99
2023-08-07,21.5,78.75,306.8,1.85,300.85
2023-08-07,21.5,79.0,306.41,4.71,300.74
2023-08-07,21.5,79.25,306.42,4.31,300.54
2023-08-07,21.5,79.5,305.24,4.77,299.59
2023-08-07,21.5,79.75,304.42,3.02,300.43
2023-08-07,21.75,78.75,305.26,8.47,300.54
2023-08-07,21.75,79.0,303.33,8.45,300.21
2023-08-07,21.75,79.25,304.07,4.16,299.57
2023-08-07,21.75,79.5,304.77,1.83,300.05
2023-08-07,21.75,79.75,304.7,4.88,300.19
2023-08-08,20.75,78.75,306.85,3.22,300.79
2023-08-08,20.75,79.0,305.27,2.34,300.63
2023-08-08,20.75,79.25,305.01,5.12,300.77
2023-08-08,20.75,79.5,304.29,3.91,300.54
2023-08-08,20.75,79.75,306.16,2.9,300.1
2023-08-08,21.0,78.75,305.29,2.94,300.02
2023-08-08,21.0,79.0,308.63,2.26,299.91
2023-08-08,21.0,79.25,305.78,5.39,299.94
2023-08-08,21.0,79.5,307.42,2.53,300.7
2023-08-08,21.0,79.75,304.16,2.35,300.06
2023-08-08,21.25,78.75,306.02,2.45,299.93
2023-08-08,21.25,79.0,308.43,3.53,300.26
2023-08-08,21.25,79.25,305.6,6.09,300.26
2023-08-08,21.25,79.5,304.87,7.03,300.04
2023-08-08,21.25,79.75,305.78,5.37,300.73
2023-08-08,21.5,78.75,305.34,4.51,300.1
2023-08-08,21.5,79.0,307.48,2.35,301.16
2023-08-08,21.5,79.25,307.42,2.05,300.7
2023-08-08,21.5,79.5,306.2,2.18,299.71
2023-08-08,21.5,79.75,304.06,1.86,300.27
2023-08-08,21.75,78.75,305.62,7.29,300.65
2023-08-08,21.75,79.0,304.68,2.83,300.81
2023-08-08,21.75,79.25,306.83,5.02,300.33
2023-08-08,21.75,79.5,307.02,3.55,299.83
2023-08-08,21.75,79.75,307.7,1.94,299.48
2023-08-09,20.75,78.75,307.42,4.68,300.54
2023-08-09,20.75,79.0,305.89,2.14,300.29
2023-08-09,20.75,79.25,305.28,4.47,299.43
2023-08-09,20.75,79.5,305.29,4.25,299.06
2023-08-09,20.75,79.75,304.61,3.22,300.63
2023-08-09,21.0,78.75,304.42,1.83,299.98
2023-08-09,21.0,79.0,304.79,4.95,300.39
2023-08-09,21.0,79.25,301.51,5.43,299.31
2023-08-09,21.0,79.5,308.71,3.14,300.63
2023-08-09,21.0,79.75,305.34,2.92,300.84
2023-08-09,21.25,78.75,305.93,3.67,300.31
2023-08-09,21.25,79.0,308.91,5.22,299.58
2023-08-09,21.25,79.25,304.2,4.36,300.39
2023-08-09,21.25,79.5,304.82,2.02,300.99
2023-08-09,21.25,79.75,304.29,3.45,300.09
2023-08-09,21.5,78.75,308.34,2.34,299.49
2023-08-09,21.5,79.0,304.9,2.87,299.81
2023-08-09,21.5,79.25,304.84,4.59,300.67
2023-08-09,21.5,79.5,308.81,9.97,301.71
2023-08-09,21.5,79.75,306.21,4.0,301.06
2023-08-09,21.75,78.75,306.77,2.12,299.75
2023-08-09,21.75,79.0,310.76,2.28,300.31
2023-08-09,21.75,79.25,305.07,7.36,300.33
2023-08-09,21.75,79.5,305.69,2.12,299.84
2023-08-09,21.75,79.75,306.84,2.88,300.62
2023-08-10,20.75,78.75,302.95,3.53,300.43
2023-08-10,20.75,79.0,303.64,5.45,301.1
2023-08-10,20.75,79.25,302.25,3.59,301.08
2023-08-10,20.75,79.5,304.08,6.57,300.22
2023-08-10,20.75,79.75,302.64,2.03,299.98
2023-08-10,21.0,78.75,306.68,6.38,299.22
2023-08-10,21.0,79.0,304.16,2.25,300.14
2023-08-10,21.0,79.25,303.41,1.83,300.39
2023-08-10,21.0,79.5,305.41,6.44,299.9
2023-08-10,21.0,79.75,302.78,6.86,299.99
2023-08-10,21.25,78.75,306.0,2.2,300.64
2023-08-10,21.25,79.0,304.6,2.67,299.61
2023-08-10,21.25,79.25,304.88,3.44,299.36
2023-08-10,21.25,79.5,307.03,4.3,300.45
2023-08-10,21.25,79.75,308.16,2.4,300.05
2023-08-10,21.5,78.75,304.74,2.8,300.23
2023-08-10,21.5,79.0,306.3,3.05,300.78
2023-08-10,21.5,79.25,305.99,2.03,299.99
2023-08-10,21.5,79.5,307.43,3.56,299.45
2023-08-10,21.5,79.75,304.53,1.9,300.73
2023-08-10,21.75,78.75,307.11,1.75,300.1
2023-08-10,21.75,79.0,303.24,1.81,300.43
2023-08-10,21.75,79.25,304.95,3.72,300.56
2023-08-10,21.75,79.5,308.35,2.19,300.75
2023-08-10,21.75,79.75,304.69,2.54,301.44
2023-08-11,20.75,78.75,304.82,2.28,300.39
2023-08-11,20.75,79.0,306.29,7.15,300.57
2023-08-11,20.75,79.25,303.93,1.88,300.64
2023-08-11,20.75,79.5,304.58,2.11,300.88
2023-08-11,20.75,79.75,307.14,5.66,300.95
2023-08-11,21.0,78.75,307.08,2.21,300.77
2023-08-11,21.0,79.0,302.43,1.73,300.27
2023-08-11,21.0,79.25,302.15,5.0,300.59
2023-08-11,21.0,79.5,302.81,5.46,301.4
2023-08-11,21.0,79.75,304.54,2.74,301.14
2023-08-11,21.25,78.75,306.56,5.01,300.5
2023-08-11,21.25,79.0,306.35,6.16,300.72
2023-08-11,21.25,79.25,308.89,1.88,301.05
2023-08-11,21.25,79.5,304.89,3.18,300.49
2023-08-11,21.25,79.75,305.85,3.91,300.01
2023-08-11,21.5,78.75,306.43,2.11,300.96
2023-08-11,21.5,79.0,305.42,5.17,299.61
2023-08-11,21.5,79.25,304.11,4.15,300.86
2023-08-11,21.5,79.5,305.49,6.35,300.41
2023-08-11,21.5,79.75,306.75,3.95,300.2
2023-08-11,21.75,78.75,306.08,2.74,300.23
2023-08-11,21.75,79.0,304.0,1.92,300.68
2023-08-11,21.75,79.25,304.55,1.8,299.66
2023-08-11,21.75,79.5,305.84,4.18,300.32
2023-08-11,21.75,79.75,304.41,4.04,299.81
2023-08-12,20.75,78.75,307.84,3.57,300.3
2023-08-12,20.75,79.0,305.88,2.11,301.16
2023-08-12,20.75,79.25,305.1,2.45,300.49
2023-08-12,20.75,79.5,307.58,2.08,300.61
2023-08-12,20.75,79.75,303.24,4.0,299.97
2023-08-12,21.0,78.75,304.95,4.39,301.15
2023-08-12,21.0,79.0,308.65,3.02,300.15
2023-08-12,21.0,79.25,305.96,4.3,300.18
2023-08-12,21.0,79.5,307.97,4.89,300.87
2023-08-12,21.0,79.75,307.04,2.35,300.09
2023-08-12,21.25,78.75,307.45,2.78,299.69
2023-08-12,21.25,79.0,305.09,3.47,300.14
2023-08-12,21.25,79.25,309.2,2.16,300.33
2023-08-12,21.25,79.5,304.71,4.02,299.79
2023-08-12,21.25,79.75,304.87,3.48,299.7
2023-08-12,21.5,78.75,305.21,3.43,300.6
2023-08-12,21.5,79.0,307.95,1.75,301.67
2023-08-12,21.5,79.25,301.84,2.49,300.57
2023-08-12,21.5,79.5,304.53,4.27,300.24
2023-08-12,21.5,79.75,304.59,3.13,300.55
2023-08-12,21.75,78.75,305.67,4.23,299.72
2023-08-12,21.75,79.0,304.06,4.16,300.04
2023-08-12,21.75,79.25,304.85,2.46,300.69
2023-08-12,21.75,79.5,305.72,6.04,299.56
2023-08-12,21.75,79.75,306.08,2.85,300.3
2023-08-13,20.75,78.75,306.6,3.43,300.58
2023-08-13,20.75,79.0,303.3,1.69,298.95
2023-08-13,20.75,79.25,305.01,3.52,301.06
2023-08-13,20.75,79.5,306.23,2.54,300.4
2023-08-13,20.75,79.75,307.23,6.94,300.04
2023-08-13,21.0,78.75,305.77,3.36,300.96
2023-08-13,21.0,79.0,305.91,6.02,300.22
2023-08-13,21.0,79.25,303.29,4.14,300.0
2023-08-13,21.0,79.5,306.61,2.04,300.82
2023-08-13,21.0,79.75,304.8,1.83,300.62
2023-08-13,21.25,78.75,303.95,1.72,300.25
2023-08-13,21.25,79.0,305.61,1.78,299.97
2023-08-13,21.25,79.25,305.89,2.98,299.56
2023-08-13,21.25,79.5,303.09,4.54,300.21
2023-08-13,21.25,79.75,305.37,4.83,300.18
2023-08-13,21.5,78.75,303.19,5.21,300.48
2023-08-13,21.5,79.0,305.79,3.51,300.46
2023-08-13,21.5,79.25,301.93,2.39,300.84
2023-08-13,21.5,79.5,306.15,2.41,300.71
2023-08-13,21.5,79.75,305.59,3.37,300.74
2023-08-13,21.75,78.75,306.13,3.33,300.33
2023-08-13,21.75,79.0,306.49,2.29,300.7
2023-08-13,21.75,79.25,305.36,15.92,300.71
2023-08-13,21.75,79.5,304.35,5.87,299.82
2023-08-13,21.75,79.75,305.91,2.08,299.55
2023-08-14,20.75,78.75,305.77,2.93,299.62
2023-08-14,20.75,79.0,303.58,5.63,299.8
2023-08-14,20.75,79.25,304.02,2.7,300.52
2023-08-14,20.75,79.5,307.65,1.77,299.57
2023-08-14,20.75,79.75,305.9,2.75,300.16
2023-08-14,21.0,78.75,308.09,4.51,300.73
2023-08-14,21.0,79.0,305.43,2.3,299.8
2023-08-14,21.0,79.25,303.7,2.21,300.64
2023-08-14,21.0,79.5,304.01,2.61,300.79
2023-08-14,21.0,79.75,306.29,4.05,300.11
2023-08-14,21.25,78.75,305.29,6.32,300.66
2023-08-14,21.25,79.0,306.89,3.69,299.63
2023-08-14,21.25,79.25,305.88,2.69,299.73
2023-08-14,21.25,79.5,306.82,1.97,301.04
2023-08-14,21.25,79.75,304.53,2.11,301.63
2023-08-14,21.5,78.75,306.38,2.01,300.72
2023-08-14,21.5,79.0,305.57,3.39,300.32
2023-08-14,21.5,79.25,303.25,6.01,299.88
2023-08-14,21.5,79.5,303.73,2.03,300.39
2023-08-14,21.5,79.75,305.33,3.89,300.4
2023-08-14,21.75,78.75,306.12,3.02,300.46
2023-08-14,21.75,79.0,304.66,2.72,300.03
2023-08-14,21.75,79.25,303.29,2.97,299.99
2023-08-14,21.75,79.5,305.5,1.98,300.8
2023-08-14,21.75,79.75,308.68,6.53,299.56
2023-08-15,20.75,78.75,304.09,4.8,300.64
2023-08-15,20.75,79.0,307.07,2.02,300.01
2023-08-15,20.75,79.25,306.82,2.57,299.89
2023-08-15,20.75,79.5,304.05,9.1,299.72
2023-08-15,20.75,79.75,306.67,4.2,300.44
2023-08-15,21.0,78.75,307.08,3.35,300.52
2023-08-15,21.0,79.0,305.32,2.11,299.54
2023-08-15,21.0,79.25,303.41,2.92,300.53
2023-08-15,21.0,79.5,306.11,3.2,301.12
2023-08-15,21.0,79.75,306.26,2.34,300.66
2023-08-15,21.25,78.75,303.78,2.33,300.04
2023-08-15,21.25,79.0,301.54,3.32,300.5
2023-08-15,21.25,79.25,304.01,6.02,300.32
2023-08-15,21.25,79.5,301.52,2.86,300.45
2023-08-15,21.25,79.75,303.96,3.44,300.62
2023-08-15,21.5,78.75,304.62,1.91,301.46
2023-08-15,21.5,79.0,303.77,7.97,301.68
2023-08-15,21.5,79.25,304.4,2.66,300.06
2023-08-15,21.5,79.5,305.32,5.91,299.58
2023-08-15,21.5,79.75,306.0,3.78,301.35
2023-08-15,21.75,78.75,302.75,2.48,300.22
2023-08-15,21.75,79.0,305.23,3.56,300.68
2023-08-15,21.75,79.25,305.42,5.54,300.76
2023-08-15,21.75,79.5,307.71,1.99,300.59
2023-08-15,21.75,79.75,304.82,3.78,300.4
2023-08-16,20.75,78.75,302.63,3.76,301.02
2023-08-16,20.75,79.0,302.38,2.02,300.89
2023-08-16,20.75,79.25,304.84,5.32,300.2
2023-08-16,20.75,79.5,301.58,10.61,301.23
2023-08-16,20.75,79.75,308.07,4.16,300.47
2023-08-16,21.0,78.75,306.67,7.49,300.12
2023-08-16,21.0,79.0,306.39,3.36,300.26
2023-08-16,21.0,79.25,305.51,2.52,300.95
2023-08-16,21.0,79.5,303.43,3.53,300.15
2023-08-16,21.0,79.75,303.87,2.47,301.1
2023-08-16,21.25,78.75,309.11,3.46,300.79
2023-08-16,21.25,79.0,305.39,5.97,299.9
2023-08-16,21.25,79.25,307.25,3.28,300.03
2023-08-16,21.25,79.5,307.65,3.29,300.32
2023-08-16,21.25,79.75,308.31,2.3,300.48
2023-08-16,21.5,78.75,304.51,1.55,299.8
2023-08-16,21.5,79.0,302.85,3.85,300.77
2023-08-16,21.5,79.25,305.01,2.13,300.67
2023-08-16,21.5,79.5,307.0,3.42,300.44
2023-08-16,21.5,79.75,303.79,2.51,300.2
2023-08-16,21.75,78.75,304.16,2.85,300.57
2023-08-16,21.75,79.0,302.91,3.05,301.19
2023-08-16,21.75,79.25,304.8,3.34,300.11
2023-08-16,21.75,79.5,304.92,2.64,300.26
2023-08-16,21.75,79.75,304.6,1.68,301.32
2023-08-17,20.75,78.75,304.47,1.85,300.37
2023-08-17,20.75,79.0,305.84,4.0,301.28
2023-08-17,20.75,79.25,305.46,3.93,300.42
2023-08-17,20.75,79.5,306.05,10.55,300.81
2023-08-17,20.75,79.75,304.7,4.74,301.02
2023-08-17,21.0,78.75,306.99,2.1,300.49
2023-08-17,21.0,79.0,305.39,4.81,301.03
2023-08-17,21.0,79.25,303.8,3.0,299.63
2023-08-17,21.0,79.5,305.63,1.85,300.45
2023-08-17,21.0,79.75,306.62,3.65,300.51
2023-08-17,21.25,78.75,301.34,2.74,299.34
2023-08-17,21.25,79.0,303.96,3.23,300.1
2023-08-17,21.25,79.25,306.29,1.69,299.66
2023-08-17,21.25,79.5,302.78,3.65,300.05
2023-08-17,21.25,79.75,304.98,4.29,299.46
2023-08-17,21.5,78.75,304.15,5.62,300.75
2023-08-17,21.5,79.0,305.46,5.45,301.09
2023-08-17,21.5,79.25,304.07,10.55,300.38
2023-08-17,21.5,79.5,301.84,1.49,300.17
2023-08-17,21.5,79.75,307.83,2.99,299.89
2023-08-17,21.75,78.75,307.54,2.23,300.18
2023-08-17,21.75,79.0,306.26,4.08,299.89
2023-08-17,21.75,79.25,306.64,1.76,300.13
2023-08-17,21.75,79.5,308.19,2.19,301.09
2023-08-17,21.75,79.75,306.54,5.88,300.95
2023-08-18,20.75,78.75,304.9,2.54,300.5
2023-08-18,20.75,79.0,304.58,1.48,300.07
2023-08-18,20.75,79.25,302.55,3.44,301.1
2023-08-18,20.75,79.5,305.29,2.41,300.65
2023-08-18,20.75,79.75,306.55,5.01,299.26
2023-08-18,21.0,78.75,306.82,2.56,300.81
2023-08-18,21.0,79.0,304.39,3.18,300.21
2023-08-18,21.0,79.25,305.92,2.24,300.69
2023-08-18,21.0,79.5,304.99,4.71,300.17
2023-08-18,21.0,79.75,305.24,1.72,300.06
2023-08-18,21.25,78.75,303.6,3.3,300.83
2023-08-18,21.25,79.0,305.56,3.32,300.58
2023-08-18,21.25,79.25,304.89,1.52,300.74
2023-08-18,21.25,79.5,303.2,7.84,299.67
2023-08-18,21.25,79.75,303.38,2.07,299.7
2023-08-18,21.5,78.75,303.04,2.19,299.95
2023-08-18,21.5,79.0,304.92,6.32,299.92
2023-08-18,21.5,79.25,304.11,2.86,300.42
2023-08-18,21.5,79.5,303.55,4.39,300.73
2023-08-18,21.5,79.75,302.67,2.79,300.31
2023-08-18,21.75,78.75,303.16,2.15,300.74
2023-08-18,21.75,79.0,304.45,2.21,300.6
2023-08-18,21.75,79.25,303.95,4.05,300.35
2023-08-18,21.75,79.5,305.97,3.01,300.78
2023-08-18,21.75,79.75,305.31,3.25,301.35
2023-08-19,20.75,78.75,302.83,1.82,300.16
2023-08-19,20.75,79.0,302.95,5.04,300.25
2023-08-19,20.75,79.25,303.87,2.16,300.49
2023-08-19,20.75,79.5,303.57,2.15,300.22
2023-08-19,20.75,79.75,304.5,4.08,300.76
2023-08-19,21.0,78.75,306.95,2.98,300.17
2023-08-19,21.0,79.0,304.79,1.91,300.6
2023-08-19,21.0,79.25,305.91,1.66,301.2
2023-08-19,21.0,79.5,305.89,1.88,300.07
2023-08-19,21.0,79.75,302.16,3.11,300.44
2023-08-19,21.25,78.75,305.15,2.46,300.65
2023-08-19,21.25,79.0,306.56,2.31,299.99
2023-08-19,21.25,79.25,306.31,3.09,299.8
2023-08-19,21.25,79.5,303.71,1.86,300.03
2023-08-19,21.25,79.75,301.47,5.0,300.32
2023-08-19,21.5,78.75,305.45,3.02,300.68
2023-08-19,21.5,79.0,307.41,4.97,300.35
2023-08-19,21.5,79.25,304.69,5.27,300.67
2023-08-19,21.5,79.5,306.9,4.34,301.49
2023-08-19,21.5,79.75,305.1,4.88,300.12
2023-08-19,21.75,78.75,307.3,1.93,300.88
2023-08-19,21.75,79.0,307.56,2.64,300.43
2023-08-19,21.75,79.25,302.21,5.39,299.58
2023-08-19,21.75,79.5,304.12,5.46,300.37
2023-08-19,21.75,79.75,304.77,5.24,300.27
2023-08-20,20.75,78.75,304.09,3.08,299.97
2023-08-20,20.75,79.0,304.23,3.67,300.07
2023-08-20,20.75,79.25,303.7,1.56,300.11
2023-08-20,20.75,79.5,301.88,1.39,300.52
2023-08-20,20.75,79.75,304.58,4.05,299.97
2023-08-20,21.0,78.75,301.68,8.39,300.71
2023-08-20,21.0,79.0,304.05,1.94,300.88
2023-08-20,21.0,79.25,305.48,2.53,301.09
2023-08-20,21.0,79.5,303.97,2.17,300.49
2023-08-20,21.0,79.75,304.88,3.09,300.09
2023-08-20,21.25,78.75,305.0,3.52,300.27
2023-08-20,21.25,79.0,303.79,1.86,300.56
2023-08-20,21.25,79.25,304.98,3.59,300.42
2023-08-20,21.25,79.5,305.24,4.22,301.54
2023-08-20,21.25,79.75,304.63,2.09,300.22
2023-08-20,21.5,78.75,303.85,4.17,300.13
2023-08-20,21.5,79.0,304.91,7.91,300.19
2023-08-20,21.5,79.25,303.41,1.39,300.76
2023-08-20,21.5,79.5,302.43,2.16,301.34
2023-08-20,21.5,79.75,304.59,4.38,300.68
2023-08-20,21.75,78.75,303.65,4.22,301.05
2023-08-20,21.75,79.0,304.98,2.42,300.82
2023-08-20,21.75,79.25,302.71,6.47,300.13
2023-08-20,21.75,79.5,303.99,1.56,300.32
2023-08-20,21.75,79.75,306.37,2.17,300.79
2023-08-21,20.75,78.75,301.97,1.4,299.91
2023-08-21,20.75,79.0,307.54,2.98,299.9
2023-08-21,20.75,79.25,304.37,1.68,299.93
2023-08-21,20.75,79.5,305.61,1.67,300.39
2023-08-21,20.75,79.75,302.66,1.43,301.15
2023-08-21,21.0,78.75,301.81,3.09,299.92
2023-08-21,21.0,79.0,305.63,2.2,299.7
2023-08-21,21.0,79.25,303.75,1.83,300.8
2023-08-21,21.0,79.5,304.26,1.78,300.65
2023-08-21,21.0,79.75,302.96,6.11,300.77
2023-08-21,21.25,78.75,304.04,2.22,300.59
2023-08-21,21.25,79.0,304.9,2.71,300.35
2023-08-21,21.25,79.25,305.22,3.3,300.23
2023-08-21,21.25,79.5,303.32,7.45,300.34
2023-08-21,21.25,79.75,304.82,1.55,300.14
2023-08-21,21.5,78.75,305.04,7.57,300.62
2023-08-21,21.5,79.0,303.57,7.48,299.59
2023-08-21,21.5,79.25,304.23,3.77,300.39
2023-08-21,21.5,79.5,304.93,2.56,300.26
2023-08-21,21.5,79.75,304.04,2.31,301.43
2023-08-21,21.75,78.75,306.52,4.97,300.4
2023-08-21,21.75,79.0,307.48,5.34,300.47
2023-08-21,21.75,79.25,301.61,5.04,300.24
2023-08-21,21.75,79.5,303.69,1.79,299.81
2023-08-21,21.75,79.75,306.66,2.73,300.03
2023-08-22,20.75,78.75,304.79,2.36,301.13
2023-08-22,20.75,79.0,303.51,1.69,299.89
2023-08-22,20.75,79.25,307.32,1.73,300.15
2023-08-22,20.75,79.5,302.17,5.32,301.65
2023-08-22,20.75,79.75,304.57,1.88,300.0
2023-08-22,21.0,78.75,302.78,2.92,299.89
2023-08-22,21.0,79.0,305.82,4.82,301.77
2023-08-22,21.0,79.25,305.38,2.02,300.13
2023-08-22,21.0,79.5,303.43,4.04,300.82
2023-08-22,21.0,79.75,302.68,2.81,300.53
2023-08-22,21.25,78.75,304.19,3.4,299.41
2023-08-22,21.25,79.0,304.51,1.99,299.9
2023-08-22,21.25,79.25,305.79,1.7,299.93
2023-08-22,21.25,79.5,306.88,2.47,299.76
2023-08-22,21.25,79.75,304.08,3.8,300.62
2023-08-22,21.5,78.75,305.2,4.12,300.0
2023-08-22,21.5,79.0,304.54,12.57,300.4
2023-08-22,21.5,79.25,305.34,4.3,301.07
2023-08-22,21.5,79.5,301.89,3.57,300.16
2023-08-22,21.5,79.75,303.95,1.69,300.66
2023-08-22,21.75,78.75,304.37,4.1,300.32
2023-08-22,21.75,79.0,303.94,2.44,300.23
2023-08-22,21.75,79.25,301.76,1.47,300.88
2023-08-22,21.75,79.5,302.93,2.86,300.65
2023-08-22,21.75,79.75,304.0,2.01,300.8
2023-08-23,20.75,78.75,305.14,3.46,300.27
2023-08-23,20.75,79.0,303.88,1.29,300.27
2023-08-23,20.75,79.25,304.9,1.95,300.46
2023-08-23,20.75,79.5,303.11,2.06,300.46
2023-08-23,20.75,79.75,301.78,2.18,300.79
2023-08-23,21.0,78.75,302.56,8.35,300.75
2023-08-23,21.0,79.0,301.9,1.93,300.1
2023-08-23,21.0,79.25,304.3,3.05,300.8
2023-08-23,21.0,79.5,303.34,3.24,302.14
2023-08-23,21.0,79.75,305.39,1.74,300.58
2023-08-23,21.25,78.75,305.31,1.73,300.34
2023-08-23,21.25,79.0,301.78,8.15,300.36
2023-08-23,21.25,79.25,304.45,2.17,301.69
2023-08-23,21.25,79.5,302.7,1.94,301.28
2023-08-23,21.25,79.75,304.35,1.82,299.45
2023-08-23,21.5,78.75,303.95,2.17,301.28
2023-08-23,21.5,79.0,303.44,5.15,300.74
2023-08-23,21.5,79.25,305.15,2.72,300.53
2023-08-23,21.5,79.5,302.96,3.19,300.53
2023-08-23,21.5,79.75,305.54,1.36,300.17
2023-08-23,21.75,78.75,303.58,3.32,300.9
2023-08-23,21.75,79.0,305.67,1.56,300.8
2023-08-23,21.75,79.25,301.57,1.79,300.68
2023-08-23,21.75,79.5,305.64,6.78,300.58
2023-08-23,21.75,79.75,305.93,1.5,300.87
2023-08-24,20.75,78.75,303.95,1.5,300.59
2023-08-24,20.75,79.0,306.25,3.69,299.35
2023-08-24,20.75,79.25,302.94,2.93,299.79
2023-08-24,20.75,79.5,305.83,2.3,300.4
2023-08-24,20.75,79.75,303.54,7.57,301.25
2023-08-24,21.0,78.75,305.36,1.49,301.16
2023-08-24,21.0,79.0,303.93,4.72,300.58
2023-08-24,21.0,79.25,303.57,6.52,300.16
2023-08-24,21.0,79.5,304.79,2.12,300.35
2023-08-24,21.0,79.75,303.91,2.78,300.84
2023-08-24,21.25,78.75,303.22,3.56,300.64
2023-08-24,21.25,79.0,305.37,5.03,299.55
2023-08-24,21.25,79.25,303.19,1.39,300.93
2023-08-24,21.25,79.5,303.8,3.87,299.83
2023-08-24,21.25,79.75,306.92,3.47,300.04
2023-08-24,21.5,78.75,302.72,1.55,299.96
2023-08-24,21.5,79.0,304.04,4.01,300.82
2023-08-24,21.5,79.25,307.75,2.25,299.8
2023-08-24,21.5,79.5,304.04,2.27,300.47
2023-08-24,21.5,79.75,302.05,2.72,300.49
2023-08-24,21.75,78.75,305.22,2.6,301.2
2023-08-24,21.75,79.0,304.37,4.81,300.8
2023-08-24,21.75,79.25,303.26,6.15,300.77
2023-08-24,21.75,79.5,303.91,2.12,300.25
2023-08-24,21.75,79.75,305.29,3.8,300.59
2023-08-25,20.75,78.75,304.08,4.34,300.93
2023-08-25,20.75,79.0,304.03,2.2,300.77
2023-08-25,20.75,79.25,304.14,3.03,300.22
2023-08-25,20.75,79.5,304.04,1.39,300.61
2023-08-25,20.75,79.75,303.31,1.35,301.06
2023-08-25,21.0,78.75,303.72,6.91,300.47
2023-08-25,21.0,79.0,302.3,3.41,300.15
2023-08-25,21.0,79.25,304.21,7.54,301.08
2023-08-25,21.0,79.5,304.07,1.81,300.36
2023-08-25,21.0,79.75,303.4,1.32,301.19
2023-08-25,21.25,78.75,303.72,2.47,300.6
2023-08-25,21.25,79.0,301.98,1.94,299.56
2023-08-25,21.25,79.25,302.3,7.65,300.76
2023-08-25,21.25,79.5,303.7,5.5,300.49
2023-08-25,21.25,79.75,304.83,2.1,300.21
2023-08-25,21.5,78.75,303.72,7.26,300.34
2023-08-25,21.5,79.0,306.49,6.97,300.77
2023-08-25,21.5,79.25,301.46,2.4,300.8
2023-08-25,21.5,79.5,303.48,1.23,300.06
2023-08-25,21.5,79.75,304.78,4.72,300.45
2023-08-25,21.75,78.75,303.65,1.28,300.67
2023-08-25,21.75,79.0,303.24,1.42,300.09
2023-08-25,21.75,79.25,306.06,1.44,299.98
2023-08-25,21.75,79.5,303.67,5.4,300.29
2023-08-25,21.75,79.75,302.82,2.74,299.91
2023-08-26,20.75,78.75,303.08,1.83,300.95
2023-08-26,20.75,79.0,300.22,3.03,300.39
2023-08-26,20.75,79.25,303.89,1.9,300.87
2023-08-26,20.75,79.5,301.16,2.63,300.92
2023-08-26,20.75,79.75,302.45,1.74,301.2
2023-08-26,21.0,78.75,302.88,1.82,301.42
2023-08-26,21.0,79.0,301.44,2.0,299.46
2023-08-26,21.0,79.25,301.3,1.45,300.23
2023-08-26,21.0,79.5,302.1,3.27,299.58
2023-08-26,21.0,79.75,302.04,2.95,300.61
2023-08-26,21.25,78.75,304.57,2.91,301.06
2023-08-26,21.25,79.0,306.38,2.38,300.07
2023-08-26,21.25,79.25,304.08,1.37,300.15
2023-08-26,21.25,79.5,303.97,3.48,300.37
2023-08-26,21.25,79.75,303.53,1.94,300.59
2023-08-26,21.5,78.75,302.49,1.68,300.9
2023-08-26,21.5,79.0,304.52,1.64,301.04
2023-08-26,21.5,79.25,302.74,2.06,300.76
2023-08-26,21.5,79.5,303.48,1.11,301.28
2023-08-26,21.5,79.75,307.58,3.36,300.04
2023-08-26,21.75,78.75,302.99,4.14,300.4
2023-08-26,21.75,79.0,304.92,1.79,300.27
2023-08-26,21.75,79.25,303.7,2.55,300.64
2023-08-26,21.75,79.5,306.09,4.61,301.38
2023-08-26,21.75,79.75,306.65,2.83,300.58
2023-08-27,20.75,78.75,302.5,3.12,300.93
2023-08-27,20.75,79.0,306.48,2.91,300.92
2023-08-27,20.75,79.25,306.96,5.79,300.39
2023-08-27,20.75,79.5,304.69,3.8,300.99
2023-08-27,20.75,79.75,304.63,3.65,301.28
2023-08-27,21.0,78.75,303.72,5.29,300.33
2023-08-27,21.0,79.0,300.91,1.74,300.47
2023-08-27,21.0,79.25,303.61,1.69,300.78
2023-08-27,21.0,79.5,304.85,3.97,300.71
2023-08-27,21.0,79.75,301.01,4.4,300.02
2023-08-27,21.25,78.75,303.25,4.99,300.02
2023-08-27,21.25,79.0,303.36,3.44,300.4
2023-08-27,21.25,79.25,305.33,2.04,300.86
2023-08-27,21.25,79.5,302.84,3.08,300.27
2023-08-27,21.25,79.75,305.38,1.31,300.36
2023-08-27,21.5,78.75,303.66,2.05,300.97
2023-08-27,21.5,79.0,303.12,1.76,300.21
2023-08-27,21.5,79.25,301.66,4.88,300.75
2023-08-27,21.5,79.5,304.89,4.14,300.29
2023-08-27,21.5,79.75,304.63,2.88,300.79
2023-08-27,21.75,78.75,302.27,1.64,300.76
2023-08-27,21.75,79.0,303.79,1.24,300.85
2023-08-27,21.75,79.25,304.46,1.21,300.05
2023-08-27,21.75,79.5,304.76,5.0,301.1
2023-08-27,21.75,79.75,305.32,7.98,301.13
2023-08-28,20.75,78.75,302.34,1.13,300.13
2023-08-28,20.75,79.0,299.39,1.14,301.17
2023-08-28,20.75,79.25,304.05,1.18,300.96
2023-08-28,20.75,79.5,304.68,6.83,300.21
2023-08-28,20.75,79.75,300.92,2.08,300.26
2023-08-28,21.0,78.75,303.75,3.48,300.68
2023-08-28,21.0,79.0,303.67,6.77,300.96
2023-08-28,21.0,79.25,302.81,4.4,299.93
2023-08-28,21.0,79.5,305.36,7.53,301.31
2023-08-28,21.0,79.75,301.01,2.14,299.12
2023-08-28,21.25,78.75,304.0,3.38,300.6
2023-08-28,21.25,79.0,305.54,1.6,299.75
2023-08-28,21.25,79.25,304.62,4.79,300.8
2023-08-28,21.25,79.5,305.29,2.06,300.57
2023-08-28,21.25,79.75,306.68,3.6,300.62
2023-08-28,21.5,78.75,304.16,2.79,301.22
2023-08-28,21.5,79.0,305.74,4.01,301.2
2023-08-28,21.5,79.25,302.27,3.6,300.38
2023-08-28,21.5,79.5,305.83,1.63,300.04
2023-08-28,21.5,79.75,305.48,2.45,300.44
2023-08-28,21.75,78.75,301.39,2.12,300.27
2023-08-28,21.75,79.0,306.61,1.89,301.4
2023-08-28,21.75,79.25,300.01,1.02,300.7
2023-08-28,21.75,79.5,301.16,3.07,300.87
2023-08-28,21.75,79.75,304.95,6.2,301.12
2023-08-29,20.75,78.75,303.19,1.73,300.6
2023-08-29,20.75,79.0,307.13,6.09,300.38
2023-08-29,20.75,79.25,304.41,1.18,300.97
2023-08-29,20.75,79.5,302.94,2.47,300.65
2023-08-29,20.75,79.75,299.56,2.52,301.46
2023-08-29,21.0,78.75,302.7,5.01,300.93
2023-08-29,21.0,79.0,304.62,3.42,299.83
2023-08-29,21.0,79.25,304.24,4.52,300.21
2023-08-29,21.0,79.5,302.35,2.18,299.74
2023-08-29,21.0,79.75,307.15,2.89,299.98
2023-08-29,21.25,78.75,303.6,1.43,300.85
2023-08-29,21.25,79.0,305.21,1.92,300.78
2023-08-29,21.25,79.25,303.23,4.05,300.6
2023-08-29,21.25,79.5,304.25,2.39,300.11
2023-08-29,21.25,79.75,306.06,1.18,300.58
2023-08-29,21.5,78.75,302.09,2.08,300.93
2023-08-29,21.5,79.0,301.92,1.21,300.57
2023-08-29,21.5,79.25,302.22,3.4,300.16
2023-08-29,21.5,79.5,305.03,1.71,300.7
2023-08-29,21.5,79.75,303.74,2.58,300.32
2023-08-29,21.75,78.75,302.77,1.09,299.94
2023-08-29,21.75,79.0,303.76,1.43,300.96
2023-08-29,21.75,79.25,303.22,1.96,300.69
2023-08-29,21.75,79.5,304.64,1.62,301.47
2023-08-29,21.75,79.75,303.96,5.92,300.78
2023-08-30,20.75,78.75,304.69,1.41,300.27
2023-08-30,20.75,79.0,303.54,1.15,300.98
2023-08-30,20.75,79.25,303.35,2.89,300.76
2023-08-30,20.75,79.5,304.46,4.51,300.82
2023-08-30,20.75,79.75,300.89,2.14,300.76
2023-08-30,21.0,78.75,303.9,1.22,300.64
2023-08-30,21.0,79.0,303.07,5.58,300.86
2023-08-30,21.0,79.25,302.42,1.61,299.67
2023-08-30,21.0,79.5,305.29,3.37,301.27
2023-08-30,21.0,79.75,303.12,3.79,301.14
2023-08-30,21.25,78.75,303.48,2.12,300.44
2023-08-30,21.25,79.0,302.99,3.11,300.57
2023-08-30,21.25,79.25,301.88,3.9,300.24
2023-08-30,21.25,79.5,302.36,3.47,299.86
2023-08-30,21.25,79.75,302.69,1.07,300.08
2023-08-30,21.5,78.75,303.35,4.2,300.43
2023-08-30,21.5,79.0,304.78,2.16,301.35
2023-08-30,21.5,79.25,300.95,4.37,300.4
2023-08-30,21.5,79.5,306.17,1.78,300.65
2023-08-30,21.5,79.75,304.36,1.89,300.45
2023-08-30,21.75,78.75,302.76,4.78,301.22
2023-08-30,21.75,79.0,304.19,0.92,300.27
2023-08-30,21.75,79.25,301.77,4.18,301.03
2023-08-30,21.75,79.5,304.51,2.66,300.63
2023-08-30,21.75,79.75,306.27,3.09,299.59
2023-08-31,20.75,78.75,303.42,7.59,300.27
2023-08-31,20.75,79.0,303.12,3.12,300.33
2023-08-31,20.75,79.25,301.0,3.17,300.96
2023-08-31,20.75,79.5,305.24,10.39,300.37
2023-08-31,20.75,79.75,301.94,2.7,300.15
2023-08-31,21.0,78.75,304.9,2.48,300.92
2023-08-31,21.0,79.0,302.81,1.48,300.85
2023-08-31,21.0,79.25,301.14,3.22,300.77
2023-08-31,21.0,79.5,303.53,8.46,301.09
2023-08-31,21.0,79.75,302.47,1.05,300.56
2023-08-31,21.25,78.75,302.85,3.69,300.23
2023-08-31,21.25,79.0,304.54,2.74,300.15
2023-08-31,21.25,79.25,303.91,2.88,301.61
2023-08-31,21.25,79.5,305.14,1.21,300.91
2023-08-31,21.25,79.75,302.36,6.51,301.05
2023-08-31,21.5,78.75,305.45,5.43,300.51
2023-08-31,21.5,79.0,300.76,1.33,300.41
2023-08-31,21.5,79.25,300.98,2.28,300.2
2023-08-31,21.5,79.5,304.13,4.99,300.28
2023-08-31,21.5,79.75,302.94,2.5,300.58
2023-08-31,21.75,78.75,302.67,1.1,300.73
2023-08-31,21.75,79.0,302.6,3.77,299.82
2023-08-31,21.75,79.25,299.88,3.72,299.91
2023-08-31,21.75,79.5,303.26,6.3,300.53
2023-08-31,21.75,79.75,304.82,9.82,300.58
2023-09-01,20.75,78.75,303.17,3.42,300.71
2023-09-01,20.75,79.0,301.58,3.71,300.23
2023-09-01,20.75,79.25,303.36,6.14,300.56
2023-09-01,20.75,79.5,303.16,3.07,300.87
2023-09-01,20.75,79.75,303.25,1.14,301.03
2023-09-01,21.0,78.75,303.87,1.16,301.14
2023-09-01,21.0,79.0,302.27,1.14,301.08
2023-09-01,21.0,79.25,304.09,4.82,300.75
2023-09-01,21.0,79.5,302.03,3.89,300.31
2023-09-01,21.0,79.75,303.15,3.28,299.91
2023-09-01,21.25,78.75,303.02,0.99,301.16
2023-09-01,21.25,79.0,302.64,5.41,300.93
2023-09-01,21.25,79.25,304.98,0.82,300.87
2023-09-01,21.25,79.5,302.79,2.45,300.34
2023-09-01,21.25,79.75,302.42,1.09,301.29
2023-09-01,21.5,78.75,303.14,3.33,300.22
2023-09-01,21.5,79.0,302.72,2.86,300.51
2023-09-01,21.5,79.25,302.58,1.66,300.92
2023-09-01,21.5,79.5,302.81,5.49,300.67
2023-09-01,21.5,79.75,303.47,1.68,300.88
2023-09-01,21.75,78.75,306.43,3.9,300.32
2023-09-01,21.75,79.0,303.85,2.71,299.58
2023-09-01,21.75,79.25,304.54,1.64,300.74
2023-09-01,21.75,79.5,300.95,4.73,300.83
2023-09-01,21.75,79.75,306.37,3.25,300.17
2023-09-02,20.75,78.75,301.51,2.3,301.15
2023-09-02,20.75,79.0,304.96,1.84,300.93
2023-09-02,20.75,79.25,301.83,1.91,300.32
2023-09-02,20.75,79.5,303.56,6.81,300.18
2023-09-02,20.75,79.75,304.41,2.47,300.53
2023-09-02,21.0,78.75,302.67,1.6,300.49
2023-09-02,21.0,79.0,303.35,3.04,300.65
2023-09-02,21.0,79.25,305.12,2.63,300.74
2023-09-02,21.0,79.5,300.82,0.97,300.78
2023-09-02,21.0,79.75,303.62,2.44,300.56
2023-09-02,21.25,78.75,304.2,10.31,299.76
2023-09-02,21.25,79.0,304.0,0.87,301.54
2023-09-02,21.25,79.25,302.36,2.82,301.51
2023-09-02,21.25,79.5,303.4,4.84,300.31
2023-09-02,21.25,79.75,302.41,4.41,300.78
2023-09-02,21.5,78.75,303.33,1.29,300.71
2023-09-02,21.5,79.0,301.85,1.37,300.94
2023-09-02,21.5,79.25,304.3,1.84,300.65
2023-09-02,21.5,79.5,303.48,6.21,300.72
2023-09-02,21.5,79.75,305.99,2.49,300.73
2023-09-02,21.75,78.75,304.24,0.97,300.66
2023-09-02,21.75,79.0,302.41,1.14,300.9
2023-09-02,21.75,79.25,300.75,1.49,301.58
2023-09-02,21.75,79.5,304.9,3.57,301.1
2023-09-02,21.75,79.75,301.77,4.63,300.64
2023-09-03,20.75,78.75,301.25,1.3,301.26
2023-09-03,20.75,79.0,303.92,4.35,301.59
2023-09-03,20.75,79.25,306.05,2.66,300.54
2023-09-03,20.75,79.5,304.58,2.48,300.88
2023-09-03,20.75,79.75,301.25,9.93,301.16
2023-09-03,21.0,78.75,303.29,1.92,301.36
2023-09-03,21.0,79.0,301.16,1.55,301.04
2023-09-03,21.0,79.25,302.16,5.37,301.03
2023-09-03,21.0,79.5,301.36,0.89,300.67
2023-09-03,21.0,79.75,302.71,0.89,300.43
2023-09-03,21.25,78.75,301.8,1.15,300.62
2023-09-03,21.25,79.0,301.49,2.24,300.24
2023-09-03,21.25,79.25,301.53,6.88,300.81
2023-09-03,21.25,79.5,304.24,4.53,301.09
2023-09-03,21.25,79.75,304.9,1.19,301.19
2023-09-03,21.5,78.75,302.94,1.08,301.64
2023-09-03,21.5,79.0,302.37,1.19,300.15
2023-09-03,21.5,79.25,303.58,2.44,301.0
2023-09-03,21.5,79.5,303.4,1.17,300.68
2023-09-03,21.5,79.75,304.87,2.49,300.46
2023-09-03,21.75,78.75,303.19,1.03,300.3
2023-09-03,21.75,79.0,303.54,0.92,301.13
2023-09-03,21.75,79.25,302.54,0.82,299.85
2023-09-03,21.75,79.5,302.89,1.34,300.94
2023-09-03,21.75,79.75,302.14,2.36,301.67
2023-09-04,20.75,78.75,303.69,0.99,300.3
2023-09-04,20.75,79.0,302.86,2.3,301.83
2023-09-04,20.75,79.25,301.53,0.78,301.08
2023-09-04,20.75,79.5,301.08,3.62,300.32
2023-09-04,20.75,79.75,304.05,0.85,301.21
2023-09-04,21.0,78.75,304.47,1.37,301.03
2023-09-04,21.0,79.0,304.74,0.8,300.96
2023-09-04,21.0,79.25,302.45,1.54,301.54
2023-09-04,21.0,79.5,303.71,1.62,301.33
2023-09-04,21.0,79.75,302.67,2.06,300.0
2023-09-04,21.25,78.75,302.62,2.32,301.2
2023-09-04,21.25,79.0,301.06,2.6,301.23
2023-09-04,21.25,79.25,300.49,1.77,300.91
2023-09-04,21.25,79.5,303.21,2.91,300.96
2023-09-04,21.25,79.75,302.31,0.97,299.86
2023-09-04,21.5,78.75,302.38,5.03,301.24
2023-09-04,21.5,79.0,305.58,0.83,300.93
2023-09-04,21.5,79.25,301.47,2.27,299.92
2023-09-04,21.5,79.5,303.74,1.77,301.36
2023-09-04,21.5,79.75,303.89,1.8,300.52
2023-09-04,21.75,78.75,303.11,4.16,301.28
2023-09-04,21.75,79.0,304.04,4.79,300.58
2023-09-04,21.75,79.25,302.87,7.68,301.18
2023-09-04,21.75,79.5,300.79,5.0,300.91
2023-09-04,21.75,79.75,304.84,2.1,300.96
2023-09-05,20.75,78.75,303.13,2.47,300.79
2023-09-05,20.75,79.0,301.72,2.48,300.61
2023-09-05,20.75,79.25,303.17,3.03,300.82
2023-09-05,20.75,79.5,304.18,3.84,301.48
2023-09-05,20.75,79.75,303.75,2.75,299.46
2023-09-05,21.0,78.75,301.02,2.64,301.2
2023-09-05,21.0,79.0,301.08,1.39,301.32
2023-09-05,21.0,79.25,301.54,0.97,300.69
2023-09-05,21.0,79.5,303.3,4.44,301.91
2023-09-05,21.0,79.75,304.34,3.79,300.63
2023-09-05,21.25,78.75,304.44,1.23,300.41
2023-09-05,21.25,79.0,301.32,1.14,300.99
2023-09-05,21.25,79.25,303.33,1.42,301.05
2023-09-05,21.25,79.5,301.38,2.15,299.84
2023-09-05,21.25,79.75,304.12,6.76,300.39
2023-09-05,21.5,78.75,302.78,1.15,300.78
2023-09-05,21.5,79.0,301.6,3.14,300.72
2023-09-05,21.5,79.25,304.01,0.74,301.01
2023-09-05,21.5,79.5,306.48,0.69,300.05
2023-09-05,21.5,79.75,302.68,1.12,301.28
2023-09-05,21.75,78.75,303.96,0.68,301.42
2023-09-05,21.75,79.0,304.83,3.16,300.56
2023-09-05,21.75,79.25,301.73,0.74,301.3
2023-09-05,21.75,79.5,301.84,1.52,299.64
2023-09-05,21.75,79.75,301.95,4.1,301.58
2023-09-06,20.75,78.75,303.33,2.48,300.36
2023-09-06,20.75,79.0,302.28,1.27,300.36
2023-09-06,20.75,79.25,302.06,3.93,300.4
2023-09-06,20.75,79.5,301.21,2.43,301.26
2023-09-06,20.75,79.75,301.16,3.78,301.25
2023-09-06,21.0,78.75,302.16,3.13,301.25
2023-09-06,21.0,79.0,302.91,1.57,300.4
2023-09-06,21.0,79.25,303.45,0.59,300.14
2023-09-06,21.0,79.5,301.53,3.22,300.59
2023-09-06,21.0,79.75,301.41,2.11,300.34
2023-09-06,21.25,78.75,300.0,1.68,301.35
2023-09-06,21.25,79.0,301.68,1.95,300.1
2023-09-06,21.25,79.25,301.13,1.84,301.19
2023-09-06,21.25,79.5,304.13,2.55,301.22
2023-09-06,21.25,79.75,301.37,1.48,301.53
2023-09-06,21.5,78.75,302.98,1.17,302.08
2023-09-06,21.5,79.0,301.86,1.75,300.74
2023-09-06,21.5,79.25,302.7,0.87,300.32
2023-09-06,21.5,79.5,303.43,5.67,301.43
2023-09-06,21.5,79.75,303.33,1.78,301.75
2023-09-06,21.75,78.75,299.35,5.85,300.55
2023-09-06,21.75,79.0,303.38,0.8,301.1
2023-09-06,21.75,79.25,305.04,1.09,300.62
2023-09-06,21.75,79.5,301.76,2.74,299.86
2023-09-06,21.75,79.75,302.29,1.54,300.63
2023-09-07,20.75,78.75,303.32,2.72,301.55
2023-09-07,20.75,79.0,301.67,2.96,300.46
2023-09-07,20.75,79.25,301.4,4.49,301.06
2023-09-07,20.75,79.5,298.88,1.07,301.11
2023-09-07,20.75,79.75,303.6,1.61,301.21
2023-09-07,21.0,78.75,303.02,1.22,300.64
2023-09-07,21.0,79.0,303.29,1.49,301.27
2023-09-07,21.0,79.25,300.66,1.98,300.95
2023-09-07,21.0,79.5,301.21,2.68,300.21
2023-09-07,21.0,79.75,299.29,0.54,301.02
2023-09-07,21.25,78.75,304.43,3.8,300.66
2023-09-07,21.25,79.0,302.97,1.98,300.6
2023-09-07,21.25,79.25,305.77,1.22,300.72
2023-09-07,21.25,79.5,301.16,4.12,300.88
2023-09-07,21.25,79.75,304.3,1.57,299.69
2023-09-07,21.5,78.75,301.95,4.35,301.54
2023-09-07,21.5,79.0,303.28,3.59,301.04
2023-09-07,21.5,79.25,302.5,0.99,301.23
2023-09-07,21.5,79.5,301.82,1.66,300.58
2023-09-07,21.5,79.75,302.17,0.96,300.18
2023-09-07,21.75,78.75,300.79,0.66,301.3
2023-09-07,21.75,79.0,301.86,1.58,300.92
2023-09-07,21.75,79.25,302.25,0.62,301.12
2023-09-07,21.75,79.5,303.63,2.05,300.2
2023-09-07,21.75,79.75,300.91,1.05,300.69
2023-09-08,20.75,78.75,300.65,1.97,301.47
2023-09-08,20.75,79.0,302.68,4.09,300.73
2023-09-08,20.75,79.25,300.65,2.14,301.33
2023-09-08,20.75,79.5,302.6,0.87,301.34
2023-09-08,20.75,79.75,304.19,1.33,301.29
2023-09-08,21.0,78.75,301.26,1.68,301.46
2023-09-08,21.0,79.0,302.85,1.34,300.84
2023-09-08,21.0,79.25,302.51,1.65,301.24
2023-09-08,21.0,79.5,302.03,3.81,300.45
2023-09-08,21.0,79.75,301.59,3.21,300.19
2023-09-08,21.25,78.75,300.88,1.62,301.45
2023-09-08,21.25,79.0,301.98,1.72,301.39
2023-09-08,21.25,79.25,301.86,1.14,300.94
2023-09-08,21.25,79.5,300.66,0.63,301.55
2023-09-08,21.25,79.75,301.23,0.81,300.74
2023-09-08,21.5,78.75,302.47,3.41,300.68
2023-09-08,21.5,79.0,300.79,1.38,300.54
2023-09-08,21.5,79.25,304.43,2.56,300.04
2023-09-08,21.5,79.5,304.24,0.83,300.94
2023-09-08,21.5,79.75,303.45,4.07,301.13
2023-09-08,21.75,78.75,301.25,1.94,301.11
2023-09-08,21.75,79.0,304.91,1.06,300.35
2023-09-08,21.75,79.25,301.37,2.57,300.94
2023-09-08,21.75,79.5,300.99,5.46,301.01
2023-09-08,21.75,79.75,302.35,1.09,300.6
2023-09-09,20.75,78.75,303.13,4.2,301.28
2023-09-09,20.75,79.0,302.66,0.57,300.32
2023-09-09,20.75,79.25,300.19,0.98,300.38
2023-09-09,20.75,79.5,300.72,0.79,301.17
2023-09-09,20.75,79.75,303.7,1.96,301.74
2023-09-09,21.0,78.75,300.94,1.89,301.35
2023-09-09,21.0,79.0,302.48,1.13,300.56
2023-09-09,21.0,79.25,302.82,2.8,301.33
2023-09-09,21.0,79.5,300.75,1.28,300.9
2023-09-09,21.0,79.75,301.03,3.38,300.51
2023-09-09,21.25,78.75,305.09,1.42,301.11
2023-09-09,21.25,79.0,301.74,2.42,301.03
2023-09-09,21.25,79.25,305.73,0.75,300.84
2023-09-09,21.25,79.5,304.74,1.27,301.52
2023-09-09,21.25,79.75,303.29,0.75,301.18
2023-09-09,21.5,78.75,300.56,5.03,300.46
2023-09-09,21.5,79.0,303.39,1.16,301.65
2023-09-09,21.5,79.25,304.01,0.8,301.23
2023-09-09,21.5,79.5,302.74,4.29,300.69
2023-09-09,21.5,79.75,305.88,0.87,301.27
2023-09-09,21.75,78.75,302.34,2.87,301.05
2023-09-09,21.75,79.0,299.93,0.96,300.51
2023-09-09,21.75,79.25,301.78,0.74,300.6
2023-09-09,21.75,79.5,301.6,3.94,300.86
2023-09-09,21.75,79.75,302.68,0.83,301.19
2023-09-10,20.75,78.75,302.89,4.53,300.41
2023-09-10,20.75,79.0,303.12,0.64,300.77
2023-09-10,20.75,79.25,302.91,3.26,300.96
2023-09-10,20.75,79.5,301.06,1.07,299.82
2023-09-10,20.75,79.75,304.27,2.57,300.32
2023-09-10,21.0,78.75,302.07,2.57,300.76
2023-09-10,21.0,79.0,304.01,2.24,301.7
2023-09-10,21.0,79.25,303.59,1.06,300.45
2023-09-10,21.0,79.5,302.93,6.18,301.28
2023-09-10,21.0,79.75,302.73,1.64,301.19
2023-09-10,21.25,78.75,300.19,3.04,301.54
2023-09-10,21.25,79.0,301.77,1.81,300.14
2023-09-10,21.25,79.25,302.24,1.48,301.57
2023-09-10,21.25,79.5,302.79,3.05,300.78
2023-09-10,21.25,79.75,302.08,2.72,300.41
2023-09-10,21.5,78.75,303.6,1.26,301.55
2023-09-10,21.5,79.0,302.79,3.09,301.13
2023-09-10,21.5,79.25,302.2,0.9,300.96
2023-09-10,21.5,79.5,302.98,0.43,300.37
2023-09-10,21.5,79.75,303.12,0.93,300.79
2023-09-10,21.75,78.75,303.45,1.23,300.11
2023-09-10,21.75,79.0,304.6,1.93,301.14
2023-09-10,21.75,79.25,304.57,2.02,300.67
2023-09-10,21.75,79.5,302.91,3.22,301.43
2023-09-10,21.75,79.75,302.38,0.47,300.84
2023-09-11,20.75,78.75,301.05,4.25,301.11
2023-09-11,20.75,79.0,303.48,1.92,300.15
2023-09-11,20.75,79.25,301.32,2.96,299.79
2023-09-11,20.75,79.5,302.43,2.03,301.23
2023-09-11,20.75,79.75,304.37,1.1,301.21
2023-09-11,21.0,78.75,302.37,2.77,300.62
2023-09-11,21.0,79.0,300.27,5.11,301.37
2023-09-11,21.0,79.25,301.95,5.25,301.79
2023-09-11,21.0,79.5,300.48,5.11,299.69
2023-09-11,21.0,79.75,299.26,5.54,301.44
2023-09-11,21.25,78.75,300.48,1.75,301.22
2023-09-11,21.25,79.0,302.07,3.84,301.26
2023-09-11,21.25,79.25,301.33,4.33,302.1
2023-09-11,21.25,79.5,302.87,3.49,300.39
2023-09-11,21.25,79.75,303.58,0.63,299.89
2023-09-11,21.5,78.75,300.61,1.24,301.06
2023-09-11,21.5,79.0,301.62,1.4,301.0
2023-09-11,21.5,79.25,304.89,0.38,300.18
2023-09-11,21.5,79.5,302.46,2.74,300.84
2023-09-11,21.5,79.75,301.94,6.9,300.82
2023-09-11,21.75,78.75,301.29,0.59,300.04
2023-09-11,21.75,79.0,300.52,1.59,300.86
2023-09-11,21.75,79.25,302.62,0.83,301.49
2023-09-11,21.75,79.5,300.63,0.83,300.76
2023-09-11,21.75,79.75,302.6,0.6,300.42
2023-09-12,20.75,78.75,302.52,0.34,300.47
2023-09-12,20.75,79.0,301.03,4.2,301.55
2023-09-12,20.75,79.25,303.08,2.74,300.12
2023-09-12,20.75,79.5,300.27,0.44,300.71
2023-09-12,20.75,79.75,301.36,4.3,300.39
2023-09-12,21.0,78.75,301.42,1.5,300.11
2023-09-12,21.0,79.0,302.82,2.04,300.97
2023-09-12,21.0,79.25,301.4,4.15,299.8
2023-09-12,21.0,79.5,300.32,0.3,300.54
2023-09-12,21.0,79.75,304.67,1.23,301.25
2023-09-12,21.25,78.75,300.24,3.03,300.57
2023-09-12,21.25,79.0,301.14,2.46,300.44
2023-09-12,21.25,79.25,300.69,0.63,300.79
2023-09-12,21.25,79.5,300.02,1.72,300.89
2023-09-12,21.25,79.75,301.57,1.2,301.1
2023-09-12,21.5,78.75,302.42,0.32,300.4
2023-09-12,21.5,79.0,298.79,0.96,300.18
2023-09-12,21.5,79.25,304.09,2.72,299.48
2023-09-12,21.5,79.5,300.57,0.97,299.57
2023-09-12,21.5,79.75,300.1,3.09,301.31
2023-09-12,21.75,78.75,304.41,1.47,301.21
2023-09-12,21.75,79.0,302.33,3.66,301.27
2023-09-12,21.75,79.25,302.15,10.21,300.76
2023-09-12,21.75,79.5,303.32,0.57,300.56
2023-09-12,21.75,79.75,301.96,0.37,301.47
2023-09-13,20.75,78.75,300.42,0.49,300.94
2023-09-13,20.75,79.0,300.6,0.92,301.73
2023-09-13,20.75,79.25,301.46,1.18,300.16
2023-09-13,20.75,79.5,301.34,0.43,300.79
2023-09-13,20.75,79.75,299.92,5.13,300.31
2023-09-13,21.0,78.75,300.75,1.71,302.23
2023-09-13,21.0,79.0,302.43,2.13,301.94
2023-09-13,21.0,79.25,302.13,0.69,299.94
2023-09-13,21.0,79.5,302.68,0.96,301.2
2023-09-13,21.0,79.75,301.37,5.16,300.59
2023-09-13,21.25,78.75,305.09,1.87,301.33
2023-09-13,21.25,79.0,300.95,4.25,300.89
2023-09-13,21.25,79.25,300.63,10.4,301.74
2023-09-13,21.25,79.5,300.75,0.36,300.07
2023-09-13,21.25,79.75,299.24,5.07,300.34
2023-09-13,21.5,78.75,302.05,1.34,302.28
2023-09-13,21.5,79.0,304.69,5.76,301.61
2023-09-13,21.5,79.25,302.21,2.14,301.19
2023-09-13,21.5,79.5,303.33,2.53,301.72
2023-09-13,21.5,79.75,303.3,0.57,300.87
2023-09-13,21.75,78.75,302.11,0.88,300.73
2023-09-13,21.75,79.0,302.57,3.81,301.2
2023-09-13,21.75,79.25,301.03,1.4,301.05
2023-09-13,21.75,79.5,300.81,4.18,301.2
2023-09-13,21.75,79.75,300.87,2.21,301.01
2023-09-14,20.75,78.75,300.81,2.44,300.82
2023-09-14,20.75,79.0,303.48,1.43,301.49
2023-09-14,20.75,79.25,299.07,1.57,301.25
2023-09-14,20.75,79.5,301.36,0.4,301.05
2023-09-14,20.75,79.75,301.32,1.09,300.34
2023-09-14,21.0,78.75,302.59,0.38,301.11
2023-09-14,21.0,79.0,302.46,1.24,301.13
2023-09-14,21.0,79.25,300.83,6.5,301.16
2023-09-14,21.0,79.5,301.68,4.37,301.49
2023-09-14,21.0,79.75,302.89,1.66,301.01
2023-09-14,21.25,78.75,300.52,0.92,301.71
2023-09-14,21.25,79.0,303.47,11.44,301.41
2023-09-14,21.25,79.25,300.79,1.68,301.5
2023-09-14,21.25,79.5,302.72,2.59,302.18
2023-09-14,21.25,79.75,299.82,1.71,301.2
2023-09-14,21.5,78.75,298.69,2.23,300.14
2023-09-14,21.5,79.0,303.63,1.15,301.06
2023-09-14,21.5,79.25,303.41,1.33,300.81
2023-09-14,21.5,79.5,302.06,7.24,300.6
2023-09-14,21.5,79.75,301.96,1.14,300.73
2023-09-14,21.75,78.75,303.69,2.69,301.74
2023-09-14,21.75,79.0,302.8,3.31,301.1
2023-09-14,21.75,79.25,301.65,0.42,300.49
2023-09-14,21.75,79.5,300.61,2.15,301.19
2023-09-14,21.75,79.75,302.15,2.22,300.54
2023-09-15,20.75,78.75,300.5,1.6,300.27
2023-09-15,20.75,79.0,303.32,0.83,300.97
2023-09-15,20.75,79.25,301.57,1.1,300.91
2023-09-15,20.75,79.5,297.42,4.3,300.75
2023-09-15,20.75,79.75,300.21,4.5,301.29
2023-09-15,21.0,78.75,301.52,1.3,300.87
2023-09-15,21.0,79.0,300.59,1.79,300.95
2023-09-15,21.0,79.25,302.76,3.61,301.11
2023-09-15,21.0,79.5,300.72,0.24,302.2
2023-09-15,21.0,79.75,300.97,1.71,300.31
2023-09-15,21.25,78.75,301.78,0.5,300.0
2023-09-15,21.25,79.0,302.92,2.14,301.98
2023-09-15,21.25,79.25,300.07,2.02,301.29
2023-09-15,21.25,79.5,301.71,0.94,300.92
2023-09-15,21.25,79.75,300.44,6.13,301.47
2023-09-15,21.5,78.75,302.07,0.94,301.69
2023-09-15,21.5,79.0,302.57,0.1,300.36
2023-09-15,21.5,79.25,302.08,0.62,300.63
2023-09-15,21.5,79.5,299.12,0.8,300.64
2023-09-15,21.5,79.75,301.17,2.69,300.47
2023-09-15,21.75,78.75,301.4,3.44,300.65
2023-09-15,21.75,79.0,300.95,1.3,300.68
2023-09-15,21.75,79.25,300.62,0.5,301.04
2023-09-15,21.75,79.5,300.39,1.62,301.27
2023-09-15,21.75,79.75,301.21,5.82,300.82
2023-09-16,20.75,78.75,299.38,3.39,300.92
2023-09-16,20.75,79.0,299.47,7.29,301.58
2023-09-16,20.75,79.25,299.39,1.27,300.74
2023-09-16,20.75,79.5,301.67,4.52,301.11
2023-09-16,20.75,79.75,301.18,0.32,300.46
2023-09-16,21.0,78.75,298.78,3.08,300.75
2023-09-16,21.0,79.0,300.07,1.65,301.24
2023-09-16,21.0,79.25,302.14,1.85,300.67
2023-09-16,21.0,79.5,300.78,2.01,301.03
2023-09-16,21.0,79.75,300.21,0.04,300.65
2023-09-16,21.25,78.75,300.15,0.34,300.53
2023-09-16,21.25,79.0,299.26,2.37,300.41
2023-09-16,21.25,79.25,300.22,1.7,301.34
2023-09-16,21.25,79.5,301.05,2.11,301.31
2023-09-16,21.25,79.75,303.95,1.33,300.51
2023-09-16,21.5,78.75,299.86,0.86,301.45
2023-09-16,21.5,79.0,301.22,0.45,301.33
2023-09-16,21.5,79.25,303.65,1.44,301.18
2023-09-16,21.5,79.5,302.18,4.49,300.81
2023-09-16,21.5,79.75,300.41,3.28,300.86
2023-09-16,21.75,78.75,301.18,0.99,300.99
2023-09-16,21.75,79.0,297.9,5.17,300.63
2023-09-16,21.75,79.25,303.88,1.08,301.11
2023-09-16,21.75,79.5,299.06,0.35,300.85
2023-09-16,21.75,79.75,302.42,0.61,300.89
2023-09-17,20.75,78.75,300.11,1.29,301.17
2023-09-17,20.75,79.0,300.02,4.87,300.42
2023-09-17,20.75,79.25,300.68,1.13,301.55
2023-09-17,20.75,79.5,302.79,0.15,301.01
2023-09-17,20.75,79.75,300.25,0.81,300.47
2023-09-17,21.0,78.75,300.53,0.87,301.18
2023-09-17,21.0,79.0,301.07,1.32,301.09
2023-09-17,21.0,79.25,302.75,2.39,300.56
2023-09-17,21.0,79.5,304.42,0.98,300.5
2023-09-17,21.0,79.75,299.28,4.13,301.43
2023-09-17,21.25,78.75,301.38,0.91,301.51
2023-09-17,21.25,79.0,301.53,5.37,300.9
2023-09-17,21.25,79.25,301.7,0.88,301.19
2023-09-17,21.25,79.5,300.65,0.61,300.72
2023-09-17,21.25,79.75,299.3,0.81,300.5
2023-09-17,21.5,78.75,302.85,0.48,300.44
2023-09-17,21.5,79.0,304.81,2.66,301.67
2023-09-17,21.5,79.25,298.56,7.27,300.87
2023-09-17,21.5,79.5,302.81,1.74,300.81
2023-09-17,21.5,79.75,300.23,0.65,300.59
2023-09-17,21.75,78.75,299.88,1.17,300.54
2023-09-17,21.75,79.0,300.23,2.19,300.43
2023-09-17,21.75,79.25,303.99,1.02,300.75
2023-09-17,21.75,79.5,299.96,4.04,300.47
2023-09-17,21.75,79.75,302.51,5.04,300.6
2023-09-18,20.75,78.75,299.86,1.37,300.42
2023-09-18,20.75,79.0,300.1,1.31,301.16
2023-09-18,20.75,79.25,300.11,2.92,300.36
2023-09-18,20.75,79.5,299.68,7.15,300.98
2023-09-18,20.75,79.75,298.92,3.16,301.5
2023-09-18,21.0,78.75,300.65,2.95,300.73
2023-09-18,21.0,79.0,299.38,6.81,299.84
2023-09-18,21.0,79.25,300.22,2.74,300.37
2023-09-18,21.0,79.5,301.91,1.2,301.42
2023-09-18,21.0,79.75,300.68,2.14,300.98
2023-09-18,21.25,78.75,299.82,1.62,300.85
2023-09-18,21.25,79.0,303.23,10.97,302.03
2023-09-18,21.25,79.25,298.58,1.74,302.07
2023-09-18,21.25,79.5,302.16,2.76,300.55
2023-09-18,21.25,79.75,300.02,5.59,301.96
2023-09-18,21.5,78.75,301.02,0.17,301.67
2023-09-18,21.5,79.0,300.22,4.62,300.76
2023-09-18,21.5,79.25,301.05,6.42,301.0
2023-09-18,21.5,79.5,298.61,7.72,300.33
2023-09-18,21.5,79.75,301.65,1.86,300.87
2023-09-18,21.75,78.75,300.05,1.51,300.96
2023-09-18,21.75,79.0,302.02,2.88,300.4
2023-09-18,21.75,79.25,300.49,0.92,301.91
2023-09-18,21.75,79.5,301.56,1.19,300.71
2023-09-18,21.75,79.75,302.15,0.01,301.02
2023-09-19,20.75,78.75,302.06,2.52,299.93
2023-09-19,20.75,79.0,296.49,2.28,300.38
2023-09-19,20.75,79.25,301.27,3.62,300.46
2023-09-19,20.75,79.5,301.93,0.0,300.12
2023-09-19,20.75,79.75,299.57,0.59,301.28
2023-09-19,21.0,78.75,301.85,0.0,300.83
2023-09-19,21.0,79.0,301.34,2.36,300.27
2023-09-19,21.0,79.25,298.29,0.57,300.59
2023-09-19,21.0,79.5,300.23,1.86,301.1
2023-09-19,21.0,79.75,299.14,1.45,300.06
2023-09-19,21.25,78.75,299.61,0.1,301.2
2023-09-19,21.25,79.0,301.09,1.26,300.92
2023-09-19,21.25,79.25,302.95,6.97,301.33
2023-09-19,21.25,79.5,301.08,5.09,300.45
2023-09-19,21.25,79.75,303.96,6.4,301.05
2023-09-19,21.5,78.75,301.47,0.16,301.42
2023-09-19,21.5,79.0,302.21,1.95,301.1
2023-09-19,21.5,79.25,299.48,0.06,301.04
2023-09-19,21.5,79.5,299.12,5.94,301.82
2023-09-19,21.5,79.75,301.99,6.91,301.4
2023-09-19,21.75,78.75,301.54,1.02,301.5
2023-09-19,21.75,79.0,300.67,2.3,301.62
2023-09-19,21.75,79.25,302.01,0.18,300.96
2023-09-19,21.75,79.5,300.1,0.83,300.49
2023-09-19,21.75,79.75,299.54,0.36,302.12
2023-09-20,20.75,78.75,300.02,0.14,300.82
2023-09-20,20.75,79.0,301.04,3.78,300.86
2023-09-20,20.75,79.25,299.65,2.14,300.84
2023-09-20,20.75,79.5,300.79,9.06,301.01
2023-09-20,20.75,79.75,300.7,2.74,300.99
2023-09-20,21.0,78.75,300.06,4.86,300.81
2023-09-20,21.0,79.0,298.75,0.34,301.04
2023-09-20,21.0,79.25,299.02,7.0,301.5
2023-09-20,21.0,79.5,300.49,0.2,300.26
2023-09-20,21.0,79.75,301.63,0.36,301.32
2023-09-20,21.25,78.75,301.16,0.81,300.37
2023-09-20,21.25,79.0,299.91,16.08,300.87
2023-09-20,21.25,79.25,300.45,3.62,301.47
2023-09-20,21.25,79.5,298.25,0.78,301.74
2023-09-20,21.25,79.75,298.03,3.44,300.32
2023-09-20,21.5,78.75,299.36,1.74,300.92
2023-09-20,21.5,79.0,298.28,0.0,300.88
2023-09-20,21.5,79.25,301.58,0.5,300.74
2023-09-20,21.5,79.5,299.65,2.12,300.91
2023-09-20,21.5,79.75,300.68,0.1,301.12
2023-09-20,21.75,78.75,301.38,10.02,301.45
2023-09-20,21.75,79.0,301.97,8.29,300.25
2023-09-20,21.75,79.25,300.12,1.74,301.03
2023-09-20,21.75,79.5,300.93,1.04,300.55
2023-09-20,21.75,79.75,302.82,2.92,301.54
2023-09-21,20.75,78.75,302.46,2.18,300.88
2023-09-21,20.75,79.0,302.09,0.0,300.26
2023-09-21,20.75,79.25,300.35,1.28,301.49
2023-09-21,20.75,79.5,300.16,0.0,301.69
2023-09-21,20.75,79.75,298.84,1.93,300.9
2023-09-21,21.0,78.75,299.86,2.66,301.79
2023-09-21,21.0,79.0,298.34,1.01,301.28
2023-09-21,21.0,79.25,302.3,0.22,300.97
2023-09-21,21.0,79.5,301.98,0.26,300.75
2023-09-21,21.0,79.75,300.99,1.38,301.83
2023-09-21,21.25,78.75,301.92,17.79,301.74
2023-09-21,21.25,79.0,303.16,3.48,301.13
2023-09-21,21.25,79.25,302.45,2.7,301.24
2023-09-21,21.25,79.5,301.59,0.54,300.26
2023-09-21,21.25,79.75,299.54,0.61,300.95
2023-09-21,21.5,78.75,299.84,1.81,300.4
2023-09-21,21.5,79.0,301.45,0.67,301.59
2023-09-21,21.5,79.25,300.91,0.15,301.14
2023-09-21,21.5,79.5,300.85,3.47,301.04
2023-09-21,21.5,79.75,300.19,1.76,301.46
2023-09-21,21.75,78.75,299.68,6.63,301.53
2023-09-21,21.75,79.0,302.87,0.48,301.39
2023-09-21,21.75,79.25,298.97,0.0,301.64
2023-09-21,21.75,79.5,301.66,1.22,301.33
2023-09-21,21.75,79.75,299.52,0.0,300.16
2023-09-22,20.75,78.75,299.48,3.37,301.14
2023-09-22,20.75,79.0,299.03,0.48,299.94
2023-09-22,20.75,79.25,298.63,1.76,301.5
2023-09-22,20.75,79.5,299.35,0.0,302.23
2023-09-22,20.75,79.75,301.98,2.99,301.16
2023-09-22,21.0,78.75,303.68,0.29,301.44
2023-09-22,21.0,79.0,301.72,0.58,300.94
2023-09-22,21.0,79.25,302.34,1.07,301.22
2023-09-22,21.0,79.5,301.14,1.43,301.11
2023-09-22,21.0,79.75,302.22,0.0,301.05
2023-09-22,21.25,78.75,298.15,3.09,301.0
2023-09-22,21.25,79.0,298.67,2.16,301.12
2023-09-22,21.25,79.25,302.8,0.64,300.72
2023-09-22,21.25,79.5,301.72,2.69,300.69
2023-09-22,21.25,79.75,300.96,0.31,301.04
2023-09-22,21.5,78.75,300.44,0.81,301.65
2023-09-22,21.5,79.0,300.3,1.01,301.55
2023-09-22,21.5,79.25,301.05,0.04,300.97
2023-09-22,21.5,79.5,299.59,1.14,301.76
2023-09-22,21.5,79.75,297.19,0.09,301.04
2023-09-22,21.75,78.75,299.8,2.67,301.07
2023-09-22,21.75,79.0,300.12,3.28,301.59
2023-09-22,21.75,79.25,300.9,0.37,300.6
2023-09-22,21.75,79.5,300.67,4.2,300.86
2023-09-22,21.75,79.75,300.61,0.94,301.14
2023-09-23,20.75,78.75,297.78,0.17,301.44
2023-09-23,20.75,79.0,298.31,3.56,301.37
2023-09-23,20.75,79.25,299.6,0.12,300.99
2023-09-23,20.75,79.5,300.58,1.8,301.58
2023-09-23,20.75,79.75,298.46,0.19,301.01
2023-09-23,21.0,78.75,297.73,1.36,300.69
2023-09-23,21.0,79.0,297.48,0.01,300.99
2023-09-23,21.0,79.25,299.9,0.0,300.87
2023-09-23,21.0,79.5,302.1,1.08,301.19
2023-09-23,21.0,79.75,300.79,1.37,300.86
2023-09-23,21.25,78.75,299.09,0.12,300.74
2023-09-23,21.25,79.0,300.33,0.0,300.63
2023-09-23,21.25,79.25,299.97,0.4,300.79
2023-09-23,21.25,79.5,301.55,0.0,300.32
2023-09-23,21.25,79.75,301.53,2.06,300.77
2023-09-23,21.5,78.75,299.63,2.72,300.09
2023-09-23,21.5,79.0,299.93,0.0,300.98
2023-09-23,21.5,79.25,299.46,0.37,301.66
2023-09-23,21.5,79.5,300.47,0.96,301.62
2023-09-23,21.5,79.75,298.04,0.0,301.42
2023-09-23,21.75,78.75,300.17,1.07,301.44
2023-09-23,21.75,79.0,302.11,0.53,300.71
2023-09-23,21.75,79.25,299.13,2.46,301.46
2023-09-23,21.75,79.5,301.37,0.0,302.28
2023-09-23,21.75,79.75,300.69,0.01,300.26
2023-09-24,20.75,78.75,300.94,3.62,301.45
2023-09-24,20.75,79.0,302.86,0.33,301.02
2023-09-24,20.75,79.25,300.48,0.0,301.14
2023-09-24,20.75,79.5,299.55,0.17,301.5
2023-09-24,20.75,79.75,299.88,0.83,301.15
2023-09-24,21.0,78.75,299.43,4.49,301.29
2023-09-24,21.0,79.0,299.62,1.21,300.55
2023-09-24,21.0,79.25,298.64,2.58,300.05
2023-09-24,21.0,79.5,299.79,1.65,300.91
2023-09-24,21.0,79.75,298.42,8.91,300.28
2023-09-24,21.25,78.75,298.31,0.0,301.49
2023-09-24,21.25,79.0,295.03,7.67,300.89
2023-09-24,21.25,79.25,298.44,3.13,301.53
2023-09-24,21.25,79.5,298.56,4.11,302.31
2023-09-24,21.25,79.75,298.03,0.13,300.46
2023-09-24,21.5,78.75,300.55,1.84,302.4
2023-09-24,21.5,79.0,301.06,0.57,300.87
2023-09-24,21.5,79.25,303.65,2.04,301.12
2023-09-24,21.5,79.5,298.77,0.99,301.8
2023-09-24,21.5,79.75,299.18,0.92,300.8
2023-09-24,21.75,78.75,304.02,2.3,301.27
2023-09-24,21.75,79.0,301.37,4.31,300.57
2023-09-24,21.75,79.25,299.14,3.14,300.4
2023-09-24,21.75,79.5,299.86,0.0,301.89
2023-09-24,21.75,79.75,299.66,1.42,301.34
2023-09-25,20.75,78.75,298.64,0.6,301.33
2023-09-25,20.75,79.0,298.39,0.61,300.55
2023-09-25,20.75,79.25,299.45,3.54,301.7
2023-09-25,20.75,79.5,298.35,0.11,301.42
2023-09-25,20.75,79.75,299.44,0.05,301.25
2023-09-25,21.0,78.75,300.76,0.38,300.54
2023-09-25,21.0,79.0,301.37,0.85,301.32
2023-09-25,21.0,79.25,300.35,2.46,300.87
2023-09-25,21.0,79.5,299.76,0.0,301.17
2023-09-25,21.0,79.75,298.57,3.78,300.26
2023-09-25,21.25,78.75,296.95,0.22,300.19
2023-09-25,21.25,79.0,301.66,7.88,300.67
2023-09-25,21.25,79.25,302.77,1.61,301.04
2023-09-25,21.25,79.5,302.39,1.76,300.97
2023-09-25,21.25,79.75,300.37,0.6,300.45
2023-09-25,21.5,78.75,301.46,0.06,301.75
2023-09-25,21.5,79.0,299.41,0.27,300.82
2023-09-25,21.5,79.25,298.61,2.27,301.46
2023-09-25,21.5,79.5,302.85,2.23,301.39
2023-09-25,21.5,79.75,300.43,1.78,301.9
2023-09-25,21.75,78.75,298.83,1.28,300.57
2023-09-25,21.75,79.0,298.14,1.84,300.84
2023-09-25,21.75,79.25,298.92,2.08,300.95
2023-09-25,21.75,79.5,301.43,0.51,301.54
2023-09-25,21.75,79.75,301.84,0.22,300.51
2023-09-26,20.75,78.75,297.64,0.0,300.63
2023-09-26,20.75,79.0,298.87,0.0,300.53
2023-09-26,20.75,79.25,297.86,0.0,301.34
2023-09-26,20.75,79.5,298.6,1.78,300.85
2023-09-26,20.75,79.75,298.09,0.16,301.75
2023-09-26,21.0,78.75,300.18,0.0,301.05
2023-09-26,21.0,79.0,298.82,3.08,300.8
2023-09-26,21.0,79.25,298.66,1.13,301.18
2023-09-26,21.0,79.5,300.13,3.64,301.63
2023-09-26,21.0,79.75,297.11,0.22,301.06
2023-09-26,21.25,78.75,301.96,0.48,301.7
2023-09-26,21.25,79.0,299.59,1.16,301.09
2023-09-26,21.25,79.25,302.05,0.0,300.67
2023-09-26,21.25,79.5,304.24,0.18,301.4
2023-09-26,21.25,79.75,298.05,1.03,301.39
2023-09-26,21.5,78.75,302.05,0.9,299.73
2023-09-26,21.5,79.0,299.7,0.45,301.92
2023-09-26,21.5,79.25,301.02,0.17,301.54
2023-09-26,21.5,79.5,302.29,0.33,300.39
2023-09-26,21.5,79.75,300.27,0.09,301.46
2023-09-26,21.75,78.75,301.76,1.62,301.2
2023-09-26,21.75,79.0,299.33,0.0,301.06
2023-09-26,21.75,79.25,303.45,0.82,300.97
2023-09-26,21.75,79.5,300.12,0.52,300.58
2023-09-26,21.75,79.75,301.8,4.65,301.1
2023-09-27,20.75,78.75,299.11,4.59,301.35
2023-09-27,20.75,79.0,298.36,0.27,300.96
2023-09-27,20.75,79.25,299.48,1.81,300.65
2023-09-27,20.75,79.5,297.83,0.76,301.59
2023-09-27,20.75,79.75,300.03,0.25,301.41
2023-09-27,21.0,78.75,301.54,1.1,300.6
2023-09-27,21.0,79.0,301.7,0.21,301.86
2023-09-27,21.0,79.25,300.78,1.03,301.1
2023-09-27,21.0,79.5,298.9,0.0,301.76
2023-09-27,21.0,79.75,300.91,1.64,300.5
2023-09-27,21.25,78.75,299.5,1.61,301.2
2023-09-27,21.25,79.0,297.26,0.07,300.81
2023-09-27,21.25,79.25,300.29,1.43,301.37
2023-09-27,21.25,79.5,300.63,1.15,301.01
2023-09-27,21.25,79.75,302.95,0.37,301.91
2023-09-27,21.5,78.75,300.02,0.0,301.6
2023-09-27,21.5,79.0,299.13,2.54,302.67
2023-09-27,21.5,79.25,298.6,0.11,300.85
2023-09-27,21.5,79.5,300.54,6.61,300.31
2023-09-27,21.5,79.75,299.38,0.0,301.5
2023-09-27,21.75,78.75,299.01,1.74,301.86
2023-09-27,21.75,79.0,297.69,3.89,300.63
2023-09-27,21.75,79.25,301.47,10.14,300.17
2023-09-27,21.75,79.5,299.43,0.66,301.7
2023-09-27,21.75,79.75,300.28,2.65,300.67
2023-09-28,20.75,78.75,299.53,1.45,301.19
2023-09-28,20.75,79.0,297.73,0.0,301.02
2023-09-28,20.75,79.25,296.45,9.08,301.16
2023-09-28,20.75,79.5,298.16,0.0,301.42
2023-09-28,20.75,79.75,301.58,0.0,302.21
2023-09-28,21.0,78.75,299.82,0.11,301.52
2023-09-28,21.0,79.0,299.46,0.0,300.34
2023-09-28,21.0,79.25,296.25,0.0,301.19
2023-09-28,21.0,79.5,300.48,3.2,301.43
2023-09-28,21.0,79.75,295.6,1.1,301.02
2023-09-28,21.25,78.75,298.81,1.78,300.78
2023-09-28,21.25,79.0,298.48,0.21,300.82
2023-09-28,21.25,79.25,299.9,1.19,301.4
2023-09-28,21.25,79.5,299.0,0.21,302.03
2023-09-28,21.25,79.75,300.54,0.01,301.43
2023-09-28,21.5,78.75,296.31,0.0,302.65
2023-09-28,21.5,79.0,298.35,2.06,301.4
2023-09-28,21.5,79.25,298.97,0.0,301.41
2023-09-28,21.5,79.5,301.09,5.33,300.75
2023-09-28,21.5,79.75,298.08,0.49,300.71
2023-09-28,21.75,78.75,298.96,1.32,301.49
2023-09-28,21.75,79.0,299.8,4.41,301.28
2023-09-28,21.75,79.25,299.93,0.67,300.51
2023-09-28,21.75,79.5,296.41,2.02,301.01
2023-09-28,21.75,79.75,298.88,1.61,300.78
2023-09-29,20.75,78.75,299.51,0.45,301.35
2023-09-29,20.75,79.0,298.03,2.37,302.23
2023-09-29,20.75,79.25,295.89,8.81,300.66
2023-09-29,20.75,79.5,300.37,0.79,300.66
2023-09-29,20.75,79.75,297.5,4.65,300.83
2023-09-29,21.0,78.75,299.86,4.87,300.37
2023-09-29,21.0,79.0,299.42,3.25,300.88
2023-09-29,21.0,79.25,299.13,0.67,301.2
2023-09-29,21.0,79.5,300.59,0.26,301.21
2023-09-29,21.0,79.75,300.02,0.0,300.31
2023-09-29,21.25,78.75,296.76,0.34,300.53
2023-09-29,21.25,79.0,298.87,3.3,301.01
2023-09-29,21.25,79.25,299.41,2.75,300.99
2023-09-29,21.25,79.5,295.96,0.15,301.68
2023-09-29,21.25,79.75,300.12,0.85,301.27
2023-09-29,21.5,78.75,298.1,0.0,301.49
2023-09-29,21.5,79.0,297.63,2.65,300.96
2023-09-29,21.5,79.25,300.94,0.0,300.88
2023-09-29,21.5,79.5,300.3,0.0,301.13
2023-09-29,21.5,79.75,301.66,0.2,302.27
2023-09-29,21.75,78.75,300.77,0.0,300.47
2023-09-29,21.75,79.0,299.7,3.92,300.87
2023-09-29,21.75,79.25,298.9,0.0,300.79
2023-09-29,21.75,79.5,299.74,0.0,300.55
2023-09-29,21.75,79.75,300.24,0.0,302.1
2023-09-30,20.75,78.75,298.46,2.68,300.61
2023-09-30,20.75,79.0,298.42,1.68,301.08
2023-09-30,20.75,79.25,295.53,0.0,301.58
2023-09-30,20.75,79.5,301.04,1.66,301.35
2023-09-30,20.75,79.75,298.77,4.74,301.01
2023-09-30,21.0,78.75,299.08,2.39,301.51
2023-09-30,21.0,79.0,299.1,0.21,302.05
2023-09-30,21.0,79.25,295.87,0.0,301.75
2023-09-30,21.0,79.5,299.35,1.44,301.13
2023-09-30,21.0,79.75,299.54,4.95,300.93
2023-09-30,21.25,78.75,298.52,0.0,301.32
2023-09-30,21.25,79.0,301.16,1.02,301.43
2023-09-30,21.25,79.25,299.22,0.0,301.14
2023-09-30,21.25,79.5,294.1,0.06,300.58
2023-09-30,21.25,79.75,298.1,1.13,300.73
2023-09-30,21.5,78.75,299.58,2.44,301.43
2023-09-30,21.5,79.0,300.69,0.19,300.67
2023-09-30,21.5,79.25,298.94,0.0,301.32
2023-09-30,21.5,79.5,300.88,1.62,300.66
2023-09-30,21.5,79.75,298.77,0.41,301.52
2023-09-30,21.75,78.75,298.62,2.0,300.89
2023-09-30,21.75,79.0,300.16,0.0,301.77
2023-09-30,21.75,79.25,299.5,1.91,300.15
2023-09-30,21.75,79.5,299.78,0.0,300.84
2023-09-30,21.75,79.75,297.97,0.0,301.36
2023-10-01,20.75,78.75,298.78,0.56,300.45
2023-10-01,20.75,79.0,299.96,2.31,301.35
2023-10-01,20.75,79.25,300.4,5.51,301.09
2023-10-01,20.75,79.5,298.29,1.87,301.14
2023-10-01,20.75,79.75,299.32,0.0,302.07
2023-10-01,21.0,78.75,299.81,0.0,301.45
2023-10-01,21.0,79.0,300.11,0.7,301.57
2023-10-01,21.0,79.25,301.11,2.14,300.63
2023-10-01,21.0,79.5,301.87,0.08,300.71
2023-10-01,21.0,79.75,298.98,1.04,301.93
2023-10-01,21.25,78.75,296.58,0.07,302.04
2023-10-01,21.25,79.0,300.93,2.52,301.01
2023-10-01,21.25,79.25,297.16,2.1,301.01
2023-10-01,21.25,79.5,300.46,2.54,301.63
2023-10-01,21.25,79.75,299.0,0.0,302.12
2023-10-01,21.5,78.75,300.51,0.28,300.77
2023-10-01,21.5,79.0,298.28,0.0,301.59
2023-10-01,21.5,79.25,300.1,0.0,302.13
2023-10-01,21.5,79.5,297.66,1.57,300.95
2023-10-01,21.5,79.75,300.55,1.66,301.0
2023-10-01,21.75,78.75,297.91,0.0,301.18
2023-10-01,21.75,79.0,298.7,3.13,301.54
2023-10-01,21.75,79.25,296.87,0.0,300.58
2023-10-01,21.75,79.5,298.46,0.0,301.21
2023-10-01,21.75,79.75,300.63,0.03,301.5
2023-10-02,20.75,78.75,297.62,0.25,301.65
2023-10-02,20.75,79.0,299.45,0.25,300.09
2023-10-02,20.75,79.25,296.45,0.0,301.68
2023-10-02,20.75,79.5,298.37,11.0,300.94
2023-10-02,20.75,79.75,299.8,1.36,301.06
2023-10-02,21.0,78.75,301.05,0.0,301.4
2023-10-02,21.0,79.0,295.47,0.24,301.32
2023-10-02,21.0,79.25,295.19,10.42,300.8
2023-10-02,21.0,79.5,301.25,0.0,301.25
2023-10-02,21.0,79.75,302.29,2.62,300.89
2023-10-02,21.25,78.75,296.99,0.87,300.35
2023-10-02,21.25,79.0,299.36,0.28,300.93
2023-10-02,21.25,79.25,299.63,0.38,301.4
2023-10-02,21.25,79.5,295.01,4.54,300.85
2023-10-02,21.25,79.75,299.63,0.0,301.1
2023-10-02,21.5,78.75,300.4,0.59,300.7
2023-10-02,21.5,79.0,298.38,0.37,301.41
2023-10-02,21.5,79.25,299.75,1.12,301.28
2023-10-02,21.5,79.5,299.24,0.0,301.35
2023-10-02,21.5,79.75,301.61,0.87,300.79
2023-10-02,21.75,78.75,298.95,1.81,300.83
2023-10-02,21.75,79.0,300.58,0.01,300.65
2023-10-02,21.75,79.25,298.87,5.83,301.21
2023-10-02,21.75,79.5,298.67,0.53,300.26
2023-10-02,21.75,79.75,298.78,0.39,301.2
2023-10-03,20.75,78.75,296.59,0.55,300.81
2023-10-03,20.75,79.0,296.46,2.52,301.31
2023-10-03,20.75,79.25,296.83,0.74,301.58
2023-10-03,20.75,79.5,299.32,0.11,301.27
2023-10-03,20.75,79.75,298.08,0.0,300.95
2023-10-03,21.0,78.75,297.3,3.14,301.17
2023-10-03,21.0,79.0,301.16,0.0,301.5
2023-10-03,21.0,79.25,297.2,0.03,301.63
2023-10-03,21.0,79.5,297.49,1.57,301.26
2023-10-03,21.0,79.75,298.6,2.66,302.06
2023-10-03,21.25,78.75,298.33,0.03,302.15
2023-10-03,21.25,79.0,298.4,0.0,300.99
2023-10-03,21.25,79.25,304.1,0.0,301.26
2023-10-03,21.25,79.5,298.6,0.06,300.96
2023-10-03,21.25,79.75,300.99,0.78,301.27
2023-10-03,21.5,78.75,300.44,0.0,300.48
2023-10-03,21.5,79.0,298.44,1.69,301.68
2023-10-03,21.5,79.25,300.4,1.41,300.46
2023-10-03,21.5,79.5,297.81,1.43,301.25
2023-10-03,21.5,79.75,299.3,0.0,300.81
2023-10-03,21.75,78.75,298.36,2.95,301.28
2023-10-03,21.75,79.0,299.22,1.85,300.66
2023-10-03,21.75,79.25,297.52,3.77,300.48
2023-10-03,21.75,79.5,299.5,0.0,301.78
2023-10-03,21.75,79.75,297.37,2.05,302.37
2023-10-04,20.75,78.75,300.15,0.0,301.43
2023-10-04,20.75,79.0,298.69,3.16,301.26
2023-10-04,20.75,79.25,299.34,1.09,300.93
2023-10-04,20.75,79.5,295.57,1.27,301.57
2023-10-04,20.75,79.75,299.23,8.7,302.02
2023-10-04,21.0,78.75,298.61,0.57,301.21
2023-10-04,21.0,79.0,294.25,5.27,301.51
2023-10-04,21.0,79.25,301.75,1.5,301.83
2023-10-04,21.0,79.5,298.67,0.0,301.62
2023-10-04,21.0,79.75,296.93,2.03,301.39
2023-10-04,21.25,78.75,301.16,1.4,300.75
2023-10-04,21.25,79.0,296.1,0.0,301.43
2023-10-04,21.25,79.25,296.8,0.0,301.51
2023-10-04,21.25,79.5,299.65,0.0,300.82
2023-10-04,21.25,79.75,296.4,1.44,300.88
2023-10-04,21.5,78.75,297.31,1.24,300.61
2023-10-04,21.5,79.0,298.64,0.66,301.27
2023-10-04,21.5,79.25,298.75,0.7,302.16
2023-10-04,21.5,79.5,296.71,0.33,302.41
2023-10-04,21.5,79.75,300.58,0.0,300.81
2023-10-04,21.75,78.75,296.15,0.0,300.68
2023-10-04,21.75,79.0,298.7,0.0,300.54
2023-10-04,21.75,79.25,297.85,0.0,300.97
2023-10-04,21.75,79.5,296.26,0.0,300.68
2023-10-04,21.75,79.75,297.02,0.0,301.49
2023-10-05,20.75,78.75,295.05,1.16,302.42
2023-10-05,20.75,79.0,299.43,0.17,301.57
2023-10-05,20.75,79.25,298.68,1.29,301.53
2023-10-05,20.75,79.5,298.98,2.87,300.34
2023-10-05,20.75,79.75,301.83,0.28,300.22
2023-10-05,21.0,78.75,300.03,3.14,300.75
2023-10-05,21.0,79.0,298.64,3.04,301.38
2023-10-05,21.0,79.25,297.15,2.72,301.8
2023-10-05,21.0,79.5,298.08,1.9,301.24
2023-10-05,21.0,79.75,299.63,18.45,300.99
2023-10-05,21.25,78.75,298.58,1.0,300.48
2023-10-05,21.25,79.0,299.4,0.3,301.4
2023-10-05,21.25,79.25,297.04,0.47,301.45
2023-10-05,21.25,79.5,299.68,1.54,301.46
2023-10-05,21.25,79.75,298.04,4.53,301.59
2023-10-05,21.5,78.75,298.09,2.61,301.13
2023-10-05,21.5,79.0,298.43,0.0,301.49
2023-10-05,21.5,79.25,300.35,1.45,301.47
2023-10-05,21.5,79.5,298.65,5.32,301.09
2023-10-05,21.5,79.75,296.65,1.44,301.02
2023-10-05,21.75,78.75,297.33,0.23,301.19
2023-10-05,21.75,79.0,295.81,1.65,301.85
2023-10-05,21.75,79.25,298.88,0.42,301.13
2023-10-05,21.75,79.5,300.2,1.95,302.45
2023-10-05,21.75,79.75,298.06,0.0,302.0
2023-10-06,20.75,78.75,300.13,3.17,301.33
2023-10-06,20.75,79.0,297.06,0.8,302.06
2023-10-06,20.75,79.25,299.6,1.17,301.14
2023-10-06,20.75,79.5,298.84,2.93,301.4
2023-10-06,20.75,79.75,297.39,0.0,300.67
2023-10-06,21.0,78.75,295.28,0.37,301.34
2023-10-06,21.0,79.0,299.19,0.0,301.96
2023-10-06,21.0,79.25,297.6,0.44,302.43
2023-10-06,21.0,79.5,299.03,0.9,301.35
2023-10-06,21.0,79.75,298.12,3.3,301.36
2023-10-06,21.25,78.75,297.95,3.98,301.71
2023-10-06,21.25,79.0,297.29,0.0,300.61
2023-10-06,21.25,79.25,298.95,0.0,302.75
2023-10-06,21.25,79.5,299.37,0.0,301.2
2023-10-06,21.25,79.75,299.07,0.0,299.77
2023-10-06,21.5,78.75,299.47,0.0,300.37
2023-10-06,21.5,79.0,298.01,1.05,300.53
2023-10-06,21.5,79.25,298.46,11.36,300.87
2023-10-06,21.5,79.5,298.78,1.77,301.31
2023-10-06,21.5,79.75,297.82,1.39,301.43
2023-10-06,21.75,78.75,296.91,0.0,300.76
2023-10-06,21.75,79.0,298.56,1.62,301.13
2023-10-06,21.75,79.25,296.06,0.0,301.65
2023-10-06,21.75,79.5,299.35,2.19,300.95
2023-10-06,21.75,79.75,298.57,0.0,302.08
2023-10-07,20.75,78.75,297.89,1.01,300.25
2023-10-07,20.75,79.0,295.92,1.15,301.11
2023-10-07,20.75,79.25,297.94,1.16,300.83
2023-10-07,20.75,79.5,297.55,0.0,301.34
2023-10-07,20.75,79.75,298.65,0.54,302.14
2023-10-07,21.0,78.75,296.49,0.0,301.57
2023-10-07,21.0,79.0,296.82,2.6,301.08
2023-10-07,21.0,79.25,300.47,1.18,301.89
2023-10-07,21.0,79.5,297.64,6.93,302.43
2023-10-07,21.0,79.75,296.82,2.5,301.53
2023-10-07,21.25,78.75,296.48,2.66,301.73
2023-10-07,21.25,79.0,299.74,0.69,301.1
2023-10-07,21.25,79.25,296.35,2.9,300.89
2023-10-07,21.25,79.5,298.91,8.68,301.18
2023-10-07,21.25,79.75,299.05,3.1,300.88
2023-10-07,21.5,78.75,297.07,0.0,302.04
2023-10-07,21.5,79.0,295.66,10.31,301.46
2023-10-07,21.5,79.25,298.29,4.05,301.26
2023-10-07,21.5,79.5,298.22,0.0,301.2
2023-10-07,21.5,79.75,298.27,0.0,300.82
2023-10-07,21.75,78.75,297.49,0.0,301.0
2023-10-07,21.75,79.0,300.49,2.73,300.95
2023-10-07,21.75,79.25,297.35,1.45,300.52
2023-10-07,21.75,79.5,297.23,1.72,301.54
2023-10-07,21.75,79.75,299.89,0.32,301.32
2023-10-08,20.75,78.75,300.29,1.41,300.93
2023-10-08,20.75,79.0,299.29,0.0,301.15
2023-10-08,20.75,79.25,299.3,0.0,301.28
2023-10-08,20.75,79.5,300.82,3.3,301.12
2023-10-08,20.75,79.75,299.95,3.88,300.6
2023-10-08,21.0,78.75,299.53,0.0,301.11
2023-10-08,21.0,79.0,296.26,0.41,301.72
2023-10-08,21.0,79.25,297.99,1.77,301.54
2023-10-08,21.0,79.5,301.67,0.0,301.84
2023-10-08,21.0,79.75,297.54,1.39,301.49
2023-10-08,21.25,78.75,297.78,1.02,301.29
2023-10-08,21.25,79.0,299.1,0.0,301.26
2023-10-08,21.25,79.25,298.28,0.0,302.37
2023-10-08,21.25,79.5,301.14,0.98,300.79
2023-10-08,21.25,79.75,300.08,1.98,301.17
2023-10-08,21.5,78.75,298.96,1.17,300.84
2023-10-08,21.5,79.0,296.92,1.65,301.63
2023-10-08,21.5,79.25,298.97,5.37,300.83
2023-10-08,21.5,79.5,298.83,0.46,300.54
2023-10-08,21.5,79.75,295.64,0.0,301.05
2023-10-08,21.75,78.75,295.74,2.68,300.94
2023-10-08,21.75,79.0,296.03,0.0,301.58
2023-10-08,21.75,79.25,300.41,10.28,301.34
2023-10-08,21.75,79.5,297.86,0.0,301.59
2023-10-08,21.75,79.75,296.98,1.0,301.02
2023-10-09,20.75,78.75,297.67,3.4,301.18
2023-10-09,20.75,79.0,295.15,0.0,300.6
2023-10-09,20.75,79.25,295.38,0.97,300.12
2023-10-09,20.75,79.5,297.15,0.46,302.16
2023-10-09,20.75,79.75,298.47,1.05,300.73
2023-10-09,21.0,78.75,296.79,1.35,300.35
2023-10-09,21.0,79.0,298.81,0.68,301.85
2023-10-09,21.0,79.25,296.32,1.69,301.6
2023-10-09,21.0,79.5,299.87,2.38,301.58
2023-10-09,21.0,79.75,298.28,0.0,301.4
2023-10-09,21.25,78.75,296.36,2.46,300.72
2023-10-09,21.25,79.0,297.67,0.0,300.91
2023-10-09,21.25,79.25,297.73,0.27,301.57
2023-10-09,21.25,79.5,298.37,4.49,301.19
2023-10-09,21.25,79.75,296.56,0.0,301.67
2023-10-09,21.5,78.75,298.06,0.0,300.74
2023-10-09,21.5,79.0,297.89,0.0,301.7
2023-10-09,21.5,79.25,298.33,1.01,301.04
2023-10-09,21.5,79.5,296.32,3.48,301.53
2023-10-09,21.5,79.75,296.86,0.49,301.34
2023-10-09,21.75,78.75,300.69,0.0,300.37
2023-10-09,21.75,79.0,296.14,6.52,301.22
2023-10-09,21.75,79.25,296.07,0.0,300.37
2023-10-09,21.75,79.5,299.14,0.38,301.57
2023-10-09,21.75,79.75,296.07,1.13,301.22
2023-10-10,20.75,78.75,295.81,0.0,301.73
2023-10-10,20.75,79.0,297.15,1.64,301.28
2023-10-10,20.75,79.25,297.62,1.63,301.22
2023-10-10,20.75,79.5,297.46,0.15,302.3
2023-10-10,20.75,79.75,297.14,0.0,301.26
2023-10-10,21.0,78.75,298.22,0.25,301.6
2023-10-10,21.0,79.0,298.22,1.12,301.81
2023-10-10,21.0,79.25,297.5,0.67,301.24
2023-10-10,21.0,79.5,296.99,1.5,300.25
2023-10-10,21.0,79.75,297.92,0.07,301.55
2023-10-10,21.25,78.75,299.0,3.29,301.43
2023-10-10,21.25,79.0,297.58,0.0,301.28
2023-10-10,21.25,79.25,300.34,0.24,301.42
2023-10-10,21.25,79.5,299.18,0.0,300.79
2023-10-10,21.25,79.75,303.01,1.46,301.34
2023-10-10,21.5,78.75,295.16,0.03,301.35
2023-10-10,21.5,79.0,296.35,0.55,300.52
2023-10-10,21.5,79.25,298.16,0.57,300.86
2023-10-10,21.5,79.5,296.03,0.0,302.1
2023-10-10,21.5,79.75,298.97,0.25,300.73
2023-10-10,21.75,78.75,298.35,0.0,301.4
2023-10-10,21.75,79.0,298.28,1.71,301.05
2023-10-10,21.75,79.25,297.41,1.28,301.42
2023-10-10,21.75,79.5,297.81,1.29,301.64
2023-10-10,21.75,79.75,299.43,2.58,301.59
2023-10-11,20.75,78.75,298.03,0.0,301.37
2023-10-11,20.75,79.0,296.79,1.77,301.09
2023-10-11,20.75,79.25,296.21,0.0,301.25
2023-10-11,20.75,79.5,297.48,0.21,301.08
2023-10-11,20.75,79.75,297.33,0.21,301.44
2023-10-11,21.0,78.75,297.68,0.0,300.53
2023-10-11,21.0,79.0,296.92,0.0,301.87
2023-10-11,21.0,79.25,297.41,1.03,301.47
2023-10-11,21.0,79.5,294.88,0.35,301.08
2023-10-11,21.0,79.75,296.89,2.57,301.35
2023-10-11,21.25,78.75,295.37,3.57,300.29
2023-10-11,21.25,79.0,298.68,1.16,301.43
2023-10-11,21.25,79.25,297.61,1.61,302.12
2023-10-11,21.25,79.5,297.96,0.22,301.52
2023-10-11,21.25,79.75,295.55,0.0,302.13
2023-10-11,21.5,78.75,297.66,2.73,300.8
2023-10-11,21.5,79.0,298.64,2.81,301.59
2023-10-11,21.5,79.25,298.06,0.0,299.87
2023-10-11,21.5,79.5,297.77,0.81,301.24
2023-10-11,21.5,79.75,298.9,0.0,300.6
2023-10-11,21.75,78.75,299.33,7.19,301.74
2023-10-11,21.75,79.0,294.76,1.67,302.7
2023-10-11,21.75,79.25,299.8,2.29,300.54
2023-10-11,21.75,79.5,299.95,0.0,300.63
2023-10-11,21.75,79.75,299.23,1.04,300.86
2023-10-12,20.75,78.75,297.07,4.9,301.07
2023-10-12,20.75,79.0,298.91,0.0,300.63
2023-10-12,20.75,79.25,297.93,1.31,302.23
2023-10-12,20.75,79.5,297.72,0.0,302.03
2023-10-12,20.75,79.75,298.45,5.48,300.81
2023-10-12,21.0,78.75,298.27,0.91,301.32
2023-10-12,21.0,79.0,296.83,0.11,301.86
2023-10-12,21.0,79.25,298.01,1.99,301.59
2023-10-12,21.0,79.5,296.43,3.01,301.48
2023-10-12,21.0,79.75,298.11,0.0,301.38
2023-10-12,21.25,78.75,297.26,2.15,300.24
2023-10-12,21.25,79.0,297.36,0.0,302.06
2023-10-12,21.25,79.25,297.73,0.0,300.73
2023-10-12,21.25,79.5,298.91,0.27,301.29
2023-10-12,21.25,79.75,297.58,0.0,302.51
2023-10-12,21.5,78.75,299.98,1.1,301.29
2023-10-12,21.5,79.0,299.5,1.52,301.36
2023-10-12,21.5,79.25,297.12,0.0,301.51
2023-10-12,21.5,79.5,293.74,3.36,300.26
2023-10-12,21.5,79.75,296.5,3.11,302.23
2023-10-12,21.75,78.75,297.67,0.71,301.4
2023-10-12,21.75,79.0,299.54,4.43,300.89
2023-10-12,21.75,79.25,298.15,0.53,301.66
2023-10-12,21.75,79.5,295.54,2.9,300.55
2023-10-12,21.75,79.75,298.15,1.92,301.73
2023-10-13,20.75,78.75,298.48,0.73,301.96
2023-10-13,20.75,79.0,297.72,0.0,301.2
2023-10-13,20.75,79.25,294.62,0.0,301.07
2023-10-13,20.75,79.5,296.69,0.0,300.8
2023-10-13,20.75,79.75,294.83,0.0,301.58
2023-10-13,21.0,78.75,297.32,0.04,301.42
2023-10-13,21.0,79.0,296.08,0.0,302.0
2023-10-13,21.0,79.25,298.27,0.62,301.39
2023-10-13,21.0,79.5,300.44,0.0,301.22
2023-10-13,21.0,79.75,298.56,0.0,301.46
2023-10-13,21.25,78.75,295.63,1.84,301.39
2023-10-13,21.25,79.0,296.15,2.11,302.19
2023-10-13,21.25,79.25,297.03,0.5,301.71
2023-10-13,21.25,79.5,294.87,1.52,301.96
2023-10-13,21.25,79.75,299.13,1.53,301.32
2023-10-13,21.5,78.75,298.8,0.17,301.66
2023-10-13,21.5,79.0,295.1,2.16,301.07
2023-10-13,21.5,79.25,299.08,0.81,301.78
2023-10-13,21.5,79.5,296.34,2.6,300.67
2023-10-13,21.5,79.75,296.81,0.0,302.23
2023-10-13,21.75,78.75,297.85,2.82,301.66
2023-10-13,21.75,79.0,297.26,0.0,300.72
2023-10-13,21.75,79.25,295.21,1.35,301.58
2023-10-13,21.75,79.5,295.87,0.0,301.32
2023-10-13,21.75,79.75,300.38,1.74,301.43
2023-10-14,20.75,78.75,297.83,0.0,301.16
2023-10-14,20.75,79.0,298.09,0.48,301.4
2023-10-14,20.75,79.25,297.11,0.0,301.56
2023-10-14,20.75,79.5,297.47,0.75,301.42
2023-10-14,20.75,79.75,296.36,0.0,301.72
2023-10-14,21.0,78.75,300.0,0.0,302.29
2023-10-14,21.0,79.0,294.6,4.15,300.57
2023-10-14,21.0,79.25,299.48,0.0,301.42
2023-10-14,21.0,79.5,297.5,0.0,300.69
2023-10-14,21.0,79.75,298.45,0.0,301.16
2023-10-14,21.25,78.75,298.21,0.0,301.37
2023-10-14,21.25,79.0,298.3,0.0,301.69
2023-10-14,21.25,79.25,299.72,2.63,300.99
2023-10-14,21.25,79.5,297.01,3.22,300.78
2023-10-14,21.25,79.75,298.28,3.88,301.13
2023-10-14,21.5,78.75,299.88,1.27,301.57
2023-10-14,21.5,79.0,297.79,0.25,301.17
2023-10-14,21.5,79.25,297.48,1.33,300.61
2023-10-14,21.5,79.5,298.16,2.57,301.01
2023-10-14,21.5,79.75,295.58,1.3,301.64
2023-10-14,21.75,78.75,296.52,0.0,300.42
2023-10-14,21.75,79.0,297.76,0.0,301.57
2023-10-14,21.75,79.25,299.31,0.07,301.29
2023-10-14,21.75,79.5,297.6,0.0,300.76
2023-10-14,21.75,79.75,297.47,0.0,301.28
2023-10-15,20.75,78.75,296.79,0.43,300.62
2023-10-15,20.75,79.0,297.57,0.56,301.86
2023-10-15,20.75,79.25,297.88,0.0,301.15
2023-10-15,20.75,79.5,298.15,0.0,301.71
2023-10-15,20.75,79.75,299.54,0.0,301.5
2023-10-15,21.0,78.75,294.21,1.96,301.51
2023-10-15,21.0,79.0,298.41,9.04,301.05
2023-10-15,21.0,79.25,300.52,1.23,301.24
2023-10-15,21.0,79.5,297.45,2.86,300.92
2023-10-15,21.0,79.75,297.3,0.0,301.92
2023-10-15,21.25,78.75,299.72,0.0,301.48
2023-10-15,21.25,79.0,300.13,0.92,301.36
2023-10-15,21.25,79.25,297.44,0.0,301.67
2023-10-15,21.25,79.5,295.53,0.0,301.46
2023-10-15,21.25,79.75,295.42,0.0,301.68
2023-10-15,21.5,78.75,298.14,4.32,302.27
2023-10-15,21.5,79.0,298.55,0.93,302.76
2023-10-15,21.5,79.25,296.99,1.36,301.71
2023-10-15,21.5,79.5,295.71,1.02,301.32
2023-10-15,21.5,79.75,297.94,0.0,301.92
2023-10-15,21.75,78.75,297.44,0.0,301.45
2023-10-15,21.75,79.0,297.59,0.0,300.88
2023-10-15,21.75,79.25,294.89,2.76,302.01
2023-10-15,21.75,79.5,297.2,0.0,301.5
2023-10-15,21.75,79.75,299.11,8.23,301.41
2023-10-16,20.75,78.75,295.53,2.31,301.39
2023-10-16,20.75,79.0,298.29,0.11,301.75
2023-10-16,20.75,79.25,296.78,0.0,301.59
2023-10-16,20.75,79.5,296.63,0.19,300.52
2023-10-16,20.75,79.75,296.84,0.0,300.09
2023-10-16,21.0,78.75,297.75,3.02,300.56
2023-10-16,21.0,79.0,300.08,0.0,301.09
2023-10-16,21.0,79.25,298.15,0.46,301.52
2023-10-16,21.0,79.5,298.31,1.62,301.3
2023-10-16,21.0,79.75,297.31,0.73,301.16
2023-10-16,21.25,78.75,298.05,0.27,302.08
2023-10-16,21.25,79.0,296.55,1.89,300.88
2023-10-16,21.25,79.25,295.24,0.51,302.27
2023-10-16,21.25,79.5,298.81,0.0,301.74
2023-10-16,21.25,79.75,296.81,1.0,301.14
2023-10-16,21.5,78.75,297.3,0.0,301.46
2023-10-16,21.5,79.0,298.43,0.0,301.13
2023-10-16,21.5,79.25,298.25,0.0,301.81
2023-10-16,21.5,79.5,298.79,5.06,301.89
2023-10-16,21.5,79.75,300.09,0.28,301.67
2023-10-16,21.75,78.75,296.91,5.42,301.04
2023-10-16,21.75,79.0,299.76,1.35,300.98
2023-10-16,21.75,79.25,296.56,0.79,302.01
2023-10-16,21.75,79.5,296.72,0.0,301.62
2023-10-16,21.75,79.75,298.38,0.33,300.39
2023-10-17,20.75,78.75,299.08,0.1,302.07
2023-10-17,20.75,79.0,296.27,2.88,301.35
2023-10-17,20.75,79.25,298.06,0.19,301.8
2023-10-17,20.75,79.5,296.09,0.0,301.9
2023-10-17,20.75,79.75,297.08,0.0,300.48
2023-10-17,21.0,78.75,299.48,0.0,302.27
2023-10-17,21.0,79.0,300.09,5.03,302.0
2023-10-17,21.0,79.25,295.61,0.0,301.05
2023-10-17,21.0,79.5,298.52,1.72,301.37
2023-10-17,21.0,79.75,295.24,0.69,301.36
2023-10-17,21.25,78.75,297.76,0.0,300.74
2023-10-17,21.25,79.0,298.52,0.98,300.91
2023-10-17,21.25,79.25,297.35,0.0,301.26
2023-10-17,21.25,79.5,298.97,2.41,301.41
2023-10-17,21.25,79.75,296.93,9.57,302.03
2023-10-17,21.5,78.75,297.84,0.43,301.41
2023-10-17,21.5,79.0,296.39,0.0,301.86
2023-10-17,21.5,79.25,296.82,0.0,301.48
2023-10-17,21.5,79.5,297.76,1.64,301.65
2023-10-17,21.5,79.75,295.09,0.0,301.62
2023-10-17,21.75,78.75,298.81,0.0,301.17
2023-10-17,21.75,79.0,296.62,0.0,301.18
2023-10-17,21.75,79.25,300.91,0.0,301.65
2023-10-17,21.75,79.5,298.79,0.0,301.47
2023-10-17,21.75,79.75,298.12,1.01,300.69
2023-10-18,20.75,78.75,296.37,0.0,301.44
2023-10-18,20.75,79.0,297.04,1.36,301.42
2023-10-18,20.75,79.25,296.62,1.26,301.2
2023-10-18,20.75,79.5,299.19,0.66,301.66
2023-10-18,20.75,79.75,299.72,3.52,300.84
2023-10-18,21.0,78.75,295.77,0.0,302.69
2023-10-18,21.0,79.0,298.03,0.22,301.21
2023-10-18,21.0,79.25,298.04,0.0,300.83
2023-10-18,21.0,79.5,297.53,0.0,301.82
2023-10-18,21.0,79.75,295.01,0.0,302.51
2023-10-18,21.25,78.75,298.47,8.34,301.74
2023-10-18,21.25,79.0,296.79,0.0,301.01
2023-10-18,21.25,79.25,297.73,2.42,301.66
2023-10-18,21.25,79.5,298.2,3.05,301.44
2023-10-18,21.25,79.75,298.26,3.13,300.59
2023-10-18,21.5,78.75,298.07,0.0,301.48
2023-10-18,21.5,79.0,295.12,2.46,301.21
2023-10-18,21.5,79.25,297.57,1.64,301.97
2023-10-18,21.5,79.5,296.52,0.45,301.17
2023-10-18,21.5,79.75,297.01,0.0,300.83
2023-10-18,21.75,78.75,296.86,0.0,302.03
2023-10-18,21.75,79.0,297.16,0.0,301.17
2023-10-18,21.75,79.25,297.22,0.93,301.68
2023-10-18,21.75,79.5,300.84,0.12,302.12
2023-10-18,21.75,79.75,295.4,0.0,301.23
2023-10-19,20.75,78.75,295.08,0.0,301.97
2023-10-19,20.75,79.0,298.49,0.0,300.8
2023-10-19,20.75,79.25,295.31,2.08,301.53
2023-10-19,20.75,79.5,297.53,0.0,301.09
2023-10-19,20.75,79.75,296.43,0.0,301.7
2023-10-19,21.0,78.75,297.36,0.0,301.8
2023-10-19,21.0,79.0,297.52,1.61,301.1
2023-10-19,21.0,79.25,297.67,0.0,301.88
2023-10-19,21.0,79.5,298.23,1.65,301.25
2023-10-19,21.0,79.75,295.6,0.0,301.31
2023-10-19,21.25,78.75,297.16,0.0,300.46
2023-10-19,21.25,79.0,297.59,0.0,301.5
2023-10-19,21.25,79.25,296.71,1.34,301.69
2023-10-19,21.25,79.5,295.89,2.17,301.4
2023-10-19,21.25,79.75,298.44,0.0,302.64
2023-10-19,21.5,78.75,296.07,0.0,301.15
2023-10-19,21.5,79.0,297.03,2.12,301.01
2023-10-19,21.5,79.25,297.77,0.0,301.86
2023-10-19,21.5,79.5,297.08,0.0,301.66
2023-10-19,21.5,79.75,301.12,0.0,301.42
2023-10-19,21.75,78.75,298.1,7.06,301.29
2023-10-19,21.75,79.0,297.88,0.0,301.99
2023-10-19,21.75,79.25,296.96,0.32,301.92
2023-10-19,21.75,79.5,293.41,0.0,301.39
2023-10-19,21.75,79.75,297.84,1.76,301.58
2023-10-20,20.75,78.75,298.47,1.27,301.98
2023-10-20,20.75,79.0,298.37,0.0,301.6
2023-10-20,20.75,79.25,298.89,0.48,301.71
2023-10-20,20.75,79.5,297.9,0.0,300.81
2023-10-20,20.75,79.75,293.37,1.8,300.85
2023-10-20,21.0,78.75,297.48,0.0,301.3
2023-10-20,21.0,79.0,292.33,2.26,302.63
2023-10-20,21.0,79.25,300.33,0.14,301.06
2023-10-20,21.0,79.5,297.11,1.49,301.32
2023-10-20,21.0,79.75,297.65,2.98,301.47
2023-10-20,21.25,78.75,296.65,0.97,301.75
2023-10-20,21.25,79.0,295.71,0.0,301.87
2023-10-20,21.25,79.25,296.01,3.44,302.38
2023-10-20,21.25,79.5,295.71,0.0,301.93
2023-10-20,21.25,79.75,295.13,0.0,302.24
2023-10-20,21.5,78.75,296.24,0.96,302.28
2023-10-20,21.5,79.0,298.12,4.07,301.44
2023-10-20,21.5,79.25,296.79,5.16,302.32
2023-10-20,21.5,79.5,297.87,0.0,301.64
2023-10-20,21.5,79.75,296.16,0.0,301.74
2023-10-20,21.75,78.75,295.92,0.76,302.28
2023-10-20,21.75,79.0,299.64,0.0,300.98
2023-10-20,21.75,79.25,297.36,0.42,301.59
2023-10-20,21.75,79.5,299.42,0.0,302.21
2023-10-20,21.75,79.75,297.37,2.65,301.59
2023-10-21,20.75,78.75,296.07,0.0,301.37
2023-10-21,20.75,79.0,296.11,0.21,301.85
2023-10-21,20.75,79.25,295.64,0.0,300.82
2023-10-21,20.75,79.5,297.17,0.0,302.27
2023-10-21,20.75,79.75,297.21,0.39,301.56
2023-10-21,21.0,78.75,296.57,2.22,300.79
2023-10-21,21.0,79.0,295.38,0.85,301.47
2023-10-21,21.0,79.25,296.49,0.34,301.77
2023-10-21,21.0,79.5,294.5,0.0,301.59
2023-10-21,21.0,79.75,295.3,0.89,302.48
2023-10-21,21.25,78.75,296.66,1.58,301.52
2023-10-21,21.25,79.0,295.04,0.99,301.19
2023-10-21,21.25,79.25,293.2,3.74,300.43
2023-10-21,21.25,79.5,296.84,0.0,301.59
2023-10-21,21.25,79.75,296.24,0.65,301.01
2023-10-21,21.5,78.75,296.68,3.18,301.16
2023-10-21,21.5,79.0,295.17,0.09,301.89
2023-10-21,21.5,79.25,296.93,0.0,300.9
2023-10-21,21.5,79.5,296.38,3.42,300.15
2023-10-21,21.5,79.75,297.94,0.34,300.46
2023-10-21,21.75,78.75,297.67,0.0,301.26
2023-10-21,21.75,79.0,298.54,0.0,300.81
2023-10-21,21.75,79.25,294.99,0.0,301.28
2023-10-21,21.75,79.5,299.94,1.46,301.43
2023-10-21,21.75,79.75,297.48,0.0,302.55
2023-10-22,20.75,78.75,294.41,2.63,301.37
2023-10-22,20.75,79.0,299.78,0.0,301.98
2023-10-22,20.75,79.25,296.53,0.0,301.07
2023-10-22,20.75,79.5,297.45,0.88,301.63
2023-10-22,20.75,79.75,296.47,0.0,301.81
2023-10-22,21.0,78.75,295.51,0.59,301.0
2023-10-22,21.0,79.0,297.38,5.96,301.39
2023-10-22,21.0,79.25,296.19,0.0,301.96
2023-10-22,21.0,79.5,296.28,1.45,301.16
2023-10-22,21.0,79.75,298.0,0.94,301.2
2023-10-22,21.25,78.75,297.76,0.0,301.02
2023-10-22,21.25,79.0,296.96,0.0,301.48
2023-10-22,21.25,79.25,298.8,1.21,301.14
2023-10-22,21.25,79.5,296.82,0.0,300.91
2023-10-22,21.25,79.75,296.22,0.49,301.84
2023-10-22,21.5,78.75,298.33,2.5,301.79
2023-10-22,21.5,79.0,297.46,0.0,301.78
2023-10-22,21.5,79.25,298.09,0.0,302.83
2023-10-22,21.5,79.5,296.32,0.0,300.79
2023-10-22,21.5,79.75,294.92,0.16,301.14
2023-10-22,21.75,78.75,297.96,0.0,302.26
2023-10-22,21.75,79.0,297.5,0.97,300.87
2023-10-22,21.75,79.25,296.77,0.0,301.51
2023-10-22,21.75,79.5,296.22,2.79,301.33
2023-10-22,21.75,79.75,295.29,0.0,302.07
2023-10-23,20.75,78.75,295.19,0.9,301.01
2023-10-23,20.75,79.0,296.75,0.0,301.59
2023-10-23,20.75,79.25,296.55,5.83,302.52
2023-10-23,20.75,79.5,293.3,0.26,301.6
2023-10-23,20.75,79.75,294.24,1.3,301.76
2023-10-23,21.0,78.75,297.37,3.56,301.83
2023-10-23,21.0,79.0,295.75,0.0,302.03
2023-10-23,21.0,79.25,297.25,0.0,302.56
2023-10-23,21.0,79.5,296.54,1.76,300.15
2023-10-23,21.0,79.75,296.76,0.62,301.94
2023-10-23,21.25,78.75,296.15,2.12,300.9
2023-10-23,21.25,79.0,297.99,2.23,301.97
2023-10-23,21.25,79.25,296.1,0.0,301.81
2023-10-23,21.25,79.5,293.0,0.51,301.25
2023-10-23,21.25,79.75,296.37,0.43,301.54
2023-10-23,21.5,78.75,293.64,0.85,301.3
2023-10-23,21.5,79.0,296.93,0.0,301.5
2023-10-23,21.5,79.25,295.52,0.0,302.19
2023-10-23,21.5,79.5,299.38,1.54,301.89
2023-10-23,21.5,79.75,298.27,0.0,301.57
2023-10-23,21.75,78.75,296.31,4.18,301.2
2023-10-23,21.75,79.0,298.76,0.0,301.06
2023-10-23,21.75,79.25,296.59,0.0,300.07
2023-10-23,21.75,79.5,297.84,0.0,301.4
2023-10-23,21.75,79.75,297.82,0.0,301.08
2023-10-24,20.75,78.75,293.81,0.0,302.0
2023-10-24,20.75,79.0,295.56,0.0,302.09
2023-10-24,20.75,79.25,295.68,0.0,301.18
2023-10-24,20.75,79.5,293.8,0.0,301.35
2023-10-24,20.75,79.75,296.88,0.0,301.92
2023-10-24,21.0,78.75,296.57,2.7,301.93
2023-10-24,21.0,79.0,300.7,0.0,301.8
2023-10-24,21.0,79.25,294.23,0.29,301.61
2023-10-24,21.0,79.5,294.74,0.58,301.08
2023-10-24,21.0,79.75,294.89,0.0,301.45
2023-10-24,21.25,78.75,295.04,0.0,301.43
2023-10-24,21.25,79.0,295.85,0.0,301.1
2023-10-24,21.25,79.25,294.66,0.24,301.8
2023-10-24,21.25,79.5,295.45,0.0,302.04
2023-10-24,21.25,79.75,296.01,0.0,301.85
2023-10-24,21.5,78.75,296.07,0.0,301.0
2023-10-24,21.5,79.0,296.81,1.04,301.84
2023-10-24,21.5,79.25,294.96,0.0,301.35
2023-10-24,21.5,79.5,296.91,0.32,301.92
2023-10-24,21.5,79.75,297.1,0.0,301.75
2023-10-24,21.75,78.75,296.85,5.51,301.33
2023-10-24,21.75,79.0,295.82,0.1,301.67
2023-10-24,21.75,79.25,297.29,0.39,300.88
2023-10-24,21.75,79.5,293.73,0.0,301.68
2023-10-24,21.75,79.75,295.48,0.03,300.82
2023-10-25,20.75,78.75,295.01,0.0,301.64
2023-10-25,20.75,79.0,295.94,1.14,301.62
2023-10-25,20.75,79.25,297.04,0.0,301.47
2023-10-25,20.75,79.5,300.04,0.0,301.1
2023-10-25,20.75,79.75,295.54,0.85,301.12
2023-10-25,21.0,78.75,295.2,0.0,301.24
2023-10-25,21.0,79.0,295.22,0.0,302.23
2023-10-25,21.0,79.25,296.68,1.49,301.62
2023-10-25,21.0,79.5,294.83,0.0,301.02
2023-10-25,21.0,79.75,297.61,0.0,302.39
2023-10-25,21.25,78.75,298.44,2.17,302.28
2023-10-25,21.25,79.0,296.92,0.17,301.47
2023-10-25,21.25,79.25,295.91,0.01,300.71
2023-10-25,21.25,79.5,296.05,0.0,302.57
2023-10-25,21.25,79.75,299.76,0.0,301.53
2023-10-25,21.5,78.75,295.66,4.84,301.13
2023-10-25,21.5,79.0,297.46,0.0,301.89
2023-10-25,21.5,79.25,294.33,2.29,301.31
2023-10-25,21.5,79.5,297.43,0.0,301.33
2023-10-25,21.5,79.75,296.66,0.0,300.97
2023-10-25,21.75,78.75,293.94,0.0,300.95
2023-10-25,21.75,79.0,296.24,0.5,301.06
2023-10-25,21.75,79.25,297.64,0.0,300.82
2023-10-25,21.75,79.5,293.53,1.28,301.19
2023-10-25,21.75,79.75,294.97,3.01,301.96
2023-10-26,20.75,78.75,295.14,0.07,301.51
2023-10-26,20.75,79.0,298.31,1.08,301.79
2023-10-26,20.75,79.25,297.24,3.73,301.64
2023-10-26,20.75,79.5,295.1,0.46,301.01
2023-10-26,20.75,79.75,296.64,0.0,302.38
2023-10-26,21.0,78.75,294.92,0.0,300.31
2023-10-26,21.0,79.0,297.32,3.54,301.91
2023-10-26,21.0,79.25,295.75,2.53,301.88
2023-10-26,21.0,79.5,295.69,0.0,301.06
2023-10-26,21.0,79.75,296.23,1.09,301.4
2023-10-26,21.25,78.75,296.82,0.0,301.91
2023-10-26,21.25,79.0,294.37,0.0,302.07
2023-10-26,21.25,79.25,293.58,0.44,302.06
2023-10-26,21.25,79.5,296.01,1.49,301.83
2023-10-26,21.25,79.75,297.72,2.93,301.21
2023-10-26,21.5,78.75,291.57,0.46,301.17
2023-10-26,21.5,79.0,295.94,0.0,300.86
2023-10-26,21.5,79.25,296.3,2.55,301.59
2023-10-26,21.5,79.5,296.29,0.0,301.47
2023-10-26,21.5,79.75,299.37,0.41,302.06
2023-10-26,21.75,78.75,295.6,0.0,302.42
2023-10-26,21.75,79.0,295.81,6.62,302.12
2023-10-26,21.75,79.25,295.81,0.0,302.26
2023-10-26,21.75,79.5,296.85,0.0,301.87
2023-10-26,21.75,79.75,295.42,0.0,302.0
2023-10-27,20.75,78.75,295.94,1.15,302.3
2023-10-27,20.75,79.0,296.27,1.37,301.95
2023-10-27,20.75,79.25,294.19,0.0,301.21
2023-10-27,20.75,79.5,296.56,0.0,301.24
2023-10-27,20.75,79.75,298.57,0.4,302.15
2023-10-27,21.0,78.75,296.28,0.0,301.11
2023-10-27,21.0,79.0,296.26,0.0,301.49
2023-10-27,21.0,79.25,296.01,1.58,301.52
2023-10-27,21.0,79.5,296.43,0.32,301.84
2023-10-27,21.0,79.75,295.7,0.27,301.87
2023-10-27,21.25,78.75,293.71,3.56,301.12
2023-10-27,21.25,79.0,296.55,0.0,302.36
2023-10-27,21.25,79.25,294.27,1.72,302.17
2023-10-27,21.25,79.5,296.1,0.0,301.22
2023-10-27,21.25,79.75,296.43,1.81,301.67
2023-10-27,21.5,78.75,295.27,0.0,301.45
2023-10-27,21.5,79.0,296.73,2.34,301.99
2023-10-27,21.5,79.25,295.24,0.0,301.78
2023-10-27,21.5,79.5,295.76,0.0,301.39
2023-10-27,21.5,79.75,298.43,0.73,300.96
2023-10-27,21.75,78.75,295.58,0.0,302.07
2023-10-27,21.75,79.0,296.6,1.87,301.58
2023-10-27,21.75,79.25,297.65,2.97,301.84
2023-10-27,21.75,79.5,296.18,1.37,301.35
2023-10-27,21.75,79.75,297.42,0.0,301.36
2023-10-28,20.75,78.75,294.06,0.0,301.82
2023-10-28,20.75,79.0,297.94,0.99,301.43
2023-10-28,20.75,79.25,295.99,0.0,301.93
2023-10-28,20.75,79.5,296.09,4.13,301.19
2023-10-28,20.75,79.75,295.28,0.0,301.83
2023-10-28,21.0,78.75,297.04,0.0,301.88
2023-10-28,21.0,79.0,295.17,4.3,301.74
2023-10-28,21.0,79.25,298.01,0.17,302.53
2023-10-28,21.0,79.5,294.58,0.0,302.38
2023-10-28,21.0,79.75,297.83,0.85,301.7
2023-10-28,21.25,78.75,297.66,1.34,301.93
2023-10-28,21.25,79.0,296.32,0.0,302.03
2023-10-28,21.25,79.25,295.97,0.57,301.07
2023-10-28,21.25,79.5,298.2,2.05,301.43
2023-10-28,21.25,79.75,294.54,0.0,302.18
2023-10-28,21.5,78.75,295.22,0.0,301.92
2023-10-28,21.5,79.0,293.32,0.0,301.76
2023-10-28,21.5,79.25,295.69,0.0,301.47
2023-10-28,21.5,79.5,296.98,0.0,301.38
2023-10-28,21.5,79.75,296.12,0.0,301.65
2023-10-28,21.75,78.75,294.32,0.0,302.48
2023-10-28,21.75,79.0,295.25,0.0,301.69
2023-10-28,21.75,79.25,294.48,0.92,301.64
2023-10-28,21.75,79.5,295.07,3.44,301.75
2023-10-28,21.75,79.75,295.92,4.53,301.52
2023-10-29,20.75,78.75,294.91,0.69,301.3
2023-10-29,20.75,79.0,294.87,0.83,301.57
2023-10-29,20.75,79.25,295.31,0.0,301.02
2023-10-29,20.75,79.5,295.87,0.0,301.01
2023-10-29,20.75,79.75,297.47,0.0,301.99
2023-10-29,21.0,78.75,294.54,0.31,301.64
2023-10-29,21.0,79.0,299.11,0.17,302.66
2023-10-29,21.0,79.25,296.71,2.96,301.46
2023-10-29,21.0,79.5,296.57,0.0,300.9
2023-10-29,21.0,79.75,294.86,0.0,301.56
2023-10-29,21.25,78.75,297.03,0.0,301.13
2023-10-29,21.25,79.0,295.33,0.09,300.93
2023-10-29,21.25,79.25,294.92,0.0,302.02
2023-10-29,21.25,79.5,291.48,0.0,301.43
2023-10-29,21.25,79.75,295.2,0.57,301.58
2023-10-29,21.5,78.75,297.87,0.67,302.24
2023-10-29,21.5,79.0,297.49,0.0,301.85
2023-10-29,21.5,79.25,293.35,0.0,302.06
2023-10-29,21.5,79.5,293.34,0.57,300.84
2023-10-29,21.5,79.75,296.6,0.0,301.85
2023-10-29,21.75,78.75,296.02,0.0,302.29
2023-10-29,21.75,79.0,296.46,0.5,301.59
2023-10-29,21.75,79.25,296.02,4.19,301.11
2023-10-29,21.75,79.5,295.35,0.0,302.08
2023-10-29,21.75,79.75,297.21,0.0,300.91
2023-10-30,20.75,78.75,296.94,0.47,301.26
2023-10-30,20.75,79.0,297.66,5.2,300.04
2023-10-30,20.75,79.25,295.0,2.19,302.43
2023-10-30,20.75,79.5,294.74,0.0,302.52
2023-10-30,20.75,79.75,296.87,0.0,302.18
2023-10-30,21.0,78.75,296.24,2.29,301.94
2023-10-30,21.0,79.0,297.81,0.0,301.3
2023-10-30,21.0,79.25,295.99,2.09,301.22
2023-10-30,21.0,79.5,293.92,3.46,301.78
2023-10-30,21.0,79.75,297.04,0.0,301.72
2023-10-30,21.25,78.75,294.26,0.0,302.3
2023-10-30,21.25,79.0,294.79,0.0,301.66
2023-10-30,21.25,79.25,295.73,0.15,302.05
2023-10-30,21.25,79.5,296.3,0.0,302.09
2023-10-30,21.25,79.75,295.47,3.35,301.89
2023-10-30,21.5,78.75,297.3,6.24,301.74
2023-10-30,21.5,79.0,294.39,0.56,301.59
2023-10-30,21.5,79.25,295.52,4.28,301.94
2023-10-30,21.5,79.5,292.79,1.32,302.55
2023-10-30,21.5,79.75,296.19,0.85,300.97
2023-10-30,21.75,78.75,296.42,1.19,301.97
2023-10-30,21.75,79.0,296.3,0.0,302.28
2023-10-30,21.75,79.25,295.93,0.0,301.59
2023-10-30,21.75,79.5,297.05,0.0,301.86
2023-10-30,21.75,79.75,294.25,0.0,302.08
2023-10-31,20.75,78.75,295.87,3.56,302.32
2023-10-31,20.75,79.0,295.83,1.43,301.8
2023-10-31,20.75,79.25,296.58,0.18,301.55
2023-10-31,20.75,79.5,294.95,0.0,301.25
2023-10-31,20.75,79.75,297.14,4.64,302.36
2023-10-31,21.0,78.75,294.15,0.0,302.02
2023-10-31,21.0,79.0,296.83,0.3,301.75
2023-10-31,21.0,79.25,293.1,0.0,301.87
2023-10-31,21.0,79.5,293.79,2.09,301.74
2023-10-31,21.0,79.75,295.13,0.0,301.74
2023-10-31,21.25,78.75,294.22,0.03,301.45
2023-10-31,21.25,79.0,296.06,0.0,301.41
2023-10-31,21.25,79.25,296.31,5.07,301.82
2023-10-31,21.25,79.5,292.37,0.0,301.62
2023-10-31,21.25,79.75,296.7,1.09,301.08
2023-10-31,21.5,78.75,294.69,0.0,302.36
2023-10-31,21.5,79.0,292.99,0.0,302.44
2023-10-31,21.5,79.25,296.19,0.25,301.95
2023-10-31,21.5,79.5,296.34,2.0,301.53
2023-10-31,21.5,79.75,300.42,0.46,301.01
2023-10-31,21.75,78.75,296.11,0.4,303.0
2023-10-31,21.75,79.0,296.1,0.0,301.35
2023-10-31,21.75,79.25,295.85,0.0,302.34
2023-10-31,21.75,79.5,295.47,0.0,302.35
2023-10-31,21.75,79.75,299.35,0.0,301.82
2023-11-01,20.75,78.75,295.73,0.0,301.85
2023-11-01,20.75,79.0,294.68,0.2,300.78
2023-11-01,20.75,79.25,297.45,0.0,301.79
2023-11-01,20.75,79.5,296.74,0.0,301.93
2023-11-01,20.75,79.75,292.2,0.55,301.28
2023-11-01,21.0,78.75,294.09,0.0,302.74
2023-11-01,21.0,79.0,296.28,0.0,301.9
2023-11-01,21.0,79.25,294.59,0.0,301.94
2023-11-01,21.0,79.5,294.75,0.0,300.96
2023-11-01,21.0,79.75,294.97,0.16,301.12
2023-11-01,21.25,78.75,294.97,1.95,302.07
2023-11-01,21.25,79.0,295.73,1.69,302.42
2023-11-01,21.25,79.25,296.43,1.84,302.34
2023-11-01,21.25,79.5,294.63,0.0,301.96
2023-11-01,21.25,79.75,297.12,0.0,301.62
2023-11-01,21.5,78.75,294.34,3.35,302.26
2023-11-01,21.5,79.0,298.02,0.0,302.24
2023-11-01,21.5,79.25,295.02,1.23,301.63
2023-11-01,21.5,79.5,296.65,0.0,301.43
2023-11-01,21.5,79.75,295.76,0.0,302.85
2023-11-01,21.75,78.75,296.1,1.21,301.75
2023-11-01,21.75,79.0,297.23,2.15,302.46
2023-11-01,21.75,79.25,295.46,4.37,301.73
2023-11-01,21.75,79.5,297.3,0.0,302.22
2023-11-01,21.75,79.75,296.6,0.0,302.17
2023-11-02,20.75,78.75,293.15,0.36,302.27
2023-11-02,20.75,79.0,295.05,0.0,302.79
2023-11-02,20.75,79.25,296.41,0.0,301.59
2023-11-02,20.75,79.5,294.15,1.88,301.82
2023-11-02,20.75,79.75,296.77,0.0,301.95
2023-11-02,21.0,78.75,295.24,0.0,302.14
2023-11-02,21.0,79.0,293.9,0.0,301.57
2023-11-02,21.0,79.25,294.82,0.0,301.95
2023-11-02,21.0,79.5,295.88,0.0,302.14
2023-11-02,21.0,79.75,293.37,0.0,302.32
2023-11-02,21.25,78.75,295.97,0.0,301.55
2023-11-02,21.25,79.0,293.4,1.73,302.04
2023-11-02,21.25,79.25,293.68,0.0,301.65
2023-11-02,21.25,79.5,294.31,0.0,301.31
2023-11-02,21.25,79.75,295.91,0.0,300.42
2023-11-02,21.5,78.75,294.67,0.0,301.61
2023-11-02,21.5,79.0,296.82,6.97,301.01
2023-11-02,21.5,79.25,293.76,0.0,301.98
2023-11-02,21.5,79.5,299.59,7.26,301.2
2023-11-02,21.5,79.75,295.67,2.39,301.42
2023-11-02,21.75,78.75,296.62,6.66,301.52
2023-11-02,21.75,79.0,293.45,0.0,301.35
2023-11-02,21.75,79.25,295.68,0.0,300.64
2023-11-02,21.75,79.5,294.82,3.93,301.18
2023-11-02,21.75,79.75,296.89,0.0,302.06
2023-11-03,20.75,78.75,297.83,0.0,301.54
2023-11-03,20.75,79.0,295.59,0.72,302.17
2023-11-03,20.75,79.25,294.85,3.76,300.95
2023-11-03,20.75,79.5,296.4,2.52,301.96
2023-11-03,20.75,79.75,296.14,0.0,302.4
2023-11-03,21.0,78.75,297.58,0.92,302.4
2023-11-03,21.0,79.0,295.99,0.0,302.52
2023-11-03,21.0,79.25,294.69,0.0,301.98
2023-11-03,21.0,79.5,297.11,0.0,301.46
2023-11-03,21.0,79.75,295.77,0.46,301.36
2023-11-03,21.25,78.75,296.0,0.31,302.28
2023-11-03,21.25,79.0,297.94,0.0,302.09
2023-11-03,21.25,79.25,293.74,0.0,301.8
2023-11-03,21.25,79.5,293.98,0.0,301.47
2023-11-03,21.25,79.75,295.72,0.13,300.99
2023-11-03,21.5,78.75,293.91,1.77,301.45
2023-11-03,21.5,79.0,293.63,0.0,301.15
2023-11-03,21.5,79.25,292.45,0.0,301.47
2023-11-03,21.5,79.5,294.62,2.94,301.27
2023-11-03,21.5,79.75,295.01,1.05,301.86
2023-11-03,21.75,78.75,294.18,0.0,301.56
2023-11-03,21.75,79.0,296.93,5.11,300.95
2023-11-03,21.75,79.25,293.87,0.0,302.26
2023-11-03,21.75,79.5,292.42,0.0,301.82
2023-11-03,21.75,79.75,297.62,0.01,301.61
2023-11-04,20.75,78.75,296.43,0.0,302.06
2023-11-04,20.75,79.0,293.57,0.0,301.53
2023-11-04,20.75,79.25,293.65,0.0,302.74
2023-11-04,20.75,79.5,297.36,0.0,301.92
2023-11-04,20.75,79.75,297.86,0.0,301.37
2023-11-04,21.0,78.75,294.36,2.1,302.36
2023-11-04,21.0,79.0,291.04,0.0,300.76
2023-11-04,21.0,79.25,294.59,0.0,302.17
2023-11-04,21.0,79.5,294.97,0.0,301.88
2023-11-04,21.0,79.75,295.73,0.0,301.92
2023-11-04,21.25,78.75,295.38,0.0,301.7
2023-11-04,21.25,79.0,291.88,0.0,301.15
2023-11-04,21.25,79.25,294.92,0.77,301.61
2023-11-04,21.25,79.5,294.98,0.0,301.69
2023-11-04,21.25,79.75,294.76,0.65,301.68
2023-11-04,21.5,78.75,296.76,0.0,301.56
2023-11-04,21.5,79.0,293.78,0.0,301.09
2023-11-04,21.5,79.25,294.93,0.27,301.27
2023-11-04,21.5,79.5,298.88,2.98,300.98
2023-11-04,21.5,79.75,296.06,0.0,301.3
2023-11-04,21.75,78.75,294.97,4.34,301.73
2023-11-04,21.75,79.0,295.79,0.0,301.61
2023-11-04,21.75,79.25,297.31,0.0,302.51
2023-11-04,21.75,79.5,296.98,6.93,301.51
2023-11-04,21.75,79.75,293.23,3.2,300.85
2023-11-05,20.75,78.75,292.62,0.26,301.53
2023-11-05,20.75,79.0,296.4,0.88,302.04
2023-11-05,20.75,79.25,295.82,0.0,301.46
2023-11-05,20.75,79.5,296.17,0.0,301.85
2023-11-05,20.75,79.75,293.29,0.0,301.65
2023-11-05,21.0,78.75,294.91,0.0,302.5
2023-11-05,21.0,79.0,297.24,6.49,301.8
2023-11-05,21.0,79.25,291.94,2.75,301.36
2023-11-05,21.0,79.5,295.86,0.0,301.02
2023-11-05,21.0,79.75,296.58,0.0,302.46
2023-11-05,21.25,78.75,295.75,3.84,301.49
2023-11-05,21.25,79.0,293.2,0.33,301.54
2023-11-05,21.25,79.25,295.23,0.0,301.06
2023-11-05,21.25,79.5,292.57,0.0,301.04
2023-11-05,21.25,79.75,295.47,0.0,301.95
2023-11-05,21.5,78.75,296.53,0.42,302.09
2023-11-05,21.5,79.0,293.6,0.0,302.52
2023-11-05,21.5,79.25,294.93,5.24,302.4
2023-11-05,21.5,79.5,295.62,0.0,301.77
2023-11-05,21.5,79.75,296.24,0.0,301.11
2023-11-05,21.75,78.75,292.3,1.6,302.08
2023-11-05,21.75,79.0,296.44,3.24,301.4
2023-11-05,21.75,79.25,293.01,2.31,301.6
2023-11-05,21.75,79.5,295.64,0.0,302.08
2023-11-05,21.75,79.75,297.48,0.0,301.59
2023-11-06,20.75,78.75,295.5,0.0,300.89
2023-11-06,20.75,79.0,293.7,0.0,301.35
2023-11-06,20.75,79.25,295.27,1.11,302.02
2023-11-06,20.75,79.5,297.49,1.88,301.33
2023-11-06,20.75,79.75,296.57,0.0,301.92
2023-11-06,21.0,78.75,296.01,1.48,301.46
2023-11-06,21.0,79.0,293.43,0.0,301.82
2023-11-06,21.0,79.25,299.82,0.0,301.45
2023-11-06,21.0,79.5,295.34,0.0,302.04
2023-11-06,21.0,79.75,294.47,0.42,302.32
2023-11-06,21.25,78.75,293.2,1.65,301.96
2023-11-06,21.25,79.0,295.53,0.0,301.72
2023-11-06,21.25,79.25,292.98,0.0,302.63
2023-11-06,21.25,79.5,294.32,2.48,301.57
2023-11-06,21.25,79.75,295.78,2.37,302.14
2023-11-06,21.5,78.75,294.85,0.74,301.79
2023-11-06,21.5,79.0,295.41,0.0,301.63
2023-11-06,21.5,79.25,295.78,0.0,301.46
2023-11-06,21.5,79.5,294.98,0.0,300.62
2023-11-06,21.5,79.75,292.78,2.81,301.99
2023-11-06,21.75,78.75,295.57,0.0,301.07
2023-11-06,21.75,79.0,293.7,0.33,302.47
2023-11-06,21.75,79.25,294.01,0.0,300.37
2023-11-06,21.75,79.5,298.02,0.0,301.35
2023-11-06,21.75,79.75,293.78,3.89,302.2
2023-11-07,20.75,78.75,293.2,1.19,301.44
2023-11-07,20.75,79.0,294.3,2.43,301.14
2023-11-07,20.75,79.25,294.48,0.0,301.83
2023-11-07,20.75,79.5,294.88,3.12,302.81
2023-11-07,20.75,79.75,293.02,0.0,302.05
2023-11-07,21.0,78.75,294.15,0.0,302.17
2023-11-07,21.0,79.0,293.76,0.0,301.74
2023-11-07,21.0,79.25,294.87,0.32,301.44
2023-11-07,21.0,79.5,294.37,0.0,301.84
2023-11-07,21.0,79.75,297.16,0.39,301.2
2023-11-07,21.25,78.75,296.26,0.0,301.44
2023-11-07,21.25,79.0,297.39,0.0,301.6
2023-11-07,21.25,79.25,294.49,0.0,301.21
2023-11-07,21.25,79.5,293.17,0.0,301.35
2023-11-07,21.25,79.75,297.84,0.0,302.33
2023-11-07,21.5,78.75,294.49,0.0,302.28
2023-11-07,21.5,79.0,294.43,0.0,301.2
2023-11-07,21.5,79.25,294.01,0.43,301.09
2023-11-07,21.5,79.5,296.77,0.0,301.94
2023-11-07,21.5,79.75,295.47,1.74,301.63
2023-11-07,21.75,78.75,295.29,2.26,302.41
2023-11-07,21.75,79.0,297.38,0.0,301.37
2023-11-07,21.75,79.25,296.29,0.0,301.56
2023-11-07,21.75,79.5,297.07,0.63,301.67
2023-11-07,21.75,79.75,296.3,0.0,300.89
2023-11-08,20.75,78.75,296.28,3.57,301.83
2023-11-08,20.75,79.0,294.84,1.07,301.71
2023-11-08,20.75,79.25,293.87,0.75,301.14
2023-11-08,20.75,79.5,293.67,0.0,302.66
2023-11-08,20.75,79.75,293.52,0.0,301.72
2023-11-08,21.0,78.75,295.57,0.0,302.02
2023-11-08,21.0,79.0,292.72,0.0,302.15
2023-11-08,21.0,79.25,295.33,0.0,301.71
2023-11-08,21.0,79.5,294.77,0.0,300.96
2023-11-08,21.0,79.75,293.15,0.0,302.34
2023-11-08,21.25,78.75,294.35,0.0,302.5
2023-11-08,21.25,79.0,291.91,1.14,301.9
2023-11-08,21.25,79.25,295.05,2.66,302.01
2023-11-08,21.25,79.5,296.66,1.42,301.17
2023-11-08,21.25,79.75,294.22,1.14,301.35
2023-11-08,21.5,78.75,297.35,0.0,301.59
2023-11-08,21.5,79.0,297.51,1.09,300.88
2023-11-08,21.5,79.25,293.56,1.02,301.96
2023-11-08,21.5,79.5,293.1,0.0,301.76
2023-11-08,21.5,79.75,297.77,0.0,301.62
2023-11-08,21.75,78.75,296.35,0.31,301.97
2023-11-08,21.75,79.0,295.69,0.0,301.74
2023-11-08,21.75,79.25,292.73,3.03,302.51
2023-11-08,21.75,79.5,294.42,0.67,301.61
2023-11-08,21.75,79.75,294.55,0.0,302.31
2023-11-09,20.75,78.75,295.03,0.55,301.65
2023-11-09,20.75,79.0,294.63,0.0,301.67
2023-11-09,20.75,79.25,295.26,3.49,301.38
2023-11-09,20.75,79.5,295.37,1.91,302.17
2023-11-09,20.75,79.75,295.68,0.24,301.56
2023-11-09,21.0,78.75,293.84,0.39,301.91
2023-11-09,21.0,79.0,295.4,1.22,302.1
2023-11-09,21.0,79.25,295.5,2.37,301.6
2023-11-09,21.0,79.5,294.96,0.76,301.1
2023-11-09,21.0,79.75,295.78,0.0,302.31
2023-11-09,21.25,78.75,294.04,0.0,301.54
2023-11-09,21.25,79.0,297.23,0.77,301.1
2023-11-09,21.25,79.25,294.22,0.0,301.69
2023-11-09,21.25,79.5,297.66,0.0,301.0
2023-11-09,21.25,79.75,296.65,0.0,301.96
2023-11-09,21.5,78.75,294.75,1.93,302.58
2023-11-09,21.5,79.0,293.51,0.0,301.99
2023-11-09,21.5,79.25,293.94,5.43,301.94
2023-11-09,21.5,79.5,294.74,0.64,301.66
2023-11-09,21.5,79.75,293.2,0.0,302.42
2023-11-09,21.75,78.75,293.9,0.0,301.5
2023-11-09,21.75,79.0,291.78,0.0,301.62
2023-11-09,21.75,79.25,295.93,0.55,301.6
2023-11-09,21.75,79.5,294.31,0.0,301.29
2023-11-09,21.75,79.75,296.6,0.0,301.61
2023-11-10,20.75,78.75,293.11,0.0,300.92
2023-11-10,20.75,79.0,294.73,0.0,301.59
2023-11-10,20.75,79.25,294.06,0.0,301.02
2023-11-10,20.75,79.5,294.0,0.0,301.72
2023-11-10,20.75,79.75,291.47,2.39,301.84
2023-11-10,21.0,78.75,297.96,0.0,301.46
2023-11-10,21.0,79.0,294.34,0.56,302.42
2023-11-10,21.0,79.25,293.43,0.0,302.42
2023-11-10,21.0,79.5,295.12,0.0,301.44
2023-11-10,21.0,79.75,294.22,0.5,302.32
2023-11-10,21.25,78.75,293.99,0.0,301.79
2023-11-10,21.25,79.0,293.97,0.0,301.19
2023-11-10,21.25,79.25,292.72,0.0,301.7
2023-11-10,21.25,79.5,294.29,0.12,301.62
2023-11-10,21.25,79.75,296.57,0.0,301.67
2023-11-10,21.5,78.75,296.28,0.42,301.71
2023-11-10,21.5,79.0,295.68,0.0,301.79
2023-11-10,21.5,79.25,294.08,0.0,301.77
2023-11-10,21.5,79.5,293.1,1.37,301.75
2023-11-10,21.5,79.75,296.33,0.96,301.52
2023-11-10,21.75,78.75,293.72,1.33,301.81
2023-11-10,21.75,79.0,296.15,0.0,300.92
2023-11-10,21.75,79.25,292.79,2.75,300.66
2023-11-10,21.75,79.5,293.28,0.0,302.05
2023-11-10,21.75,79.75,297.35,0.0,302.07
2023-11-11,20.75,78.75,294.38,0.0,301.81
2023-11-11,20.75,79.0,295.99,0.51,302.34
2023-11-11,20.75,79.25,292.31,0.0,301.95
2023-11-11,20.75,79.5,295.79,1.95,301.8
2023-11-11,20.75,79.75,291.96,2.75,302.49
2023-11-11,21.0,78.75,293.91,0.0,300.94
2023-11-11,21.0,79.0,298.04,0.0,301.78
2023-11-11,21.0,79.25,295.26,1.49,301.39
2023-11-11,21.0,79.5,295.24,0.0,301.15
2023-11-11,21.0,79.75,295.81,1.51,301.72
2023-11-11,21.25,78.75,293.76,0.0,303.06
2023-11-11,21.25,79.0,293.86,0.0,302.16
2023-11-11,21.25,79.25,291.19,0.43,302.15
2023-11-11,21.25,79.5,295.93,0.0,301.31
2023-11-11,21.25,79.75,294.89,0.0,301.81
2023-11-11,21.5,78.75,294.9,1.34,301.99
2023-11-11,21.5,79.0,294.85,0.0,302.12
2023-11-11,21.5,79.25,295.16,0.0,302.24
2023-11-11,21.5,79.5,292.86,0.0,301.09
2023-11-11,21.5,79.75,297.15,1.79,301.39
2023-11-11,21.75,78.75,293.24,0.0,300.71
2023-11-11,21.75,79.0,291.34,0.0,302.02
2023-11-11,21.75,79.25,293.87,0.99,302.17
2023-11-11,21.75,79.5,292.82,0.9,301.66
2023-11-11,21.75,79.75,293.67,3.1,300.45
2023-11-12,20.75,78.75,294.12,0.0,301.81
2023-11-12,20.75,79.0,293.41,1.43,301.12
2023-11-12,20.75,79.25,293.85,0.0,302.18
2023-11-12,20.75,79.5,293.87,0.0,302.77
2023-11-12,20.75,79.75,293.93,1.3,301.56
2023-11-12,21.0,78.75,293.56,0.0,302.44
2023-11-12,21.0,79.0,293.4,0.0,302.6
2023-11-12,21.0,79.25,293.3,1.46,301.78
2023-11-12,21.0,79.5,296.37,5.38,301.65
2023-11-12,21.0,79.75,295.27,0.0,302.17
2023-11-12,21.25,78.75,297.33,4.13,301.14
2023-11-12,21.25,79.0,295.08,0.21,301.63
2023-11-12,21.25,79.25,295.04,0.0,301.41
2023-11-12,21.25,79.5,294.57,1.22,300.93
2023-11-12,21.25,79.75,295.15,0.0,301.51
2023-11-12,21.5,78.75,294.14,0.0,302.08
2023-11-12,21.5,79.0,294.93,0.0,302.56
2023-11-12,21.5,79.25,295.96,6.12,302.27
2023-11-12,21.5,79.5,295.63,0.0,301.96
2023-11-12,21.5,79.75,295.1,0.0,301.7
2023-11-12,21.75,78.75,292.9,0.0,301.22
2023-11-12,21.75,79.0,295.34,1.7,301.23
2023-11-12,21.75,79.25,293.06,0.0,301.31
2023-11-12,21.75,79.5,295.11,0.47,301.24
2023-11-12,21.75,79.75,295.26,0.05,301.7
2023-11-13,20.75,78.75,294.03,0.0,301.02
2023-11-13,20.75,79.0,294.99,0.0,301.85
2023-11-13,20.75,79.25,294.86,0.0,302.17
2023-11-13,20.75,79.5,294.69,0.82,301.22
2023-11-13,20.75,79.75,294.18,1.68,302.5
2023-11-13,21.0,78.75,293.76,0.18,302.03
2023-11-13,21.0,79.0,293.69,0.0,301.97
2023-11-13,21.0,79.25,291.64,1.31,301.92
2023-11-13,21.0,79.5,294.5,4.03,301.42
2023-11-13,21.0,79.75,292.78,0.39,301.77
2023-11-13,21.25,78.75,296.86,0.31,301.44
2023-11-13,21.25,79.0,293.84,0.81,302.4
2023-11-13,21.25,79.25,291.53,2.45,301.72
2023-11-13,21.25,79.5,296.85,0.0,302.15
2023-11-13,21.25,79.75,295.85,0.17,302.14
2023-11-13,21.5,78.75,295.85,2.26,301.47
2023-11-13,21.5,79.0,292.5,1.68,301.08
2023-11-13,21.5,79.25,295.85,0.0,301.41
2023-11-13,21.5,79.5,295.74,0.0,301.38
2023-11-13,21.5,79.75,292.95,0.0,301.34
2023-11-13,21.75,78.75,292.77,2.27,302.0
2023-11-13,21.75,79.0,294.89,3.06,302.18
2023-11-13,21.75,79.25,295.05,0.04,302.41
2023-11-13,21.75,79.5,296.31,0.0,301.45
2023-11-13,21.75,79.75,294.2,1.29,302.17
2023-11-14,20.75,78.75,293.25,0.0,302.02
2023-11-14,20.75,79.0,295.47,0.31,302.06
2023-11-14,20.75,79.25,293.47,0.0,301.87
2023-11-14,20.75,79.5,296.81,0.0,302.3
2023-11-14,20.75,79.75,292.14,0.67,301.81
2023-11-14,21.0,78.75,293.94,0.0,302.2
2023-11-14,21.0,79.0,293.24,1.47,300.6
2023-11-14,21.0,79.25,293.85,0.0,301.42
2023-11-14,21.0,79.5,293.49,0.0,301.31
2023-11-14,21.0,79.75,296.86,0.0,301.64
2023-11-14,21.25,78.75,292.53,0.29,301.59
2023-11-14,21.25,79.0,295.12,0.0,302.18
2023-11-14,21.25,79.25,294.4,0.0,303.04
2023-11-14,21.25,79.5,293.91,1.52,301.45
2023-11-14,21.25,79.75,293.57,0.0,301.99
2023-11-14,21.5,78.75,294.48,0.0,302.23
2023-11-14,21.5,79.0,296.49,0.0,301.88
2023-11-14,21.5,79.25,293.38,0.51,301.72
2023-11-14,21.5,79.5,293.48,0.8,302.82
2023-11-14,21.5,79.75,294.97,0.0,301.98
2023-11-14,21.75,78.75,294.56,2.27,301.89
2023-11-14,21.75,79.0,295.38,0.0,302.34
2023-11-14,21.75,79.25,295.89,0.0,302.49
2023-11-14,21.75,79.5,295.32,0.0,302.04
2023-11-14,21.75,79.75,294.35,0.0,302.0
2023-11-15,20.75,78.75,295.91,0.28,301.75
2023-11-15,20.75,79.0,295.93,6.62,301.66
2023-11-15,20.75,79.25,292.53,2.99,301.18
2023-11-15,20.75,79.5,292.34,1.98,302.24
2023-11-15,20.75,79.75,292.23,2.52,301.49
2023-11-15,21.0,78.75,297.3,3.45,302.16
2023-11-15,21.0,79.0,293.98,0.0,300.24
2023-11-15,21.0,79.25,296.43,0.0,301.46
2023-11-15,21.0,79.5,295.58,0.0,302.09
2023-11-15,21.0,79.75,293.56,0.66,302.12
2023-11-15,21.25,78.75,293.33,2.62,302.21
2023-11-15,21.25,79.0,296.33,0.0,301.94
2023-11-15,21.25,79.25,294.4,0.0,301.9
2023-11-15,21.25,79.5,293.83,2.57,302.0
2023-11-15,21.25,79.75,294.18,0.0,301.41
2023-11-15,21.5,78.75,294.51,0.13,301.24
2023-11-15,21.5,79.0,294.47,1.93,301.99
2023-11-15,21.5,79.25,296.12,0.62,301.6
2023-11-15,21.5,79.5,294.8,0.0,302.29
2023-11-15,21.5,79.75,295.28,0.0,302.7
2023-11-15,21.75,78.75,294.11,1.81,302.28
2023-11-15,21.75,79.0,296.05,0.0,301.94
2023-11-15,21.75,79.25,294.62,0.0,301.71
2023-11-15,21.75,79.5,292.74,0.0,301.75
2023-11-15,21.75,79.75,294.47,0.71,301.83
2023-11-16,20.75,78.75,293.51,0.46,302.47
2023-11-16,20.75,79.0,291.98,0.0,301.42
2023-11-16,20.75,79.25,296.94,0.85,302.22
2023-11-16,20.75,79.5,294.76,1.68,301.85
2023-11-16,20.75,79.75,292.33,0.0,301.63
2023-11-16,21.0,78.75,294.13,1.16,301.5
2023-11-16,21.0,79.0,294.91,1.72,301.29
2023-11-16,21.0,79.25,291.88,1.75,301.01
2023-11-16,21.0,79.5,292.37,0.63,300.75
2023-11-16,21.0,79.75,292.87,2.66,301.53
2023-11-16,21.25,78.75,291.9,0.0,302.33
2023-11-16,21.25,79.0,295.83,0.0,301.73
2023-11-16,21.25,79.25,296.65,0.0,300.67
2023-11-16,21.25,79.5,295.14,1.93,301.3
2023-11-16,21.25,79.75,292.88,1.82,301.27
2023-11-16,21.5,78.75,292.19,0.0,302.19
2023-11-16,21.5,79.0,291.88,0.0,300.32
2023-11-16,21.5,79.25,295.69,0.0,301.49
2023-11-16,21.5,79.5,294.99,0.0,301.15
2023-11-16,21.5,79.75,294.62,0.0,302.91
2023-11-16,21.75,78.75,295.38,0.64,302.04
2023-11-16,21.75,79.0,293.78,0.46,302.16
2023-11-16,21.75,79.25,293.14,0.0,301.76
2023-11-16,21.75,79.5,294.24,0.0,302.46
2023-11-16,21.75,79.75,296.41,7.02,301.95
2023-11-17,20.75,78.75,292.65,0.0,301.77
2023-11-17,20.75,79.0,294.46,0.0,302.69
2023-11-17,20.75,79.25,295.29,0.0,301.73
2023-11-17,20.75,79.5,294.68,0.74,301.49
2023-11-17,20.75,79.75,296.81,0.98,301.88
2023-11-17,21.0,78.75,292.17,0.28,300.83
2023-11-17,21.0,79.0,293.67,0.0,300.78
2023-11-17,21.0,79.25,293.01,2.8,302.23
2023-11-17,21.0,79.5,294.34,0.0,301.79
2023-11-17,21.0,79.75,295.92,0.0,301.98
2023-11-17,21.25,78.75,291.24,1.53,302.18
2023-11-17,21.25,79.0,294.45,0.0,301.87
2023-11-17,21.25,79.25,295.48,0.54,302.51
2023-11-17,21.25,79.5,295.1,3.48,300.87
2023-11-17,21.25,79.75,292.74,0.1,301.87
2023-11-17,21.5,78.75,294.58,0.0,301.62
2023-11-17,21.5,79.0,294.38,0.0,301.95
2023-11-17,21.5,79.25,294.11,0.0,302.24
2023-11-17,21.5,79.5,293.62,0.53,300.74
2023-11-17,21.5,79.75,292.1,0.0,303.02
2023-11-17,21.75,78.75,295.68,3.73,301.86
2023-11-17,21.75,79.0,292.13,0.0,301.49
2023-11-17,21.75,79.25,293.02,0.98,301.7
2023-11-17,21.75,79.5,294.64,0.0,301.16
2023-11-17,21.75,79.75,293.1,0.13,300.82
2023-11-18,20.75,78.75,292.89,6.0,301.78
2023-11-18,20.75,79.0,294.32,0.0,301.4
2023-11-18,20.75,79.25,294.09,0.0,301.12
2023-11-18,20.75,79.5,292.24,0.41,302.05
2023-11-18,20.75,79.75,293.01,0.0,301.7
2023-11-18,21.0,78.75,295.48,0.0,302.04
2023-11-18,21.0,79.0,293.15,1.5,301.9
2023-11-18,21.0,79.25,294.88,1.57,302.25
2023-11-18,21.0,79.5,293.79,0.39,302.35
2023-11-18,21.0,79.75,293.27,0.44,300.9
2023-11-18,21.25,78.75,294.55,0.89,302.16
2023-11-18,21.25,79.0,294.47,0.0,300.94
2023-11-18,21.25,79.25,294.6,0.0,302.79
2023-11-18,21.25,79.5,295.47,0.0,301.41
2023-11-18,21.25,79.75,294.66,0.35,301.38
2023-11-18,21.5,78.75,297.16,1.88,301.14
2023-11-18,21.5,79.0,294.76,0.0,301.18
2023-11-18,21.5,79.25,296.9,0.0,301.48
2023-11-18,21.5,79.5,291.56,1.1,301.06
2023-11-18,21.5,79.75,293.13,0.0,301.38
2023-11-18,21.75,78.75,294.44,0.0,301.61
2023-11-18,21.75,79.0,293.03,0.0,301.87
2023-11-18,21.75,79.25,294.18,0.0,302.66
2023-11-18,21.75,79.5,294.71,0.0,302.02
2023-11-18,21.75,79.75,296.14,0.0,301.47
2023-11-19,20.75,78.75,294.1,0.79,302.41
2023-11-19,20.75,79.0,295.47,0.32,301.62
2023-11-19,20.75,79.25,294.79,1.23,302.4
2023-11-19,20.75,79.5,290.11,0.0,301.77
2023-11-19,20.75,79.75,294.44,2.05,301.27
2023-11-19,21.0,78.75,294.25,0.0,302.08
2023-11-19,21.0,79.0,295.31,0.0,301.7
2023-11-19,21.0,79.25,296.97,3.21,302.12
2023-11-19,21.0,79.5,295.04,0.0,302.29
2023-11-19,21.0,79.75,291.04,0.53,301.99
2023-11-19,21.25,78.75,295.91,0.0,301.65
2023-11-19,21.25,79.0,295.41,2.51,301.36
2023-11-19,21.25,79.25,294.83,0.44,301.89
2023-11-19,21.25,79.5,295.94,0.0,302.01
2023-11-19,21.25,79.75,293.19,0.0,301.9
2023-11-19,21.5,78.75,293.47,0.0,301.51
2023-11-19,21.5,79.0,295.7,0.0,301.23
2023-11-19,21.5,79.25,292.55,0.0,301.34
2023-11-19,21.5,79.5,296.39,0.0,301.55
2023-11-19,21.5,79.75,294.77,0.0,302.41
2023-11-19,21.75,78.75,295.14,1.0,301.71
2023-11-19,21.75,79.0,295.18,1.59,301.54
2023-11-19,21.75,79.25,298.43,0.0,301.56
2023-11-19,21.75,79.5,292.97,0.0,302.0
2023-11-19,21.75,79.75,291.98,0.0,302.02
2023-11-20,20.75,78.75,292.84,0.0,301.45
2023-11-20,20.75,79.0,294.61,0.0,302.1
2023-11-20,20.75,79.25,291.67,0.0,301.17
2023-11-20,20.75,79.5,295.62,0.63,302.47
2023-11-20,20.75,79.75,291.55,0.16,302.49
2023-11-20,21.0,78.75,293.67,4.35,301.79
2023-11-20,21.0,79.0,293.05,1.93,302.35
2023-11-20,21.0,79.25,293.63,0.0,301.74
2023-11-20,21.0,79.5,292.36,0.0,301.23
2023-11-20,21.0,79.75,295.73,0.0,301.03
2023-11-20,21.25,78.75,295.69,0.0,301.63
2023-11-20,21.25,79.0,295.07,0.0,302.16
2023-11-20,21.25,79.25,293.71,3.28,302.17
2023-11-20,21.25,79.5,292.89,3.55,301.76
2023-11-20,21.25,79.75,291.79,0.0,302.64
2023-11-20,21.5,78.75,293.75,0.0,302.56
2023-11-20,21.5,79.0,295.49,0.0,301.92
2023-11-20,21.5,79.25,296.25,0.0,302.31
2023-11-20,21.5,79.5,295.62,0.0,301.61
2023-11-20,21.5,79.75,293.85,0.55,302.32
2023-11-20,21.75,78.75,296.02,0.0,302.42
2023-11-20,21.75,79.0,295.95,2.03,301.4
2023-11-20,21.75,79.25,294.0,0.0,301.34
2023-11-20,21.75,79.5,294.79,0.29,301.77
2023-11-20,21.75,79.75,294.08,2.02,301.67
2023-11-21,20.75,78.75,290.91,0.9,301.65
2023-11-21,20.75,79.0,295.7,0.0,302.09
2023-11-21,20.75,79.25,292.04,0.0,301.62
2023-11-21,20.75,79.5,294.05,1.69,302.18
2023-11-21,20.75,79.75,295.45,3.78,301.6
2023-11-21,21.0,78.75,296.16,0.0,302.48
2023-11-21,21.0,79.0,293.53,0.1,302.36
2023-11-21,21.0,79.25,294.82,1.49,301.71
2023-11-21,21.0,79.5,295.8,0.0,301.86
2023-11-21,21.0,79.75,295.44,0.0,302.24
2023-11-21,21.25,78.75,295.19,0.0,302.15
2023-11-21,21.25,79.0,291.14,0.0,300.93
2023-11-21,21.25,79.25,295.64,0.0,302.05
2023-11-21,21.25,79.5,293.27,0.0,302.74
2023-11-21,21.25,79.75,295.47,0.0,301.68
2023-11-21,21.5,78.75,292.51,2.13,300.78
2023-11-21,21.5,79.0,296.21,4.55,301.75
2023-11-21,21.5,79.25,295.73,0.0,300.9
2023-11-21,21.5,79.5,294.15,1.33,302.06
2023-11-21,21.5,79.75,294.8,0.0,301.24
2023-11-21,21.75,78.75,296.77,0.0,301.41
2023-11-21,21.75,79.0,294.72,0.0,301.49
2023-11-21,21.75,79.25,291.44,2.11,301.29
2023-11-21,21.75,79.5,291.77,0.0,301.26
2023-11-21,21.75,79.75,290.06,0.79,302.16
2023-11-22,20.75,78.75,294.05,0.0,302.06
2023-11-22,20.75,79.0,297.23,0.29,301.58
2023-11-22,20.75,79.25,293.36,0.0,302.0
2023-11-22,20.75,79.5,292.88,0.31,301.09
2023-11-22,20.75,79.75,293.48,4.34,301.83
2023-11-22,21.0,78.75,294.35,0.0,302.03
2023-11-22,21.0,79.0,294.74,0.57,301.29
2023-11-22,21.0,79.25,294.33,0.12,302.01
2023-11-22,21.0,79.5,294.61,0.0,302.15
2023-11-22,21.0,79.75,292.24,0.0,302.34
2023-11-22,21.25,78.75,294.53,0.52,302.31
2023-11-22,21.25,79.0,295.22,0.0,301.53
2023-11-22,21.25,79.25,294.65,0.0,301.91
2023-11-22,21.25,79.5,293.59,0.0,302.78
2023-11-22,21.25,79.75,292.06,2.31,300.95
2023-11-22,21.5,78.75,294.15,0.0,301.53
2023-11-22,21.5,79.0,291.29,0.43,301.42
2023-11-22,21.5,79.25,293.13,2.75,302.08
2023-11-22,21.5,79.5,293.34,0.45,301.77
2023-11-22,21.5,79.75,295.45,0.0,302.2
2023-11-22,21.75,78.75,293.26,0.0,302.44
2023-11-22,21.75,79.0,294.67,0.0,302.01
2023-11-22,21.75,79.25,295.27,1.57,301.4
2023-11-22,21.75,79.5,293.74,0.0,301.55
2023-11-22,21.75,79.75,293.69,0.0,301.95
2023-11-23,20.75,78.75,292.58,1.26,301.49
2023-11-23,20.75,79.0,293.05,1.99,301.84
2023-11-23,20.75,79.25,292.99,0.0,301.81
2023-11-23,20.75,79.5,295.98,1.3,301.25
2023-11-23,20.75,79.75,295.74,0.0,302.36
2023-11-23,21.0,78.75,289.59,3.34,301.85
2023-11-23,21.0,79.0,293.1,0.0,301.57
2023-11-23,21.0,79.25,293.06,0.0,301.99
2023-11-23,21.0,79.5,295.99,7.09,302.96
2023-11-23,21.0,79.75,292.42,0.0,302.28
2023-11-23,21.25,78.75,293.97,1.64,302.38
2023-11-23,21.25,79.0,294.77,0.0,301.31
2023-11-23,21.25,79.25,294.78,0.0,301.61
2023-11-23,21.25,79.5,292.47,0.0,302.47
2023-11-23,21.25,79.75,293.39,1.23,302.32
2023-11-23,21.5,78.75,291.52,2.33,301.98
2023-11-23,21.5,79.0,293.62,6.88,301.92
2023-11-23,21.5,79.25,293.33,2.97,302.14
2023-11-23,21.5,79.5,293.33,0.2,301.98
2023-11-23,21.5,79.75,294.79,0.0,302.1
2023-11-23,21.75,78.75,295.06,0.44,301.68
2023-11-23,21.75,79.0,290.26,0.0,302.3
2023-11-23,21.75,79.25,295.6,0.15,302.07
2023-11-23,21.75,79.5,292.72,0.75,301.58
2023-11-23,21.75,79.75,293.54,0.77,301.33
2023-11-24,20.75,78.75,293.95,0.0,301.72
2023-11-24,20.75,79.0,291.7,0.0,302.07
2023-11-24,20.75,79.25,294.72,0.0,302.41
2023-11-24,20.75,79.5,294.0,0.0,301.53
2023-11-24,20.75,79.75,294.84,0.0,302.04
2023-11-24,21.0,78.75,294.55,0.0,301.18
2023-11-24,21.0,79.0,293.93,1.95,301.35
2023-11-24,21.0,79.25,290.8,0.03,301.88
2023-11-24,21.0,79.5,295.66,0.0,301.73
2023-11-24,21.0,79.75,294.85,0.0,302.07
2023-11-24,21.25,78.75,293.45,0.43,302.08
2023-11-24,21.25,79.0,294.2,0.0,301.88
2023-11-24,21.25,79.25,293.01,0.0,300.45
2023-11-24,21.25,79.5,293.43,0.0,301.94
2023-11-24,21.25,79.75,294.25,0.0,301.34
2023-11-24,21.5,78.75,293.0,0.0,302.14
2023-11-24,21.5,79.0,292.63,0.0,302.44
2023-11-24,21.5,79.25,292.22,0.79,301.5
2023-11-24,21.5,79.5,294.63,0.47,301.8
2023-11-24,21.5,79.75,295.25,0.0,301.34
2023-11-24,21.75,78.75,294.76,0.0,301.96
2023-11-24,21.75,79.0,295.28,0.0,301.47
2023-11-24,21.75,79.25,294.5,0.15,302.69
2023-11-24,21.75,79.5,294.0,0.0,301.23
2023-11-24,21.75,79.75,294.25,4.38,302.25
2023-11-25,20.75,78.75,293.1,0.0,302.64
2023-11-25,20.75,79.0,294.54,0.0,302.25
2023-11-25,20.75,79.25,291.43,0.56,301.4
2023-11-25,20.75,79.5,294.02,0.0,300.85
2023-11-25,20.75,79.75,293.66,0.8,302.21
2023-11-25,21.0,78.75,292.09,0.51,301.71
2023-11-25,21.0,79.0,294.77,0.0,302.29
2023-11-25,21.0,79.25,292.39,0.0,302.09
2023-11-25,21.0,79.5,294.67,1.72,301.61
2023-11-25,21.0,79.75,295.26,1.28,302.03
2023-11-25,21.25,78.75,293.94,1.64,302.76
2023-11-25,21.25,79.0,292.43,1.94,302.4
2023-11-25,21.25,79.25,294.61,0.0,301.78
2023-11-25,21.25,79.5,294.52,0.36,301.92
2023-11-25,21.25,79.75,293.14,0.0,301.79
2023-11-25,21.5,78.75,294.57,0.0,301.56
2023-11-25,21.5,79.0,293.34,0.0,301.67
2023-11-25,21.5,79.25,291.36,0.0,302.21
2023-11-25,21.5,79.5,293.12,0.0,302.03
2023-11-25,21.5,79.75,295.29,4.87,302.39
2023-11-25,21.75,78.75,294.34,0.0,302.57
2023-11-25,21.75,79.0,294.24,0.0,302.11
2023-11-25,21.75,79.25,291.55,0.48,302.75
2023-11-25,21.75,79.5,292.96,0.0,302.69
2023-11-25,21.75,79.75,293.9,0.51,301.99
2023-11-26,20.75,78.75,293.85,0.0,302.2
2023-11-26,20.75,79.0,294.64,0.0,302.56
2023-11-26,20.75,79.25,292.42,1.23,301.43
2023-11-26,20.75,79.5,295.71,0.0,301.38
2023-11-26,20.75,79.75,292.4,0.0,302.07
2023-11-26,21.0,78.75,292.45,4.19,302.6
2023-11-26,21.0,79.0,294.14,1.77,301.86
2023-11-26,21.0,79.25,295.09,0.0,301.41
2023-11-26,21.0,79.5,294.25,0.0,302.08
2023-11-26,21.0,79.75,292.49,0.0,302.41
2023-11-26,21.25,78.75,293.33,0.2,301.74
2023-11-26,21.25,79.0,293.0,0.0,302.36
2023-11-26,21.25,79.25,292.49,0.0,301.78
2023-11-26,21.25,79.5,293.58,0.47,302.06
2023-11-26,21.25,79.75,294.6,0.03,302.5
2023-11-26,21.5,78.75,296.54,0.94,302.15
2023-11-26,21.5,79.0,294.82,0.0,302.04
2023-11-26,21.5,79.25,292.12,0.0,301.97
2023-11-26,21.5,79.5,291.94,0.0,301.96
2023-11-26,21.5,79.75,293.98,3.62,301.59
2023-11-26,21.75,78.75,293.52,0.0,302.52
2023-11-26,21.75,79.0,293.16,0.0,301.63
2023-11-26,21.75,79.25,293.74,1.31,302.53
2023-11-26,21.75,79.5,291.24,0.0,301.54
2023-11-26,21.75,79.75,293.66,0.46,301.7
2023-11-27,20.75,78.75,294.28,0.0,301.83
2023-11-27,20.75,79.0,291.3,0.98,301.91
2023-11-27,20.75,79.25,290.73,1.8,302.29
2023-11-27,20.75,79.5,294.07,0.0,301.03
2023-11-27,20.75,79.75,292.97,0.0,301.76
2023-11-27,21.0,78.75,294.31,0.32,302.1
2023-11-27,21.0,79.0,291.79,0.0,301.68
2023-11-27,21.0,79.25,291.62,0.0,302.08
2023-11-27,21.0,79.5,292.2,0.0,301.55
2023-11-27,21.0,79.75,292.78,0.0,301.76
2023-11-27,21.25,78.75,294.0,13.68,302.37
2023-11-27,21.25,79.0,293.6,0.0,302.25
2023-11-27,21.25,79.25,293.66,0.0,301.78
2023-11-27,21.25,79.5,295.29,0.0,302.18
2023-11-27,21.25,79.75,294.05,0.0,302.29
2023-11-27,21.5,78.75,294.5,0.57,302.62
2023-11-27,21.5,79.0,291.17,8.13,301.0
2023-11-27,21.5,79.25,294.9,0.0,301.52
2023-11-27,21.5,79.5,295.61,0.0,301.94
2023-11-27,21.5,79.75,293.64,2.38,301.63
2023-11-27,21.75,78.75,295.12,0.0,300.81
2023-11-27,21.75,79.0,293.05,0.0,301.95
2023-11-27,21.75,79.25,294.66,3.77,301.36
2023-11-27,21.75,79.5,293.12,0.0,301.43
2023-11-27,21.75,79.75,294.09,2.41,301.62
2023-11-28,20.75,78.75,293.55,0.18,302.36
2023-11-28,20.75,79.0,295.0,0.5,302.52
2023-11-28,20.75,79.25,294.95,1.43,302.67
2023-11-28,20.75,79.5,294.28,0.0,302.14
2023-11-28,20.75,79.75,294.08,0.0,302.36
2023-11-28,21.0,78.75,294.38,0.0,301.72
2023-11-28,21.0,79.0,290.95,2.15,302.14
2023-11-28,21.0,79.25,295.26,0.0,301.77
2023-11-28,21.0,79.5,292.02,0.0,302.14
2023-11-28,21.0,79.75,291.84,0.0,301.87
2023-11-28,21.25,78.75,293.85,0.0,301.73
2023-11-28,21.25,79.0,292.47,0.78,302.15
2023-11-28,21.25,79.25,295.07,0.34,301.93
2023-11-28,21.25,79.5,293.34,1.47,302.05
2023-11-28,21.25,79.75,294.8,0.0,301.75
2023-11-28,21.5,78.75,292.85,0.0,301.71
2023-11-28,21.5,79.0,292.66,0.0,302.13
2023-11-28,21.5,79.25,293.09,0.0,301.53
2023-11-28,21.5,79.5,292.35,0.0,302.3
2023-11-28,21.5,79.75,292.0,0.0,301.88
2023-11-28,21.75,78.75,294.97,0.02,302.33
2023-11-28,21.75,79.0,293.43,0.0,301.95
2023-11-28,21.75,79.25,294.42,0.0,302.11
2023-11-28,21.75,79.5,293.51,1.53,302.57
2023-11-28,21.75,79.75,294.05,0.44,302.94
2023-11-29,20.75,78.75,294.44,5.22,302.79
2023-11-29,20.75,79.0,294.05,0.0,301.44
2023-11-29,20.75,79.25,292.75,1.05,301.29
2023-11-29,20.75,79.5,294.66,0.0,302.39
2023-11-29,20.75,79.75,294.22,0.0,301.66
2023-11-29,21.0,78.75,295.51,0.0,301.66
2023-11-29,21.0,79.0,293.67,0.09,301.95
2023-11-29,21.0,79.25,296.68,0.0,302.0
2023-11-29,21.0,79.5,294.44,0.54,300.93
2023-11-29,21.0,79.75,295.13,0.0,302.08
2023-11-29,21.25,78.75,292.09,2.01,301.97
2023-11-29,21.25,79.0,293.79,0.0,302.34
2023-11-29,21.25,79.25,294.38,0.0,301.52
2023-11-29,21.25,79.5,292.65,2.38,301.68
2023-11-29,21.25,79.75,292.06,0.14,301.51
2023-11-29,21.5,78.75,292.23,0.0,302.92
2023-11-29,21.5,79.0,292.85,1.06,301.71
2023-11-29,21.5,79.25,292.58,0.0,301.14
2023-11-29,21.5,79.5,291.93,3.95,300.65
2023-11-29,21.5,79.75,295.44,0.0,301.71
2023-11-29,21.75,78.75,292.9,1.66,302.09
2023-11-29,21.75,79.0,293.89,0.0,300.93
2023-11-29,21.75,79.25,293.56,4.02,302.18
2023-11-29,21.75,79.5,294.33,1.43,301.66
2023-11-29,21.75,79.75,292.69,0.0,301.7
2023-11-30,20.75,78.75,293.54,3.52,302.07
2023-11-30,20.75,79.0,294.96,0.0,301.84
2023-11-30,20.75,79.25,295.64,0.0,301.77
2023-11-30,20.75,79.5,294.26,0.64,301.87
2023-11-30,20.75,79.75,292.61,0.0,301.71
2023-11-30,21.0,78.75,293.58,1.38,301.76
2023-11-30,21.0,79.0,292.6,0.79,301.77
2023-11-30,21.0,79.25,292.45,0.0,301.35
2023-11-30,21.0,79.5,295.8,0.0,302.4
2023-11-30,21.0,79.75,295.01,0.0,302.11
2023-11-30,21.25,78.75,293.35,0.0,302.25
2023-11-30,21.25,79.0,294.26,0.0,302.7
2023-11-30,21.25,79.25,295.33,0.0,301.6
2023-11-30,21.25,79.5,294.2,0.66,301.89
2023-11-30,21.25,79.75,295.59,0.0,302.88
2023-11-30,21.5,78.75,294.25,0.0,302.04
2023-11-30,21.5,79.0,292.69,7.26,301.83
2023-11-30,21.5,79.25,294.52,1.77,301.93
2023-11-30,21.5,79.5,295.64,0.0,302.04
2023-11-30,21.5,79.75,292.66,0.0,302.4
2023-11-30,21.75,78.75,293.16,0.0,301.73
2023-11-30,21.75,79.0,292.61,0.89,301.65
2023-11-30,21.75,79.25,290.7,0.0,302.34
2023-11-30,21.75,79.5,294.29,2.55,302.47
2023-11-30,21.75,79.75,292.6,1.56,302.56
2023-12-01,20.75,78.75,295.48,2.18,301.7
2023-12-01,20.75,79.0,293.44,0.0,301.69
2023-12-01,20.75,79.25,294.15,0.0,301.15
2023-12-01,20.75,79.5,294.3,0.0,302.19
2023-12-01,20.75,79.75,296.44,0.0,301.43
2023-12-01,21.0,78.75,295.05,0.0,301.63
2023-12-01,21.0,79.0,292.52,0.49,302.41
2023-12-01,21.0,79.25,295.05,1.41,302.72
2023-12-01,21.0,79.5,292.71,0.0,302.03
2023-12-01,21.0,79.75,292.12,2.59,303.2
2023-12-01,21.25,78.75,294.64,1.81,300.94
2023-12-01,21.25,79.0,291.55,0.0,301.61
2023-12-01,21.25,79.25,294.73,0.0,302.64
2023-12-01,21.25,79.5,294.37,0.0,302.1
2023-12-01,21.25,79.75,295.08,0.0,302.31
2023-12-01,21.5,78.75,291.56,0.0,301.45
2023-12-01,21.5,79.0,293.86,0.0,300.99
2023-12-01,21.5,79.25,293.32,0.0,301.13
2023-12-01,21.5,79.5,292.14,0.0,301.72
2023-12-01,21.5,79.75,291.43,0.0,302.46
2023-12-01,21.75,78.75,292.81,0.0,301.62
2023-12-01,21.75,79.0,294.96,4.43,301.58
2023-12-01,21.75,79.25,292.58,0.0,302.12
2023-12-01,21.75,79.5,295.83,3.06,301.97
2023-12-01,21.75,79.75,294.43,2.35,301.9
2023-12-02,20.75,78.75,293.11,0.0,303.26
2023-12-02,20.75,79.0,293.94,0.0,301.98
2023-12-02,20.75,79.25,293.31,0.35,301.89
2023-12-02,20.75,79.5,290.49,0.0,302.34
2023-12-02,20.75,79.75,294.46,0.0,302.15
2023-12-02,21.0,78.75,294.7,4.0,301.22
2023-12-02,21.0,79.0,293.73,0.0,301.13
2023-12-02,21.0,79.25,292.23,0.33,301.99
2023-12-02,21.0,79.5,294.56,0.53,302.7
2023-12-02,21.0,79.75,290.18,0.0,302.74
2023-12-02,21.25,78.75,292.83,0.0,301.88
2023-12-02,21.25,79.0,292.83,1.54,302.38
2023-12-02,21.25,79.25,292.91,0.0,302.2
2023-12-02,21.25,79.5,294.26,1.3,302.3
2023-12-02,21.25,79.75,294.46,3.42,302.25
2023-12-02,21.5,78.75,293.85,0.0,301.46
2023-12-02,21.5,79.0,290.51,0.0,301.62
2023-12-02,21.5,79.25,292.47,0.0,302.41
2023-12-02,21.5,79.5,294.57,0.0,301.91
2023-12-02,21.5,79.75,292.67,3.78,302.47
2023-12-02,21.75,78.75,292.49,0.15,303.04
2023-12-02,21.75,79.0,293.38,1.25,301.68
2023-12-02,21.75,79.25,290.75,0.15,301.48
2023-12-02,21.75,79.5,293.42,0.0,301.89
2023-12-02,21.75,79.75,293.73,1.95,302.43
2023-12-03,20.75,78.75,295.43,0.0,301.8
2023-12-03,20.75,79.0,294.53,3.01,302.39
2023-12-03,20.75,79.25,295.17,0.0,301.3
2023-12-03,20.75,79.5,294.47,0.0,302.4
2023-12-03,20.75,79.75,293.27,0.0,302.94
2023-12-03,21.0,78.75,292.18,0.0,301.46
2023-12-03,21.0,79.0,295.96,1.57,301.67
2023-12-03,21.0,79.25,290.95,0.0,302.06
2023-12-03,21.0,79.5,291.34,2.3,302.85
2023-12-03,21.0,79.75,295.53,1.52,300.88
2023-12-03,21.25,78.75,291.32,0.0,303.25
2023-12-03,21.25,79.0,296.03,0.0,302.12
2023-12-03,21.25,79.25,290.76,1.29,301.44
2023-12-03,21.25,79.5,292.61,1.07,300.89
2023-12-03,21.25,79.75,294.68,4.13,302.28
2023-12-03,21.5,78.75,293.8,0.0,301.61
2023-12-03,21.5,79.0,292.16,0.0,301.34
2023-12-03,21.5,79.25,292.67,0.24,302.29
2023-12-03,21.5,79.5,293.71,0.0,302.16
2023-12-03,21.5,79.75,293.98,0.28,302.27
2023-12-03,21.75,78.75,294.95,0.0,301.69
2023-12-03,21.75,79.0,292.64,0.0,301.77
2023-12-03,21.75,79.25,293.87,0.37,301.49
2023-12-03,21.75,79.5,294.46,0.49,302.1
2023-12-03,21.75,79.75,294.97,0.0,301.93
2023-12-04,20.75,78.75,292.23,0.0,301.3
2023-12-04,20.75,79.0,295.04,0.66,301.88
2023-12-04,20.75,79.25,290.54,0.24,301.78
2023-12-04,20.75,79.5,292.99,0.0,302.23
2023-12-04,20.75,79.75,295.52,0.01,302.29
2023-12-04,21.0,78.75,292.38,0.0,302.42
2023-12-04,21.0,79.0,292.2,2.79,302.28
2023-12-04,21.0,79.25,290.47,0.0,302.36
2023-12-04,21.0,79.5,290.5,0.0,302.33
2023-12-04,21.0,79.75,292.62,0.0,300.8
2023-12-04,21.25,78.75,290.14,1.87,302.67
2023-12-04,21.25,79.0,296.08,0.0,301.84
2023-12-04,21.25,79.25,292.68,0.78,302.29
2023-12-04,21.25,79.5,293.33,0.0,302.08
2023-12-04,21.25,79.75,290.49,0.0,302.12
2023-12-04,21.5,78.75,293.12,0.0,302.03
2023-12-04,21.5,79.0,292.85,0.0,301.78
2023-12-04,21.5,79.25,292.89,0.0,302.51
2023-12-04,21.5,79.5,294.12,1.15,302.33
2023-12-04,21.5,79.75,291.53,0.0,301.53
2023-12-04,21.75,78.75,292.01,2.53,302.36
2023-12-04,21.75,79.0,290.03,0.7,301.95
2023-12-04,21.75,79.25,294.52,1.15,301.54
2023-12-04,21.75,79.5,293.77,2.44,301.81
2023-12-04,21.75,79.75,291.33,0.79,302.32
2023-12-05,20.75,78.75,293.99,1.52,301.46
2023-12-05,20.75,79.0,297.99,0.0,302.5
2023-12-05,20.75,79.25,292.51,8.43,301.58
2023-12-05,20.75,79.5,290.37,3.78,302.91
2023-12-05,20.75,79.75,293.34,0.0,301.88
2023-12-05,21.0,78.75,293.16,0.0,301.94
2023-12-05,21.0,79.0,291.52,0.0,301.74
2023-12-05,21.0,79.25,293.7,0.0,301.78
2023-12-05,21.0,79.5,294.85,1.19,302.14
2023-12-05,21.0,79.75,295.0,0.47,301.07
2023-12-05,21.25,78.75,291.44,0.0,302.19
2023-12-05,21.25,79.0,292.12,0.0,300.88
2023-12-05,21.25,79.25,294.89,2.16,302.29
2023-12-05,21.25,79.5,293.24,0.0,302.45
2023-12-05,21.25,79.75,293.66,0.38,301.33
2023-12-05,21.5,78.75,293.9,4.21,302.03
2023-12-05,21.5,79.0,294.21,0.0,301.04
2023-12-05,21.5,79.25,292.04,0.43,301.45
2023-12-05,21.5,79.5,293.54,0.0,302.9
2023-12-05,21.5,79.75,293.74,0.0,301.84
2023-12-05,21.75,78.75,293.13,0.0,302.06
2023-12-05,21.75,79.0,292.53,0.0,302.4
2023-12-05,21.75,79.25,294.43,2.89,301.95
2023-12-05,21.75,79.5,290.99,0.0,302.7
2023-12-05,21.75,79.75,289.76,0.0,302.45
2023-12-06,20.75,78.75,292.38,0.0,302.79
2023-12-06,20.75,79.0,293.68,0.0,302.4
2023-12-06,20.75,79.25,293.56,0.0,301.99
2023-12-06,20.75,79.5,291.66,0.65,302.35
2023-12-06,20.75,79.75,292.24,0.63,302.2
2023-12-06,21.0,78.75,294.81,0.0,302.09
2023-12-06,21.0,79.0,289.31,0.0,301.87
2023-12-06,21.0,79.25,292.77,0.0,303.01
2023-12-06,21.0,79.5,294.15,2.95,302.44
2023-12-06,21.0,79.75,291.42,1.73,301.87
2023-12-06,21.25,78.75,293.41,0.0,302.5
2023-12-06,21.25,79.0,293.38,0.0,301.8
2023-12-06,21.25,79.25,294.17,1.61,301.65
2023-12-06,21.25,79.5,294.44,0.0,301.96
2023-12-06,21.25,79.75,295.7,0.53,302.81
2023-12-06,21.5,78.75,294.42,0.0,302.6
2023-12-06,21.5,79.0,293.54,5.22,303.1
2023-12-06,21.5,79.25,291.72,0.0,301.99
2023-12-06,21.5,79.5,292.18,1.24,302.18
2023-12-06,21.5,79.75,292.22,7.34,302.25
2023-12-06,21.75,78.75,293.91,0.0,302.31
2023-12-06,21.75,79.0,294.37,0.0,301.78
2023-12-06,21.75,79.25,294.1,4.21,302.59
2023-12-06,21.75,79.5,294.38,1.29,302.23
2023-12-06,21.75,79.75,295.15,0.0,302.44
2023-12-07,20.75,78.75,292.98,0.0,302.11
2023-12-07,20.75,79.0,291.82,2.27,301.8
2023-12-07,20.75,79.25,291.45,3.88,301.61
2023-12-07,20.75,79.5,290.1,0.0,301.41
2023-12-07,20.75,79.75,295.28,1.29,302.18
2023-12-07,21.0,78.75,294.39,0.9,301.97
2023-12-07,21.0,79.0,291.34,0.0,302.16
2023-12-07,21.0,79.25,294.36,0.0,302.0
2023-12-07,21.0,79.5,292.25,4.05,301.65
2023-12-07,21.0,79.75,292.27,0.06,301.85
2023-12-07,21.25,78.75,293.15,0.0,302.83
2023-12-07,21.25,79.0,294.79,0.0,301.18
2023-12-07,21.25,79.25,291.97,0.0,301.59
2023-12-07,21.25,79.5,293.55,0.0,301.71
2023-12-07,21.25,79.75,293.72,0.0,302.16
2023-12-07,21.5,78.75,294.55,0.79,301.36
2023-12-07,21.5,79.0,294.66,2.72,302.68
2023-12-07,21.5,79.25,295.55,2.1,302.33
2023-12-07,21.5,79.5,292.87,0.0,302.32
2023-12-07,21.5,79.75,292.19,0.0,302.07
2023-12-07,21.75,78.75,292.78,0.38,302.18
2023-12-07,21.75,79.0,295.04,0.0,301.59
2023-12-07,21.75,79.25,294.86,0.45,301.68
2023-12-07,21.75,79.5,290.37,0.0,302.06
2023-12-07,21.75,79.75,292.64,0.17,301.71
2023-12-08,20.75,78.75,291.45,1.45,301.69
2023-12-08,20.75,79.0,292.39,0.72,301.83
2023-12-08,20.75,79.25,290.83,0.0,302.49
2023-12-08,20.75,79.5,290.45,3.58,301.94
2023-12-08,20.75,79.75,293.69,0.0,301.64
2023-12-08,21.0,78.75,292.56,0.03,301.72
2023-12-08,21.0,79.0,295.18,0.0,302.21
2023-12-08,21.0,79.25,292.81,0.0,301.99
2023-12-08,21.0,79.5,292.35,0.0,302.33
2023-12-08,21.0,79.75,289.83,0.27,301.6
2023-12-08,21.25,78.75,291.9,0.8,301.58
2023-12-08,21.25,79.0,293.32,0.0,302.74
2023-12-08,21.25,79.25,292.41,0.0,301.58
2023-12-08,21.25,79.5,292.94,2.35,302.17
2023-12-08,21.25,79.75,292.84,0.44,302.09
2023-12-08,21.5,78.75,291.56,0.0,302.31
2023-12-08,21.5,79.0,292.76,1.49,302.52
2023-12-08,21.5,79.25,295.08,0.47,301.81
2023-12-08,21.5,79.5,292.8,0.05,302.21
2023-12-08,21.5,79.75,291.63,0.0,301.15
2023-12-08,21.75,78.75,293.57,0.78,302.89
2023-12-08,21.75,79.0,292.39,0.0,301.42
2023-12-08,21.75,79.25,291.7,6.4,301.63
2023-12-08,21.75,79.5,290.29,0.0,301.59
2023-12-08,21.75,79.75,294.7,0.0,301.91
2023-12-09,20.75,78.75,290.26,3.57,301.86
2023-12-09,20.75,79.0,292.35,0.66,301.16
2023-12-09,20.75,79.25,292.63,0.0,302.23
2023-12-09,20.75,79.5,293.06,0.88,301.91
2023-12-09,20.75,79.75,292.5,0.19,301.84
2023-12-09,21.0,78.75,292.98,0.0,300.74
2023-12-09,21.0,79.0,294.75,0.0,301.5
2023-12-09,21.0,79.25,294.55,0.0,302.32
2023-12-09,21.0,79.5,293.14,0.0,302.24
2023-12-09,21.0,79.75,290.63,3.79,302.1
2023-12-09,21.25,78.75,294.58,0.0,302.62
2023-12-09,21.25,79.0,292.94,0.57,301.65
2023-12-09,21.25,79.25,291.18,1.2,302.82
2023-12-09,21.25,79.5,296.07,0.0,301.59
2023-12-09,21.25,79.75,294.95,0.0,302.0
2023-12-09,21.5,78.75,293.94,0.0,302.26
2023-12-09,21.5,79.0,292.15,0.0,302.1
2023-12-09,21.5,79.25,291.74,0.0,302.62
2023-12-09,21.5,79.5,294.55,0.0,300.97
2023-12-09,21.5,79.75,295.63,0.0,301.75
2023-12-09,21.75,78.75,295.72,0.0,301.63
2023-12-09,21.75,79.0,290.85,0.44,302.13
2023-12-09,21.75,79.25,293.5,2.66,301.28
2023-12-09,21.75,79.5,292.55,0.0,302.35
2023-12-09,21.75,79.75,291.21,0.0,301.84
2023-12-10,20.75,78.75,292.25,6.57,301.64
2023-12-10,20.75,79.0,291.64,0.0,301.6
2023-12-10,20.75,79.25,292.42,1.01,302.08
2023-12-10,20.75,79.5,291.76,0.0,301.69
2023-12-10,20.75,79.75,293.67,5.49,302.13
2023-12-10,21.0,78.75,292.77,0.14,301.77
2023-12-10,21.0,79.0,292.27,0.24,301.52
2023-12-10,21.0,79.25,292.25,0.0,301.48
2023-12-10,21.0,79.5,294.87,2.49,301.4
2023-12-10,21.0,79.75,294.47,0.99,301.6
2023-12-10,21.25,78.75,292.19,0.0,302.14
2023-12-10,21.25,79.0,291.86,0.0,302.29
2023-12-10,21.25,79.25,290.94,0.16,301.14
2023-12-10,21.25,79.5,290.97,0.18,301.44
2023-12-10,21.25,79.75,292.96,0.07,301.97
2023-12-10,21.5,78.75,291.79,0.0,301.55
2023-12-10,21.5,79.0,292.1,0.0,301.96
2023-12-10,21.5,79.25,294.34,0.0,301.71
2023-12-10,21.5,79.5,290.86,2.3,301.26
2023-12-10,21.5,79.75,293.41,0.0,300.73
2023-12-10,21.75,78.75,291.38,0.0,301.5
2023-12-10,21.75,79.0,292.57,0.0,302.01
2023-12-10,21.75,79.25,292.37,0.0,302.45
2023-12-10,21.75,79.5,291.22,0.0,302.22
2023-12-10,21.75,79.75,291.15,0.0,301.74
2023-12-11,20.75,78.75,293.28,1.36,301.95
2023-12-11,20.75,79.0,290.84,0.0,301.56
2023-12-11,20.75,79.25,293.74,4.74,301.75
2023-12-11,20.75,79.5,292.52,0.0,302.16
2023-12-11,20.75,79.75,294.93,0.0,302.36
2023-12-11,21.0,78.75,292.11,1.77,302.75
2023-12-11,21.0,79.0,294.11,0.0,301.59
2023-12-11,21.0,79.25,294.47,2.64,301.32
2023-12-11,21.0,79.5,295.69,0.0,301.3
2023-12-11,21.0,79.75,296.92,0.61,302.07
2023-12-11,21.25,78.75,290.89,0.0,301.4
2023-12-11,21.25,79.0,293.13,0.82,302.62
2023-12-11,21.25,79.25,291.33,0.15,301.9
2023-12-11,21.25,79.5,291.33,2.4,302.38
2023-12-11,21.25,79.75,292.31,0.0,301.36
2023-12-11,21.5,78.75,294.01,0.0,302.2
2023-12-11,21.5,79.0,293.3,0.0,303.02
2023-12-11,21.5,79.25,292.75,0.0,302.42
2023-12-11,21.5,79.5,292.18,0.0,301.43
2023-12-11,21.5,79.75,294.87,0.0,302.6
2023-12-11,21.75,78.75,292.62,1.71,301.66
2023-12-11,21.75,79.0,292.86,0.0,302.24
2023-12-11,21.75,79.25,294.76,0.87,301.73
2023-12-11,21.75,79.5,293.82,2.77,301.96
2023-12-11,21.75,79.75,292.35,0.0,301.85
2023-12-12,20.75,78.75,293.24,1.27,302.59
2023-12-12,20.75,79.0,295.22,0.0,302.41
2023-12-12,20.75,79.25,294.05,0.0,301.9
2023-12-12,20.75,79.5,293.27,0.0,302.03
2023-12-12,20.75,79.75,293.5,0.0,302.85
2023-12-12,21.0,78.75,294.25,0.0,301.52
2023-12-12,21.0,79.0,294.94,0.0,301.26
2023-12-12,21.0,79.25,290.7,0.0,302.09
2023-12-12,21.0,79.5,292.06,0.0,302.14
2023-12-12,21.0,79.75,295.61,0.0,302.0
2023-12-12,21.25,78.75,293.18,0.0,302.98
2023-12-12,21.25,79.0,292.5,0.0,302.43
2023-12-12,21.25,79.25,291.51,0.0,301.69
2023-12-12,21.25,79.5,293.04,0.0,301.9
2023-12-12,21.25,79.75,295.47,0.12,301.8
2023-12-12,21.5,78.75,294.17,0.0,301.59
2023-12-12,21.5,79.0,291.68,2.92,302.03
2023-12-12,21.5,79.25,297.68,0.73,301.98
2023-12-12,21.5,79.5,292.94,0.0,301.81
2023-12-12,21.5,79.75,293.2,5.69,302.22
2023-12-12,21.75,78.75,291.65,3.92,302.75
2023-12-12,21.75,79.0,292.63,0.0,301.17
2023-12-12,21.75,79.25,295.29,0.0,302.36
2023-12-12,21.75,79.5,295.29,0.0,301.68
2023-12-12,21.75,79.75,294.51,0.0,301.95
2023-12-13,20.75,78.75,295.68,4.14,302.49
2023-12-13,20.75,79.0,293.3,0.0,301.98
2023-12-13,20.75,79.25,291.82,0.17,301.97
2023-12-13,20.75,79.5,293.05,0.0,301.71
2023-12-13,20.75,79.75,292.89,5.92,301.15
2023-12-13,21.0,78.75,288.61,0.0,303.09
2023-12-13,21.0,79.0,293.47,0.0,301.89
2023-12-13,21.0,79.25,290.74,5.64,301.87
2023-12-13,21.0,79.5,290.92,0.0,302.59
2023-12-13,21.0,79.75,296.48,0.0,302.4
2023-12-13,21.25,78.75,292.78,0.0,301.98
2023-12-13,21.25,79.0,292.79,0.0,301.87
2023-12-13,21.25,79.25,295.81,0.0,302.72
2023-12-13,21.25,79.5,293.02,0.0,301.29
2023-12-13,21.25,79.75,294.27,0.0,302.46
2023-12-13,21.5,78.75,290.04,0.0,302.66
2023-12-13,21.5,79.0,291.16,0.0,301.66
2023-12-13,21.5,79.25,294.6,0.0,302.32
2023-12-13,21.5,79.5,292.57,0.0,302.42
2023-12-13,21.5,79.75,292.15,0.19,302.64
2023-12-13,21.75,78.75,296.1,0.8,302.49
2023-12-13,21.75,79.0,293.4,0.0,302.04
2023-12-13,21.75,79.25,293.37,1.55,302.36
2023-12-13,21.75,79.5,293.55,0.0,302.2
2023-12-13,21.75,79.75,291.54,0.0,300.72
2023-12-14,20.75,78.75,292.1,3.67,301.78
2023-12-14,20.75,79.0,291.01,0.3,301.52
2023-12-14,20.75,79.25,292.16,0.0,301.91
2023-12-14,20.75,79.5,291.24,3.46,302.16
2023-12-14,20.75,79.75,292.0,0.0,301.84
2023-12-14,21.0,78.75,291.38,3.58,302.05
2023-12-14,21.0,79.0,292.99,0.0,302.17
2023-12-14,21.0,79.25,293.11,0.0,302.31
2023-12-14,21.0,79.5,294.09,1.77,303.01
2023-12-14,21.0,79.75,291.32,0.15,301.76
2023-12-14,21.25,78.75,292.4,0.0,302.41
2023-12-14,21.25,79.0,291.49,0.0,301.69
2023-12-14,21.25,79.25,290.23,0.0,301.78
2023-12-14,21.25,79.5,292.86,0.0,302.16
2023-12-14,21.25,79.75,294.09,2.65,301.5
2023-12-14,21.5,78.75,292.52,0.41,301.54
2023-12-14,21.5,79.0,292.23,0.0,301.91
2023-12-14,21.5,79.25,292.18,7.86,301.83
2023-12-14,21.5,79.5,295.68,0.0,301.3
2023-12-14,21.5,79.75,291.89,0.0,301.66
2023-12-14,21.75,78.75,293.28,0.0,301.11
2023-12-14,21.75,79.0,292.85,0.0,301.66
2023-12-14,21.75,79.25,291.93,0.0,302.04
2023-12-14,21.75,79.5,294.95,3.06,302.41
2023-12-14,21.75,79.75,294.57,0.0,301.29
2023-12-15,20.75,78.75,292.14,0.7,302.46
2023-12-15,20.75,79.0,292.43,0.35,302.0
2023-12-15,20.75,79.25,292.49,0.54,302.46
2023-12-15,20.75,79.5,293.03,0.0,302.11
2023-12-15,20.75,79.75,294.62,1.03,301.68
2023-12-15,21.0,78.75,292.79,3.19,303.59
2023-12-15,21.0,79.0,292.01,1.2,302.46
2023-12-15,21.0,79.25,295.42,1.41,301.99
2023-12-15,21.0,79.5,292.89,0.0,301.55
2023-12-15,21.0,79.75,291.34,3.2,301.84
2023-12-15,21.25,78.75,293.91,0.85,302.26
2023-12-15,21.25,79.0,293.07,0.0,302.56
2023-12-15,21.25,79.25,293.12,0.0,302.32
2023-12-15,21.25,79.5,293.06,0.0,302.85
2023-12-15,21.25,79.75,292.56,0.41,301.78
2023-12-15,21.5,78.75,290.53,0.0,301.7
2023-12-15,21.5,79.0,293.68,0.0,301.67
2023-12-15,21.5,79.25,294.33,0.0,302.43
2023-12-15,21.5,79.5,294.18,0.91,302.35
2023-12-15,21.5,79.75,291.87,0.0,300.68
2023-12-15,21.75,78.75,294.44,2.23,302.43
2023-12-15,21.75,79.0,290.09,0.0,301.21
2023-12-15,21.75,79.25,292.96,0.0,301.88
2023-12-15,21.75,79.5,294.08,0.0,302.41
2023-12-15,21.75,79.75,291.76,1.45,301.63
2023-12-16,20.75,78.75,293.04,2.9,301.07
2023-12-16,20.75,79.0,293.43,0.0,301.68
2023-12-16,20.75,79.25,291.87,0.0,303.21
2023-12-16,20.75,79.5,295.16,1.89,302.41
2023-12-16,20.75,79.75,293.06,0.0,301.8
2023-12-16,21.0,78.75,292.32,0.0,301.91
2023-12-16,21.0,79.0,291.78,0.64,301.69
2023-12-16,21.0,79.25,293.33,1.67,300.82
2023-12-16,21.0,79.5,291.78,0.0,302.18
2023-12-16,21.0,79.75,296.39,0.0,302.22
2023-12-16,21.25,78.75,292.91,0.0,302.1
2023-12-16,21.25,79.0,293.29,0.0,302.22
2023-12-16,21.25,79.25,291.92,1.93,302.06
2023-12-16,21.25,79.5,292.71,0.0,302.86
2023-12-16,21.25,79.75,293.45,0.0,303.19
2023-12-16,21.5,78.75,292.67,0.0,302.42
2023-12-16,21.5,79.0,292.27,0.0,301.6
2023-12-16,21.5,79.25,290.64,0.0,301.86
2023-12-16,21.5,79.5,290.56,0.35,301.62
2023-12-16,21.5,79.75,296.42,0.0,302.07
2023-12-16,21.75,78.75,291.5,0.52,302.54
2023-12-16,21.75,79.0,294.5,5.27,302.89
2023-12-16,21.75,79.25,293.86,0.0,302.4
2023-12-16,21.75,79.5,292.05,0.51,302.59
2023-12-16,21.75,79.75,291.13,2.6,301.9
2023-12-17,20.75,78.75,292.91,0.0,301.51
2023-12-17,20.75,79.0,291.07,0.0,302.25
2023-12-17,20.75,79.25,290.88,0.3,301.8
2023-12-17,20.75,79.5,291.04,0.0,301.75
2023-12-17,20.75,79.75,293.66,4.77,301.92
2023-12-17,21.0,78.75,293.32,0.27,302.18
2023-12-17,21.0,79.0,291.26,0.79,302.19
2023-12-17,21.0,79.25,294.85,0.0,301.56
2023-12-17,21.0,79.5,291.31,0.81,302.39
2023-12-17,21.0,79.75,292.0,1.63,301.96
2023-12-17,21.25,78.75,292.27,0.0,301.75
2023-12-17,21.25,79.0,295.53,0.0,301.25
2023-12-17,21.25,79.25,292.26,0.0,302.7
2023-12-17,21.25,79.5,294.28,0.34,302.02
2023-12-17,21.25,79.75,292.78,2.35,302.66
2023-12-17,21.5,78.75,290.6,0.43,302.88
2023-12-17,21.5,79.0,292.48,6.56,301.92
2023-12-17,21.5,79.25,294.12,0.0,301.42
2023-12-17,21.5,79.5,292.79,0.0,302.25
2023-12-17,21.5,79.75,293.05,0.0,302.04
2023-12-17,21.75,78.75,292.81,0.0,302.08
2023-12-17,21.75,79.0,291.72,0.1,302.09
2023-12-17,21.75,79.25,294.2,0.98,302.36
2023-12-17,21.75,79.5,291.74,0.0,302.47
2023-12-17,21.75,79.75,294.9,0.78,301.84
2023-12-18,20.75,78.75,292.73,0.07,302.59
2023-12-18,20.75,79.0,293.55,0.0,301.51
2023-12-18,20.75,79.25,291.62,0.0,301.86
2023-12-18,20.75,79.5,293.61,4.33,302.29
2023-12-18,20.75,79.75,293.87,0.03,303.31
2023-12-18,21.0,78.75,290.6,1.4,301.64
2023-12-18,21.0,79.0,293.85,0.0,301.98
2023-12-18,21.0,79.25,294.13,1.22,301.6
2023-12-18,21.0,79.5,291.18,0.64,301.24
2023-12-18,21.0,79.75,293.17,0.0,301.17
2023-12-18,21.25,78.75,291.9,0.0,301.68
2023-12-18,21.25,79.0,291.16,2.23,302.12
2023-12-18,21.25,79.25,292.45,0.0,300.97
2023-12-18,21.25,79.5,293.41,0.0,302.66
2023-12-18,21.25,79.75,296.18,1.17,301.5
2023-12-18,21.5,78.75,292.37,0.0,302.21
2023-12-18,21.5,79.0,294.77,0.14,301.66
2023-12-18,21.5,79.25,290.45,3.64,301.7
2023-12-18,21.5,79.5,291.94,0.0,301.47
2023-12-18,21.5,79.75,291.79,0.33,302.56
2023-12-18,21.75,78.75,293.35,4.25,302.02
2023-12-18,21.75,79.0,291.26,3.13,302.39
2023-12-18,21.75,79.25,291.03,0.0,302.02
2023-12-18,21.75,79.5,294.74,3.61,302.23
2023-12-18,21.75,79.75,292.92,0.0,301.81
2023-12-19,20.75,78.75,293.11,0.0,302.59
2023-12-19,20.75,79.0,294.19,1.55,302.57
2023-12-19,20.75,79.25,292.47,0.0,301.56
2023-12-19,20.75,79.5,292.25,1.59,301.68
2023-12-19,20.75,79.75,294.96,0.23,302.29
2023-12-19,21.0,78.75,293.11,1.34,301.49
2023-12-19,21.0,79.0,292.5,1.41,301.82
2023-12-19,21.0,79.25,292.48,0.0,301.94
2023-12-19,21.0,79.5,291.72,0.0,301.66
2023-12-19,21.0,79.75,293.56,0.0,301.45
2023-12-19,21.25,78.75,295.43,4.55,301.36
2023-12-19,21.25,79.0,291.14,0.0,300.22
2023-12-19,21.25,79.25,291.5,0.0,302.06
2023-12-19,21.25,79.5,293.16,1.23,301.81
2023-12-19,21.25,79.75,293.42,0.0,301.97
2023-12-19,21.5,78.75,295.26,9.19,301.59
2023-12-19,21.5,79.0,295.83,0.0,302.61
2023-12-19,21.5,79.25,295.53,0.77,301.51
2023-12-19,21.5,79.5,295.1,1.58,302.37
2023-12-19,21.5,79.75,294.29,0.0,302.66
2023-12-19,21.75,78.75,291.71,0.0,301.27
2023-12-19,21.75,79.0,292.26,0.0,302.34
2023-12-19,21.75,79.25,294.71,0.0,302.33
2023-12-19,21.75,79.5,294.53,0.0,301.84
2023-12-19,21.75,79.75,291.87,0.27,301.29
2023-12-20,20.75,78.75,293.29,0.0,302.58
2023-12-20,20.75,79.0,292.9,2.46,301.98
2023-12-20,20.75,79.25,293.47,0.0,301.4
2023-12-20,20.75,79.5,295.1,1.38,302.69
2023-12-20,20.75,79.75,292.34,0.0,302.14
2023-12-20,21.0,78.75,294.12,2.44,302.14
2023-12-20,21.0,79.0,295.0,2.36,302.6
2023-12-20,21.0,79.25,295.53,0.0,301.96
2023-12-20,21.0,79.5,289.06,0.0,302.48
2023-12-20,21.0,79.75,292.33,2.43,302.27
2023-12-20,21.25,78.75,292.36,2.93,300.35
2023-12-20,21.25,79.0,292.32,0.0,302.31
2023-12-20,21.25,79.25,292.55,0.0,302.71
2023-12-20,21.25,79.5,289.12,0.0,301.71
2023-12-20,21.25,79.75,292.58,0.0,301.19
2023-12-20,21.5,78.75,292.97,0.0,301.77
2023-12-20,21.5,79.0,291.69,0.0,301.33
2023-12-20,21.5,79.25,294.95,0.0,301.27
2023-12-20,21.5,79.5,295.36,0.0,302.35
2023-12-20,21.5,79.75,291.46,3.61,301.71
2023-12-20,21.75,78.75,291.95,0.0,302.69
2023-12-20,21.75,79.0,292.19,0.0,302.12
2023-12-20,21.75,79.25,293.23,0.78,301.63
2023-12-20,21.75,79.5,295.45,1.24,302.23
2023-12-20,21.75,79.75,293.22,0.08,302.28
2023-12-21,20.75,78.75,294.19,0.0,301.89
2023-12-21,20.75,79.0,292.49,0.46,301.82
2023-12-21,20.75,79.25,290.77,0.0,301.64
2023-12-21,20.75,79.5,290.92,0.0,302.2
2023-12-21,20.75,79.75,292.76,0.0,301.78
2023-12-21,21.0,78.75,291.33,0.0,302.0
2023-12-21,21.0,79.0,293.46,3.67,301.35
2023-12-21,21.0,79.25,292.45,0.0,302.21
2023-12-21,21.0,79.5,290.93,0.29,301.48
2023-12-21,21.0,79.75,292.06,0.0,302.14
2023-12-21,21.25,78.75,292.37,0.0,302.14
2023-12-21,21.25,79.0,292.66,1.57,301.24
2023-12-21,21.25,79.25,292.13,0.0,302.92
2023-12-21,21.25,79.5,295.25,0.94,302.22
2023-12-21,21.25,79.75,293.66,0.0,302.21
2023-12-21,21.5,78.75,292.01,4.79,301.43
2023-12-21,21.5,79.0,293.56,0.0,301.85
2023-12-21,21.5,79.25,291.42,0.0,302.2
2023-12-21,21.5,79.5,294.7,0.0,302.48
2023-12-21,21.5,79.75,293.81,0.0,301.91
2023-12-21,21.75,78.75,292.49,0.0,301.97
2023-12-21,21.75,79.0,294.85,1.45,301.82
2023-12-21,21.75,79.25,291.93,0.34,302.3
2023-12-21,21.75,79.5,292.08,0.63,301.3
2023-12-21,21.75,79.75,291.02,0.0,301.51
2023-12-22,20.75,78.75,295.52,2.95,302.63
2023-12-22,20.75,79.0,291.92,2.08,302.6
2023-12-22,20.75,79.25,295.5,0.0,301.76
2023-12-22,20.75,79.5,293.53,2.0,301.56
2023-12-22,20.75,79.75,292.37,0.0,301.86
2023-12-22,21.0,78.75,293.44,0.0,302.56
2023-12-22,21.0,79.0,292.06,0.0,302.2
2023-12-22,21.0,79.25,292.24,0.91,301.5
2023-12-22,21.0,79.5,292.31,1.1,302.48
2023-12-22,21.0,79.75,293.07,0.03,302.4
2023-12-22,21.25,78.75,292.4,0.0,302.16
2023-12-22,21.25,79.0,291.03,0.78,301.23
2023-12-22,21.25,79.25,295.64,0.66,301.1
2023-12-22,21.25,79.5,290.19,2.35,301.98
2023-12-22,21.25,79.75,291.36,0.0,302.15
2023-12-22,21.5,78.75,293.75,0.0,301.66
2023-12-22,21.5,79.0,293.87,0.0,302.35
2023-12-22,21.5,79.25,291.14,0.35,301.98
2023-12-22,21.5,79.5,290.62,0.0,302.11
2023-12-22,21.5,79.75,294.51,5.36,301.8
2023-12-22,21.75,78.75,293.65,0.0,302.12
2023-12-22,21.75,79.0,295.08,0.0,302.35
2023-12-22,21.75,79.25,294.32,0.0,302.74
2023-12-22,21.75,79.5,290.93,0.0,302.28
2023-12-22,21.75,79.75,294.1,0.22,302.19
2023-12-23,20.75,78.75,295.57,0.0,301.63
2023-12-23,20.75,79.0,291.32,0.91,302.16
2023-12-23,20.75,79.25,291.83,0.0,302.63
2023-12-23,20.75,79.5,291.8,3.29,302.6
2023-12-23,20.75,79.75,293.64,0.0,301.19
2023-12-23,21.0,78.75,292.4,0.0,301.94
2023-12-23,21.0,79.0,291.69,0.0,302.11
2023-12-23,21.0,79.25,289.97,0.0,302.41
2023-12-23,21.0,79.5,292.11,0.1,303.0
2023-12-23,21.0,79.75,292.05,0.0,301.41
2023-12-23,21.25,78.75,292.18,0.0,301.52
2023-12-23,21.25,79.0,289.47,4.13,301.63
2023-12-23,21.25,79.25,293.37,0.0,301.9
2023-12-23,21.25,79.5,293.49,0.0,301.92
2023-12-23,21.25,79.75,291.62,1.4,302.35
2023-12-23,21.5,78.75,294.1,1.19,302.04
2023-12-23,21.5,79.0,295.46,0.0,301.58
2023-12-23,21.5,79.25,293.84,4.68,301.74
2023-12-23,21.5,79.5,293.93,2.35,302.41
2023-12-23,21.5,79.75,293.4,2.03,301.3
2023-12-23,21.75,78.75,292.25,0.16,301.4
2023-12-23,21.75,79.0,291.52,0.0,303.16
2023-12-23,21.75,79.25,292.8,4.11,301.77
2023-12-23,21.75,79.5,291.36,0.92,302.99
2023-12-23,21.75,79.75,293.45,4.9,301.88
2023-12-24,20.75,78.75,292.38,1.76,302.08
2023-12-24,20.75,79.0,292.05,2.93,301.59
2023-12-24,20.75,79.25,290.92,0.18,303.47
2023-12-24,20.75,79.5,295.59,2.21,301.86
2023-12-24,20.75,79.75,291.46,0.11,302.65
2023-12-24,21.0,78.75,293.5,0.0,302.08
2023-12-24,21.0,79.0,292.27,0.0,301.39
2023-12-24,21.0,79.25,292.79,0.0,301.86
2023-12-24,21.0,79.5,293.04,0.0,301.79
2023-12-24,21.0,79.75,294.55,3.48,300.3
2023-12-24,21.25,78.75,292.95,1.18,301.71
2023-12-24,21.25,79.0,293.82,1.93,301.22
2023-12-24,21.25,79.25,292.58,0.0,302.93
2023-12-24,21.25,79.5,294.01,0.0,302.41
2023-12-24,21.25,79.75,293.02,0.0,302.13
2023-12-24,21.5,78.75,296.42,0.0,302.42
2023-12-24,21.5,79.0,294.92,4.89,302.08
2023-12-24,21.5,79.25,295.29,0.0,302.77
2023-12-24,21.5,79.5,293.64,0.0,301.79
2023-12-24,21.5,79.75,291.75,0.0,301.24
2023-12-24,21.75,78.75,293.75,0.0,301.79
2023-12-24,21.75,79.0,294.3,0.23,302.75
2023-12-24,21.75,79.25,291.94,0.0,301.99
2023-12-24,21.75,79.5,294.53,0.0,302.29
2023-12-24,21.75,79.75,293.87,0.0,301.98
2023-12-25,20.75,78.75,294.71,1.13,301.52
2023-12-25,20.75,79.0,293.06,2.53,302.28
2023-12-25,20.75,79.25,292.97,2.2,301.35
2023-12-25,20.75,79.5,292.77,0.0,301.85
2023-12-25,20.75,79.75,292.1,6.15,301.82
2023-12-25,21.0,78.75,295.38,0.0,302.94
2023-12-25,21.0,79.0,292.42,0.0,301.69
2023-12-25,21.0,79.25,293.8,0.0,302.21
2023-12-25,21.0,79.5,290.85,0.0,301.45
2023-12-25,21.0,79.75,292.27,0.0,303.28
2023-12-25,21.25,78.75,293.31,0.0,302.19
2023-12-25,21.25,79.0,291.3,0.0,302.13
2023-12-25,21.25,79.25,293.35,0.36,302.3
2023-12-25,21.25,79.5,291.75,0.0,302.29
2023-12-25,21.25,79.75,295.38,0.0,302.09
2023-12-25,21.5,78.75,290.38,2.35,301.57
2023-12-25,21.5,79.0,290.18,0.82,302.67
2023-12-25,21.5,79.25,293.43,0.0,302.07
2023-12-25,21.5,79.5,291.65,1.77,302.43
2023-12-25,21.5,79.75,294.43,0.0,302.01
2023-12-25,21.75,78.75,293.58,0.0,301.1
2023-12-25,21.75,79.0,290.56,0.0,301.73
2023-12-25,21.75,79.25,294.69,2.52,301.98
2023-12-25,21.75,79.5,290.44,1.02,303.01
2023-12-25,21.75,79.75,294.39,3.64,300.73
2023-12-26,20.75,78.75,291.68,0.0,302.15
2023-12-26,20.75,79.0,293.43,0.74,302.12
2023-12-26,20.75,79.25,292.67,0.0,302.59
2023-12-26,20.75,79.5,292.92,0.0,302.69
2023-12-26,20.75,79.75,293.34,1.04,301.69
2023-12-26,21.0,78.75,292.25,0.0,301.78
2023-12-26,21.0,79.0,293.17,0.16,302.55
2023-12-26,21.0,79.25,291.84,0.0,302.38
2023-12-26,21.0,79.5,292.99,0.0,302.23
2023-12-26,21.0,79.75,293.45,0.0,301.43
2023-12-26,21.25,78.75,295.16,0.0,301.89
2023-12-26,21.25,79.0,293.03,0.0,301.99
2023-12-26,21.25,79.25,295.04,0.0,301.87
2023-12-26,21.25,79.5,293.06,0.0,301.69
2023-12-26,21.25,79.75,292.78,3.55,302.0
2023-12-26,21.5,78.75,292.22,2.0,301.18
2023-12-26,21.5,79.0,292.87,0.0,301.85
2023-12-26,21.5,79.25,294.61,2.96,301.55
2023-12-26,21.5,79.5,294.23,0.0,302.04
2023-12-26,21.5,79.75,289.62,1.33,302.38
2023-12-26,21.75,78.75,292.19,2.33,302.48
2023-12-26,21.75,79.0,294.01,0.0,301.78
2023-12-26,21.75,79.25,292.59,1.78,302.74
2023-12-26,21.75,79.5,295.21,0.0,301.95
2023-12-26,21.75,79.75,292.03,0.0,302.92
2023-12-27,20.75,78.75,295.37,1.8,302.37
2023-12-27,20.75,79.0,291.38,0.79,302.31
2023-12-27,20.75,79.25,291.46,0.0,302.02
2023-12-27,20.75,79.5,295.24,0.0,302.0
2023-12-27,20.75,79.75,293.48,0.0,301.97
2023-12-27,21.0,78.75,292.37,0.0,301.55
2023-12-27,21.0,79.0,294.91,0.0,301.1
2023-12-27,21.0,79.25,292.3,0.55,301.82
2023-12-27,21.0,79.5,291.85,0.0,302.83
2023-12-27,21.0,79.75,291.77,0.18,301.18
2023-12-27,21.25,78.75,293.69,2.57,302.4
2023-12-27,21.25,79.0,289.87,0.0,302.04
2023-12-27,21.25,79.25,292.47,3.18,301.6
2023-12-27,21.25,79.5,297.62,0.0,301.78
2023-12-27,21.25,79.75,293.16,0.0,301.5
2023-12-27,21.5,78.75,292.65,0.28,302.64
2023-12-27,21.5,79.0,294.44,0.0,301.85
2023-12-27,21.5,79.25,291.93,1.92,302.04
2023-12-27,21.5,79.5,293.55,0.0,301.86
2023-12-27,21.5,79.75,293.63,1.53,302.26
2023-12-27,21.75,78.75,291.47,0.0,302.26
2023-12-27,21.75,79.0,293.01,0.0,301.67
2023-12-27,21.75,79.25,292.66,0.0,302.34
2023-12-27,21.75,79.5,295.57,4.26,301.52
2023-12-27,21.75,79.75,292.48,0.0,302.01
2023-12-28,20.75,78.75,292.85,0.35,302.51
2023-12-28,20.75,79.0,291.64,0.95,301.76
2023-12-28,20.75,79.25,293.48,0.91,301.63
2023-12-28,20.75,79.5,293.82,1.11,302.15
2023-12-28,20.75,79.75,296.14,0.0,302.32
2023-12-28,21.0,78.75,293.71,0.0,301.36
2023-12-28,21.0,79.0,293.71,0.0,301.08
2023-12-28,21.0,79.25,293.66,0.0,301.93
2023-12-28,21.0,79.5,296.51,1.08,302.16
2023-12-28,21.0,79.75,292.62,0.0,301.62
2023-12-28,21.25,78.75,293.28,0.0,301.64
2023-12-28,21.25,79.0,290.12,0.55,301.65
2023-12-28,21.25,79.25,290.05,1.05,302.74
2023-12-28,21.25,79.5,290.71,0.0,301.8
2023-12-28,21.25,79.75,291.79,0.0,302.25
2023-12-28,21.5,78.75,292.88,0.87,302.26
2023-12-28,21.5,79.0,293.15,0.0,302.69
2023-12-28,21.5,79.25,291.53,0.0,301.86
2023-12-28,21.5,79.5,291.65,1.19,301.61
2023-12-28,21.5,79.75,294.3,0.0,301.46
2023-12-28,21.75,78.75,292.6,0.57,301.29
2023-12-28,21.75,79.0,295.14,6.9,301.48
2023-12-28,21.75,79.25,294.13,0.0,302.3
2023-12-28,21.75,79.5,291.47,0.0,301.96
2023-12-28,21.75,79.75,294.5,0.0,301.93
2023-12-29,20.75,78.75,293.37,0.0,302.42
2023-12-29,20.75,79.0,293.52,0.0,301.31
2023-12-29,20.75,79.25,295.36,3.83,301.72
2023-12-29,20.75,79.5,292.44,0.0,300.89
2023-12-29,20.75,79.75,294.15,0.0,302.17
2023-12-29,21.0,78.75,292.15,0.0,302.4
2023-12-29,21.0,79.0,293.65,4.12,302.62
2023-12-29,21.0,79.25,293.86,0.0,301.01
2023-12-29,21.0,79.5,294.16,0.0,301.61
2023-12-29,21.0,79.75,295.21,0.0,301.93
2023-12-29,21.25,78.75,290.77,0.0,301.4
2023-12-29,21.25,79.0,293.1,0.74,302.0
2023-12-29,21.25,79.25,292.31,0.87,301.82
2023-12-29,21.25,79.5,291.4,0.0,301.97
2023-12-29,21.25,79.75,294.33,0.0,301.28
2023-12-29,21.5,78.75,291.69,0.0,301.81
2023-12-29,21.5,79.0,296.67,0.0,302.74
2023-12-29,21.5,79.25,292.13,1.3,302.34
2023-12-29,21.5,79.5,290.89,0.0,301.57
2023-12-29,21.5,79.75,294.86,1.02,301.26
2023-12-29,21.75,78.75,294.01,1.27,301.87
2023-12-29,21.75,79.0,291.54,11.52,301.52
2023-12-29,21.75,79.25,293.9,0.0,302.03
2023-12-29,21.75,79.5,293.42,0.0,301.88
2023-12-29,21.75,79.75,290.61,0.0,302.37
2023-12-30,20.75,78.75,293.33,2.41,301.42
2023-12-30,20.75,79.0,292.33,0.0,302.26
2023-12-30,20.75,79.25,291.63,0.0,301.53
2023-12-30,20.75,79.5,291.24,0.63,301.52
2023-12-30,20.75,79.75,294.71,0.0,302.06
2023-12-30,21.0,78.75,291.21,0.0,301.68
2023-12-30,21.0,79.0,291.79,0.0,301.44
2023-12-30,21.0,79.25,293.46,0.0,301.59
2023-12-30,21.0,79.5,291.61,0.0,301.92
2023-12-30,21.0,79.75,294.03,0.0,301.45
2023-12-30,21.25,78.75,294.47,0.0,301.44
2023-12-30,21.25,79.0,292.07,3.45,301.63
2023-12-30,21.25,79.25,292.83,0.0,301.36
2023-12-30,21.25,79.5,293.47,0.0,302.27
2023-12-30,21.25,79.75,292.49,3.69,302.43
2023-12-30,21.5,78.75,292.91,0.19,301.48
2023-12-30,21.5,79.0,292.51,0.52,302.58
2023-12-30,21.5,79.25,292.99,0.0,302.77
2023-12-30,21.5,79.5,293.75,0.0,302.08
2023-12-30,21.5,79.75,294.27,0.0,302.73
2023-12-30,21.75,78.75,292.6,1.57,301.8
2023-12-30,21.75,79.0,293.44,0.0,301.62
2023-12-30,21.75,79.25,289.23,1.03,301.94
2023-12-30,21.75,79.5,294.97,0.0,301.69
2023-12-30,21.75,79.75,292.37,2.66,301.73
2023-12-31,20.75,78.75,290.75,0.0,301.67
2023-12-31,20.75,79.0,292.63,0.0,301.66
2023-12-31,20.75,79.25,292.58,0.0,301.05
2023-12-31,20.75,79.5,294.77,0.0,302.7
2023-12-31,20.75,79.75,290.27,1.22,301.57
2023-12-31,21.0,78.75,294.2,0.0,301.65
2023-12-31,21.0,79.0,291.9,0.22,301.59
2023-12-31,21.0,79.25,291.84,0.0,302.03
2023-12-31,21.0,79.5,293.69,0.0,301.51
2023-12-31,21.0,79.75,293.48,0.33,301.87
2023-12-31,21.25,78.75,293.1,5.28,301.55
2023-12-31,21.25,79.0,294.39,1.14,301.51
2023-12-31,21.25,79.25,293.24,0.36,302.42
2023-12-31,21.25,79.5,291.11,0.79,302.36
2023-12-31,21.25,79.75,294.27,2.85,301.64
2023-12-31,21.5,78.75,293.28,1.34,302.18
2023-12-31,21.5,79.0,293.99,0.17,302.51
2023-12-31,21.5,79.25,290.64,0.0,302.31
2023-12-31,21.5,79.5,292.58,0.87,302.35
2023-12-31,21.5,79.75,293.04,0.26,301.71
2023-12-31,21.75,78.75,293.12,0.0,301.94
2023-12-31,21.75,79.0,294.43,7.02,300.87
2023-12-31,21.75,79.25,291.75,0.0,301.74
2023-12-31,21.75,79.5,293.86,0.0,301.34
2023-12-31,21.75,79.75,293.54,0.0,302.16
