date,region,latitude,longitude,rainfall_mm,grid_row_x,grid_col_x,tmax_c,grid_row_y,grid_col_y,tmin_c,grid_row,grid_col,diurnal_range_c,humidity_pct,day_of_year,month_sin,month_cos,rain_intensity,temperature_gap,grid_points,region_code,year
2024-01-01,Central India,22.0,79.0,0.0,62,50,27.271467208862305,14,12,12.769930839538574,14,12,14.50153636932373,62.99692726135254,1,0.4999999999999999,0.8660254037844387,0.0,14.50153636932373,1,0,2024
2024-01-02,Central India,22.0,79.0,0.0,62,50,27.66261863708496,14,12,12.59477424621582,14,12,15.06784439086914,61.86431121826172,2,0.4999999999999999,0.8660254037844387,0.0,15.06784439086914,1,0,2024
2024-01-03,Central India,22.0,79.0,0.0,62,50,26.297443389892575,14,12,12.975885391235352,14,12,13.321557998657225,65.35688400268555,3,0.4999999999999999,0.8660254037844387,0.0,13.321557998657225,1,0,2024
2024-01-04,Central India,22.0,79.0,0.0,62,50,24.85700035095215,14,12,14.527961730957031,14,12,10.329038619995115,71.34192276000977,4,0.4999999999999999,0.8660254037844387,0.0,10.329038619995115,1,0,2024
2024-01-05,Central India,22.0,79.0,0.0,62,50,24.817216873168945,14,12,14.010171890258787,14,12,10.807044982910158,70.38591003417969,5,0.4999999999999999,0.8660254037844387,0.0,10.807044982910158,1,0,2024
2024-01-06,Central India,22.0,79.0,10.607110023498535,62,50,23.05534553527832,14,12,15.643421173095703,14,12,7.411924362182617,84.53100480585213,6,0.4999999999999999,0.8660254037844387,2.451617843405791,7.411924362182617,1,0,2024
2024-01-07,Central India,22.0,79.0,18.68055534362793,62,50,23.8613224029541,14,12,14.963733673095703,14,12,8.897588729858398,83.14371587000196,7,0.4999999999999999,0.8660254037844387,2.979631109906249,8.897588729858398,1,0,2024
2024-01-08,Central India,22.0,79.0,0.0,62,50,26.702392578125,14,12,14.6392240524292,14,12,12.0631685256958,67.8736629486084,8,0.4999999999999999,0.8660254037844387,0.0,12.0631685256958,1,0,2024
2024-01-09,Central India,22.0,79.0,0.0,62,50,28.636343002319336,14,12,15.925517082214355,14,12,12.71082592010498,66.57834815979004,9,0.4999999999999999,0.8660254037844387,0.0,12.71082592010498,1,0,2024
2024-01-10,Central India,22.0,79.0,0.0,62,50,24.748714447021484,14,12,16.20148468017578,14,12,8.547229766845703,74.9055404663086,10,0.4999999999999999,0.8660254037844387,0.0,8.547229766845703,1,0,2024
2024-01-11,Central India,22.0,79.0,0.0,62,50,27.32019805908203,14,12,14.838851928710938,14,12,12.481346130371094,67.03730773925781,11,0.4999999999999999,0.8660254037844387,0.0,12.481346130371094,1,0,2024
2024-01-12,Central India,22.0,79.0,0.0,62,50,28.273283004760746,14,12,14.22279930114746,14,12,14.050483703613288,63.89903259277342,12,0.4999999999999999,0.8660254037844387,0.0,14.050483703613288,1,0,2024
2024-01-13,Central India,22.0,79.0,0.0,62,50,28.740514755249023,14,12,13.43455696105957,14,12,15.305957794189451,61.388084411621094,13,0.4999999999999999,0.8660254037844387,0.0,15.305957794189451,1,0,2024
2024-01-14,Central India,22.0,79.0,0.0,62,50,28.6948184967041,14,12,13.80262565612793,14,12,14.892192840576172,62.215614318847656,14,0.4999999999999999,0.8660254037844387,0.0,14.892192840576172,1,0,2024
2024-01-15,Central India,22.0,79.0,0.0,62,50,26.947404861450195,14,12,11.579509735107422,14,12,15.367895126342772,61.26420974731445,15,0.4999999999999999,0.8660254037844387,0.0,15.367895126342772,1,0,2024
2024-01-16,Central India,22.0,79.0,0.0,62,50,27.460865020751953,14,12,10.195713996887209,14,12,17.265151023864746,57.46969795227051,16,0.4999999999999999,0.8660254037844387,0.0,17.265151023864746,1,0,2024
2024-01-17,Central India,22.0,79.0,0.0,62,50,27.737804412841797,14,12,11.6495943069458,14,12,16.088210105895996,59.82357978820801,17,0.4999999999999999,0.8660254037844387,0.0,16.088210105895996,1,0,2024
2024-01-18,Central India,22.0,79.0,0.0,62,50,25.631332397460938,14,12,13.602584838867188,14,12,12.02874755859375,67.9425048828125,18,0.4999999999999999,0.8660254037844387,0.0,12.02874755859375,1,0,2024
2024-01-19,Central India,22.0,79.0,0.0,62,50,25.326820373535156,14,12,12.102195739746094,14,12,13.224624633789062,65.55075073242188,19,0.4999999999999999,0.8660254037844387,0.0,13.224624633789062,1,0,2024
2024-01-20,Central India,22.0,79.0,0.0,62,50,24.693862915039062,14,12,13.07949161529541,14,12,11.614371299743652,68.7712574005127,20,0.4999999999999999,0.8660254037844387,0.0,11.614371299743652,1,0,2024
2024-01-21,Central India,22.0,79.0,3.9010257720947266,62,50,25.447742462158203,14,12,11.281257629394531,14,12,14.166484832763672,68.43536390782741,21,0.4999999999999999,0.8660254037844387,1.589444524451582,14.166484832763672,1,0,2024
2024-01-22,Central India,22.0,79.0,0.0,62,50,26.68054962158203,14,12,10.50637435913086,14,12,16.174175262451172,59.651649475097656,22,0.4999999999999999,0.8660254037844387,0.0,16.174175262451172,1,0,2024
2024-01-23,Central India,22.0,79.0,0.0,62,50,25.661849975585938,14,12,13.718711853027344,14,12,11.943138122558594,68.11372375488281,23,0.4999999999999999,0.8660254037844387,0.0,11.943138122558594,1,0,2024
2024-01-24,Central India,22.0,79.0,0.0,62,50,25.974803924560547,14,12,10.277878761291504,14,12,15.696925163269045,60.606149673461914,24,0.4999999999999999,0.8660254037844387,0.0,15.696925163269045,1,0,2024
2024-01-25,Central India,22.0,79.0,0.0,62,50,25.952880859375,14,12,7.161304473876953,14,12,18.791576385498047,54.416847229003906,25,0.4999999999999999,0.8660254037844387,0.0,18.791576385498047,1,0,2024
2024-01-26,Central India,22.0,79.0,0.0,62,50,27.545148849487305,14,12,8.727500915527344,14,12,18.81764793395996,54.36470413208008,26,0.4999999999999999,0.8660254037844387,0.0,18.81764793395996,1,0,2024
2024-01-27,Central India,22.0,79.0,0.0,62,50,27.665870666503903,14,12,9.35142993927002,14,12,18.314440727233883,55.371118545532234,27,0.4999999999999999,0.8660254037844387,0.0,18.314440727233883,1,0,2024
2024-01-28,Central India,22.0,79.0,0.0,62,50,28.871620178222656,14,12,11.003808975219728,14,12,17.86781120300293,56.26437759399414,28,0.4999999999999999,0.8660254037844387,0.0,17.86781120300293,1,0,2024
2024-01-29,Central India,22.0,79.0,0.0,62,50,28.997201919555664,14,12,12.585524559020996,14,12,16.411677360534668,59.176645278930664,29,0.4999999999999999,0.8660254037844387,0.0,16.411677360534668,1,0,2024
2024-01-30,Central India,22.0,79.0,0.0,62,50,28.18939971923828,14,12,12.825200080871582,14,12,15.3641996383667,61.2716007232666,30,0.4999999999999999,0.8660254037844387,0.0,15.3641996383667,1,0,2024
2024-01-31,Central India,22.0,79.0,0.0,62,50,27.947633743286133,14,12,13.78026294708252,14,12,14.167370796203612,63.66525840759277,31,0.4999999999999999,0.8660254037844387,0.0,14.167370796203612,1,0,2024
2024-02-01,Central India,22.0,79.0,0.0,62,50,28.60313415527344,14,12,14.446401596069336,14,12,14.156732559204103,63.68653488159179,32,0.8660254037844386,0.5000000000000001,0.0,14.156732559204103,1,0,2024
2024-02-02,Central India,22.0,79.0,0.0,62,50,28.705217361450195,14,12,14.497790336608888,14,12,14.207427024841309,63.58514595031738,33,0.8660254037844386,0.5000000000000001,0.0,14.207427024841309,1,0,2024
2024-02-03,Central India,22.0,79.0,0.0,62,50,29.17433738708496,14,12,12.816333770751951,14,12,16.358003616333008,59.283992767333984,34,0.8660254037844386,0.5000000000000001,0.0,16.358003616333008,1,0,2024
2024-02-04,Central India,22.0,79.0,0.0,62,50,31.356346130371097,14,12,13.074824333190918,14,12,18.28152179718018,55.43695640563964,35,0.8660254037844386,0.5000000000000001,0.0,18.28152179718018,1,0,2024
2024-02-05,Central India,22.0,79.0,0.0,62,50,31.349437713623047,14,12,15.234973907470703,14,12,16.114463806152344,59.77107238769531,36,0.8660254037844386,0.5000000000000001,0.0,16.114463806152344,1,0,2024
2024-02-06,Central India,22.0,79.0,0.0,62,50,29.2811222076416,14,12,15.813669204711914,14,12,13.467453002929688,65.06509399414062,37,0.8660254037844386,0.5000000000000001,0.0,13.467453002929688,1,0,2024
2024-02-07,Central India,22.0,79.0,0.0,62,50,29.006053924560547,14,12,14.853317260742188,14,12,14.15273666381836,63.69452667236328,38,0.8660254037844386,0.5000000000000001,0.0,14.15273666381836,1,0,2024
2024-02-08,Central India,22.0,79.0,0.0,62,50,27.06647300720215,14,12,12.694570541381836,14,12,14.371902465820312,63.256195068359375,39,0.8660254037844386,0.5000000000000001,0.0,14.371902465820312,1,0,2024
2024-02-09,Central India,22.0,79.0,0.0,62,50,28.424495697021484,14,12,10.725656509399414,14,12,17.69883918762207,56.60232162475586,40,0.8660254037844386,0.5000000000000001,0.0,17.69883918762207,1,0,2024
2024-02-10,Central India,22.0,79.0,0.0,62,50,28.364145278930664,14,12,12.563130378723145,14,12,15.80101490020752,60.39797019958496,41,0.8660254037844386,0.5000000000000001,0.0,15.80101490020752,1,0,2024
2024-02-11,Central India,22.0,79.0,0.0,62,50,28.047908782958984,14,12,15.499427795410156,14,12,12.548480987548828,66.90303802490234,42,0.8660254037844386,0.5000000000000001,0.0,12.548480987548828,1,0,2024
2024-02-12,Central India,22.0,79.0,2.756948471069336,62,50,29.237037658691406,14,12,16.988584518432617,14,12,12.248453140258787,71.4739148726377,43,0.8660254037844386,0.5000000000000001,1.323607051051763,12.248453140258787,1,0,2024
2024-02-13,Central India,22.0,79.0,0.2524261176586151,62,50,29.179292678833008,14,12,17.2850341796875,14,12,11.894258499145508,68.88673069472813,44,0.8660254037844386,0.5000000000000001,0.2250825643397151,11.894258499145508,1,0,2024
2024-02-14,Central India,22.0,79.0,0.1262130588293075,62,50,29.212671279907227,14,12,15.667786598205566,14,12,13.54488468170166,65.26681282434943,45,0.8660254037844386,0.5000000000000001,0.1188607292509156,13.54488468170166,1,0,2024
2024-02-15,Central India,22.0,79.0,0.0,62,50,29.48329162597656,14,12,15.88771629333496,14,12,13.5955753326416,64.8088493347168,46,0.8660254037844386,0.5000000000000001,0.0,13.5955753326416,1,0,2024
2024-02-16,Central India,22.0,79.0,0.2309583127498626,62,50,30.87021255493164,14,12,15.779584884643556,14,12,15.090627670288084,62.44212360568712,47,0.8660254037844386,0.5000000000000001,0.2077929820877647,15.090627670288084,1,0,2024
2024-02-17,Central India,22.0,79.0,0.0,62,50,31.93378448486328,14,12,15.691802024841309,14,12,16.241982460021973,59.516035079956055,48,0.8660254037844386,0.5000000000000001,0.0,16.241982460021973,1,0,2024
2024-02-18,Central India,22.0,79.0,0.0,62,50,32.87407302856445,14,12,17.590837478637695,14,12,15.283235549926758,61.43352890014648,49,0.8660254037844386,0.5000000000000001,0.0,15.283235549926758,1,0,2024
2024-02-19,Central India,22.0,79.0,0.0,62,50,32.69499206542969,14,12,18.320558547973633,14,12,14.374433517456056,63.25113296508789,50,0.8660254037844386,0.5000000000000001,0.0,14.374433517456056,1,0,2024
2024-02-20,Central India,22.0,79.0,0.0,62,50,33.34590148925781,14,12,17.01353645324707,14,12,16.332365036010742,59.33526992797851,51,0.8660254037844386,0.5000000000000001,0.0,16.332365036010742,1,0,2024
2024-02-21,Central India,22.0,79.0,0.0,62,50,31.902172088623047,14,12,16.524795532226562,14,12,15.377376556396484,61.24524688720703,52,0.8660254037844386,0.5000000000000001,0.0,15.377376556396484,1,0,2024
2024-02-22,Central India,22.0,79.0,0.0,62,50,30.04634475708008,14,12,15.886704444885254,14,12,14.159640312194828,63.680719375610344,53,0.8660254037844386,0.5000000000000001,0.0,14.159640312194828,1,0,2024
2024-02-23,Central India,22.0,79.0,0.0,62,50,29.15064811706543,14,12,14.712885856628418,14,12,14.437762260437012,63.12447547912598,54,0.8660254037844386,0.5000000000000001,0.0,14.437762260437012,1,0,2024
2024-02-24,Central India,22.0,79.0,0.0,62,50,29.744495391845703,14,12,13.290233612060549,14,12,16.454261779785156,59.09147644042969,55,0.8660254037844386,0.5000000000000001,0.0,16.454261779785156,1,0,2024
2024-02-25,Central India,22.0,79.0,0.0,62,50,29.955245971679688,14,12,13.399514198303224,14,12,16.555731773376465,58.88853645324707,56,0.8660254037844386,0.5000000000000001,0.0,16.555731773376465,1,0,2024
2024-02-26,Central India,22.0,79.0,0.0,62,50,30.09534072875977,14,12,16.465919494628906,14,12,13.629421234130865,64.74115753173828,57,0.8660254037844386,0.5000000000000001,0.0,13.629421234130865,1,0,2024
2024-02-27,Central India,22.0,79.0,3.387270450592041,62,50,30.686494827270508,14,12,18.285280227661133,14,12,12.401214599609377,71.633692606191,58,0.8660254037844386,0.5000000000000001,1.478707268469919,12.401214599609377,1,0,2024
2024-02-28,Central India,22.0,79.0,2.982815980911255,62,50,30.96183204650879,14,12,16.720415115356445,14,12,14.241416931152344,67.66313344371099,59,0.8660254037844386,0.5000000000000001,1.3819891020052264,14.241416931152344,1,0,2024
2024-02-29,Central India,22.0,79.0,0.0,62,50,32.09914016723633,14,12,13.417596817016602,14,12,18.681543350219727,54.63691329956055,60,0.8660254037844386,0.5000000000000001,0.0,18.681543350219727,1,0,2024
2024-03-01,Central India,22.0,79.0,0.0,62,50,36.0262336730957,14,12,17.38872718811035,14,12,18.63750648498535,54.7249870300293,61,1.0,6.123233995736766e-17,0.0,18.63750648498535,1,0,2024
2024-03-02,Central India,22.0,79.0,0.0,62,50,29.56212615966797,14,12,18.582164764404297,14,12,10.979961395263672,70.04007720947266,62,1.0,6.123233995736766e-17,0.0,10.979961395263672,1,0,2024
2024-03-03,Central India,22.0,79.0,2.212170362472534,62,50,31.597347259521484,14,12,18.050689697265625,14,12,13.54665756225586,68.40752537764725,63,1.0,6.123233995736766e-17,1.166946834052988,13.54665756225586,1,0,2024
2024-03-04,Central India,22.0,79.0,0.6290913820266724,62,50,30.603580474853516,14,12,16.098743438720703,14,12,14.504837036132812,64.45439320289914,64,1.0,6.123233995736766e-17,0.4880224250549228,14.504837036132812,1,0,2024
2024-03-05,Central India,22.0,79.0,0.0,62,50,31.56477165222168,14,12,13.641732215881348,14,12,17.923039436340332,56.153921127319336,65,1.0,6.123233995736766e-17,0.0,17.923039436340332,1,0,2024
2024-03-06,Central India,22.0,79.0,0.0,62,50,32.69845199584961,14,12,14.694769859313965,14,12,18.003682136535645,55.99263572692871,66,1.0,6.123233995736766e-17,0.0,18.003682136535645,1,0,2024
2024-03-07,Central India,22.0,79.0,0.0,62,50,32.54863357543945,14,12,15.124078750610352,14,12,17.4245548248291,57.1508903503418,67,1.0,6.123233995736766e-17,0.0,17.4245548248291,1,0,2024
2024-03-08,Central India,22.0,79.0,0.0,62,50,32.895416259765625,14,12,15.276033401489258,14,12,17.619382858276367,56.761234283447266,68,1.0,6.123233995736766e-17,0.0,17.619382858276367,1,0,2024
2024-03-09,Central India,22.0,79.0,0.0,62,50,33.67798614501953,14,12,15.361388206481934,14,12,18.3165979385376,55.366804122924805,69,1.0,6.123233995736766e-17,0.0,18.3165979385376,1,0,2024
2024-03-10,Central India,22.0,79.0,0.0,62,50,34.84145736694336,14,12,15.994223594665527,14,12,18.847233772277832,54.305532455444336,70,1.0,6.123233995736766e-17,0.0,18.847233772277832,1,0,2024
2024-03-11,Central India,22.0,79.0,0.0,62,50,34.771583557128906,14,12,17.439302444458008,14,12,17.3322811126709,57.3354377746582,71,1.0,6.123233995736766e-17,0.0,17.3322811126709,1,0,2024
2024-03-12,Central India,22.0,79.0,0.0,62,50,35.479270935058594,14,12,17.57653045654297,14,12,17.902740478515625,56.19451904296875,72,1.0,6.123233995736766e-17,0.0,17.902740478515625,1,0,2024
2024-03-13,Central India,22.0,79.0,0.0,62,50,35.53588104248047,14,12,18.07621383666992,14,12,17.45966720581055,57.0806655883789,73,1.0,6.123233995736766e-17,0.0,17.45966720581055,1,0,2024
2024-03-14,Central India,22.0,79.0,0.0,62,50,35.39370346069336,14,12,17.092927932739258,14,12,18.3007755279541,55.3984489440918,74,1.0,6.123233995736766e-17,0.0,18.3007755279541,1,0,2024
2024-03-15,Central India,22.0,79.0,0.0,62,50,35.722137451171875,14,12,16.387826919555664,14,12,19.33431053161621,53.33137893676758,75,1.0,6.123233995736766e-17,0.0,19.33431053161621,1,0,2024
2024-03-16,Central India,22.0,79.0,0.0,62,50,34.381099700927734,14,12,18.719655990600582,14,12,15.661443710327152,60.677112579345696,76,1.0,6.123233995736766e-17,0.0,15.661443710327152,1,0,2024
2024-03-17,Central India,22.0,79.0,0.0,62,50,33.52095413208008,14,12,18.999631881713867,14,12,14.521322250366213,62.95735549926758,77,1.0,6.123233995736766e-17,0.0,14.521322250366213,1,0,2024
2024-03-18,Central India,22.0,79.0,0.0,62,50,33.240089416503906,14,12,19.004148483276367,14,12,14.23594093322754,63.52811813354492,78,1.0,6.123233995736766e-17,0.0,14.23594093322754,1,0,2024
2024-03-19,Central India,22.0,79.0,8.471564292907715,62,50,32.03601837158203,14,12,18.31256103515625,14,12,13.72345733642578,71.29796755995375,79,1.0,6.123233995736766e-17,2.24829407760177,13.72345733642578,1,0,2024
2024-03-20,Central India,22.0,79.0,0.0,62,50,32.567893981933594,14,12,15.282766342163086,14,12,17.285127639770508,57.429744720458984,80,1.0,6.123233995736766e-17,0.0,17.285127639770508,1,0,2024
2024-03-21,Central India,22.0,79.0,0.0,62,50,33.93708038330078,14,12,16.015085220336914,14,12,17.921995162963867,56.156009674072266,81,1.0,6.123233995736766e-17,0.0,17.921995162963867,1,0,2024
2024-03-22,Central India,22.0,79.0,0.0,62,50,36.031612396240234,14,12,17.2111873626709,14,12,18.820425033569336,54.35914993286133,82,1.0,6.123233995736766e-17,0.0,18.820425033569336,1,0,2024
2024-03-23,Central India,22.0,79.0,0.0,62,50,36.979156494140625,14,12,18.343326568603516,14,12,18.63582992553711,54.72834014892578,83,1.0,6.123233995736766e-17,0.0,18.63582992553711,1,0,2024
2024-03-24,Central India,22.0,79.0,0.0,62,50,37.28631210327149,14,12,19.288209915161133,14,12,17.99810218811036,56.00379562377928,84,1.0,6.123233995736766e-17,0.0,17.99810218811036,1,0,2024
2024-03-25,Central India,22.0,79.0,0.0,62,50,37.30118560791016,14,12,20.340621948242188,14,12,16.960563659667976,58.07887268066405,85,1.0,6.123233995736766e-17,0.0,16.960563659667976,1,0,2024
2024-03-26,Central India,22.0,79.0,0.0,62,50,37.22125244140625,14,12,20.01669692993164,14,12,17.20455551147461,57.59088897705078,86,1.0,6.123233995736766e-17,0.0,17.20455551147461,1,0,2024
2024-03-27,Central India,22.0,79.0,0.0,62,50,38.51408767700195,14,12,21.56856155395508,14,12,16.94552612304687,58.10894775390626,87,1.0,6.123233995736766e-17,0.0,16.94552612304687,1,0,2024
2024-03-28,Central India,22.0,79.0,0.0,62,50,39.31644821166992,14,12,22.56689453125,14,12,16.749553680419922,58.50089263916016,88,1.0,6.123233995736766e-17,0.0,16.749553680419922,1,0,2024
2024-03-29,Central India,22.0,79.0,0.0,62,50,39.058406829833984,14,12,23.327383041381836,14,12,15.731023788452148,60.5379524230957,89,1.0,6.123233995736766e-17,0.0,15.731023788452148,1,0,2024
2024-03-30,Central India,22.0,79.0,2.2055587768554688,62,50,37.67796325683594,14,12,23.136568069458008,14,12,14.54139518737793,66.41186888683104,90,1.0,6.123233995736766e-17,1.164886420528969,14.54139518737793,1,0,2024
2024-03-31,Central India,22.0,79.0,9.237401008605955,62,50,36.92759323120117,14,12,22.73507308959961,14,12,14.192520141601562,70.59310305572707,91,1.0,6.123233995736766e-17,2.3260477796433983,14.192520141601562,1,0,2024
2024-04-01,Central India,22.0,79.0,0.0,62,50,37.020416259765625,14,12,22.018068313598633,14,12,15.002347946166992,61.995304107666016,92,0.8660254037844387,-0.4999999999999998,0.0,15.002347946166992,1,0,2024
2024-04-02,Central India,22.0,79.0,0.0,62,50,38.42697525024414,14,12,20.10060691833496,14,12,18.32636833190918,55.34726333618164,93,0.8660254037844387,-0.4999999999999998,0.0,18.32636833190918,1,0,2024
2024-04-03,Central India,22.0,79.0,0.0,62,50,39.3602180480957,14,12,21.816030502319336,14,12,17.544187545776367,56.911624908447266,94,0.8660254037844387,-0.4999999999999998,0.0,17.544187545776367,1,0,2024
2024-04-04,Central India,22.0,79.0,0.0,62,50,39.22041320800781,14,12,23.304611206054688,14,12,15.915802001953123,60.16839599609375,95,0.8660254037844387,-0.4999999999999998,0.0,15.915802001953123,1,0,2024
2024-04-05,Central India,22.0,79.0,0.0,62,50,38.89630889892578,14,12,22.27764129638672,14,12,16.618667602539062,58.762664794921875,96,0.8660254037844387,-0.4999999999999998,0.0,16.618667602539062,1,0,2024
2024-04-06,Central India,22.0,79.0,0.0,62,50,38.173675537109375,14,12,23.249738693237305,14,12,14.92393684387207,62.15212631225586,97,0.8660254037844387,-0.4999999999999998,0.0,14.92393684387207,1,0,2024
2024-04-07,Central India,22.0,79.0,0.0,62,50,34.790130615234375,14,12,23.648822784423828,14,12,11.141307830810549,69.7173843383789,98,0.8660254037844387,-0.4999999999999998,0.0,11.141307830810549,1,0,2024
2024-04-08,Central India,22.0,79.0,0.0,62,50,34.720191955566406,14,12,20.762393951416016,14,12,13.95779800415039,64.08440399169922,99,0.8660254037844387,-0.4999999999999998,0.0,13.95779800415039,1,0,2024
2024-04-09,Central India,22.0,79.0,0.2523414194583893,62,50,34.762508392333984,14,12,20.629413604736328,14,12,14.133094787597656,64.4088552290551,100,0.8660254037844387,-0.4999999999999998,0.22501493475014,14.133094787597656,1,0,2024
2024-04-10,Central India,22.0,79.0,11.28864574432373,62,50,35.1746711730957,14,12,20.01957130432129,14,12,15.155099868774414,69.21582743994767,101,0.8660254037844387,-0.4999999999999998,2.508675725832166,15.155099868774414,1,0,2024
2024-04-11,Central India,22.0,79.0,24.4957332611084,62,50,31.19075584411621,14,12,19.145280838012695,14,12,12.045475006103516,77.62458333300454,102,0.8660254037844387,-0.4999999999999998,3.2385111150705215,12.045475006103516,1,0,2024
2024-04-12,Central India,22.0,79.0,0.0,62,50,32.66314697265625,14,12,20.636186599731445,14,12,12.026960372924805,67.94607925415039,103,0.8660254037844387,-0.4999999999999998,0.0,12.026960372924805,1,0,2024
2024-04-13,Central India,22.0,79.0,10.000420570373535,62,50,32.01172637939453,14,12,19.683019638061523,14,12,12.328706741333008,74.5363870345474,104,0.8660254037844387,-0.4999999999999998,2.3979335057378037,12.328706741333008,1,0,2024
2024-04-14,Central India,22.0,79.0,0.0,62,50,36.04225158691406,14,12,20.657136917114254,14,12,15.385114669799808,61.22977066040038,105,0.8660254037844387,-0.4999999999999998,0.0,15.385114669799808,1,0,2024
2024-04-15,Central India,22.0,79.0,0.0,62,50,37.30976486206055,14,12,22.44573211669922,14,12,14.864032745361328,62.271934509277344,106,0.8660254037844387,-0.4999999999999998,0.0,14.864032745361328,1,0,2024
2024-04-16,Central India,22.0,79.0,0.2103551030158996,62,50,38.05841064453125,14,12,22.95224952697754,14,12,15.106161117553713,62.36041913525427,107,0.8660254037844387,-0.4999999999999998,0.1909137901205651,15.106161117553713,1,0,2024
2024-04-17,Central India,22.0,79.0,0.0,62,50,38.18214416503906,14,12,22.2305908203125,14,12,15.951553344726562,60.096893310546875,108,0.8660254037844387,-0.4999999999999998,0.0,15.951553344726562,1,0,2024
2024-04-18,Central India,22.0,79.0,0.0,62,50,39.64524459838867,14,12,21.93999290466309,14,12,17.705251693725582,56.589496612548835,109,0.8660254037844387,-0.4999999999999998,0.0,17.705251693725582,1,0,2024
2024-04-19,Central India,22.0,79.0,0.0,62,50,40.09736251831055,14,12,22.600431442260746,14,12,17.4969310760498,57.0061378479004,110,0.8660254037844387,-0.4999999999999998,0.0,17.4969310760498,1,0,2024
2024-04-20,Central India,22.0,79.0,0.0,62,50,39.16203689575195,14,12,24.312755584716797,14,12,14.849281311035156,62.30143737792969,111,0.8660254037844387,-0.4999999999999998,0.0,14.849281311035156,1,0,2024
2024-04-21,Central India,22.0,79.0,0.0,62,50,38.57975769042969,14,12,24.153331756591797,14,12,14.42642593383789,63.14714813232422,112,0.8660254037844387,-0.4999999999999998,0.0,14.42642593383789,1,0,2024
2024-04-22,Central India,22.0,79.0,0.1934001743793487,62,50,34.231849670410156,14,12,23.429039001464844,14,12,10.802810668945312,70.92479822878623,113,0.8660254037844387,-0.4999999999999998,0.1768065222256165,10.802810668945312,1,0,2024
2024-04-23,Central India,22.0,79.0,2.96317195892334,62,50,37.046749114990234,14,12,23.10072898864746,14,12,13.946020126342772,68.23909386041073,114,0.8660254037844387,-0.4999999999999998,1.3770447043654277,13.946020126342772,1,0,2024
2024-04-24,Central India,22.0,79.0,0.3935915827751159,62,50,38.144474029541016,14,12,22.001314163208008,14,12,16.143159866333008,60.70933312888399,115,0.8660254037844387,-0.4999999999999998,0.3318842871833344,16.143159866333008,1,0,2024
2024-04-25,Central India,22.0,79.0,0.0,62,50,39.3441047668457,14,12,22.46847152709961,14,12,16.875633239746094,58.24873352050781,116,0.8660254037844387,-0.4999999999999998,0.0,16.875633239746094,1,0,2024
2024-04-26,Central India,22.0,79.0,0.0,62,50,38.799259185791016,14,12,23.16007423400879,14,12,15.639184951782228,60.72163009643555,117,0.8660254037844387,-0.4999999999999998,0.0,15.639184951782228,1,0,2024
2024-04-27,Central India,22.0,79.0,1.8627443313598633,62,50,38.4207649230957,14,12,23.238431930541992,14,12,15.182332992553713,64.79067617840656,118,0.8660254037844387,-0.4999999999999998,1.0517807211713244,15.182332992553713,1,0,2024
2024-04-28,Central India,22.0,79.0,0.0,62,50,37.83524703979492,14,12,23.62928771972656,14,12,14.205959320068365,63.588081359863274,119,0.8660254037844387,-0.4999999999999998,0.0,14.205959320068365,1,0,2024
2024-04-29,Central India,22.0,79.0,0.0,62,50,39.34485626220703,14,12,23.44399070739746,14,12,15.90086555480957,60.19826889038086,120,0.8660254037844387,-0.4999999999999998,0.0,15.90086555480957,1,0,2024
2024-04-30,Central India,22.0,79.0,0.2942702174186706,62,50,39.50302505493164,14,12,25.38936996459961,14,12,14.113655090332031,64.54653081222912,121,0.8660254037844387,-0.4999999999999998,0.2579469976310612,14.113655090332031,1,0,2024
2024-05-01,Central India,22.0,79.0,0.0,62,50,38.44371795654297,14,12,23.496477127075195,14,12,14.947240829467772,62.10551834106445,122,0.4999999999999999,-0.8660254037844387,0.0,14.947240829467772,1,0,2024
2024-05-02,Central India,22.0,79.0,0.0,62,50,38.65496063232422,14,12,21.600746154785156,14,12,17.054214477539062,57.891571044921875,123,0.4999999999999999,-0.8660254037844387,0.0,17.054214477539062,1,0,2024
2024-05-03,Central India,22.0,79.0,0.0,62,50,39.81864547729492,14,12,21.02556800842285,14,12,18.79307746887207,54.41384506225586,124,0.4999999999999999,-0.8660254037844387,0.0,18.79307746887207,1,0,2024
2024-05-04,Central India,22.0,79.0,0.0,62,50,41.21236038208008,14,12,21.251972198486328,14,12,19.96038818359375,52.0792236328125,125,0.4999999999999999,-0.8660254037844387,0.0,19.96038818359375,1,0,2024
2024-05-05,Central India,22.0,79.0,0.0,62,50,41.04405975341797,14,12,23.61739730834961,14,12,17.42666244506836,57.14667510986328,126,0.4999999999999999,-0.8660254037844387,0.0,17.42666244506836,1,0,2024
2024-05-06,Central India,22.0,79.0,0.0,62,50,41.24751281738281,14,12,25.400972366333008,14,12,15.846540451049805,60.30691909790039,127,0.4999999999999999,-0.8660254037844387,0.0,15.846540451049805,1,0,2024
2024-05-07,Central India,22.0,79.0,0.0,62,50,40.87386703491211,14,12,24.66831398010254,14,12,16.20555305480957,59.58889389038086,128,0.4999999999999999,-0.8660254037844387,0.0,16.20555305480957,1,0,2024
2024-05-08,Central India,22.0,79.0,0.0,62,50,39.10369873046875,14,12,22.961265563964844,14,12,16.142433166503906,59.71513366699219,129,0.4999999999999999,-0.8660254037844387,0.0,16.142433166503906,1,0,2024
2024-05-09,Central India,22.0,79.0,0.0,62,50,36.790008544921875,14,12,24.2528076171875,14,12,12.537200927734377,66.92559814453125,130,0.4999999999999999,-0.8660254037844387,0.0,12.537200927734377,1,0,2024
2024-05-10,Central India,22.0,79.0,0.0,62,50,38.43458557128906,14,12,23.11463928222656,14,12,15.319946289062504,61.36010742187499,131,0.4999999999999999,-0.8660254037844387,0.0,15.319946289062504,1,0,2024
2024-05-11,Central India,22.0,79.0,0.1047359779477119,62,50,38.91683578491211,14,12,24.709075927734375,14,12,14.207759857177734,63.88329940295395,132,0.4999999999999999,-0.8660254037844387,0.0996063724364729,14.207759857177734,1,0,2024
2024-05-12,Central India,22.0,79.0,0.1353996247053146,62,50,39.10212707519531,14,12,24.654151916503903,14,12,14.44797515869141,63.485003726261624,133,0.4999999999999999,-0.8660254037844387,0.1269846812148134,14.44797515869141,1,0,2024
2024-05-13,Central India,22.0,79.0,11.537134170532228,62,50,37.945613861083984,14,12,22.93408966064453,14,12,15.011524200439451,69.56303652124525,134,0.4999999999999999,-0.8660254037844387,2.528694974041385,15.011524200439451,1,0,2024
2024-05-14,Central India,22.0,79.0,0.0,62,50,39.60652923583984,14,12,23.617128372192383,14,12,15.989400863647454,60.02119827270509,135,0.4999999999999999,-0.8660254037844387,0.0,15.989400863647454,1,0,2024
2024-05-15,Central India,22.0,79.0,0.6286678910255432,62,50,37.319034576416016,14,12,22.562814712524418,14,12,14.756219863891598,63.95084757998432,136,0.4999999999999999,-0.8660254037844387,0.4877624359225043,14.756219863891598,1,0,2024
2024-05-16,Central India,22.0,79.0,3.675931215286255,62,50,38.25218963623047,14,12,23.92881965637207,14,12,14.323369979858398,67.9805450403045,137,0.4999999999999999,-0.8660254037844387,1.542428333340432,14.323369979858398,1,0,2024
2024-05-17,Central India,22.0,79.0,0.0,62,50,35.12612533569336,14,12,23.943117141723633,14,12,11.183008193969728,69.63398361206055,138,0.4999999999999999,-0.8660254037844387,0.0,11.183008193969728,1,0,2024
2024-05-18,Central India,22.0,79.0,0.0,62,50,38.58763122558594,14,12,24.06855010986328,14,12,14.519081115722656,62.96183776855469,139,0.4999999999999999,-0.8660254037844387,0.0,14.519081115722656,1,0,2024
2024-05-19,Central India,22.0,79.0,0.0,62,50,39.85142517089844,14,12,25.721893310546875,14,12,14.129531860351562,63.740936279296875,140,0.4999999999999999,-0.8660254037844387,0.0,14.129531860351562,1,0,2024
2024-05-20,Central India,22.0,79.0,0.0,62,50,40.243438720703125,14,12,24.7215518951416,14,12,15.521886825561523,60.95622634887695,141,0.4999999999999999,-0.8660254037844387,0.0,15.521886825561523,1,0,2024
2024-05-21,Central India,22.0,79.0,0.0,62,50,40.52088165283203,14,12,25.270973205566406,14,12,15.249908447265623,61.50018310546875,142,0.4999999999999999,-0.8660254037844387,0.0,15.249908447265623,1,0,2024
2024-05-22,Central India,22.0,79.0,0.0,62,50,40.652347564697266,14,12,26.94519805908203,14,12,13.707149505615234,64.58570098876953,143,0.4999999999999999,-0.8660254037844387,0.0,13.707149505615234,1,0,2024
2024-05-23,Central India,22.0,79.0,0.9279009103775024,62,50,40.76212310791016,14,12,25.877954483032227,14,12,14.884168624877937,64.20095814974962,144,0.4999999999999999,-0.8660254037844387,0.6564317998351682,14.884168624877937,1,0,2024
2024-05-24,Central India,22.0,79.0,0.2793543040752411,62,50,41.26734924316406,14,12,26.726318359375,14,12,14.541030883789062,63.65700473455977,145,0.4999999999999999,-0.8660254037844387,0.246355500712631,14.541030883789062,1,0,2024
2024-05-25,Central India,22.0,79.0,0.0,62,50,41.29736328125,14,12,27.14147186279297,14,12,14.155891418457031,63.68821716308594,146,0.4999999999999999,-0.8660254037844387,0.0,14.155891418457031,1,0,2024
2024-05-26,Central India,22.0,79.0,0.0,62,50,42.560062408447266,14,12,27.488624572753903,14,12,15.071437835693365,61.857124328613274,147,0.4999999999999999,-0.8660254037844387,0.0,15.071437835693365,1,0,2024
2024-05-27,Central India,22.0,79.0,0.0,62,50,42.59357452392578,14,12,27.744796752929688,14,12,14.848777770996094,62.30244445800781,148,0.4999999999999999,-0.8660254037844387,0.0,14.848777770996094,1,0,2024
2024-05-28,Central India,22.0,79.0,0.0,62,50,42.1380615234375,14,12,28.163177490234375,14,12,13.974884033203123,64.05023193359375,149,0.4999999999999999,-0.8660254037844387,0.0,13.974884033203123,1,0,2024
2024-05-29,Central India,22.0,79.0,0.0,62,50,42.27156066894531,14,12,29.0662899017334,14,12,13.205270767211914,65.58945846557617,150,0.4999999999999999,-0.8660254037844387,0.0,13.205270767211914,1,0,2024
2024-05-30,Central India,22.0,79.0,0.0,62,50,42.06092071533203,14,12,27.89568519592285,14,12,14.16523551940918,63.66952896118164,151,0.4999999999999999,-0.8660254037844387,0.0,14.16523551940918,1,0,2024
2024-05-31,Central India,22.0,79.0,0.0,62,50,42.40793228149414,14,12,29.1232967376709,14,12,13.284635543823242,65.43072891235352,152,0.4999999999999999,-0.8660254037844387,0.0,13.284635543823242,1,0,2024
2024-06-01,Central India,22.0,79.0,0.0,62,50,41.75874328613281,14,12,28.40169334411621,14,12,13.357049942016602,65.2859001159668,153,1.2246467991473532e-16,-1.0,0.0,13.357049942016602,1,0,2024
2024-06-02,Central India,22.0,79.0,0.0,62,50,40.4999885559082,14,12,28.10370635986328,14,12,12.396282196044922,67.20743560791016,154,1.2246467991473532e-16,-1.0,0.0,12.396282196044922,1,0,2024
2024-06-03,Central India,22.0,79.0,0.0,62,50,40.35844802856445,14,12,26.728883743286133,14,12,13.62956428527832,64.74087142944336,155,1.2246467991473532e-16,-1.0,0.0,13.62956428527832,1,0,2024
2024-06-04,Central India,22.0,79.0,0.0,62,50,39.236854553222656,14,12,26.479154586791992,14,12,12.757699966430664,66.48460006713867,156,1.2246467991473532e-16,-1.0,0.0,12.757699966430664,1,0,2024
2024-06-05,Central India,22.0,79.0,0.0,62,50,37.47114562988281,14,12,26.552562713623047,14,12,10.918582916259766,70.16283416748047,157,1.2246467991473532e-16,-1.0,0.0,10.918582916259766,1,0,2024
2024-06-06,Central India,22.0,79.0,0.0,62,50,40.47188949584961,14,12,27.410627365112305,14,12,13.061262130737305,65.87747573852539,158,1.2246467991473532e-16,-1.0,0.0,13.061262130737305,1,0,2024
2024-06-07,Central India,22.0,79.0,0.5174919962882996,62,50,40.647117614746094,14,12,27.0701961517334,14,12,13.576921463012695,66.09733398296365,159,1.2246467991473532e-16,-1.0,0.4170589696630106,13.576921463012695,1,0,2024
2024-06-08,Central India,22.0,79.0,24.07735061645508,62,50,39.38376998901367,14,12,27.720041275024418,14,12,11.663728713989254,78.33843779066832,160,1.2246467991473532e-16,-1.0,3.221965072882278,11.663728713989254,1,0,2024
2024-06-09,Central India,22.0,79.0,1.8379656076431272,62,50,39.88469314575195,14,12,27.043798446655273,14,12,12.84089469909668,69.44747298224296,161,1.2246467991473532e-16,-1.0,1.0430874601454383,12.84089469909668,1,0,2024
2024-06-10,Central India,22.0,79.0,0.2312680631875991,62,50,38.73371887207031,14,12,25.995576858520508,14,12,12.738142013549805,67.14784972491769,162,1.2246467991473532e-16,-1.0,0.2080445840057667,12.738142013549805,1,0,2024
2024-06-11,Central India,22.0,79.0,5.513896942138672,62,50,39.482757568359375,14,12,26.34900665283203,14,12,13.133750915527344,71.35431182619308,163,1.2246467991473532e-16,-1.0,1.873937885749256,13.133750915527344,1,0,2024
2024-06-12,Central India,22.0,79.0,3.1367032527923584,62,50,37.22341537475586,14,12,25.04767417907715,14,12,12.175741195678713,71.90821507321891,164,1.2246467991473532e-16,-1.0,1.4198991548587774,12.175741195678713,1,0,2024
2024-06-13,Central India,22.0,79.0,0.0,62,50,38.05123519897461,14,12,25.92930030822754,14,12,12.12193489074707,67.75613021850586,165,1.2246467991473532e-16,-1.0,0.0,12.12193489074707,1,0,2024
2024-06-14,Central India,22.0,79.0,0.0,62,50,39.64690399169922,14,12,27.252302169799805,14,12,12.394601821899414,67.21079635620117,166,1.2246467991473532e-16,-1.0,0.0,12.394601821899414,1,0,2024
2024-06-15,Central India,22.0,79.0,1.1027793884277344,62,50,39.29246139526367,14,12,25.120325088500977,14,12,14.172136306762695,65.88550735032459,167,1.2246467991473532e-16,-1.0,0.743259987949991,14.172136306762695,1,0,2024
2024-06-16,Central India,22.0,79.0,2.1782944202423096,62,50,38.516658782958984,14,12,26.732778549194336,14,12,11.783880233764648,71.90127365368507,168,1.2246467991473532e-16,-1.0,1.1563447070714556,11.783880233764648,1,0,2024
2024-06-17,Central India,22.0,79.0,0.9189828038215636,62,50,38.3089485168457,14,12,26.762042999267575,14,12,11.546905517578129,70.8615747327696,169,1.2246467991473532e-16,-1.0,0.6517952559752844,11.546905517578129,1,0,2024
2024-06-18,Central India,22.0,79.0,9.066535949707031,62,50,37.563018798828125,14,12,25.94137954711914,14,12,11.621639251708984,75.68437144808193,170,1.2246467991473532e-16,-1.0,2.309216650499966,11.621639251708984,1,0,2024
2024-06-19,Central India,22.0,79.0,10.419313430786133,62,50,34.34012222290039,14,12,24.59709358215332,14,12,9.74302864074707,79.81986096607923,171,1.2246467991473532e-16,-1.0,2.4353060825244555,9.74302864074707,1,0,2024
2024-06-20,Central India,22.0,79.0,0.0,62,50,35.03262710571289,14,12,25.34696388244629,14,12,9.685663223266602,72.6286735534668,172,1.2246467991473532e-16,-1.0,0.0,9.685663223266602,1,0,2024
2024-06-21,Central India,22.0,79.0,1.8613736629486084,62,50,34.095577239990234,14,12,23.800212860107425,14,12,10.295364379882807,74.56317667399664,173,1.2246467991473532e-16,-1.0,1.0513018112540882,10.295364379882807,1,0,2024
2024-06-22,Central India,22.0,79.0,0.9728285670280457,62,50,32.078311920166016,14,12,23.59526824951172,14,12,8.483043670654297,77.07231766000507,174,1.2246467991473532e-16,-1.0,0.6794683337712193,8.483043670654297,1,0,2024
2024-06-23,Central India,22.0,79.0,27.467050552368164,62,50,32.74601364135742,14,12,24.28528213500977,14,12,8.460731506347653,85.12477887974971,175,1.2246467991473532e-16,-1.0,3.348747297481675,8.460731506347653,1,0,2024
2024-06-24,Central India,22.0,79.0,3.8337578773498535,62,50,33.78556823730469,14,12,24.49599266052246,14,12,9.289575576782228,78.14772142721777,176,1.2246467991473532e-16,-1.0,1.5756241935940758,9.289575576782228,1,0,2024
2024-06-25,Central India,22.0,79.0,0.0,62,50,35.24406814575195,14,12,25.54920959472656,14,12,9.694858551025394,72.61028289794922,177,1.2246467991473532e-16,-1.0,0.0,9.694858551025394,1,0,2024
2024-06-26,Central India,22.0,79.0,0.0,62,50,35.82052993774414,14,12,26.00452995300293,14,12,9.815999984741213,72.36800003051758,178,1.2246467991473532e-16,-1.0,0.0,9.815999984741213,1,0,2024
2024-06-27,Central India,22.0,79.0,0.0,62,50,33.921104431152344,14,12,25.43232536315918,14,12,8.488779067993164,75.02244186401367,179,1.2246467991473532e-16,-1.0,0.0,8.488779067993164,1,0,2024
2024-06-28,Central India,22.0,79.0,9.677242279052734,62,50,31.956708908081055,14,12,24.74991798400879,14,12,7.206790924072266,84.6907619117075,180,1.2246467991473532e-16,-1.0,2.3681145866173434,7.206790924072266,1,0,2024
2024-06-29,Central India,22.0,79.0,3.647019386291504,62,50,31.261449813842773,14,12,24.317394256591797,14,12,6.944055557250977,82.72056695113973,181,1.2246467991473532e-16,-1.0,1.5362260218805617,6.944055557250977,1,0,2024
2024-06-30,Central India,22.0,79.0,1.13489031791687,62,50,30.148637771606445,14,12,23.228914260864254,14,12,6.919723510742191,80.43579879457529,182,1.2246467991473532e-16,-1.0,0.758415272019888,6.919723510742191,1,0,2024
2024-07-01,Central India,22.0,79.0,28.159564971923828,62,50,29.1021728515625,14,12,23.19640731811523,14,12,5.905765533447269,90.30681789821809,183,-0.4999999999999998,-0.8660254037844388,3.372782988370868,5.905765533447269,1,0,2024
2024-07-02,Central India,22.0,79.0,21.07441520690918,62,50,28.880144119262695,14,12,23.254541397094727,14,12,5.625602722167969,90.03205232050172,184,-0.4999999999999998,-0.8660254037844388,3.094419254945884,5.625602722167969,1,0,2024
2024-07-03,Central India,22.0,79.0,0.0,62,50,32.05997848510742,14,12,23.332866668701172,14,12,8.72711181640625,74.5457763671875,185,-0.4999999999999998,-0.8660254037844388,0.0,8.72711181640625,1,0,2024
2024-07-04,Central India,22.0,79.0,1.3507978916168213,62,50,30.421701431274418,14,12,24.29197120666504,14,12,6.1297302246093786,82.30480394741208,186,-0.4999999999999998,-0.8660254037844388,0.8547547988769453,6.1297302246093786,1,0,2024
2024-07-05,Central India,22.0,79.0,28.33799171447754,62,50,31.465749740600582,14,12,23.60672950744629,14,12,7.859020233154293,86.41860949863981,187,-0.4999999999999998,-0.8660254037844388,3.378883321649468,7.859020233154293,1,0,2024
2024-07-06,Central India,22.0,79.0,37.64072036743164,62,50,31.041275024414062,14,12,23.955503463745117,14,12,7.085771560668945,88.79137683532214,188,-0.4999999999999998,-0.8660254037844388,3.654306652220011,7.085771560668945,1,0,2024
2024-07-07,Central India,22.0,79.0,17.746492385864258,62,50,31.5281982421875,14,12,24.065927505493164,14,12,7.462270736694336,85.868478513098,189,-0.4999999999999998,-0.8660254037844388,2.9310066621622233,7.462270736694336,1,0,2024
2024-07-08,Central India,22.0,79.0,4.973553657531738,62,50,32.4615478515625,14,12,23.78838157653809,14,12,8.67316627502441,80.01569345844082,190,-0.4999999999999998,-0.8660254037844388,1.7873420028298828,8.67316627502441,1,0,2024
2024-07-09,Central India,22.0,79.0,0.0,62,50,32.29829788208008,14,12,23.186717987060547,14,12,9.111579895019531,73.77684020996094,191,-0.4999999999999998,-0.8660254037844388,0.0,9.111579895019531,1,0,2024
2024-07-10,Central India,22.0,79.0,0.0,62,50,32.66307830810547,14,12,24.100482940673828,14,12,8.56259536743164,74.87480926513672,192,-0.4999999999999998,-0.8660254037844388,0.0,8.56259536743164,1,0,2024
2024-07-11,Central India,22.0,79.0,1.9246912002563477,62,50,31.515371322631836,14,12,24.70108413696289,14,12,6.814287185668945,81.59099233630825,193,-0.4999999999999998,-0.8660254037844388,1.0731889025487122,6.814287185668945,1,0,2024
2024-07-12,Central India,22.0,79.0,53.481651306152344,62,50,31.61073875427246,14,12,23.539228439331055,14,12,8.071510314941406,87.85057128521844,194,-0.4999999999999998,-0.8660254037844388,3.997863971700417,8.071510314941406,1,0,2024
2024-07-13,Central India,22.0,79.0,11.166852951049805,62,50,30.645116806030273,14,12,23.409990310668945,14,12,7.235126495361328,85.02589285782229,195,-0.4999999999999998,-0.8660254037844388,2.498715282848313,7.235126495361328,1,0,2024
2024-07-14,Central India,22.0,79.0,0.0,62,50,31.274715423583984,14,12,23.88064765930176,14,12,7.394067764282223,77.21186447143555,196,-0.4999999999999998,-0.8660254037844388,0.0,7.394067764282223,1,0,2024
2024-07-15,Central India,22.0,79.0,6.56907844543457,62,50,31.53306007385254,14,12,23.57360458374023,14,12,7.959455490112308,82.15330298672163,197,-0.4999999999999998,-0.8660254037844388,2.0240713223154128,7.959455490112308,1,0,2024
2024-07-16,Central India,22.0,79.0,12.374083518981934,62,50,31.495025634765625,14,12,24.503936767578125,14,12,6.9910888671875,85.79777857109218,198,-0.4999999999999998,-0.8660254037844388,2.593318768489058,6.9910888671875,1,0,2024
2024-07-17,Central India,22.0,79.0,8.992260932922363,62,50,30.04584312438965,14,12,24.021215438842773,14,12,6.024627685546875,86.85617728890392,199,-0.4999999999999998,-0.8660254037844388,2.30181088666589,6.024627685546875,1,0,2024
2024-07-18,Central India,22.0,79.0,5.728779315948486,62,50,31.097797393798828,14,12,23.55739402770996,14,12,7.540403366088867,82.63837451093106,200,-0.4999999999999998,-0.8660254037844388,1.9063937477029311,7.540403366088867,1,0,2024
2024-07-19,Central India,22.0,79.0,16.878360748291016,62,50,31.03494644165039,14,12,22.92947578430176,14,12,8.10547065734863,84.43983193969697,201,-0.4999999999999998,-0.8660254037844388,2.8835910847980815,8.10547065734863,1,0,2024
2024-07-20,Central India,22.0,79.0,2.1404340267181396,62,50,29.30255889892578,14,12,23.57875061035156,14,12,5.723808288574222,83.98546646916385,202,-0.4999999999999998,-0.8660254037844388,1.1443610154374286,5.723808288574222,1,0,2024
2024-07-21,Central India,22.0,79.0,65.95442199707031,62,50,30.39289093017578,14,12,23.380664825439453,14,12,7.012226104736328,90.58758414813568,203,-0.4999999999999998,-0.8660254037844388,4.204012119202782,7.012226104736328,1,0,2024
2024-07-22,Central India,22.0,79.0,38.09554672241211,62,50,28.364002227783203,14,12,23.116716384887695,14,12,5.247285842895508,92.50345401202112,204,-0.4999999999999998,-0.8660254037844388,3.666008565937376,5.247285842895508,1,0,2024
2024-07-23,Central India,22.0,79.0,41.362266540527344,62,50,27.65400505065918,14,12,23.13031768798828,14,12,4.523687362670898,94.1913993524309,205,-0.4999999999999998,-0.8660254037844388,3.746258025924236,4.523687362670898,1,0,2024
2024-07-24,Central India,22.0,79.0,5.038381576538086,62,50,26.166303634643555,14,12,22.57865333557129,14,12,3.5876502990722656,90.219107477267,206,-0.4999999999999998,-0.8660254037844388,1.7981360251371756,3.5876502990722656,1,0,2024
2024-07-25,Central India,22.0,79.0,3.731161594390869,62,50,27.287185668945312,14,12,22.638355255126953,14,12,4.648830413818359,87.36485143005362,207,-0.4999999999999998,-0.8660254037844388,1.554170752563444,4.648830413818359,1,0,2024
2024-07-26,Central India,22.0,79.0,0.3786391913890838,62,50,27.68021774291992,14,12,23.141571044921875,14,12,4.538646697998043,83.88599736239304,208,-0.4999999999999998,-0.8660254037844388,0.3210969194630457,4.538646697998043,1,0,2024
2024-07-27,Central India,22.0,79.0,11.159082412719728,62,50,27.908851623535156,14,12,23.423744201660156,14,12,4.485107421875,90.52401439888158,209,-0.4999999999999998,-0.8660254037844388,2.4980764142105256,4.485107421875,1,0,2024
2024-07-28,Central India,22.0,79.0,32.086936950683594,62,50,27.180910110473633,14,12,23.037059783935547,14,12,4.143850326538086,94.20971499820996,210,-0.4999999999999998,-0.8660254037844388,3.499138550428712,4.143850326538086,1,0,2024
2024-07-29,Central India,22.0,79.0,14.029212951660156,62,50,28.23495101928711,14,12,23.059831619262695,14,12,5.175119400024414,89.7797487116555,211,-0.4999999999999998,-0.8660254037844388,2.709995837234775,5.175119400024414,1,0,2024
2024-07-30,Central India,22.0,79.0,0.955577313899994,62,50,30.500083923339844,14,12,23.54633140563965,14,12,6.953752517700195,80.10455131781598,212,-0.4999999999999998,-0.8660254037844388,0.6706854510721217,6.953752517700195,1,0,2024
2024-07-31,Central India,22.0,79.0,1.8379656076431272,62,50,29.597291946411133,14,12,23.52289581298828,14,12,6.074396133422852,82.98047011359061,213,-0.4999999999999998,-0.8660254037844388,1.0430874601454383,6.074396133422852,1,0,2024
2024-08-01,Central India,22.0,79.0,2.926269769668579,62,50,27.412288665771484,14,12,23.27444839477539,14,12,4.137840270996094,87.8273888793459,214,-0.8660254037844384,-0.5000000000000004,1.3676898071126948,4.137840270996094,1,0,2024
2024-08-02,Central India,22.0,79.0,12.942744255065918,62,50,27.10207176208496,14,12,23.10871124267578,14,12,3.99336051940918,91.9181567047932,215,-0.8660254037844384,-0.5000000000000004,2.634959247870521,3.99336051940918,1,0,2024
2024-08-03,Central India,22.0,79.0,14.896750450134276,62,50,26.57772445678711,14,12,22.372947692871097,14,12,4.204776763916012,91.8887906145686,216,-0.8660254037844384,-0.5000000000000004,2.7661147141335407,4.204776763916012,1,0,2024
2024-08-04,Central India,22.0,79.0,19.653358459472656,62,50,27.099815368652344,14,12,22.6158447265625,14,12,4.483970642089844,92.11569254615722,217,-0.8660254037844384,-0.5000000000000004,3.027877943445634,4.483970642089844,1,0,2024
2024-08-05,Central India,22.0,79.0,16.99014663696289,62,50,30.47530174255371,14,12,23.164796829223633,14,12,7.310504913330078,86.04846277020637,218,-0.8660254037844384,-0.5000000000000004,2.8898241989555085,7.310504913330078,1,0,2024
2024-08-06,Central India,22.0,79.0,5.439960956573486,62,50,30.384735107421875,14,12,23.515871047973633,14,12,6.868864059448242,83.84983931346557,219,-0.8660254037844384,-0.5000000000000004,1.8625224774540157,6.868864059448242,1,0,2024
2024-08-07,Central India,22.0,79.0,4.962507247924805,62,50,27.80845069885254,14,12,23.70574951171875,14,12,4.102701187133789,89.1510708411282,220,-0.8660254037844384,-0.5000000000000004,1.7854910717985937,4.102701187133789,1,0,2024
2024-08-08,Central India,22.0,79.0,12.175542831420898,62,50,27.621856689453125,14,12,23.131683349609375,14,12,4.49017333984375,90.75474020592613,221,-0.8660254037844384,-0.5000000000000004,2.578362295204537,4.49017333984375,1,0,2024
2024-08-09,Central India,22.0,79.0,5.89015007019043,62,50,28.25613784790039,14,12,22.76721572875977,14,12,5.4889221191406214,86.81243435869217,222,-0.8660254037844384,-0.5000000000000004,1.9300928656578056,5.4889221191406214,1,0,2024
2024-08-10,Central India,22.0,79.0,0.0,62,50,28.221359252929688,14,12,22.879154205322266,14,12,5.342205047607422,81.31558990478516,223,-0.8660254037844384,-0.5000000000000004,0.0,5.342205047607422,1,0,2024
2024-08-11,Central India,22.0,79.0,0.2956009209156036,62,50,28.899415969848633,14,12,23.10997772216797,14,12,5.789438247680664,81.19804736199026,224,-0.8660254037844384,-0.5000000000000004,0.2589746191171955,5.789438247680664,1,0,2024
2024-08-12,Central India,22.0,79.0,2.76727557182312,62,50,30.366214752197266,14,12,23.223234176635746,14,12,7.14298057556152,81.6930950895413,225,-0.8660254037844384,-0.5000000000000004,1.3263520802214503,7.14298057556152,1,0,2024
2024-08-13,Central India,22.0,79.0,2.059211254119873,62,50,31.64124298095703,14,12,23.20837020874023,14,12,8.4328727722168,78.48872582350711,226,-0.8660254037844384,-0.5000000000000004,1.1181571226469027,8.4328727722168,1,0,2024
2024-08-14,Central India,22.0,79.0,0.0,62,50,31.005613327026367,14,12,24.50963973999023,14,12,6.495973587036136,79.00805282592773,227,-0.8660254037844384,-0.5000000000000004,0.0,6.495973587036136,1,0,2024
2024-08-15,Central India,22.0,79.0,6.473402976989746,62,50,29.962074279785156,14,12,24.14839744567871,14,12,5.813676834106445,86.40669767544931,228,-0.8660254037844384,-0.5000000000000004,2.0113504478874,5.813676834106445,1,0,2024
2024-08-16,Central India,22.0,79.0,20.11737632751465,62,50,30.40212631225586,14,12,24.03619384765625,14,12,6.365932464599609,88.4184237434138,229,-0.8660254037844384,-0.5000000000000004,3.050096224204338,6.365932464599609,1,0,2024
2024-08-17,Central India,22.0,79.0,0.0,62,50,30.03680992126465,14,12,24.26430892944336,14,12,5.772500991821289,80.45499801635742,230,-0.8660254037844384,-0.5000000000000004,0.0,5.772500991821289,1,0,2024
2024-08-18,Central India,22.0,79.0,1.3690245151519775,62,50,31.385839462280273,14,12,24.341320037841797,14,12,7.044519424438477,80.49839597142943,231,-0.8660254037844384,-0.5000000000000004,0.8624782734354636,7.044519424438477,1,0,2024
2024-08-19,Central India,22.0,79.0,2.7738587856292725,62,50,31.56776428222656,14,12,24.054489135742188,14,12,7.5132751464843714,80.95774379269326,232,-0.8660254037844384,-0.5000000000000004,1.3280980285540025,7.5132751464843714,1,0,2024
2024-08-20,Central India,22.0,79.0,64.0700454711914,62,50,31.29656410217285,14,12,23.114349365234375,14,12,8.182214736938477,88.16196346305568,233,-0.8660254037844384,-0.5000000000000004,4.175464312310881,8.182214736938477,1,0,2024
2024-08-21,Central India,22.0,79.0,0.0,62,50,31.55597496032715,14,12,24.05034446716309,14,12,7.505630493164059,76.98873901367188,234,-0.8660254037844384,-0.5000000000000004,0.0,7.505630493164059,1,0,2024
2024-08-22,Central India,22.0,79.0,0.0,62,50,30.76234436035156,14,12,24.904373168945312,14,12,5.8579711914062464,80.2840576171875,235,-0.8660254037844384,-0.5000000000000004,0.0,5.8579711914062464,1,0,2024
2024-08-23,Central India,22.0,79.0,67.4713134765625,62,50,30.844078063964844,14,12,23.24094009399414,14,12,7.603137969970703,89.47296868863077,236,-0.8660254037844384,-0.5000000000000004,4.226414876190724,7.603137969970703,1,0,2024
2024-08-24,Central India,22.0,79.0,5.086191654205322,62,50,28.037038803100582,14,12,23.234758377075195,14,12,4.802280426025387,87.81350677387587,237,-0.8660254037844384,-0.5000000000000004,1.806022541975551,4.802280426025387,1,0,2024
2024-08-25,Central India,22.0,79.0,1.6299872398376465,62,50,26.790632247924805,14,12,22.754711151123047,14,12,4.035921096801758,86.82909478961191,238,-0.8660254037844384,-0.5000000000000004,0.9669789944051452,4.035921096801758,1,0,2024
2024-08-26,Central India,22.0,79.0,0.1154665127396583,62,50,29.76451301574707,14,12,23.023635864257812,14,12,6.740877151489258,78.84606384047456,239,-0.8660254037844384,-0.5000000000000004,0.1092727144843589,6.740877151489258,1,0,2024
2024-08-27,Central India,22.0,79.0,0.0,62,50,31.268901824951172,14,12,22.813961029052734,14,12,8.454940795898438,75.09011840820312,240,-0.8660254037844384,-0.5000000000000004,0.0,8.454940795898438,1,0,2024
2024-08-28,Central India,22.0,79.0,0.0,62,50,31.902360916137695,14,12,23.50025177001953,14,12,8.402109146118164,75.19578170776367,241,-0.8660254037844384,-0.5000000000000004,0.0,8.402109146118164,1,0,2024
2024-08-29,Central India,22.0,79.0,0.8834913969039917,62,50,31.274097442626953,14,12,23.5668888092041,14,12,7.707208633422852,78.48496427473879,242,-0.8660254037844384,-0.5000000000000004,0.6331271805281609,7.707208633422852,1,0,2024
2024-08-30,Central India,22.0,79.0,4.89493465423584,62,50,30.760313034057617,14,12,23.538658142089844,14,12,7.221654891967773,82.87897056300633,243,-0.8660254037844384,-0.5000000000000004,1.7740934489806253,7.221654891967773,1,0,2024
2024-08-31,Central India,22.0,79.0,82.84056854248047,62,50,31.431774139404297,14,12,23.68129539489746,14,12,7.750478744506836,89.7857935164743,244,-0.8660254037844384,-0.5000000000000004,4.428917001829325,7.750478744506836,1,0,2024
2024-09-01,Central India,22.0,79.0,14.397518157958984,62,50,31.122587203979492,14,12,23.97040367126465,14,12,7.152183532714844,85.89825194814448,245,-1.0,-1.8369701987210294e-16,2.734206337858053,7.152183532714844,1,0,2024
2024-09-02,Central India,22.0,79.0,7.86182165145874,62,50,29.527589797973633,14,12,23.829010009765625,14,12,5.698579788208008,87.14809746604048,246,-1.0,-1.8369701987210294e-16,2.1817523474854985,5.698579788208008,1,0,2024
2024-09-03,Central India,22.0,79.0,1.1060850620269775,62,50,29.83900260925293,14,12,23.759262084960938,14,12,6.079740524291992,82.07501136108297,247,-1.0,-1.8369701987210294e-16,0.7448308032223167,6.079740524291992,1,0,2024
2024-09-04,Central India,22.0,79.0,0.0,62,50,31.282737731933594,14,12,23.935651779174805,14,12,7.347085952758789,77.30582809448242,248,-1.0,-1.8369701987210294e-16,0.0,7.347085952758789,1,0,2024
2024-09-05,Central India,22.0,79.0,0.0,62,50,30.86530876159668,14,12,23.77526473999023,14,12,7.090044021606449,77.81991195678711,249,-1.0,-1.8369701987210294e-16,0.0,7.090044021606449,1,0,2024
2024-09-06,Central India,22.0,79.0,0.0,62,50,30.667551040649418,14,12,23.833871841430664,14,12,6.8336791992187536,78.3326416015625,250,-1.0,-1.8369701987210294e-16,0.0,6.8336791992187536,1,0,2024
2024-09-07,Central India,22.0,79.0,0.4796096086502075,62,50,31.140581130981445,14,12,23.70024681091309,14,12,7.440334320068356,78.29466618498765,251,-1.0,-1.8369701987210294e-16,0.3917782750414552,7.440334320068356,1,0,2024
2024-09-08,Central India,22.0,79.0,11.457249641418455,62,50,30.891334533691406,14,12,23.712677001953125,14,12,7.178657531738281,85.20959319838872,252,-1.0,-1.8369701987210294e-16,2.5223027539550955,7.178657531738281,1,0,2024
2024-09-09,Central India,22.0,79.0,0.4886220395565033,62,50,30.87497329711914,14,12,24.001619338989254,14,12,6.873353958129886,79.44684474292222,253,-1.0,-1.8369701987210294e-16,0.3978508863939963,6.873353958129886,1,0,2024
2024-09-10,Central India,22.0,79.0,15.10708999633789,62,50,27.785879135131836,14,12,24.06663703918457,14,12,3.7192420959472656,92.89929445060032,254,-1.0,-1.8369701987210294e-16,2.7792595474982775,3.7192420959472656,1,0,2024
2024-09-11,Central India,22.0,79.0,38.621036529541016,62,50,27.86333465576172,14,12,22.885892868041992,14,12,4.977441787719727,93.0831970326713,255,-1.0,-1.8369701987210294e-16,3.679360202703583,4.977441787719727,1,0,2024
2024-09-12,Central India,22.0,79.0,3.5722880363464355,62,50,28.481409072875977,14,12,23.32294273376465,14,12,5.158466339111328,86.2431085538491,256,-1.0,-1.8369701987210294e-16,1.520013744023916,5.158466339111328,1,0,2024
2024-09-13,Central India,22.0,79.0,0.0,62,50,29.39215660095215,14,12,22.729902267456055,14,12,6.662254333496094,78.67549133300781,257,-1.0,-1.8369701987210294e-16,0.0,6.662254333496094,1,0,2024
2024-09-14,Central India,22.0,79.0,0.0,62,50,29.855546951293945,14,12,22.3140926361084,14,12,7.541454315185547,76.9170913696289,258,-1.0,-1.8369701987210294e-16,0.0,7.541454315185547,1,0,2024
2024-09-15,Central India,22.0,79.0,0.0,62,50,30.090103149414062,14,12,21.660869598388672,14,12,8.42923355102539,75.14153289794922,259,-1.0,-1.8369701987210294e-16,0.0,8.42923355102539,1,0,2024
2024-09-16,Central India,22.0,79.0,0.0,62,50,30.69213104248047,14,12,22.576066970825195,14,12,8.116064071655273,75.76787185668945,260,-1.0,-1.8369701987210294e-16,0.0,8.116064071655273,1,0,2024
2024-09-17,Central India,22.0,79.0,3.0496108531951904,62,50,28.337636947631836,14,12,22.687240600585938,14,12,5.650396347045898,84.89506967852154,261,-1.0,-1.8369701987210294e-16,1.3986207908711106,5.650396347045898,1,0,2024
2024-09-18,Central India,22.0,79.0,2.938910484313965,62,50,28.80819320678711,14,12,21.885927200317383,14,12,6.922266006469727,82.2681804617967,262,-1.0,-1.8369701987210294e-16,1.3709041582453836,6.922266006469727,1,0,2024
2024-09-19,Central India,22.0,79.0,0.0,62,50,31.274354934692383,14,12,22.11284637451172,14,12,9.161508560180664,73.67698287963867,263,-1.0,-1.8369701987210294e-16,0.0,9.161508560180664,1,0,2024
2024-09-20,Central India,22.0,79.0,2.756948471069336,62,50,32.857200622558594,14,12,22.99962997436523,14,12,9.857570648193365,76.25567985676857,264,-1.0,-1.8369701987210294e-16,1.323607051051763,9.857570648193365,1,0,2024
2024-09-21,Central India,22.0,79.0,12.21066951751709,62,50,33.653194427490234,14,12,23.894344329833984,14,12,9.75885009765625,80.22537420432151,265,-1.0,-1.8369701987210294e-16,2.5810247998780045,9.75885009765625,1,0,2024
2024-09-22,Central India,22.0,79.0,0.0,62,50,32.70870590209961,14,12,23.838470458984375,14,12,8.870235443115234,74.25952911376953,266,-1.0,-1.8369701987210294e-16,0.0,8.870235443115234,1,0,2024
2024-09-23,Central India,22.0,79.0,0.0,62,50,32.470523834228516,14,12,24.068767547607425,14,12,8.40175628662109,75.19648742675781,267,-1.0,-1.8369701987210294e-16,0.0,8.40175628662109,1,0,2024
2024-09-24,Central India,22.0,79.0,0.2049291431903839,62,50,31.214067459106445,14,12,23.600719451904297,14,12,7.613348007202148,77.33256627424188,268,-1.0,-1.8369701987210294e-16,0.1864207628820618,7.613348007202148,1,0,2024
2024-09-25,Central India,22.0,79.0,8.753329277038574,62,50,30.049213409423828,14,12,23.37862777709961,14,12,6.670585632324219,85.49165480845876,269,-1.0,-1.8369701987210294e-16,2.2776086910357343,6.670585632324219,1,0,2024
2024-09-26,Central India,22.0,79.0,8.870179176330566,62,50,29.76827049255371,14,12,23.51375961303711,14,12,6.254510879516602,86.35953226169939,270,-1.0,-1.8369701987210294e-16,2.289518006910865,6.254510879516602,1,0,2024
2024-09-27,Central India,22.0,79.0,4.310863018035889,62,50,29.522993087768555,14,12,23.37917137145996,14,12,6.143821716308594,84.72161961433737,271,-1.0,-1.8369701987210294e-16,1.6697543489848543,6.143821716308594,1,0,2024
2024-09-28,Central India,22.0,79.0,1.8406325578689575,62,50,30.303707122802734,14,12,23.441253662109375,14,12,6.862453460693359,81.4071733556616,272,-1.0,-1.8369701987210294e-16,1.044026759016104,6.862453460693359,1,0,2024
2024-09-29,Central India,22.0,79.0,12.409140586853027,62,50,31.946165084838867,14,12,23.56850242614746,14,12,8.377662658691406,83.0324845058879,273,-1.0,-1.8369701987210294e-16,2.595936607756901,8.377662658691406,1,0,2024
2024-09-30,Central India,22.0,79.0,0.0,62,50,32.305049896240234,14,12,23.85655403137207,14,12,8.448495864868164,75.10300827026367,274,-1.0,-1.8369701987210294e-16,0.0,8.448495864868164,1,0,2024
2024-10-01,Central India,22.0,79.0,0.0,62,50,32.458927154541016,14,12,23.86997985839844,14,12,8.588947296142575,74.82210540771484,275,-0.8660254037844386,0.5000000000000001,0.0,8.588947296142575,1,0,2024
2024-10-02,Central India,22.0,79.0,0.0,62,50,33.74318313598633,14,12,23.902189254760746,14,12,9.840993881225582,72.31801223754883,276,-0.8660254037844386,0.5000000000000001,0.0,9.840993881225582,1,0,2024
2024-10-03,Central India,22.0,79.0,0.0,62,50,33.37347412109375,14,12,23.901073455810547,14,12,9.472400665283203,73.0551986694336,277,-0.8660254037844386,0.5000000000000001,0.0,9.472400665283203,1,0,2024
2024-10-04,Central India,22.0,79.0,0.0,62,50,33.089515686035156,14,12,23.81319236755371,14,12,9.276323318481444,73.44735336303711,278,-0.8660254037844386,0.5000000000000001,0.0,9.276323318481444,1,0,2024
2024-10-05,Central India,22.0,79.0,0.0,62,50,32.91035079956055,14,12,23.34415626525879,14,12,9.566194534301758,72.86761093139648,279,-0.8660254037844386,0.5000000000000001,0.0,9.566194534301758,1,0,2024
2024-10-06,Central India,22.0,79.0,0.8270845413208008,62,50,33.306331634521484,14,12,22.23639678955078,14,12,11.069934844970703,71.66829495893727,280,-0.8660254037844386,0.5000000000000001,0.6027215496262244,11.069934844970703,1,0,2024
2024-10-07,Central India,22.0,79.0,0.0,62,50,33.01520538330078,14,12,21.34435272216797,14,12,11.670852661132812,68.65829467773438,281,-0.8660254037844386,0.5000000000000001,0.0,11.670852661132812,1,0,2024
2024-10-08,Central India,22.0,79.0,0.0,62,50,32.40495300292969,14,12,22.751249313354492,14,12,9.653703689575195,72.69259262084961,282,-0.8660254037844386,0.5000000000000001,0.0,9.653703689575195,1,0,2024
2024-10-09,Central India,22.0,79.0,14.727511405944824,62,50,31.97269630432129,14,12,22.69305419921875,14,12,9.27964210510254,81.70695028284929,283,-0.8660254037844386,0.5000000000000001,2.7554114976847903,9.27964210510254,1,0,2024
2024-10-10,Central India,22.0,79.0,19.793760299682617,62,50,31.5338077545166,14,12,22.619285583496097,14,12,8.914522171020504,83.27491452629022,284,-0.8660254037844386,0.5000000000000001,3.034652956110412,8.914522171020504,1,0,2024
2024-10-11,Central India,22.0,79.0,0.0,62,50,31.256288528442383,14,12,22.152070999145508,14,12,9.104217529296877,73.79156494140625,285,-0.8660254037844386,0.5000000000000001,0.0,9.104217529296877,1,0,2024
2024-10-12,Central India,22.0,79.0,5.572448253631592,62,50,30.82569694519043,14,12,22.671743392944336,14,12,8.153953552246094,81.34075210878943,286,-0.8660254037844386,0.5000000000000001,1.8828864044272071,8.153953552246094,1,0,2024
2024-10-13,Central India,22.0,79.0,55.50656509399414,62,50,31.56303024291992,14,12,23.106279373168945,14,12,8.456750869750973,87.18956874376605,287,-0.8660254037844386,0.5000000000000001,4.0343568277560005,8.456750869750973,1,0,2024
2024-10-14,Central India,22.0,79.0,0.1507372260093689,62,50,31.71765899658203,14,12,22.43623161315918,14,12,9.281427383422852,73.85835364237981,288,-0.8660254037844386,0.5000000000000001,0.1404028030751694,9.281427383422852,1,0,2024
2024-10-15,Central India,22.0,79.0,0.0,62,50,32.002716064453125,14,12,22.399574279785156,14,12,9.603141784667969,72.79371643066406,289,-0.8660254037844386,0.5000000000000001,0.0,9.603141784667969,1,0,2024
2024-10-16,Central India,22.0,79.0,0.0,62,50,31.93819999694824,14,12,22.741472244262695,14,12,9.196727752685543,73.6065444946289,290,-0.8660254037844386,0.5000000000000001,0.0,9.196727752685543,1,0,2024
2024-10-17,Central India,22.0,79.0,0.0,62,50,31.82205390930176,14,12,22.581016540527344,14,12,9.241037368774418,73.51792526245117,291,-0.8660254037844386,0.5000000000000001,0.0,9.241037368774418,1,0,2024
2024-10-18,Central India,22.0,79.0,59.0059928894043,62,50,31.879112243652344,14,12,22.226085662841797,14,12,9.653026580810549,84.97728015455195,292,-0.8660254037844386,0.5000000000000001,4.094444438724349,9.653026580810549,1,0,2024
2024-10-19,Central India,22.0,79.0,9.474898338317873,62,50,31.842432022094727,14,12,21.28011703491211,14,12,10.562314987182615,77.92231530740052,293,-0.8660254037844386,0.5000000000000001,2.348981760588588,10.562314987182615,1,0,2024
2024-10-20,Central India,22.0,79.0,1.8379656076431272,62,50,28.367137908935547,14,12,20.964609146118164,14,12,7.402528762817383,80.32420485480155,294,-0.8660254037844386,0.5000000000000001,1.0430874601454383,7.402528762817383,1,0,2024
2024-10-21,Central India,22.0,79.0,0.0,62,50,31.211679458618164,14,12,19.989843368530273,14,12,11.22183609008789,69.55632781982422,295,-0.8660254037844386,0.5000000000000001,0.0,11.22183609008789,1,0,2024
2024-10-22,Central India,22.0,79.0,0.0,62,50,31.590009689331055,14,12,20.651348114013672,14,12,10.938661575317385,70.12267684936523,296,-0.8660254037844386,0.5000000000000001,0.0,10.938661575317385,1,0,2024
2024-10-23,Central India,22.0,79.0,0.0,62,50,31.15218162536621,14,12,20.004377365112305,14,12,11.147804260253906,69.70439147949219,297,-0.8660254037844386,0.5000000000000001,0.0,11.147804260253906,1,0,2024
2024-10-24,Central India,22.0,79.0,0.0,62,50,30.25003242492676,14,12,18.82768440246582,14,12,11.42234802246094,69.15530395507812,298,-0.8660254037844386,0.5000000000000001,0.0,11.42234802246094,1,0,2024
2024-10-25,Central India,22.0,79.0,0.0,62,50,30.954118728637695,14,12,19.389970779418945,14,12,11.56414794921875,68.8717041015625,299,-0.8660254037844386,0.5000000000000001,0.0,11.56414794921875,1,0,2024
2024-10-26,Central India,22.0,79.0,0.0,62,50,31.13484001159668,14,12,19.603599548339844,14,12,11.531240463256836,68.93751907348633,300,-0.8660254037844386,0.5000000000000001,0.0,11.531240463256836,1,0,2024
2024-10-27,Central India,22.0,79.0,0.0,62,50,30.566781997680664,14,12,18.635982513427734,14,12,11.93079948425293,68.13840103149414,301,-0.8660254037844386,0.5000000000000001,0.0,11.93079948425293,1,0,2024
2024-10-28,Central India,22.0,79.0,0.0,62,50,31.17681884765625,14,12,19.885047912597656,14,12,11.291770935058594,69.41645812988281,302,-0.8660254037844386,0.5000000000000001,0.0,11.291770935058594,1,0,2024
2024-10-29,Central India,22.0,79.0,0.0,62,50,32.323341369628906,14,12,20.637283325195312,14,12,11.686058044433594,68.62788391113281,303,-0.8660254037844386,0.5000000000000001,0.0,11.686058044433594,1,0,2024
2024-10-30,Central India,22.0,79.0,0.0,62,50,32.683780670166016,14,12,20.599464416503903,14,12,12.084316253662111,67.83136749267578,304,-0.8660254037844386,0.5000000000000001,0.0,12.084316253662111,1,0,2024
2024-10-31,Central India,22.0,79.0,0.0,62,50,33.30303192138672,14,12,20.152929306030273,14,12,13.150102615356444,65.69979476928711,305,-0.8660254037844386,0.5000000000000001,0.0,13.150102615356444,1,0,2024
2024-11-01,Central India,22.0,79.0,0.0,62,50,33.04926681518555,14,12,19.201108932495117,14,12,13.84815788269043,64.30368423461914,306,-0.5000000000000004,0.8660254037844384,0.0,13.84815788269043,1,0,2024
2024-11-02,Central India,22.0,79.0,0.0,62,50,32.92156219482422,14,12,18.381452560424805,14,12,14.540109634399414,62.91978073120117,307,-0.5000000000000004,0.8660254037844384,0.0,14.540109634399414,1,0,2024
2024-11-03,Central India,22.0,79.0,0.0,62,50,32.192771911621094,14,12,18.921207427978516,14,12,13.271564483642578,65.45687103271484,308,-0.5000000000000004,0.8660254037844384,0.0,13.271564483642578,1,0,2024
2024-11-04,Central India,22.0,79.0,0.0,62,50,31.665218353271484,14,12,18.101505279541016,14,12,13.563713073730469,64.87257385253906,309,-0.5000000000000004,0.8660254037844384,0.0,13.563713073730469,1,0,2024
2024-11-05,Central India,22.0,79.0,0.0,62,50,31.645187377929688,14,12,17.34590721130371,14,12,14.299280166625977,63.40143966674805,310,-0.5000000000000004,0.8660254037844384,0.0,14.299280166625977,1,0,2024
2024-11-06,Central India,22.0,79.0,0.0,62,50,30.8502254486084,14,12,17.26940155029297,14,12,13.58082389831543,64.83835220336914,311,-0.5000000000000004,0.8660254037844384,0.0,13.58082389831543,1,0,2024
2024-11-07,Central India,22.0,79.0,0.0,62,50,30.79585075378418,14,12,17.445236206054688,14,12,13.350614547729492,65.29877090454102,312,-0.5000000000000004,0.8660254037844384,0.0,13.350614547729492,1,0,2024
2024-11-08,Central India,22.0,79.0,0.0,62,50,30.501415252685547,14,12,17.37759780883789,14,12,13.123817443847656,65.75236511230469,313,-0.5000000000000004,0.8660254037844384,0.0,13.123817443847656,1,0,2024
2024-11-09,Central India,22.0,79.0,0.0,62,50,30.32577896118164,14,12,18.146991729736328,14,12,12.178787231445312,67.64242553710938,314,-0.5000000000000004,0.8660254037844384,0.0,12.178787231445312,1,0,2024
2024-11-10,Central India,22.0,79.0,0.0,62,50,30.138904571533203,14,12,17.580902099609375,14,12,12.558002471923828,66.88399505615234,315,-0.5000000000000004,0.8660254037844384,0.0,12.558002471923828,1,0,2024
2024-11-11,Central India,22.0,79.0,0.0,62,50,30.242448806762695,14,12,16.365163803100586,14,12,13.87728500366211,64.24542999267578,316,-0.5000000000000004,0.8660254037844384,0.0,13.87728500366211,1,0,2024
2024-11-12,Central India,22.0,79.0,0.0,62,50,30.036888122558594,14,12,15.71785831451416,14,12,14.319029808044434,63.36194038391113,317,-0.5000000000000004,0.8660254037844384,0.0,14.319029808044434,1,0,2024
2024-11-13,Central India,22.0,79.0,0.0,62,50,29.6993465423584,14,12,14.507661819458008,14,12,15.19168472290039,61.61663055419922,318,-0.5000000000000004,0.8660254037844384,0.0,15.19168472290039,1,0,2024
2024-11-14,Central India,22.0,79.0,0.0,62,50,29.83786392211914,14,12,14.015666007995604,14,12,15.822197914123535,60.35560417175293,319,-0.5000000000000004,0.8660254037844384,0.0,15.822197914123535,1,0,2024
2024-11-15,Central India,22.0,79.0,0.0,62,50,29.704753875732425,14,12,14.299019813537598,14,12,15.405734062194828,61.188531875610344,320,-0.5000000000000004,0.8660254037844384,0.0,15.405734062194828,1,0,2024
2024-11-16,Central India,22.0,79.0,0.0,62,50,29.44981384277344,14,12,13.963245391845703,14,12,15.486568450927738,61.02686309814453,321,-0.5000000000000004,0.8660254037844384,0.0,15.486568450927738,1,0,2024
2024-11-17,Central India,22.0,79.0,0.0,62,50,29.255311965942383,14,12,14.001859664916992,14,12,15.25345230102539,61.49309539794922,322,-0.5000000000000004,0.8660254037844384,0.0,15.25345230102539,1,0,2024
2024-11-18,Central India,22.0,79.0,0.0,62,50,28.831708908081055,14,12,13.655509948730469,14,12,15.176198959350586,61.64760208129883,323,-0.5000000000000004,0.8660254037844384,0.0,15.176198959350586,1,0,2024
2024-11-19,Central India,22.0,79.0,0.0,62,50,28.12554931640625,14,12,12.65695095062256,14,12,15.46859836578369,61.06280326843262,324,-0.5000000000000004,0.8660254037844384,0.0,15.46859836578369,1,0,2024
2024-11-20,Central India,22.0,79.0,0.0,62,50,27.40508460998535,14,12,12.339709281921388,14,12,15.065375328063965,61.86924934387207,325,-0.5000000000000004,0.8660254037844384,0.0,15.065375328063965,1,0,2024
2024-11-21,Central India,22.0,79.0,0.0,62,50,26.803089141845703,14,12,12.548242568969728,14,12,14.254846572875977,63.49030685424805,326,-0.5000000000000004,0.8660254037844384,0.0,14.254846572875977,1,0,2024
2024-11-22,Central India,22.0,79.0,0.0,62,50,26.698402404785156,14,12,12.25380802154541,14,12,14.444594383239746,63.11081123352051,327,-0.5000000000000004,0.8660254037844384,0.0,14.444594383239746,1,0,2024
2024-11-23,Central India,22.0,79.0,0.0,62,50,27.27275848388672,14,12,11.907774925231934,14,12,15.364983558654783,61.27003288269043,328,-0.5000000000000004,0.8660254037844384,0.0,15.364983558654783,1,0,2024
2024-11-24,Central India,22.0,79.0,0.0,62,50,27.543590545654297,14,12,11.87774658203125,14,12,15.665843963623049,60.668312072753906,329,-0.5000000000000004,0.8660254037844384,0.0,15.665843963623049,1,0,2024
2024-11-25,Central India,22.0,79.0,0.0,62,50,27.51816749572754,14,12,11.494332313537598,14,12,16.02383518218994,59.95232963562012,330,-0.5000000000000004,0.8660254037844384,0.0,16.02383518218994,1,0,2024
2024-11-26,Central India,22.0,79.0,0.0,62,50,27.628711700439453,14,12,11.173364639282228,14,12,16.455347061157227,59.08930587768555,331,-0.5000000000000004,0.8660254037844384,0.0,16.455347061157227,1,0,2024
2024-11-27,Central India,22.0,79.0,0.0,62,50,27.43904685974121,14,12,10.23941135406494,14,12,17.19963550567627,57.60072898864746,332,-0.5000000000000004,0.8660254037844384,0.0,17.19963550567627,1,0,2024
2024-11-28,Central India,22.0,79.0,0.0,62,50,26.247699737548828,14,12,10.455432891845703,14,12,15.792266845703123,60.41546630859375,333,-0.5000000000000004,0.8660254037844384,0.0,15.792266845703123,1,0,2024
2024-11-29,Central India,22.0,79.0,0.0,62,50,26.48848533630371,14,12,10.46261215209961,14,12,16.0258731842041,59.9482536315918,334,-0.5000000000000004,0.8660254037844384,0.0,16.0258731842041,1,0,2024
2024-11-30,Central India,22.0,79.0,0.0,62,50,27.28752899169922,14,12,10.453996658325195,14,12,16.833532333374023,58.33293533325195,335,-0.5000000000000004,0.8660254037844384,0.0,16.833532333374023,1,0,2024
2024-12-01,Central India,22.0,79.0,0.0,62,50,26.62569236755371,14,12,12.305559158325195,14,12,14.320133209228516,63.35973358154297,336,-2.4492935982947064e-16,1.0,0.0,14.320133209228516,1,0,2024
2024-12-02,Central India,22.0,79.0,0.0,62,50,27.904735565185547,14,12,13.80387020111084,14,12,14.100865364074709,63.798269271850586,337,-2.4492935982947064e-16,1.0,0.0,14.100865364074709,1,0,2024
2024-12-03,Central India,22.0,79.0,0.0,62,50,28.59412002563477,14,12,15.495855331420898,14,12,13.09826469421387,65.80347061157227,338,-2.4492935982947064e-16,1.0,0.0,13.09826469421387,1,0,2024
2024-12-04,Central India,22.0,79.0,0.0,62,50,29.53966522216797,14,12,15.611536979675291,14,12,13.928128242492678,64.14374351501465,339,-2.4492935982947064e-16,1.0,0.0,13.928128242492678,1,0,2024
2024-12-05,Central India,22.0,79.0,0.0,62,50,30.538349151611328,14,12,15.52439308166504,14,12,15.013956069946287,61.97208786010742,340,-2.4492935982947064e-16,1.0,0.0,15.013956069946287,1,0,2024
2024-12-06,Central India,22.0,79.0,0.0,62,50,29.18649673461914,14,12,15.364795684814451,14,12,13.82170104980469,64.35659790039062,341,-2.4492935982947064e-16,1.0,0.0,13.82170104980469,1,0,2024
2024-12-07,Central India,22.0,79.0,0.0,62,50,29.385814666748047,14,12,14.510709762573242,14,12,14.875104904174805,62.24979019165039,342,-2.4492935982947064e-16,1.0,0.0,14.875104904174805,1,0,2024
2024-12-08,Central India,22.0,79.0,0.0,62,50,28.83436393737793,14,12,14.924086570739746,14,12,13.910277366638184,64.17944526672363,343,-2.4492935982947064e-16,1.0,0.0,13.910277366638184,1,0,2024
2024-12-09,Central India,22.0,79.0,0.0,62,50,26.889326095581055,14,12,13.039423942565918,14,12,13.849902153015137,64.30019569396973,344,-2.4492935982947064e-16,1.0,0.0,13.849902153015137,1,0,2024
2024-12-10,Central India,22.0,79.0,0.0,62,50,25.542724609375,14,12,8.55307388305664,14,12,16.98965072631836,58.02069854736328,345,-2.4492935982947064e-16,1.0,0.0,16.98965072631836,1,0,2024
2024-12-11,Central India,22.0,79.0,0.0,62,50,25.822511672973633,14,12,7.6860504150390625,14,12,18.13646125793457,55.72707748413086,346,-2.4492935982947064e-16,1.0,0.0,18.13646125793457,1,0,2024
2024-12-12,Central India,22.0,79.0,0.0,62,50,26.881216049194336,14,12,7.862375736236572,14,12,19.018840312957764,53.96231937408447,347,-2.4492935982947064e-16,1.0,0.0,19.018840312957764,1,0,2024
2024-12-13,Central India,22.0,79.0,0.0,62,50,25.7640380859375,14,12,7.506755828857422,14,12,18.25728225708008,55.48543548583984,348,-2.4492935982947064e-16,1.0,0.0,18.25728225708008,1,0,2024
2024-12-14,Central India,22.0,79.0,0.0,62,50,25.870847702026367,14,12,5.985806465148926,14,12,19.88504123687744,52.22991752624512,349,-2.4492935982947064e-16,1.0,0.0,19.88504123687744,1,0,2024
2024-12-15,Central India,22.0,79.0,0.0,62,50,26.99514961242676,14,12,5.532874584197998,14,12,21.462275028228763,49.07544994354247,350,-2.4492935982947064e-16,1.0,0.0,21.462275028228763,1,0,2024
2024-12-16,Central India,22.0,79.0,0.0,62,50,27.259033203125,14,12,6.512157440185547,14,12,20.746875762939453,50.506248474121094,351,-2.4492935982947064e-16,1.0,0.0,20.746875762939453,1,0,2024
2024-12-17,Central India,22.0,79.0,0.0,62,50,28.061073303222656,14,12,6.319659233093262,14,12,21.741414070129395,48.51717185974121,352,-2.4492935982947064e-16,1.0,0.0,21.741414070129395,1,0,2024
2024-12-18,Central India,22.0,79.0,0.0,62,50,27.74100875854492,14,12,7.388555526733398,14,12,20.35245323181152,51.29509353637696,353,-2.4492935982947064e-16,1.0,0.0,20.35245323181152,1,0,2024
2024-12-19,Central India,22.0,79.0,0.0,62,50,28.62384605407715,14,12,8.239864349365234,14,12,20.38398170471191,51.23203659057617,354,-2.4492935982947064e-16,1.0,0.0,20.38398170471191,1,0,2024
2024-12-20,Central India,22.0,79.0,0.0,62,50,28.97250747680664,14,12,11.410178184509276,14,12,17.562329292297363,56.87534141540527,355,-2.4492935982947064e-16,1.0,0.0,17.562329292297363,1,0,2024
2024-12-21,Central India,22.0,79.0,0.0,62,50,27.15364646911621,14,12,12.484339714050291,14,12,14.66930675506592,62.66138648986816,356,-2.4492935982947064e-16,1.0,0.0,14.66930675506592,1,0,2024
2024-12-22,Central India,22.0,79.0,0.0,62,50,26.6988525390625,14,12,10.39655590057373,14,12,16.30229663848877,59.39540672302246,357,-2.4492935982947064e-16,1.0,0.0,16.30229663848877,1,0,2024
2024-12-23,Central India,22.0,79.0,0.0,62,50,27.428258895874023,14,12,12.080557823181152,14,12,15.347701072692873,61.30459785461426,358,-2.4492935982947064e-16,1.0,0.0,15.347701072692873,1,0,2024
2024-12-24,Central India,22.0,79.0,0.0,62,50,28.105798721313477,14,12,14.686341285705566,14,12,13.41945743560791,65.16108512878418,359,-2.4492935982947064e-16,1.0,0.0,13.41945743560791,1,0,2024
2024-12-25,Central India,22.0,79.0,0.0,62,50,28.140111923217773,14,12,15.026132583618164,14,12,13.11397933959961,65.77204132080078,360,-2.4492935982947064e-16,1.0,0.0,13.11397933959961,1,0,2024
2024-12-26,Central India,22.0,79.0,0.0,62,50,28.64594268798828,14,12,15.219724655151367,14,12,13.426218032836914,65.14756393432617,361,-2.4492935982947064e-16,1.0,0.0,13.426218032836914,1,0,2024
2024-12-27,Central India,22.0,79.0,0.0,62,50,28.04197120666504,14,12,16.2786865234375,14,12,11.76328468322754,68.47343063354492,362,-2.4492935982947064e-16,1.0,0.0,11.76328468322754,1,0,2024
2024-12-28,Central India,22.0,79.0,8.670966148376465,62,50,25.74422836303711,14,12,18.306827545166016,14,12,7.437400817871094,83.93258301347497,363,-2.4492935982947064e-16,1.0,2.2691282164057203,7.437400817871094,1,0,2024
2024-12-29,Central India,22.0,79.0,25.78719139099121,62,50,25.804759979248047,14,12,16.366512298583984,14,12,9.438247680664062,82.98727615896702,364,-2.4492935982947064e-16,1.0,3.28792384009838,9.438247680664062,1,0,2024
2024-12-30,Central India,22.0,79.0,0.0,62,50,25.59086036682129,14,12,14.364585876464844,14,12,11.226274490356444,69.54745101928711,365,-2.4492935982947064e-16,1.0,0.0,11.226274490356444,1,0,2024
2024-12-31,Central India,22.0,79.0,0.0,62,50,25.646678924560547,14,12,11.581548690795898,14,12,14.065130233764648,63.8697395324707,366,-2.4492935982947064e-16,1.0,0.0,14.065130233764648,1,0,2024
2024-01-01,Coastal Odisha,20.5,85.5,0.0,56,76,26.975675582885746,13,18,15.446147918701172,13,18,11.529527664184574,68.94094467163086,1,0.4999999999999999,0.8660254037844387,0.0,11.529527664184574,1,1,2024
2024-01-02,Coastal Odisha,20.5,85.5,0.0,56,76,26.85505485534668,13,18,14.784353256225586,13,18,12.070701599121094,67.85859680175781,2,0.4999999999999999,0.8660254037844387,0.0,12.070701599121094,1,1,2024
2024-01-03,Coastal Odisha,20.5,85.5,0.0,56,76,26.48639678955078,13,18,14.10182285308838,13,18,12.3845739364624,67.2308521270752,3,0.4999999999999999,0.8660254037844387,0.0,12.3845739364624,1,1,2024
2024-01-04,Coastal Odisha,20.5,85.5,0.0,56,76,27.245695114135746,13,18,14.31255340576172,13,18,12.933141708374023,66.13371658325195,4,0.4999999999999999,0.8660254037844387,0.0,12.933141708374023,1,1,2024
2024-01-05,Coastal Odisha,20.5,85.5,0.0,56,76,27.64447593688965,13,18,15.05906581878662,13,18,12.58541011810303,66.82917976379395,5,0.4999999999999999,0.8660254037844387,0.0,12.58541011810303,1,1,2024
2024-01-06,Coastal Odisha,20.5,85.5,0.0,56,76,27.26892471313477,13,18,15.01923942565918,13,18,12.24968528747559,67.50062942504883,6,0.4999999999999999,0.8660254037844387,0.0,12.24968528747559,1,1,2024
2024-01-07,Coastal Odisha,20.5,85.5,0.0,56,76,27.36855697631836,13,18,15.597265243530272,13,18,11.771291732788088,68.45741653442383,7,0.4999999999999999,0.8660254037844387,0.0,11.771291732788088,1,1,2024
2024-01-08,Coastal Odisha,20.5,85.5,0.0,56,76,27.162931442260746,13,18,16.098941802978516,13,18,11.06398963928223,69.87202072143555,8,0.4999999999999999,0.8660254037844387,0.0,11.06398963928223,1,1,2024
2024-01-09,Coastal Odisha,20.5,85.5,0.0,56,76,27.50771713256836,13,18,16.252168655395508,13,18,11.255548477172852,69.4889030456543,9,0.4999999999999999,0.8660254037844387,0.0,11.255548477172852,1,1,2024
2024-01-10,Coastal Odisha,20.5,85.5,0.0,56,76,28.639240264892575,13,18,16.48821258544922,13,18,12.151027679443356,67.69794464111328,10,0.4999999999999999,0.8660254037844387,0.0,12.151027679443356,1,1,2024
2024-01-11,Coastal Odisha,20.5,85.5,0.0,56,76,28.167078018188477,13,18,18.50330352783203,13,18,9.663774490356444,72.67245101928711,11,0.4999999999999999,0.8660254037844387,0.0,9.663774490356444,1,1,2024
2024-01-12,Coastal Odisha,20.5,85.5,0.0,56,76,27.47167205810547,13,18,16.688636779785156,13,18,10.783035278320312,70.43392944335938,12,0.4999999999999999,0.8660254037844387,0.0,10.783035278320312,1,1,2024
2024-01-13,Coastal Odisha,20.5,85.5,0.0,56,76,28.24809837341309,13,18,14.924943923950195,13,18,13.323154449462894,65.35369110107422,13,0.4999999999999999,0.8660254037844387,0.0,13.323154449462894,1,1,2024
2024-01-14,Coastal Odisha,20.5,85.5,0.0,56,76,28.076690673828125,13,18,15.11020565032959,13,18,12.966485023498535,66.06702995300293,14,0.4999999999999999,0.8660254037844387,0.0,12.966485023498535,1,1,2024
2024-01-15,Coastal Odisha,20.5,85.5,0.0,56,76,27.47124671936035,13,18,15.756807327270508,13,18,11.714439392089844,68.57112121582031,15,0.4999999999999999,0.8660254037844387,0.0,11.714439392089844,1,1,2024
2024-01-16,Coastal Odisha,20.5,85.5,0.0,56,76,27.010217666625977,13,18,16.238004684448242,13,18,10.772212982177734,70.45557403564453,16,0.4999999999999999,0.8660254037844387,0.0,10.772212982177734,1,1,2024
2024-01-17,Coastal Odisha,20.5,85.5,0.0,56,76,26.476329803466797,13,18,17.635906219482422,13,18,8.840423583984375,74.31915283203125,17,0.4999999999999999,0.8660254037844387,0.0,8.840423583984375,1,1,2024
2024-01-18,Coastal Odisha,20.5,85.5,0.0,56,76,26.206918716430664,13,18,18.34221839904785,13,18,7.8647003173828125,76.27059936523438,18,0.4999999999999999,0.8660254037844387,0.0,7.8647003173828125,1,1,2024
2024-01-19,Coastal Odisha,20.5,85.5,1.5132904052734375,56,76,24.44462776184082,13,18,17.83340072631836,13,18,6.611227035522461,81.54232436818295,19,0.4999999999999999,0.8660254037844387,0.921592813075956,6.611227035522461,1,1,2024
2024-01-20,Coastal Odisha,20.5,85.5,0.0,56,76,25.56938934326172,13,18,17.161462783813477,13,18,8.407926559448242,75.18414688110352,20,0.4999999999999999,0.8660254037844387,0.0,8.407926559448242,1,1,2024
2024-01-21,Coastal Odisha,20.5,85.5,2.1356215476989746,56,76,24.32142448425293,13,18,18.107866287231445,13,18,6.213558197021484,83.0013658517455,21,0.4999999999999999,0.8660254037844387,1.1428274152628222,6.213558197021484,1,1,2024
2024-01-22,Coastal Odisha,20.5,85.5,2.9987406730651855,56,76,25.165876388549805,13,18,16.03356170654297,13,18,9.132314682006836,77.89330907543514,22,0.4999999999999999,0.8660254037844387,1.3859794798162723,9.132314682006836,1,1,2024
2024-01-23,Coastal Odisha,20.5,85.5,0.0,56,76,23.521286010742188,13,18,15.8932466506958,13,18,7.628039360046387,76.74392127990723,23,0.4999999999999999,0.8660254037844387,0.0,7.628039360046387,1,1,2024
2024-01-24,Coastal Odisha,20.5,85.5,1.9548217058181765,56,76,21.7187442779541,13,18,16.76842498779297,13,18,4.950319290161133,85.34967635746932,24,0.4999999999999999,0.8660254037844387,1.0834383125971958,4.950319290161133,1,1,2024
2024-01-25,Coastal Odisha,20.5,85.5,7.432070732116699,56,76,23.567873001098633,13,18,15.50918674468994,13,18,8.058686256408693,82.27875462807538,25,0.4999999999999999,0.8660254037844387,2.132042380297587,8.058686256408693,1,1,2024
2024-01-26,Coastal Odisha,20.5,85.5,0.0,56,76,25.69584274291992,13,18,13.466631889343262,13,18,12.229210853576657,67.54157829284668,26,0.4999999999999999,0.8660254037844387,0.0,12.229210853576657,1,1,2024
2024-01-27,Coastal Odisha,20.5,85.5,0.0,56,76,26.41482734680176,13,18,13.706796646118164,13,18,12.708030700683596,66.58393859863281,27,0.4999999999999999,0.8660254037844387,0.0,12.708030700683596,1,1,2024
2024-01-28,Coastal Odisha,20.5,85.5,0.0,56,76,27.381378173828125,13,18,13.845233917236328,13,18,13.536144256591797,64.9277114868164,28,0.4999999999999999,0.8660254037844387,0.0,13.536144256591797,1,1,2024
2024-01-29,Coastal Odisha,20.5,85.5,0.0,56,76,27.99760627746582,13,18,14.347149848937988,13,18,13.650456428527832,64.69908714294434,29,0.4999999999999999,0.8660254037844387,0.0,13.650456428527832,1,1,2024
2024-01-30,Coastal Odisha,20.5,85.5,0.0,56,76,28.789897918701172,13,18,16.232812881469727,13,18,12.557085037231444,66.88582992553711,30,0.4999999999999999,0.8660254037844387,0.0,12.557085037231444,1,1,2024
2024-01-31,Coastal Odisha,20.5,85.5,0.0,56,76,28.68401336669922,13,18,17.303159713745117,13,18,11.380853652954102,69.2382926940918,31,0.4999999999999999,0.8660254037844387,0.0,11.380853652954102,1,1,2024
2024-02-01,Coastal Odisha,20.5,85.5,0.0,56,76,28.57319068908691,13,18,19.380165100097656,13,18,9.193025588989254,73.61394882202148,32,0.8660254037844386,0.5000000000000001,0.0,9.193025588989254,1,1,2024
2024-02-02,Coastal Odisha,20.5,85.5,0.0,56,76,28.860767364501953,13,18,19.995941162109375,13,18,8.864826202392578,74.27034759521484,33,0.8660254037844386,0.5000000000000001,0.0,8.864826202392578,1,1,2024
2024-02-03,Coastal Odisha,20.5,85.5,0.0,56,76,29.42967987060547,13,18,18.842710494995117,13,18,10.586969375610352,70.8260612487793,34,0.8660254037844386,0.5000000000000001,0.0,10.586969375610352,1,1,2024
2024-02-04,Coastal Odisha,20.5,85.5,0.0,56,76,30.184654235839844,13,18,17.74004364013672,13,18,12.444610595703123,67.11077880859375,35,0.8660254037844386,0.5000000000000001,0.0,12.444610595703123,1,1,2024
2024-02-05,Coastal Odisha,20.5,85.5,0.0,56,76,30.638404846191406,13,18,18.77409553527832,13,18,11.864309310913086,68.27138137817383,36,0.8660254037844386,0.5000000000000001,0.0,11.864309310913086,1,1,2024
2024-02-06,Coastal Odisha,20.5,85.5,0.0,56,76,31.292144775390625,13,18,20.561182022094727,13,18,10.730962753295898,70.5380744934082,37,0.8660254037844386,0.5000000000000001,0.0,10.730962753295898,1,1,2024
2024-02-07,Coastal Odisha,20.5,85.5,0.1609883606433868,56,76,29.49790954589844,13,18,20.79938507080078,13,18,8.69852447509766,75.0507660819443,38,0.8660254037844386,0.5000000000000001,0.1492716773798737,8.69852447509766,1,1,2024
2024-02-08,Coastal Odisha,20.5,85.5,0.0,56,76,28.194732666015625,13,18,19.107816696166992,13,18,9.086915969848633,73.82616806030273,39,0.8660254037844386,0.5000000000000001,0.0,9.086915969848633,1,1,2024
2024-02-09,Coastal Odisha,20.5,85.5,0.0,56,76,27.64041328430176,13,18,15.45693588256836,13,18,12.183477401733402,67.6330451965332,40,0.8660254037844386,0.5000000000000001,0.0,12.183477401733402,1,1,2024
2024-02-10,Coastal Odisha,20.5,85.5,0.0,56,76,28.80779266357422,13,18,14.812515258789062,13,18,13.995277404785156,64.00944519042969,41,0.8660254037844386,0.5000000000000001,0.0,13.995277404785156,1,1,2024
2024-02-11,Coastal Odisha,20.5,85.5,0.0,56,76,29.314044952392575,13,18,16.058313369750977,13,18,13.255731582641598,65.4885368347168,42,0.8660254037844386,0.5000000000000001,0.0,13.255731582641598,1,1,2024
2024-02-12,Coastal Odisha,20.5,85.5,0.0,56,76,29.69755172729492,13,18,18.000762939453125,13,18,11.696788787841792,68.6064224243164,43,0.8660254037844386,0.5000000000000001,0.0,11.696788787841792,1,1,2024
2024-02-13,Coastal Odisha,20.5,85.5,0.0,56,76,29.829370498657227,13,18,18.2429256439209,13,18,11.586444854736328,68.82711029052734,44,0.8660254037844386,0.5000000000000001,0.0,11.586444854736328,1,1,2024
2024-02-14,Coastal Odisha,20.5,85.5,0.0,56,76,30.251628875732425,13,18,18.173622131347656,13,18,12.07800674438477,67.84398651123047,45,0.8660254037844386,0.5000000000000001,0.0,12.07800674438477,1,1,2024
2024-02-15,Coastal Odisha,20.5,85.5,0.0,56,76,30.810626983642575,13,18,18.68379592895508,13,18,12.126831054687491,67.74633789062501,46,0.8660254037844386,0.5000000000000001,0.0,12.126831054687491,1,1,2024
2024-02-16,Coastal Odisha,20.5,85.5,0.0,56,76,30.92378044128418,13,18,18.801307678222656,13,18,12.122472763061523,67.75505447387695,47,0.8660254037844386,0.5000000000000001,0.0,12.122472763061523,1,1,2024
2024-02-17,Coastal Odisha,20.5,85.5,0.0,56,76,31.70164680480957,13,18,19.430004119873047,13,18,12.271642684936523,67.45671463012695,48,0.8660254037844386,0.5000000000000001,0.0,12.271642684936523,1,1,2024
2024-02-18,Coastal Odisha,20.5,85.5,0.0,56,76,31.847450256347656,13,18,20.28156089782715,13,18,11.565889358520508,68.86822128295898,49,0.8660254037844386,0.5000000000000001,0.0,11.565889358520508,1,1,2024
2024-02-19,Coastal Odisha,20.5,85.5,0.0,56,76,32.25634765625,13,18,21.51898193359375,13,18,10.73736572265625,70.5252685546875,50,0.8660254037844386,0.5000000000000001,0.0,10.73736572265625,1,1,2024
2024-02-20,Coastal Odisha,20.5,85.5,0.0,56,76,33.533485412597656,13,18,21.621938705444336,13,18,11.91154670715332,68.17690658569336,51,0.8660254037844386,0.5000000000000001,0.0,11.91154670715332,1,1,2024
2024-02-21,Coastal Odisha,20.5,85.5,0.0,56,76,33.2641716003418,13,18,21.188213348388672,13,18,12.075958251953123,67.84808349609375,52,0.8660254037844386,0.5000000000000001,0.0,12.075958251953123,1,1,2024
2024-02-22,Coastal Odisha,20.5,85.5,0.0,56,76,33.13455581665039,13,18,21.862060546875,13,18,11.27249526977539,69.45500946044922,53,0.8660254037844386,0.5000000000000001,0.0,11.27249526977539,1,1,2024
2024-02-23,Coastal Odisha,20.5,85.5,0.0,56,76,31.24589729309082,13,18,21.201770782470703,13,18,10.044126510620115,71.91174697875977,54,0.8660254037844386,0.5000000000000001,0.0,10.044126510620115,1,1,2024
2024-02-24,Coastal Odisha,20.5,85.5,0.0,56,76,30.08388328552246,13,18,20.37833023071289,13,18,9.70555305480957,72.58889389038086,55,0.8660254037844386,0.5000000000000001,0.0,9.70555305480957,1,1,2024
2024-02-25,Coastal Odisha,20.5,85.5,0.0,56,76,27.29316139221191,13,18,20.46964454650879,13,18,6.8235168457031214,78.35296630859375,56,0.8660254037844386,0.5000000000000001,0.0,6.8235168457031214,1,1,2024
2024-02-26,Coastal Odisha,20.5,85.5,0.6439534425735474,56,76,29.16337203979492,13,18,19.088794708251953,13,18,10.074577331542963,73.34215726680561,57,0.8660254037844386,0.5000000000000001,0.4971039766305155,10.074577331542963,1,1,2024
2024-02-27,Coastal Odisha,20.5,85.5,0.0,56,76,31.452402114868164,13,18,19.65711212158203,13,18,11.795289993286133,68.40942001342773,58,0.8660254037844386,0.5000000000000001,0.0,11.795289993286133,1,1,2024
2024-02-28,Coastal Odisha,20.5,85.5,0.170999214053154,56,76,32.13265609741211,13,18,20.56085968017578,13,18,11.571796417236328,69.32997940584605,59,0.8660254037844386,0.5000000000000001,0.1578574134395685,11.571796417236328,1,1,2024
2024-02-29,Coastal Odisha,20.5,85.5,0.0,56,76,32.08111572265625,13,18,21.37825584411621,13,18,10.70285987854004,70.59428024291992,60,0.8660254037844386,0.5000000000000001,0.0,10.70285987854004,1,1,2024
2024-03-01,Coastal Odisha,20.5,85.5,0.0,56,76,33.123085021972656,13,18,20.63687515258789,13,18,12.486209869384766,67.02758026123047,61,1.0,6.123233995736766e-17,0.0,12.486209869384766,1,1,2024
2024-03-02,Coastal Odisha,20.5,85.5,0.0,56,76,33.45030212402344,13,18,21.34150123596191,13,18,12.108800888061529,67.78239822387695,62,1.0,6.123233995736766e-17,0.0,12.108800888061529,1,1,2024
2024-03-03,Coastal Odisha,20.5,85.5,0.0,56,76,32.773555755615234,13,18,22.310134887695312,13,18,10.463420867919922,71.07315826416016,63,1.0,6.123233995736766e-17,0.0,10.463420867919922,1,1,2024
2024-03-04,Coastal Odisha,20.5,85.5,0.5473604202270508,56,76,32.17578887939453,13,18,22.360267639160156,13,18,9.815521240234377,73.67860909322104,64,1.0,6.123233995736766e-17,0.436550524563262,9.815521240234377,1,1,2024
2024-03-05,Coastal Odisha,20.5,85.5,2.2819759845733643,56,76,32.96757125854492,13,18,21.83216857910156,13,18,11.135402679443365,73.29453166709276,65,1.0,6.123233995736766e-17,1.1884456753264914,11.135402679443365,1,1,2024
2024-03-06,Coastal Odisha,20.5,85.5,0.0,56,76,33.08378982543945,13,18,21.540115356445312,13,18,11.54367446899414,68.91265106201172,66,1.0,6.123233995736766e-17,0.0,11.54367446899414,1,1,2024
2024-03-07,Coastal Odisha,20.5,85.5,0.0,56,76,31.21747589111328,13,18,22.35083770751953,13,18,8.86663818359375,74.2667236328125,67,1.0,6.123233995736766e-17,0.0,8.86663818359375,1,1,2024
2024-03-08,Coastal Odisha,20.5,85.5,21.591798782348633,56,76,31.809988021850582,13,18,20.9100341796875,13,18,10.899953842163082,79.5528531797213,68,1.0,6.123233995736766e-17,3.117586954682492,10.899953842163082,1,1,2024
2024-03-09,Coastal Odisha,20.5,85.5,0.0,56,76,32.66083526611328,13,18,19.671079635620117,13,18,12.989755630493164,66.02048873901367,69,1.0,6.123233995736766e-17,0.0,12.989755630493164,1,1,2024
2024-03-10,Coastal Odisha,20.5,85.5,0.0,56,76,33.39672088623047,13,18,19.94122886657715,13,18,13.45549201965332,65.08901596069336,70,1.0,6.123233995736766e-17,0.0,13.45549201965332,1,1,2024
2024-03-11,Coastal Odisha,20.5,85.5,0.0,56,76,33.668025970458984,13,18,21.662567138671875,13,18,12.00545883178711,67.98908233642578,71,1.0,6.123233995736766e-17,0.0,12.00545883178711,1,1,2024
2024-03-12,Coastal Odisha,20.5,85.5,0.0,56,76,34.558250427246094,13,18,23.152908325195312,13,18,11.40534210205078,69.18931579589844,72,1.0,6.123233995736766e-17,0.0,11.40534210205078,1,1,2024
2024-03-13,Coastal Odisha,20.5,85.5,0.0,56,76,34.44053649902344,13,18,23.582490921020508,13,18,10.85804557800293,70.28390884399414,73,1.0,6.123233995736766e-17,0.0,10.85804557800293,1,1,2024
2024-03-14,Coastal Odisha,20.5,85.5,8.404325485229492,56,76,34.47367477416992,13,18,23.670509338378903,13,18,10.80316543579102,77.11717835273458,74,1.0,6.123233995736766e-17,2.241169741438869,10.80316543579102,1,1,2024
2024-03-15,Coastal Odisha,20.5,85.5,0.1447537094354629,56,76,34.88840866088867,13,18,23.33807373046875,13,18,11.550334930419922,69.30489867797702,75,1.0,6.123233995736766e-17,0.1351895129389532,11.550334930419922,1,1,2024
2024-03-16,Coastal Odisha,20.5,85.5,0.0,56,76,33.66104507446289,13,18,24.50471305847168,13,18,9.156332015991213,73.68733596801758,76,1.0,6.123233995736766e-17,0.0,9.156332015991213,1,1,2024
2024-03-17,Coastal Odisha,20.5,85.5,0.3863720893859863,56,76,33.229896545410156,13,18,22.74041175842285,13,18,10.489484786987305,72.00110140852084,77,1.0,6.123233995736766e-17,0.3266903274984847,10.489484786987305,1,1,2024
2024-03-18,Coastal Odisha,20.5,85.5,3.831522703170776,56,76,31.546140670776367,13,18,23.04286193847656,13,18,8.503278732299808,79.71892756770931,78,1.0,6.123233995736766e-17,1.5751616774363082,8.503278732299808,1,1,2024
2024-03-19,Coastal Odisha,20.5,85.5,4.7197723388671875,56,76,28.873558044433594,13,18,20.923816680908203,13,18,7.949741363525391,81.33230428405608,79,1.0,6.123233995736766e-17,1.743929003702285,7.949741363525391,1,1,2024
2024-03-20,Coastal Odisha,20.5,85.5,26.042375564575195,56,76,24.560222625732425,13,18,17.06539535522461,13,18,7.494827270507816,86.90256076209042,80,1.0,6.123233995736766e-17,3.297405101035348,7.494827270507816,1,1,2024
2024-03-21,Coastal Odisha,20.5,85.5,2.6569435596466064,56,76,29.393634796142575,13,18,15.57503890991211,13,18,13.818595886230463,68.2526913441475,81,1.0,6.123233995736766e-17,1.2966277055361437,13.818595886230463,1,1,2024
2024-03-22,Coastal Odisha,20.5,85.5,0.0,56,76,32.11595153808594,13,18,19.487565994262695,13,18,12.628385543823242,66.74322891235352,82,1.0,6.123233995736766e-17,0.0,12.628385543823242,1,1,2024
2024-03-23,Coastal Odisha,20.5,85.5,0.0,56,76,34.06880569458008,13,18,21.26531410217285,13,18,12.803491592407228,66.39301681518555,83,1.0,6.123233995736766e-17,0.0,12.803491592407228,1,1,2024
2024-03-24,Coastal Odisha,20.5,85.5,0.0,56,76,34.353519439697266,13,18,22.69702911376953,13,18,11.656490325927734,68.68701934814453,84,1.0,6.123233995736766e-17,0.0,11.656490325927734,1,1,2024
2024-03-25,Coastal Odisha,20.5,85.5,0.0,56,76,34.373077392578125,13,18,22.93488121032715,13,18,11.438196182250977,69.12360763549805,85,1.0,6.123233995736766e-17,0.0,11.438196182250977,1,1,2024
2024-03-26,Coastal Odisha,20.5,85.5,3.801074266433716,56,76,33.775917053222656,13,18,21.37177276611328,13,18,12.404144287109377,71.89823052092171,86,1.0,6.123233995736766e-17,1.568839698380153,12.404144287109377,1,1,2024
2024-03-27,Coastal Odisha,20.5,85.5,0.0,56,76,34.503089904785156,13,18,23.25504493713379,13,18,11.248044967651367,69.50391006469727,87,1.0,6.123233995736766e-17,0.0,11.248044967651367,1,1,2024
2024-03-28,Coastal Odisha,20.5,85.5,0.0,56,76,35.25564193725586,13,18,23.72537612915039,13,18,11.530265808105469,68.93946838378906,88,1.0,6.123233995736766e-17,0.0,11.530265808105469,1,1,2024
2024-03-29,Coastal Odisha,20.5,85.5,0.0,56,76,35.31295394897461,13,18,24.2511043548584,13,18,11.061849594116213,69.87630081176758,89,1.0,6.123233995736766e-17,0.0,11.061849594116213,1,1,2024
2024-03-30,Coastal Odisha,20.5,85.5,0.0,56,76,35.10909652709961,13,18,24.67041778564453,13,18,10.438678741455078,71.12264251708984,90,1.0,6.123233995736766e-17,0.0,10.438678741455078,1,1,2024
2024-03-31,Coastal Odisha,20.5,85.5,0.0,56,76,34.79002380371094,13,18,25.002674102783203,13,18,9.787349700927734,72.42530059814453,91,1.0,6.123233995736766e-17,0.0,9.787349700927734,1,1,2024
2024-04-01,Coastal Odisha,20.5,85.5,0.0,56,76,36.68710708618164,13,18,24.716411590576172,13,18,11.970695495605469,68.05860900878906,92,0.8660254037844387,-0.4999999999999998,0.0,11.970695495605469,1,1,2024
2024-04-02,Coastal Odisha,20.5,85.5,0.0,56,76,36.39731979370117,13,18,24.867351531982425,13,18,11.529968261718746,68.9400634765625,93,0.8660254037844387,-0.4999999999999998,0.0,11.529968261718746,1,1,2024
2024-04-03,Coastal Odisha,20.5,85.5,0.0,56,76,35.847591400146484,13,18,24.52064323425293,13,18,11.326948165893556,69.34610366821289,94,0.8660254037844387,-0.4999999999999998,0.0,11.326948165893556,1,1,2024
2024-04-04,Coastal Odisha,20.5,85.5,0.0,56,76,36.15531539916992,13,18,25.358989715576172,13,18,10.79632568359375,70.4073486328125,95,0.8660254037844387,-0.4999999999999998,0.0,10.79632568359375,1,1,2024
2024-04-05,Coastal Odisha,20.5,85.5,0.0,56,76,38.36929702758789,13,18,25.660545349121097,13,18,12.708751678466792,66.5824966430664,96,0.8660254037844387,-0.4999999999999998,0.0,12.708751678466792,1,1,2024
2024-04-06,Coastal Odisha,20.5,85.5,0.0,56,76,37.79835891723633,13,18,25.713462829589844,13,18,12.084896087646484,67.83020782470703,97,0.8660254037844387,-0.4999999999999998,0.0,12.084896087646484,1,1,2024
2024-04-07,Coastal Odisha,20.5,85.5,0.0,56,76,34.65993881225586,13,18,26.678050994873047,13,18,7.9818878173828125,76.03622436523438,98,0.8660254037844387,-0.4999999999999998,0.0,7.9818878173828125,1,1,2024
2024-04-08,Coastal Odisha,20.5,85.5,8.189823150634766,56,76,31.632335662841797,13,18,23.22824478149414,13,18,8.404090881347656,81.8461083148296,99,0.8660254037844387,-0.4999999999999998,2.218096692508306,8.404090881347656,1,1,2024
2024-04-09,Coastal Odisha,20.5,85.5,0.0,56,76,33.513763427734375,13,18,22.653154373168945,13,18,10.86060905456543,70.27878189086914,100,0.8660254037844387,-0.4999999999999998,0.0,10.86060905456543,1,1,2024
2024-04-10,Coastal Odisha,20.5,85.5,0.0,56,76,34.96335220336914,13,18,23.350933074951172,13,18,11.612419128417969,68.77516174316406,101,0.8660254037844387,-0.4999999999999998,0.0,11.612419128417969,1,1,2024
2024-04-11,Coastal Odisha,20.5,85.5,4.192605495452881,56,76,29.149839401245117,13,18,23.78374290466309,13,18,5.366096496582028,86.20951378719207,102,0.8660254037844387,-0.4999999999999998,1.6472355934520448,5.366096496582028,1,1,2024
2024-04-12,Coastal Odisha,20.5,85.5,0.3095235228538513,56,76,32.412288665771484,13,18,21.25934410095215,13,18,11.152944564819336,70.50310091447375,103,0.8660254037844387,-0.4999999999999998,0.2696633480374742,11.152944564819336,1,1,2024
2024-04-13,Coastal Odisha,20.5,85.5,0.0,56,76,35.50935745239258,13,18,21.621597290039062,13,18,13.887760162353516,64.22447967529297,104,0.8660254037844387,-0.4999999999999998,0.0,13.887760162353516,1,1,2024
2024-04-14,Coastal Odisha,20.5,85.5,0.0,56,76,36.89654922485352,13,18,24.432172775268555,13,18,12.464376449584968,67.07124710083006,105,0.8660254037844387,-0.4999999999999998,0.0,12.464376449584968,1,1,2024
2024-04-15,Coastal Odisha,20.5,85.5,0.0,56,76,38.25477600097656,13,18,25.042348861694336,13,18,13.212427139282228,65.57514572143555,106,0.8660254037844387,-0.4999999999999998,0.0,13.212427139282228,1,1,2024
2024-04-16,Coastal Odisha,20.5,85.5,0.0,56,76,38.40089797973633,13,18,27.23401641845703,13,18,11.166881561279297,69.6662368774414,107,0.8660254037844387,-0.4999999999999998,0.0,11.166881561279297,1,1,2024
2024-04-17,Coastal Odisha,20.5,85.5,0.0,56,76,38.36756134033203,13,18,26.204607009887695,13,18,12.162954330444336,67.67409133911133,108,0.8660254037844387,-0.4999999999999998,0.0,12.162954330444336,1,1,2024
2024-04-18,Coastal Odisha,20.5,85.5,0.0,56,76,39.375247955322266,13,18,25.007495880126953,13,18,14.367752075195312,63.264495849609375,109,0.8660254037844387,-0.4999999999999998,0.0,14.367752075195312,1,1,2024
2024-04-19,Coastal Odisha,20.5,85.5,0.0,56,76,39.05255126953125,13,18,25.20503616333008,13,18,13.847515106201168,64.30496978759766,110,0.8660254037844387,-0.4999999999999998,0.0,13.847515106201168,1,1,2024
2024-04-20,Coastal Odisha,20.5,85.5,0.0,56,76,39.04182052612305,13,18,25.962160110473633,13,18,13.079660415649414,65.84067916870117,111,0.8660254037844387,-0.4999999999999998,0.0,13.079660415649414,1,1,2024
2024-04-21,Coastal Odisha,20.5,85.5,0.0,56,76,39.08622360229492,13,18,26.21163558959961,13,18,12.874588012695312,66.25082397460938,112,0.8660254037844387,-0.4999999999999998,0.0,12.874588012695312,1,1,2024
2024-04-22,Coastal Odisha,20.5,85.5,0.0,56,76,37.962154388427734,13,18,26.967796325683594,13,18,10.99435806274414,70.01128387451172,113,0.8660254037844387,-0.4999999999999998,0.0,10.99435806274414,1,1,2024
2024-04-23,Coastal Odisha,20.5,85.5,0.0,56,76,38.636722564697266,13,18,25.68044090270996,13,18,12.956281661987305,66.08743667602539,114,0.8660254037844387,-0.4999999999999998,0.0,12.956281661987305,1,1,2024
2024-04-24,Coastal Odisha,20.5,85.5,0.0,56,76,39.54271697998047,13,18,25.843860626220703,13,18,13.698856353759766,64.60228729248047,115,0.8660254037844387,-0.4999999999999998,0.0,13.698856353759766,1,1,2024
2024-04-25,Coastal Odisha,20.5,85.5,0.0,56,76,39.45035934448242,13,18,25.02922821044922,13,18,14.421131134033203,63.157737731933594,116,0.8660254037844387,-0.4999999999999998,0.0,14.421131134033203,1,1,2024
2024-04-26,Coastal Odisha,20.5,85.5,0.0,56,76,39.369285583496094,13,18,26.52031135559082,13,18,12.848974227905272,66.30205154418945,117,0.8660254037844387,-0.4999999999999998,0.0,12.848974227905272,1,1,2024
2024-04-27,Coastal Odisha,20.5,85.5,0.0,56,76,40.27252197265625,13,18,26.24898338317871,13,18,14.02353858947754,63.95292282104492,118,0.8660254037844387,-0.4999999999999998,0.0,14.02353858947754,1,1,2024
2024-04-28,Coastal Odisha,20.5,85.5,0.0,56,76,39.16315841674805,13,18,26.001224517822266,13,18,13.16193389892578,65.67613220214844,119,0.8660254037844387,-0.4999999999999998,0.0,13.16193389892578,1,1,2024
2024-04-29,Coastal Odisha,20.5,85.5,0.0,56,76,38.981201171875,13,18,25.399452209472656,13,18,13.581748962402344,64.83650207519531,120,0.8660254037844387,-0.4999999999999998,0.0,13.581748962402344,1,1,2024
2024-04-30,Coastal Odisha,20.5,85.5,0.0,56,76,40.80649185180664,13,18,26.49432373046875,13,18,14.31216812133789,63.37566375732422,121,0.8660254037844387,-0.4999999999999998,0.0,14.31216812133789,1,1,2024
2024-05-01,Coastal Odisha,20.5,85.5,0.0,56,76,39.516849517822266,13,18,27.47268295288086,13,18,12.044166564941406,67.91166687011719,122,0.4999999999999999,-0.8660254037844387,0.0,12.044166564941406,1,1,2024
2024-05-02,Coastal Odisha,20.5,85.5,5.931471347808838,56,76,38.54499816894531,13,18,25.96010971069336,13,18,12.584888458251951,72.63843940259756,123,0.4999999999999999,-0.8660254037844387,1.9360721063671544,12.584888458251951,1,1,2024
2024-05-03,Coastal Odisha,20.5,85.5,0.0,56,76,38.77418899536133,13,18,25.368732452392575,13,18,13.405456542968754,65.1890869140625,124,0.4999999999999999,-0.8660254037844387,0.0,13.405456542968754,1,1,2024
2024-05-04,Coastal Odisha,20.5,85.5,0.0,56,76,38.41813659667969,13,18,25.65972328186035,13,18,12.758413314819336,66.48317337036133,125,0.4999999999999999,-0.8660254037844387,0.0,12.758413314819336,1,1,2024
2024-05-05,Coastal Odisha,20.5,85.5,0.0,56,76,39.000770568847656,13,18,26.082624435424805,13,18,12.918146133422852,66.1637077331543,126,0.4999999999999999,-0.8660254037844387,0.0,12.918146133422852,1,1,2024
2024-05-06,Coastal Odisha,20.5,85.5,0.0,56,76,38.20548248291016,13,18,28.01450538635254,13,18,10.190977096557624,71.61804580688475,127,0.4999999999999999,-0.8660254037844387,0.0,10.190977096557624,1,1,2024
2024-05-07,Coastal Odisha,20.5,85.5,0.7069070339202881,56,76,32.82282257080078,13,18,24.42374038696289,13,18,8.39908218383789,76.805884574286,128,0.4999999999999999,-0.8660254037844387,0.5346829806539274,8.39908218383789,1,1,2024
2024-05-08,Coastal Odisha,20.5,85.5,5.995373249053955,56,76,34.52824401855469,13,18,23.74934196472168,13,18,10.778902053833008,76.27794279063748,129,0.4999999999999999,-0.8660254037844387,1.9452489661011665,10.778902053833008,1,1,2024
2024-05-09,Coastal Odisha,20.5,85.5,15.155272483825684,56,76,34.316219329833984,13,18,23.520248413085938,13,18,10.795970916748049,78.7547975644313,130,0.4999999999999999,-0.8660254037844387,2.7822464659757955,10.795970916748049,1,1,2024
2024-05-10,Coastal Odisha,20.5,85.5,10.432045936584473,56,76,34.14589309692383,13,18,23.323375701904297,13,18,10.822517395019531,77.66422658655642,131,0.4999999999999999,-0.8660254037844387,2.436420458865161,10.822517395019531,1,1,2024
2024-05-11,Coastal Odisha,20.5,85.5,0.1287906914949417,56,76,35.95240783691406,13,18,24.93299674987793,13,18,11.019411087036133,70.32461845137821,132,0.4999999999999999,-0.8660254037844387,0.1211468751501603,11.019411087036133,1,1,2024
2024-05-12,Coastal Odisha,20.5,85.5,37.50674057006836,56,76,34.67504119873047,13,18,22.33818244934082,13,18,12.336858749389648,78.27878241835401,133,0.4999999999999999,-0.8660254037844387,3.650833305711104,12.336858749389648,1,1,2024
2024-05-13,Coastal Odisha,20.5,85.5,3.7101683616638184,56,76,34.440425872802734,13,18,23.414043426513672,13,18,11.026382446289062,74.59640606631882,134,0.4999999999999999,-0.8660254037844387,1.5497236529656508,11.026382446289062,1,1,2024
2024-05-14,Coastal Odisha,20.5,85.5,2.2860348224639893,56,76,35.26936340332031,13,18,23.883440017700195,13,18,11.385923385620115,72.7971980790957,135,0.4999999999999999,-0.8660254037844387,1.189681616778643,11.385923385620115,1,1,2024
2024-05-15,Coastal Odisha,20.5,85.5,0.0,56,76,35.791778564453125,13,18,25.16712188720703,13,18,10.624656677246094,70.75068664550781,136,0.4999999999999999,-0.8660254037844387,0.0,10.624656677246094,1,1,2024
2024-05-16,Coastal Odisha,20.5,85.5,0.467709332704544,56,76,36.13859558105469,13,18,26.800498962402344,13,18,9.338096618652344,74.4749154877226,137,0.4999999999999999,-0.8660254037844387,0.3837029083424303,9.338096618652344,1,1,2024
2024-05-17,Coastal Odisha,20.5,85.5,0.0,56,76,36.40708923339844,13,18,27.192590713500977,13,18,9.21449851989746,73.57100296020508,138,0.4999999999999999,-0.8660254037844387,0.0,9.21449851989746,1,1,2024
2024-05-18,Coastal Odisha,20.5,85.5,0.0,56,76,36.25153732299805,13,18,26.82196998596191,13,18,9.429567337036136,73.14086532592773,139,0.4999999999999999,-0.8660254037844387,0.0,9.429567337036136,1,1,2024
2024-05-19,Coastal Odisha,20.5,85.5,0.0,56,76,36.23223876953125,13,18,26.608646392822266,13,18,9.623592376708984,72.75281524658203,140,0.4999999999999999,-0.8660254037844387,0.0,9.623592376708984,1,1,2024
2024-05-20,Coastal Odisha,20.5,85.5,3.101471185684204,56,76,38.030277252197266,13,18,26.78648567199707,13,18,11.243791580200195,73.74645404497258,141,0.4999999999999999,-0.8660254037844387,1.4113457351243244,11.243791580200195,1,1,2024
2024-05-21,Coastal Odisha,20.5,85.5,0.2575813829898834,56,76,35.90555953979492,13,18,24.559236526489254,13,18,11.346323013305668,69.99492499033178,142,0.4999999999999999,-0.8660254037844387,0.2291903389810387,11.346323013305668,1,1,2024
2024-05-22,Coastal Odisha,20.5,85.5,0.0,56,76,36.45048141479492,13,18,27.039730072021484,13,18,9.410751342773438,73.17849731445312,143,0.4999999999999999,-0.8660254037844387,0.0,9.410751342773438,1,1,2024
2024-05-23,Coastal Odisha,20.5,85.5,0.0,56,76,35.765140533447266,13,18,26.31214904785156,13,18,9.452991485595708,73.0940170288086,144,0.4999999999999999,-0.8660254037844387,0.0,9.452991485595708,1,1,2024
2024-05-24,Coastal Odisha,20.5,85.5,0.0,56,76,35.10853576660156,13,18,26.391393661499023,13,18,8.717142105102539,74.56571578979492,145,0.4999999999999999,-0.8660254037844387,0.0,8.717142105102539,1,1,2024
2024-05-25,Coastal Odisha,20.5,85.5,0.0,56,76,36.186317443847656,13,18,26.396448135375977,13,18,9.78986930847168,72.42026138305664,146,0.4999999999999999,-0.8660254037844387,0.0,9.78986930847168,1,1,2024
2024-05-26,Coastal Odisha,20.5,85.5,1.9444692134857176,56,76,33.15641403198242,13,18,26.894407272338867,13,18,6.262006759643555,82.71577218395629,147,0.4999999999999999,-0.8660254037844387,1.0799285677478003,6.262006759643555,1,1,2024
2024-05-27,Coastal Odisha,20.5,85.5,6.846554756164551,56,76,35.35871505737305,13,18,26.714813232421875,13,18,8.643901824951172,80.89242000277147,148,0.4999999999999999,-0.8660254037844387,2.0600745508912723,8.643901824951172,1,1,2024
2024-05-28,Coastal Odisha,20.5,85.5,0.0,56,76,37.4527702331543,13,18,28.455810546875,13,18,8.996959686279297,74.0060806274414,149,0.4999999999999999,-0.8660254037844387,0.0,8.996959686279297,1,1,2024
2024-05-29,Coastal Odisha,20.5,85.5,0.0,56,76,38.96907424926758,13,18,29.678192138671875,13,18,9.290882110595703,73.4182357788086,150,0.4999999999999999,-0.8660254037844387,0.0,9.290882110595703,1,1,2024
2024-05-30,Coastal Odisha,20.5,85.5,0.0,56,76,38.26237106323242,13,18,29.33427047729492,13,18,8.928100585937504,74.143798828125,151,0.4999999999999999,-0.8660254037844387,0.0,8.928100585937504,1,1,2024
2024-05-31,Coastal Odisha,20.5,85.5,0.0,56,76,35.506717681884766,13,18,28.94639587402344,13,18,6.560321807861325,78.87935638427734,152,0.4999999999999999,-0.8660254037844387,0.0,6.560321807861325,1,1,2024
2024-06-01,Coastal Odisha,20.5,85.5,0.0,56,76,36.68129348754883,13,18,26.516477584838867,13,18,10.16481590270996,71.67036819458008,153,1.2246467991473532e-16,-1.0,0.0,10.16481590270996,1,1,2024
2024-06-02,Coastal Odisha,20.5,85.5,0.8371394276618958,56,76,36.331932067871094,13,18,26.453882217407227,13,18,9.878049850463867,74.06852940808845,154,1.2246467991473532e-16,-1.0,0.6082097030053936,9.878049850463867,1,1,2024
2024-06-03,Coastal Odisha,20.5,85.5,42.66892623901367,56,76,35.25907897949219,13,18,23.886072158813477,13,18,11.373006820678713,80.58389669602022,155,1.2246467991473532e-16,-1.0,3.776636779125878,11.373006820678713,1,1,2024
2024-06-04,Coastal Odisha,20.5,85.5,0.0,56,76,36.62343978881836,13,18,25.81035041809082,13,18,10.81308937072754,70.37382125854492,156,1.2246467991473532e-16,-1.0,0.0,10.81308937072754,1,1,2024
2024-06-05,Coastal Odisha,20.5,85.5,0.0,56,76,36.363468170166016,13,18,24.79149627685547,13,18,11.571971893310549,68.8560562133789,157,1.2246467991473532e-16,-1.0,0.0,11.571971893310549,1,1,2024
2024-06-06,Coastal Odisha,20.5,85.5,0.0,56,76,36.55836486816406,13,18,26.37273406982422,13,18,10.185630798339844,71.62873840332031,158,1.2246467991473532e-16,-1.0,0.0,10.185630798339844,1,1,2024
2024-06-07,Coastal Odisha,20.5,85.5,0.0,56,76,36.94597244262695,13,18,26.64089584350586,13,18,10.305076599121094,71.38984680175781,159,1.2246467991473532e-16,-1.0,0.0,10.305076599121094,1,1,2024
2024-06-08,Coastal Odisha,20.5,85.5,0.8693371415138245,56,76,37.23763275146485,13,18,25.852354049682617,13,18,11.385278701782234,71.10619429118113,160,1.2246467991473532e-16,-1.0,0.6255838982485296,11.385278701782234,1,1,2024
2024-06-09,Coastal Odisha,20.5,85.5,0.0,56,76,37.46735382080078,13,18,26.865467071533203,13,18,10.601886749267578,70.79622650146484,161,1.2246467991473532e-16,-1.0,0.0,10.601886749267578,1,1,2024
2024-06-10,Coastal Odisha,20.5,85.5,0.0,56,76,37.77577590942383,13,18,28.20975112915039,13,18,9.566024780273438,72.86795043945312,162,1.2246467991473532e-16,-1.0,0.0,9.566024780273438,1,1,2024
2024-06-11,Coastal Odisha,20.5,85.5,0.0,56,76,37.53891372680664,13,18,27.61817741394043,13,18,9.920736312866213,72.15852737426758,163,1.2246467991473532e-16,-1.0,0.0,9.920736312866213,1,1,2024
2024-06-12,Coastal Odisha,20.5,85.5,0.0,56,76,37.212623596191406,13,18,27.396221160888672,13,18,9.816402435302734,72.36719512939453,164,1.2246467991473532e-16,-1.0,0.0,9.816402435302734,1,1,2024
2024-06-13,Coastal Odisha,20.5,85.5,0.0,56,76,36.61221694946289,13,18,28.25881576538086,13,18,8.353401184082031,75.29319763183594,165,1.2246467991473532e-16,-1.0,0.0,8.353401184082031,1,1,2024
2024-06-14,Coastal Odisha,20.5,85.5,11.041631698608398,56,76,36.17021942138672,13,18,26.803665161132812,13,18,9.366554260253906,80.73200134100762,166,1.2246467991473532e-16,-1.0,2.4883699538384763,9.366554260253906,1,1,2024
2024-06-15,Coastal Odisha,20.5,85.5,0.0,56,76,38.23886489868164,13,18,27.973295211791992,13,18,10.265569686889648,71.4688606262207,167,1.2246467991473532e-16,-1.0,0.0,10.265569686889648,1,1,2024
2024-06-16,Coastal Odisha,20.5,85.5,5.055034637451172,56,76,36.01231384277344,13,18,25.318058013916016,13,18,10.694255828857422,76.01415863466387,168,1.2246467991473532e-16,-1.0,1.8008900974595727,10.694255828857422,1,1,2024
2024-06-17,Coastal Odisha,20.5,85.5,0.0,56,76,38.0046272277832,13,18,27.82195281982422,13,18,10.182674407958984,71.63465118408203,169,1.2246467991473532e-16,-1.0,0.0,10.182674407958984,1,1,2024
2024-06-18,Coastal Odisha,20.5,85.5,0.2251120656728744,56,76,36.93771743774414,13,18,28.06816864013672,13,18,8.869548797607422,74.86999937076833,170,1.2246467991473532e-16,-1.0,0.2030323219943889,8.869548797607422,1,1,2024
2024-06-19,Coastal Odisha,20.5,85.5,11.156092643737791,56,76,36.58062744140625,13,18,27.311975479125977,13,18,9.268651962280272,80.95618756422223,171,1.2246467991473532e-16,-1.0,2.4978304962609275,9.268651962280272,1,1,2024
2024-06-20,Coastal Odisha,20.5,85.5,0.0,56,76,36.59600830078125,13,18,27.17099380493164,13,18,9.42501449584961,73.14997100830078,172,1.2246467991473532e-16,-1.0,0.0,9.42501449584961,1,1,2024
2024-06-21,Coastal Odisha,20.5,85.5,12.228907585144045,56,76,33.72456359863281,13,18,25.369707107543945,13,18,8.354856491088867,83.03750022885606,173,1.2246467991473532e-16,-1.0,2.5824044036779337,8.354856491088867,1,1,2024
2024-06-22,Coastal Odisha,20.5,85.5,0.0,56,76,33.31291580200195,13,18,25.36368751525879,13,18,7.949228286743164,76.10154342651367,174,1.2246467991473532e-16,-1.0,0.0,7.949228286743164,1,1,2024
2024-06-23,Coastal Odisha,20.5,85.5,3.5899603366851807,56,76,33.762123107910156,13,18,25.90880966186523,13,18,7.853313446044925,80.86498725628033,175,1.2246467991473532e-16,-1.0,1.5238713827900594,7.853313446044925,1,1,2024
2024-06-24,Coastal Odisha,20.5,85.5,0.0,56,76,34.99268341064453,13,18,25.976713180541992,13,18,9.01597023010254,73.96805953979492,176,1.2246467991473532e-16,-1.0,0.0,9.01597023010254,1,1,2024
2024-06-25,Coastal Odisha,20.5,85.5,0.0,56,76,35.47151184082031,13,18,26.99587631225586,13,18,8.475635528564453,75.0487289428711,177,1.2246467991473532e-16,-1.0,0.0,8.475635528564453,1,1,2024
2024-06-26,Coastal Odisha,20.5,85.5,34.65678787231445,56,76,35.21894073486328,13,18,26.27166748046875,13,18,8.947273254394531,84.82727208687014,178,1.2246467991473532e-16,-1.0,3.5739395318864013,8.947273254394531,1,1,2024
2024-06-27,Coastal Odisha,20.5,85.5,2.754995346069336,56,76,34.202667236328125,13,18,25.92428398132324,13,18,8.278383255004886,79.41249462744928,179,1.2246467991473532e-16,-1.0,1.3230870458196804,8.278383255004886,1,1,2024
2024-06-28,Coastal Odisha,20.5,85.5,32.282833099365234,56,76,32.8762092590332,13,18,25.98719024658203,13,18,6.889019012451172,88.7370871996498,180,1.2246467991473532e-16,-1.0,3.5050417415173816,6.889019012451172,1,1,2024
2024-06-29,Coastal Odisha,20.5,85.5,3.507399320602417,56,76,31.532453536987305,13,18,26.119638442993164,13,18,5.412815093994141,85.69153083163084,181,1.2246467991473532e-16,-1.0,1.5057203398730423,5.412815093994141,1,1,2024
2024-06-30,Coastal Odisha,20.5,85.5,23.17515563964844,56,76,32.17678451538086,13,18,25.320106506347656,13,18,6.856678009033203,87.84262042001339,182,1.2246467991473532e-16,-1.0,3.1853254793599346,6.856678009033203,1,1,2024
2024-07-01,Coastal Odisha,20.5,85.5,3.79416561126709,56,76,31.633514404296875,13,18,25.990034103393555,13,18,5.64348030090332,85.41523844102755,183,-0.4999999999999998,-0.8660254037844388,1.5673996809447317,5.64348030090332,1,1,2024
2024-07-02,Coastal Odisha,20.5,85.5,0.0,56,76,30.629472732543945,13,18,25.59626007080078,13,18,5.033212661743164,81.93357467651367,184,-0.4999999999999998,-0.8660254037844388,0.0,5.033212661743164,1,1,2024
2024-07-03,Coastal Odisha,20.5,85.5,7.61737871170044,56,76,29.75875663757324,13,18,25.51403045654297,13,18,4.24472618103027,89.97189047191785,185,-0.4999999999999998,-0.8660254037844388,2.153780944659465,4.24472618103027,1,1,2024
2024-07-04,Coastal Odisha,20.5,85.5,2.7001097202301025,56,76,30.801868438720703,13,18,25.74393081665039,13,18,5.0579376220703125,85.80921217583962,186,-0.4999999999999998,-0.8660254037844388,1.308362473326748,5.0579376220703125,1,1,2024
2024-07-05,Coastal Odisha,20.5,85.5,4.678640842437744,56,76,32.60411071777344,13,18,24.631122589111328,13,18,7.972988128662109,81.26415949006328,187,-0.4999999999999998,-0.8660254037844388,1.736711915795832,7.972988128662109,1,1,2024
2024-07-06,Coastal Odisha,20.5,85.5,0.0,56,76,32.03364181518555,13,18,25.33370018005371,13,18,6.699941635131836,78.60011672973633,188,-0.4999999999999998,-0.8660254037844388,0.0,6.699941635131836,1,1,2024
2024-07-07,Coastal Odisha,20.5,85.5,0.0,56,76,34.01656723022461,13,18,25.478090286254883,13,18,8.538476943969727,74.92304611206055,189,-0.4999999999999998,-0.8660254037844388,0.0,8.538476943969727,1,1,2024
2024-07-08,Coastal Odisha,20.5,85.5,24.05885124206543,56,76,33.305931091308594,13,18,25.3580379486084,13,18,7.947893142700195,85.76789503894929,190,-0.4999999999999998,-0.8660254037844388,3.221227108116562,7.947893142700195,1,1,2024
2024-07-09,Coastal Odisha,20.5,85.5,0.5938392281532288,56,76,33.99761962890625,13,18,25.851009368896484,13,18,8.146610260009766,77.10521662392941,191,-0.4999999999999998,-0.8660254037844388,0.4661457146496472,8.146610260009766,1,1,2024
2024-07-10,Coastal Odisha,20.5,85.5,0.0,56,76,35.09494400024414,13,18,26.354015350341797,13,18,8.740928649902344,74.51814270019531,192,-0.4999999999999998,-0.8660254037844388,0.0,8.740928649902344,1,1,2024
2024-07-11,Coastal Odisha,20.5,85.5,0.0,56,76,35.206199645996094,13,18,27.16715431213379,13,18,8.039045333862305,75.92190933227539,193,-0.4999999999999998,-0.8660254037844388,0.0,8.039045333862305,1,1,2024
2024-07-12,Coastal Odisha,20.5,85.5,5.559811592102051,56,76,31.92732810974121,13,18,26.58457946777344,13,18,5.34274864196777,86.95738836154665,194,-0.4999999999999998,-0.8660254037844388,1.8809618818273992,5.34274864196777,1,1,2024
2024-07-13,Coastal Odisha,20.5,85.5,10.14975643157959,56,76,33.27955627441406,13,18,25.436866760253903,13,18,7.84268951416016,83.54887393057813,195,-0.4999999999999998,-0.8660254037844388,2.411417652966146,7.84268951416016,1,1,2024
2024-07-14,Coastal Odisha,20.5,85.5,0.66803377866745,56,76,32.89289855957031,13,18,25.355131149291992,13,18,7.53776741027832,78.45940184363688,196,-0.4999999999999998,-0.8660254037844388,0.5116455547311766,7.53776741027832,1,1,2024
2024-07-15,Coastal Odisha,20.5,85.5,8.184161186218262,56,76,32.10892105102539,13,18,25.03401756286621,13,18,7.07490348815918,84.50263419424378,197,-0.4999999999999998,-0.8660254037844388,2.217480390187381,7.07490348815918,1,1,2024
2024-07-16,Coastal Odisha,20.5,85.5,10.115974426269531,56,76,32.90780258178711,13,18,25.967220306396484,13,18,6.940582275390625,85.34398508298118,198,-0.4999999999999998,-0.8660254037844388,2.408383211254143,6.940582275390625,1,1,2024
2024-07-17,Coastal Odisha,20.5,85.5,13.55012035369873,56,76,33.4459114074707,13,18,26.099668502807617,13,18,7.346242904663086,85.34031198661931,199,-0.4999999999999998,-0.8660254037844388,2.6775992653151626,7.346242904663086,1,1,2024
2024-07-18,Coastal Odisha,20.5,85.5,5.579325199127197,56,76,33.14509582519531,13,18,26.03089141845703,13,18,7.114204406738281,83.42338774678586,200,-0.4999999999999998,-0.8660254037844388,1.88393218675414,7.114204406738281,1,1,2024
2024-07-19,Coastal Odisha,20.5,85.5,12.654458045959473,56,76,32.4586067199707,13,18,26.00815200805664,13,18,6.4504547119140625,86.9412887714222,201,-0.4999999999999998,-0.8660254037844388,2.6140660650834397,6.4504547119140625,1,1,2024
2024-07-20,Coastal Odisha,20.5,85.5,15.601112365722656,56,76,31.843402862548828,13,18,25.51803398132324,13,18,6.3253688812255895,87.777671346851,202,-0.4999999999999998,-0.8660254037844388,2.8094697031007216,6.3253688812255895,1,1,2024
2024-07-21,Coastal Odisha,20.5,85.5,21.551856994628903,56,76,31.377952575683594,13,18,25.69414710998535,13,18,5.683805465698242,89.97984130656106,203,-0.4999999999999998,-0.8660254037844388,3.1158174126525124,5.683805465698242,1,1,2024
2024-07-22,Coastal Odisha,20.5,85.5,0.0,56,76,30.12314796447754,13,18,25.260663986206055,13,18,4.862483978271484,82.27503204345703,204,-0.4999999999999998,-0.8660254037844388,0.0,4.862483978271484,1,1,2024
2024-07-23,Coastal Odisha,20.5,85.5,18.34805679321289,56,76,29.13849639892578,13,18,25.05221176147461,13,18,4.086284637451172,92.7152066960264,205,-0.4999999999999998,-0.8660254037844388,2.962591990309586,4.086284637451172,1,1,2024
2024-07-24,Coastal Odisha,20.5,85.5,21.649415969848633,56,76,29.966716766357425,13,18,25.052040100097656,13,18,4.914676666259769,91.53104886728336,206,-0.4999999999999998,-0.8660254037844388,3.120134066600959,4.914676666259769,1,1,2024
2024-07-25,Coastal Odisha,20.5,85.5,1.2685741186141968,56,76,29.25598907470703,13,18,24.603330612182617,13,18,4.652658462524414,85.15213755260143,207,-0.4999999999999998,-0.8660254037844388,0.8191514925500878,4.652658462524414,1,1,2024
2024-07-26,Coastal Odisha,20.5,85.5,3.660449743270874,56,76,30.15548324584961,13,18,25.10314559936523,13,18,5.0523376464843786,86.51266057176768,208,-0.4999999999999998,-0.8660254037844388,1.539111954912144,5.0523376464843786,1,1,2024
2024-07-27,Coastal Odisha,20.5,85.5,9.139174461364746,56,76,30.27674674987793,13,18,25.199678421020508,13,18,5.077068328857422,88.79508308463157,209,-0.4999999999999998,-0.8660254037844388,2.316406580782139,5.077068328857422,1,1,2024
2024-07-28,Coastal Odisha,20.5,85.5,6.346461296081543,56,76,31.56044006347656,13,18,25.39271354675293,13,18,6.167726516723629,85.64720318946874,210,-0.4999999999999998,-0.8660254037844388,1.9942187409720031,6.167726516723629,1,1,2024
2024-07-29,Coastal Odisha,20.5,85.5,18.103891372680664,56,76,30.927513122558594,13,18,25.610897064208984,13,18,5.316616058349609,90.21644403657264,211,-0.4999999999999998,-0.8660254037844388,2.9498920510906266,5.316616058349609,1,1,2024
2024-07-30,Coastal Odisha,20.5,85.5,26.336912155151367,56,76,31.077369689941406,13,18,25.53759002685547,13,18,5.5397796630859375,90.84515432142044,212,-0.4999999999999998,-0.8660254037844388,3.308237882530769,5.5397796630859375,1,1,2024
2024-07-31,Coastal Odisha,20.5,85.5,5.5970778465271,56,76,30.872833251953125,13,18,26.518695831298828,13,18,4.354137420654297,88.95160556008109,213,-0.4999999999999998,-0.8660254037844388,1.8866268004632285,4.354137420654297,1,1,2024
2024-08-01,Coastal Odisha,20.5,85.5,15.86692237854004,56,76,29.71025657653809,13,18,25.172948837280273,13,18,4.537307739257816,91.40144786636456,214,-0.8660254037844384,-0.5000000000000004,2.825354448293393,4.537307739257816,1,1,2024
2024-08-02,Coastal Odisha,20.5,85.5,6.070961952209473,56,76,29.385990142822266,13,18,24.847314834594727,13,18,4.538675308227539,88.79063897890258,215,-0.8660254037844384,-0.5000000000000004,1.9559965317858865,4.538675308227539,1,1,2024
2024-08-03,Coastal Odisha,20.5,85.5,5.039368629455566,56,76,30.584686279296875,13,18,24.31934928894043,13,18,6.265336990356445,84.86422444409459,216,-0.8660254037844384,-0.5000000000000004,1.798299474935829,6.265336990356445,1,1,2024
2024-08-04,Coastal Odisha,20.5,85.5,1.9371076822280884,56,76,32.93781661987305,13,18,24.950559616088867,13,18,7.98725700378418,79.25776193912614,217,-0.8660254037844384,-0.5000000000000004,1.0774253155648337,7.98725700378418,1,1,2024
2024-08-05,Coastal Odisha,20.5,85.5,11.429377555847168,56,76,31.978195190429688,13,18,24.949254989624023,13,18,7.028940200805664,85.50230808332223,218,-0.8660254037844384,-0.5000000000000004,2.520062828311188,7.028940200805664,1,1,2024
2024-08-06,Coastal Odisha,20.5,85.5,22.911849975585938,56,76,31.12277603149414,13,18,25.024951934814453,13,18,6.0978240966796875,89.32747425946049,219,-0.8660254037844384,-0.5000000000000004,3.174374150939955,6.0978240966796875,1,1,2024
2024-08-07,Coastal Odisha,20.5,85.5,27.47433090209961,56,76,30.354965209960938,13,18,24.103256225585938,13,18,6.251708984375,89.54359106522745,220,-0.8660254037844384,-0.5000000000000004,3.349003011325813,6.251708984375,1,1,2024
2024-08-08,Coastal Odisha,20.5,85.5,6.549640655517578,56,76,31.615169525146484,13,18,24.55108642578125,13,18,7.064083099365234,83.9363337017672,221,-0.8660254037844384,-0.5000000000000004,2.021499966832556,7.064083099365234,1,1,2024
2024-08-09,Coastal Odisha,20.5,85.5,5.300826072692871,56,76,31.498010635375977,13,18,25.21299743652344,13,18,6.2850131988525355,84.9520158446489,222,-0.8660254037844384,-0.5000000000000004,1.8406807474513256,6.2850131988525355,1,1,2024
2024-08-10,Coastal Odisha,20.5,85.5,1.424288988113403,56,76,32.904483795166016,13,18,25.631328582763672,13,18,7.273155212402344,80.11030441705446,223,-0.8660254037844384,-0.5000000000000004,0.8855382806197166,7.273155212402344,1,1,2024
2024-08-11,Coastal Odisha,20.5,85.5,13.431356430053713,56,76,33.16203308105469,13,18,25.52600860595703,13,18,7.636024475097656,84.73616115699883,224,-0.8660254037844384,-0.5000000000000004,2.669403369064714,7.636024475097656,1,1,2024
2024-08-12,Coastal Odisha,20.5,85.5,0.0,56,76,32.97739028930664,13,18,25.449792861938477,13,18,7.527597427368164,76.94480514526367,225,-0.8660254037844384,-0.5000000000000004,0.0,7.527597427368164,1,1,2024
2024-08-13,Coastal Odisha,20.5,85.5,0.0,56,76,34.126949310302734,13,18,26.17281913757324,13,18,7.954130172729496,76.09173965454102,226,-0.8660254037844384,-0.5000000000000004,0.0,7.954130172729496,1,1,2024
2024-08-14,Coastal Odisha,20.5,85.5,1.1591161489486694,56,76,31.93713760375977,13,18,25.360681533813477,13,18,6.576456069946293,81.15618470306742,227,-0.8660254037844384,-0.5000000000000004,0.7696989476533355,6.576456069946293,1,1,2024
2024-08-15,Coastal Odisha,20.5,85.5,0.0,56,76,32.60729217529297,13,18,25.70088768005371,13,18,6.906404495239258,78.18719100952148,228,-0.8660254037844384,-0.5000000000000004,0.0,6.906404495239258,1,1,2024
2024-08-16,Coastal Odisha,20.5,85.5,46.91119766235352,56,76,30.44322204589844,13,18,24.481163024902344,13,18,5.962059020996097,91.68392970426736,229,-0.8660254037844384,-0.5000000000000004,3.869349248753183,5.962059020996097,1,1,2024
2024-08-17,Coastal Odisha,20.5,85.5,9.579706192016602,56,76,33.506187438964844,13,18,24.800474166870117,13,18,8.705713272094727,81.66538642355195,230,-0.8660254037844384,-0.5000000000000004,2.3589376559138,8.705713272094727,1,1,2024
2024-08-18,Coastal Odisha,20.5,85.5,12.314300537109377,56,76,32.24948501586914,13,18,25.731924057006836,13,18,6.517560958862305,86.73139414008885,231,-0.8660254037844384,-0.5000000000000004,2.588838685937819,6.517560958862305,1,1,2024
2024-08-19,Coastal Odisha,20.5,85.5,11.073575973510742,56,76,32.754878997802734,13,18,24.903942108154297,13,18,7.850936889648437,83.77118400305447,232,-0.8660254037844384,-0.5000000000000004,2.491019260783782,7.850936889648437,1,1,2024
2024-08-20,Coastal Odisha,20.5,85.5,0.0,56,76,33.40730667114258,13,18,25.06825256347656,13,18,8.33905410766602,75.32189178466797,233,-0.8660254037844384,-0.5000000000000004,0.0,8.33905410766602,1,1,2024
2024-08-21,Coastal Odisha,20.5,85.5,0.1287906914949417,56,76,33.83788299560547,13,18,25.825334548950195,13,18,8.012548446655273,76.33834373213993,234,-0.8660254037844384,-0.5000000000000004,0.1211468751501603,8.012548446655273,1,1,2024
2024-08-22,Coastal Odisha,20.5,85.5,1.191313862800598,56,76,31.436145782470703,13,18,25.006288528442383,13,18,6.42985725402832,81.4937893958128,235,-0.8660254037844384,-0.5000000000000004,0.7845013012898127,6.42985725402832,1,1,2024
2024-08-23,Coastal Odisha,20.5,85.5,2.8038008213043213,56,76,30.466297149658203,13,18,24.830509185791016,13,18,5.6357879638671875,84.73642642121223,236,-0.8660254037844384,-0.5000000000000004,1.3360007829821996,5.6357879638671875,1,1,2024
2024-08-24,Coastal Odisha,20.5,85.5,5.009215354919434,56,76,30.265064239501953,13,18,24.52704811096191,13,18,5.738016128540043,85.90385029323416,237,-0.8660254037844384,-0.5000000000000004,1.7932941834380784,5.738016128540043,1,1,2024
2024-08-25,Coastal Odisha,20.5,85.5,16.404870986938477,56,76,30.428855895996097,13,18,24.485109329223633,13,18,5.9437465667724645,88.68275719292158,238,-0.8660254037844384,-0.5000000000000004,2.8567501088221685,5.9437465667724645,1,1,2024
2024-08-26,Coastal Odisha,20.5,85.5,11.825383186340332,56,76,31.706636428833008,13,18,24.84839630126953,13,18,6.858240127563477,85.93779855093618,239,-0.8660254037844384,-0.5000000000000004,2.5514262686877114,6.858240127563477,1,1,2024
2024-08-27,Coastal Odisha,20.5,85.5,64.02299499511719,56,76,30.83945655822754,13,18,24.47283935546875,13,18,6.366617202758789,91.79098852395164,240,-0.8660254037844384,-0.5000000000000004,4.1747409764897325,6.366617202758789,1,1,2024
2024-08-28,Coastal Odisha,20.5,85.5,12.173233032226562,56,76,31.690563201904297,13,18,24.74510955810547,13,18,6.945453643798828,85.84365362309882,241,-0.8660254037844384,-0.5000000000000004,2.5781869702321583,6.945453643798828,1,1,2024
2024-08-29,Coastal Odisha,20.5,85.5,2.3771767616271973,56,76,30.585824966430664,13,18,24.20627784729004,13,18,6.379547119140625,82.89202601021206,242,-0.8660254037844384,-0.5000000000000004,1.217040082831106,6.379547119140625,1,1,2024
2024-08-30,Coastal Odisha,20.5,85.5,1.3677994012832642,56,76,32.64386749267578,13,18,24.757492065429688,13,18,7.886375427246094,78.81313214892046,243,-0.8660254037844384,-0.5000000000000004,0.8619610011375513,7.886375427246094,1,1,2024
2024-08-31,Coastal Odisha,20.5,85.5,3.3304309844970703,56,76,32.04346466064453,13,18,25.00078392028809,13,18,7.042680740356442,82.31163973404826,244,-0.8660254037844384,-0.5000000000000004,1.4656670715870486,7.042680740356442,1,1,2024
2024-09-01,Coastal Odisha,20.5,85.5,7.898916244506836,56,76,31.94483757019043,13,18,25.351730346679688,13,18,6.593107223510742,85.37157405010859,245,-1.0,-1.8369701987210294e-16,2.185929499043361,6.593107223510742,1,1,2024
2024-09-02,Coastal Odisha,20.5,85.5,5.498956680297852,56,76,32.8318977355957,13,18,25.38639259338379,13,18,7.445505142211914,82.72391467546105,246,-1.0,-1.8369701987210294e-16,1.8716416532949591,7.445505142211914,1,1,2024
2024-09-03,Coastal Odisha,20.5,85.5,0.1266255378723144,56,76,33.423561096191406,13,18,25.39043426513672,13,18,8.033126831054688,76.29142708383095,247,-1.0,-1.8369701987210294e-16,0.1192269153134413,8.033126831054688,1,1,2024
2024-09-04,Coastal Odisha,20.5,85.5,0.0,56,76,33.513572692871094,13,18,25.380544662475582,13,18,8.133028030395511,75.73394393920898,248,-1.0,-1.8369701987210294e-16,0.0,8.133028030395511,1,1,2024
2024-09-05,Coastal Odisha,20.5,85.5,0.9808197617530824,56,76,34.1093635559082,13,18,25.76774024963379,13,18,8.341623306274414,77.36728572778351,249,-1.0,-1.8369701987210294e-16,0.6835107801107777,8.341623306274414,1,1,2024
2024-09-06,Coastal Odisha,20.5,85.5,0.0,56,76,34.01319885253906,13,18,25.565004348754883,13,18,8.44819450378418,75.10361099243164,250,-1.0,-1.8369701987210294e-16,0.0,8.44819450378418,1,1,2024
2024-09-07,Coastal Odisha,20.5,85.5,6.831451416015625,56,76,33.51971435546875,13,18,25.525394439697266,13,18,7.994319915771484,82.18580374502096,251,-1.0,-1.8369701987210294e-16,2.0581478588546447,7.994319915771484,1,1,2024
2024-09-08,Coastal Odisha,20.5,85.5,52.052589416503906,56,76,32.69082260131836,13,18,25.240631103515625,13,18,7.450191497802734,89.01346802860242,252,-1.0,-1.8369701987210294e-16,3.971283674735961,7.450191497802734,1,1,2024
2024-09-09,Coastal Odisha,20.5,85.5,18.54284286499023,56,76,30.74685287475586,13,18,25.096105575561523,13,18,5.650747299194336,89.61633277823212,253,-1.0,-1.8369701987210294e-16,2.9726091255402647,5.650747299194336,1,1,2024
2024-09-10,Coastal Odisha,20.5,85.5,10.641158103942873,56,76,31.8665828704834,13,18,24.99559211730957,13,18,6.870990753173828,85.62165928611243,254,-1.0,-1.8369701987210294e-16,2.454546930820028,6.870990753173828,1,1,2024
2024-09-11,Coastal Odisha,20.5,85.5,1.5776859521865845,56,76,33.178165435791016,13,18,25.730892181396484,13,18,7.447273254394531,79.94612972732588,255,-1.0,-1.8369701987210294e-16,0.9468920787049828,7.447273254394531,1,1,2024
2024-09-12,Coastal Odisha,20.5,85.5,1.794255256652832,56,76,32.6568489074707,13,18,25.764209747314453,13,18,6.89263916015625,81.29741852625075,256,-1.0,-1.8369701987210294e-16,1.027565615521085,6.89263916015625,1,1,2024
2024-09-13,Coastal Odisha,20.5,85.5,0.5151627659797668,56,76,32.360595703125,13,18,25.851810455322266,13,18,6.508785247802734,80.22899811283676,257,-1.0,-1.8369701987210294e-16,0.4155228694807427,6.508785247802734,1,1,2024
2024-09-14,Coastal Odisha,20.5,85.5,5.66679048538208,56,76,30.230356216430664,13,18,24.58525276184082,13,18,5.645103454589844,86.40120876338247,258,-1.0,-1.8369701987210294e-16,1.897138557520721,5.645103454589844,1,1,2024
2024-09-15,Coastal Odisha,20.5,85.5,45.47309494018555,56,76,30.40949058532715,13,18,23.819185256958008,13,18,6.590305328369141,90.33600996836437,259,-1.0,-1.8369701987210294e-16,3.8388735417008752,6.590305328369141,1,1,2024
2024-09-16,Coastal Odisha,20.5,85.5,22.077146530151367,56,76,30.202407836914062,13,18,23.953960418701172,13,18,6.248447418212891,88.91963356393725,260,-1.0,-1.8369701987210294e-16,3.1388428001210107,6.248447418212891,1,1,2024
2024-09-17,Coastal Odisha,20.5,85.5,14.959906578063965,56,76,30.855104446411133,13,18,23.980424880981445,13,18,6.8746795654296875,86.56088008463992,261,-1.0,-1.8369701987210294e-16,2.770079738499766,6.8746795654296875,1,1,2024
2024-09-18,Coastal Odisha,20.5,85.5,17.33388328552246,56,76,32.38225555419922,13,18,24.85704040527344,13,18,7.525215148925778,85.67582238266819,262,-1.0,-1.8369701987210294e-16,2.908750893506583,7.525215148925778,1,1,2024
2024-09-19,Coastal Odisha,20.5,85.5,11.534768104553224,56,76,33.327335357666016,13,18,24.69924545288086,13,18,8.628089904785156,82.32933888523849,263,-1.0,-1.8369701987210294e-16,2.528506231602932,8.628089904785156,1,1,2024
2024-09-20,Coastal Odisha,20.5,85.5,0.0,56,76,34.565059661865234,13,18,25.75204086303711,13,18,8.813018798828125,74.37396240234375,264,-1.0,-1.8369701987210294e-16,0.0,8.813018798828125,1,1,2024
2024-09-21,Coastal Odisha,20.5,85.5,6.611369609832764,56,76,33.97319793701172,13,18,25.307661056518555,13,18,8.665536880493164,80.7578556310864,265,-1.0,-1.8369701987210294e-16,2.02964313069091,8.665536880493164,1,1,2024
2024-09-22,Coastal Odisha,20.5,85.5,0.0,56,76,34.225284576416016,13,18,25.45941734313965,13,18,8.765867233276367,74.46826553344727,266,-1.0,-1.8369701987210294e-16,0.0,8.765867233276367,1,1,2024
2024-09-23,Coastal Odisha,20.5,85.5,0.0,56,76,33.68838119506836,13,18,25.952896118164062,13,18,7.735485076904297,76.5290298461914,267,-1.0,-1.8369701987210294e-16,0.0,7.735485076904297,1,1,2024
2024-09-24,Coastal Odisha,20.5,85.5,6.745690822601318,56,76,30.37963104248047,13,18,24.419702529907227,13,18,5.959928512573242,86.22155297236468,268,-1.0,-1.8369701987210294e-16,2.047136665837052,5.959928512573242,1,1,2024
2024-09-25,Coastal Odisha,20.5,85.5,15.05514430999756,56,76,29.77406120300293,13,18,24.59380340576172,13,18,5.180257797241211,89.9675723534517,269,-1.0,-1.8369701987210294e-16,2.776029315978039,5.180257797241211,1,1,2024
2024-09-26,Coastal Odisha,20.5,85.5,19.22180557250977,56,76,29.229347229003903,13,18,24.480388641357425,13,18,4.748958587646477,91.52236734262038,270,-1.0,-1.8369701987210294e-16,3.0067615059711104,4.748958587646477,1,1,2024
2024-09-27,Coastal Odisha,20.5,85.5,32.44620132446289,56,76,31.260087966918945,13,18,24.223548889160156,13,18,7.036539077758789,88.45673649646993,271,-1.0,-1.8369701987210294e-16,3.509938217329169,7.036539077758789,1,1,2024
2024-09-28,Coastal Odisha,20.5,85.5,3.491734266281128,56,76,33.498748779296875,13,18,24.990890502929688,13,18,8.507858276367188,79.49100008132751,272,-1.0,-1.8369701987210294e-16,1.502238878020631,8.507858276367188,1,1,2024
2024-09-29,Coastal Odisha,20.5,85.5,0.0,56,76,34.292274475097656,13,18,25.559484481811523,13,18,8.732789993286133,74.53442001342773,273,-1.0,-1.8369701987210294e-16,0.0,8.732789993286133,1,1,2024
2024-09-30,Coastal Odisha,20.5,85.5,0.0,56,76,34.95119094848633,13,18,25.59860038757324,13,18,9.35259056091309,73.29481887817383,274,-1.0,-1.8369701987210294e-16,0.0,9.35259056091309,1,1,2024
2024-10-01,Coastal Odisha,20.5,85.5,0.0,56,76,35.45304870605469,13,18,26.283607482910156,13,18,9.169441223144531,73.66111755371094,275,-0.8660254037844386,0.5000000000000001,0.0,9.169441223144531,1,1,2024
2024-10-02,Coastal Odisha,20.5,85.5,1.4488952159881592,56,76,32.5716438293457,13,18,26.623302459716797,13,18,5.948341369628906,82.79022823256133,276,-0.8660254037844386,0.5000000000000001,0.8956369906063832,5.948341369628906,1,1,2024
2024-10-03,Coastal Odisha,20.5,85.5,0.0,56,76,34.37275314331055,13,18,25.488773345947266,13,18,8.883979797363281,74.23204040527344,277,-0.8660254037844386,0.5000000000000001,0.0,8.883979797363281,1,1,2024
2024-10-04,Coastal Odisha,20.5,85.5,0.0,56,76,34.27477264404297,13,18,25.35784149169922,13,18,8.91693115234375,74.1661376953125,278,-0.8660254037844386,0.5000000000000001,0.0,8.91693115234375,1,1,2024
2024-10-05,Coastal Odisha,20.5,85.5,4.966835021972656,56,76,33.949405670166016,13,18,24.837650299072266,13,18,9.11175537109375,79.13513917707333,279,-0.8660254037844386,0.5000000000000001,1.7862166397536074,9.11175537109375,1,1,2024
2024-10-06,Coastal Odisha,20.5,85.5,3.863720655441284,56,76,32.92917251586914,13,18,25.026769638061523,13,18,7.902402877807617,80.94060538032093,280,-0.8660254037844386,0.5000000000000001,1.5818037119787205,7.902402877807617,1,1,2024
2024-10-07,Coastal Odisha,20.5,85.5,17.96672248840332,56,76,33.106990814208984,13,18,24.6511287689209,13,18,8.455862045288086,83.91633389625204,281,-0.8660254037844386,0.5000000000000001,2.942685995609404,8.455862045288086,1,1,2024
2024-10-08,Coastal Odisha,20.5,85.5,0.0,56,76,34.075077056884766,13,18,24.96404457092285,13,18,9.111032485961914,73.77793502807617,282,-0.8660254037844386,0.5000000000000001,0.0,9.111032485961914,1,1,2024
2024-10-09,Coastal Odisha,20.5,85.5,4.415434837341309,56,76,33.85097122192383,13,18,24.86516761779785,13,18,8.985803604125977,79.09615233054902,283,-0.8660254037844386,0.5000000000000001,1.6892531796003238,8.985803604125977,1,1,2024
2024-10-10,Coastal Odisha,20.5,85.5,0.0,56,76,34.453948974609375,13,18,24.498598098754883,13,18,9.955350875854492,72.08929824829102,284,-0.8660254037844386,0.5000000000000001,0.0,9.955350875854492,1,1,2024
2024-10-11,Coastal Odisha,20.5,85.5,0.0,56,76,34.685550689697266,13,18,25.018625259399418,13,18,9.666925430297848,72.6661491394043,285,-0.8660254037844386,0.5000000000000001,0.0,9.666925430297848,1,1,2024
2024-10-12,Coastal Odisha,20.5,85.5,0.0,56,76,34.94081497192383,13,18,25.244361877441406,13,18,9.696453094482422,72.60709381103516,286,-0.8660254037844386,0.5000000000000001,0.0,9.696453094482422,1,1,2024
2024-10-13,Coastal Odisha,20.5,85.5,0.0,56,76,34.38235855102539,13,18,24.891529083251953,13,18,9.490829467773438,73.01834106445312,287,-0.8660254037844386,0.5000000000000001,0.0,9.490829467773438,1,1,2024
2024-10-14,Coastal Odisha,20.5,85.5,0.0,56,76,33.902217864990234,13,18,24.602149963378903,13,18,9.300067901611332,73.39986419677734,288,-0.8660254037844386,0.5000000000000001,0.0,9.300067901611332,1,1,2024
2024-10-15,Coastal Odisha,20.5,85.5,0.0,56,76,33.9163932800293,13,18,24.847612380981445,13,18,9.068780899047852,73.8624382019043,289,-0.8660254037844386,0.5000000000000001,0.0,9.068780899047852,1,1,2024
2024-10-16,Coastal Odisha,20.5,85.5,0.0,56,76,33.692657470703125,13,18,25.329423904418945,13,18,8.36323356628418,75.27353286743164,290,-0.8660254037844386,0.5000000000000001,0.0,8.36323356628418,1,1,2024
2024-10-17,Coastal Odisha,20.5,85.5,0.0,56,76,33.845706939697266,13,18,25.213163375854492,13,18,8.632543563842773,74.73491287231445,291,-0.8660254037844386,0.5000000000000001,0.0,8.632543563842773,1,1,2024
2024-10-18,Coastal Odisha,20.5,85.5,0.0,56,76,34.081687927246094,13,18,24.960119247436523,13,18,9.12156867980957,73.75686264038086,292,-0.8660254037844386,0.5000000000000001,0.0,9.12156867980957,1,1,2024
2024-10-19,Coastal Odisha,20.5,85.5,0.0,56,76,33.72980880737305,13,18,25.17256736755371,13,18,8.557241439819336,74.88551712036133,293,-0.8660254037844386,0.5000000000000001,0.0,8.557241439819336,1,1,2024
2024-10-20,Coastal Odisha,20.5,85.5,21.640256881713867,56,76,32.10788345336914,13,18,23.711803436279297,13,18,8.396080017089844,84.5670287647285,294,-0.8660254037844386,0.5000000000000001,3.119729599636066,8.396080017089844,1,1,2024
2024-10-21,Coastal Odisha,20.5,85.5,0.0,56,76,32.210289001464844,13,18,23.589466094970703,13,18,8.62082290649414,74.75835418701172,295,-0.8660254037844386,0.5000000000000001,0.0,8.62082290649414,1,1,2024
2024-10-22,Coastal Odisha,20.5,85.5,0.0,56,76,32.56584548950195,13,18,22.847246170043945,13,18,9.718599319458008,72.56280136108398,296,-0.8660254037844386,0.5000000000000001,0.0,9.718599319458008,1,1,2024
2024-10-23,Coastal Odisha,20.5,85.5,0.0,56,76,31.25092315673828,13,18,22.366201400756836,13,18,8.884721755981445,74.23055648803711,297,-0.8660254037844386,0.5000000000000001,0.0,8.884721755981445,1,1,2024
2024-10-24,Coastal Odisha,20.5,85.5,2.5191197395324707,56,76,27.99371337890625,13,18,23.146059036254883,13,18,4.847654342651367,86.07932396771676,298,-0.8660254037844386,0.5000000000000001,1.2582108843398327,4.847654342651367,1,1,2024
2024-10-25,Coastal Odisha,20.5,85.5,32.09067916870117,56,76,27.748214721679688,13,18,23.15241813659668,13,18,4.595796585083008,93.3061617696809,299,-0.8660254037844386,0.5000000000000001,3.4992516466156403,4.595796585083008,1,1,2024
2024-10-26,Coastal Odisha,20.5,85.5,26.90145492553711,56,76,28.18810272216797,13,18,23.14004898071289,13,18,5.048053741455078,91.889929023099,300,-0.8660254037844386,0.5000000000000001,3.3286788353363805,5.048053741455078,1,1,2024
2024-10-27,Coastal Odisha,20.5,85.5,0.6268041729927063,56,76,30.234281539916992,13,18,23.675132751464844,13,18,6.559148788452148,80.34155480370096,301,-0.8660254037844386,0.5000000000000001,0.4866174602017525,6.559148788452148,1,1,2024
2024-10-28,Coastal Odisha,20.5,85.5,1.3362774848937988,56,76,30.846010208129883,13,18,24.02651023864746,13,18,6.819499969482422,80.90667659379405,302,-0.8660254037844386,0.5000000000000001,0.8485588442529652,6.819499969482422,1,1,2024
2024-10-29,Coastal Odisha,20.5,85.5,2.904116630554199,56,76,31.942232131958008,13,18,24.384702682495117,13,18,7.557529449462891,80.97103572927703,303,-0.8660254037844386,0.5000000000000001,1.36203154273427,7.557529449462891,1,1,2024
2024-10-30,Coastal Odisha,20.5,85.5,0.0,56,76,32.539859771728516,13,18,24.831188201904297,13,18,7.708671569824219,76.58265686035156,304,-0.8660254037844386,0.5000000000000001,0.0,7.708671569824219,1,1,2024
2024-10-31,Coastal Odisha,20.5,85.5,0.0,56,76,33.173095703125,13,18,24.42004776000977,13,18,8.75304794311523,74.49390411376953,305,-0.8660254037844386,0.5000000000000001,0.0,8.75304794311523,1,1,2024
2024-11-01,Coastal Odisha,20.5,85.5,3.7660722732543945,56,76,33.09800338745117,13,18,24.21896171569824,13,18,8.879041671752933,78.92648428520512,306,-0.5000000000000004,0.8660254037844384,1.5615225429036617,8.879041671752933,1,1,2024
2024-11-02,Coastal Odisha,20.5,85.5,0.0,56,76,33.10099411010742,13,18,22.97833251953125,13,18,10.122661590576172,71.75467681884766,307,-0.5000000000000004,0.8660254037844384,0.0,10.122661590576172,1,1,2024
2024-11-03,Coastal Odisha,20.5,85.5,0.0,56,76,32.84278106689453,13,18,21.820903778076172,13,18,11.02187728881836,69.95624542236328,308,-0.5000000000000004,0.8660254037844384,0.0,11.02187728881836,1,1,2024
2024-11-04,Coastal Odisha,20.5,85.5,0.0,56,76,32.258033752441406,13,18,21.133846282958984,13,18,11.124187469482422,69.75162506103516,309,-0.5000000000000004,0.8660254037844384,0.0,11.124187469482422,1,1,2024
2024-11-05,Coastal Odisha,20.5,85.5,0.0,56,76,31.019519805908203,13,18,20.316444396972656,13,18,10.703075408935549,70.5938491821289,310,-0.5000000000000004,0.8660254037844384,0.0,10.703075408935549,1,1,2024
2024-11-06,Coastal Odisha,20.5,85.5,0.0,56,76,31.037212371826172,13,18,21.54595184326172,13,18,9.491260528564451,73.0174789428711,311,-0.5000000000000004,0.8660254037844384,0.0,9.491260528564451,1,1,2024
2024-11-07,Coastal Odisha,20.5,85.5,0.0,56,76,31.36173439025879,13,18,21.981395721435547,13,18,9.380338668823242,73.23932266235352,312,-0.5000000000000004,0.8660254037844384,0.0,9.380338668823242,1,1,2024
2024-11-08,Coastal Odisha,20.5,85.5,0.0,56,76,31.40734100341797,13,18,22.036800384521484,13,18,9.370540618896484,73.25891876220703,313,-0.5000000000000004,0.8660254037844384,0.0,9.370540618896484,1,1,2024
2024-11-09,Coastal Odisha,20.5,85.5,0.0,56,76,31.34063148498535,13,18,21.742267608642575,13,18,9.598363876342775,72.80327224731445,314,-0.5000000000000004,0.8660254037844384,0.0,9.598363876342775,1,1,2024
2024-11-10,Coastal Odisha,20.5,85.5,0.0,56,76,31.114347457885746,13,18,21.48041725158691,13,18,9.633930206298835,72.73213958740233,315,-0.5000000000000004,0.8660254037844384,0.0,9.633930206298835,1,1,2024
2024-11-11,Coastal Odisha,20.5,85.5,0.0,56,76,30.450666427612305,13,18,21.092119216918945,13,18,9.35854721069336,73.28290557861328,316,-0.5000000000000004,0.8660254037844384,0.0,9.35854721069336,1,1,2024
2024-11-12,Coastal Odisha,20.5,85.5,0.0,56,76,30.75337600708008,13,18,20.997821807861328,13,18,9.755554199218754,72.4888916015625,317,-0.5000000000000004,0.8660254037844384,0.0,9.755554199218754,1,1,2024
2024-11-13,Coastal Odisha,20.5,85.5,0.0,56,76,30.74618911743164,13,18,20.313901901245117,13,18,10.432287216186523,71.13542556762695,318,-0.5000000000000004,0.8660254037844384,0.0,10.432287216186523,1,1,2024
2024-11-14,Coastal Odisha,20.5,85.5,0.0,56,76,30.480409622192383,13,18,19.851890563964844,13,18,10.62851905822754,70.74296188354492,319,-0.5000000000000004,0.8660254037844384,0.0,10.62851905822754,1,1,2024
2024-11-15,Coastal Odisha,20.5,85.5,0.0,56,76,30.750598907470703,13,18,18.633441925048828,13,18,12.117156982421877,67.76568603515625,320,-0.5000000000000004,0.8660254037844384,0.0,12.117156982421877,1,1,2024
2024-11-16,Coastal Odisha,20.5,85.5,0.0,56,76,29.86996078491211,13,18,17.053329467773438,13,18,12.816631317138672,66.36673736572266,321,-0.5000000000000004,0.8660254037844384,0.0,12.816631317138672,1,1,2024
2024-11-17,Coastal Odisha,20.5,85.5,0.0,56,76,30.052730560302734,13,18,16.39198875427246,13,18,13.660741806030272,64.67851638793945,322,-0.5000000000000004,0.8660254037844384,0.0,13.660741806030272,1,1,2024
2024-11-18,Coastal Odisha,20.5,85.5,0.0,56,76,29.852771759033203,13,18,16.00185203552246,13,18,13.850919723510742,64.29816055297852,323,-0.5000000000000004,0.8660254037844384,0.0,13.850919723510742,1,1,2024
2024-11-19,Coastal Odisha,20.5,85.5,0.0,56,76,28.82356071472168,13,18,15.676729202270508,13,18,13.146831512451172,65.70633697509766,324,-0.5000000000000004,0.8660254037844384,0.0,13.146831512451172,1,1,2024
2024-11-20,Coastal Odisha,20.5,85.5,0.0,56,76,28.75889587402344,13,18,15.419268608093262,13,18,13.33962726593018,65.32074546813965,325,-0.5000000000000004,0.8660254037844384,0.0,13.33962726593018,1,1,2024
2024-11-21,Coastal Odisha,20.5,85.5,0.0,56,76,28.84265518188477,13,18,16.590063095092773,13,18,12.252592086791996,67.49481582641602,326,-0.5000000000000004,0.8660254037844384,0.0,12.252592086791996,1,1,2024
2024-11-22,Coastal Odisha,20.5,85.5,0.0,56,76,28.611738204956055,13,18,16.208044052124023,13,18,12.403694152832031,67.19261169433594,327,-0.5000000000000004,0.8660254037844384,0.0,12.403694152832031,1,1,2024
2024-11-23,Coastal Odisha,20.5,85.5,0.0,56,76,28.59906959533691,13,18,16.223745346069336,13,18,12.375324249267576,67.24935150146484,328,-0.5000000000000004,0.8660254037844384,0.0,12.375324249267576,1,1,2024
2024-11-24,Coastal Odisha,20.5,85.5,0.0,56,76,28.081785202026367,13,18,15.994860649108888,13,18,12.08692455291748,67.82615089416504,329,-0.5000000000000004,0.8660254037844384,0.0,12.08692455291748,1,1,2024
2024-11-25,Coastal Odisha,20.5,85.5,0.0,56,76,27.885400772094727,13,18,16.34063148498535,13,18,11.544769287109377,68.91046142578125,330,-0.5000000000000004,0.8660254037844384,0.0,11.544769287109377,1,1,2024
2024-11-26,Coastal Odisha,20.5,85.5,0.0,56,76,28.496715545654297,13,18,15.324819564819336,13,18,13.17189598083496,65.65620803833008,331,-0.5000000000000004,0.8660254037844384,0.0,13.17189598083496,1,1,2024
2024-11-27,Coastal Odisha,20.5,85.5,0.0,56,76,27.578577041625977,13,18,15.152498245239258,13,18,12.42607879638672,67.14784240722656,332,-0.5000000000000004,0.8660254037844384,0.0,12.42607879638672,1,1,2024
2024-11-28,Coastal Odisha,20.5,85.5,0.0,56,76,26.998964309692383,13,18,15.417804718017578,13,18,11.581159591674805,68.83768081665039,333,-0.5000000000000004,0.8660254037844384,0.0,11.581159591674805,1,1,2024
2024-11-29,Coastal Odisha,20.5,85.5,0.0,56,76,26.16221809387207,13,18,18.05831527709961,13,18,8.103902816772461,75.79219436645508,334,-0.5000000000000004,0.8660254037844384,0.0,8.103902816772461,1,1,2024
2024-11-30,Coastal Odisha,20.5,85.5,1.645322322845459,56,76,25.421388626098633,13,18,19.236652374267575,13,18,6.184736251831058,82.54890625356289,335,-0.5000000000000004,0.8660254037844384,0.9727929190750008,6.184736251831058,1,1,2024
2024-12-01,Coastal Odisha,20.5,85.5,0.0,56,76,25.495893478393555,13,18,19.35583877563477,13,18,6.1400547027587855,79.71989059448242,336,-2.4492935982947064e-16,1.0,0.0,6.1400547027587855,1,1,2024
2024-12-02,Coastal Odisha,20.5,85.5,0.0,56,76,25.64897346496582,13,18,19.12912940979004,13,18,6.519844055175781,78.96031188964844,337,-2.4492935982947064e-16,1.0,0.0,6.519844055175781,1,1,2024
2024-12-03,Coastal Odisha,20.5,85.5,0.0,56,76,29.258939743041992,13,18,19.12407684326172,13,18,10.134862899780272,71.73027420043945,338,-2.4492935982947064e-16,1.0,0.0,10.134862899780272,1,1,2024
2024-12-04,Coastal Odisha,20.5,85.5,0.0,56,76,30.149559020996097,13,18,19.39690589904785,13,18,10.752653121948246,70.49469375610352,339,-2.4492935982947064e-16,1.0,0.0,10.752653121948246,1,1,2024
2024-12-05,Coastal Odisha,20.5,85.5,0.0,56,76,30.6864013671875,13,18,18.568435668945312,13,18,12.117965698242188,67.76406860351562,340,-2.4492935982947064e-16,1.0,0.0,12.117965698242188,1,1,2024
2024-12-06,Coastal Odisha,20.5,85.5,0.0,56,76,30.752666473388672,13,18,18.41345596313477,13,18,12.339210510253904,67.32157897949219,341,-2.4492935982947064e-16,1.0,0.0,12.339210510253904,1,1,2024
2024-12-07,Coastal Odisha,20.5,85.5,0.0,56,76,28.86724090576172,13,18,17.981719970703125,13,18,10.885520935058594,70.22895812988281,342,-2.4492935982947064e-16,1.0,0.0,10.885520935058594,1,1,2024
2024-12-08,Coastal Odisha,20.5,85.5,0.0,56,76,27.753721237182617,13,18,18.65077018737793,13,18,9.102951049804688,73.79409790039062,343,-2.4492935982947064e-16,1.0,0.0,9.102951049804688,1,1,2024
2024-12-09,Coastal Odisha,20.5,85.5,0.0,56,76,28.44128036499023,13,18,19.575101852416992,13,18,8.866178512573239,74.26764297485352,344,-2.4492935982947064e-16,1.0,0.0,8.866178512573239,1,1,2024
2024-12-10,Coastal Odisha,20.5,85.5,8.075836181640625,56,76,28.020240783691406,13,18,18.83161735534668,13,18,9.188623428344728,80.23959969471191,345,-2.4492935982947064e-16,1.0,2.2056155171337894,9.188623428344728,1,1,2024
2024-12-11,Coastal Odisha,20.5,85.5,0.0,56,76,27.12548065185547,13,18,15.344103813171388,13,18,11.78137683868408,68.43724632263184,346,-2.4492935982947064e-16,1.0,0.0,11.78137683868408,1,1,2024
2024-12-12,Coastal Odisha,20.5,85.5,0.0,56,76,27.014461517333984,13,18,13.32610034942627,13,18,13.688361167907717,64.62327766418457,347,-2.4492935982947064e-16,1.0,0.0,13.688361167907717,1,1,2024
2024-12-13,Coastal Odisha,20.5,85.5,0.0,56,76,27.542537689208984,13,18,12.818490028381348,13,18,14.724047660827637,62.55190467834473,348,-2.4492935982947064e-16,1.0,0.0,14.724047660827637,1,1,2024
2024-12-14,Coastal Odisha,20.5,85.5,0.0,56,76,26.575439453125,13,18,12.27039909362793,13,18,14.30504035949707,63.38991928100586,349,-2.4492935982947064e-16,1.0,0.0,14.30504035949707,1,1,2024
2024-12-15,Coastal Odisha,20.5,85.5,0.0,56,76,26.40411949157715,13,18,11.609122276306152,13,18,14.794997215270996,62.41000556945801,350,-2.4492935982947064e-16,1.0,0.0,14.794997215270996,1,1,2024
2024-12-16,Coastal Odisha,20.5,85.5,0.0,56,76,26.98341178894043,13,18,10.93804931640625,13,18,16.04536247253418,59.90927505493164,351,-2.4492935982947064e-16,1.0,0.0,16.04536247253418,1,1,2024
2024-12-17,Coastal Odisha,20.5,85.5,0.0,56,76,27.79154586791992,13,18,12.165000915527344,13,18,15.626544952392576,60.74691009521485,352,-2.4492935982947064e-16,1.0,0.0,15.626544952392576,1,1,2024
2024-12-18,Coastal Odisha,20.5,85.5,0.0,56,76,28.25249290466309,13,18,15.31320095062256,13,18,12.93929195404053,66.12141609191895,353,-2.4492935982947064e-16,1.0,0.0,12.93929195404053,1,1,2024
2024-12-19,Coastal Odisha,20.5,85.5,0.0,56,76,27.892139434814453,13,18,17.168941497802734,13,18,10.72319793701172,70.55360412597656,354,-2.4492935982947064e-16,1.0,0.0,10.72319793701172,1,1,2024
2024-12-20,Coastal Odisha,20.5,85.5,0.0,56,76,24.830732345581055,13,18,18.38898468017578,13,18,6.441747665405273,79.11650466918945,355,-2.4492935982947064e-16,1.0,0.0,6.441747665405273,1,1,2024
2024-12-21,Coastal Odisha,20.5,85.5,34.07023620605469,56,76,23.235740661621097,13,18,17.2021541595459,13,18,6.033586502075199,90.60488539405944,356,-2.4492935982947064e-16,1.0,3.5573527994032768,6.033586502075199,1,1,2024
2024-12-22,Coastal Odisha,20.5,85.5,6.010207653045654,56,76,26.108558654785156,13,18,17.10760498046875,13,18,9.000953674316406,79.84019462039974,357,-2.4492935982947064e-16,1.0,1.947367323010853,9.000953674316406,1,1,2024
2024-12-23,Coastal Odisha,20.5,85.5,0.0,56,76,27.107254028320312,13,18,16.7686710357666,13,18,10.338582992553713,71.32283401489258,358,-2.4492935982947064e-16,1.0,0.0,10.338582992553713,1,1,2024
2024-12-24,Coastal Odisha,20.5,85.5,0.0,56,76,25.82335662841797,13,18,17.980417251586914,13,18,7.842939376831055,76.31412124633789,359,-2.4492935982947064e-16,1.0,0.0,7.842939376831055,1,1,2024
2024-12-25,Coastal Odisha,20.5,85.5,6.790029048919678,56,76,23.54894638061523,13,18,17.7490177154541,13,18,5.799928665161129,86.55867643630857,360,-2.4492935982947064e-16,1.0,2.0528445888769467,5.799928665161129,1,1,2024
2024-12-26,Coastal Odisha,20.5,85.5,21.980289459228516,56,76,28.10137367248535,13,18,19.032508850097656,13,18,9.068864822387695,83.26618096065948,361,-2.4492935982947064e-16,1.0,3.13463686847829,9.068864822387695,1,1,2024
2024-12-27,Coastal Odisha,20.5,85.5,0.0,56,76,29.407976150512695,13,18,18.09688186645508,13,18,11.311094284057614,69.37781143188477,362,-2.4492935982947064e-16,1.0,0.0,11.311094284057614,1,1,2024
2024-12-28,Coastal Odisha,20.5,85.5,0.0,56,76,29.50083923339844,13,18,16.21337127685547,13,18,13.287467956542972,65.42506408691406,363,-2.4492935982947064e-16,1.0,0.0,13.287467956542972,1,1,2024
2024-12-29,Coastal Odisha,20.5,85.5,0.0,56,76,29.830625534057617,13,18,17.579130172729492,13,18,12.251495361328123,67.49700927734375,364,-2.4492935982947064e-16,1.0,0.0,12.251495361328123,1,1,2024
2024-12-30,Coastal Odisha,20.5,85.5,0.0,56,76,28.50607681274414,13,18,17.966678619384766,13,18,10.539398193359377,70.92120361328125,365,-2.4492935982947064e-16,1.0,0.0,10.539398193359377,1,1,2024
2024-12-31,Coastal Odisha,20.5,85.5,0.0,56,76,26.89048194885254,13,18,16.774967193603516,13,18,10.115514755249023,71.76897048950195,366,-2.4492935982947064e-16,1.0,0.0,10.115514755249023,1,1,2024
2024-01-01,Deccan Plateau,17.8,78.5,0.0,45,48,29.73156356811523,10,11,17.153636932373047,10,11,12.577926635742184,66.84414672851562,1,0.4999999999999999,0.8660254037844387,0.0,12.577926635742184,1,2,2024
2024-01-02,Deccan Plateau,17.8,78.5,0.0,45,48,29.137208938598633,10,11,16.473400115966797,10,11,12.663808822631836,66.67238235473633,2,0.4999999999999999,0.8660254037844387,0.0,12.663808822631836,1,2,2024
2024-01-03,Deccan Plateau,17.8,78.5,0.0,45,48,29.40452766418457,10,11,17.461166381835938,10,11,11.943361282348633,68.11327743530273,3,0.4999999999999999,0.8660254037844387,0.0,11.943361282348633,1,2,2024
2024-01-04,Deccan Plateau,17.8,78.5,0.0,45,48,29.930633544921875,10,11,18.03458595275879,10,11,11.896047592163086,68.20790481567383,4,0.4999999999999999,0.8660254037844387,0.0,11.896047592163086,1,2,2024
2024-01-05,Deccan Plateau,17.8,78.5,0.0,45,48,29.650012969970703,10,11,17.8794002532959,10,11,11.770612716674805,68.45877456665039,5,0.4999999999999999,0.8660254037844387,0.0,11.770612716674805,1,2,2024
2024-01-06,Deccan Plateau,17.8,78.5,0.0,45,48,30.028564453125,10,11,17.37835693359375,10,11,12.65020751953125,66.6995849609375,6,0.4999999999999999,0.8660254037844387,0.0,12.65020751953125,1,2,2024
2024-01-07,Deccan Plateau,17.8,78.5,0.0,45,48,29.59184455871582,10,11,18.07571029663086,10,11,11.51613426208496,68.96773147583008,7,0.4999999999999999,0.8660254037844387,0.0,11.51613426208496,1,2,2024
2024-01-08,Deccan Plateau,17.8,78.5,0.0,45,48,29.55765724182129,10,11,18.062030792236328,10,11,11.49562644958496,69.00874710083008,8,0.4999999999999999,0.8660254037844387,0.0,11.49562644958496,1,2,2024
2024-01-09,Deccan Plateau,17.8,78.5,0.0,45,48,29.109399795532227,10,11,18.68354225158691,10,11,10.425857543945316,71.14828491210938,9,0.4999999999999999,0.8660254037844387,0.0,10.425857543945316,1,2,2024
2024-01-10,Deccan Plateau,17.8,78.5,0.0,45,48,29.384082794189453,10,11,19.132057189941406,10,11,10.252025604248049,71.4959487915039,10,0.4999999999999999,0.8660254037844387,0.0,10.252025604248049,1,2,2024
2024-01-11,Deccan Plateau,17.8,78.5,0.0,45,48,32.06842041015625,10,11,19.509279251098633,10,11,12.559141159057615,66.88171768188477,11,0.4999999999999999,0.8660254037844387,0.0,12.559141159057615,1,2,2024
2024-01-12,Deccan Plateau,17.8,78.5,0.0,45,48,32.13872528076172,10,11,18.497961044311523,10,11,13.640764236450195,64.71847152709961,12,0.4999999999999999,0.8660254037844387,0.0,13.640764236450195,1,2,2024
2024-01-13,Deccan Plateau,17.8,78.5,0.0,45,48,31.864696502685547,10,11,19.588703155517575,10,11,12.275993347167972,67.44801330566406,13,0.4999999999999999,0.8660254037844387,0.0,12.275993347167972,1,2,2024
2024-01-14,Deccan Plateau,17.8,78.5,0.0,45,48,32.78607940673828,10,11,18.90012550354004,10,11,13.885953903198242,64.22809219360352,14,0.4999999999999999,0.8660254037844387,0.0,13.885953903198242,1,2,2024
2024-01-15,Deccan Plateau,17.8,78.5,0.0,45,48,31.439851760864254,10,11,18.80759048461914,10,11,12.632261276245114,66.73547744750977,15,0.4999999999999999,0.8660254037844387,0.0,12.632261276245114,1,2,2024
2024-01-16,Deccan Plateau,17.8,78.5,0.0,45,48,30.8665828704834,10,11,18.664567947387695,10,11,12.202014923095703,67.5959701538086,16,0.4999999999999999,0.8660254037844387,0.0,12.202014923095703,1,2,2024
2024-01-17,Deccan Plateau,17.8,78.5,0.0,45,48,30.788244247436523,10,11,18.970806121826172,10,11,11.817438125610352,68.3651237487793,17,0.4999999999999999,0.8660254037844387,0.0,11.817438125610352,1,2,2024
2024-01-18,Deccan Plateau,17.8,78.5,0.0,45,48,30.66009521484375,10,11,19.29157257080078,10,11,11.368522644042969,69.26295471191406,18,0.4999999999999999,0.8660254037844387,0.0,11.368522644042969,1,2,2024
2024-01-19,Deccan Plateau,17.8,78.5,0.0,45,48,31.545351028442383,10,11,18.71889305114746,10,11,12.826457977294922,66.34708404541016,19,0.4999999999999999,0.8660254037844387,0.0,12.826457977294922,1,2,2024
2024-01-20,Deccan Plateau,17.8,78.5,0.0,45,48,30.919069290161133,10,11,19.369525909423828,10,11,11.549543380737305,68.90091323852539,20,0.4999999999999999,0.8660254037844387,0.0,11.549543380737305,1,2,2024
2024-01-21,Deccan Plateau,17.8,78.5,0.0,45,48,31.537336349487305,10,11,19.663780212402344,10,11,11.87355613708496,68.25288772583008,21,0.4999999999999999,0.8660254037844387,0.0,11.87355613708496,1,2,2024
2024-01-22,Deccan Plateau,17.8,78.5,0.0,45,48,31.919042587280273,10,11,19.86828994750977,10,11,12.050752639770504,67.89849472045898,22,0.4999999999999999,0.8660254037844387,0.0,12.050752639770504,1,2,2024
2024-01-23,Deccan Plateau,17.8,78.5,0.0,45,48,31.670886993408203,10,11,20.41361618041992,10,11,11.257270812988285,69.48545837402344,23,0.4999999999999999,0.8660254037844387,0.0,11.257270812988285,1,2,2024
2024-01-24,Deccan Plateau,17.8,78.5,0.0,45,48,30.518224716186523,10,11,20.037879943847656,10,11,10.480344772338867,71.03931045532227,24,0.4999999999999999,0.8660254037844387,0.0,10.480344772338867,1,2,2024
2024-01-25,Deccan Plateau,17.8,78.5,0.0,45,48,30.43410873413086,10,11,18.88725852966309,10,11,11.54685020446777,68.90629959106445,25,0.4999999999999999,0.8660254037844387,0.0,11.54685020446777,1,2,2024
2024-01-26,Deccan Plateau,17.8,78.5,0.0,45,48,31.15359115600586,10,11,18.10802841186523,10,11,13.045562744140629,65.90887451171875,26,0.4999999999999999,0.8660254037844387,0.0,13.045562744140629,1,2,2024
2024-01-27,Deccan Plateau,17.8,78.5,0.0,45,48,30.71830368041992,10,11,18.641010284423828,10,11,12.07729339599609,67.84541320800781,27,0.4999999999999999,0.8660254037844387,0.0,12.07729339599609,1,2,2024
2024-01-28,Deccan Plateau,17.8,78.5,0.0,45,48,31.248733520507812,10,11,17.33893394470215,10,11,13.909799575805664,64.18040084838867,28,0.4999999999999999,0.8660254037844387,0.0,13.909799575805664,1,2,2024
2024-01-29,Deccan Plateau,17.8,78.5,0.0,45,48,31.049182891845703,10,11,17.399995803833008,10,11,13.649187088012695,64.70162582397461,29,0.4999999999999999,0.8660254037844387,0.0,13.649187088012695,1,2,2024
2024-01-30,Deccan Plateau,17.8,78.5,0.0,45,48,31.347929000854492,10,11,17.197490692138672,10,11,14.15043830871582,63.69912338256836,30,0.4999999999999999,0.8660254037844387,0.0,14.15043830871582,1,2,2024
2024-01-31,Deccan Plateau,17.8,78.5,0.0,45,48,31.84718894958496,10,11,17.437177658081055,10,11,14.410011291503906,63.17997741699219,31,0.4999999999999999,0.8660254037844387,0.0,14.410011291503906,1,2,2024
2024-02-01,Deccan Plateau,17.8,78.5,0.0,45,48,32.44206237792969,10,11,19.2868709564209,10,11,13.155191421508787,65.68961715698242,32,0.8660254037844386,0.5000000000000001,0.0,13.155191421508787,1,2,2024
2024-02-02,Deccan Plateau,17.8,78.5,0.0,45,48,32.813819885253906,10,11,19.643537521362305,10,11,13.170282363891602,65.6594352722168,33,0.8660254037844386,0.5000000000000001,0.0,13.170282363891602,1,2,2024
2024-02-03,Deccan Plateau,17.8,78.5,0.0,45,48,32.53489685058594,10,11,20.443771362304688,10,11,12.09112548828125,67.8177490234375,34,0.8660254037844386,0.5000000000000001,0.0,12.09112548828125,1,2,2024
2024-02-04,Deccan Plateau,17.8,78.5,0.0,45,48,33.06425094604492,10,11,19.90827751159668,10,11,13.155973434448242,65.68805313110352,35,0.8660254037844386,0.5000000000000001,0.0,13.155973434448242,1,2,2024
2024-02-05,Deccan Plateau,17.8,78.5,0.0,45,48,34.06111526489258,10,11,20.3433780670166,10,11,13.717737197875977,64.56452560424805,36,0.8660254037844386,0.5000000000000001,0.0,13.717737197875977,1,2,2024
2024-02-06,Deccan Plateau,17.8,78.5,0.0,45,48,35.04449462890625,10,11,21.869388580322266,10,11,13.175106048583984,65.64978790283203,37,0.8660254037844386,0.5000000000000001,0.0,13.175106048583984,1,2,2024
2024-02-07,Deccan Plateau,17.8,78.5,0.0,45,48,35.80225372314453,10,11,20.67894172668457,10,11,15.12331199645996,61.75337600708008,38,0.8660254037844386,0.5000000000000001,0.0,15.12331199645996,1,2,2024
2024-02-08,Deccan Plateau,17.8,78.5,0.0,45,48,34.16249084472656,10,11,21.51190948486328,10,11,12.65058135986328,66.69883728027344,39,0.8660254037844386,0.5000000000000001,0.0,12.65058135986328,1,2,2024
2024-02-09,Deccan Plateau,17.8,78.5,0.0,45,48,34.4310302734375,10,11,19.715116500854492,10,11,14.715913772583008,62.568172454833984,40,0.8660254037844386,0.5000000000000001,0.0,14.715913772583008,1,2,2024
2024-02-10,Deccan Plateau,17.8,78.5,0.0,45,48,33.53145217895508,10,11,21.153059005737305,10,11,12.378393173217772,67.24321365356445,41,0.8660254037844386,0.5000000000000001,0.0,12.378393173217772,1,2,2024
2024-02-11,Deccan Plateau,17.8,78.5,0.0,45,48,32.55038833618164,10,11,21.189435958862305,10,11,11.360952377319336,69.27809524536133,42,0.8660254037844386,0.5000000000000001,0.0,11.360952377319336,1,2,2024
2024-02-12,Deccan Plateau,17.8,78.5,0.0,45,48,33.53269958496094,10,11,20.30492401123047,10,11,13.227775573730469,65.54444885253906,43,0.8660254037844386,0.5000000000000001,0.0,13.227775573730469,1,2,2024
2024-02-13,Deccan Plateau,17.8,78.5,0.0,45,48,33.24744415283203,10,11,19.363346099853516,10,11,13.884098052978516,64.23180389404297,44,0.8660254037844386,0.5000000000000001,0.0,13.884098052978516,1,2,2024
2024-02-14,Deccan Plateau,17.8,78.5,0.0,45,48,33.62138748168945,10,11,19.938720703125,10,11,13.682666778564451,64.6346664428711,45,0.8660254037844386,0.5000000000000001,0.0,13.682666778564451,1,2,2024
2024-02-15,Deccan Plateau,17.8,78.5,0.0,45,48,33.53137969970703,10,11,19.669130325317383,10,11,13.862249374389648,64.2755012512207,46,0.8660254037844386,0.5000000000000001,0.0,13.862249374389648,1,2,2024
2024-02-16,Deccan Plateau,17.8,78.5,0.0,45,48,34.0716552734375,10,11,17.995073318481445,10,11,16.076581954956055,59.84683609008789,47,0.8660254037844386,0.5000000000000001,0.0,16.076581954956055,1,2,2024
2024-02-17,Deccan Plateau,17.8,78.5,0.0,45,48,35.111358642578125,10,11,17.758699417114258,10,11,17.352659225463867,57.294681549072266,48,0.8660254037844386,0.5000000000000001,0.0,17.352659225463867,1,2,2024
2024-02-18,Deccan Plateau,17.8,78.5,0.0,45,48,35.25237274169922,10,11,18.400453567504883,10,11,16.851919174194336,58.29616165161133,49,0.8660254037844386,0.5000000000000001,0.0,16.851919174194336,1,2,2024
2024-02-19,Deccan Plateau,17.8,78.5,0.0,45,48,34.679317474365234,10,11,18.966054916381836,10,11,15.713262557983398,60.5734748840332,50,0.8660254037844386,0.5000000000000001,0.0,15.713262557983398,1,2,2024
2024-02-20,Deccan Plateau,17.8,78.5,0.0,45,48,35.23048782348633,10,11,19.56036949157715,10,11,15.67011833190918,60.65976333618164,51,0.8660254037844386,0.5000000000000001,0.0,15.67011833190918,1,2,2024
2024-02-21,Deccan Plateau,17.8,78.5,0.0,45,48,35.469512939453125,10,11,20.00697898864746,10,11,15.462533950805664,61.07493209838867,52,0.8660254037844386,0.5000000000000001,0.0,15.462533950805664,1,2,2024
2024-02-22,Deccan Plateau,17.8,78.5,0.0,45,48,35.113128662109375,10,11,19.906238555908203,10,11,15.206890106201172,61.586219787597656,53,0.8660254037844386,0.5000000000000001,0.0,15.206890106201172,1,2,2024
2024-02-23,Deccan Plateau,17.8,78.5,0.0,45,48,34.16963195800781,10,11,19.95267868041992,10,11,14.216953277587894,63.56609344482421,54,0.8660254037844386,0.5000000000000001,0.0,14.216953277587894,1,2,2024
2024-02-24,Deccan Plateau,17.8,78.5,0.0,45,48,34.32038879394531,10,11,20.914833068847656,10,11,13.405555725097656,65.18888854980469,55,0.8660254037844386,0.5000000000000001,0.0,13.405555725097656,1,2,2024
2024-02-25,Deccan Plateau,17.8,78.5,0.0,45,48,33.37187194824219,10,11,22.90237617492676,10,11,10.469495773315426,71.06100845336914,56,0.8660254037844386,0.5000000000000001,0.0,10.469495773315426,1,2,2024
2024-02-26,Deccan Plateau,17.8,78.5,0.0,45,48,33.20072937011719,10,11,21.617748260498047,10,11,11.58298110961914,68.83403778076172,57,0.8660254037844386,0.5000000000000001,0.0,11.58298110961914,1,2,2024
2024-02-27,Deccan Plateau,17.8,78.5,0.0,45,48,34.586097717285156,10,11,20.837587356567383,10,11,13.748510360717772,64.50297927856445,58,0.8660254037844386,0.5000000000000001,0.0,13.748510360717772,1,2,2024
2024-02-28,Deccan Plateau,17.8,78.5,0.0,45,48,35.106689453125,10,11,21.2025146484375,10,11,13.9041748046875,64.191650390625,59,0.8660254037844386,0.5000000000000001,0.0,13.9041748046875,1,2,2024
2024-02-29,Deccan Plateau,17.8,78.5,0.0,45,48,35.64439392089844,10,11,21.106090545654297,10,11,14.53830337524414,62.92339324951172,60,0.8660254037844386,0.5000000000000001,0.0,14.53830337524414,1,2,2024
2024-03-01,Deccan Plateau,17.8,78.5,0.0,45,48,36.29924392700195,10,11,21.93273544311523,10,11,14.366508483886722,63.266983032226555,61,1.0,6.123233995736766e-17,0.0,14.366508483886722,1,2,2024
2024-03-02,Deccan Plateau,17.8,78.5,0.0,45,48,36.57017135620117,10,11,22.561939239501953,10,11,14.00823211669922,63.98353576660156,62,1.0,6.123233995736766e-17,0.0,14.00823211669922,1,2,2024
2024-03-03,Deccan Plateau,17.8,78.5,0.0,45,48,35.9684944152832,10,11,22.36703872680664,10,11,13.601455688476562,64.79708862304688,63,1.0,6.123233995736766e-17,0.0,13.601455688476562,1,2,2024
2024-03-04,Deccan Plateau,17.8,78.5,0.0,45,48,35.7845573425293,10,11,22.258344650268555,10,11,13.526212692260742,64.94757461547852,64,1.0,6.123233995736766e-17,0.0,13.526212692260742,1,2,2024
2024-03-05,Deccan Plateau,17.8,78.5,0.0,45,48,36.32813262939453,10,11,22.077110290527344,10,11,14.251022338867188,63.497955322265625,65,1.0,6.123233995736766e-17,0.0,14.251022338867188,1,2,2024
2024-03-06,Deccan Plateau,17.8,78.5,0.0,45,48,37.276580810546875,10,11,23.097400665283203,10,11,14.179180145263672,63.641639709472656,66,1.0,6.123233995736766e-17,0.0,14.179180145263672,1,2,2024
2024-03-07,Deccan Plateau,17.8,78.5,0.0,45,48,37.158145904541016,10,11,23.601818084716797,10,11,13.55632781982422,64.88734436035156,67,1.0,6.123233995736766e-17,0.0,13.55632781982422,1,2,2024
2024-03-08,Deccan Plateau,17.8,78.5,0.0,45,48,37.22543716430664,10,11,22.335248947143555,10,11,14.890188217163086,62.21962356567383,68,1.0,6.123233995736766e-17,0.0,14.890188217163086,1,2,2024
2024-03-09,Deccan Plateau,17.8,78.5,0.0,45,48,37.0930290222168,10,11,22.04985618591309,10,11,15.043172836303707,61.913654327392585,69,1.0,6.123233995736766e-17,0.0,15.043172836303707,1,2,2024
2024-03-10,Deccan Plateau,17.8,78.5,0.0,45,48,36.05839538574219,10,11,23.738327026367188,10,11,12.320068359375,67.35986328125,70,1.0,6.123233995736766e-17,0.0,12.320068359375,1,2,2024
2024-03-11,Deccan Plateau,17.8,78.5,0.0,45,48,36.17915725708008,10,11,23.7227840423584,10,11,12.45637321472168,67.08725357055664,71,1.0,6.123233995736766e-17,0.0,12.45637321472168,1,2,2024
2024-03-12,Deccan Plateau,17.8,78.5,0.0,45,48,37.751346588134766,10,11,23.461864471435547,10,11,14.28948211669922,63.42103576660156,72,1.0,6.123233995736766e-17,0.0,14.28948211669922,1,2,2024
2024-03-13,Deccan Plateau,17.8,78.5,0.0,45,48,38.33469009399414,10,11,25.18230438232422,10,11,13.152385711669922,65.69522857666016,73,1.0,6.123233995736766e-17,0.0,13.152385711669922,1,2,2024
2024-03-14,Deccan Plateau,17.8,78.5,0.0,45,48,37.59622573852539,10,11,24.444190979003903,10,11,13.152034759521488,65.69593048095703,74,1.0,6.123233995736766e-17,0.0,13.152034759521488,1,2,2024
2024-03-15,Deccan Plateau,17.8,78.5,0.0,45,48,36.83430862426758,10,11,23.8630428314209,10,11,12.97126579284668,66.05746841430664,75,1.0,6.123233995736766e-17,0.0,12.97126579284668,1,2,2024
2024-03-16,Deccan Plateau,17.8,78.5,2.41890025138855,45,48,36.247535705566406,10,11,24.440549850463867,10,11,11.80698585510254,72.07398509611573,76,1.0,6.123233995736766e-17,1.2293189354402732,11.80698585510254,1,2,2024
2024-03-17,Deccan Plateau,17.8,78.5,3.002391815185547,45,48,35.482093811035156,10,11,24.17225456237793,10,11,11.309839248657228,73.54099791132496,77,1.0,6.123233995736766e-17,1.38689213621314,11.309839248657228,1,2,2024
2024-03-18,Deccan Plateau,17.8,78.5,0.0,45,48,35.69032287597656,10,11,23.988475799560547,10,11,11.701847076416016,68.59630584716797,78,1.0,6.123233995736766e-17,0.0,11.701847076416016,1,2,2024
2024-03-19,Deccan Plateau,17.8,78.5,0.3807669878005981,45,48,35.36395263671875,10,11,24.18330764770508,10,11,11.180644989013668,70.60662742108462,79,1.0,6.123233995736766e-17,0.3226391330373245,11.180644989013668,1,2,2024
2024-03-20,Deccan Plateau,17.8,78.5,0.6450720429420471,45,48,33.82714080810547,10,11,22.81326675415039,10,11,11.013874053955078,71.46560442716957,80,1.0,6.123233995736766e-17,0.4977841783599062,11.013874053955078,1,2,2024
2024-03-21,Deccan Plateau,17.8,78.5,0.0,45,48,35.85221862792969,10,11,22.21858787536621,10,11,13.633630752563477,64.73273849487305,81,1.0,6.123233995736766e-17,0.0,13.633630752563477,1,2,2024
2024-03-22,Deccan Plateau,17.8,78.5,0.0,45,48,36.97199630737305,10,11,22.349712371826172,10,11,14.622283935546877,62.75543212890625,82,1.0,6.123233995736766e-17,0.0,14.622283935546877,1,2,2024
2024-03-23,Deccan Plateau,17.8,78.5,0.0,45,48,37.73682403564453,10,11,23.154586791992188,10,11,14.582237243652344,62.83552551269531,83,1.0,6.123233995736766e-17,0.0,14.582237243652344,1,2,2024
2024-03-24,Deccan Plateau,17.8,78.5,0.0,45,48,37.81660079956055,10,11,24.8509521484375,10,11,12.965648651123049,66.0687026977539,84,1.0,6.123233995736766e-17,0.0,12.965648651123049,1,2,2024
2024-03-25,Deccan Plateau,17.8,78.5,0.0,45,48,37.34376907348633,10,11,24.40751266479492,10,11,12.93625640869141,66.12748718261719,85,1.0,6.123233995736766e-17,0.0,12.93625640869141,1,2,2024
2024-03-26,Deccan Plateau,17.8,78.5,0.0,45,48,38.041141510009766,10,11,23.696956634521484,10,11,14.34418487548828,63.31163024902344,86,1.0,6.123233995736766e-17,0.0,14.34418487548828,1,2,2024
2024-03-27,Deccan Plateau,17.8,78.5,0.0,45,48,37.96014404296875,10,11,23.619430541992188,10,11,14.340713500976562,63.318572998046875,87,1.0,6.123233995736766e-17,0.0,14.340713500976562,1,2,2024
2024-03-28,Deccan Plateau,17.8,78.5,0.0,45,48,38.94845962524414,10,11,24.16298484802246,10,11,14.78547477722168,62.42905044555664,88,1.0,6.123233995736766e-17,0.0,14.78547477722168,1,2,2024
2024-03-29,Deccan Plateau,17.8,78.5,0.0,45,48,39.60895156860352,10,11,25.012298583984375,10,11,14.596652984619148,62.806694030761705,89,1.0,6.123233995736766e-17,0.0,14.596652984619148,1,2,2024
2024-03-30,Deccan Plateau,17.8,78.5,0.0,45,48,39.84019470214844,10,11,25.220762252807617,10,11,14.61943244934082,62.76113510131836,90,1.0,6.123233995736766e-17,0.0,14.61943244934082,1,2,2024
2024-03-31,Deccan Plateau,17.8,78.5,0.0,45,48,39.10593795776367,10,11,24.64082908630371,10,11,14.46510887145996,63.06978225708008,91,1.0,6.123233995736766e-17,0.0,14.46510887145996,1,2,2024
2024-04-01,Deccan Plateau,17.8,78.5,0.0,45,48,40.045997619628906,10,11,24.273059844970703,10,11,15.772937774658203,60.454124450683594,92,0.8660254037844387,-0.4999999999999998,0.0,15.772937774658203,1,2,2024
2024-04-02,Deccan Plateau,17.8,78.5,0.0,45,48,40.20889663696289,10,11,25.060483932495117,10,11,15.148412704467772,61.70317459106445,93,0.8660254037844387,-0.4999999999999998,0.0,15.148412704467772,1,2,2024
2024-04-03,Deccan Plateau,17.8,78.5,0.0,45,48,39.888790130615234,10,11,26.526010513305664,10,11,13.36277961730957,65.27444076538086,94,0.8660254037844387,-0.4999999999999998,0.0,13.36277961730957,1,2,2024
2024-04-04,Deccan Plateau,17.8,78.5,0.0,45,48,40.39632034301758,10,11,26.282773971557617,10,11,14.11354637145996,63.77290725708008,95,0.8660254037844387,-0.4999999999999998,0.0,14.11354637145996,1,2,2024
2024-04-05,Deccan Plateau,17.8,78.5,0.0,45,48,41.33222198486328,10,11,26.34950828552246,10,11,14.98271369934082,62.03457260131836,96,0.8660254037844387,-0.4999999999999998,0.0,14.98271369934082,1,2,2024
2024-04-06,Deccan Plateau,17.8,78.5,0.0,45,48,41.849491119384766,10,11,26.544906616210938,10,11,15.304584503173828,61.390830993652344,97,0.8660254037844387,-0.4999999999999998,0.0,15.304584503173828,1,2,2024
2024-04-07,Deccan Plateau,17.8,78.5,0.0,45,48,40.91284942626953,10,11,26.7860164642334,10,11,14.126832962036133,63.746334075927734,98,0.8660254037844387,-0.4999999999999998,0.0,14.126832962036133,1,2,2024
2024-04-08,Deccan Plateau,17.8,78.5,0.0,45,48,38.89548110961914,10,11,26.6488094329834,10,11,12.246671676635742,67.50665664672852,99,0.8660254037844387,-0.4999999999999998,0.0,12.246671676635742,1,2,2024
2024-04-09,Deccan Plateau,17.8,78.5,0.0,45,48,37.7166633605957,10,11,25.305923461914062,10,11,12.41073989868164,67.17852020263672,100,0.8660254037844387,-0.4999999999999998,0.0,12.41073989868164,1,2,2024
2024-04-10,Deccan Plateau,17.8,78.5,0.0,45,48,38.253787994384766,10,11,25.190589904785156,10,11,13.06319808959961,65.87360382080078,101,0.8660254037844387,-0.4999999999999998,0.0,13.06319808959961,1,2,2024
2024-04-11,Deccan Plateau,17.8,78.5,0.0,45,48,37.101585388183594,10,11,24.9600887298584,10,11,12.141496658325195,67.71700668334961,102,0.8660254037844387,-0.4999999999999998,0.0,12.141496658325195,1,2,2024
2024-04-12,Deccan Plateau,17.8,78.5,0.0,45,48,37.01091384887695,10,11,24.73169708251953,10,11,12.279216766357422,67.44156646728516,103,0.8660254037844387,-0.4999999999999998,0.0,12.279216766357422,1,2,2024
2024-04-13,Deccan Plateau,17.8,78.5,0.0,45,48,34.34571838378906,10,11,24.945554733276367,10,11,9.400163650512695,73.19967269897461,104,0.8660254037844387,-0.4999999999999998,0.0,9.400163650512695,1,2,2024
2024-04-14,Deccan Plateau,17.8,78.5,0.0,45,48,38.7379035949707,10,11,24.81114959716797,10,11,13.926753997802734,64.14649200439453,105,0.8660254037844387,-0.4999999999999998,0.0,13.926753997802734,1,2,2024
2024-04-15,Deccan Plateau,17.8,78.5,0.0,45,48,40.163963317871094,10,11,25.85491371154785,10,11,14.309049606323242,63.38190078735352,106,0.8660254037844387,-0.4999999999999998,0.0,14.309049606323242,1,2,2024
2024-04-16,Deccan Plateau,17.8,78.5,0.0,45,48,41.081417083740234,10,11,26.935077667236328,10,11,14.146339416503906,63.70732116699219,107,0.8660254037844387,-0.4999999999999998,0.0,14.146339416503906,1,2,2024
2024-04-17,Deccan Plateau,17.8,78.5,0.0,45,48,41.40652847290039,10,11,27.20526885986328,10,11,14.20125961303711,63.59748077392578,108,0.8660254037844387,-0.4999999999999998,0.0,14.20125961303711,1,2,2024
2024-04-18,Deccan Plateau,17.8,78.5,1.0564868450164795,45,48,41.31968307495117,10,11,27.342144012451172,10,11,13.9775390625,66.20791921065569,109,0.8660254037844387,-0.4999999999999998,0.7209991118852318,13.9775390625,1,2,2024
2024-04-19,Deccan Plateau,17.8,78.5,0.0,45,48,40.5928955078125,10,11,27.931018829345703,10,11,12.661876678466797,66.6762466430664,110,0.8660254037844387,-0.4999999999999998,0.0,12.661876678466797,1,2,2024
2024-04-20,Deccan Plateau,17.8,78.5,1.079728364944458,45,48,36.938289642333984,10,11,26.888504028320312,10,11,10.049785614013672,74.0971406461979,111,0.8660254037844387,-0.4999999999999998,0.732237291408414,10.049785614013672,1,2,2024
2024-04-21,Deccan Plateau,17.8,78.5,0.0,45,48,40.061614990234375,10,11,25.3133544921875,10,11,14.748260498046877,62.50347900390625,112,0.8660254037844387,-0.4999999999999998,0.0,14.748260498046877,1,2,2024
2024-04-22,Deccan Plateau,17.8,78.5,0.0,45,48,40.76097869873047,10,11,26.420276641845703,10,11,14.340702056884766,63.31859588623047,113,0.8660254037844387,-0.4999999999999998,0.0,14.340702056884766,1,2,2024
2024-04-23,Deccan Plateau,17.8,78.5,0.0,45,48,40.639461517333984,10,11,25.391563415527344,10,11,15.24789810180664,61.50420379638672,114,0.8660254037844387,-0.4999999999999998,0.0,15.24789810180664,1,2,2024
2024-04-24,Deccan Plateau,17.8,78.5,0.0,45,48,40.661006927490234,10,11,25.913816452026367,10,11,14.747190475463867,62.505619049072266,115,0.8660254037844387,-0.4999999999999998,0.0,14.747190475463867,1,2,2024
2024-04-25,Deccan Plateau,17.8,78.5,0.0,45,48,41.5944709777832,10,11,26.268962860107425,10,11,15.325508117675778,61.348983764648445,116,0.8660254037844387,-0.4999999999999998,0.0,15.325508117675778,1,2,2024
2024-04-26,Deccan Plateau,17.8,78.5,0.0,45,48,42.176292419433594,10,11,26.093000411987305,10,11,16.08329200744629,59.83341598510742,117,0.8660254037844387,-0.4999999999999998,0.0,16.08329200744629,1,2,2024
2024-04-27,Deccan Plateau,17.8,78.5,0.0,45,48,42.009796142578125,10,11,27.284481048583984,10,11,14.72531509399414,62.54936981201172,118,0.8660254037844387,-0.4999999999999998,0.0,14.72531509399414,1,2,2024
2024-04-28,Deccan Plateau,17.8,78.5,0.0,45,48,42.48485565185547,10,11,27.97433280944824,10,11,14.51052284240723,62.97895431518554,119,0.8660254037844387,-0.4999999999999998,0.0,14.51052284240723,1,2,2024
2024-04-29,Deccan Plateau,17.8,78.5,0.0,45,48,42.14216995239258,10,11,28.367475509643555,10,11,13.774694442749023,64.45061111450195,120,0.8660254037844387,-0.4999999999999998,0.0,13.774694442749023,1,2,2024
2024-04-30,Deccan Plateau,17.8,78.5,0.0,45,48,42.97406005859375,10,11,27.572751998901367,10,11,15.401308059692385,61.197383880615234,121,0.8660254037844387,-0.4999999999999998,0.0,15.401308059692385,1,2,2024
2024-05-01,Deccan Plateau,17.8,78.5,0.0,45,48,43.74009323120117,10,11,28.450803756713867,10,11,15.289289474487305,61.42142105102539,122,0.4999999999999999,-0.8660254037844387,0.0,15.289289474487305,1,2,2024
2024-05-02,Deccan Plateau,17.8,78.5,0.0,45,48,43.14703369140625,10,11,27.90816307067871,10,11,15.23887062072754,61.52225875854492,123,0.4999999999999999,-0.8660254037844387,0.0,15.23887062072754,1,2,2024
2024-05-03,Deccan Plateau,17.8,78.5,0.0,45,48,43.910438537597656,10,11,26.065601348876953,10,11,17.844837188720703,56.310325622558594,124,0.4999999999999999,-0.8660254037844387,0.0,17.844837188720703,1,2,2024
2024-05-04,Deccan Plateau,17.8,78.5,0.0,45,48,43.89778137207031,10,11,27.014497756958008,10,11,16.883283615112305,58.23343276977539,125,0.4999999999999999,-0.8660254037844387,0.0,16.883283615112305,1,2,2024
2024-05-05,Deccan Plateau,17.8,78.5,0.0,45,48,43.386600494384766,10,11,28.574241638183594,10,11,14.812358856201172,62.375282287597656,126,0.4999999999999999,-0.8660254037844387,0.0,14.812358856201172,1,2,2024
2024-05-06,Deccan Plateau,17.8,78.5,0.0,45,48,43.208717346191406,10,11,27.257511138916016,10,11,15.95120620727539,60.09758758544922,127,0.4999999999999999,-0.8660254037844387,0.0,15.95120620727539,1,2,2024
2024-05-07,Deccan Plateau,17.8,78.5,0.9585428833961488,45,48,41.16596984863281,10,11,28.24718856811523,10,11,12.918781280517582,68.17903974873971,128,0.4999999999999999,-0.8660254037844387,0.6722007699249577,12.918781280517582,1,2,2024
2024-05-08,Deccan Plateau,17.8,78.5,33.278682708740234,45,48,38.61030197143555,10,11,22.835891723632812,10,11,15.774410247802734,71.05475050116928,129,0.4999999999999999,-0.8660254037844387,3.5345236655915846,15.774410247802734,1,2,2024
2024-05-09,Deccan Plateau,17.8,78.5,0.0,45,48,38.26628112792969,10,11,24.492965698242188,10,11,13.7733154296875,64.453369140625,130,0.4999999999999999,-0.8660254037844387,0.0,13.7733154296875,1,2,2024
2024-05-10,Deccan Plateau,17.8,78.5,0.0,45,48,38.529788970947266,10,11,25.649311065673828,10,11,12.880477905273438,66.23904418945312,131,0.4999999999999999,-0.8660254037844387,0.0,12.880477905273438,1,2,2024
2024-05-11,Deccan Plateau,17.8,78.5,0.0,45,48,39.2003288269043,10,11,26.119985580444336,10,11,13.08034324645996,65.83931350708008,132,0.4999999999999999,-0.8660254037844387,0.0,13.08034324645996,1,2,2024
2024-05-12,Deccan Plateau,17.8,78.5,0.0,45,48,38.98907470703125,10,11,27.015443801879883,10,11,11.973630905151367,68.05273818969727,133,0.4999999999999999,-0.8660254037844387,0.0,11.973630905151367,1,2,2024
2024-05-13,Deccan Plateau,17.8,78.5,11.92570686340332,45,48,36.41545867919922,10,11,23.021589279174805,10,11,13.393869400024414,72.88991552552342,134,0.4999999999999999,-0.8660254037844387,2.559218108524085,13.393869400024414,1,2,2024
2024-05-14,Deccan Plateau,17.8,78.5,0.0,45,48,38.547603607177734,10,11,25.804431915283203,10,11,12.743171691894531,66.51365661621094,135,0.4999999999999999,-0.8660254037844387,0.0,12.743171691894531,1,2,2024
2024-05-15,Deccan Plateau,17.8,78.5,0.0,45,48,36.660400390625,10,11,23.55175018310547,10,11,13.108650207519531,65.78269958496094,136,0.4999999999999999,-0.8660254037844387,0.0,13.108650207519531,1,2,2024
2024-05-16,Deccan Plateau,17.8,78.5,0.0,45,48,37.205135345458984,10,11,26.299375534057617,10,11,10.905759811401367,70.18848037719727,137,0.4999999999999999,-0.8660254037844387,0.0,10.905759811401367,1,2,2024
2024-05-17,Deccan Plateau,17.8,78.5,25.15996551513672,45,48,33.417293548583984,10,11,22.921998977661133,10,11,10.495294570922852,80.80210148323253,138,0.4999999999999999,-0.8660254037844387,3.2642302083594106,10.495294570922852,1,2,2024
2024-05-18,Deccan Plateau,17.8,78.5,11.736737251281738,45,48,35.049903869628906,10,11,24.469789505004883,10,11,10.580114364624023,78.47324281460888,139,0.4999999999999999,-0.8660254037844387,2.544490514618976,10.580114364624023,1,2,2024
2024-05-19,Deccan Plateau,17.8,78.5,1.332813024520874,45,48,36.019493103027344,10,11,25.3052978515625,10,11,10.714195251464844,73.1128340351612,140,0.4999999999999999,-0.8660254037844387,0.8470748460302965,10.714195251464844,1,2,2024
2024-05-20,Deccan Plateau,17.8,78.5,6.643385887145996,45,48,37.65508270263672,10,11,25.565353393554688,10,11,12.089729309082031,73.9220634336843,141,0.4999999999999999,-0.8660254037844387,2.0338406839494563,12.089729309082031,1,2,2024
2024-05-21,Deccan Plateau,17.8,78.5,0.0,45,48,38.46390914916992,10,11,27.061695098876953,10,11,11.402214050292969,69.19557189941406,142,0.4999999999999999,-0.8660254037844387,0.0,11.402214050292969,1,2,2024
2024-05-22,Deccan Plateau,17.8,78.5,0.0,45,48,38.88954544067383,10,11,27.091522216796875,10,11,11.798023223876951,68.4039535522461,143,0.4999999999999999,-0.8660254037844387,0.0,11.798023223876951,1,2,2024
2024-05-23,Deccan Plateau,17.8,78.5,3.6469576358795166,45,48,38.478084564208984,10,11,26.10445022583008,10,11,12.373634338378904,71.86136952409068,144,0.4999999999999999,-0.8660254037844387,1.536212733616164,12.373634338378904,1,2,2024
2024-05-24,Deccan Plateau,17.8,78.5,0.0,45,48,39.299583435058594,10,11,26.603784561157227,10,11,12.695798873901367,66.60840225219727,145,0.4999999999999999,-0.8660254037844387,0.0,12.695798873901367,1,2,2024
2024-05-25,Deccan Plateau,17.8,78.5,0.3129065036773681,45,48,38.307579040527344,10,11,26.573373794555664,10,11,11.73420524597168,69.34831966191281,146,0.4999999999999999,-0.8660254037844387,0.272243384618724,11.73420524597168,1,2,2024
2024-05-26,Deccan Plateau,17.8,78.5,0.9521846771240234,45,48,40.746952056884766,10,11,27.133642196655273,10,11,13.613309860229492,66.78022755763538,147,0.4999999999999999,-0.8660254037844387,0.6689490926981234,13.613309860229492,1,2,2024
2024-05-27,Deccan Plateau,17.8,78.5,0.0,45,48,38.79957580566406,10,11,26.47692108154297,10,11,12.322654724121094,67.35469055175781,148,0.4999999999999999,-0.8660254037844387,0.0,12.322654724121094,1,2,2024
2024-05-28,Deccan Plateau,17.8,78.5,0.0,45,48,39.251766204833984,10,11,27.740646362304688,10,11,11.511119842529297,68.9777603149414,149,0.4999999999999999,-0.8660254037844387,0.0,11.511119842529297,1,2,2024
2024-05-29,Deccan Plateau,17.8,78.5,0.0,45,48,41.14607238769531,10,11,27.62946319580078,10,11,13.516609191894531,64.96678161621094,150,0.4999999999999999,-0.8660254037844387,0.0,13.516609191894531,1,2,2024
2024-05-30,Deccan Plateau,17.8,78.5,0.0,45,48,41.9827995300293,10,11,28.510498046875,10,11,13.472301483154297,65.0553970336914,151,0.4999999999999999,-0.8660254037844387,0.0,13.472301483154297,1,2,2024
2024-05-31,Deccan Plateau,17.8,78.5,0.0,45,48,42.72981262207031,10,11,28.759788513183594,10,11,13.97002410888672,64.05995178222656,152,0.4999999999999999,-0.8660254037844387,0.0,13.97002410888672,1,2,2024
2024-06-01,Deccan Plateau,17.8,78.5,0.0,45,48,40.788597106933594,10,11,30.05925750732422,10,11,10.729339599609377,70.54132080078125,153,1.2246467991473532e-16,-1.0,0.0,10.729339599609377,1,2,2024
2024-06-02,Deccan Plateau,17.8,78.5,0.0,45,48,40.68670654296875,10,11,29.211793899536133,10,11,11.474912643432615,69.05017471313477,154,1.2246467991473532e-16,-1.0,0.0,11.474912643432615,1,2,2024
2024-06-03,Deccan Plateau,17.8,78.5,19.250093460083008,45,48,33.3306884765625,10,11,24.243539810180664,10,11,9.087148666381836,82.85018089380024,155,1.2246467991473532e-16,-1.0,3.0081594088546386,9.087148666381836,1,2,2024
2024-06-04,Deccan Plateau,17.8,78.5,0.0,45,48,36.97088623046875,10,11,25.813722610473633,10,11,11.157163619995115,69.68567276000977,156,1.2246467991473532e-16,-1.0,0.0,11.157163619995115,1,2,2024
2024-06-05,Deccan Plateau,17.8,78.5,0.0,45,48,37.228614807128906,10,11,25.631093978881836,10,11,11.59752082824707,68.80495834350586,157,1.2246467991473532e-16,-1.0,0.0,11.59752082824707,1,2,2024
2024-06-06,Deccan Plateau,17.8,78.5,1.296510100364685,45,48,36.231239318847656,10,11,24.945453643798828,10,11,11.285785675048828,71.92260051869172,158,1.2246467991473532e-16,-1.0,0.8313906229297915,11.285785675048828,1,2,2024
2024-06-07,Deccan Plateau,17.8,78.5,0.0,45,48,34.819583892822266,10,11,24.54305076599121,10,11,10.276533126831056,71.44693374633789,159,1.2246467991473532e-16,-1.0,0.0,10.276533126831056,1,2,2024
2024-06-08,Deccan Plateau,17.8,78.5,0.0,45,48,34.248138427734375,10,11,24.612781524658203,10,11,9.635356903076172,72.72928619384766,160,1.2246467991473532e-16,-1.0,0.0,9.635356903076172,1,2,2024
2024-06-09,Deccan Plateau,17.8,78.5,0.0,45,48,33.029972076416016,10,11,25.060768127441406,10,11,7.969203948974609,76.06159210205078,161,1.2246467991473532e-16,-1.0,0.0,7.969203948974609,1,2,2024
2024-06-10,Deccan Plateau,17.8,78.5,0.7615339756011963,45,48,33.94178009033203,10,11,25.168643951416016,10,11,8.773136138916016,76.15228274164839,162,1.2246467991473532e-16,-1.0,0.5661850064934737,8.773136138916016,1,2,2024
2024-06-11,Deccan Plateau,17.8,78.5,1.708776831626892,45,48,33.68467712402344,10,11,25.1519718170166,10,11,8.532705307006836,77.92408092405937,163,1.2246467991473532e-16,-1.0,0.9964971793576805,8.532705307006836,1,2,2024
2024-06-12,Deccan Plateau,17.8,78.5,18.03024673461914,45,48,33.221702575683594,10,11,24.363603591918945,10,11,8.858098983764648,83.12189097282467,164,1.2246467991473532e-16,-1.0,2.9460296467846545,8.858098983764648,1,2,2024
2024-06-13,Deccan Plateau,17.8,78.5,0.0,45,48,35.27265930175781,10,11,25.17817497253418,10,11,10.094484329223633,71.81103134155273,165,1.2246467991473532e-16,-1.0,0.0,10.094484329223633,1,2,2024
2024-06-14,Deccan Plateau,17.8,78.5,0.0,45,48,34.71144485473633,10,11,24.761476516723633,10,11,9.949968338012695,72.10006332397461,166,1.2246467991473532e-16,-1.0,0.0,9.949968338012695,1,2,2024
2024-06-15,Deccan Plateau,17.8,78.5,0.0,45,48,35.93722152709961,10,11,25.370943069458008,10,11,10.566278457641602,70.8674430847168,167,1.2246467991473532e-16,-1.0,0.0,10.566278457641602,1,2,2024
2024-06-16,Deccan Plateau,17.8,78.5,0.0,45,48,36.51335906982422,10,11,26.147315979003903,10,11,10.366043090820316,71.26791381835938,168,1.2246467991473532e-16,-1.0,0.0,10.366043090820316,1,2,2024
2024-06-17,Deccan Plateau,17.8,78.5,0.0,45,48,36.320655822753906,10,11,25.60371780395508,10,11,10.716938018798825,70.56612396240234,169,1.2246467991473532e-16,-1.0,0.0,10.716938018798825,1,2,2024
2024-06-18,Deccan Plateau,17.8,78.5,17.06250762939453,45,48,36.90148162841797,10,11,25.62505340576172,10,11,11.27642822265625,78.12865871947106,170,1.2246467991473532e-16,-1.0,2.8938383882611864,11.27642822265625,1,2,2024
2024-06-19,Deccan Plateau,17.8,78.5,0.0,45,48,35.257843017578125,10,11,25.67828369140625,10,11,9.579559326171877,72.84088134765625,171,1.2246467991473532e-16,-1.0,0.0,9.579559326171877,1,2,2024
2024-06-20,Deccan Plateau,17.8,78.5,0.0,45,48,35.556034088134766,10,11,25.168231964111328,10,11,10.387802124023438,71.22439575195312,172,1.2246467991473532e-16,-1.0,0.0,10.387802124023438,1,2,2024
2024-06-21,Deccan Plateau,17.8,78.5,0.0,45,48,35.03407287597656,10,11,25.452226638793945,10,11,9.581846237182615,72.83630752563477,173,1.2246467991473532e-16,-1.0,0.0,9.581846237182615,1,2,2024
2024-06-22,Deccan Plateau,17.8,78.5,0.0,45,48,33.938751220703125,10,11,24.39914894104004,10,11,9.539602279663086,72.92079544067383,174,1.2246467991473532e-16,-1.0,0.0,9.539602279663086,1,2,2024
2024-06-23,Deccan Plateau,17.8,78.5,2.5648438930511475,45,48,33.00605392456055,10,11,24.810701370239254,10,11,8.195352554321293,79.42265568378356,175,1.2246467991473532e-16,-1.0,1.2711202641420467,8.195352554321293,1,2,2024
2024-06-24,Deccan Plateau,17.8,78.5,0.357585608959198,45,48,34.14632797241211,10,11,24.488096237182617,10,11,9.658231735229492,73.60066003312363,176,1.2246467991473532e-16,-1.0,0.3057078345275394,9.658231735229492,1,2,2024
2024-06-25,Deccan Plateau,17.8,78.5,0.0,45,48,34.762672424316406,10,11,25.497264862060547,10,11,9.26540756225586,73.46918487548828,177,1.2246467991473532e-16,-1.0,0.0,9.26540756225586,1,2,2024
2024-06-26,Deccan Plateau,17.8,78.5,0.0,45,48,35.566898345947266,10,11,26.058250427246097,10,11,9.508647918701168,72.98270416259766,178,1.2246467991473532e-16,-1.0,0.0,9.508647918701168,1,2,2024
2024-06-27,Deccan Plateau,17.8,78.5,2.8808059692382812,45,48,32.62669372558594,10,11,25.022703170776367,10,11,7.60399055480957,80.86014745866291,179,1.2246467991473532e-16,-1.0,1.356042856094018,7.60399055480957,1,2,2024
2024-06-28,Deccan Plateau,17.8,78.5,7.460073947906494,45,48,32.25972366333008,10,11,23.930042266845703,10,11,8.329681396484375,81.74671095043291,180,1.2246467991473532e-16,-1.0,2.1353579144672232,8.329681396484375,1,2,2024
2024-06-29,Deccan Plateau,17.8,78.5,0.0,45,48,33.48561477661133,10,11,24.917049407958984,10,11,8.568565368652344,74.86286926269531,181,1.2246467991473532e-16,-1.0,0.0,8.568565368652344,1,2,2024
2024-06-30,Deccan Plateau,17.8,78.5,0.5755656957626343,45,48,30.42371368408203,10,11,24.560937881469727,10,11,5.862775802612305,81.63829153388616,182,1.2246467991473532e-16,-1.0,0.4546143797035893,5.862775802612305,1,2,2024
2024-07-01,Deccan Plateau,17.8,78.5,5.121396541595459,45,48,31.407976150512695,10,11,23.96396827697754,10,11,7.444007873535156,82.54735504361962,183,-0.4999999999999998,-0.8660254037844388,1.8117902635633096,7.444007873535156,1,2,2024
2024-07-02,Deccan Plateau,17.8,78.5,0.0,45,48,34.0122184753418,10,11,25.00648307800293,10,11,9.005735397338867,73.98852920532227,184,-0.4999999999999998,-0.8660254037844388,0.0,9.005735397338867,1,2,2024
2024-07-03,Deccan Plateau,17.8,78.5,5.996428489685059,45,48,33.24264144897461,10,11,23.537687301635746,10,11,9.704954147338864,78.42629111459732,185,-0.4999999999999998,-0.8660254037844388,1.9453998030916853,9.704954147338864,1,2,2024
2024-07-04,Deccan Plateau,17.8,78.5,0.0,45,48,34.41107940673828,10,11,25.37799835205078,10,11,9.0330810546875,73.933837890625,186,-0.4999999999999998,-0.8660254037844388,0.0,9.0330810546875,1,2,2024
2024-07-05,Deccan Plateau,17.8,78.5,0.0,45,48,34.15690231323242,10,11,25.196598052978516,10,11,8.960304260253906,74.07939147949219,187,-0.4999999999999998,-0.8660254037844388,0.0,8.960304260253906,1,2,2024
2024-07-06,Deccan Plateau,17.8,78.5,3.7775118350982666,45,48,32.00301742553711,10,11,24.20495986938477,10,11,7.79805755615234,81.09564451085583,188,-0.4999999999999998,-0.8660254037844388,1.56391987438684,7.79805755615234,1,2,2024
2024-07-07,Deccan Plateau,17.8,78.5,0.5983482003211975,45,48,32.43513107299805,10,11,23.788368225097656,10,11,8.64676284790039,76.11338646774092,189,-0.4999999999999998,-0.8660254037844388,0.4689707211805691,8.64676284790039,1,2,2024
2024-07-08,Deccan Plateau,17.8,78.5,0.0,45,48,31.621919631958008,10,11,23.94688606262207,10,11,7.6750335693359375,76.64993286132812,190,-0.4999999999999998,-0.8660254037844388,0.0,7.6750335693359375,1,2,2024
2024-07-09,Deccan Plateau,17.8,78.5,0.0,45,48,31.05604362487793,10,11,24.37720489501953,10,11,6.678838729858398,78.6423225402832,191,-0.4999999999999998,-0.8660254037844388,0.0,6.678838729858398,1,2,2024
2024-07-10,Deccan Plateau,17.8,78.5,0.0,45,48,32.9799919128418,10,11,23.88169860839844,10,11,9.098293304443356,73.80341339111328,192,-0.4999999999999998,-0.8660254037844388,0.0,9.098293304443356,1,2,2024
2024-07-11,Deccan Plateau,17.8,78.5,0.0,45,48,34.38553237915039,10,11,24.9909725189209,10,11,9.394559860229492,73.21088027954102,193,-0.4999999999999998,-0.8660254037844388,0.0,9.394559860229492,1,2,2024
2024-07-12,Deccan Plateau,17.8,78.5,5.878213882446289,45,48,32.713924407958984,10,11,24.92470932006836,10,11,7.789215087890625,82.20664684861224,194,-0.4999999999999998,-0.8660254037844388,1.9283590081311632,7.789215087890625,1,2,2024
2024-07-13,Deccan Plateau,17.8,78.5,1.8876503705978391,45,48,31.30488967895508,10,11,24.44585609436035,10,11,6.85903358459473,81.46326228347905,195,-0.4999999999999998,-0.8660254037844388,1.0604431508895034,6.85903358459473,1,2,2024
2024-07-14,Deccan Plateau,17.8,78.5,0.0,45,48,30.108850479125977,10,11,24.082496643066406,10,11,6.02635383605957,79.94729232788086,196,-0.4999999999999998,-0.8660254037844388,0.0,6.02635383605957,1,2,2024
2024-07-15,Deccan Plateau,17.8,78.5,2.5927302837371826,45,48,28.581682205200195,10,11,23.685388565063477,10,11,4.896293640136719,86.04415003422362,197,-0.4999999999999998,-0.8660254037844388,1.2789124381656876,4.896293640136719,1,2,2024
2024-07-16,Deccan Plateau,17.8,78.5,0.9602465033531188,45,48,30.6568603515625,10,11,24.01989364624023,10,11,6.636966705322269,80.74527728640942,198,-0.4999999999999998,-0.8660254037844388,0.673070232351315,6.636966705322269,1,2,2024
2024-07-17,Deccan Plateau,17.8,78.5,0.0,45,48,30.648412704467773,10,11,23.97537422180176,10,11,6.673038482666012,78.65392303466797,199,-0.4999999999999998,-0.8660254037844388,0.0,6.673038482666012,1,2,2024
2024-07-18,Deccan Plateau,17.8,78.5,0.0,45,48,30.04342269897461,10,11,24.77449607849121,10,11,5.268926620483398,81.4621467590332,200,-0.4999999999999998,-0.8660254037844388,0.0,5.268926620483398,1,2,2024
2024-07-19,Deccan Plateau,17.8,78.5,22.088361740112305,45,48,28.13978385925293,10,11,23.52280616760254,10,11,4.616977691650391,92.1840306260784,201,-0.4999999999999998,-0.8660254037844388,3.139328669793057,4.616977691650391,1,2,2024
2024-07-20,Deccan Plateau,17.8,78.5,9.004464149475098,45,48,25.504138946533203,10,11,23.145421981811523,10,11,2.3587169647216797,94.1916602955408,202,-0.4999999999999998,-0.8660254037844388,2.3030314083280476,2.3587169647216797,1,2,2024
2024-07-21,Deccan Plateau,17.8,78.5,13.202141761779783,45,48,26.529518127441406,10,11,22.67679977416992,10,11,3.852718353271488,92.2547416380414,203,-0.4999999999999998,-0.8660254037844388,2.6533927815281224,3.852718353271488,1,2,2024
2024-07-22,Deccan Plateau,17.8,78.5,30.592613220214844,45,48,29.84827041625977,10,11,23.292224884033203,10,11,6.556045532226566,89.24667893878602,204,-0.4999999999999998,-0.8660254037844388,3.4529233344130463,6.556045532226566,1,2,2024
2024-07-23,Deccan Plateau,17.8,78.5,0.0,45,48,28.290197372436523,10,11,24.008798599243164,10,11,4.281398773193359,83.43720245361328,205,-0.4999999999999998,-0.8660254037844388,0.0,4.281398773193359,1,2,2024
2024-07-24,Deccan Plateau,17.8,78.5,2.029740810394287,45,48,27.653499603271484,10,11,23.552162170410156,10,11,4.101337432861328,87.12275635849264,206,-0.4999999999999998,-0.8660254037844388,1.1084770747384296,4.101337432861328,1,2,2024
2024-07-25,Deccan Plateau,17.8,78.5,17.030975341796875,45,48,27.109668731689453,10,11,23.309646606445312,10,11,3.8000221252441406,93.07622914325674,207,-0.4999999999999998,-0.8660254037844388,2.892091131248339,3.8000221252441406,1,2,2024
2024-07-26,Deccan Plateau,17.8,78.5,7.086249828338623,45,48,29.18315887451172,10,11,23.49030113220215,10,11,5.69285774230957,86.88477971682264,208,-0.4999999999999998,-0.8660254037844388,2.0901650671472587,5.69285774230957,1,2,2024
2024-07-27,Deccan Plateau,17.8,78.5,0.946022093296051,45,48,28.970130920410156,10,11,24.465377807617188,10,11,4.504753112792969,84.98785578506414,209,-0.4999999999999998,-0.8660254037844388,0.6657873368833598,4.504753112792969,1,2,2024
2024-07-28,Deccan Plateau,17.8,78.5,4.342868804931641,45,48,30.409122467041016,10,11,24.47759437561035,10,11,5.931528091430664,85.1642320314507,210,-0.4999999999999998,-0.8660254037844388,1.675762738104007,5.931528091430664,1,2,2024
2024-07-29,Deccan Plateau,17.8,78.5,0.4415343403816223,45,48,31.199125289916992,10,11,24.28064346313477,10,11,6.918481826782223,79.2601605278891,211,-0.4999999999999998,-0.8660254037844388,0.3657080604845189,6.918481826782223,1,2,2024
2024-07-30,Deccan Plateau,17.8,78.5,0.3886702060699463,45,48,32.69233322143555,10,11,24.276941299438477,10,11,8.41539192199707,76.15425596484262,212,-0.4999999999999998,-0.8660254037844388,0.3283466029455882,8.41539192199707,1,2,2024
2024-07-31,Deccan Plateau,17.8,78.5,20.159379959106445,45,48,32.80162048339844,10,11,24.232776641845703,10,11,8.568843841552734,84.01856222907776,213,-0.4999999999999998,-0.8660254037844388,3.0520833040610764,8.568843841552734,1,2,2024
2024-08-01,Deccan Plateau,17.8,78.5,2.535498857498169,45,48,30.69038200378418,10,11,24.86385726928711,10,11,5.82652473449707,84.13551375773793,214,-0.8660254037844384,-0.5000000000000004,1.2628544089106903,5.82652473449707,1,2,2024
2024-08-02,Deccan Plateau,17.8,78.5,0.8451662659645081,45,48,31.20170783996582,10,11,24.466318130493164,10,11,6.735389709472656,80.36692875251306,215,-0.8660254037844384,-0.5000000000000004,0.6125693904861267,6.735389709472656,1,2,2024
2024-08-03,Deccan Plateau,17.8,78.5,5.21801233291626,45,48,31.424060821533203,10,11,24.470273971557617,10,11,6.953786849975586,83.57477718521777,216,-0.8660254037844384,-0.5000000000000004,1.827450295056316,6.953786849975586,1,2,2024
2024-08-04,Deccan Plateau,17.8,78.5,0.0,45,48,31.87755012512207,10,11,24.634157180786133,10,11,7.2433929443359375,77.51321411132812,217,-0.8660254037844384,-0.5000000000000004,0.0,7.2433929443359375,1,2,2024
2024-08-05,Deccan Plateau,17.8,78.5,0.0,45,48,33.220123291015625,10,11,24.04850196838379,10,11,9.171621322631836,73.65675735473633,218,-0.8660254037844384,-0.5000000000000004,0.0,9.171621322631836,1,2,2024
2024-08-06,Deccan Plateau,17.8,78.5,1.8494398593902588,45,48,29.580228805541992,10,11,23.957908630371097,10,11,5.622320175170895,83.89672695285553,219,-0.8660254037844384,-0.5000000000000004,1.04712243439911,5.622320175170895,1,2,2024
2024-08-07,Deccan Plateau,17.8,78.5,3.7575571537017822,45,48,27.857479095458984,10,11,23.57306671142578,10,11,4.284412384033203,88.1103782324509,220,-0.8660254037844384,-0.5000000000000004,1.5597343335057672,4.284412384033203,1,2,2024
2024-08-08,Deccan Plateau,17.8,78.5,8.460129737854004,45,48,30.34914779663086,10,11,22.76709747314453,10,11,7.582050323486328,83.57715764501924,221,-0.8660254037844384,-0.5000000000000004,2.247086097330634,7.582050323486328,1,2,2024
2024-08-09,Deccan Plateau,17.8,78.5,0.0,45,48,31.56336784362793,10,11,24.230451583862305,10,11,7.332916259765625,77.33416748046875,222,-0.8660254037844384,-0.5000000000000004,0.0,7.332916259765625,1,2,2024
2024-08-10,Deccan Plateau,17.8,78.5,8.249717712402344,45,48,32.043521881103516,10,11,24.4816837310791,10,11,7.561838150024414,83.55010280039278,223,-0.8660254037844384,-0.5000000000000004,2.224593033480538,7.561838150024414,1,2,2024
2024-08-11,Deccan Plateau,17.8,78.5,1.5084630250930786,45,48,31.883893966674805,10,11,23.874452590942383,10,11,8.009441375732422,78.7401279234939,224,-0.8660254037844384,-0.5000000000000004,0.9196702249862502,8.009441375732422,1,2,2024
2024-08-12,Deccan Plateau,17.8,78.5,0.0,45,48,32.74639892578125,10,11,24.533201217651367,10,11,8.213197708129883,75.57360458374023,225,-0.8660254037844384,-0.5000000000000004,0.0,8.213197708129883,1,2,2024
2024-08-13,Deccan Plateau,17.8,78.5,2.67053747177124,45,48,33.625648498535156,10,11,25.38603401184082,10,11,8.239614486694336,79.4217853308642,226,-0.8660254037844384,-0.5000000000000004,1.300338101417621,8.239614486694336,1,2,2024
2024-08-14,Deccan Plateau,17.8,78.5,0.0,45,48,32.63007354736328,10,11,25.87156867980957,10,11,6.758504867553711,78.48299026489258,227,-0.8660254037844384,-0.5000000000000004,0.0,6.758504867553711,1,2,2024
2024-08-15,Deccan Plateau,17.8,78.5,0.0,45,48,33.54342269897461,10,11,25.872373580932617,10,11,7.671049118041992,76.65790176391602,228,-0.8660254037844384,-0.5000000000000004,0.0,7.671049118041992,1,2,2024
2024-08-16,Deccan Plateau,17.8,78.5,8.909125328063965,45,48,32.64134216308594,10,11,25.048717498779297,10,11,7.592624664306641,83.69511892008397,229,-0.8660254037844384,-0.5000000000000004,2.2934560828990858,7.592624664306641,1,2,2024
2024-08-17,Deccan Plateau,17.8,78.5,8.017668724060059,45,48,32.79118728637695,10,11,24.70640754699707,10,11,8.084779739379883,82.42799805430917,230,-0.8660254037844384,-0.5000000000000004,2.1991858443563115,8.084779739379883,1,2,2024
2024-08-18,Deccan Plateau,17.8,78.5,52.075958251953125,45,48,34.078128814697266,10,11,24.820390701293945,10,11,9.25773811340332,85.39969595950174,231,-0.8660254037844384,-0.5000000000000004,3.971724062102796,9.25773811340332,1,2,2024
2024-08-19,Deccan Plateau,17.8,78.5,52.55463409423828,45,48,32.809879302978516,10,11,25.43157196044922,10,11,7.378307342529297,89.18549230751276,232,-0.8660254037844384,-0.5000000000000004,3.980702330857117,7.378307342529297,1,2,2024
2024-08-20,Deccan Plateau,17.8,78.5,25.732542037963867,45,48,31.750957489013672,10,11,23.094621658325195,10,11,8.656335830688477,84.54497321718966,233,-0.8660254037844384,-0.5000000000000004,3.2858816261888717,8.656335830688477,1,2,2024
2024-08-21,Deccan Plateau,17.8,78.5,9.047208786010742,45,48,32.768310546875,10,11,24.875545501708984,10,11,7.892765045166016,83.13635449925283,234,-0.8660254037844384,-0.5000000000000004,2.3072948631949566,7.892765045166016,1,2,2024
2024-08-22,Deccan Plateau,17.8,78.5,7.628394603729248,45,48,30.969654083251953,10,11,24.34441375732422,10,11,6.625240325927734,85.21469473633509,235,-0.8660254037844384,-0.5000000000000004,2.155058462730187,6.625240325927734,1,2,2024
2024-08-23,Deccan Plateau,17.8,78.5,0.0,45,48,30.61070442199707,10,11,24.26651382446289,10,11,6.34419059753418,79.31161880493164,236,-0.8660254037844384,-0.5000000000000004,0.0,6.34419059753418,1,2,2024
2024-08-24,Deccan Plateau,17.8,78.5,0.0,45,48,29.29241371154785,10,11,24.00386428833008,10,11,5.28854942321777,81.42290115356445,237,-0.8660254037844384,-0.5000000000000004,0.0,5.28854942321777,1,2,2024
2024-08-25,Deccan Plateau,17.8,78.5,5.916793346405029,45,48,30.609975814819336,10,11,23.17371940612793,10,11,7.436256408691406,82.92934400156851,238,-0.8660254037844384,-0.5000000000000004,1.9339522729837733,7.436256408691406,1,2,2024
2024-08-26,Deccan Plateau,17.8,78.5,2.8564960956573486,45,48,32.108070373535156,10,11,23.74748992919922,10,11,8.360580444335938,79.32811618328519,239,-0.8660254037844384,-0.5000000000000004,1.3497590239856865,8.360580444335938,1,2,2024
2024-08-27,Deccan Plateau,17.8,78.5,0.0,45,48,31.83229637145996,10,11,23.70423889160156,10,11,8.128057479858402,75.7438850402832,240,-0.8660254037844384,-0.5000000000000004,0.0,8.128057479858402,1,2,2024
2024-08-28,Deccan Plateau,17.8,78.5,0.0,45,48,31.674095153808594,10,11,23.361217498779297,10,11,8.312877655029297,75.3742446899414,241,-0.8660254037844384,-0.5000000000000004,0.0,8.312877655029297,1,2,2024
2024-08-29,Deccan Plateau,17.8,78.5,0.0,45,48,31.95033264160156,10,11,23.97732162475586,10,11,7.9730110168457,76.0539779663086,242,-0.8660254037844384,-0.5000000000000004,0.0,7.9730110168457,1,2,2024
2024-08-30,Deccan Plateau,17.8,78.5,8.95740795135498,45,48,29.965538024902344,10,11,23.759504318237305,10,11,6.206033706665039,86.48288296230628,243,-0.8660254037844384,-0.5000000000000004,2.2983167918787863,6.206033706665039,1,2,2024
2024-08-31,Deccan Plateau,17.8,78.5,4.168221473693848,45,48,26.722599029541016,10,11,22.872501373291016,10,11,3.85009765625,89.22739054863695,244,-0.8660254037844384,-0.5000000000000004,1.6425286203789802,3.85009765625,1,2,2024
2024-09-01,Deccan Plateau,17.8,78.5,75.87655639648438,45,48,26.032602310180664,10,11,23.00033950805664,10,11,3.032262802124023,98.0,245,-1.0,-1.8369701987210294e-16,4.342200971729665,3.032262802124023,1,2,2024
2024-09-02,Deccan Plateau,17.8,78.5,71.48705291748047,45,48,25.412357330322266,10,11,22.359302520751953,10,11,3.0530548095703125,98.0,246,-1.0,-1.8369701987210294e-16,4.283407965464697,3.0530548095703125,1,2,2024
2024-09-03,Deccan Plateau,17.8,78.5,17.831594467163086,45,48,27.874534606933594,10,11,22.798036575317383,10,11,5.076498031616211,90.65361198490108,247,-1.0,-1.8369701987210294e-16,2.935536016044503,5.076498031616211,1,2,2024
2024-09-04,Deccan Plateau,17.8,78.5,24.591144561767575,45,48,28.742664337158203,10,11,22.91151428222656,10,11,5.831150054931644,90.06443901839765,248,-1.0,-1.8369701987210294e-16,3.242246376086976,5.831150054931644,1,2,2024
2024-09-05,Deccan Plateau,17.8,78.5,3.095048666000366,45,48,30.73914909362793,10,11,23.607681274414062,10,11,7.131467819213867,81.96640016602304,249,-1.0,-1.8369701987210294e-16,1.4097786014835894,7.131467819213867,1,2,2024
2024-09-06,Deccan Plateau,17.8,78.5,0.3374501168727875,45,48,31.056396484375,10,11,23.82109642028809,10,11,7.2353000640869105,78.40169458171559,250,-1.0,-1.8369701987210294e-16,0.2907649032964723,7.2353000640869105,1,2,2024
2024-09-07,Deccan Plateau,17.8,78.5,2.501107931137085,45,48,30.111459732055664,10,11,23.51762962341309,10,11,6.593830108642575,82.5715781931855,251,-1.0,-1.8369701987210294e-16,1.2530794701568857,6.593830108642575,1,2,2024
2024-09-08,Deccan Plateau,17.8,78.5,1.1022329330444336,45,48,28.777265548706055,10,11,23.452112197875977,10,11,5.325153350830078,83.57869354216342,252,-1.0,-1.8369701987210294e-16,0.7430000812745282,5.325153350830078,1,2,2024
2024-09-09,Deccan Plateau,17.8,78.5,0.0,45,48,27.707693099975582,10,11,23.638931274414062,10,11,4.06876182556152,83.86247634887695,253,-1.0,-1.8369701987210294e-16,0.0,4.06876182556152,1,2,2024
2024-09-10,Deccan Plateau,17.8,78.5,0.8514559268951416,45,48,30.06566619873047,10,11,23.744909286499023,10,11,6.320756912231445,81.2064031268036,254,-1.0,-1.8369701987210294e-16,0.6159723170888273,6.320756912231445,1,2,2024
2024-09-11,Deccan Plateau,17.8,78.5,0.0,45,48,31.362394332885746,10,11,23.25705909729004,10,11,8.105335235595707,75.7893295288086,255,-1.0,-1.8369701987210294e-16,0.0,8.105335235595707,1,2,2024
2024-09-12,Deccan Plateau,17.8,78.5,0.0,45,48,31.60157012939453,10,11,23.549074172973633,10,11,8.052495956420898,75.8950080871582,256,-1.0,-1.8369701987210294e-16,0.0,8.052495956420898,1,2,2024
2024-09-13,Deccan Plateau,17.8,78.5,0.0,45,48,31.662965774536133,10,11,23.28688621520996,10,11,8.376079559326172,75.24784088134766,257,-1.0,-1.8369701987210294e-16,0.0,8.376079559326172,1,2,2024
2024-09-14,Deccan Plateau,17.8,78.5,0.0,45,48,31.84748649597168,10,11,22.981279373168945,10,11,8.866207122802734,74.26758575439453,258,-1.0,-1.8369701987210294e-16,0.0,8.866207122802734,1,2,2024
2024-09-15,Deccan Plateau,17.8,78.5,0.0,45,48,31.763784408569336,10,11,22.92781639099121,10,11,8.835968017578125,74.32806396484375,259,-1.0,-1.8369701987210294e-16,0.0,8.835968017578125,1,2,2024
2024-09-16,Deccan Plateau,17.8,78.5,0.0,45,48,31.658361434936523,10,11,23.36226272583008,10,11,8.296098709106442,75.40780258178711,260,-1.0,-1.8369701987210294e-16,0.0,8.296098709106442,1,2,2024
2024-09-17,Deccan Plateau,17.8,78.5,0.0,45,48,32.386573791503906,10,11,23.627647399902344,10,11,8.758926391601562,74.48214721679688,261,-1.0,-1.8369701987210294e-16,0.0,8.758926391601562,1,2,2024
2024-09-18,Deccan Plateau,17.8,78.5,0.0,45,48,33.223167419433594,10,11,23.99499893188477,10,11,9.228168487548825,73.54366302490234,262,-1.0,-1.8369701987210294e-16,0.0,9.228168487548825,1,2,2024
2024-09-19,Deccan Plateau,17.8,78.5,0.0,45,48,33.68244171142578,10,11,23.30780982971191,10,11,10.37463188171387,71.25073623657227,263,-1.0,-1.8369701987210294e-16,0.0,10.37463188171387,1,2,2024
2024-09-20,Deccan Plateau,17.8,78.5,0.0,45,48,33.79788589477539,10,11,24.34108543395996,10,11,9.45680046081543,73.08639907836914,264,-1.0,-1.8369701987210294e-16,0.0,9.45680046081543,1,2,2024
2024-09-21,Deccan Plateau,17.8,78.5,1.233143925666809,45,48,32.16403579711914,10,11,23.73645782470703,10,11,8.42757797241211,77.55507532936389,265,-1.0,-1.8369701987210294e-16,0.8034104247293686,8.42757797241211,1,2,2024
2024-09-22,Deccan Plateau,17.8,78.5,5.556185245513916,45,48,32.36907196044922,10,11,22.819110870361328,10,11,9.54996109008789,78.54130456889521,266,-1.0,-1.8369701987210294e-16,1.8804089163569997,9.54996109008789,1,2,2024
2024-09-23,Deccan Plateau,17.8,78.5,5.365756511688232,45,48,32.34739303588867,10,11,24.015464782714844,10,11,8.331928253173828,80.88894273331009,267,-1.0,-1.8369701987210294e-16,1.8509330798859165,8.331928253173828,1,2,2024
2024-09-24,Deccan Plateau,17.8,78.5,2.659341096878052,45,48,31.36380958557129,10,11,23.710451126098633,10,11,7.653358459472656,80.58513239014728,268,-1.0,-1.8369701987210294e-16,1.2972831030308625,7.653358459472656,1,2,2024
2024-09-25,Deccan Plateau,17.8,78.5,33.141563415527344,45,48,30.54448890686035,10,11,24.01012420654297,10,11,6.534364700317383,89.52281713105381,269,-1.0,-1.8369701987210294e-16,3.5305155105628594,6.534364700317383,1,2,2024
2024-09-26,Deccan Plateau,17.8,78.5,0.0,45,48,30.575550079345703,10,11,24.01703834533691,10,11,6.558511734008793,78.88297653198242,270,-1.0,-1.8369701987210294e-16,0.0,6.558511734008793,1,2,2024
2024-09-27,Deccan Plateau,17.8,78.5,0.0,45,48,31.39535903930664,10,11,23.82320213317871,10,11,7.57215690612793,76.85568618774414,271,-1.0,-1.8369701987210294e-16,0.0,7.57215690612793,1,2,2024
2024-09-28,Deccan Plateau,17.8,78.5,0.0,45,48,32.65186309814453,10,11,23.86133575439453,10,11,8.79052734375,74.4189453125,272,-1.0,-1.8369701987210294e-16,0.0,8.79052734375,1,2,2024
2024-09-29,Deccan Plateau,17.8,78.5,0.0,45,48,33.6885871887207,10,11,24.71137809753418,10,11,8.977209091186523,74.04558181762695,273,-1.0,-1.8369701987210294e-16,0.0,8.977209091186523,1,2,2024
2024-09-30,Deccan Plateau,17.8,78.5,0.0,45,48,33.805274963378906,10,11,24.921798706054688,10,11,8.883476257324219,74.23304748535156,274,-1.0,-1.8369701987210294e-16,0.0,8.883476257324219,1,2,2024
2024-10-01,Deccan Plateau,17.8,78.5,2.8273379802703857,45,48,34.64754867553711,10,11,24.318859100341797,10,11,10.328689575195312,75.36912940127371,275,-0.8660254037844386,0.5000000000000001,1.3421695172214474,10.328689575195312,1,2,2024
2024-10-02,Deccan Plateau,17.8,78.5,1.484444499015808,45,48,34.41328048706055,10,11,24.129600524902344,10,11,10.283679962158203,74.16278735443129,276,-0.8660254037844386,0.5000000000000001,0.9100490929158968,10.283679962158203,1,2,2024
2024-10-03,Deccan Plateau,17.8,78.5,2.7214388847351074,45,48,33.87042999267578,10,11,24.214866638183594,10,11,9.655563354492188,76.63120446242621,277,-0.8660254037844386,0.5000000000000001,1.3141103904701938,9.655563354492188,1,2,2024
2024-10-04,Deccan Plateau,17.8,78.5,0.0,45,48,33.551979064941406,10,11,23.597566604614254,10,11,9.954412460327152,72.0911750793457,278,-0.8660254037844386,0.5000000000000001,0.0,9.954412460327152,1,2,2024
2024-10-05,Deccan Plateau,17.8,78.5,0.70713871717453,45,48,32.30683517456055,10,11,23.670391082763672,10,11,8.636444091796875,76.3315679291059,279,-0.8660254037844386,0.5000000000000001,0.5348187042332165,8.636444091796875,1,2,2024
2024-10-06,Deccan Plateau,17.8,78.5,0.3263717293739319,45,48,33.024871826171875,10,11,24.082643508911133,10,11,8.942228317260742,74.96288493958981,280,-0.8660254037844386,0.5000000000000001,0.2824471913704332,8.942228317260742,1,2,2024
2024-10-07,Deccan Plateau,17.8,78.5,0.1401715874671936,45,48,32.84230041503906,10,11,23.630407333374023,10,11,9.21189308166504,73.96975013587655,281,-0.8660254037844386,0.5000000000000001,0.1311787664022091,9.21189308166504,1,2,2024
2024-10-08,Deccan Plateau,17.8,78.5,0.3263717293739319,45,48,32.282291412353516,10,11,23.968582153320312,10,11,8.313709259033203,76.21992305604489,282,-0.8660254037844386,0.5000000000000001,0.2824471913704332,8.313709259033203,1,2,2024
2024-10-09,Deccan Plateau,17.8,78.5,0.0,45,48,32.39104461669922,10,11,23.751100540161133,10,11,8.639944076538086,74.72011184692383,283,-0.8660254037844386,0.5000000000000001,0.0,8.639944076538086,1,2,2024
2024-10-10,Deccan Plateau,17.8,78.5,0.0,45,48,31.33160972595215,10,11,23.737464904785156,10,11,7.594144821166992,76.81171035766602,284,-0.8660254037844386,0.5000000000000001,0.0,7.594144821166992,1,2,2024
2024-10-11,Deccan Plateau,17.8,78.5,3.714699029922486,45,48,30.955337524414062,10,11,23.81783866882324,10,11,7.137498855590824,82.37705753356428,285,-0.8660254037844386,0.5000000000000001,1.5506850815819735,7.137498855590824,1,2,2024
2024-10-12,Deccan Plateau,17.8,78.5,0.8042469024658203,45,48,32.01597595214844,10,11,23.484146118164062,10,11,8.531829833984375,76.70677016054125,286,-0.8660254037844386,0.5000000000000001,0.5901432761700025,8.531829833984375,1,2,2024
2024-10-13,Deccan Plateau,17.8,78.5,1.7406493425369265,45,48,32.28004455566406,10,11,23.642494201660156,10,11,8.637550354003906,77.74948392794369,287,-0.8660254037844386,0.5000000000000001,1.0081948786505004,8.637550354003906,1,2,2024
2024-10-14,Deccan Plateau,17.8,78.5,0.0,45,48,31.51222801208496,10,11,23.79151153564453,10,11,7.72071647644043,76.55856704711914,288,-0.8660254037844386,0.5000000000000001,0.0,7.72071647644043,1,2,2024
2024-10-15,Deccan Plateau,17.8,78.5,4.474063396453857,45,48,31.394819259643555,10,11,23.90263557434082,10,11,7.492183685302734,82.1156962051777,289,-0.8660254037844386,0.5000000000000001,1.7000211919277222,7.492183685302734,1,2,2024
2024-10-16,Deccan Plateau,17.8,78.5,38.01896286010742,45,48,31.281551361083984,10,11,23.731956481933594,10,11,7.549594879150391,87.89295350712449,290,-0.8660254037844386,0.5000000000000001,3.664047755141755,7.549594879150391,1,2,2024
2024-10-17,Deccan Plateau,17.8,78.5,1.069701910018921,45,48,31.86054039001465,10,11,24.13509178161621,10,11,7.725448608398437,78.73131655946055,291,-0.8660254037844386,0.5000000000000001,0.7274045920858104,7.725448608398437,1,2,2024
2024-10-18,Deccan Plateau,17.8,78.5,0.3824412524700165,45,48,32.21250915527344,10,11,24.069732666015625,10,11,8.142776489257812,76.68599990094107,292,-0.8660254037844386,0.5000000000000001,0.3238509598188963,8.142776489257812,1,2,2024
2024-10-19,Deccan Plateau,17.8,78.5,0.4895575940608978,45,48,32.920867919921875,10,11,23.775896072387695,10,11,9.14497184753418,74.90549378232528,293,-0.8660254037844386,0.5000000000000001,0.3984791591312134,9.14497184753418,1,2,2024
2024-10-20,Deccan Plateau,17.8,78.5,1.2090216875076294,45,48,32.2945671081543,10,11,23.30869483947754,10,11,8.985872268676758,76.40590468919876,294,-0.8660254037844386,0.5000000000000001,0.7925497421840952,8.985872268676758,1,2,2024
2024-10-21,Deccan Plateau,17.8,78.5,2.158392429351806,45,48,32.54814910888672,10,11,23.464887619018555,10,11,9.083261489868164,77.2836665400609,295,-0.8660254037844386,0.5000000000000001,1.1500631732657427,9.083261489868164,1,2,2024
2024-10-22,Deccan Plateau,17.8,78.5,2.7239487171173096,45,48,32.35205078125,10,11,22.909936904907227,10,11,9.442113876342772,77.0601260125333,296,-0.8660254037844386,0.5000000000000001,1.3147845884062814,9.442113876342772,1,2,2024
2024-10-23,Deccan Plateau,17.8,78.5,0.0,45,48,32.039772033691406,10,11,22.650239944458008,10,11,9.389532089233398,73.2209358215332,297,-0.8660254037844386,0.5000000000000001,0.0,9.389532089233398,1,2,2024
2024-10-24,Deccan Plateau,17.8,78.5,0.0,45,48,31.681148529052734,10,11,21.287654876708984,10,11,10.39349365234375,71.2130126953125,298,-0.8660254037844386,0.5000000000000001,0.0,10.39349365234375,1,2,2024
2024-10-25,Deccan Plateau,17.8,78.5,0.0,45,48,32.17460632324219,10,11,20.380409240722656,10,11,11.794197082519531,68.41160583496094,299,-0.8660254037844386,0.5000000000000001,0.0,11.794197082519531,1,2,2024
2024-10-26,Deccan Plateau,17.8,78.5,0.0,45,48,32.78446578979492,10,11,21.13701057434082,10,11,11.647455215454102,68.7050895690918,300,-0.8660254037844386,0.5000000000000001,0.0,11.647455215454102,1,2,2024
2024-10-27,Deccan Plateau,17.8,78.5,0.0,45,48,32.942237854003906,10,11,20.28643798828125,10,11,12.655799865722656,66.68840026855469,301,-0.8660254037844386,0.5000000000000001,0.0,12.655799865722656,1,2,2024
2024-10-28,Deccan Plateau,17.8,78.5,0.0,45,48,33.19902420043945,10,11,20.960176467895508,10,11,12.238847732543944,67.52230453491211,302,-0.8660254037844386,0.5000000000000001,0.0,12.238847732543944,1,2,2024
2024-10-29,Deccan Plateau,17.8,78.5,0.0,45,48,33.3829231262207,10,11,21.947208404541016,10,11,11.435714721679688,69.12857055664062,303,-0.8660254037844386,0.5000000000000001,0.0,11.435714721679688,1,2,2024
2024-10-30,Deccan Plateau,17.8,78.5,0.0,45,48,32.31678009033203,10,11,23.303024291992188,10,11,9.013755798339844,73.97248840332031,304,-0.8660254037844386,0.5000000000000001,0.0,9.013755798339844,1,2,2024
2024-10-31,Deccan Plateau,17.8,78.5,0.3263717293739319,45,48,32.08711624145508,10,11,23.215065002441406,10,11,8.872051239013672,75.10323909608395,305,-0.8660254037844386,0.5000000000000001,0.2824471913704332,8.872051239013672,1,2,2024
2024-11-01,Deccan Plateau,17.8,78.5,0.0,45,48,32.11117935180664,10,11,23.239181518554688,10,11,8.871997833251953,74.2560043334961,306,-0.5000000000000004,0.8660254037844384,0.0,8.871997833251953,1,2,2024
2024-11-02,Deccan Plateau,17.8,78.5,4.49749755859375,45,48,32.23167037963867,10,11,22.688814163208008,10,11,9.542856216430664,78.02716656519699,307,-0.5000000000000004,0.8660254037844384,1.7042929993527742,9.542856216430664,1,2,2024
2024-11-03,Deccan Plateau,17.8,78.5,0.0,45,48,31.89362144470215,10,11,22.043441772460938,10,11,9.850179672241213,72.29964065551758,308,-0.5000000000000004,0.8660254037844384,0.0,9.850179672241213,1,2,2024
2024-11-04,Deccan Plateau,17.8,78.5,0.0,45,48,31.937259674072266,10,11,21.43647003173828,10,11,10.500789642333984,70.99842071533203,309,-0.5000000000000004,0.8660254037844384,0.0,10.500789642333984,1,2,2024
2024-11-05,Deccan Plateau,17.8,78.5,0.0,45,48,31.860790252685547,10,11,20.143997192382812,10,11,11.716793060302734,68.56641387939453,310,-0.5000000000000004,0.8660254037844384,0.0,11.716793060302734,1,2,2024
2024-11-06,Deccan Plateau,17.8,78.5,0.0,45,48,32.440670013427734,10,11,19.441497802734375,10,11,12.99917221069336,66.00165557861328,311,-0.5000000000000004,0.8660254037844384,0.0,12.99917221069336,1,2,2024
2024-11-07,Deccan Plateau,17.8,78.5,0.0,45,48,32.33282470703125,10,11,19.37343406677246,10,11,12.959390640258787,66.08121871948242,312,-0.5000000000000004,0.8660254037844384,0.0,12.959390640258787,1,2,2024
2024-11-08,Deccan Plateau,17.8,78.5,0.0,45,48,32.44713592529297,10,11,20.145322799682617,10,11,12.301813125610352,67.3963737487793,313,-0.5000000000000004,0.8660254037844384,0.0,12.301813125610352,1,2,2024
2024-11-09,Deccan Plateau,17.8,78.5,0.0,45,48,32.39390563964844,10,11,20.409643173217773,10,11,11.984262466430664,68.03147506713867,314,-0.5000000000000004,0.8660254037844384,0.0,11.984262466430664,1,2,2024
2024-11-10,Deccan Plateau,17.8,78.5,0.0,45,48,32.08110809326172,10,11,20.046186447143555,10,11,12.034921646118164,67.93015670776367,315,-0.5000000000000004,0.8660254037844384,0.0,12.034921646118164,1,2,2024
2024-11-11,Deccan Plateau,17.8,78.5,0.0,45,48,31.661317825317383,10,11,18.791576385498047,10,11,12.869741439819336,66.26051712036133,316,-0.5000000000000004,0.8660254037844384,0.0,12.869741439819336,1,2,2024
2024-11-12,Deccan Plateau,17.8,78.5,0.0,45,48,31.36357307434082,10,11,19.489770889282227,10,11,11.873802185058594,68.25239562988281,317,-0.5000000000000004,0.8660254037844384,0.0,11.873802185058594,1,2,2024
2024-11-13,Deccan Plateau,17.8,78.5,0.0,45,48,31.75645637512207,10,11,21.749303817749023,10,11,10.007152557373049,71.9856948852539,318,-0.5000000000000004,0.8660254037844384,0.0,10.007152557373049,1,2,2024
2024-11-14,Deccan Plateau,17.8,78.5,0.0,45,48,32.023216247558594,10,11,21.900110244750977,10,11,10.123106002807615,71.75378799438477,319,-0.5000000000000004,0.8660254037844384,0.0,10.123106002807615,1,2,2024
2024-11-15,Deccan Plateau,17.8,78.5,0.0,45,48,32.407161712646484,10,11,21.213809967041016,10,11,11.193351745605469,69.61329650878906,320,-0.5000000000000004,0.8660254037844384,0.0,11.193351745605469,1,2,2024
2024-11-16,Deccan Plateau,17.8,78.5,0.0,45,48,32.32654571533203,10,11,20.76033592224121,10,11,11.56620979309082,68.86758041381836,321,-0.5000000000000004,0.8660254037844384,0.0,11.56620979309082,1,2,2024
2024-11-17,Deccan Plateau,17.8,78.5,0.0,45,48,30.987085342407227,10,11,19.595922470092773,10,11,11.391162872314451,69.2176742553711,322,-0.5000000000000004,0.8660254037844384,0.0,11.391162872314451,1,2,2024
2024-11-18,Deccan Plateau,17.8,78.5,0.0,45,48,30.45968246459961,10,11,17.477054595947266,10,11,12.982627868652344,66.03474426269531,323,-0.5000000000000004,0.8660254037844384,0.0,12.982627868652344,1,2,2024
2024-11-19,Deccan Plateau,17.8,78.5,0.0,45,48,30.22722816467285,10,11,16.73790168762207,10,11,13.48932647705078,65.02134704589844,324,-0.5000000000000004,0.8660254037844384,0.0,13.48932647705078,1,2,2024
2024-11-20,Deccan Plateau,17.8,78.5,0.0,45,48,29.889442443847656,10,11,15.79539966583252,10,11,14.094042778015137,63.81191444396973,325,-0.5000000000000004,0.8660254037844384,0.0,14.094042778015137,1,2,2024
2024-11-21,Deccan Plateau,17.8,78.5,0.0,45,48,30.081315994262695,10,11,15.97331714630127,10,11,14.107998847961426,63.78400230407715,326,-0.5000000000000004,0.8660254037844384,0.0,14.107998847961426,1,2,2024
2024-11-22,Deccan Plateau,17.8,78.5,0.0,45,48,29.57097816467285,10,11,15.814085006713867,10,11,13.756893157958984,64.48621368408203,327,-0.5000000000000004,0.8660254037844384,0.0,13.756893157958984,1,2,2024
2024-11-23,Deccan Plateau,17.8,78.5,0.0,45,48,29.728103637695312,10,11,15.685680389404297,10,11,14.042423248291016,63.91515350341797,328,-0.5000000000000004,0.8660254037844384,0.0,14.042423248291016,1,2,2024
2024-11-24,Deccan Plateau,17.8,78.5,0.0,45,48,29.617233276367188,10,11,16.100845336914062,10,11,13.516387939453123,64.96722412109375,329,-0.5000000000000004,0.8660254037844384,0.0,13.516387939453123,1,2,2024
2024-11-25,Deccan Plateau,17.8,78.5,0.0,45,48,29.088972091674805,10,11,15.584611892700195,10,11,13.50436019897461,64.99127960205078,330,-0.5000000000000004,0.8660254037844384,0.0,13.50436019897461,1,2,2024
2024-11-26,Deccan Plateau,17.8,78.5,0.0,45,48,30.166532516479492,10,11,15.355524063110352,10,11,14.81100845336914,62.37798309326172,331,-0.5000000000000004,0.8660254037844384,0.0,14.81100845336914,1,2,2024
2024-11-27,Deccan Plateau,17.8,78.5,0.0,45,48,28.94821548461914,10,11,15.85086727142334,10,11,13.0973482131958,65.8053035736084,332,-0.5000000000000004,0.8660254037844384,0.0,13.0973482131958,1,2,2024
2024-11-28,Deccan Plateau,17.8,78.5,0.0,45,48,29.410608291625977,10,11,15.093043327331545,10,11,14.317564964294432,63.36487007141113,333,-0.5000000000000004,0.8660254037844384,0.0,14.317564964294432,1,2,2024
2024-11-29,Deccan Plateau,17.8,78.5,0.0,45,48,30.73120880126953,10,11,16.13319969177246,10,11,14.59800910949707,62.80398178100586,334,-0.5000000000000004,0.8660254037844384,0.0,14.59800910949707,1,2,2024
2024-11-30,Deccan Plateau,17.8,78.5,0.0,45,48,29.444244384765625,10,11,19.59608268737793,10,11,9.848161697387695,72.30367660522461,335,-0.5000000000000004,0.8660254037844384,0.0,9.848161697387695,1,2,2024
2024-12-01,Deccan Plateau,17.8,78.5,0.0,45,48,29.68509101867676,10,11,21.43183326721191,10,11,8.25325775146485,75.4934844970703,336,-2.4492935982947064e-16,1.0,0.0,8.25325775146485,1,2,2024
2024-12-02,Deccan Plateau,17.8,78.5,0.1401715874671936,45,48,28.888254165649418,10,11,21.768800735473633,10,11,7.119453430175785,78.15462943885507,337,-2.4492935982947064e-16,1.0,0.1311787664022091,7.119453430175785,1,2,2024
2024-12-03,Deccan Plateau,17.8,78.5,0.8069525361061096,45,48,29.65749740600586,10,11,22.1324520111084,10,11,7.525045394897461,78.72483444395523,338,-2.4492935982947064e-16,1.0,0.5916417445833837,7.525045394897461,1,2,2024
2024-12-04,Deccan Plateau,17.8,78.5,0.0,45,48,31.086164474487305,10,11,21.794641494750977,10,11,9.291522979736328,73.41695404052734,339,-2.4492935982947064e-16,1.0,0.0,9.291522979736328,1,2,2024
2024-12-05,Deccan Plateau,17.8,78.5,0.0,45,48,32.20882797241211,10,11,21.876550674438477,10,11,10.332277297973633,71.33544540405273,340,-2.4492935982947064e-16,1.0,0.0,10.332277297973633,1,2,2024
2024-12-06,Deccan Plateau,17.8,78.5,0.0,45,48,32.593502044677734,10,11,22.390905380249023,10,11,10.202596664428713,71.59480667114258,341,-2.4492935982947064e-16,1.0,0.0,10.202596664428713,1,2,2024
2024-12-07,Deccan Plateau,17.8,78.5,0.0,45,48,31.912656784057617,10,11,22.43133544921875,10,11,9.481321334838867,73.03735733032227,342,-2.4492935982947064e-16,1.0,0.0,9.481321334838867,1,2,2024
2024-12-08,Deccan Plateau,17.8,78.5,5.17692232131958,45,48,30.07282066345215,10,11,22.406097412109375,10,11,7.666723251342773,82.12901392080744,343,-2.4492935982947064e-16,1.0,1.8208201411643292,7.666723251342773,1,2,2024
2024-12-09,Deccan Plateau,17.8,78.5,0.0,45,48,30.49418830871582,10,11,21.28945541381836,10,11,9.20473289489746,73.59053421020508,344,-2.4492935982947064e-16,1.0,0.0,9.20473289489746,1,2,2024
2024-12-10,Deccan Plateau,17.8,78.5,0.0,45,48,30.75339126586914,10,11,20.02151870727539,10,11,10.73187255859375,70.5362548828125,345,-2.4492935982947064e-16,1.0,0.0,10.73187255859375,1,2,2024
2024-12-11,Deccan Plateau,17.8,78.5,0.0,45,48,30.20550537109375,10,11,17.566450119018555,10,11,12.639055252075195,66.72188949584961,346,-2.4492935982947064e-16,1.0,0.0,12.639055252075195,1,2,2024
2024-12-12,Deccan Plateau,17.8,78.5,0.0,45,48,30.394813537597656,10,11,14.932116508483888,10,11,15.462697029113768,61.07460594177246,347,-2.4492935982947064e-16,1.0,0.0,15.462697029113768,1,2,2024
2024-12-13,Deccan Plateau,17.8,78.5,0.0,45,48,29.48060607910156,10,11,16.703369140625,10,11,12.77723693847656,66.44552612304688,348,-2.4492935982947064e-16,1.0,0.0,12.77723693847656,1,2,2024
2024-12-14,Deccan Plateau,17.8,78.5,0.0,45,48,29.676889419555664,10,11,16.124486923217773,10,11,13.55240249633789,64.89519500732422,349,-2.4492935982947064e-16,1.0,0.0,13.55240249633789,1,2,2024
2024-12-15,Deccan Plateau,17.8,78.5,0.0,45,48,29.4798583984375,10,11,14.358443260192873,10,11,15.121415138244627,61.75716972351074,350,-2.4492935982947064e-16,1.0,0.0,15.121415138244627,1,2,2024
2024-12-16,Deccan Plateau,17.8,78.5,0.0,45,48,29.641765594482425,10,11,11.60504913330078,10,11,18.036716461181648,55.926567077636705,351,-2.4492935982947064e-16,1.0,0.0,18.036716461181648,1,2,2024
2024-12-17,Deccan Plateau,17.8,78.5,0.0,45,48,30.075855255126953,10,11,12.09708023071289,10,11,17.978775024414062,56.042449951171875,352,-2.4492935982947064e-16,1.0,0.0,17.978775024414062,1,2,2024
2024-12-18,Deccan Plateau,17.8,78.5,0.0,45,48,30.70405960083008,10,11,14.252030372619627,10,11,16.452029228210456,59.09594154357909,353,-2.4492935982947064e-16,1.0,0.0,16.452029228210456,1,2,2024
2024-12-19,Deccan Plateau,17.8,78.5,0.0,45,48,31.749526977539062,10,11,16.236774444580078,10,11,15.512752532958984,60.97449493408203,354,-2.4492935982947064e-16,1.0,0.0,15.512752532958984,1,2,2024
2024-12-20,Deccan Plateau,17.8,78.5,0.0,45,48,31.52713394165039,10,11,21.215518951416016,10,11,10.311614990234377,71.37677001953125,355,-2.4492935982947064e-16,1.0,0.0,10.311614990234377,1,2,2024
2024-12-21,Deccan Plateau,17.8,78.5,0.0,45,48,31.502288818359375,10,11,20.18096923828125,10,11,11.321319580078123,69.35736083984375,356,-2.4492935982947064e-16,1.0,0.0,11.321319580078123,1,2,2024
2024-12-22,Deccan Plateau,17.8,78.5,0.0,45,48,30.264739990234375,10,11,20.25500106811523,10,11,10.009738922119144,71.98052215576172,357,-2.4492935982947064e-16,1.0,0.0,10.009738922119144,1,2,2024
2024-12-23,Deccan Plateau,17.8,78.5,0.0,45,48,30.945579528808594,10,11,18.6591796875,10,11,12.286399841308594,67.42720031738281,358,-2.4492935982947064e-16,1.0,0.0,12.286399841308594,1,2,2024
2024-12-24,Deccan Plateau,17.8,78.5,0.0,45,48,30.027198791503903,10,11,19.28521728515625,10,11,10.741981506347653,70.51603698730469,359,-2.4492935982947064e-16,1.0,0.0,10.741981506347653,1,2,2024
2024-12-25,Deccan Plateau,17.8,78.5,0.0,45,48,26.44527053833008,10,11,19.23742294311523,10,11,7.207847595214851,77.5843048095703,360,-2.4492935982947064e-16,1.0,0.0,7.207847595214851,1,2,2024
2024-12-26,Deccan Plateau,17.8,78.5,1.721180081367493,45,48,27.799156188964844,10,11,20.20111846923828,10,11,7.598037719726563,79.80712147954081,361,-2.4492935982947064e-16,1.0,1.0010656396646442,7.598037719726563,1,2,2024
2024-12-27,Deccan Plateau,17.8,78.5,0.5212224125862122,45,48,29.140783309936523,10,11,20.70720672607422,10,11,8.433576583862305,76.3913895236381,362,-2.4492935982947064e-16,1.0,0.4195142304542354,8.433576583862305,1,2,2024
2024-12-28,Deccan Plateau,17.8,78.5,0.0,45,48,30.802873611450195,10,11,18.27690315246582,10,11,12.525970458984377,66.94805908203125,363,-2.4492935982947064e-16,1.0,0.0,12.525970458984377,1,2,2024
2024-12-29,Deccan Plateau,17.8,78.5,0.0,45,48,31.979284286499023,10,11,18.72039031982422,10,11,13.258893966674805,65.48221206665039,364,-2.4492935982947064e-16,1.0,0.0,13.258893966674805,1,2,2024
2024-12-30,Deccan Plateau,17.8,78.5,0.0,45,48,32.23402786254883,10,11,17.025461196899414,10,11,15.208566665649414,61.58286666870117,365,-2.4492935982947064e-16,1.0,0.0,15.208566665649414,1,2,2024
2024-12-31,Deccan Plateau,17.8,78.5,0.0,45,48,31.340030670166016,10,11,18.03550720214844,10,11,13.304523468017576,65.39095306396484,366,-2.4492935982947064e-16,1.0,0.0,13.304523468017576,1,2,2024
2024-01-01,Indo-Gangetic Plain,26.5,81.0,0.0,80,58,17.240314483642578,19,14,9.60140323638916,19,14,7.638911247253418,76.72217750549316,1,0.4999999999999999,0.8660254037844387,0.0,7.638911247253418,1,3,2024
2024-01-02,Indo-Gangetic Plain,26.5,81.0,0.0,80,58,17.626358032226562,19,14,9.362483978271484,19,14,8.263874053955078,75.47225189208984,2,0.4999999999999999,0.8660254037844387,0.0,8.263874053955078,1,3,2024
2024-01-03,Indo-Gangetic Plain,26.5,81.0,0.8086069226264954,80,58,17.615659713745117,19,14,10.695723533630373,19,14,6.919936180114744,79.93779831856959,3,0.4999999999999999,0.8660254037844387,0.5925568929330267,6.919936180114744,1,3,2024
2024-01-04,Indo-Gangetic Plain,26.5,81.0,0.0,80,58,17.670429229736328,19,14,11.501245498657228,19,14,6.1691837310791,79.6616325378418,4,0.4999999999999999,0.8660254037844387,0.0,6.1691837310791,1,3,2024
2024-01-05,Indo-Gangetic Plain,26.5,81.0,0.0,80,58,15.9685697555542,19,14,12.555779457092283,19,14,3.412790298461916,85.17441940307617,5,0.4999999999999999,0.8660254037844387,0.0,3.412790298461916,1,3,2024
2024-01-06,Indo-Gangetic Plain,26.5,81.0,15.835536003112791,80,58,17.564321517944336,19,14,12.862825393676758,19,14,4.701496124267578,91.06748342363366,6,0.4999999999999999,0.8660254037844387,2.8234918907229383,4.701496124267578,1,3,2024
2024-01-07,Indo-Gangetic Plain,26.5,81.0,0.0,80,58,19.385398864746097,19,14,12.158609390258787,19,14,7.22678947448731,77.54642105102538,7,0.4999999999999999,0.8660254037844387,0.0,7.22678947448731,1,3,2024
2024-01-08,Indo-Gangetic Plain,26.5,81.0,0.0,80,58,19.745838165283203,19,14,10.289947509765623,19,14,9.45589065551758,73.08821868896484,8,0.4999999999999999,0.8660254037844387,0.0,9.45589065551758,1,3,2024
2024-01-09,Indo-Gangetic Plain,26.5,81.0,0.0,80,58,18.499767303466797,19,14,10.47713851928711,19,14,8.022628784179688,75.95474243164062,9,0.4999999999999999,0.8660254037844387,0.0,8.022628784179688,1,3,2024
2024-01-10,Indo-Gangetic Plain,26.5,81.0,0.0,80,58,18.24330139160156,19,14,11.581804275512695,19,14,6.661497116088864,78.67700576782227,10,0.4999999999999999,0.8660254037844387,0.0,6.661497116088864,1,3,2024
2024-01-11,Indo-Gangetic Plain,26.5,81.0,0.0,80,58,18.547836303710938,19,14,8.351014137268066,19,14,10.196822166442873,71.60635566711426,11,0.4999999999999999,0.8660254037844387,0.0,10.196822166442873,1,3,2024
2024-01-12,Indo-Gangetic Plain,26.5,81.0,0.0,80,58,18.082332611083984,19,14,7.285201549530029,19,14,10.797131061553957,70.40573787689209,12,0.4999999999999999,0.8660254037844387,0.0,10.797131061553957,1,3,2024
2024-01-13,Indo-Gangetic Plain,26.5,81.0,0.0,80,58,18.29901695251465,19,14,6.359851360321045,19,14,11.939165592193604,68.1216688156128,13,0.4999999999999999,0.8660254037844387,0.0,11.939165592193604,1,3,2024
2024-01-14,Indo-Gangetic Plain,26.5,81.0,0.0,80,58,16.84621810913086,19,14,7.635706901550293,19,14,9.210511207580566,73.57897758483887,14,0.4999999999999999,0.8660254037844387,0.0,9.210511207580566,1,3,2024
2024-01-15,Indo-Gangetic Plain,26.5,81.0,0.0,80,58,16.120059967041016,19,14,8.477225303649902,19,14,7.642834663391113,76.71433067321777,15,0.4999999999999999,0.8660254037844387,0.0,7.642834663391113,1,3,2024
2024-01-16,Indo-Gangetic Plain,26.5,81.0,0.0,80,58,14.94215202331543,19,14,6.577136039733887,19,14,8.365015983581543,75.26996803283691,16,0.4999999999999999,0.8660254037844387,0.0,8.365015983581543,1,3,2024
2024-01-17,Indo-Gangetic Plain,26.5,81.0,0.0,80,58,13.869806289672852,19,14,7.306475162506104,19,14,6.563331127166747,78.8733377456665,17,0.4999999999999999,0.8660254037844387,0.0,6.563331127166747,1,3,2024
2024-01-18,Indo-Gangetic Plain,26.5,81.0,0.0,80,58,13.687724113464355,19,14,7.618931293487549,19,14,6.068792819976807,79.86241436004639,18,0.4999999999999999,0.8660254037844387,0.0,6.068792819976807,1,3,2024
2024-01-19,Indo-Gangetic Plain,26.5,81.0,0.0,80,58,12.807985305786133,19,14,6.242879390716553,19,14,6.56510591506958,78.86978816986084,19,0.4999999999999999,0.8660254037844387,0.0,6.56510591506958,1,3,2024
2024-01-20,Indo-Gangetic Plain,26.5,81.0,0.0,80,58,14.198640823364258,19,14,6.995545387268066,19,14,7.203095436096191,77.59380912780762,20,0.4999999999999999,0.8660254037844387,0.0,7.203095436096191,1,3,2024
2024-01-21,Indo-Gangetic Plain,26.5,81.0,0.0,80,58,15.573543548583984,19,14,7.361363410949707,19,14,8.212180137634277,75.57563972473145,21,0.4999999999999999,0.8660254037844387,0.0,8.212180137634277,1,3,2024
2024-01-22,Indo-Gangetic Plain,26.5,81.0,0.0,80,58,16.397132873535156,19,14,6.7252960205078125,19,14,9.671836853027344,72.65632629394531,22,0.4999999999999999,0.8660254037844387,0.0,9.671836853027344,1,3,2024
2024-01-23,Indo-Gangetic Plain,26.5,81.0,0.0,80,58,17.165687561035156,19,14,5.0920915603637695,19,14,12.073596000671388,67.85280799865723,23,0.4999999999999999,0.8660254037844387,0.0,12.073596000671388,1,3,2024
2024-01-24,Indo-Gangetic Plain,26.5,81.0,0.0,80,58,17.049558639526367,19,14,6.184182167053223,19,14,10.865376472473145,70.26924705505371,24,0.4999999999999999,0.8660254037844387,0.0,10.865376472473145,1,3,2024
2024-01-25,Indo-Gangetic Plain,26.5,81.0,0.0,80,58,18.073768615722656,19,14,6.074892044067383,19,14,11.998876571655272,68.00224685668945,25,0.4999999999999999,0.8660254037844387,0.0,11.998876571655272,1,3,2024
2024-01-26,Indo-Gangetic Plain,26.5,81.0,0.0,80,58,18.828128814697266,19,14,7.140265941619873,19,14,11.687862873077393,68.62427425384521,26,0.4999999999999999,0.8660254037844387,0.0,11.687862873077393,1,3,2024
2024-01-27,Indo-Gangetic Plain,26.5,81.0,0.0,80,58,20.94675636291504,19,14,6.742164611816406,19,14,14.204591751098633,63.590816497802734,27,0.4999999999999999,0.8660254037844387,0.0,14.204591751098633,1,3,2024
2024-01-28,Indo-Gangetic Plain,26.5,81.0,0.0,80,58,20.138586044311523,19,14,8.67337417602539,19,14,11.465211868286133,69.06957626342773,28,0.4999999999999999,0.8660254037844387,0.0,11.465211868286133,1,3,2024
2024-01-29,Indo-Gangetic Plain,26.5,81.0,0.0,80,58,23.005870819091797,19,14,10.03962230682373,19,14,12.966248512268066,66.06750297546387,29,0.4999999999999999,0.8660254037844387,0.0,12.966248512268066,1,3,2024
2024-01-30,Indo-Gangetic Plain,26.5,81.0,0.0,80,58,24.364147186279297,19,14,9.206884384155272,19,14,15.157262802124023,61.68547439575195,30,0.4999999999999999,0.8660254037844387,0.0,15.157262802124023,1,3,2024
2024-01-31,Indo-Gangetic Plain,26.5,81.0,0.0,80,58,24.744651794433594,19,14,10.671358108520508,19,14,14.073293685913086,63.85341262817383,31,0.4999999999999999,0.8660254037844387,0.0,14.073293685913086,1,3,2024
2024-02-01,Indo-Gangetic Plain,26.5,81.0,0.0,80,58,23.184600830078125,19,14,12.578207015991213,19,14,10.606393814086912,70.78721237182617,32,0.8660254037844386,0.5000000000000001,0.0,10.606393814086912,1,3,2024
2024-02-02,Indo-Gangetic Plain,26.5,81.0,0.0,80,58,23.48254013061523,19,14,11.35931396484375,19,14,12.12322616577148,67.75354766845703,33,0.8660254037844386,0.5000000000000001,0.0,12.12322616577148,1,3,2024
2024-02-03,Indo-Gangetic Plain,26.5,81.0,0.0,80,58,24.650482177734375,19,14,10.597658157348633,19,14,14.052824020385742,63.89435195922851,34,0.8660254037844386,0.5000000000000001,0.0,14.052824020385742,1,3,2024
2024-02-04,Indo-Gangetic Plain,26.5,81.0,0.0,80,58,21.542789459228516,19,14,12.064321517944336,19,14,9.47846794128418,73.04306411743164,35,0.8660254037844386,0.5000000000000001,0.0,9.47846794128418,1,3,2024
2024-02-05,Indo-Gangetic Plain,26.5,81.0,16.048189163208008,80,58,21.677993774414062,19,14,14.067313194274902,19,14,7.61068058013916,85.28677081167959,36,0.8660254037844386,0.5000000000000001,2.836043990652636,7.61068058013916,1,3,2024
2024-02-06,Indo-Gangetic Plain,26.5,81.0,0.4951305687427521,80,58,20.33752822875977,19,14,13.593073844909668,19,14,6.744454383850101,79.71773185224183,37,0.8660254037844386,0.5000000000000001,0.4022135399806739,6.744454383850101,1,3,2024
2024-02-07,Indo-Gangetic Plain,26.5,81.0,0.0,80,58,22.63835906982422,19,14,9.618688583374023,19,14,13.019670486450195,65.96065902709961,38,0.8660254037844386,0.5000000000000001,0.0,13.019670486450195,1,3,2024
2024-02-08,Indo-Gangetic Plain,26.5,81.0,0.0,80,58,21.99918556213379,19,14,9.33471393585205,19,14,12.664471626281738,66.67105674743652,39,0.8660254037844386,0.5000000000000001,0.0,12.664471626281738,1,3,2024
2024-02-09,Indo-Gangetic Plain,26.5,81.0,0.0,80,58,23.875593185424805,19,14,7.780344009399414,19,14,16.09524917602539,59.80950164794922,40,0.8660254037844386,0.5000000000000001,0.0,16.09524917602539,1,3,2024
2024-02-10,Indo-Gangetic Plain,26.5,81.0,0.0,80,58,24.498498916625977,19,14,7.809374332427979,19,14,16.689124584197998,58.621750831604,41,0.8660254037844386,0.5000000000000001,0.0,16.689124584197998,1,3,2024
2024-02-11,Indo-Gangetic Plain,26.5,81.0,0.0,80,58,24.38344383239746,19,14,9.813390731811523,19,14,14.570053100585938,62.859893798828125,42,0.8660254037844386,0.5000000000000001,0.0,14.570053100585938,1,3,2024
2024-02-12,Indo-Gangetic Plain,26.5,81.0,0.0,80,58,25.6783504486084,19,14,10.48365592956543,19,14,15.194694519042969,61.61061096191406,43,0.8660254037844386,0.5000000000000001,0.0,15.194694519042969,1,3,2024
2024-02-13,Indo-Gangetic Plain,26.5,81.0,2.5981125831604004,80,58,24.066635131835938,19,14,13.814249992370604,19,14,10.252385139465334,75.33645799763688,44,0.8660254037844386,0.5000000000000001,1.2804094255225176,10.252385139465334,1,3,2024
2024-02-14,Indo-Gangetic Plain,26.5,81.0,0.6910322904586792,80,58,23.514484405517575,19,14,14.8975830078125,19,14,8.616901397705075,76.34221470023577,45,0.8660254037844386,0.5000000000000001,0.5253391652153091,8.616901397705075,1,3,2024
2024-02-15,Indo-Gangetic Plain,26.5,81.0,0.0,80,58,26.03610038757324,19,14,13.256146430969238,19,14,12.779953956604,66.44009208679199,46,0.8660254037844386,0.5000000000000001,0.0,12.779953956604,1,3,2024
2024-02-16,Indo-Gangetic Plain,26.5,81.0,0.0,80,58,27.32669448852539,19,14,12.612004280090332,19,14,14.71469020843506,62.57061958312988,47,0.8660254037844386,0.5000000000000001,0.0,14.71469020843506,1,3,2024
2024-02-17,Indo-Gangetic Plain,26.5,81.0,0.0,80,58,27.05611038208008,19,14,11.83913803100586,19,14,15.216972351074222,61.566055297851555,48,0.8660254037844386,0.5000000000000001,0.0,15.216972351074222,1,3,2024
2024-02-18,Indo-Gangetic Plain,26.5,81.0,0.0,80,58,28.516511917114254,19,14,11.104613304138184,19,14,17.41189861297607,57.17620277404786,49,0.8660254037844386,0.5000000000000001,0.0,17.41189861297607,1,3,2024
2024-02-19,Indo-Gangetic Plain,26.5,81.0,0.0,80,58,28.834867477416992,19,14,14.127408027648926,19,14,14.707459449768066,62.58508110046387,50,0.8660254037844386,0.5000000000000001,0.0,14.707459449768066,1,3,2024
2024-02-20,Indo-Gangetic Plain,26.5,81.0,0.0,80,58,30.193572998046875,19,14,15.361188888549805,19,14,14.83238410949707,62.33523178100586,51,0.8660254037844386,0.5000000000000001,0.0,14.83238410949707,1,3,2024
2024-02-21,Indo-Gangetic Plain,26.5,81.0,1.776165008544922,80,58,27.40529441833496,19,14,15.520408630371094,19,14,11.884885787963867,71.29343987006175,52,0.8660254037844386,0.5000000000000001,1.0210704819964926,11.884885787963867,1,3,2024
2024-02-22,Indo-Gangetic Plain,26.5,81.0,0.0,80,58,25.83649444580078,19,14,14.826663970947266,19,14,11.009830474853516,69.98033905029297,53,0.8660254037844386,0.5000000000000001,0.0,11.009830474853516,1,3,2024
2024-02-23,Indo-Gangetic Plain,26.5,81.0,0.0,80,58,26.26786231994629,19,14,11.58441925048828,19,14,14.68344306945801,62.633113861083984,54,0.8660254037844386,0.5000000000000001,0.0,14.68344306945801,1,3,2024
2024-02-24,Indo-Gangetic Plain,26.5,81.0,0.0,80,58,26.01217460632324,19,14,10.635014533996582,19,14,15.377160072326657,61.24567985534669,55,0.8660254037844386,0.5000000000000001,0.0,15.377160072326657,1,3,2024
2024-02-25,Indo-Gangetic Plain,26.5,81.0,0.0,80,58,26.317466735839844,19,14,10.919034004211426,19,14,15.398432731628418,61.20313453674317,56,0.8660254037844386,0.5000000000000001,0.0,15.398432731628418,1,3,2024
2024-02-26,Indo-Gangetic Plain,26.5,81.0,0.0,80,58,25.453582763671875,19,14,11.434209823608398,19,14,14.019372940063477,63.96125411987305,57,0.8660254037844386,0.5000000000000001,0.0,14.019372940063477,1,3,2024
2024-02-27,Indo-Gangetic Plain,26.5,81.0,0.0,80,58,23.79295539855957,19,14,13.031365394592283,19,14,10.761590003967289,70.47681999206543,58,0.8660254037844386,0.5000000000000001,0.0,10.761590003967289,1,3,2024
2024-02-28,Indo-Gangetic Plain,26.5,81.0,0.0,80,58,26.86335563659668,19,14,12.419305801391602,19,14,14.444049835205078,63.11190032958984,59,0.8660254037844386,0.5000000000000001,0.0,14.444049835205078,1,3,2024
2024-02-29,Indo-Gangetic Plain,26.5,81.0,0.0,80,58,27.54304313659668,19,14,13.0185546875,19,14,14.52448844909668,62.95102310180664,60,0.8660254037844386,0.5000000000000001,0.0,14.52448844909668,1,3,2024
2024-03-01,Indo-Gangetic Plain,26.5,81.0,0.0,80,58,30.10750389099121,19,14,12.883869171142578,19,14,17.223634719848633,57.552730560302734,61,1.0,6.123233995736766e-17,0.0,17.223634719848633,1,3,2024
2024-03-02,Indo-Gangetic Plain,26.5,81.0,0.3753909766674042,80,58,25.207365036010746,19,14,17.001617431640625,19,14,8.20574760437012,76.54471890336042,62,1.0,6.123233995736766e-17,0.3187380373668859,8.20574760437012,1,3,2024
2024-03-03,Indo-Gangetic Plain,26.5,81.0,14.449365615844728,80,58,24.147022247314453,19,14,16.80640411376953,19,14,7.340618133544922,85.53146755902304,63,1.0,6.123233995736766e-17,2.737567942037626,7.340618133544922,1,3,2024
2024-03-04,Indo-Gangetic Plain,26.5,81.0,9.503315925598145,80,58,25.338592529296875,19,14,15.396247863769531,19,14,9.942344665527344,79.17038369818422,64,1.0,6.123233995736766e-17,2.351691009746302,9.942344665527344,1,3,2024
2024-03-05,Indo-Gangetic Plain,26.5,81.0,0.0,80,58,25.168590545654297,19,14,12.096491813659668,19,14,13.072098731994627,65.85580253601074,65,1.0,6.123233995736766e-17,0.0,13.072098731994627,1,3,2024
2024-03-06,Indo-Gangetic Plain,26.5,81.0,0.0,80,58,26.000198364257812,19,14,11.10834503173828,19,14,14.891853332519531,62.21629333496094,66,1.0,6.123233995736766e-17,0.0,14.891853332519531,1,3,2024
2024-03-07,Indo-Gangetic Plain,26.5,81.0,0.0,80,58,27.819576263427734,19,14,11.172574996948242,19,14,16.647001266479492,58.705997467041016,67,1.0,6.123233995736766e-17,0.0,16.647001266479492,1,3,2024
2024-03-08,Indo-Gangetic Plain,26.5,81.0,0.0,80,58,28.842321395874023,19,14,12.737384796142578,19,14,16.104936599731445,59.79012680053711,68,1.0,6.123233995736766e-17,0.0,16.104936599731445,1,3,2024
2024-03-09,Indo-Gangetic Plain,26.5,81.0,0.0,80,58,28.45363426208496,19,14,12.910440444946287,19,14,15.543193817138674,60.913612365722656,69,1.0,6.123233995736766e-17,0.0,15.543193817138674,1,3,2024
2024-03-10,Indo-Gangetic Plain,26.5,81.0,0.0,80,58,29.020854949951172,19,14,12.61825466156006,19,14,16.402600288391113,59.19479942321777,70,1.0,6.123233995736766e-17,0.0,16.402600288391113,1,3,2024
2024-03-11,Indo-Gangetic Plain,26.5,81.0,0.0,80,58,30.761474609375,19,14,14.39663028717041,19,14,16.36484432220459,59.27031135559082,71,1.0,6.123233995736766e-17,0.0,16.36484432220459,1,3,2024
2024-03-12,Indo-Gangetic Plain,26.5,81.0,0.0,80,58,32.63108825683594,19,14,15.572181701660156,19,14,17.05890655517578,57.88218688964844,72,1.0,6.123233995736766e-17,0.0,17.05890655517578,1,3,2024
2024-03-13,Indo-Gangetic Plain,26.5,81.0,0.0,80,58,32.03599548339844,19,14,16.794105529785156,19,14,15.24188995361328,61.51622009277344,73,1.0,6.123233995736766e-17,0.0,15.24188995361328,1,3,2024
2024-03-14,Indo-Gangetic Plain,26.5,81.0,0.0,80,58,32.791038513183594,19,14,16.544885635375977,19,14,16.246152877807617,59.507694244384766,74,1.0,6.123233995736766e-17,0.0,16.246152877807617,1,3,2024
2024-03-15,Indo-Gangetic Plain,26.5,81.0,0.0,80,58,31.265892028808594,19,14,16.500429153442383,19,14,14.765462875366213,62.46907424926758,75,1.0,6.123233995736766e-17,0.0,14.765462875366213,1,3,2024
2024-03-16,Indo-Gangetic Plain,26.5,81.0,0.0,80,58,30.81740379333496,19,14,15.16623306274414,19,14,15.65117073059082,60.69765853881836,76,1.0,6.123233995736766e-17,0.0,15.65117073059082,1,3,2024
2024-03-17,Indo-Gangetic Plain,26.5,81.0,0.0,80,58,31.783069610595703,19,14,14.739302635192873,19,14,17.043766975402832,57.912466049194336,77,1.0,6.123233995736766e-17,0.0,17.043766975402832,1,3,2024
2024-03-18,Indo-Gangetic Plain,26.5,81.0,0.0,80,58,31.541353225708008,19,14,15.002628326416016,19,14,16.538724899291992,58.922550201416016,78,1.0,6.123233995736766e-17,0.0,16.538724899291992,1,3,2024
2024-03-19,Indo-Gangetic Plain,26.5,81.0,0.0,80,58,31.737586975097656,19,14,14.844874382019045,19,14,16.892712593078613,58.21457481384277,79,1.0,6.123233995736766e-17,0.0,16.892712593078613,1,3,2024
2024-03-20,Indo-Gangetic Plain,26.5,81.0,0.0,80,58,29.827871322631836,19,14,15.09557819366455,19,14,14.732293128967283,62.53541374206543,80,1.0,6.123233995736766e-17,0.0,14.732293128967283,1,3,2024
2024-03-21,Indo-Gangetic Plain,26.5,81.0,0.0,80,58,27.965044021606445,19,14,15.14344596862793,19,14,12.821598052978516,66.35680389404297,81,1.0,6.123233995736766e-17,0.0,12.821598052978516,1,3,2024
2024-03-22,Indo-Gangetic Plain,26.5,81.0,0.0,80,58,30.98137664794922,19,14,15.512850761413574,19,14,15.468525886535645,61.06294822692871,82,1.0,6.123233995736766e-17,0.0,15.468525886535645,1,3,2024
2024-03-23,Indo-Gangetic Plain,26.5,81.0,0.0,80,58,34.584716796875,19,14,17.36055564880371,19,14,17.22416114807129,57.55167770385742,83,1.0,6.123233995736766e-17,0.0,17.22416114807129,1,3,2024
2024-03-24,Indo-Gangetic Plain,26.5,81.0,0.0,80,58,34.17668533325195,19,14,17.213342666625977,19,14,16.963342666625977,58.07331466674805,84,1.0,6.123233995736766e-17,0.0,16.963342666625977,1,3,2024
2024-03-25,Indo-Gangetic Plain,26.5,81.0,0.0,80,58,34.31610870361328,19,14,19.156675338745117,19,14,15.159433364868164,61.68113327026367,85,1.0,6.123233995736766e-17,0.0,15.159433364868164,1,3,2024
2024-03-26,Indo-Gangetic Plain,26.5,81.0,0.0,80,58,35.03099060058594,19,14,17.953550338745117,19,14,17.07744026184082,57.84511947631836,86,1.0,6.123233995736766e-17,0.0,17.07744026184082,1,3,2024
2024-03-27,Indo-Gangetic Plain,26.5,81.0,0.0,80,58,35.863155364990234,19,14,18.43981552124023,19,14,17.423339843750004,57.15332031249999,87,1.0,6.123233995736766e-17,0.0,17.423339843750004,1,3,2024
2024-03-28,Indo-Gangetic Plain,26.5,81.0,0.0,80,58,36.20210266113281,19,14,19.9344539642334,19,14,16.267648696899414,59.46470260620117,88,1.0,6.123233995736766e-17,0.0,16.267648696899414,1,3,2024
2024-03-29,Indo-Gangetic Plain,26.5,81.0,0.0,80,58,36.99505233764648,19,14,21.664514541625977,19,14,15.3305377960205,61.338924407959,89,1.0,6.123233995736766e-17,0.0,15.3305377960205,1,3,2024
2024-03-30,Indo-Gangetic Plain,26.5,81.0,0.0,80,58,38.18912506103515,19,14,22.648727416992188,19,14,15.540397644042962,60.91920471191408,90,1.0,6.123233995736766e-17,0.0,15.540397644042962,1,3,2024
2024-03-31,Indo-Gangetic Plain,26.5,81.0,0.0,80,58,38.62947845458984,19,14,22.45157814025879,19,14,16.177900314331048,59.644199371337905,91,1.0,6.123233995736766e-17,0.0,16.177900314331048,1,3,2024
2024-04-01,Indo-Gangetic Plain,26.5,81.0,0.0,80,58,36.92939376831055,19,14,21.17807388305664,19,14,15.751319885253906,60.49736022949219,92,0.8660254037844387,-0.4999999999999998,0.0,15.751319885253906,1,3,2024
2024-04-02,Indo-Gangetic Plain,26.5,81.0,0.0,80,58,35.856502532958984,19,14,19.46868896484375,19,14,16.387813568115234,59.22437286376953,93,0.8660254037844387,-0.4999999999999998,0.0,16.387813568115234,1,3,2024
2024-04-03,Indo-Gangetic Plain,26.5,81.0,0.0,80,58,38.10631561279297,19,14,19.237268447875977,19,14,18.869047164916992,54.261905670166016,94,0.8660254037844387,-0.4999999999999998,0.0,18.869047164916992,1,3,2024
2024-04-04,Indo-Gangetic Plain,26.5,81.0,0.0,80,58,39.05323791503906,19,14,21.160539627075195,19,14,17.892698287963867,56.214603424072266,95,0.8660254037844387,-0.4999999999999998,0.0,17.892698287963867,1,3,2024
2024-04-05,Indo-Gangetic Plain,26.5,81.0,0.0,80,58,38.816612243652344,19,14,21.75825881958008,19,14,17.058353424072262,57.88329315185547,96,0.8660254037844387,-0.4999999999999998,0.0,17.058353424072262,1,3,2024
2024-04-06,Indo-Gangetic Plain,26.5,81.0,0.0,80,58,37.71889114379883,19,14,22.569902420043945,19,14,15.148988723754885,61.702022552490234,97,0.8660254037844387,-0.4999999999999998,0.0,15.148988723754885,1,3,2024
2024-04-07,Indo-Gangetic Plain,26.5,81.0,0.0,80,58,38.19124984741211,19,14,20.323341369628903,19,14,17.867908477783207,56.26418304443359,98,0.8660254037844387,-0.4999999999999998,0.0,17.867908477783207,1,3,2024
2024-04-08,Indo-Gangetic Plain,26.5,81.0,0.0,80,58,38.83597946166992,19,14,19.93982696533203,19,14,18.89615249633789,54.20769500732422,99,0.8660254037844387,-0.4999999999999998,0.0,18.89615249633789,1,3,2024
2024-04-09,Indo-Gangetic Plain,26.5,81.0,0.0,80,58,39.111183166503906,19,14,19.6894474029541,19,14,19.421735763549805,53.15652847290039,100,0.8660254037844387,-0.4999999999999998,0.0,19.421735763549805,1,3,2024
2024-04-10,Indo-Gangetic Plain,26.5,81.0,0.0,80,58,38.28144073486328,19,14,20.64048194885254,19,14,17.640958786010742,56.71808242797851,101,0.8660254037844387,-0.4999999999999998,0.0,17.640958786010742,1,3,2024
2024-04-11,Indo-Gangetic Plain,26.5,81.0,0.0,80,58,38.77473068237305,19,14,21.16767692565918,19,14,17.607053756713867,56.785892486572266,102,0.8660254037844387,-0.4999999999999998,0.0,17.607053756713867,1,3,2024
2024-04-12,Indo-Gangetic Plain,26.5,81.0,0.0,80,58,37.76001739501953,19,14,21.88945770263672,19,14,15.870559692382812,60.258880615234375,103,0.8660254037844387,-0.4999999999999998,0.0,15.870559692382812,1,3,2024
2024-04-13,Indo-Gangetic Plain,26.5,81.0,0.0,80,58,37.673240661621094,19,14,21.582351684570312,19,14,16.09088897705078,59.81822204589844,104,0.8660254037844387,-0.4999999999999998,0.0,16.09088897705078,1,3,2024
2024-04-14,Indo-Gangetic Plain,26.5,81.0,0.0,80,58,37.43598175048828,19,14,23.517127990722656,19,14,13.918853759765623,64.16229248046875,105,0.8660254037844387,-0.4999999999999998,0.0,13.918853759765623,1,3,2024
2024-04-15,Indo-Gangetic Plain,26.5,81.0,0.0,80,58,38.93513870239258,19,14,23.208539962768555,19,14,15.726598739624023,60.54680252075195,106,0.8660254037844387,-0.4999999999999998,0.0,15.726598739624023,1,3,2024
2024-04-16,Indo-Gangetic Plain,26.5,81.0,0.0,80,58,39.62910079956055,19,14,25.500043869018555,19,14,14.129056930541992,63.741886138916016,107,0.8660254037844387,-0.4999999999999998,0.0,14.129056930541992,1,3,2024
2024-04-17,Indo-Gangetic Plain,26.5,81.0,0.0,80,58,38.46974563598633,19,14,23.109664916992188,19,14,15.36008071899414,61.27983856201172,108,0.8660254037844387,-0.4999999999999998,0.0,15.36008071899414,1,3,2024
2024-04-18,Indo-Gangetic Plain,26.5,81.0,0.0,80,58,39.82624053955078,19,14,22.200902938842773,19,14,17.625337600708008,56.749324798583984,109,0.8660254037844387,-0.4999999999999998,0.0,17.625337600708008,1,3,2024
2024-04-19,Indo-Gangetic Plain,26.5,81.0,0.0,80,58,41.553462982177734,19,14,24.120197296142575,19,14,17.43326568603516,57.13346862792968,110,0.8660254037844387,-0.4999999999999998,0.0,17.43326568603516,1,3,2024
2024-04-20,Indo-Gangetic Plain,26.5,81.0,0.0,80,58,40.88785171508789,19,14,24.83174514770508,19,14,16.05610656738281,59.88778686523438,111,0.8660254037844387,-0.4999999999999998,0.0,16.05610656738281,1,3,2024
2024-04-21,Indo-Gangetic Plain,26.5,81.0,0.0,80,58,39.14065933227539,19,14,23.484642028808594,19,14,15.656017303466797,60.687965393066406,112,0.8660254037844387,-0.4999999999999998,0.0,15.656017303466797,1,3,2024
2024-04-22,Indo-Gangetic Plain,26.5,81.0,0.0,80,58,40.06587219238281,19,14,23.439258575439453,19,14,16.62661361694336,58.74677276611328,113,0.8660254037844387,-0.4999999999999998,0.0,16.62661361694336,1,3,2024
2024-04-23,Indo-Gangetic Plain,26.5,81.0,0.0,80,58,39.978126525878906,19,14,24.349056243896484,19,14,15.629070281982422,60.74185943603515,114,0.8660254037844387,-0.4999999999999998,0.0,15.629070281982422,1,3,2024
2024-04-24,Indo-Gangetic Plain,26.5,81.0,0.0,80,58,40.52483367919922,19,14,23.01947593688965,19,14,17.50535774230957,56.98928451538086,115,0.8660254037844387,-0.4999999999999998,0.0,17.50535774230957,1,3,2024
2024-04-25,Indo-Gangetic Plain,26.5,81.0,0.0,80,58,41.192047119140625,19,14,22.71428680419922,19,14,18.477760314941406,55.04447937011719,116,0.8660254037844387,-0.4999999999999998,0.0,18.477760314941406,1,3,2024
2024-04-26,Indo-Gangetic Plain,26.5,81.0,0.0,80,58,42.304595947265625,19,14,24.18527603149414,19,14,18.119319915771484,55.76136016845703,117,0.8660254037844387,-0.4999999999999998,0.0,18.119319915771484,1,3,2024
2024-04-27,Indo-Gangetic Plain,26.5,81.0,0.0,80,58,40.46588897705078,19,14,26.45429420471191,19,14,14.01159477233887,63.97681045532226,118,0.8660254037844387,-0.4999999999999998,0.0,14.01159477233887,1,3,2024
2024-04-28,Indo-Gangetic Plain,26.5,81.0,0.0,80,58,40.82268524169922,19,14,24.62109375,19,14,16.20159149169922,59.59681701660156,119,0.8660254037844387,-0.4999999999999998,0.0,16.20159149169922,1,3,2024
2024-04-29,Indo-Gangetic Plain,26.5,81.0,0.0,80,58,41.639060974121094,19,14,23.81583595275879,19,14,17.823225021362305,56.35354995727539,120,0.8660254037844387,-0.4999999999999998,0.0,17.823225021362305,1,3,2024
2024-04-30,Indo-Gangetic Plain,26.5,81.0,0.0,80,58,39.82841110229492,19,14,24.47978401184082,19,14,15.348627090454102,61.3027458190918,121,0.8660254037844387,-0.4999999999999998,0.0,15.348627090454102,1,3,2024
2024-05-01,Indo-Gangetic Plain,26.5,81.0,0.0,80,58,39.59814453125,19,14,22.13441276550293,19,14,17.46373176574707,57.07253646850586,122,0.4999999999999999,-0.8660254037844387,0.0,17.46373176574707,1,3,2024
2024-05-02,Indo-Gangetic Plain,26.5,81.0,0.0,80,58,36.9849739074707,19,14,21.066484451293945,19,14,15.918489456176758,60.16302108764648,123,0.4999999999999999,-0.8660254037844387,0.0,15.918489456176758,1,3,2024
2024-05-03,Indo-Gangetic Plain,26.5,81.0,0.0,80,58,39.1567497253418,19,14,20.346372604370117,19,14,18.81037712097168,54.37924575805664,124,0.4999999999999999,-0.8660254037844387,0.0,18.81037712097168,1,3,2024
2024-05-04,Indo-Gangetic Plain,26.5,81.0,0.0,80,58,39.93210983276367,19,14,22.565759658813477,19,14,17.366350173950195,57.26729965209961,125,0.4999999999999999,-0.8660254037844387,0.0,17.366350173950195,1,3,2024
2024-05-05,Indo-Gangetic Plain,26.5,81.0,0.0,80,58,42.4283561706543,19,14,22.48758125305176,19,14,19.940774917602536,52.11845016479493,126,0.4999999999999999,-0.8660254037844387,0.0,19.940774917602536,1,3,2024
2024-05-06,Indo-Gangetic Plain,26.5,81.0,0.0,80,58,41.08995056152344,19,14,25.848798751831055,19,14,15.241151809692385,61.517696380615234,127,0.4999999999999999,-0.8660254037844387,0.0,15.241151809692385,1,3,2024
2024-05-07,Indo-Gangetic Plain,26.5,81.0,0.0,80,58,37.62775802612305,19,14,26.308025360107425,19,14,11.31973266601562,69.36053466796875,128,0.4999999999999999,-0.8660254037844387,0.0,11.31973266601562,1,3,2024
2024-05-08,Indo-Gangetic Plain,26.5,81.0,0.0,80,58,36.488651275634766,19,14,24.319623947143555,19,14,12.169027328491213,67.66194534301758,129,0.4999999999999999,-0.8660254037844387,0.0,12.169027328491213,1,3,2024
2024-05-09,Indo-Gangetic Plain,26.5,81.0,0.0,80,58,37.53835678100586,19,14,24.62701988220215,19,14,12.911336898803713,66.17732620239258,130,0.4999999999999999,-0.8660254037844387,0.0,12.911336898803713,1,3,2024
2024-05-10,Indo-Gangetic Plain,26.5,81.0,0.0,80,58,37.71582794189453,19,14,24.11127281188965,19,14,13.604555130004885,64.79088973999023,131,0.4999999999999999,-0.8660254037844387,0.0,13.604555130004885,1,3,2024
2024-05-11,Indo-Gangetic Plain,26.5,81.0,0.0,80,58,37.005374908447266,19,14,25.14840316772461,19,14,11.856971740722656,68.28605651855469,132,0.4999999999999999,-0.8660254037844387,0.0,11.856971740722656,1,3,2024
2024-05-12,Indo-Gangetic Plain,26.5,81.0,0.0,80,58,38.30366134643555,19,14,24.621328353881836,19,14,13.682332992553713,64.63533401489258,133,0.4999999999999999,-0.8660254037844387,0.0,13.682332992553713,1,3,2024
2024-05-13,Indo-Gangetic Plain,26.5,81.0,0.0,80,58,38.52995681762695,19,14,25.871755599975582,19,14,12.65820121765137,66.68359756469727,134,0.4999999999999999,-0.8660254037844387,0.0,12.65820121765137,1,3,2024
2024-05-14,Indo-Gangetic Plain,26.5,81.0,0.0,80,58,39.9561767578125,19,14,26.01705551147461,19,14,13.93912124633789,64.12175750732422,135,0.4999999999999999,-0.8660254037844387,0.0,13.93912124633789,1,3,2024
2024-05-15,Indo-Gangetic Plain,26.5,81.0,0.0,80,58,40.14085388183594,19,14,25.443927764892575,19,14,14.696926116943365,62.606147766113274,136,0.4999999999999999,-0.8660254037844387,0.0,14.696926116943365,1,3,2024
2024-05-16,Indo-Gangetic Plain,26.5,81.0,0.0,80,58,41.779598236083984,19,14,24.749515533447266,19,14,17.03008270263672,57.93983459472656,137,0.4999999999999999,-0.8660254037844387,0.0,17.03008270263672,1,3,2024
2024-05-17,Indo-Gangetic Plain,26.5,81.0,0.0,80,58,41.8937873840332,19,14,25.85268211364746,19,14,16.041105270385742,59.91778945922851,138,0.4999999999999999,-0.8660254037844387,0.0,16.041105270385742,1,3,2024
2024-05-18,Indo-Gangetic Plain,26.5,81.0,0.0,80,58,43.588565826416016,19,14,27.82377243041992,19,14,15.764793395996096,60.470413208007805,139,0.4999999999999999,-0.8660254037844387,0.0,15.764793395996096,1,3,2024
2024-05-19,Indo-Gangetic Plain,26.5,81.0,0.0,80,58,42.52748107910156,19,14,27.981948852539062,19,14,14.5455322265625,62.908935546875,140,0.4999999999999999,-0.8660254037844387,0.0,14.5455322265625,1,3,2024
2024-05-20,Indo-Gangetic Plain,26.5,81.0,0.0,80,58,41.128456115722656,19,14,28.696231842041016,19,14,12.43222427368164,67.13555145263672,141,0.4999999999999999,-0.8660254037844387,0.0,12.43222427368164,1,3,2024
2024-05-21,Indo-Gangetic Plain,26.5,81.0,0.0,80,58,40.241477966308594,19,14,26.756168365478516,19,14,13.485309600830078,65.02938079833984,142,0.4999999999999999,-0.8660254037844387,0.0,13.485309600830078,1,3,2024
2024-05-22,Indo-Gangetic Plain,26.5,81.0,0.0,80,58,39.75078201293945,19,14,28.22119903564453,19,14,11.529582977294922,68.94083404541016,143,0.4999999999999999,-0.8660254037844387,0.0,11.529582977294922,1,3,2024
2024-05-23,Indo-Gangetic Plain,26.5,81.0,0.0,80,58,37.69318008422851,19,14,27.9105281829834,19,14,9.78265190124511,72.43469619750978,144,0.4999999999999999,-0.8660254037844387,0.0,9.78265190124511,1,3,2024
2024-05-24,Indo-Gangetic Plain,26.5,81.0,0.0,80,58,39.97351837158203,19,14,28.0802001953125,19,14,11.893318176269531,68.21336364746094,145,0.4999999999999999,-0.8660254037844387,0.0,11.893318176269531,1,3,2024
2024-05-25,Indo-Gangetic Plain,26.5,81.0,0.0,80,58,42.103492736816406,19,14,29.306419372558594,19,14,12.797073364257812,66.40585327148438,146,0.4999999999999999,-0.8660254037844387,0.0,12.797073364257812,1,3,2024
2024-05-26,Indo-Gangetic Plain,26.5,81.0,0.0,80,58,43.29718780517578,19,14,29.789077758789062,19,14,13.50811004638672,64.98377990722656,147,0.4999999999999999,-0.8660254037844387,0.0,13.50811004638672,1,3,2024
2024-05-27,Indo-Gangetic Plain,26.5,81.0,0.0,80,58,44.13902282714844,19,14,30.256641387939453,19,14,13.882381439208984,64.23523712158203,148,0.4999999999999999,-0.8660254037844387,0.0,13.882381439208984,1,3,2024
2024-05-28,Indo-Gangetic Plain,26.5,81.0,0.0,80,58,45.03657531738281,19,14,29.66730499267578,19,14,15.369270324707031,61.26145935058594,149,0.4999999999999999,-0.8660254037844387,0.0,15.369270324707031,1,3,2024
2024-05-29,Indo-Gangetic Plain,26.5,81.0,0.0,80,58,45.93885040283203,19,14,30.0906982421875,19,14,15.848152160644531,60.30369567871094,150,0.4999999999999999,-0.8660254037844387,0.0,15.848152160644531,1,3,2024
2024-05-30,Indo-Gangetic Plain,26.5,81.0,0.0,80,58,45.574676513671875,19,14,32.07094192504883,19,14,13.503734588623049,64.9925308227539,151,0.4999999999999999,-0.8660254037844387,0.0,13.503734588623049,1,3,2024
2024-05-31,Indo-Gangetic Plain,26.5,81.0,0.0,80,58,45.001956939697266,19,14,29.535400390625,19,14,15.466556549072266,61.06688690185547,152,0.4999999999999999,-0.8660254037844387,0.0,15.466556549072266,1,3,2024
2024-06-01,Indo-Gangetic Plain,26.5,81.0,0.0,80,58,43.42692565917969,19,14,29.861270904541016,19,14,13.565654754638672,64.86869049072266,153,1.2246467991473532e-16,-1.0,0.0,13.565654754638672,1,3,2024
2024-06-02,Indo-Gangetic Plain,26.5,81.0,0.0,80,58,41.640174865722656,19,14,28.81800079345703,19,14,12.822174072265623,66.35565185546875,154,1.2246467991473532e-16,-1.0,0.0,12.822174072265623,1,3,2024
2024-06-03,Indo-Gangetic Plain,26.5,81.0,0.0,80,58,42.8192138671875,19,14,27.094005584716797,19,14,15.725208282470703,60.549583435058594,155,1.2246467991473532e-16,-1.0,0.0,15.725208282470703,1,3,2024
2024-06-04,Indo-Gangetic Plain,26.5,81.0,0.0,80,58,42.720970153808594,19,14,28.230571746826172,19,14,14.490398406982422,63.01920318603515,156,1.2246467991473532e-16,-1.0,0.0,14.490398406982422,1,3,2024
2024-06-05,Indo-Gangetic Plain,26.5,81.0,0.0,80,58,42.36030960083008,19,14,28.940265655517575,19,14,13.420043945312504,65.159912109375,157,1.2246467991473532e-16,-1.0,0.0,13.420043945312504,1,3,2024
2024-06-06,Indo-Gangetic Plain,26.5,81.0,0.9358057379722596,80,58,39.91081619262695,19,14,25.14422035217285,19,14,14.766595840454102,64.44837924468175,158,1.2246467991473532e-16,-1.0,0.6605236418633169,14.766595840454102,1,3,2024
2024-06-07,Indo-Gangetic Plain,26.5,81.0,0.0,80,58,42.92383575439453,19,14,27.14288902282715,19,14,15.780946731567385,60.438106536865234,159,1.2246467991473532e-16,-1.0,0.0,15.780946731567385,1,3,2024
2024-06-08,Indo-Gangetic Plain,26.5,81.0,0.0,80,58,42.4222412109375,19,14,28.149208068847656,19,14,14.273033142089844,63.45393371582031,160,1.2246467991473532e-16,-1.0,0.0,14.273033142089844,1,3,2024
2024-06-09,Indo-Gangetic Plain,26.5,81.0,0.0,80,58,43.20149230957031,19,14,28.85975646972656,19,14,14.341735839843754,63.31652832031249,161,1.2246467991473532e-16,-1.0,0.0,14.341735839843754,1,3,2024
2024-06-10,Indo-Gangetic Plain,26.5,81.0,0.0,80,58,42.66974258422851,19,14,27.716466903686523,19,14,14.953275680541983,62.09344863891603,162,1.2246467991473532e-16,-1.0,0.0,14.953275680541983,1,3,2024
2024-06-11,Indo-Gangetic Plain,26.5,81.0,0.0,80,58,43.41569137573242,19,14,30.208587646484375,19,14,13.207103729248049,65.5857925415039,163,1.2246467991473532e-16,-1.0,0.0,13.207103729248049,1,3,2024
2024-06-12,Indo-Gangetic Plain,26.5,81.0,0.0,80,58,44.08017349243164,19,14,29.443498611450195,19,14,14.636674880981444,62.72665023803711,164,1.2246467991473532e-16,-1.0,0.0,14.636674880981444,1,3,2024
2024-06-13,Indo-Gangetic Plain,26.5,81.0,0.0,80,58,42.85110855102539,19,14,30.007322311401367,19,14,12.843786239624023,66.31242752075195,165,1.2246467991473532e-16,-1.0,0.0,12.843786239624023,1,3,2024
2024-06-14,Indo-Gangetic Plain,26.5,81.0,0.0,80,58,44.52643203735352,19,14,31.29950714111328,19,14,13.22692489624024,65.54615020751952,166,1.2246467991473532e-16,-1.0,0.0,13.22692489624024,1,3,2024
2024-06-15,Indo-Gangetic Plain,26.5,81.0,0.0,80,58,44.31812286376953,19,14,30.90327835083008,19,14,13.41484451293945,65.1703109741211,167,1.2246467991473532e-16,-1.0,0.0,13.41484451293945,1,3,2024
2024-06-16,Indo-Gangetic Plain,26.5,81.0,0.0,80,58,45.34830856323242,19,14,31.623374938964844,19,14,13.724933624267578,64.55013275146484,168,1.2246467991473532e-16,-1.0,0.0,13.724933624267578,1,3,2024
2024-06-17,Indo-Gangetic Plain,26.5,81.0,0.0,80,58,44.49958801269531,19,14,31.36553382873535,19,14,13.13405418395996,65.73189163208008,169,1.2246467991473532e-16,-1.0,0.0,13.13405418395996,1,3,2024
2024-06-18,Indo-Gangetic Plain,26.5,81.0,0.0,80,58,43.46198272705078,19,14,30.674787521362305,19,14,12.787195205688477,66.42560958862305,170,1.2246467991473532e-16,-1.0,0.0,12.787195205688477,1,3,2024
2024-06-19,Indo-Gangetic Plain,26.5,81.0,0.0,80,58,41.94757843017578,19,14,29.56753158569336,19,14,12.380046844482422,67.23990631103516,171,1.2246467991473532e-16,-1.0,0.0,12.380046844482422,1,3,2024
2024-06-20,Indo-Gangetic Plain,26.5,81.0,0.0,80,58,39.26622009277344,19,14,26.32755470275879,19,14,12.938665390014648,66.1226692199707,172,1.2246467991473532e-16,-1.0,0.0,12.938665390014648,1,3,2024
2024-06-21,Indo-Gangetic Plain,26.5,81.0,0.0,80,58,38.869285583496094,19,14,26.683950424194336,19,14,12.185335159301758,67.62932968139648,173,1.2246467991473532e-16,-1.0,0.0,12.185335159301758,1,3,2024
2024-06-22,Indo-Gangetic Plain,26.5,81.0,0.0,80,58,37.49626541137695,19,14,27.06662368774414,19,14,10.429641723632812,71.14071655273438,174,1.2246467991473532e-16,-1.0,0.0,10.429641723632812,1,3,2024
2024-06-23,Indo-Gangetic Plain,26.5,81.0,0.1886020600795745,80,58,37.739845275878906,19,14,27.386241912841797,19,14,10.35360336303711,71.81112690536763,175,1.2246467991473532e-16,-1.0,0.1727778771472844,10.35360336303711,1,3,2024
2024-06-24,Indo-Gangetic Plain,26.5,81.0,0.0,80,58,38.392333984375,19,14,27.92082405090332,19,14,10.47150993347168,71.05698013305664,176,1.2246467991473532e-16,-1.0,0.0,10.47150993347168,1,3,2024
2024-06-25,Indo-Gangetic Plain,26.5,81.0,0.2624028921127319,80,58,38.89732360839844,19,14,28.220434188842773,19,14,10.676889419555664,71.34527204710069,177,1.2246467991473532e-16,-1.0,0.2330169620706728,10.676889419555664,1,3,2024
2024-06-26,Indo-Gangetic Plain,26.5,81.0,0.0,80,58,34.49367141723633,19,14,27.568113327026367,19,14,6.925558090209961,78.14888381958008,178,1.2246467991473532e-16,-1.0,0.0,6.925558090209961,1,3,2024
2024-06-27,Indo-Gangetic Plain,26.5,81.0,0.0,80,58,34.49025344848633,19,14,26.40966033935547,19,14,8.08059310913086,75.83881378173828,179,1.2246467991473532e-16,-1.0,0.0,8.08059310913086,1,3,2024
2024-06-28,Indo-Gangetic Plain,26.5,81.0,0.0,80,58,37.73860931396485,19,14,26.57703018188477,19,14,11.161579132080082,69.67684173583984,180,1.2246467991473532e-16,-1.0,0.0,11.161579132080082,1,3,2024
2024-06-29,Indo-Gangetic Plain,26.5,81.0,8.870994567871094,80,58,33.20011520385742,19,14,25.97789001464844,19,14,7.222225189208981,84.42435146695308,181,1.2246467991473532e-16,-1.0,2.2896006151236854,7.222225189208981,1,3,2024
2024-06-30,Indo-Gangetic Plain,26.5,81.0,7.091835021972656,80,58,33.72109603881836,19,14,25.37967300415039,19,14,8.341423034667969,81.5897205245757,182,1.2246467991473532e-16,-1.0,2.090855531303876,8.341423034667969,1,3,2024
2024-07-01,Indo-Gangetic Plain,26.5,81.0,1.111598014831543,80,58,33.314369201660156,19,14,26.249540328979492,19,14,7.064828872680664,80.1126772961636,183,-0.4999999999999998,-0.8660254037844388,0.7474450138416421,7.064828872680664,1,3,2024
2024-07-02,Indo-Gangetic Plain,26.5,81.0,0.0,80,58,32.1719856262207,19,14,26.26564598083496,19,14,5.906339645385742,80.18732070922852,184,-0.4999999999999998,-0.8660254037844388,0.0,5.906339645385742,1,3,2024
2024-07-03,Indo-Gangetic Plain,26.5,81.0,5.521170616149902,80,58,31.265514373779297,19,14,26.177770614624023,19,14,5.087743759155273,87.44967418822058,185,-0.4999999999999998,-0.8660254037844388,1.8750539021770416,5.087743759155273,1,3,2024
2024-07-04,Indo-Gangetic Plain,26.5,81.0,0.0,80,58,33.72822189331055,19,14,25.86542510986328,19,14,7.862796783447266,76.27440643310547,186,-0.4999999999999998,-0.8660254037844388,0.0,7.862796783447266,1,3,2024
2024-07-05,Indo-Gangetic Plain,26.5,81.0,0.4592050015926361,80,58,32.15022277832031,19,14,25.707555770874023,19,14,6.442667007446289,80.24834128898318,187,-0.4999999999999998,-0.8660254037844388,0.377891767958588,6.442667007446289,1,3,2024
2024-07-06,Indo-Gangetic Plain,26.5,81.0,13.394490242004396,80,58,31.877670288085938,19,14,25.61490821838379,19,14,6.262762069702148,87.47501239443696,188,-0.4999999999999998,-0.8660254037844388,2.666845511280421,6.262762069702148,1,3,2024
2024-07-07,Indo-Gangetic Plain,26.5,81.0,20.457902908325195,80,58,32.46393966674805,19,14,24.527280807495117,19,14,7.93665885925293,85.3249613159145,189,-0.4999999999999998,-0.8660254037844388,3.0660930114734573,7.93665885925293,1,3,2024
2024-07-08,Indo-Gangetic Plain,26.5,81.0,6.111577033996582,80,58,34.7458610534668,19,14,25.421045303344727,19,14,9.32481575012207,79.23554057260442,190,-0.4999999999999998,-0.8660254037844388,1.9617240242828535,9.32481575012207,1,3,2024
2024-07-09,Indo-Gangetic Plain,26.5,81.0,0.0,80,58,36.29521179199219,19,14,26.61802864074707,19,14,9.677183151245115,72.64563369750977,191,-0.4999999999999998,-0.8660254037844388,0.0,9.677183151245115,1,3,2024
2024-07-10,Indo-Gangetic Plain,26.5,81.0,0.0,80,58,36.224578857421875,19,14,27.74703598022461,19,14,8.477542877197266,75.04491424560547,192,-0.4999999999999998,-0.8660254037844388,0.0,8.477542877197266,1,3,2024
2024-07-11,Indo-Gangetic Plain,26.5,81.0,3.7674546241760254,80,58,34.38520431518555,19,14,27.02432632446289,19,14,7.360877990722656,81.96368164067704,193,-0.4999999999999998,-0.8660254037844388,1.5618125407074526,7.360877990722656,1,3,2024
2024-07-12,Indo-Gangetic Plain,26.5,81.0,22.592090606689453,80,58,33.14216232299805,19,14,25.34606170654297,19,14,7.796100616455078,85.89053330331181,194,-0.4999999999999998,-0.8660254037844388,3.16091151207399,7.796100616455078,1,3,2024
2024-07-13,Indo-Gangetic Plain,26.5,81.0,0.5618113279342651,80,58,34.64413070678711,19,14,26.011310577392575,19,14,8.632820129394535,76.07189850725334,195,-0.4999999999999998,-0.8660254037844388,0.4458462553474646,8.632820129394535,1,3,2024
2024-07-14,Indo-Gangetic Plain,26.5,81.0,0.799563467502594,80,58,35.421409606933594,19,14,26.176841735839844,19,14,9.24456787109375,75.27349661011974,196,-0.4999999999999998,-0.8660254037844388,0.5875441174357459,9.24456787109375,1,3,2024
2024-07-15,Indo-Gangetic Plain,26.5,81.0,0.0,80,58,36.36680603027344,19,14,27.307390213012695,19,14,9.059415817260742,73.88116836547852,197,-0.4999999999999998,-0.8660254037844388,0.0,9.059415817260742,1,3,2024
2024-07-16,Indo-Gangetic Plain,26.5,81.0,0.0,80,58,36.90134811401367,19,14,28.42566680908203,19,14,8.47568130493164,75.04863739013672,198,-0.4999999999999998,-0.8660254037844388,0.0,8.47568130493164,1,3,2024
2024-07-17,Indo-Gangetic Plain,26.5,81.0,0.0,80,58,36.180084228515625,19,14,28.33211326599121,19,14,7.847970962524414,76.30405807495117,199,-0.4999999999999998,-0.8660254037844388,0.0,7.847970962524414,1,3,2024
2024-07-18,Indo-Gangetic Plain,26.5,81.0,0.0,80,58,37.12687301635742,19,14,29.142431259155273,19,14,7.984441757202148,76.0311164855957,200,-0.4999999999999998,-0.8660254037844388,0.0,7.984441757202148,1,3,2024
2024-07-19,Indo-Gangetic Plain,26.5,81.0,0.0,80,58,36.29890060424805,19,14,27.53573226928711,19,14,8.763168334960938,74.47366333007812,201,-0.4999999999999998,-0.8660254037844388,0.0,8.763168334960938,1,3,2024
2024-07-20,Indo-Gangetic Plain,26.5,81.0,0.5084055662155151,80,58,36.97480773925781,19,14,27.58598899841309,19,14,9.388818740844725,74.4555220479329,202,-0.4999999999999998,-0.8660254037844388,0.4110531765407849,9.388818740844725,1,3,2024
2024-07-21,Indo-Gangetic Plain,26.5,81.0,0.9184100031852722,80,58,36.23133850097656,19,14,28.22475242614746,19,14,8.006586074829102,77.94131800918719,203,-0.4999999999999998,-0.8660254037844388,0.6514967196151288,8.006586074829102,1,3,2024
2024-07-22,Indo-Gangetic Plain,26.5,81.0,0.0,80,58,36.61040496826172,19,14,28.580162048339844,19,14,8.030242919921875,75.93951416015625,204,-0.4999999999999998,-0.8660254037844388,0.0,8.030242919921875,1,3,2024
2024-07-23,Indo-Gangetic Plain,26.5,81.0,0.0,80,58,35.744056701660156,19,14,27.676822662353516,19,14,8.06723403930664,75.86553192138672,205,-0.4999999999999998,-0.8660254037844388,0.0,8.06723403930664,1,3,2024
2024-07-24,Indo-Gangetic Plain,26.5,81.0,0.0,80,58,34.543731689453125,19,14,27.395668029785156,19,14,7.148063659667969,77.70387268066406,206,-0.4999999999999998,-0.8660254037844388,0.0,7.148063659667969,1,3,2024
2024-07-25,Indo-Gangetic Plain,26.5,81.0,2.88769006729126,80,58,35.586673736572266,19,14,26.981700897216797,19,14,8.604972839355469,78.86349982594277,207,-0.4999999999999998,-0.8660254037844388,1.3578151682179018,8.604972839355469,1,3,2024
2024-07-26,Indo-Gangetic Plain,26.5,81.0,12.695494651794434,80,58,35.41691589355469,19,14,27.434404373168945,19,14,7.982511520385742,83.8861777228745,208,-0.4999999999999998,-0.8660254037844388,2.6170669212153297,7.982511520385742,1,3,2024
2024-07-27,Indo-Gangetic Plain,26.5,81.0,16.118227005004883,80,58,35.85859680175781,19,14,27.147764205932617,19,14,8.710832595825195,83.09876621602609,209,-0.4999999999999998,-0.8660254037844388,2.840143802558829,8.710832595825195,1,3,2024
2024-07-28,Indo-Gangetic Plain,26.5,81.0,0.0,80,58,35.25517272949219,19,14,27.889883041381836,19,14,7.365289688110352,77.2694206237793,210,-0.4999999999999998,-0.8660254037844388,0.0,7.365289688110352,1,3,2024
2024-07-29,Indo-Gangetic Plain,26.5,81.0,0.0,80,58,36.22294235229492,19,14,28.157949447631836,19,14,8.064992904663086,75.87001419067383,211,-0.4999999999999998,-0.8660254037844388,0.0,8.064992904663086,1,3,2024
2024-07-30,Indo-Gangetic Plain,26.5,81.0,0.0,80,58,36.882293701171875,19,14,28.089773178100582,19,14,8.792520523071293,74.41495895385742,212,-0.4999999999999998,-0.8660254037844388,0.0,8.792520523071293,1,3,2024
2024-07-31,Indo-Gangetic Plain,26.5,81.0,2.9294424057006836,80,58,32.223236083984375,19,14,26.895751953125,19,14,5.327484130859375,85.45052434122307,213,-0.4999999999999998,-0.8660254037844388,1.3684975343139392,5.327484130859375,1,3,2024
2024-08-01,Indo-Gangetic Plain,26.5,81.0,32.40364456176758,80,58,34.05930709838867,19,14,25.459726333618164,19,14,8.599580764770508,85.32683350839532,214,-0.8660254037844384,-0.5000000000000004,3.5086650126454475,8.599580764770508,1,3,2024
2024-08-02,Indo-Gangetic Plain,26.5,81.0,3.742276430130005,80,58,33.237548828125,19,14,25.094676971435547,19,14,8.142871856689453,80.38380812644226,215,-0.8660254037844384,-0.5000000000000004,1.55651727994039,8.142871856689453,1,3,2024
2024-08-03,Indo-Gangetic Plain,26.5,81.0,0.0,80,58,32.74818801879883,19,14,26.136993408203125,19,14,6.611194610595703,78.7776107788086,216,-0.8660254037844384,-0.5000000000000004,0.0,6.611194610595703,1,3,2024
2024-08-04,Indo-Gangetic Plain,26.5,81.0,0.0,80,58,32.49455261230469,19,14,25.792688369750977,19,14,6.701864242553711,78.59627151489258,217,-0.8660254037844384,-0.5000000000000004,0.0,6.701864242553711,1,3,2024
2024-08-05,Indo-Gangetic Plain,26.5,81.0,3.7219040393829346,80,58,34.68561935424805,19,14,26.054040908813477,19,14,8.63157844543457,79.39347945841679,218,-0.8660254037844384,-0.5000000000000004,1.552212116428646,8.63157844543457,1,3,2024
2024-08-06,Indo-Gangetic Plain,26.5,81.0,0.0,80,58,33.11201477050781,19,14,26.582990646362305,19,14,6.529024124145508,78.94195175170898,219,-0.8660254037844384,-0.5000000000000004,0.0,6.529024124145508,1,3,2024
2024-08-07,Indo-Gangetic Plain,26.5,81.0,20.839452743530273,80,58,32.94485092163086,19,14,25.505285263061523,19,14,7.439565658569336,86.37202296195761,220,-0.8660254037844384,-0.5000000000000004,3.083718093032094,7.439565658569336,1,3,2024
2024-08-08,Indo-Gangetic Plain,26.5,81.0,0.1886020600795745,80,58,32.82551193237305,19,14,26.023651123046875,19,14,6.801860809326172,78.9146120127895,221,-0.8660254037844384,-0.5000000000000004,0.1727778771472844,6.801860809326172,1,3,2024
2024-08-09,Indo-Gangetic Plain,26.5,81.0,10.002906799316406,80,58,32.161163330078125,19,14,25.58757209777832,19,14,6.573591232299805,86.04729601251823,222,-0.8660254037844384,-0.5000000000000004,2.398159492372614,6.573591232299805,1,3,2024
2024-08-10,Indo-Gangetic Plain,26.5,81.0,39.462547302246094,80,58,32.53649139404297,19,14,25.082630157470703,19,14,7.453861236572266,88.19340789172792,223,-0.8660254037844384,-0.5000000000000004,3.700376788290817,7.453861236572266,1,3,2024
2024-08-11,Indo-Gangetic Plain,26.5,81.0,14.869338035583496,80,58,32.4091796875,19,14,25.48277282714844,19,14,6.926406860351559,86.44035274525157,224,-0.8660254037844384,-0.5000000000000004,2.7643888219849018,6.926406860351559,1,3,2024
2024-08-12,Indo-Gangetic Plain,26.5,81.0,5.417910575866699,80,58,33.7187385559082,19,14,25.77974319458008,19,14,7.9389953613281214,81.69928710511554,225,-0.8660254037844384,-0.5000000000000004,1.859092609257267,7.9389953613281214,1,3,2024
2024-08-13,Indo-Gangetic Plain,26.5,81.0,5.57659912109375,80,58,34.226959228515625,19,14,25.935365676879883,19,14,8.291593551635742,81.06736617920697,226,-0.8660254037844384,-0.5000000000000004,1.8835177608261535,8.291593551635742,1,3,2024
2024-08-14,Indo-Gangetic Plain,26.5,81.0,0.0,80,58,33.52330017089844,19,14,26.53868865966797,19,14,6.984611511230469,78.03077697753906,227,-0.8660254037844384,-0.5000000000000004,0.0,6.984611511230469,1,3,2024
2024-08-15,Indo-Gangetic Plain,26.5,81.0,0.8025876879692078,80,58,34.62752151489258,19,14,26.205556869506836,19,14,8.421964645385742,76.92374042012506,228,-0.8660254037844384,-0.5000000000000004,0.5892232369655142,8.421964645385742,1,3,2024
2024-08-16,Indo-Gangetic Plain,26.5,81.0,9.73701000213623,80,58,35.23707580566406,19,14,26.418916702270508,19,14,8.818159103393555,81.48477174924102,229,-0.8660254037844384,-0.5000000000000004,2.373696652009377,8.818159103393555,1,3,2024
2024-08-17,Indo-Gangetic Plain,26.5,81.0,0.5658062100410461,80,58,35.70792007446289,19,14,26.62795639038086,19,14,9.079963684082031,75.18527515643729,230,-0.8660254037844384,-0.5000000000000004,0.448400841533784,9.079963684082031,1,3,2024
2024-08-18,Indo-Gangetic Plain,26.5,81.0,12.919301986694336,80,58,32.84211730957031,19,14,25.62302589416504,19,14,7.219091415405273,85.46164669623434,231,-0.8660254037844384,-0.5000000000000004,2.6332765090149617,7.219091415405273,1,3,2024
2024-08-19,Indo-Gangetic Plain,26.5,81.0,5.963419437408447,80,58,33.94074249267578,19,14,25.907329559326172,19,14,8.03341293334961,81.7551860898317,232,-0.8660254037844384,-0.5000000000000004,1.9406706521769703,8.03341293334961,1,3,2024
2024-08-20,Indo-Gangetic Plain,26.5,81.0,0.0,80,58,33.1760139465332,19,14,25.94646644592285,19,14,7.229547500610352,77.5409049987793,233,-0.8660254037844384,-0.5000000000000004,0.0,7.229547500610352,1,3,2024
2024-08-21,Indo-Gangetic Plain,26.5,81.0,9.201951026916504,80,58,32.567649841308594,19,14,26.18738174438477,19,14,6.380268096923825,86.20720074359562,234,-0.8660254037844384,-0.5000000000000004,2.3225789791477607,6.380268096923825,1,3,2024
2024-08-22,Indo-Gangetic Plain,26.5,81.0,45.64786911010742,80,58,33.084407806396484,19,14,25.948823928833008,19,14,7.135583877563477,89.25671398890347,235,-0.8660254037844384,-0.5000000000000004,3.842627248010144,7.135583877563477,1,3,2024
2024-08-23,Indo-Gangetic Plain,26.5,81.0,4.600975513458252,80,58,33.82703399658203,19,14,25.880342483520508,19,14,7.946691513061523,81.27543931808319,236,-0.8660254037844384,-0.5000000000000004,1.7229407814020796,7.946691513061523,1,3,2024
2024-08-24,Indo-Gangetic Plain,26.5,81.0,0.9266101121902466,80,58,32.67292404174805,19,14,26.06601333618164,19,14,6.606910705566406,80.75346470901982,237,-0.8660254037844384,-0.5000000000000004,0.6557620400508789,6.606910705566406,1,3,2024
2024-08-25,Indo-Gangetic Plain,26.5,81.0,1.8204200267791748,80,58,33.78208541870117,19,14,26.109832763671875,19,14,7.672252655029297,79.76615214851668,238,-0.8660254037844384,-0.5000000000000004,1.0368858195250918,7.672252655029297,1,3,2024
2024-08-26,Indo-Gangetic Plain,26.5,81.0,1.1726129055023191,80,58,33.67333221435547,19,14,25.98984146118164,19,14,7.683490753173828,78.96081013500866,239,-0.8660254037844384,-0.5000000000000004,0.7759305471187696,7.683490753173828,1,3,2024
2024-08-27,Indo-Gangetic Plain,26.5,81.0,0.0,80,58,32.211727142333984,19,14,25.536537170410156,19,14,6.675189971923828,78.64962005615234,240,-0.8660254037844384,-0.5000000000000004,0.0,6.675189971923828,1,3,2024
2024-08-28,Indo-Gangetic Plain,26.5,81.0,70.88641357421875,80,58,32.15034866333008,19,14,25.082590103149418,19,14,7.0677585601806605,90.68974473183329,241,-0.8660254037844384,-0.5000000000000004,4.275087284064865,7.0677585601806605,1,3,2024
2024-08-29,Indo-Gangetic Plain,26.5,81.0,1.133997082710266,80,58,35.02223205566406,19,14,25.748544692993164,19,14,9.273687362670898,75.72661563213701,242,-0.8660254037844384,-0.5000000000000004,0.7579967858262682,9.273687362670898,1,3,2024
2024-08-30,Indo-Gangetic Plain,26.5,81.0,0.1903722584247589,80,58,35.33564376831055,19,14,26.05426597595215,19,14,9.281377792358398,73.96004265651456,243,-0.8660254037844384,-0.5000000000000004,0.1742660804104532,9.281377792358398,1,3,2024
2024-08-31,Indo-Gangetic Plain,26.5,81.0,4.600975513458252,80,58,35.63691329956055,19,14,26.234758377075195,19,14,9.402154922485352,78.36451249923553,244,-0.8660254037844384,-0.5000000000000004,1.7229407814020796,9.402154922485352,1,3,2024
2024-09-01,Indo-Gangetic Plain,26.5,81.0,0.0,80,58,34.338478088378906,19,14,27.1368408203125,19,14,7.201637268066406,77.59672546386719,245,-1.0,-1.8369701987210294e-16,0.0,7.201637268066406,1,3,2024
2024-09-02,Indo-Gangetic Plain,26.5,81.0,3.6807804107666016,80,58,33.88027572631836,19,14,26.133373260498047,19,14,7.746902465820312,81.13658961975403,246,-1.0,-1.8369701987210294e-16,1.5434648504648876,7.746902465820312,1,3,2024
2024-09-03,Indo-Gangetic Plain,26.5,81.0,0.0,80,58,35.228187561035156,19,14,26.773242950439453,19,14,8.454944610595703,75.0901107788086,247,-1.0,-1.8369701987210294e-16,0.0,8.454944610595703,1,3,2024
2024-09-04,Indo-Gangetic Plain,26.5,81.0,0.0,80,58,35.4500617980957,19,14,27.01738548278809,19,14,8.432676315307614,75.13464736938477,248,-1.0,-1.8369701987210294e-16,0.0,8.432676315307614,1,3,2024
2024-09-05,Indo-Gangetic Plain,26.5,81.0,0.0,80,58,33.58506393432617,19,14,25.53736686706543,19,14,8.047697067260742,75.90460586547852,249,-1.0,-1.8369701987210294e-16,0.0,8.047697067260742,1,3,2024
2024-09-06,Indo-Gangetic Plain,26.5,81.0,9.511391639709473,80,58,32.6739616394043,19,14,25.48259925842285,19,14,7.191362380981445,84.67465399943539,250,-1.0,-1.8369701987210294e-16,2.3524595871327603,7.191362380981445,1,3,2024
2024-09-07,Indo-Gangetic Plain,26.5,81.0,0.0,80,58,34.91216278076172,19,14,26.21699333190918,19,14,8.695169448852539,74.60966110229492,251,-1.0,-1.8369701987210294e-16,0.0,8.695169448852539,1,3,2024
2024-09-08,Indo-Gangetic Plain,26.5,81.0,0.0,80,58,35.70378112792969,19,14,26.62165069580078,19,14,9.082130432128906,73.83573913574219,252,-1.0,-1.8369701987210294e-16,0.0,9.082130432128906,1,3,2024
2024-09-09,Indo-Gangetic Plain,26.5,81.0,11.318692207336426,80,58,34.95336151123047,19,14,26.49436378479004,19,14,8.45899772644043,82.61535794852595,253,-1.0,-1.8369701987210294e-16,2.511117800468938,8.45899772644043,1,3,2024
2024-09-10,Indo-Gangetic Plain,26.5,81.0,9.201951026916504,80,58,34.27811050415039,19,14,26.160202026367188,19,14,8.117908477783203,82.73191998187687,254,-1.0,-1.8369701987210294e-16,2.3225789791477607,8.117908477783203,1,3,2024
2024-09-11,Indo-Gangetic Plain,26.5,81.0,21.12047576904297,80,58,31.891685485839844,19,14,26.118972778320312,19,14,5.772712707519531,89.74408563986816,255,-1.0,-1.8369701987210294e-16,3.096503684969075,5.772712707519531,1,3,2024
2024-09-12,Indo-Gangetic Plain,26.5,81.0,26.30802345275879,80,58,30.068161010742188,19,14,25.185930252075195,19,14,4.882230758666992,92.15708015780424,256,-1.0,-1.8369701987210294e-16,3.3071805583794087,4.882230758666992,1,3,2024
2024-09-13,Indo-Gangetic Plain,26.5,81.0,7.595397472381592,80,58,32.473960876464844,19,14,24.798309326171875,19,14,7.675651550292969,83.10237754652631,257,-1.0,-1.8369701987210294e-16,2.151226882370752,7.675651550292969,1,3,2024
2024-09-14,Indo-Gangetic Plain,26.5,81.0,0.6888075470924377,80,58,32.33321762084961,19,14,24.36788558959961,19,14,7.96533203125,77.64140399685104,258,-1.0,-1.8369701987210294e-16,0.5240226864503479,7.96533203125,1,3,2024
2024-09-15,Indo-Gangetic Plain,26.5,81.0,0.0,80,58,32.715789794921875,19,14,24.778736114501953,19,14,7.937053680419922,76.12589263916016,259,-1.0,-1.8369701987210294e-16,0.0,7.937053680419922,1,3,2024
2024-09-16,Indo-Gangetic Plain,26.5,81.0,0.2284467220306396,80,58,32.494102478027344,19,14,25.766605377197266,19,14,6.727497100830078,79.16225742952456,260,-1.0,-1.8369701987210294e-16,0.2057505437282367,6.727497100830078,1,3,2024
2024-09-17,Indo-Gangetic Plain,26.5,81.0,0.799563467502594,80,58,29.597902297973633,19,14,25.384592056274418,19,14,4.213310241699215,85.3360118689088,261,-1.0,-1.8369701987210294e-16,0.5875441174357459,4.213310241699215,1,3,2024
2024-09-18,Indo-Gangetic Plain,26.5,81.0,12.22077751159668,80,58,31.069246292114254,19,14,24.34579086303711,19,14,6.723455429077145,86.29845807977598,262,-1.0,-1.8369701987210294e-16,2.5817896459767606,6.723455429077145,1,3,2024
2024-09-19,Indo-Gangetic Plain,26.5,81.0,4.949678897857666,80,58,33.230003356933594,19,14,23.965476989746097,19,14,9.264526367187496,78.82095901968901,263,-1.0,-1.8369701987210294e-16,1.7833372513546704,9.264526367187496,1,3,2024
2024-09-20,Indo-Gangetic Plain,26.5,81.0,0.0,80,58,34.34817123413086,19,14,24.54108428955078,19,14,9.807086944580078,72.38582611083984,264,-1.0,-1.8369701987210294e-16,0.0,9.807086944580078,1,3,2024
2024-09-21,Indo-Gangetic Plain,26.5,81.0,0.0,80,58,34.97075653076172,19,14,25.397794723510746,19,14,9.572961807250971,72.85407638549805,265,-1.0,-1.8369701987210294e-16,0.0,9.572961807250971,1,3,2024
2024-09-22,Indo-Gangetic Plain,26.5,81.0,0.0,80,58,35.19819259643555,19,14,26.12089729309082,19,14,9.077295303344728,73.84540939331055,266,-1.0,-1.8369701987210294e-16,0.0,9.077295303344728,1,3,2024
2024-09-23,Indo-Gangetic Plain,26.5,81.0,0.0,80,58,36.28477478027344,19,14,26.415098190307617,19,14,9.86967658996582,72.26064682006836,267,-1.0,-1.8369701987210294e-16,0.0,9.86967658996582,1,3,2024
2024-09-24,Indo-Gangetic Plain,26.5,81.0,0.0,80,58,36.371376037597656,19,14,26.63753890991211,19,14,9.733837127685549,72.5323257446289,268,-1.0,-1.8369701987210294e-16,0.0,9.733837127685549,1,3,2024
2024-09-25,Indo-Gangetic Plain,26.5,81.0,0.0,80,58,33.29264450073242,19,14,26.44862365722656,19,14,6.844020843505863,78.31195831298828,269,-1.0,-1.8369701987210294e-16,0.0,6.844020843505863,1,3,2024
2024-09-26,Indo-Gangetic Plain,26.5,81.0,3.2206828594207764,80,58,30.851051330566406,19,14,25.49734878540039,19,14,5.353702545166016,85.61258569962567,270,-1.0,-1.8369701987210294e-16,1.4399969299859008,5.353702545166016,1,3,2024
2024-09-27,Indo-Gangetic Plain,26.5,81.0,26.37727165222168,80,58,28.58038330078125,19,14,24.469484329223633,19,14,4.110898971557617,93.7073415591548,271,-1.0,-1.8369701987210294e-16,3.3097131674233475,4.110898971557617,1,3,2024
2024-09-28,Indo-Gangetic Plain,26.5,81.0,38.6043701171875,80,58,29.135303497314453,19,14,23.970876693725582,19,14,5.164426803588871,92.70796479882098,272,-1.0,-1.8369701987210294e-16,3.678939468666239,5.164426803588871,1,3,2024
2024-09-29,Indo-Gangetic Plain,26.5,81.0,19.47481155395508,80,58,30.928813934326172,19,14,23.989227294921875,19,14,6.939586639404297,87.17841299913962,273,-1.0,-1.8369701987210294e-16,3.019195425982742,6.939586639404297,1,3,2024
2024-09-30,Indo-Gangetic Plain,26.5,81.0,13.368770599365234,80,58,33.162166595458984,19,14,24.653343200683594,19,14,8.50882339477539,82.9775246399021,274,-1.0,-1.8369701987210294e-16,2.6650571431509618,8.50882339477539,1,3,2024
2024-10-01,Indo-Gangetic Plain,26.5,81.0,0.0,80,58,33.96332931518555,19,14,24.527812957763672,19,14,9.435516357421877,73.12896728515625,275,-0.8660254037844386,0.5000000000000001,0.0,9.435516357421877,1,3,2024
2024-10-02,Indo-Gangetic Plain,26.5,81.0,0.0,80,58,35.00107192993164,19,14,24.726882934570312,19,14,10.274188995361328,71.45162200927734,276,-0.8660254037844386,0.5000000000000001,0.0,10.274188995361328,1,3,2024
2024-10-03,Indo-Gangetic Plain,26.5,81.0,0.0,80,58,35.45366668701172,19,14,24.406450271606445,19,14,11.047216415405272,69.90556716918945,277,-0.8660254037844386,0.5000000000000001,0.0,11.047216415405272,1,3,2024
2024-10-04,Indo-Gangetic Plain,26.5,81.0,0.0,80,58,34.976531982421875,19,14,25.02975082397461,19,14,9.946781158447266,72.10643768310547,278,-0.8660254037844386,0.5000000000000001,0.0,9.946781158447266,1,3,2024
2024-10-05,Indo-Gangetic Plain,26.5,81.0,0.0,80,58,34.68727493286133,19,14,24.60938262939453,19,14,10.077892303466797,71.8442153930664,279,-0.8660254037844386,0.5000000000000001,0.0,10.077892303466797,1,3,2024
2024-10-06,Indo-Gangetic Plain,26.5,81.0,0.0,80,58,34.483642578125,19,14,24.21390724182129,19,14,10.269735336303713,71.46052932739258,280,-0.8660254037844386,0.5000000000000001,0.0,10.269735336303713,1,3,2024
2024-10-07,Indo-Gangetic Plain,26.5,81.0,9.201951026916504,80,58,34.35196304321289,19,14,24.084644317626953,19,14,10.267318725585938,78.4330994862714,281,-0.8660254037844386,0.5000000000000001,2.3225789791477607,10.267318725585938,1,3,2024
2024-10-08,Indo-Gangetic Plain,26.5,81.0,0.0,80,58,34.24498748779297,19,14,24.36714744567871,19,14,9.877840042114258,72.24431991577148,282,-0.8660254037844386,0.5000000000000001,0.0,9.877840042114258,1,3,2024
2024-10-09,Indo-Gangetic Plain,26.5,81.0,0.0,80,58,34.44077682495117,19,14,24.232067108154297,19,14,10.208709716796877,71.58258056640625,283,-0.8660254037844386,0.5000000000000001,0.0,10.208709716796877,1,3,2024
2024-10-10,Indo-Gangetic Plain,26.5,81.0,0.0,80,58,33.25379180908203,19,14,23.33698272705078,19,14,9.91680908203125,72.1663818359375,284,-0.8660254037844386,0.5000000000000001,0.0,9.91680908203125,1,3,2024
2024-10-11,Indo-Gangetic Plain,26.5,81.0,0.0,80,58,33.566532135009766,19,14,22.570829391479492,19,14,10.995702743530272,70.00859451293945,285,-0.8660254037844386,0.5000000000000001,0.0,10.995702743530272,1,3,2024
2024-10-12,Indo-Gangetic Plain,26.5,81.0,0.0,80,58,32.36135482788086,19,14,22.71668243408203,19,14,9.644672393798828,72.71065521240234,286,-0.8660254037844386,0.5000000000000001,0.0,9.644672393798828,1,3,2024
2024-10-13,Indo-Gangetic Plain,26.5,81.0,0.0,80,58,32.6041259765625,19,14,21.66315460205078,19,14,10.94097137451172,70.11805725097656,287,-0.8660254037844386,0.5000000000000001,0.0,10.94097137451172,1,3,2024
2024-10-14,Indo-Gangetic Plain,26.5,81.0,0.0,80,58,31.70650100708008,19,14,22.753204345703125,19,14,8.953296661376957,74.0934066772461,288,-0.8660254037844386,0.5000000000000001,0.0,8.953296661376957,1,3,2024
2024-10-15,Indo-Gangetic Plain,26.5,81.0,0.0,80,58,33.287879943847656,19,14,20.921876907348633,19,14,12.366003036499023,67.26799392700195,289,-0.8660254037844386,0.5000000000000001,0.0,12.366003036499023,1,3,2024
2024-10-16,Indo-Gangetic Plain,26.5,81.0,0.0,80,58,34.125205993652344,19,14,19.963708877563477,19,14,14.161497116088867,63.677005767822266,290,-0.8660254037844386,0.5000000000000001,0.0,14.161497116088867,1,3,2024
2024-10-17,Indo-Gangetic Plain,26.5,81.0,0.0,80,58,34.196163177490234,19,14,20.158954620361328,19,14,14.037208557128906,63.92558288574219,291,-0.8660254037844386,0.5000000000000001,0.0,14.037208557128906,1,3,2024
2024-10-18,Indo-Gangetic Plain,26.5,81.0,0.0,80,58,33.9157829284668,19,14,20.65595245361328,19,14,13.259830474853516,65.48033905029297,292,-0.8660254037844386,0.5000000000000001,0.0,13.259830474853516,1,3,2024
2024-10-19,Indo-Gangetic Plain,26.5,81.0,0.0,80,58,34.486297607421875,19,14,20.3557071685791,19,14,14.130590438842772,63.73881912231445,293,-0.8660254037844386,0.5000000000000001,0.0,14.130590438842772,1,3,2024
2024-10-20,Indo-Gangetic Plain,26.5,81.0,0.0,80,58,34.751285552978516,19,14,20.64022445678711,19,14,14.111061096191406,63.77787780761719,294,-0.8660254037844386,0.5000000000000001,0.0,14.111061096191406,1,3,2024
2024-10-21,Indo-Gangetic Plain,26.5,81.0,0.0,80,58,34.009620666503906,19,14,20.917463302612305,19,14,13.092157363891602,65.8156852722168,295,-0.8660254037844386,0.5000000000000001,0.0,13.092157363891602,1,3,2024
2024-10-22,Indo-Gangetic Plain,26.5,81.0,0.0,80,58,33.917747497558594,19,14,21.057151794433594,19,14,12.860595703125,66.27880859375,296,-0.8660254037844386,0.5000000000000001,0.0,12.860595703125,1,3,2024
2024-10-23,Indo-Gangetic Plain,26.5,81.0,0.0,80,58,33.270912170410156,19,14,20.61716651916504,19,14,12.653745651245115,66.69250869750977,297,-0.8660254037844386,0.5000000000000001,0.0,12.653745651245115,1,3,2024
2024-10-24,Indo-Gangetic Plain,26.5,81.0,0.0,80,58,33.223628997802734,19,14,21.26567268371582,19,14,11.957956314086914,68.08408737182617,298,-0.8660254037844386,0.5000000000000001,0.0,11.957956314086914,1,3,2024
2024-10-25,Indo-Gangetic Plain,26.5,81.0,0.0,80,58,32.42901611328125,19,14,21.219945907592773,19,14,11.209070205688477,69.58185958862305,299,-0.8660254037844386,0.5000000000000001,0.0,11.209070205688477,1,3,2024
2024-10-26,Indo-Gangetic Plain,26.5,81.0,0.0,80,58,32.389305114746094,19,14,20.995643615722656,19,14,11.393661499023438,69.21267700195312,300,-0.8660254037844386,0.5000000000000001,0.0,11.393661499023438,1,3,2024
2024-10-27,Indo-Gangetic Plain,26.5,81.0,0.0,80,58,31.639169692993164,19,14,21.2554988861084,19,14,10.383670806884766,71.23265838623047,301,-0.8660254037844386,0.5000000000000001,0.0,10.383670806884766,1,3,2024
2024-10-28,Indo-Gangetic Plain,26.5,81.0,0.0,80,58,32.86399459838867,19,14,21.92335319519043,19,14,10.940641403198242,70.11871719360352,302,-0.8660254037844386,0.5000000000000001,0.0,10.940641403198242,1,3,2024
2024-10-29,Indo-Gangetic Plain,26.5,81.0,0.0,80,58,34.3777961730957,19,14,22.53872299194336,19,14,11.839073181152344,68.32185363769531,303,-0.8660254037844386,0.5000000000000001,0.0,11.839073181152344,1,3,2024
2024-10-30,Indo-Gangetic Plain,26.5,81.0,0.0,80,58,35.00851821899414,19,14,22.02281379699707,19,14,12.98570442199707,66.02859115600586,304,-0.8660254037844386,0.5000000000000001,0.0,12.98570442199707,1,3,2024
2024-10-31,Indo-Gangetic Plain,26.5,81.0,0.0,80,58,35.52085494995117,19,14,21.07792091369629,19,14,14.442934036254885,63.114131927490234,305,-0.8660254037844386,0.5000000000000001,0.0,14.442934036254885,1,3,2024
2024-11-01,Indo-Gangetic Plain,26.5,81.0,0.0,80,58,34.08561706542969,19,14,20.047828674316406,19,14,14.03778839111328,63.92442321777344,306,-0.5000000000000004,0.8660254037844384,0.0,14.03778839111328,1,3,2024
2024-11-02,Indo-Gangetic Plain,26.5,81.0,0.0,80,58,33.10954666137695,19,14,17.649642944335938,19,14,15.459903717041016,61.08019256591797,307,-0.5000000000000004,0.8660254037844384,0.0,15.459903717041016,1,3,2024
2024-11-03,Indo-Gangetic Plain,26.5,81.0,0.0,80,58,32.72861862182617,19,14,18.08091926574707,19,14,14.647699356079102,62.7046012878418,308,-0.5000000000000004,0.8660254037844384,0.0,14.647699356079102,1,3,2024
2024-11-04,Indo-Gangetic Plain,26.5,81.0,0.0,80,58,32.13560485839844,19,14,18.590118408203125,19,14,13.545486450195312,64.90902709960938,309,-0.5000000000000004,0.8660254037844384,0.0,13.545486450195312,1,3,2024
2024-11-05,Indo-Gangetic Plain,26.5,81.0,0.0,80,58,31.785497665405273,19,14,18.97739028930664,19,14,12.808107376098633,66.38378524780273,310,-0.5000000000000004,0.8660254037844384,0.0,12.808107376098633,1,3,2024
2024-11-06,Indo-Gangetic Plain,26.5,81.0,0.0,80,58,31.55484962463379,19,14,18.874977111816406,19,14,12.679872512817385,66.64025497436523,311,-0.5000000000000004,0.8660254037844384,0.0,12.679872512817385,1,3,2024
2024-11-07,Indo-Gangetic Plain,26.5,81.0,0.0,80,58,32.0168342590332,19,14,19.31374168395996,19,14,12.703092575073242,66.59381484985352,312,-0.5000000000000004,0.8660254037844384,0.0,12.703092575073242,1,3,2024
2024-11-08,Indo-Gangetic Plain,26.5,81.0,0.0,80,58,31.92110252380371,19,14,19.168550491333008,19,14,12.752552032470703,66.4948959350586,313,-0.5000000000000004,0.8660254037844384,0.0,12.752552032470703,1,3,2024
2024-11-09,Indo-Gangetic Plain,26.5,81.0,0.0,80,58,31.713726043701172,19,14,18.760194778442383,19,14,12.953531265258787,66.09293746948242,314,-0.5000000000000004,0.8660254037844384,0.0,12.953531265258787,1,3,2024
2024-11-10,Indo-Gangetic Plain,26.5,81.0,0.0,80,58,31.340633392333984,19,14,18.25505256652832,19,14,13.085580825805664,65.82883834838867,315,-0.5000000000000004,0.8660254037844384,0.0,13.085580825805664,1,3,2024
2024-11-11,Indo-Gangetic Plain,26.5,81.0,0.0,80,58,31.189674377441406,19,14,18.242774963378903,19,14,12.946899414062504,66.106201171875,316,-0.5000000000000004,0.8660254037844384,0.0,12.946899414062504,1,3,2024
2024-11-12,Indo-Gangetic Plain,26.5,81.0,0.0,80,58,31.522552490234375,19,14,17.565935134887695,19,14,13.95661735534668,64.08676528930664,317,-0.5000000000000004,0.8660254037844384,0.0,13.95661735534668,1,3,2024
2024-11-13,Indo-Gangetic Plain,26.5,81.0,0.0,80,58,31.58515739440918,19,14,16.967435836791992,19,14,14.617721557617188,62.764556884765625,318,-0.5000000000000004,0.8660254037844384,0.0,14.617721557617188,1,3,2024
2024-11-14,Indo-Gangetic Plain,26.5,81.0,0.0,80,58,29.767473220825195,19,14,15.869384765625,19,14,13.898088455200195,64.20382308959961,319,-0.5000000000000004,0.8660254037844384,0.0,13.898088455200195,1,3,2024
2024-11-15,Indo-Gangetic Plain,26.5,81.0,0.0,80,58,29.800424575805664,19,14,15.279756546020508,19,14,14.520668029785156,62.95866394042969,320,-0.5000000000000004,0.8660254037844384,0.0,14.520668029785156,1,3,2024
2024-11-16,Indo-Gangetic Plain,26.5,81.0,0.0,80,58,30.07029914855957,19,14,14.392423629760742,19,14,15.677875518798828,60.644248962402344,321,-0.5000000000000004,0.8660254037844384,0.0,15.677875518798828,1,3,2024
2024-11-17,Indo-Gangetic Plain,26.5,81.0,0.0,80,58,29.76980209350586,19,14,14.789185523986816,19,14,14.980616569519045,62.038766860961914,322,-0.5000000000000004,0.8660254037844384,0.0,14.980616569519045,1,3,2024
2024-11-18,Indo-Gangetic Plain,26.5,81.0,0.0,80,58,29.55235290527344,19,14,13.991639137268066,19,14,15.560713768005376,60.87857246398925,323,-0.5000000000000004,0.8660254037844384,0.0,15.560713768005376,1,3,2024
2024-11-19,Indo-Gangetic Plain,26.5,81.0,0.0,80,58,27.888286590576172,19,14,14.410205841064451,19,14,13.47808074951172,65.04383850097656,324,-0.5000000000000004,0.8660254037844384,0.0,13.47808074951172,1,3,2024
2024-11-20,Indo-Gangetic Plain,26.5,81.0,0.0,80,58,26.68476104736328,19,14,12.629156112670898,19,14,14.055604934692385,63.888790130615234,325,-0.5000000000000004,0.8660254037844384,0.0,14.055604934692385,1,3,2024
2024-11-21,Indo-Gangetic Plain,26.5,81.0,0.0,80,58,26.410987854003903,19,14,11.949729919433594,19,14,14.461257934570307,63.07748413085938,326,-0.5000000000000004,0.8660254037844384,0.0,14.461257934570307,1,3,2024
2024-11-22,Indo-Gangetic Plain,26.5,81.0,0.0,80,58,26.83940887451172,19,14,11.920677185058594,19,14,14.918731689453123,62.16253662109375,327,-0.5000000000000004,0.8660254037844384,0.0,14.918731689453123,1,3,2024
2024-11-23,Indo-Gangetic Plain,26.5,81.0,0.0,80,58,27.48743438720703,19,14,12.251298904418944,19,14,15.236135482788088,61.52772903442383,328,-0.5000000000000004,0.8660254037844384,0.0,15.236135482788088,1,3,2024
2024-11-24,Indo-Gangetic Plain,26.5,81.0,0.0,80,58,27.59948348999023,19,14,12.33908748626709,19,14,15.26039600372314,61.47920799255372,329,-0.5000000000000004,0.8660254037844384,0.0,15.26039600372314,1,3,2024
2024-11-25,Indo-Gangetic Plain,26.5,81.0,0.0,80,58,27.577953338623047,19,14,13.175943374633787,19,14,14.40200996398926,63.19598007202149,330,-0.5000000000000004,0.8660254037844384,0.0,14.40200996398926,1,3,2024
2024-11-26,Indo-Gangetic Plain,26.5,81.0,0.0,80,58,27.0794620513916,19,14,12.564741134643556,19,14,14.514720916748043,62.970558166503906,331,-0.5000000000000004,0.8660254037844384,0.0,14.514720916748043,1,3,2024
2024-11-27,Indo-Gangetic Plain,26.5,81.0,0.0,80,58,27.463438034057617,19,14,11.475624084472656,19,14,15.98781394958496,60.02437210083008,332,-0.5000000000000004,0.8660254037844384,0.0,15.98781394958496,1,3,2024
2024-11-28,Indo-Gangetic Plain,26.5,81.0,0.0,80,58,26.979291915893555,19,14,10.570361137390137,19,14,16.408930778503418,59.18213844299317,333,-0.5000000000000004,0.8660254037844384,0.0,16.408930778503418,1,3,2024
2024-11-29,Indo-Gangetic Plain,26.5,81.0,0.0,80,58,26.713205337524418,19,14,10.293163299560549,19,14,16.420042037963867,59.159915924072266,334,-0.5000000000000004,0.8660254037844384,0.0,16.420042037963867,1,3,2024
2024-11-30,Indo-Gangetic Plain,26.5,81.0,0.0,80,58,26.374195098876953,19,14,10.339418411254885,19,14,16.03477668762207,59.93044662475586,335,-0.5000000000000004,0.8660254037844384,0.0,16.03477668762207,1,3,2024
2024-12-01,Indo-Gangetic Plain,26.5,81.0,0.0,80,58,26.92228126525879,19,14,10.15241241455078,19,14,16.769868850708008,58.460262298583984,336,-2.4492935982947064e-16,1.0,0.0,16.769868850708008,1,3,2024
2024-12-02,Indo-Gangetic Plain,26.5,81.0,0.0,80,58,27.73641586303711,19,14,10.463567733764648,19,14,17.27284812927246,57.45430374145508,337,-2.4492935982947064e-16,1.0,0.0,17.27284812927246,1,3,2024
2024-12-03,Indo-Gangetic Plain,26.5,81.0,0.0,80,58,27.87119483947754,19,14,10.855597496032717,19,14,17.015597343444824,57.96880531311035,338,-2.4492935982947064e-16,1.0,0.0,17.015597343444824,1,3,2024
2024-12-04,Indo-Gangetic Plain,26.5,81.0,0.0,80,58,28.356767654418945,19,14,11.68805694580078,19,14,16.668710708618164,58.66257858276367,339,-2.4492935982947064e-16,1.0,0.0,16.668710708618164,1,3,2024
2024-12-05,Indo-Gangetic Plain,26.5,81.0,0.0,80,58,26.874187469482425,19,14,11.201895713806152,19,14,15.672291755676271,60.655416488647454,340,-2.4492935982947064e-16,1.0,0.0,15.672291755676271,1,3,2024
2024-12-06,Indo-Gangetic Plain,26.5,81.0,0.0,80,58,26.06094741821289,19,14,9.65802001953125,19,14,16.40292739868164,59.19414520263672,341,-2.4492935982947064e-16,1.0,0.0,16.40292739868164,1,3,2024
2024-12-07,Indo-Gangetic Plain,26.5,81.0,0.0,80,58,26.233224868774418,19,14,8.477781295776367,19,14,17.75544357299805,56.4891128540039,342,-2.4492935982947064e-16,1.0,0.0,17.75544357299805,1,3,2024
2024-12-08,Indo-Gangetic Plain,26.5,81.0,0.0,80,58,25.54974937438965,19,14,9.266069412231444,19,14,16.283679962158203,59.432640075683594,343,-2.4492935982947064e-16,1.0,0.0,16.283679962158203,1,3,2024
2024-12-09,Indo-Gangetic Plain,26.5,81.0,0.0,80,58,24.93270492553711,19,14,10.943717002868652,19,14,13.988987922668455,64.02202415466309,344,-2.4492935982947064e-16,1.0,0.0,13.988987922668455,1,3,2024
2024-12-10,Indo-Gangetic Plain,26.5,81.0,0.0,80,58,23.624258041381836,19,14,9.032072067260742,19,14,14.592185974121094,62.81562805175781,345,-2.4492935982947064e-16,1.0,0.0,14.592185974121094,1,3,2024
2024-12-11,Indo-Gangetic Plain,26.5,81.0,0.0,80,58,23.904924392700195,19,14,7.796316146850586,19,14,16.10860824584961,59.78278350830078,346,-2.4492935982947064e-16,1.0,0.0,16.10860824584961,1,3,2024
2024-12-12,Indo-Gangetic Plain,26.5,81.0,0.0,80,58,24.442583084106445,19,14,5.740520477294922,19,14,18.702062606811523,54.59587478637695,347,-2.4492935982947064e-16,1.0,0.0,18.702062606811523,1,3,2024
2024-12-13,Indo-Gangetic Plain,26.5,81.0,0.0,80,58,24.18462562561035,19,14,6.223676681518555,19,14,17.960948944091797,56.078102111816406,348,-2.4492935982947064e-16,1.0,0.0,17.960948944091797,1,3,2024
2024-12-14,Indo-Gangetic Plain,26.5,81.0,0.0,80,58,23.76335906982422,19,14,5.800003528594971,19,14,17.963355541229248,56.073288917541504,349,-2.4492935982947064e-16,1.0,0.0,17.963355541229248,1,3,2024
2024-12-15,Indo-Gangetic Plain,26.5,81.0,0.0,80,58,24.64919662475586,19,14,5.351705074310303,19,14,19.297491550445557,53.40501689910889,350,-2.4492935982947064e-16,1.0,0.0,19.297491550445557,1,3,2024
2024-12-16,Indo-Gangetic Plain,26.5,81.0,0.0,80,58,25.33131980895996,19,14,6.502939224243164,19,14,18.828380584716797,54.343238830566406,351,-2.4492935982947064e-16,1.0,0.0,18.828380584716797,1,3,2024
2024-12-17,Indo-Gangetic Plain,26.5,81.0,0.0,80,58,25.672534942626953,19,14,7.0268473625183105,19,14,18.645687580108643,54.708624839782715,352,-2.4492935982947064e-16,1.0,0.0,18.645687580108643,1,3,2024
2024-12-18,Indo-Gangetic Plain,26.5,81.0,0.0,80,58,25.52129173278809,19,14,7.974437713623047,19,14,17.546854019165043,56.906291961669915,353,-2.4492935982947064e-16,1.0,0.0,17.546854019165043,1,3,2024
2024-12-19,Indo-Gangetic Plain,26.5,81.0,0.0,80,58,25.12331771850586,19,14,8.189031600952148,19,14,16.93428611755371,58.13142776489258,354,-2.4492935982947064e-16,1.0,0.0,16.93428611755371,1,3,2024
2024-12-20,Indo-Gangetic Plain,26.5,81.0,0.0,80,58,25.848604202270508,19,14,8.46512508392334,19,14,17.383479118347168,57.233041763305664,355,-2.4492935982947064e-16,1.0,0.0,17.383479118347168,1,3,2024
2024-12-21,Indo-Gangetic Plain,26.5,81.0,0.0,80,58,25.23493003845215,19,14,9.00618839263916,19,14,16.22874164581299,59.54251670837402,356,-2.4492935982947064e-16,1.0,0.0,16.22874164581299,1,3,2024
2024-12-22,Indo-Gangetic Plain,26.5,81.0,0.0,80,58,25.14812469482422,19,14,8.225391387939453,19,14,16.922733306884766,58.15453338623047,357,-2.4492935982947064e-16,1.0,0.0,16.922733306884766,1,3,2024
2024-12-23,Indo-Gangetic Plain,26.5,81.0,0.0,80,58,24.19998550415039,19,14,9.096136093139648,19,14,15.103849411010742,61.79230117797851,358,-2.4492935982947064e-16,1.0,0.0,15.103849411010742,1,3,2024
2024-12-24,Indo-Gangetic Plain,26.5,81.0,0.0,80,58,21.827312469482425,19,14,12.939604759216309,19,14,8.887707710266117,74.22458457946777,359,-2.4492935982947064e-16,1.0,0.0,8.887707710266117,1,3,2024
2024-12-25,Indo-Gangetic Plain,26.5,81.0,0.0,80,58,23.394617080688477,19,14,13.124587059020996,19,14,10.27003002166748,71.45993995666504,360,-2.4492935982947064e-16,1.0,0.0,10.27003002166748,1,3,2024
2024-12-26,Indo-Gangetic Plain,26.5,81.0,0.0,80,58,25.792980194091797,19,14,12.468300819396973,19,14,13.324679374694824,65.35064125061035,361,-2.4492935982947064e-16,1.0,0.0,13.324679374694824,1,3,2024
2024-12-27,Indo-Gangetic Plain,26.5,81.0,0.0,80,58,27.344249725341797,19,14,12.921758651733398,19,14,14.422491073608398,63.1550178527832,362,-2.4492935982947064e-16,1.0,0.0,14.422491073608398,1,3,2024
2024-12-28,Indo-Gangetic Plain,26.5,81.0,0.129459336400032,80,58,21.881746292114254,19,14,14.672402381896973,19,14,7.209343910217282,77.94652934414941,363,-2.4492935982947064e-16,1.0,0.1217390548613266,7.209343910217282,1,3,2024
2024-12-29,Indo-Gangetic Plain,26.5,81.0,0.0,80,58,22.06498336791992,19,14,13.04484748840332,19,14,9.020135879516598,73.9597282409668,364,-2.4492935982947064e-16,1.0,0.0,9.020135879516598,1,3,2024
2024-12-30,Indo-Gangetic Plain,26.5,81.0,0.0,80,58,16.525218963623047,19,14,12.359432220458984,19,14,4.1657867431640625,83.66842651367188,365,-2.4492935982947064e-16,1.0,0.0,4.1657867431640625,1,3,2024
2024-12-31,Indo-Gangetic Plain,26.5,81.0,0.0,80,58,16.349082946777344,19,14,11.95240592956543,19,14,4.396677017211914,83.20664596557617,366,-2.4492935982947064e-16,1.0,0.0,4.396677017211914,1,3,2024
2024-01-01,Kerala Coast,9.5,76.5,0.0,12,40,30.647136688232425,2,9,22.63933753967285,2,9,8.007799148559574,75.98440170288086,1,0.4999999999999999,0.8660254037844387,0.0,8.007799148559574,1,4,2024
2024-01-02,Kerala Coast,9.5,76.5,0.0,12,40,31.296321868896484,2,9,23.18917655944824,2,9,8.107145309448246,75.78570938110352,2,0.4999999999999999,0.8660254037844387,0.0,8.107145309448246,1,4,2024
2024-01-03,Kerala Coast,9.5,76.5,0.0,12,40,30.97551727294922,2,9,22.6181640625,2,9,8.357353210449219,75.28529357910156,3,0.4999999999999999,0.8660254037844387,0.0,8.357353210449219,1,4,2024
2024-01-04,Kerala Coast,9.5,76.5,0.0,12,40,30.69460105895996,2,9,23.44029426574707,2,9,7.254306793212891,77.49138641357422,4,0.4999999999999999,0.8660254037844387,0.0,7.254306793212891,1,4,2024
2024-01-05,Kerala Coast,9.5,76.5,41.125213623046875,12,40,29.925277709960938,2,9,22.603809356689453,2,9,7.321468353271484,88.57900267294679,5,0.4999999999999999,0.8660254037844387,3.74064645982992,7.321468353271484,1,4,2024
2024-01-06,Kerala Coast,9.5,76.5,0.2427441030740738,12,40,31.023401260375977,2,9,23.35974884033203,2,9,7.663652420043945,77.32466092266996,6,0.4999999999999999,0.8660254037844387,0.2173219209192859,7.663652420043945,1,4,2024
2024-01-07,Kerala Coast,9.5,76.5,4.172804355621338,12,40,30.65739631652832,2,9,23.502607345581055,2,9,7.154788970947266,82.62066696814327,7,0.4999999999999999,0.8660254037844387,1.643414970012598,7.154788970947266,1,4,2024
2024-01-08,Kerala Coast,9.5,76.5,9.993618965148926,12,40,29.732093811035156,2,9,23.469791412353516,2,9,6.262302398681641,86.66734023384072,8,0.4999999999999999,0.8660254037844387,2.3973150104013334,6.262302398681641,1,4,2024
2024-01-09,Kerala Coast,9.5,76.5,17.901397705078125,12,40,27.926239013671875,2,9,23.250537872314453,2,9,4.675701141357422,91.46630533322777,9,0.4999999999999999,0.8660254037844387,2.9392358719808707,4.675701141357422,1,4,2024
2024-01-10,Kerala Coast,9.5,76.5,1.7583990097045898,12,40,29.94680976867676,2,9,22.58099937438965,2,9,7.365810394287113,80.31233053885488,10,0.4999999999999999,0.8660254037844387,1.0146504424763654,7.365810394287113,1,4,2024
2024-01-11,Kerala Coast,9.5,76.5,0.0,12,40,31.126323699951172,2,9,22.609909057617188,2,9,8.516414642333984,74.96717071533203,11,0.4999999999999999,0.8660254037844387,0.0,8.516414642333984,1,4,2024
2024-01-12,Kerala Coast,9.5,76.5,0.0,12,40,30.732959747314453,2,9,22.47748565673828,2,9,8.255474090576172,75.48905181884766,12,0.4999999999999999,0.8660254037844387,0.0,8.255474090576172,1,4,2024
2024-01-13,Kerala Coast,9.5,76.5,0.0,12,40,31.473705291748047,2,9,21.378128051757812,2,9,10.095577239990234,71.80884552001953,13,0.4999999999999999,0.8660254037844387,0.0,10.095577239990234,1,4,2024
2024-01-14,Kerala Coast,9.5,76.5,0.0,12,40,31.29431533813477,2,9,21.82042121887207,2,9,9.4738941192627,73.05221176147461,14,0.4999999999999999,0.8660254037844387,0.0,9.4738941192627,1,4,2024
2024-01-15,Kerala Coast,9.5,76.5,0.0,12,40,31.31586265563965,2,9,21.59295654296875,2,9,9.722906112670898,72.5541877746582,15,0.4999999999999999,0.8660254037844387,0.0,9.722906112670898,1,4,2024
2024-01-16,Kerala Coast,9.5,76.5,0.0,12,40,31.183813095092773,2,9,21.22847366333008,2,9,9.955339431762692,72.08932113647461,16,0.4999999999999999,0.8660254037844387,0.0,9.955339431762692,1,4,2024
2024-01-17,Kerala Coast,9.5,76.5,0.0,12,40,31.701295852661133,2,9,20.61397933959961,2,9,11.087316513061523,69.82536697387695,17,0.4999999999999999,0.8660254037844387,0.0,11.087316513061523,1,4,2024
2024-01-18,Kerala Coast,9.5,76.5,0.0,12,40,31.74770736694336,2,9,20.804868698120117,2,9,10.942838668823242,70.11432266235352,18,0.4999999999999999,0.8660254037844387,0.0,10.942838668823242,1,4,2024
2024-01-19,Kerala Coast,9.5,76.5,0.0,12,40,31.534208297729492,2,9,22.534000396728516,2,9,9.000207901000977,73.99958419799805,19,0.4999999999999999,0.8660254037844387,0.0,9.000207901000977,1,4,2024
2024-01-20,Kerala Coast,9.5,76.5,0.0,12,40,30.66915512084961,2,9,22.90801239013672,2,9,7.761142730712891,76.47771453857422,20,0.4999999999999999,0.8660254037844387,0.0,7.761142730712891,1,4,2024
2024-01-21,Kerala Coast,9.5,76.5,6.858957290649414,12,40,32.15995407104492,2,9,22.563467025756836,2,9,9.596487045288086,78.99198772167857,21,0.4999999999999999,0.8660254037844387,2.0616539374182485,9.596487045288086,1,4,2024
2024-01-22,Kerala Coast,9.5,76.5,0.0,12,40,32.48708724975586,2,9,22.480194091796875,2,9,10.006893157958984,71.98621368408203,22,0.4999999999999999,0.8660254037844387,0.0,10.006893157958984,1,4,2024
2024-01-23,Kerala Coast,9.5,76.5,0.0,12,40,32.00029754638672,2,9,22.371395111083984,2,9,9.628902435302734,72.74219512939453,23,0.4999999999999999,0.8660254037844387,0.0,9.628902435302734,1,4,2024
2024-01-24,Kerala Coast,9.5,76.5,0.0,12,40,31.961803436279297,2,9,22.334388732910156,2,9,9.62741470336914,72.74517059326172,24,0.4999999999999999,0.8660254037844387,0.0,9.62741470336914,1,4,2024
2024-01-25,Kerala Coast,9.5,76.5,0.0,12,40,31.776020050048828,2,9,21.566133499145508,2,9,10.20988655090332,71.58022689819336,25,0.4999999999999999,0.8660254037844387,0.0,10.20988655090332,1,4,2024
2024-01-26,Kerala Coast,9.5,76.5,0.0,12,40,32.13471221923828,2,9,21.568225860595703,2,9,10.566486358642578,70.86702728271484,26,0.4999999999999999,0.8660254037844387,0.0,10.566486358642578,1,4,2024
2024-01-27,Kerala Coast,9.5,76.5,0.0,12,40,31.614181518554688,2,9,21.399608612060547,2,9,10.21457290649414,71.57085418701172,27,0.4999999999999999,0.8660254037844387,0.0,10.21457290649414,1,4,2024
2024-01-28,Kerala Coast,9.5,76.5,0.0,12,40,32.174747467041016,2,9,21.58879280090332,2,9,10.585954666137695,70.82809066772461,28,0.4999999999999999,0.8660254037844387,0.0,10.585954666137695,1,4,2024
2024-01-29,Kerala Coast,9.5,76.5,0.0,12,40,32.00113296508789,2,9,21.820940017700195,2,9,10.180192947387695,71.63961410522461,29,0.4999999999999999,0.8660254037844387,0.0,10.180192947387695,1,4,2024
2024-01-30,Kerala Coast,9.5,76.5,0.0,12,40,32.82670211791992,2,9,21.70549201965332,2,9,11.121210098266602,69.7575798034668,30,0.4999999999999999,0.8660254037844387,0.0,11.121210098266602,1,4,2024
2024-01-31,Kerala Coast,9.5,76.5,0.0,12,40,33.03662109375,2,9,22.676424026489254,2,9,10.360197067260746,71.27960586547852,31,0.4999999999999999,0.8660254037844387,0.0,10.360197067260746,1,4,2024
2024-02-01,Kerala Coast,9.5,76.5,0.0,12,40,31.904340744018555,2,9,22.860361099243164,2,9,9.04397964477539,73.91204071044922,32,0.8660254037844386,0.5000000000000001,0.0,9.04397964477539,1,4,2024
2024-02-02,Kerala Coast,9.5,76.5,0.0,12,40,32.42801284790039,2,9,22.982322692871097,2,9,9.445690155029292,73.1086196899414,33,0.8660254037844386,0.5000000000000001,0.0,9.445690155029292,1,4,2024
2024-02-03,Kerala Coast,9.5,76.5,0.0,12,40,32.6268424987793,2,9,23.16482734680176,2,9,9.462015151977536,73.07596969604492,34,0.8660254037844386,0.5000000000000001,0.0,9.462015151977536,1,4,2024
2024-02-04,Kerala Coast,9.5,76.5,0.0,12,40,32.72658157348633,2,9,23.12452507019043,2,9,9.602056503295898,72.7958869934082,35,0.8660254037844386,0.5000000000000001,0.0,9.602056503295898,1,4,2024
2024-02-05,Kerala Coast,9.5,76.5,0.0,12,40,32.502098083496094,2,9,22.47139549255371,2,9,10.030702590942385,71.93859481811523,36,0.8660254037844386,0.5000000000000001,0.0,10.030702590942385,1,4,2024
2024-02-06,Kerala Coast,9.5,76.5,0.0,12,40,32.522281646728516,2,9,22.044132232666016,2,9,10.4781494140625,71.043701171875,37,0.8660254037844386,0.5000000000000001,0.0,10.4781494140625,1,4,2024
2024-02-07,Kerala Coast,9.5,76.5,0.0,12,40,32.98659896850586,2,9,22.329418182373047,2,9,10.657180786132812,70.68563842773438,38,0.8660254037844386,0.5000000000000001,0.0,10.657180786132812,1,4,2024
2024-02-08,Kerala Coast,9.5,76.5,0.0,12,40,32.96989822387695,2,9,21.96739196777344,2,9,11.002506256103512,69.99498748779297,39,0.8660254037844386,0.5000000000000001,0.0,11.002506256103512,1,4,2024
2024-02-09,Kerala Coast,9.5,76.5,0.0,12,40,32.946842193603516,2,9,21.653573989868164,2,9,11.293268203735352,69.4134635925293,40,0.8660254037844386,0.5000000000000001,0.0,11.293268203735352,1,4,2024
2024-02-10,Kerala Coast,9.5,76.5,0.0,12,40,32.63116455078125,2,9,22.39611434936523,2,9,10.23505020141602,71.52989959716797,41,0.8660254037844386,0.5000000000000001,0.0,10.23505020141602,1,4,2024
2024-02-11,Kerala Coast,9.5,76.5,0.0,12,40,32.751060485839844,2,9,22.80178451538086,2,9,9.949275970458984,72.10144805908203,42,0.8660254037844386,0.5000000000000001,0.0,9.949275970458984,1,4,2024
2024-02-12,Kerala Coast,9.5,76.5,0.0,12,40,32.486976623535156,2,9,22.237424850463867,2,9,10.249551773071287,71.50089645385742,43,0.8660254037844386,0.5000000000000001,0.0,10.249551773071287,1,4,2024
2024-02-13,Kerala Coast,9.5,76.5,0.0,12,40,32.80763626098633,2,9,22.61077880859375,2,9,10.196857452392578,71.60628509521484,44,0.8660254037844386,0.5000000000000001,0.0,10.196857452392578,1,4,2024
2024-02-14,Kerala Coast,9.5,76.5,0.0,12,40,32.599063873291016,2,9,23.35460090637207,2,9,9.244462966918944,73.51107406616211,45,0.8660254037844386,0.5000000000000001,0.0,9.244462966918944,1,4,2024
2024-02-15,Kerala Coast,9.5,76.5,0.0,12,40,32.98958969116211,2,9,22.57491874694824,2,9,10.41467094421387,71.17065811157227,46,0.8660254037844386,0.5000000000000001,0.0,10.41467094421387,1,4,2024
2024-02-16,Kerala Coast,9.5,76.5,0.0,12,40,33.11207962036133,2,9,22.721513748168945,2,9,10.390565872192385,71.21886825561523,47,0.8660254037844386,0.5000000000000001,0.0,10.390565872192385,1,4,2024
2024-02-17,Kerala Coast,9.5,76.5,0.0,12,40,33.360538482666016,2,9,23.363252639770508,2,9,9.997285842895508,72.00542831420898,48,0.8660254037844386,0.5000000000000001,0.0,9.997285842895508,1,4,2024
2024-02-18,Kerala Coast,9.5,76.5,0.192590981721878,12,40,33.27925109863281,2,9,23.320045471191406,2,9,9.959205627441406,72.60997345256224,49,0.8660254037844386,0.5000000000000001,0.176128235815019,9.959205627441406,1,4,2024
2024-02-19,Kerala Coast,9.5,76.5,0.0,12,40,33.346221923828125,2,9,23.37826156616211,2,9,9.967960357666016,72.06407928466797,50,0.8660254037844386,0.5000000000000001,0.0,9.967960357666016,1,4,2024
2024-02-20,Kerala Coast,9.5,76.5,0.0,12,40,33.43460464477539,2,9,23.38408660888672,2,9,10.050518035888672,71.89896392822266,51,0.8660254037844386,0.5000000000000001,0.0,10.050518035888672,1,4,2024
2024-02-21,Kerala Coast,9.5,76.5,0.0,12,40,33.466556549072266,2,9,23.277286529541016,2,9,10.18927001953125,71.6214599609375,52,0.8660254037844386,0.5000000000000001,0.0,10.18927001953125,1,4,2024
2024-02-22,Kerala Coast,9.5,76.5,0.0,12,40,33.69733810424805,2,9,23.919923782348633,2,9,9.777414321899414,72.44517135620117,53,0.8660254037844386,0.5000000000000001,0.0,9.777414321899414,1,4,2024
2024-02-23,Kerala Coast,9.5,76.5,0.0,12,40,34.23466110229492,2,9,23.58841323852539,2,9,10.646247863769531,70.70750427246094,54,0.8660254037844386,0.5000000000000001,0.0,10.646247863769531,1,4,2024
2024-02-24,Kerala Coast,9.5,76.5,0.0,12,40,33.963417053222656,2,9,23.93773651123047,2,9,10.025680541992188,71.94863891601562,55,0.8660254037844386,0.5000000000000001,0.0,10.025680541992188,1,4,2024
2024-02-25,Kerala Coast,9.5,76.5,0.0,12,40,33.21749496459961,2,9,24.22691345214844,2,9,8.990581512451168,74.01883697509766,56,0.8660254037844386,0.5000000000000001,0.0,8.990581512451168,1,4,2024
2024-02-26,Kerala Coast,9.5,76.5,0.0,12,40,33.64823913574219,2,9,23.45788955688477,2,9,10.190349578857418,71.61930084228516,57,0.8660254037844386,0.5000000000000001,0.0,10.190349578857418,1,4,2024
2024-02-27,Kerala Coast,9.5,76.5,0.0,12,40,33.69086456298828,2,9,23.927549362182617,2,9,9.763315200805664,72.47336959838867,58,0.8660254037844386,0.5000000000000001,0.0,9.763315200805664,1,4,2024
2024-02-28,Kerala Coast,9.5,76.5,0.0,12,40,34.00360870361328,2,9,23.300273895263672,2,9,10.70333480834961,70.59333038330078,59,0.8660254037844386,0.5000000000000001,0.0,10.70333480834961,1,4,2024
2024-02-29,Kerala Coast,9.5,76.5,0.0,12,40,33.52964401245117,2,9,23.43753242492676,2,9,10.09211158752441,71.81577682495117,60,0.8660254037844386,0.5000000000000001,0.0,10.09211158752441,1,4,2024
2024-03-01,Kerala Coast,9.5,76.5,0.0,12,40,32.96959686279297,2,9,23.389570236206055,2,9,9.580026626586914,72.83994674682617,61,1.0,6.123233995736766e-17,0.0,9.580026626586914,1,4,2024
2024-03-02,Kerala Coast,9.5,76.5,0.0,12,40,33.68562316894531,2,9,23.09795570373535,2,9,10.58766746520996,70.82466506958008,62,1.0,6.123233995736766e-17,0.0,10.58766746520996,1,4,2024
2024-03-03,Kerala Coast,9.5,76.5,0.0,12,40,33.904808044433594,2,9,22.75168800354004,2,9,11.153120040893556,69.69375991821289,63,1.0,6.123233995736766e-17,0.0,11.153120040893556,1,4,2024
2024-03-04,Kerala Coast,9.5,76.5,0.0,12,40,34.135887145996094,2,9,23.272123336791992,2,9,10.863763809204102,70.2724723815918,64,1.0,6.123233995736766e-17,0.0,10.863763809204102,1,4,2024
2024-03-05,Kerala Coast,9.5,76.5,0.0,12,40,34.45445251464844,2,9,23.431371688842773,2,9,11.023080825805664,69.95383834838867,65,1.0,6.123233995736766e-17,0.0,11.023080825805664,1,4,2024
2024-03-06,Kerala Coast,9.5,76.5,0.0,12,40,33.84726333618164,2,9,23.626651763916016,2,9,10.220611572265623,71.55877685546875,66,1.0,6.123233995736766e-17,0.0,10.220611572265623,1,4,2024
2024-03-07,Kerala Coast,9.5,76.5,0.0,12,40,34.36466979980469,2,9,23.473390579223633,2,9,10.891279220581056,70.21744155883789,67,1.0,6.123233995736766e-17,0.0,10.891279220581056,1,4,2024
2024-03-08,Kerala Coast,9.5,76.5,0.0,12,40,34.56394577026367,2,9,23.360795974731445,2,9,11.203149795532228,69.59370040893555,68,1.0,6.123233995736766e-17,0.0,11.203149795532228,1,4,2024
2024-03-09,Kerala Coast,9.5,76.5,0.4493789672851562,12,40,34.564064025878906,2,9,23.65806770324707,2,9,10.905996322631836,71.30141285352379,69,1.0,6.123233995736766e-17,0.3711351662624854,10.905996322631836,1,4,2024
2024-03-10,Kerala Coast,9.5,76.5,0.0,12,40,34.378604888916016,2,9,24.271995544433594,2,9,10.106609344482422,71.78678131103516,70,1.0,6.123233995736766e-17,0.0,10.106609344482422,1,4,2024
2024-03-11,Kerala Coast,9.5,76.5,0.0,12,40,33.98379135131836,2,9,24.261375427246097,2,9,9.722415924072262,72.55516815185547,71,1.0,6.123233995736766e-17,0.0,9.722415924072262,1,4,2024
2024-03-12,Kerala Coast,9.5,76.5,1.1122593879699707,12,40,34.53398132324219,2,9,23.60939598083496,2,9,10.924585342407228,72.39410383891467,72,1.0,6.123233995736766e-17,0.7477581745763743,10.924585342407228,1,4,2024
2024-03-13,Kerala Coast,9.5,76.5,0.0,12,40,34.607261657714844,2,9,23.761831283569336,2,9,10.845430374145508,70.30913925170898,73,1.0,6.123233995736766e-17,0.0,10.845430374145508,1,4,2024
2024-03-14,Kerala Coast,9.5,76.5,0.0,12,40,35.088775634765625,2,9,24.06903839111328,2,9,11.019737243652344,69.96052551269531,74,1.0,6.123233995736766e-17,0.0,11.019737243652344,1,4,2024
2024-03-15,Kerala Coast,9.5,76.5,0.0,12,40,34.946048736572266,2,9,24.696008682250977,2,9,10.250040054321287,71.49991989135742,75,1.0,6.123233995736766e-17,0.0,10.250040054321287,1,4,2024
2024-03-16,Kerala Coast,9.5,76.5,0.0,12,40,34.74380111694336,2,9,24.590511322021484,2,9,10.153289794921877,71.69342041015625,76,1.0,6.123233995736766e-17,0.0,10.153289794921877,1,4,2024
2024-03-17,Kerala Coast,9.5,76.5,0.0,12,40,34.831581115722656,2,9,24.07310485839844,2,9,10.758476257324215,70.48304748535156,77,1.0,6.123233995736766e-17,0.0,10.758476257324215,1,4,2024
2024-03-18,Kerala Coast,9.5,76.5,0.0,12,40,34.59922409057617,2,9,23.937597274780273,2,9,10.661626815795898,70.6767463684082,78,1.0,6.123233995736766e-17,0.0,10.661626815795898,1,4,2024
2024-03-19,Kerala Coast,9.5,76.5,0.1822929978370666,12,40,34.56410217285156,2,9,23.540624618530273,2,9,11.023477554321287,70.45541220548797,79,1.0,6.123233995736766e-17,0.1674557713768497,11.023477554321287,1,4,2024
2024-03-20,Kerala Coast,9.5,76.5,2.5678796768188477,12,40,34.5175666809082,2,9,23.22373962402344,2,9,11.293827056884762,73.22826036008385,80,1.0,6.123233995736766e-17,1.2719714912844615,11.293827056884762,1,4,2024
2024-03-21,Kerala Coast,9.5,76.5,0.0,12,40,33.96070098876953,2,9,24.013551712036133,2,9,9.947149276733398,72.1057014465332,81,1.0,6.123233995736766e-17,0.0,9.947149276733398,1,4,2024
2024-03-22,Kerala Coast,9.5,76.5,0.0,12,40,34.149024963378906,2,9,24.486970901489254,2,9,9.662054061889652,72.6758918762207,82,1.0,6.123233995736766e-17,0.0,9.662054061889652,1,4,2024
2024-03-23,Kerala Coast,9.5,76.5,0.7703639268875122,12,40,34.72426986694336,2,9,23.841960906982425,2,9,10.882308959960934,71.94893748166487,83,1.0,6.123233995736766e-17,0.5711851338622492,10.882308959960934,1,4,2024
2024-03-24,Kerala Coast,9.5,76.5,17.91598892211914,12,40,35.025882720947266,2,9,24.271982192993164,2,9,10.753900527954102,79.31222156152971,84,1.0,6.123233995736766e-17,2.9400075391459715,10.753900527954102,1,4,2024
2024-03-25,Kerala Coast,9.5,76.5,0.0,12,40,34.37052917480469,2,9,23.751211166381836,2,9,10.619318008422852,70.7613639831543,85,1.0,6.123233995736766e-17,0.0,10.619318008422852,1,4,2024
2024-03-26,Kerala Coast,9.5,76.5,0.0,12,40,34.427921295166016,2,9,23.945402145385746,2,9,10.48251914978027,71.03496170043945,86,1.0,6.123233995736766e-17,0.0,10.48251914978027,1,4,2024
2024-03-27,Kerala Coast,9.5,76.5,1.2223883867263794,12,40,34.435447692871094,2,9,24.272926330566406,2,9,10.162521362304688,74.07070467773823,87,1.0,6.123233995736766e-17,0.7985824674492041,10.162521362304688,1,4,2024
2024-03-28,Kerala Coast,9.5,76.5,0.0,12,40,34.45468521118164,2,9,24.830093383789062,2,9,9.624591827392578,72.75081634521484,88,1.0,6.123233995736766e-17,0.0,9.624591827392578,1,4,2024
2024-03-29,Kerala Coast,9.5,76.5,17.17267608642578,12,40,34.59452438354492,2,9,24.27485466003418,2,9,10.319669723510742,80.06041800912584,89,1.0,6.123233995736766e-17,2.8999191520491077,10.319669723510742,1,4,2024
2024-03-30,Kerala Coast,9.5,76.5,1.7973865270614624,12,40,35.2104377746582,2,9,24.429672241210938,2,9,10.780765533447266,73.52452572745193,90,1.0,6.123233995736766e-17,1.028685598115486,10.780765533447266,1,4,2024
2024-03-31,Kerala Coast,9.5,76.5,6.226288795471191,12,40,35.167118072509766,2,9,24.152729034423828,2,9,11.014389038085938,75.90439871808819,91,1.0,6.123233995736766e-17,1.9777255980866888,11.014389038085938,1,4,2024
2024-04-01,Kerala Coast,9.5,76.5,0.0,12,40,34.939842224121094,2,9,24.764570236206055,2,9,10.17527198791504,71.64945602416992,92,0.8660254037844387,-0.4999999999999998,0.0,10.17527198791504,1,4,2024
2024-04-02,Kerala Coast,9.5,76.5,6.227022171020508,12,40,35.2663688659668,2,9,25.28082275390625,2,9,9.985546112060549,77.96238901617974,93,0.8660254037844387,-0.4999999999999998,1.9778270801002769,9.985546112060549,1,4,2024
2024-04-03,Kerala Coast,9.5,76.5,1.3799290657043457,12,40,34.78102111816406,2,9,25.55336570739746,2,9,9.227655410766602,76.14590122720676,94,0.8660254037844387,-0.4999999999999998,0.8670706829133205,9.227655410766602,1,4,2024
2024-04-04,Kerala Coast,9.5,76.5,11.619827270507812,12,40,35.34336471557617,2,9,25.16828155517578,2,9,10.17508316040039,79.25564118936387,95,0.8660254037844387,-0.4999999999999998,2.535269170054884,10.17508316040039,1,4,2024
2024-04-05,Kerala Coast,9.5,76.5,7.143365383148193,12,40,35.6635856628418,2,9,24.839433670043945,2,9,10.824151992797852,76.64330661132173,96,0.8660254037844387,-0.4999999999999998,2.097203532305812,10.824151992797852,1,4,2024
2024-04-06,Kerala Coast,9.5,76.5,0.0,12,40,35.95661163330078,2,9,25.085132598876953,2,9,10.871479034423828,70.25704193115234,97,0.8660254037844387,-0.4999999999999998,0.0,10.871479034423828,1,4,2024
2024-04-07,Kerala Coast,9.5,76.5,0.0,12,40,35.785804748535156,2,9,25.702415466308594,2,9,10.083389282226562,71.83322143554688,98,0.8660254037844387,-0.4999999999999998,0.0,10.083389282226562,1,4,2024
2024-04-08,Kerala Coast,9.5,76.5,0.0,12,40,35.70487976074219,2,9,25.649505615234375,2,9,10.055374145507812,71.88925170898438,99,0.8660254037844387,-0.4999999999999998,0.0,10.055374145507812,1,4,2024
2024-04-09,Kerala Coast,9.5,76.5,2.785496950149536,12,40,35.094749450683594,2,9,25.529067993164062,2,9,9.565681457519531,76.8621686036442,100,0.8660254037844387,-0.4999999999999998,1.3311771728944186,9.565681457519531,1,4,2024
2024-04-10,Kerala Coast,9.5,76.5,12.039278984069824,12,40,34.8172721862793,2,9,25.31064796447754,2,9,9.506624221801758,80.69065034340788,101,0.8660254037844387,-0.4999999999999998,2.567966262337131,9.506624221801758,1,4,2024
2024-04-11,Kerala Coast,9.5,76.5,0.0,12,40,34.99551010131836,2,9,25.532224655151367,2,9,9.463285446166992,73.07342910766602,102,0.8660254037844387,-0.4999999999999998,0.0,9.463285446166992,1,4,2024
2024-04-12,Kerala Coast,9.5,76.5,24.547473907470703,12,40,33.11552429199219,2,9,25.07572364807129,2,9,8.039800643920898,85.64201404166745,103,0.8660254037844387,-0.4999999999999998,3.2405384431697475,8.039800643920898,1,4,2024
2024-04-13,Kerala Coast,9.5,76.5,14.258846282958984,12,40,33.5698127746582,2,9,24.04753303527832,2,9,9.522279739379885,81.13091877823459,104,0.8660254037844387,-0.4999999999999998,2.725159418998118,9.522279739379885,1,4,2024
2024-04-14,Kerala Coast,9.5,76.5,13.271492004394531,12,40,34.25031280517578,2,9,24.725656509399418,2,9,9.524656295776364,80.92547935247232,105,0.8660254037844387,-0.4999999999999998,2.6582639813416864,9.524656295776364,1,4,2024
2024-04-15,Kerala Coast,9.5,76.5,0.2352309226989746,12,40,34.069786071777344,2,9,24.571319580078125,2,9,9.49846649169922,73.63684082023202,106,0.8660254037844387,-0.4999999999999998,0.2112579345434854,9.49846649169922,1,4,2024
2024-04-16,Kerala Coast,9.5,76.5,0.0,12,40,34.27335739135742,2,9,26.029916763305664,2,9,8.243440628051758,75.51311874389648,107,0.8660254037844387,-0.4999999999999998,0.0,8.243440628051758,1,4,2024
2024-04-17,Kerala Coast,9.5,76.5,5.135759353637695,12,40,34.96366500854492,2,9,25.15654945373535,2,9,9.80711555480957,77.82817042396358,108,0.8660254037844387,-0.4999999999999998,1.8141338445275763,9.80711555480957,1,4,2024
2024-04-18,Kerala Coast,9.5,76.5,1.8617128133773804,12,40,35.193092346191406,2,9,25.800596237182617,2,9,9.392496109008787,76.36926877608498,109,0.8660254037844387,-0.4999999999999998,1.051420331367517,9.392496109008787,1,4,2024
2024-04-19,Kerala Coast,9.5,76.5,6.384109973907471,12,40,35.6488037109375,2,9,26.14563751220703,2,9,9.503166198730469,78.99165877443129,110,0.8660254037844387,-0.4999999999999998,1.9993303906307416,9.503166198730469,1,4,2024
2024-04-20,Kerala Coast,9.5,76.5,0.882836103439331,12,40,35.329429626464844,2,9,26.278947830200195,2,9,9.050481796264648,75.79737402474768,111,0.8660254037844387,-0.4999999999999998,0.6327792057589922,9.050481796264648,1,4,2024
2024-04-21,Kerala Coast,9.5,76.5,2.888864755630493,12,40,35.64313888549805,2,9,26.05699157714844,2,9,9.586147308349606,76.90205721861756,112,0.8660254037844387,-0.4999999999999998,1.3581172784389228,9.586147308349606,1,4,2024
2024-04-22,Kerala Coast,9.5,76.5,2.83398699760437,12,40,35.73257064819336,2,9,25.5291805267334,2,9,10.20339012145996,75.62493551691469,113,0.8660254037844387,-0.4999999999999998,1.3439052532782056,10.20339012145996,1,4,2024
2024-04-23,Kerala Coast,9.5,76.5,11.31010627746582,12,40,35.89133071899414,2,9,25.89957046508789,2,9,9.99176025390625,79.54774121294078,114,0.8660254037844387,-0.4999999999999998,2.510420573584425,9.99176025390625,1,4,2024
2024-04-24,Kerala Coast,9.5,76.5,21.66826438903809,12,40,35.082828521728516,2,9,25.446508407592773,2,9,9.636320114135742,82.09025747705512,115,0.8660254037844387,-0.4999999999999998,3.1209659017755325,9.636320114135742,1,4,2024
2024-04-25,Kerala Coast,9.5,76.5,1.0264623165130615,12,40,35.5012321472168,2,9,25.108810424804688,2,9,10.39242172241211,73.33403126985073,116,0.8660254037844387,-0.4999999999999998,0.7062915715583151,10.39242172241211,1,4,2024
2024-04-26,Kerala Coast,9.5,76.5,0.0,12,40,35.627193450927734,2,9,25.97701835632324,2,9,9.650175094604496,72.69964981079102,117,0.8660254037844387,-0.4999999999999998,0.0,9.650175094604496,1,4,2024
2024-04-27,Kerala Coast,9.5,76.5,1.5407278537750244,12,40,36.38262939453125,2,9,25.309568405151367,2,9,11.073060989379885,72.65122981099609,118,0.8660254037844387,-0.4999999999999998,0.9324505965852836,11.073060989379885,1,4,2024
2024-04-28,Kerala Coast,9.5,76.5,0.0,12,40,36.57633972167969,2,9,26.336475372314453,2,9,10.239864349365234,71.52027130126953,119,0.8660254037844387,-0.4999999999999998,0.0,10.239864349365234,1,4,2024
2024-04-29,Kerala Coast,9.5,76.5,16.230592727661133,12,40,36.420509338378906,2,9,26.34650230407715,2,9,10.074007034301758,80.39204528396775,120,0.8660254037844387,-0.4999999999999998,2.8466864508570864,10.074007034301758,1,4,2024
2024-04-30,Kerala Coast,9.5,76.5,1.6252318620681765,12,40,36.422584533691406,2,9,26.70868492126465,2,9,9.713899612426758,75.46770843679585,121,0.8660254037844387,-0.4999999999999998,0.9651692205497874,9.713899612426758,1,4,2024
2024-05-01,Kerala Coast,9.5,76.5,2.674899101257324,12,40,36.40428161621094,2,9,25.57457160949707,2,9,10.829710006713867,74.24515701711539,122,0.4999999999999999,-0.8660254037844387,1.3015256768477086,10.829710006713867,1,4,2024
2024-05-02,Kerala Coast,9.5,76.5,0.0,12,40,36.521461486816406,2,9,26.83191680908203,2,9,9.689544677734377,72.62091064453125,123,0.4999999999999999,-0.8660254037844387,0.0,9.689544677734377,1,4,2024
2024-05-03,Kerala Coast,9.5,76.5,0.0,12,40,35.851112365722656,2,9,27.611064910888672,2,9,8.240047454833984,75.51990509033203,124,0.4999999999999999,-0.8660254037844387,0.0,8.240047454833984,1,4,2024
2024-05-04,Kerala Coast,9.5,76.5,0.9629549384117126,12,40,36.15913009643555,2,9,27.075376510620117,2,9,9.08375358581543,75.85584570705063,125,0.4999999999999999,-0.8660254037844387,0.6744509595604982,9.08375358581543,1,4,2024
2024-05-05,Kerala Coast,9.5,76.5,0.2567879855632782,12,40,36.16925811767578,2,9,27.38095474243164,2,9,8.78830337524414,75.10907099461612,126,0.4999999999999999,-0.8660254037844387,0.2285592483681314,8.78830337524414,1,4,2024
2024-05-06,Kerala Coast,9.5,76.5,0.192590981721878,12,40,36.104026794433594,2,9,26.762508392333984,2,9,9.34151840209961,73.84534790324584,127,0.4999999999999999,-0.8660254037844387,0.176128235815019,9.34151840209961,1,4,2024
2024-05-07,Kerala Coast,9.5,76.5,0.0,12,40,36.10670852661133,2,9,26.015554428100582,2,9,10.091154098510746,71.81769180297852,128,0.4999999999999999,-0.8660254037844387,0.0,10.091154098510746,1,4,2024
2024-05-08,Kerala Coast,9.5,76.5,0.0,12,40,36.00069046020508,2,9,26.503732681274418,2,9,9.49695777893066,73.00608444213867,129,0.4999999999999999,-0.8660254037844387,0.0,9.49695777893066,1,4,2024
2024-05-09,Kerala Coast,9.5,76.5,6.636907577514648,12,40,35.18050765991211,2,9,25.255971908569336,2,9,9.924535751342772,78.24990675900546,130,0.4999999999999999,-0.8660254037844387,2.0329927538970023,9.924535751342772,1,4,2024
2024-05-10,Kerala Coast,9.5,76.5,43.72430419921875,12,40,33.84748077392578,2,9,24.5504093170166,2,9,9.29707145690918,84.8074083020668,131,0.4999999999999999,-0.8660254037844387,3.8005170719617207,9.29707145690918,1,4,2024
2024-05-11,Kerala Coast,9.5,76.5,4.786612033843994,12,40,34.244720458984375,2,9,25.085901260375977,2,9,9.158819198608398,78.9490025408738,132,0.4999999999999999,-0.8660254037844387,1.7555469793635343,9.158819198608398,1,4,2024
2024-05-12,Kerala Coast,9.5,76.5,2.143289804458618,12,40,33.710350036621094,2,9,24.45297622680664,2,9,9.257373809814451,76.92106226002025,133,0.4999999999999999,-0.8660254037844387,1.1452699598830534,9.257373809814451,1,4,2024
2024-05-13,Kerala Coast,9.5,76.5,3.639272689819336,12,40,33.01576232910156,2,9,24.489673614501953,2,9,8.52608871459961,79.55149538900528,134,0.4999999999999999,-0.8660254037844387,1.5345576060681667,8.52608871459961,1,4,2024
2024-05-14,Kerala Coast,9.5,76.5,21.22294044494629,12,40,31.918203353881836,2,9,23.95844268798828,2,9,7.959760665893555,85.38385399434925,135,0.4999999999999999,-0.8660254037844387,3.101125108712119,7.959760665893555,1,4,2024
2024-05-15,Kerala Coast,9.5,76.5,6.54834508895874,12,40,33.03710174560547,2,9,23.913637161254883,2,9,9.123464584350586,79.81705586845621,136,0.4999999999999999,-0.8660254037844387,2.021328345719125,9.123464584350586,1,4,2024
2024-05-16,Kerala Coast,9.5,76.5,2.5025620460510254,12,40,31.74744033813477,2,9,23.69218635559082,2,9,8.055253982543949,79.64997617649766,137,0.4999999999999999,-0.8660254037844387,1.2534947138618489,8.055253982543949,1,4,2024
2024-05-17,Kerala Coast,9.5,76.5,6.785981178283691,12,40,30.785255432128903,2,9,24.19066047668457,2,9,6.594594955444332,84.96778458452904,138,0.4999999999999999,-0.8660254037844387,2.0523248318059037,6.594594955444332,1,4,2024
2024-05-18,Kerala Coast,9.5,76.5,17.842540740966797,12,40,32.0853271484375,2,9,23.63326644897461,2,9,8.45206069946289,83.90422995782802,139,0.4999999999999999,-0.8660254037844387,2.9361171189179345,8.45206069946289,1,4,2024
2024-05-19,Kerala Coast,9.5,76.5,37.51627731323242,12,40,31.173587799072266,2,9,23.72507667541504,2,9,7.448511123657227,88.05622057058865,140,0.4999999999999999,-0.8660254037844387,3.6510809393010337,7.448511123657227,1,4,2024
2024-05-20,Kerala Coast,9.5,76.5,16.78493309020996,12,40,28.199756622314453,2,9,23.237913131713867,2,9,4.961843490600586,90.7113679485369,141,0.4999999999999999,-0.8660254037844387,2.8783516432460243,4.961843490600586,1,4,2024
2024-05-21,Kerala Coast,9.5,76.5,13.224761962890623,12,40,30.992277145385746,2,9,22.93233108520508,2,9,8.059946060180664,83.84506061810798,142,0.4999999999999999,-0.8660254037844387,2.6549842461564355,8.059946060180664,1,4,2024
2024-05-22,Kerala Coast,9.5,76.5,15.40783405303955,12,40,30.874197006225582,2,9,23.704349517822266,2,9,7.169847488403317,86.05358174399952,143,0.4999999999999999,-0.8660254037844387,2.797758906935387,7.169847488403317,1,4,2024
2024-05-23,Kerala Coast,9.5,76.5,64.57846069335938,12,40,28.953746795654297,2,9,23.4134578704834,2,9,5.540288925170898,93.46916404649204,144,0.4999999999999999,-0.8660254037844387,4.1832472989446154,5.540288925170898,1,4,2024
2024-05-24,Kerala Coast,9.5,76.5,30.37054443359375,12,40,29.116249084472656,2,9,23.5642147064209,2,9,5.552034378051758,91.23353937574518,145,0.4999999999999999,-0.8660254037844387,3.4458693772828997,5.552034378051758,1,4,2024
2024-05-25,Kerala Coast,9.5,76.5,57.0316162109375,12,40,29.5828800201416,2,9,22.84364128112793,2,9,6.739238739013672,90.7044864293166,146,0.4999999999999999,-0.8660254037844387,4.060987969114651,6.739238739013672,1,4,2024
2024-05-26,Kerala Coast,9.5,76.5,26.661977767944336,12,40,30.2972469329834,2,9,23.85906410217285,2,9,6.438182830810547,89.08381081787397,147,0.4999999999999999,-0.8660254037844387,3.3200588264983515,6.438182830810547,1,4,2024
2024-05-27,Kerala Coast,9.5,76.5,28.850311279296875,12,40,31.783079147338867,2,9,23.494956970214844,2,9,8.288122177124023,85.61234144945611,148,0.4999999999999999,-0.8660254037844387,3.396195267901387,8.288122177124023,1,4,2024
2024-05-28,Kerala Coast,9.5,76.5,46.417869567871094,12,40,30.02315902709961,2,9,23.96718978881836,2,9,6.05596923828125,91.46505898171448,149,0.4999999999999999,-0.8660254037844387,3.8589991527589977,6.05596923828125,1,4,2024
2024-05-29,Kerala Coast,9.5,76.5,94.86471557617188,12,40,31.428157806396484,2,9,24.24334144592285,2,9,7.184816360473633,91.31918123358926,150,0.4999999999999999,-0.8660254037844387,4.562937984845512,7.184816360473633,1,4,2024
2024-05-30,Kerala Coast,9.5,76.5,15.194540977478027,12,40,31.87801742553711,2,9,24.103803634643555,2,9,7.774213790893555,84.80559504446302,151,0.4999999999999999,-0.8660254037844387,2.784674208750045,7.774213790893555,1,4,2024
2024-05-31,Kerala Coast,9.5,76.5,22.15116500854492,12,40,33.155296325683594,2,9,24.5653133392334,2,9,8.589982986450195,84.24616933792723,152,0.4999999999999999,-0.8660254037844387,3.1420451036092087,8.589982986450195,1,4,2024
2024-06-01,Kerala Coast,9.5,76.5,63.51344680786133,12,40,32.46623992919922,2,9,25.09348487854004,2,9,7.37275505065918,89.75511093782526,153,1.2246467991473532e-16,-1.0,4.166873679714544,7.37275505065918,1,4,2024
2024-06-02,Kerala Coast,9.5,76.5,9.08293342590332,12,40,32.43778991699219,2,9,24.699657440185547,2,9,7.738132476806641,83.4562677507305,154,1.2246467991473532e-16,-1.0,2.3108442347812597,7.738132476806641,1,4,2024
2024-06-03,Kerala Coast,9.5,76.5,10.01955223083496,12,40,31.055322647094727,2,9,23.94810485839844,2,9,7.1072177886962855,84.98457793407331,155,1.2246467991473532e-16,-1.0,2.399671170488629,7.1072177886962855,1,4,2024
2024-06-04,Kerala Coast,9.5,76.5,2.758617162704468,12,40,31.5208797454834,2,9,24.290340423583984,2,9,7.230539321899414,81.51107469783877,156,1.2246467991473532e-16,-1.0,1.324051113879198,7.230539321899414,1,4,2024
2024-06-05,Kerala Coast,9.5,76.5,20.968034744262695,12,40,31.18267822265625,2,9,24.6585636138916,2,9,6.524114608764648,88.22053607429926,157,1.2246467991473532e-16,-1.0,3.08958843060952,6.524114608764648,1,4,2024
2024-06-06,Kerala Coast,9.5,76.5,7.904976844787598,12,40,31.19108009338379,2,9,24.70469665527344,2,9,6.486383438110348,85.5870640732487,158,1.2246467991473532e-16,-1.0,2.186610316489799,6.486383438110348,1,4,2024
2024-06-07,Kerala Coast,9.5,76.5,9.592048645019531,12,40,30.65345764160156,2,9,23.305973052978516,2,9,7.347484588623043,84.38534159816297,159,1.2246467991473532e-16,-1.0,2.36010359180302,7.347484588623043,1,4,2024
2024-06-08,Kerala Coast,9.5,76.5,6.693487644195557,12,40,30.437074661254883,2,9,24.096458435058594,2,9,6.340616226196289,85.4398901791325,160,1.2246467991473532e-16,-1.0,2.0403742105083595,6.340616226196289,1,4,2024
2024-06-09,Kerala Coast,9.5,76.5,26.40285301208496,12,40,31.219436645507812,2,9,23.020265579223633,2,9,8.19917106628418,85.5335992649379,161,1.2246467991473532e-16,-1.0,3.31064713250209,8.19917106628418,1,4,2024
2024-06-10,Kerala Coast,9.5,76.5,12.98278522491455,12,40,31.85481834411621,2,9,23.61874771118164,2,9,8.23607063293457,83.44133957276722,162,1.2246467991473532e-16,-1.0,2.6378269462121207,8.23607063293457,1,4,2024
2024-06-11,Kerala Coast,9.5,76.5,5.27680778503418,12,40,31.785205841064453,2,9,23.98780059814453,2,9,7.797405242919922,81.91577412443866,163,1.2246467991473532e-16,-1.0,1.8368615367594996,7.797405242919922,1,4,2024
2024-06-12,Kerala Coast,9.5,76.5,3.4574503898620605,12,40,29.814512252807617,2,9,24.49614524841309,2,9,5.318367004394528,85.84699681452699,164,1.2246467991473532e-16,-1.0,1.494576941105352,5.318367004394528,1,4,2024
2024-06-13,Kerala Coast,9.5,76.5,10.496302604675291,12,40,31.635021209716797,2,9,24.03031349182129,2,9,7.604707717895508,84.116660977317,165,1.2246467991473532e-16,-1.0,2.4420254710360045,7.604707717895508,1,4,2024
2024-06-14,Kerala Coast,9.5,76.5,2.0008347034454346,12,40,32.27455139160156,2,9,24.101627349853516,2,9,8.172924041748047,78.95082336985357,166,1.2246467991473532e-16,-1.0,1.098890484449886,8.172924041748047,1,4,2024
2024-06-15,Kerala Coast,9.5,76.5,0.2213594615459442,12,40,32.8347282409668,2,9,24.28133201599121,2,9,8.553396224975586,75.4931012033552,167,1.2246467991473532e-16,-1.0,0.1999645511021245,8.553396224975586,1,4,2024
2024-06-16,Kerala Coast,9.5,76.5,0.5580949783325195,12,40,32.599510192871094,2,9,23.914512634277344,2,9,8.68499755859375,75.96039660469145,168,1.2246467991473532e-16,-1.0,0.4434639072929832,8.68499755859375,1,4,2024
2024-06-17,Kerala Coast,9.5,76.5,0.1376723498106002,12,40,33.2203483581543,2,9,24.48674774169922,2,9,8.733600616455078,74.91975189713747,169,1.2246467991473532e-16,-1.0,0.1289843766825417,8.733600616455078,1,4,2024
2024-06-18,Kerala Coast,9.5,76.5,14.781349182128906,12,40,32.03143310546875,2,9,24.53690528869629,2,9,7.494527816772461,85.28743080024724,170,1.2246467991473532e-16,-1.0,2.758828811264052,7.494527816772461,1,4,2024
2024-06-19,Kerala Coast,9.5,76.5,8.161834716796875,12,40,31.29691696166992,2,9,24.06071662902832,2,9,7.236200332641598,84.1727387003855,171,1.2246467991473532e-16,-1.0,2.215046455222899,7.236200332641598,1,4,2024
2024-06-20,Kerala Coast,9.5,76.5,18.4736328125,12,40,30.46931266784668,2,9,23.401180267333984,2,9,7.068132400512695,86.77091936030533,172,1.2246467991473532e-16,-1.0,2.9690613871102385,7.068132400512695,1,4,2024
2024-06-21,Kerala Coast,9.5,76.5,16.396207809448242,12,40,29.474443435668945,2,9,23.422231674194336,2,9,6.052211761474609,88.46433319849662,173,1.2246467991473532e-16,-1.0,2.856252240481944,6.052211761474609,1,4,2024
2024-06-22,Kerala Coast,9.5,76.5,12.892431259155272,12,40,31.219999313354492,2,9,23.236652374267575,2,9,7.983346939086918,83.92733865614228,174,1.2246467991473532e-16,-1.0,2.6313441781053712,7.983346939086918,1,4,2024
2024-06-23,Kerala Coast,9.5,76.5,22.718608856201172,12,40,29.769332885742188,2,9,23.61507797241211,2,9,6.154254913330078,89.19026994489434,175,1.2246467991473532e-16,-1.0,3.1662599238515012,6.154254913330078,1,4,2024
2024-06-24,Kerala Coast,9.5,76.5,15.61960506439209,12,40,30.181415557861328,2,9,23.579551696777344,2,9,6.601863861083984,87.22802135725107,176,1.2246467991473532e-16,-1.0,2.8105830264730094,6.601863861083984,1,4,2024
2024-06-25,Kerala Coast,9.5,76.5,44.358665466308594,12,40,29.27768898010254,2,9,22.907569885253903,2,9,6.370119094848636,90.70356552445251,177,1.2246467991473532e-16,-1.0,3.814601238049933,6.370119094848636,1,4,2024
2024-06-26,Kerala Coast,9.5,76.5,89.60205078125,12,40,29.01169776916504,2,9,23.16222381591797,2,9,5.84947395324707,93.82048263854804,178,1.2246467991473532e-16,-1.0,4.506476848347389,5.84947395324707,1,4,2024
2024-06-27,Kerala Coast,9.5,76.5,43.88262176513672,12,40,28.725513458251953,2,9,22.93524169921875,2,9,5.790271759033203,91.83160851213852,179,1.2246467991473532e-16,-1.0,3.8040506767349753,5.790271759033203,1,4,2024
2024-06-28,Kerala Coast,9.5,76.5,13.097168922424316,12,40,30.750797271728516,2,9,23.11746406555176,2,9,7.633333206176754,84.67125556238744,180,1.2246467991473532e-16,-1.0,2.645973991580321,7.633333206176754,1,4,2024
2024-06-29,Kerala Coast,9.5,76.5,5.318150997161865,12,40,31.615781784057617,2,9,23.6053409576416,2,9,8.010440826416016,81.50939815200827,181,1.2246467991473532e-16,-1.0,1.8434266016134349,8.010440826416016,1,4,2024
2024-06-30,Kerala Coast,9.5,76.5,9.88694667816162,12,40,31.536224365234375,2,9,23.93228530883789,2,9,7.603939056396484,83.95481544460877,182,1.2246467991473532e-16,-1.0,2.387564519133914,7.603939056396484,1,4,2024
2024-07-01,Kerala Coast,9.5,76.5,17.243932723999023,12,40,29.556264877319336,2,9,23.738208770751953,2,9,5.818056106567383,89.07538550068749,183,-0.4999999999999998,-0.8660254037844388,2.903832571274086,5.818056106567383,1,4,2024
2024-07-02,Kerala Coast,9.5,76.5,9.023985862731934,12,40,31.430601119995117,2,9,23.70893287658691,2,9,7.721668243408207,83.47160593493595,184,-0.4999999999999998,-0.8660254037844388,2.3049808072507867,7.721668243408207,1,4,2024
2024-07-03,Kerala Coast,9.5,76.5,9.06054401397705,12,40,32.19591522216797,2,9,24.164690017700195,2,9,8.031225204467773,82.86341331150118,185,-0.4999999999999998,-0.8660254037844388,2.308621240145577,8.031225204467773,1,4,2024
2024-07-04,Kerala Coast,9.5,76.5,9.338443756103516,12,40,31.88605308532715,2,9,23.856311798095703,2,9,8.029741287231445,82.94812547735596,186,-0.4999999999999998,-0.8660254037844388,2.335869350606284,8.029741287231445,1,4,2024
2024-07-05,Kerala Coast,9.5,76.5,0.6419699192047119,12,40,31.613056182861328,2,9,24.87271499633789,2,9,6.7403411865234375,80.00700770071833,187,-0.4999999999999998,-0.8660254037844388,0.4958966912550686,6.7403411865234375,1,4,2024
2024-07-06,Kerala Coast,9.5,76.5,14.319791793823242,12,40,30.480180740356445,2,9,22.183185577392575,2,9,8.29699516296387,83.59344639528801,188,-0.4999999999999998,-0.8660254037844388,2.7291455737385824,8.29699516296387,1,4,2024
2024-07-07,Kerala Coast,9.5,76.5,4.999250411987305,12,40,31.48813819885254,2,9,23.19564437866211,2,9,8.29249382019043,80.78991594988325,189,-0.4999999999999998,-0.8660254037844388,1.7916345300880363,8.29249382019043,1,4,2024
2024-07-08,Kerala Coast,9.5,76.5,17.498340606689453,12,40,29.40109634399414,2,9,23.063304901123047,2,9,6.337791442871094,88.0774602076345,190,-0.4999999999999998,-0.8660254037844388,2.917681031125563,6.337791442871094,1,4,2024
2024-07-09,Kerala Coast,9.5,76.5,9.431918144226074,12,40,30.942399978637695,2,9,23.29787254333496,2,9,7.644527435302734,83.74555560504278,191,-0.4999999999999998,-0.8660254037844388,2.344870158549417,7.644527435302734,1,4,2024
2024-07-10,Kerala Coast,9.5,76.5,17.807537078857422,12,40,31.472566604614254,2,9,23.34567642211914,2,9,8.126890182495114,84.5489927288401,192,-0.4999999999999998,-0.8660254037844388,2.9342576979434463,8.126890182495114,1,4,2024
2024-07-11,Kerala Coast,9.5,76.5,2.068734884262085,12,40,31.81897735595703,2,9,23.832473754882812,2,9,7.986503601074219,79.39078895840112,193,-0.4999999999999998,-0.8660254037844388,1.1212653868498528,7.986503601074219,1,4,2024
2024-07-12,Kerala Coast,9.5,76.5,0.3963223993778229,12,40,31.855730056762695,2,9,24.501909255981445,2,9,7.35382080078125,78.29388416680605,194,-0.4999999999999998,-0.8660254037844388,0.3338419227895169,7.35382080078125,1,4,2024
2024-07-13,Kerala Coast,9.5,76.5,35.25233840942383,12,40,28.91620635986328,2,9,22.852319717407227,2,9,6.063886642456055,90.64373837628683,195,-0.4999999999999998,-0.8660254037844388,3.590503887066317,6.063886642456055,1,4,2024
2024-07-14,Kerala Coast,9.5,76.5,22.8813533782959,12,40,29.713956832885746,2,9,22.913646697998047,2,9,6.800310134887699,87.91867361337904,196,-0.4999999999999998,-0.8660254037844388,3.1730979610514773,6.800310134887699,1,4,2024
2024-07-15,Kerala Coast,9.5,76.5,58.71136474609375,12,40,28.091699600219727,2,9,22.594350814819336,2,9,5.497348785400391,93.2738695288125,197,-0.4999999999999998,-0.8660254037844388,4.089522366537757,5.497348785400391,1,4,2024
2024-07-16,Kerala Coast,9.5,76.5,79.77989959716797,12,40,27.829837799072266,2,9,22.47022247314453,2,9,5.359615325927734,94.45595384979714,198,-0.4999999999999998,-0.8660254037844388,4.391728167217535,5.359615325927734,1,4,2024
2024-07-17,Kerala Coast,9.5,76.5,32.426090240478516,12,40,27.374467849731445,2,9,23.31270217895508,2,9,4.061765670776364,94.40447887836402,199,-0.4999999999999998,-0.8660254037844388,3.509336739972253,4.061765670776364,1,4,2024
2024-07-18,Kerala Coast,9.5,76.5,23.776824951171875,12,40,27.479816436767575,2,9,23.107263565063477,2,9,4.372552871704098,92.88462047208895,200,-0.4999999999999998,-0.8660254037844388,3.2099087384990512,4.372552871704098,1,4,2024
2024-07-19,Kerala Coast,9.5,76.5,9.400117874145508,12,40,29.573455810546875,2,9,23.231172561645508,2,9,6.342283248901367,86.34088492260392,201,-0.4999999999999998,-0.8660254037844388,2.3418171401355496,6.342283248901367,1,4,2024
2024-07-20,Kerala Coast,9.5,76.5,0.453949362039566,12,40,30.335426330566406,2,9,23.95300674438477,2,9,6.382419586181637,80.35801148317793,202,-0.4999999999999998,-0.8660254037844388,0.3742835518470704,6.382419586181637,1,4,2024
2024-07-21,Kerala Coast,9.5,76.5,0.0,12,40,30.677906036376953,2,9,24.195783615112305,2,9,6.482122421264648,79.0357551574707,203,-0.4999999999999998,-0.8660254037844388,0.0,6.482122421264648,1,4,2024
2024-07-22,Kerala Coast,9.5,76.5,1.2268517017364502,12,40,30.00045394897461,2,9,24.405620574951172,2,9,5.5948333740234375,83.21209963698344,204,-0.4999999999999998,-0.8660254037844388,0.8005887950101037,5.5948333740234375,1,4,2024
2024-07-23,Kerala Coast,9.5,76.5,1.5195930004119873,12,40,31.72327041625977,2,9,23.771587371826172,2,9,7.951683044433597,78.8689260532524,205,-0.4999999999999998,-0.8660254037844388,0.924097380706526,7.951683044433597,1,4,2024
2024-07-24,Kerala Coast,9.5,76.5,0.0,12,40,31.9121036529541,2,9,23.684999465942383,2,9,8.227104187011719,75.54579162597656,206,-0.4999999999999998,-0.8660254037844388,0.0,8.227104187011719,1,4,2024
2024-07-25,Kerala Coast,9.5,76.5,4.159113883972168,12,40,29.420228958129883,2,9,23.53024673461914,2,9,5.889982223510742,85.14233006348104,207,-0.4999999999999998,-0.8660254037844388,1.6407648368341743,5.889982223510742,1,4,2024
2024-07-26,Kerala Coast,9.5,76.5,13.571731567382812,12,40,30.739486694335938,2,9,23.58110237121582,2,9,7.158384323120117,85.72048172731806,208,-0.4999999999999998,-0.8660254037844388,2.679083457852766,7.158384323120117,1,4,2024
2024-07-27,Kerala Coast,9.5,76.5,1.2539639472961426,12,40,30.982986450195312,2,9,24.30872344970703,2,9,6.674263000488281,81.08954526052722,209,-0.4999999999999998,-0.8660254037844388,0.8126904205012617,6.674263000488281,1,4,2024
2024-07-28,Kerala Coast,9.5,76.5,8.421380043029785,12,40,30.452260971069336,2,9,23.588762283325195,2,9,6.863498687744141,85.00194736223531,210,-0.4999999999999998,-0.8660254037844388,2.242981579241196,6.863498687744141,1,4,2024
2024-07-29,Kerala Coast,9.5,76.5,41.58287811279297,12,40,28.84952163696289,2,9,23.323503494262695,2,9,5.526018142700195,92.20232046534367,211,-0.4999999999999998,-0.8660254037844388,3.751452250248027,5.526018142700195,1,4,2024
2024-07-30,Kerala Coast,9.5,76.5,53.08186340332031,12,40,29.05187225341797,2,9,22.578779220581055,2,9,6.473093032836914,91.0253105970165,212,-0.4999999999999998,-0.8660254037844388,3.990498887563443,6.473093032836914,1,4,2024
2024-07-31,Kerala Coast,9.5,76.5,26.934247970581055,12,40,29.846515655517575,2,9,23.313642501831055,2,9,6.53287315368652,88.92381407820922,213,-0.4999999999999998,-0.8660254037844388,3.329853461860756,6.53287315368652,1,4,2024
2024-08-01,Kerala Coast,9.5,76.5,9.90131378173828,12,40,31.147563934326172,2,9,22.83531951904297,2,9,8.312244415283203,82.54216110665337,214,-0.8660254037844384,-0.5000000000000004,2.388883312406594,8.312244415283203,1,4,2024
2024-08-02,Kerala Coast,9.5,76.5,14.037633895874023,12,40,31.10582160949707,2,9,23.535308837890625,2,9,7.570512771606445,84.9906424129644,215,-0.8660254037844384,-0.5000000000000004,2.7105559853924293,7.570512771606445,1,4,2024
2024-08-03,Kerala Coast,9.5,76.5,3.509277582168579,12,40,31.938690185546875,2,9,23.49034881591797,2,9,8.448341369628906,79.62172813878271,216,-0.8660254037844384,-0.5000000000000004,1.5061369593468426,8.448341369628906,1,4,2024
2024-08-04,Kerala Coast,9.5,76.5,11.45389175415039,12,40,32.268943786621094,2,9,23.950963973999023,2,9,8.31797981262207,82.93013986903357,217,-0.8660254037844384,-0.5000000000000004,2.5220331647592347,8.31797981262207,1,4,2024
2024-08-05,Kerala Coast,9.5,76.5,1.9946733713150024,12,40,31.217117309570312,2,9,23.333616256713867,2,9,7.883501052856445,79.52350339717263,218,-0.8660254037844384,-0.5000000000000004,1.0968351676285055,7.883501052856445,1,4,2024
2024-08-06,Kerala Coast,9.5,76.5,1.9507931470870972,12,40,30.526525497436523,2,9,23.447328567504883,2,9,7.079196929931641,81.08782813303809,219,-0.8660254037844384,-0.5000000000000004,1.0820739976337914,7.079196929931641,1,4,2024
2024-08-07,Kerala Coast,9.5,76.5,0.2427441030740738,12,40,30.604312896728516,2,9,23.2648983001709,2,9,7.339414596557617,77.97313656964262,220,-0.8660254037844384,-0.5000000000000004,0.2173219209192859,7.339414596557617,1,4,2024
2024-08-08,Kerala Coast,9.5,76.5,3.1397173404693604,12,40,30.267011642456055,2,9,23.466712951660156,2,9,6.800298690795898,82.66128514918044,221,-0.8660254037844384,-0.5000000000000004,1.4206275102574153,6.800298690795898,1,4,2024
2024-08-09,Kerala Coast,9.5,76.5,0.5814864635467529,12,40,30.878223419189453,2,9,23.22870635986328,2,9,7.649517059326172,78.07606149477965,222,-0.8660254037844384,-0.5000000000000004,0.4583652044773329,7.649517059326172,1,4,2024
2024-08-10,Kerala Coast,9.5,76.5,0.232539564371109,12,40,31.04197883605957,2,9,24.066587448120117,2,9,6.975391387939453,78.67644740610841,223,-0.8660254037844384,-0.5000000000000004,0.2090767273291068,6.975391387939453,1,4,2024
2024-08-11,Kerala Coast,9.5,76.5,3.2094554901123047,12,40,31.552845001220703,2,9,24.063793182373047,2,9,7.489051818847656,81.33389626849674,224,-0.8660254037844384,-0.5000000000000004,1.4373333020640189,7.489051818847656,1,4,2024
2024-08-12,Kerala Coast,9.5,76.5,6.027120113372803,12,40,31.95073127746582,2,9,23.74411392211914,2,9,8.20661735534668,81.43609618486649,225,-0.8660254037844384,-0.5000000000000004,1.9497769651866168,8.20661735534668,1,4,2024
2024-08-13,Kerala Coast,9.5,76.5,17.40334701538086,12,40,31.12337875366211,2,9,23.736263275146484,2,9,7.387115478515625,85.96336669621601,226,-0.8660254037844384,-0.5000000000000004,2.912532551082423,7.387115478515625,1,4,2024
2024-08-14,Kerala Coast,9.5,76.5,43.614402770996094,12,40,29.5025634765625,2,9,23.010892868041992,2,9,6.491670608520508,90.41082899989836,227,-0.8660254037844384,-0.5000000000000004,3.7980567389797897,6.491670608520508,1,4,2024
2024-08-15,Kerala Coast,9.5,76.5,9.259377479553224,12,40,30.69819450378418,2,9,23.812833786010746,2,9,6.885360717773434,85.21385505463623,228,-0.8660254037844384,-0.5000000000000004,2.3281921633943683,6.885360717773434,1,4,2024
2024-08-16,Kerala Coast,9.5,76.5,5.035361289978027,12,40,31.260387420654297,2,9,24.30414772033691,2,9,6.956239700317386,83.48042775497595,229,-0.8660254037844384,-0.5000000000000004,1.7976357185369023,6.956239700317386,1,4,2024
2024-08-17,Kerala Coast,9.5,76.5,66.43272399902344,12,40,30.116113662719727,2,9,24.086570739746097,2,9,6.029542922973629,92.57430541214852,230,-0.8660254037844384,-0.5000000000000004,4.211130419365261,6.029542922973629,1,4,2024
2024-08-18,Kerala Coast,9.5,76.5,3.4441187381744385,12,40,31.16482734680176,2,9,23.674352645874023,2,9,7.490474700927738,81.49379536868923,231,-0.8660254037844384,-0.5000000000000004,1.4915815901815686,7.490474700927738,1,4,2024
2024-08-19,Kerala Coast,9.5,76.5,2.5678796768188477,12,40,30.58694648742676,2,9,24.371824264526367,2,9,6.215122222900394,83.3856700280526,232,-0.8660254037844384,-0.5000000000000004,1.2719714912844615,6.215122222900394,1,4,2024
2024-08-20,Kerala Coast,9.5,76.5,0.7320968508720398,12,40,31.065448760986328,2,9,23.691478729248047,2,9,7.373970031738281,78.90005811780605,233,-0.8660254037844384,-0.5000000000000004,0.5493327270942054,7.373970031738281,1,4,2024
2024-08-21,Kerala Coast,9.5,76.5,48.78311538696289,12,40,29.673425674438477,2,9,22.6977596282959,2,9,6.975666046142578,89.77169554197322,234,-0.8660254037844384,-0.5000000000000004,3.907675878086125,6.975666046142578,1,4,2024
2024-08-22,Kerala Coast,9.5,76.5,5.186212062835693,12,40,30.22782516479492,2,9,23.38415908813477,2,9,6.843666076660149,83.77963671098186,235,-0.8660254037844384,-0.5000000000000004,1.8223229547673887,6.843666076660149,1,4,2024
2024-08-23,Kerala Coast,9.5,76.5,0.0,12,40,31.009475708007812,2,9,23.570650100708008,2,9,7.438825607299805,77.12234878540039,236,-0.8660254037844384,-0.5000000000000004,0.0,7.438825607299805,1,4,2024
2024-08-24,Kerala Coast,9.5,76.5,3.564701557159424,12,40,31.16248893737793,2,9,24.299558639526367,2,9,6.8629302978515625,82.82919881110588,237,-0.8660254037844384,-0.5000000000000004,1.5183531356030004,6.8629302978515625,1,4,2024
2024-08-25,Kerala Coast,9.5,76.5,2.467203378677368,12,40,31.597946166992188,2,9,23.75122833251953,2,9,7.846717834472656,80.03660930985879,238,-0.8660254037844384,-0.5000000000000004,1.243348326268036,7.846717834472656,1,4,2024
2024-08-26,Kerala Coast,9.5,76.5,1.5691782236099243,12,40,31.6193790435791,2,9,23.33978843688965,2,9,8.279590606689453,78.27157705789196,239,-0.8660254037844384,-0.5000000000000004,0.9435860904236224,8.279590606689453,1,4,2024
2024-08-27,Kerala Coast,9.5,76.5,6.162438869476318,12,40,31.48434066772461,2,9,23.73682403564453,2,9,7.747516632080078,82.41151837744533,240,-0.8660254037844384,-0.5000000000000004,1.968850547201828,7.747516632080078,1,4,2024
2024-08-28,Kerala Coast,9.5,76.5,2.0065956115722656,12,40,30.547351837158203,2,9,23.74091339111328,2,9,6.806438446044922,81.68954834574737,241,-0.8660254037844384,-0.5000000000000004,1.1008084126124027,6.806438446044922,1,4,2024
2024-08-29,Kerala Coast,9.5,76.5,7.1195878982543945,12,40,30.82139587402344,2,9,24.1451473236084,2,9,6.676248550415043,84.93034110348748,242,-0.8660254037844384,-0.5000000000000004,2.0942794014391852,6.676248550415043,1,4,2024
2024-08-30,Kerala Coast,9.5,76.5,51.557621002197266,12,40,28.28363990783691,2,9,22.710466384887695,2,9,5.573173522949215,92.73938328601167,243,-0.8660254037844384,-0.5000000000000004,3.961910110636704,5.573173522949215,1,4,2024
2024-08-31,Kerala Coast,9.5,76.5,34.690677642822266,12,40,31.00232696533203,2,9,23.32594871520996,2,9,7.67637825012207,87.37191207245169,244,-0.8660254037844384,-0.5000000000000004,3.574889524231942,7.67637825012207,1,4,2024
2024-09-01,Kerala Coast,9.5,76.5,9.32373046875,12,40,29.67388153076172,2,9,23.43167495727539,2,9,6.242206573486328,86.51892237582376,245,-1.0,-1.8369701987210294e-16,2.3344451742654706,6.242206573486328,1,4,2024
2024-09-02,Kerala Coast,9.5,76.5,23.00524139404297,12,40,31.6597843170166,2,9,23.54146385192871,2,9,8.11832046508789,85.29817566359162,246,-1.0,-1.8369701987210294e-16,3.1782721979224684,8.11832046508789,1,4,2024
2024-09-03,Kerala Coast,9.5,76.5,17.03595542907715,12,40,30.811269760131836,2,9,23.55598258972168,2,9,7.255287170410156,86.16652752718721,247,-1.0,-1.8369701987210294e-16,2.8923672893358434,7.255287170410156,1,4,2024
2024-09-04,Kerala Coast,9.5,76.5,11.60301399230957,12,40,32.03992462158203,2,9,23.6226863861084,2,9,8.417238235473633,82.7673315023262,248,-1.0,-1.8369701987210294e-16,2.533935991091156,8.417238235473633,1,4,2024
2024-09-05,Kerala Coast,9.5,76.5,0.7329968214035034,12,40,32.817867279052734,2,9,23.92278480529785,2,9,8.895082473754883,75.8593915822104,249,-1.0,-1.8369701987210294e-16,0.5498521765733931,8.895082473754883,1,4,2024
2024-09-06,Kerala Coast,9.5,76.5,5.782444000244141,12,40,31.989269256591797,2,9,23.86833381652832,2,9,8.120935440063477,81.5011416469039,250,-1.0,-1.8369701987210294e-16,1.9143375090102872,8.120935440063477,1,4,2024
2024-09-07,Kerala Coast,9.5,76.5,4.188079357147217,12,40,32.041778564453125,2,9,23.92498779296875,2,9,8.116790771484375,80.70550914490981,251,-1.0,-1.8369701987210294e-16,1.646363562626188,8.116790771484375,1,4,2024
2024-09-08,Kerala Coast,9.5,76.5,14.50397777557373,12,40,31.168046951293945,2,9,23.959060668945312,2,9,7.208986282348633,85.80531730035281,252,-1.0,-1.8369701987210294e-16,2.7410966216833565,7.208986282348633,1,4,2024
2024-09-09,Kerala Coast,9.5,76.5,19.839914321899418,12,40,30.969388961791992,2,9,23.725509643554688,2,9,7.243879318237305,86.62285168045584,253,-1.0,-1.8369701987210294e-16,3.036870105643482,7.243879318237305,1,4,2024
2024-09-10,Kerala Coast,9.5,76.5,14.863937377929688,12,40,32.102542877197266,2,9,23.738073348999023,2,9,8.364469528198242,83.56320627493491,254,-1.0,-1.8369701987210294e-16,2.764048443777132,8.364469528198242,1,4,2024
2024-09-11,Kerala Coast,9.5,76.5,5.0480804443359375,12,40,31.69083023071289,2,9,23.696060180664062,2,9,7.994770050048828,81.40968271921308,255,-1.0,-1.8369701987210294e-16,1.7997409397702455,7.994770050048828,1,4,2024
2024-09-12,Kerala Coast,9.5,76.5,14.170013427734377,12,40,32.613548278808594,2,9,23.3669490814209,2,9,9.246599197387695,81.66476364075652,256,-1.0,-1.8369701987210294e-16,2.719320678510634,9.246599197387695,1,4,2024
2024-09-13,Kerala Coast,9.5,76.5,0.3534238338470459,12,40,33.0803108215332,2,9,23.87596321105957,2,9,9.204347610473633,74.4992174440841,257,-1.0,-1.8369701987210294e-16,0.3026375550104518,9.204347610473633,1,4,2024
2024-09-14,Kerala Coast,9.5,76.5,3.778470277786255,12,40,32.4891242980957,2,9,23.950389862060547,2,9,8.538734436035156,79.61489253707927,258,-1.0,-1.8369701987210294e-16,1.5641204697165256,8.538734436035156,1,4,2024
2024-09-15,Kerala Coast,9.5,76.5,4.829809665679932,12,40,32.582557678222656,2,9,23.786327362060547,2,9,8.79623031616211,79.69649242497546,259,-1.0,-1.8369701987210294e-16,1.762984352433225,8.79623031616211,1,4,2024
2024-09-16,Kerala Coast,9.5,76.5,0.3255553841590881,12,40,33.08015060424805,2,9,24.655405044555664,2,9,8.424745559692383,75.9960034690312,260,-1.0,-1.8369701987210294e-16,0.281831529471987,8.424745559692383,1,4,2024
2024-09-17,Kerala Coast,9.5,76.5,6.373573303222656,12,40,33.406776428222656,2,9,24.3176212310791,2,9,9.089155197143556,79.81539690501725,261,-1.0,-1.8369701987210294e-16,1.997902433101452,9.089155197143556,1,4,2024
2024-09-18,Kerala Coast,9.5,76.5,0.0,12,40,33.256412506103516,2,9,23.992366790771484,2,9,9.264045715332031,73.47190856933594,262,-1.0,-1.8369701987210294e-16,0.0,9.264045715332031,1,4,2024
2024-09-19,Kerala Coast,9.5,76.5,7.348250865936279,12,40,33.31777572631836,2,9,23.24767684936523,2,9,10.070098876953129,78.2259583654517,263,-1.0,-1.8369701987210294e-16,2.1220520397859852,10.070098876953129,1,4,2024
2024-09-20,Kerala Coast,9.5,76.5,0.0,12,40,32.2589225769043,2,9,23.489286422729492,2,9,8.769636154174805,74.46072769165039,264,-1.0,-1.8369701987210294e-16,0.0,8.769636154174805,1,4,2024
2024-09-21,Kerala Coast,9.5,76.5,0.0,12,40,33.00688934326172,2,9,23.546131134033203,2,9,9.460758209228516,73.07848358154297,265,-1.0,-1.8369701987210294e-16,0.0,9.460758209228516,1,4,2024
2024-09-22,Kerala Coast,9.5,76.5,0.0,12,40,32.445030212402344,2,9,23.513072967529297,2,9,8.931957244873047,74.1360855102539,266,-1.0,-1.8369701987210294e-16,0.0,8.931957244873047,1,4,2024
2024-09-23,Kerala Coast,9.5,76.5,6.925211429595947,12,40,32.225830078125,2,9,23.44550323486328,2,9,8.780326843261719,80.64949330813909,267,-1.0,-1.8369701987210294e-16,2.0700489982208397,8.780326843261719,1,4,2024
2024-09-24,Kerala Coast,9.5,76.5,13.171327590942385,12,40,32.081878662109375,2,9,23.658336639404297,2,9,8.423542022705078,83.10657817330278,268,-1.0,-1.8369701987210294e-16,2.65122073957098,8.423542022705078,1,4,2024
2024-09-25,Kerala Coast,9.5,76.5,1.3906670808792114,12,40,32.71465301513672,2,9,23.53656005859375,2,9,9.178092956542969,76.25853140792542,269,-1.0,-1.8369701987210294e-16,0.8715724403371201,9.178092956542969,1,4,2024
2024-09-26,Kerala Coast,9.5,76.5,5.0288214683532715,12,40,32.203800201416016,2,9,24.10776138305664,2,9,8.096038818359375,81.19757700404051,270,-1.0,-1.8369701987210294e-16,1.7965515469197526,8.096038818359375,1,4,2024
2024-09-27,Kerala Coast,9.5,76.5,1.0474225282669067,12,40,33.10091018676758,2,9,23.791662216186523,2,9,9.309247970581056,75.53124915522878,271,-1.0,-1.8369701987210294e-16,0.7165816987969613,9.309247970581056,1,4,2024
2024-09-28,Kerala Coast,9.5,76.5,1.8038620948791504,12,40,32.42290496826172,2,9,24.2833309173584,2,9,8.13957405090332,78.81384525737356,272,-1.0,-1.8369701987210294e-16,1.0309977863934008,8.13957405090332,1,4,2024
2024-09-29,Kerala Coast,9.5,76.5,5.02976655960083,12,40,31.937274932861328,2,9,23.8377685546875,2,9,8.099506378173828,81.19111213411944,273,-1.0,-1.8369701987210294e-16,1.7967082968223618,8.099506378173828,1,4,2024
2024-09-30,Kerala Coast,9.5,76.5,23.45305633544922,12,40,31.187219619750977,2,9,22.754409790039062,2,9,8.432809829711914,84.72464597538652,274,-1.0,-1.8369701987210294e-16,3.1967552116034508,8.432809829711914,1,4,2024
2024-10-01,Kerala Coast,9.5,76.5,3.545300245285034,12,40,31.94340705871582,2,9,23.973777770996097,2,9,7.969629287719723,80.60302278260946,275,-0.8660254037844386,0.5000000000000001,1.5140937860163033,7.969629287719723,1,4,2024
2024-10-02,Kerala Coast,9.5,76.5,24.11664390563965,12,40,31.64173889160156,2,9,23.904041290283203,2,9,7.737697601318356,86.19519698793896,276,-0.8660254037844386,0.5000000000000001,3.2235307301918934,7.737697601318356,1,4,2024
2024-10-03,Kerala Coast,9.5,76.5,3.0920844078063965,12,40,31.83688735961914,2,9,23.920909881591797,2,9,7.915977478027344,80.39520847013122,277,-0.8660254037844386,0.5000000000000001,1.4090544753953054,7.915977478027344,1,4,2024
2024-10-04,Kerala Coast,9.5,76.5,0.0,12,40,32.281982421875,2,9,24.155736923217773,2,9,8.126245498657227,75.74750900268555,278,-0.8660254037844386,0.5000000000000001,0.0,8.126245498657227,1,4,2024
2024-10-05,Kerala Coast,9.5,76.5,9.20128059387207,12,40,31.3696346282959,2,9,23.56806182861328,2,9,7.801572799682617,83.36439418312031,279,-0.8660254037844386,0.5000000000000001,2.322513260828513,7.801572799682617,1,4,2024
2024-10-06,Kerala Coast,9.5,76.5,8.081345558166504,12,40,29.89677047729492,2,9,23.77243995666504,2,9,6.124330520629879,86.37000607131918,280,-0.8660254037844386,0.5000000000000001,2.206222370859649,6.124330520629879,1,4,2024
2024-10-07,Kerala Coast,9.5,76.5,13.763554573059082,12,40,30.16165542602539,2,9,22.89665412902832,2,9,7.26500129699707,85.54648225074098,281,-0.8660254037844386,0.5000000000000001,2.6921616149117056,7.26500129699707,1,4,2024
2024-10-08,Kerala Coast,9.5,76.5,1.1013250350952148,12,40,31.512788772583008,2,9,23.050756454467773,2,9,8.462032318115234,77.30363970830463,282,-0.8660254037844386,0.5000000000000001,0.7425681148450333,8.462032318115234,1,4,2024
2024-10-09,Kerala Coast,9.5,76.5,0.0,12,40,31.504236221313477,2,9,23.576332092285156,2,9,7.92790412902832,76.14419174194336,283,-0.8660254037844386,0.5000000000000001,0.0,7.92790412902832,1,4,2024
2024-10-10,Kerala Coast,9.5,76.5,29.153488159179688,12,40,30.73579216003418,2,9,22.497156143188477,2,9,8.238636016845703,85.74162979626763,284,-0.8660254037844386,0.5000000000000001,3.4063006099863475,8.238636016845703,1,4,2024
2024-10-11,Kerala Coast,9.5,76.5,0.5962506532669067,12,40,29.730693817138672,2,9,22.81368064880371,2,9,6.917013168334961,79.56894627617666,285,-0.8660254037844386,0.5000000000000001,0.467657537615527,6.917013168334961,1,4,2024
2024-10-12,Kerala Coast,9.5,76.5,41.52247619628906,12,40,30.016948699951172,2,9,22.20073699951172,2,9,7.816211700439453,87.61767496256608,286,-0.8660254037844386,0.5000000000000001,3.750032787814997,7.816211700439453,1,4,2024
2024-10-13,Kerala Coast,9.5,76.5,0.7526496648788452,12,40,29.85577392578125,2,9,23.005443572998047,2,9,6.850330352783203,79.98272550563446,287,-0.8660254037844386,0.5000000000000001,0.5611287370669561,6.850330352783203,1,4,2024
2024-10-14,Kerala Coast,9.5,76.5,14.459973335266112,12,40,28.144973754882812,2,9,22.94790267944336,2,9,5.197071075439453,89.82062080432527,288,-0.8660254037844386,0.5000000000000001,2.738254318401392,5.197071075439453,1,4,2024
2024-10-15,Kerala Coast,9.5,76.5,3.5017123222351074,12,40,29.541654586791992,2,9,22.47339630126953,2,9,7.068258285522461,82.37685695030702,289,-0.8660254037844386,0.5000000000000001,1.5044578404506472,7.068258285522461,1,4,2024
2024-10-16,Kerala Coast,9.5,76.5,8.164103507995605,12,40,29.884145736694336,2,9,22.944795608520508,2,9,6.939350128173828,84.76718192243625,290,-0.8660254037844386,0.5000000000000001,2.215294059594637,6.939350128173828,1,4,2024
2024-10-17,Kerala Coast,9.5,76.5,2.3273088932037354,12,40,31.667070388793945,2,9,22.92149543762207,2,9,8.745574951171875,78.1153416089322,291,-0.8660254037844386,0.5000000000000001,1.2021638370919832,8.745574951171875,1,4,2024
2024-10-18,Kerala Coast,9.5,76.5,0.192590981721878,12,40,32.03713607788086,2,9,23.144207000732425,2,9,8.892929077148434,74.74252655314818,292,-0.8660254037844386,0.5000000000000001,0.176128235815019,8.892929077148434,1,4,2024
2024-10-19,Kerala Coast,9.5,76.5,2.647345781326294,12,40,31.597265243530273,2,9,23.547510147094727,2,9,8.049755096435547,79.78248896673944,293,-0.8660254037844386,0.5000000000000001,1.2939997198701756,8.049755096435547,1,4,2024
2024-10-20,Kerala Coast,9.5,76.5,6.03427267074585,12,40,31.644729614257812,2,9,23.728063583374023,2,9,7.916666030883789,82.01905083216815,294,-0.8660254037844386,0.5000000000000001,1.9507942979785733,7.916666030883789,1,4,2024
2024-10-21,Kerala Coast,9.5,76.5,16.2852783203125,12,40,30.69921875,2,9,23.445289611816406,2,9,7.253929138183594,86.04170724888608,295,-0.8660254037844386,0.5000000000000001,2.849855175084423,7.253929138183594,1,4,2024
2024-10-22,Kerala Coast,9.5,76.5,1.0909178256988523,12,40,31.46759796142578,2,9,24.09100914001465,2,9,7.376588821411133,79.45963171906834,296,-0.8660254037844386,0.5000000000000001,0.7376031206302002,7.376588821411133,1,4,2024
2024-10-23,Kerala Coast,9.5,76.5,1.5195716619491575,12,40,31.510648727416992,2,9,22.93035316467285,2,9,8.58029556274414,77.61167560948833,297,-0.8660254037844386,0.5000000000000001,0.9240889116588726,8.58029556274414,1,4,2024
2024-10-24,Kerala Coast,9.5,76.5,27.54258155822754,12,40,31.103715896606445,2,9,23.045759201049805,2,9,8.05795669555664,85.93827779487285,298,-0.8660254037844386,0.5000000000000001,3.3513970619953755,8.05795669555664,1,4,2024
2024-10-25,Kerala Coast,9.5,76.5,0.6205421686172485,12,40,28.90723419189453,2,9,23.040876388549805,2,9,5.866357803344727,81.71556668903077,299,-0.8660254037844386,0.5000000000000001,0.4827607652400714,5.866357803344727,1,4,2024
2024-10-26,Kerala Coast,9.5,76.5,9.992502212524414,12,40,30.487707138061523,2,9,22.41031265258789,2,9,8.077394485473633,83.0368512990986,300,-0.8660254037844386,0.5000000000000001,2.3972134233486244,8.077394485473633,1,4,2024
2024-10-27,Kerala Coast,9.5,76.5,0.4279512166976928,12,40,31.30603408813477,2,9,22.645532608032227,2,9,8.660501480102543,75.74771914386729,301,-0.8660254037844386,0.5000000000000001,0.3562407013574534,8.660501480102543,1,4,2024
2024-10-28,Kerala Coast,9.5,76.5,0.0,12,40,31.76541328430176,2,9,23.03182029724121,2,9,8.73359298706055,74.5328140258789,302,-0.8660254037844386,0.5000000000000001,0.0,8.73359298706055,1,4,2024
2024-10-29,Kerala Coast,9.5,76.5,4.183962821960449,12,40,31.71187210083008,2,9,23.453125,2,9,8.258747100830082,80.41921516034343,303,-0.8660254037844386,0.5000000000000001,1.6455697873345287,8.258747100830082,1,4,2024
2024-10-30,Kerala Coast,9.5,76.5,0.0,12,40,32.653289794921875,2,9,23.534502029418945,2,9,9.11878776550293,73.76242446899414,304,-0.8660254037844386,0.5000000000000001,0.0,9.11878776550293,1,4,2024
2024-10-31,Kerala Coast,9.5,76.5,0.0,12,40,32.438350677490234,2,9,24.16489028930664,2,9,8.273460388183594,75.45307922363281,305,-0.8660254037844386,0.5000000000000001,0.0,8.273460388183594,1,4,2024
2024-11-01,Kerala Coast,9.5,76.5,2.5342438220977783,12,40,31.417308807373047,2,9,23.116060256958008,2,9,8.301248550415039,79.18500099343215,306,-0.5000000000000004,0.8660254037844384,1.2624993647540772,8.301248550415039,1,4,2024
2024-11-02,Kerala Coast,9.5,76.5,17.645673751831055,12,40,31.488502502441406,2,9,23.46420669555664,2,9,8.024295806884766,84.72825083253844,307,-0.5000000000000004,0.8660254037844384,2.925614148769324,8.024295806884766,1,4,2024
2024-11-03,Kerala Coast,9.5,76.5,16.970577239990234,12,40,30.815126419067383,2,9,22.081098556518555,2,9,8.734027862548828,83.19815174301817,308,-0.5000000000000004,0.8660254037844384,2.888735822705276,8.734027862548828,1,4,2024
2024-11-04,Kerala Coast,9.5,76.5,10.453917503356934,12,40,30.0148868560791,2,9,22.88127899169922,2,9,7.133607864379883,85.04777970578483,309,-0.5000000000000004,0.8660254037844384,2.4383318115148684,7.133607864379883,1,4,2024
2024-11-05,Kerala Coast,9.5,76.5,31.65751075744629,12,40,31.0710506439209,2,9,22.42515754699707,2,9,8.645893096923828,85.16643840949396,310,-0.5000000000000004,0.8660254037844384,3.4860748677805415,8.645893096923828,1,4,2024
2024-11-06,Kerala Coast,9.5,76.5,16.88114356994629,12,40,31.280681610107425,2,9,22.41123390197754,2,9,8.869447708129886,82.91234476099271,311,-0.5000000000000004,0.8660254037844384,2.8837467257508265,8.869447708129886,1,4,2024
2024-11-07,Kerala Coast,9.5,76.5,0.0,12,40,31.92740249633789,2,9,23.34775733947754,2,9,8.579645156860352,74.8407096862793,312,-0.5000000000000004,0.8660254037844384,0.0,8.579645156860352,1,4,2024
2024-11-08,Kerala Coast,9.5,76.5,3.6575474739074703,12,40,30.169960021972656,2,9,23.99964141845703,2,9,6.170318603515625,84.27482984230015,313,-0.5000000000000004,0.8660254037844384,1.5384890164437988,6.170318603515625,1,4,2024
2024-11-09,Kerala Coast,9.5,76.5,35.47978591918945,12,40,31.486103057861328,2,9,22.857181549072266,2,9,8.628921508789062,85.53243187265879,314,-0.5000000000000004,0.8660254037844384,3.5967582967456395,8.628921508789062,1,4,2024
2024-11-10,Kerala Coast,9.5,76.5,5.92634391784668,12,40,32.15864181518555,2,9,23.11095428466797,2,9,9.047687530517578,79.71062124137629,315,-0.5000000000000004,0.8660254037844384,1.935332100803817,9.047687530517578,1,4,2024
2024-11-11,Kerala Coast,9.5,76.5,8.996720314025879,12,40,32.074954986572266,2,9,22.920379638671875,2,9,9.15457534790039,80.59762051600873,316,-0.5000000000000004,0.8660254037844384,2.3022570706031713,9.15457534790039,1,4,2024
2024-11-12,Kerala Coast,9.5,76.5,1.3050658702850342,12,40,31.797670364379883,2,9,23.020668029785156,2,9,8.777002334594727,76.95132309032192,317,-0.5000000000000004,0.8660254037844384,0.8351092531704601,8.777002334594727,1,4,2024
2024-11-13,Kerala Coast,9.5,76.5,0.4493789672851562,12,40,31.66292953491211,2,9,23.829668045043945,2,9,7.833261489868164,77.44688251905113,318,-0.5000000000000004,0.8660254037844384,0.3711351662624854,7.833261489868164,1,4,2024
2024-11-14,Kerala Coast,9.5,76.5,2.2468948364257812,12,40,31.32229804992676,2,9,23.942052841186523,2,9,7.380245208740238,80.77260689655003,319,-0.5000000000000004,0.8660254037844384,1.1776991046768317,7.380245208740238,1,4,2024
2024-11-15,Kerala Coast,9.5,76.5,18.594335556030273,12,40,29.894092559814453,2,9,23.47846794128418,2,9,6.415624618530273,88.09447232961122,320,-0.5000000000000004,0.8660254037844384,2.975240522223922,6.415624618530273,1,4,2024
2024-11-16,Kerala Coast,9.5,76.5,13.243091583251951,12,40,30.0268497467041,2,9,23.33930015563965,2,9,6.687549591064453,86.59371678182691,321,-0.5000000000000004,0.8660254037844384,2.656271987985273,6.687549591064453,1,4,2024
2024-11-17,Kerala Coast,9.5,76.5,14.48686408996582,12,40,31.022336959838867,2,9,23.1422119140625,2,9,7.880125045776367,84.45972646808504,322,-0.5000000000000004,0.8660254037844384,2.7399921865459222,7.880125045776367,1,4,2024
2024-11-18,Kerala Coast,9.5,76.5,5.029205799102783,12,40,30.89465713500977,2,9,22.887025833129883,2,9,8.007631301879886,81.37458327761014,323,-0.5000000000000004,0.8660254037844384,1.7966152937899689,8.007631301879886,1,4,2024
2024-11-19,Kerala Coast,9.5,76.5,0.0,12,40,29.616979598999023,2,9,23.39658546447754,2,9,6.220394134521484,79.55921173095703,324,-0.5000000000000004,0.8660254037844384,0.0,6.220394134521484,1,4,2024
2024-11-20,Kerala Coast,9.5,76.5,0.1863000839948654,12,40,27.026145935058594,2,9,22.120594024658203,2,9,4.905551910400391,82.70141405066617,325,-0.5000000000000004,0.8660254037844384,0.1708392904889856,4.905551910400391,1,4,2024
2024-11-21,Kerala Coast,9.5,76.5,0.0,12,40,28.66838836669922,2,9,22.4951114654541,2,9,6.173276901245117,79.65344619750977,326,-0.5000000000000004,0.8660254037844384,0.0,6.173276901245117,1,4,2024
2024-11-22,Kerala Coast,9.5,76.5,0.1283939927816391,12,40,30.713335037231445,2,9,22.482648849487305,2,9,8.23068618774414,75.90101375392521,327,-0.5000000000000004,0.8660254037844384,0.1207953764711639,8.23068618774414,1,4,2024
2024-11-23,Kerala Coast,9.5,76.5,0.0,12,40,31.07426071166992,2,9,22.929309844970703,2,9,8.144950866699215,75.71009826660156,328,-0.5000000000000004,0.8660254037844384,0.0,8.144950866699215,1,4,2024
2024-11-24,Kerala Coast,9.5,76.5,1.209802508354187,12,40,30.801729202270508,2,9,23.214326858520508,2,9,7.58740234375,79.20390475890274,329,-0.5000000000000004,0.8660254037844384,0.7929031488009123,7.58740234375,1,4,2024
2024-11-25,Kerala Coast,9.5,76.5,4.686380863189697,12,40,30.462909698486328,2,9,23.046974182128903,2,9,7.415935516357425,82.38235094810841,330,-0.5000000000000004,0.8660254037844384,1.7380739936077492,7.415935516357425,1,4,2024
2024-11-26,Kerala Coast,9.5,76.5,2.369645357131958,12,40,28.376073837280273,2,9,23.233198165893555,2,9,5.142875671386719,85.35867116788927,331,-0.5000000000000004,0.8660254037844384,1.2148075035542345,5.142875671386719,1,4,2024
2024-11-27,Kerala Coast,9.5,76.5,0.4279512166976928,12,40,27.354541778564453,2,9,22.28690719604492,2,9,5.067634582519535,82.9334529390333,332,-0.5000000000000004,0.8660254037844384,0.3562407013574534,5.067634582519535,1,4,2024
2024-11-28,Kerala Coast,9.5,76.5,0.0,12,40,30.744298934936523,2,9,22.1514835357666,2,9,8.592815399169922,74.81436920166016,333,-0.5000000000000004,0.8660254037844384,0.0,8.592815399169922,1,4,2024
2024-11-29,Kerala Coast,9.5,76.5,0.0,12,40,30.463930130004883,2,9,22.886215209960938,2,9,7.577714920043945,76.84457015991211,334,-0.5000000000000004,0.8660254037844384,0.0,7.577714920043945,1,4,2024
2024-11-30,Kerala Coast,9.5,76.5,0.0,12,40,30.534631729125977,2,9,23.163068771362305,2,9,7.371562957763672,77.25687408447266,335,-0.5000000000000004,0.8660254037844384,0.0,7.371562957763672,1,4,2024
2024-12-01,Kerala Coast,9.5,76.5,9.827585220336914,12,40,29.732349395751953,2,9,23.91207504272461,2,9,5.820274353027344,87.50574248836449,336,-2.4492935982947064e-16,1.0,2.382097064806395,5.820274353027344,1,4,2024
2024-12-02,Kerala Coast,9.5,76.5,132.32858276367188,12,40,29.90883445739746,2,9,23.47525978088379,2,9,6.433574676513672,93.81130053257068,337,-2.4492935982947064e-16,1.0,4.892816628532674,6.433574676513672,1,4,2024
2024-12-03,Kerala Coast,9.5,76.5,35.3189811706543,12,40,31.38063621520996,2,9,22.91375732421875,2,9,8.466878890991211,85.8432637236302,338,-2.4492935982947064e-16,1.0,3.5923405018708734,8.466878890991211,1,4,2024
2024-12-04,Kerala Coast,9.5,76.5,0.1283939927816391,12,40,31.01953125,2,9,23.922548294067383,2,9,7.096982955932617,78.16842021754826,339,-2.4492935982947064e-16,1.0,0.1207953764711639,7.096982955932617,1,4,2024
2024-12-05,Kerala Coast,9.5,76.5,1.1497787237167358,12,40,31.15954208374023,2,9,23.22856330871582,2,9,7.930978775024411,78.4341372028757,340,-2.4492935982947064e-16,1.0,0.7653649176415088,7.930978775024411,1,4,2024
2024-12-06,Kerala Coast,9.5,76.5,0.0,12,40,31.951587677001953,2,9,22.741973876953125,2,9,9.209613800048828,73.58077239990234,341,-2.4492935982947064e-16,1.0,0.0,9.209613800048828,1,4,2024
2024-12-07,Kerala Coast,9.5,76.5,0.0,12,40,32.164459228515625,2,9,23.04850959777832,2,9,9.115949630737305,73.76810073852539,342,-2.4492935982947064e-16,1.0,0.0,9.115949630737305,1,4,2024
2024-12-08,Kerala Coast,9.5,76.5,4.54474401473999,12,40,31.660993576049805,2,9,23.122989654541016,2,9,8.538003921508789,80.06254352101125,343,-2.4492935982947064e-16,1.0,1.7128504546762746,8.538003921508789,1,4,2024
2024-12-09,Kerala Coast,9.5,76.5,0.882836103439331,12,40,32.04705810546875,2,9,22.320463180541992,2,9,9.726594924926758,74.44514776742346,344,-2.4492935982947064e-16,1.0,0.6327792057589922,9.726594924926758,1,4,2024
2024-12-10,Kerala Coast,9.5,76.5,0.1924616694450378,12,40,31.987560272216797,2,9,22.86501693725586,2,9,9.122543334960938,74.28297273080032,345,-2.4492935982947064e-16,1.0,0.176019800240732,9.122543334960938,1,4,2024
2024-12-11,Kerala Coast,9.5,76.5,0.0,12,40,31.130224227905273,2,9,22.900177001953125,2,9,8.230047225952148,75.5399055480957,346,-2.4492935982947064e-16,1.0,0.0,8.230047225952148,1,4,2024
2024-12-12,Kerala Coast,9.5,76.5,0.9600514769554138,12,40,26.86540412902832,2,9,22.89839553833008,2,9,3.967008590698238,86.08489502855443,347,-2.4492935982947064e-16,1.0,0.6729707366503017,3.967008590698238,1,4,2024
2024-12-13,Kerala Coast,9.5,76.5,31.849111557006836,12,40,27.476505279541016,2,9,22.88581085205078,2,9,4.590694427490234,93.29438524236778,348,-2.4492935982947064e-16,1.0,3.4919246991160824,4.590694427490234,1,4,2024
2024-12-14,Kerala Coast,9.5,76.5,4.745283603668213,12,40,26.5897159576416,2,9,21.70097541809082,2,9,4.888740539550781,87.46765674705561,349,-2.4492935982947064e-16,1.0,1.748379275385724,4.888740539550781,1,4,2024
2024-12-15,Kerala Coast,9.5,76.5,1.255713701248169,12,40,30.383506774902344,2,9,20.702720642089844,2,9,9.6807861328125,75.0788269946976,350,-2.4492935982947064e-16,1.0,0.8134664201075289,9.6807861328125,1,4,2024
2024-12-16,Kerala Coast,9.5,76.5,0.0,12,40,30.59422492980957,2,9,21.428390502929688,2,9,9.165834426879885,73.66833114624023,351,-2.4492935982947064e-16,1.0,0.0,9.165834426879885,1,4,2024
2024-12-17,Kerala Coast,9.5,76.5,0.0,12,40,31.959577560424805,2,9,21.2163143157959,2,9,10.743263244628906,70.51347351074219,352,-2.4492935982947064e-16,1.0,0.0,10.743263244628906,1,4,2024
2024-12-18,Kerala Coast,9.5,76.5,0.0,12,40,32.23583221435547,2,9,21.5788516998291,2,9,10.656980514526367,70.68603897094727,353,-2.4492935982947064e-16,1.0,0.0,10.656980514526367,1,4,2024
2024-12-19,Kerala Coast,9.5,76.5,0.0,12,40,32.35210418701172,2,9,22.810728073120117,2,9,9.541376113891602,72.9172477722168,354,-2.4492935982947064e-16,1.0,0.0,9.541376113891602,1,4,2024
2024-12-20,Kerala Coast,9.5,76.5,0.0,12,40,32.92744445800781,2,9,23.118602752685547,2,9,9.808841705322266,72.38231658935547,355,-2.4492935982947064e-16,1.0,0.0,9.808841705322266,1,4,2024
2024-12-21,Kerala Coast,9.5,76.5,0.0,12,40,32.36183166503906,2,9,23.17017364501953,2,9,9.191658020019531,73.61668395996094,356,-2.4492935982947064e-16,1.0,0.0,9.191658020019531,1,4,2024
2024-12-22,Kerala Coast,9.5,76.5,0.0,12,40,32.111122131347656,2,9,22.601198196411133,2,9,9.509923934936523,72.98015213012695,357,-2.4492935982947064e-16,1.0,0.0,9.509923934936523,1,4,2024
2024-12-23,Kerala Coast,9.5,76.5,0.0,12,40,31.66753578186035,2,9,21.49125862121582,2,9,10.176277160644531,71.64744567871094,358,-2.4492935982947064e-16,1.0,0.0,10.176277160644531,1,4,2024
2024-12-24,Kerala Coast,9.5,76.5,0.0,12,40,31.870529174804688,2,9,21.280609130859375,2,9,10.589920043945312,70.82015991210938,359,-2.4492935982947064e-16,1.0,0.0,10.589920043945312,1,4,2024
2024-12-25,Kerala Coast,9.5,76.5,0.0,12,40,32.044273376464844,2,9,20.84400177001953,2,9,11.200271606445312,69.59945678710938,360,-2.4492935982947064e-16,1.0,0.0,11.200271606445312,1,4,2024
2024-12-26,Kerala Coast,9.5,76.5,0.0,12,40,31.854501724243164,2,9,22.24472427368164,2,9,9.609777450561523,72.78044509887695,361,-2.4492935982947064e-16,1.0,0.0,9.609777450561523,1,4,2024
2024-12-27,Kerala Coast,9.5,76.5,0.0,12,40,30.796247482299805,2,9,23.32192611694336,2,9,7.474321365356445,77.05135726928711,362,-2.4492935982947064e-16,1.0,0.0,7.474321365356445,1,4,2024
2024-12-28,Kerala Coast,9.5,76.5,1.9422543048858645,12,40,31.28183937072754,2,9,22.575998306274418,2,9,8.705841064453121,77.8258460447989,363,-2.4492935982947064e-16,1.0,1.079176057901717,8.705841064453121,1,4,2024
2024-12-29,Kerala Coast,9.5,76.5,0.0,12,40,31.499971389770508,2,9,22.437368392944336,2,9,9.062602996826172,73.87479400634766,364,-2.4492935982947064e-16,1.0,0.0,9.062602996826172,1,4,2024
2024-12-30,Kerala Coast,9.5,76.5,0.0,12,40,30.98221969604492,2,9,23.49625015258789,2,9,7.485969543457028,77.02806091308594,365,-2.4492935982947064e-16,1.0,0.0,7.485969543457028,1,4,2024
2024-12-31,Kerala Coast,9.5,76.5,0.0,12,40,30.445659637451172,2,9,22.83116340637207,2,9,7.614496231079102,76.7710075378418,366,-2.4492935982947064e-16,1.0,0.0,7.614496231079102,1,4,2024
2024-01-01,Northeast,26.0,91.7,0.0,78,101,21.186901092529297,18,24,10.333640098571776,18,24,10.85326099395752,70.29347801208496,1,0.4999999999999999,0.8660254037844387,0.0,10.85326099395752,1,5,2024
2024-01-02,Northeast,26.0,91.7,0.0,78,101,21.174570083618164,18,24,10.398913383483888,18,24,10.775656700134276,70.44868659973145,2,0.4999999999999999,0.8660254037844387,0.0,10.775656700134276,1,5,2024
2024-01-03,Northeast,26.0,91.7,0.0,78,101,22.331207275390625,18,24,10.423891067504885,18,24,11.90731620788574,68.18536758422852,3,0.4999999999999999,0.8660254037844387,0.0,11.90731620788574,1,5,2024
2024-01-04,Northeast,26.0,91.7,0.0,78,101,22.006608963012695,18,24,9.56241512298584,18,24,12.444193840026855,67.11161231994629,4,0.4999999999999999,0.8660254037844387,0.0,12.444193840026855,1,5,2024
2024-01-05,Northeast,26.0,91.7,0.0,78,101,22.84473991394043,18,24,9.590290069580078,18,24,13.254449844360352,65.4911003112793,5,0.4999999999999999,0.8660254037844387,0.0,13.254449844360352,1,5,2024
2024-01-06,Northeast,26.0,91.7,0.0,78,101,23.757240295410156,18,24,9.69399070739746,18,24,14.063249588012695,63.87350082397461,6,0.4999999999999999,0.8660254037844387,0.0,14.063249588012695,1,5,2024
2024-01-07,Northeast,26.0,91.7,0.0,78,101,23.99207878112793,18,24,10.083995819091797,18,24,13.908082962036133,64.18383407592773,7,0.4999999999999999,0.8660254037844387,0.0,13.908082962036133,1,5,2024
2024-01-08,Northeast,26.0,91.7,0.0,78,101,22.671157836914062,18,24,10.931328773498535,18,24,11.739829063415527,68.52034187316895,8,0.4999999999999999,0.8660254037844387,0.0,11.739829063415527,1,5,2024
2024-01-09,Northeast,26.0,91.7,0.0,78,101,21.67506980895996,18,24,10.985525131225586,18,24,10.689544677734377,70.62091064453125,9,0.4999999999999999,0.8660254037844387,0.0,10.689544677734377,1,5,2024
2024-01-10,Northeast,26.0,91.7,0.0,78,101,19.737924575805664,18,24,11.00327968597412,18,24,8.734644889831545,74.53071022033691,10,0.4999999999999999,0.8660254037844387,0.0,8.734644889831545,1,5,2024
2024-01-11,Northeast,26.0,91.7,0.0,78,101,19.433366775512695,18,24,10.606277465820312,18,24,8.827089309692383,74.34582138061523,11,0.4999999999999999,0.8660254037844387,0.0,8.827089309692383,1,5,2024
2024-01-12,Northeast,26.0,91.7,0.0,78,101,19.845762252807617,18,24,11.160785675048828,18,24,8.684976577758789,74.63004684448242,12,0.4999999999999999,0.8660254037844387,0.0,8.684976577758789,1,5,2024
2024-01-13,Northeast,26.0,91.7,0.0,78,101,20.448589324951172,18,24,10.47252368927002,18,24,9.976065635681152,72.0478687286377,13,0.4999999999999999,0.8660254037844387,0.0,9.976065635681152,1,5,2024
2024-01-14,Northeast,26.0,91.7,0.0,78,101,20.432201385498047,18,24,9.886041641235352,18,24,10.546159744262695,70.90768051147461,14,0.4999999999999999,0.8660254037844387,0.0,10.546159744262695,1,5,2024
2024-01-15,Northeast,26.0,91.7,0.0,78,101,22.238428115844727,18,24,10.4824857711792,18,24,11.755942344665527,68.48811531066895,15,0.4999999999999999,0.8660254037844387,0.0,11.755942344665527,1,5,2024
2024-01-16,Northeast,26.0,91.7,0.0,78,101,18.552040100097656,18,24,11.31550407409668,18,24,7.236536026000977,77.52692794799805,16,0.4999999999999999,0.8660254037844387,0.0,7.236536026000977,1,5,2024
2024-01-17,Northeast,26.0,91.7,0.3982562720775604,78,101,17.879718780517578,18,24,11.016515731811523,18,24,6.863203048706055,79.27927172370383,17,0.4999999999999999,0.8660254037844387,0.3352259403719781,6.863203048706055,1,5,2024
2024-01-18,Northeast,26.0,91.7,0.0,78,101,19.82271385192871,18,24,8.496715545654297,18,24,11.325998306274414,69.34800338745117,18,0.4999999999999999,0.8660254037844387,0.0,11.325998306274414,1,5,2024
2024-01-19,Northeast,26.0,91.7,0.0,78,101,20.97352600097656,18,24,8.145727157592773,18,24,12.827798843383786,66.34440231323242,19,0.4999999999999999,0.8660254037844387,0.0,12.827798843383786,1,5,2024
2024-01-20,Northeast,26.0,91.7,0.0,78,101,22.251733779907227,18,24,8.32785701751709,18,24,13.923876762390137,64.15224647521973,20,0.4999999999999999,0.8660254037844387,0.0,13.923876762390137,1,5,2024
2024-01-21,Northeast,26.0,91.7,0.0,78,101,19.778514862060547,18,24,9.15858268737793,18,24,10.619932174682615,70.76013565063477,21,0.4999999999999999,0.8660254037844387,0.0,10.619932174682615,1,5,2024
2024-01-22,Northeast,26.0,91.7,0.0,78,101,20.813074111938477,18,24,9.426767349243164,18,24,11.386306762695312,69.22738647460938,22,0.4999999999999999,0.8660254037844387,0.0,11.386306762695312,1,5,2024
2024-01-23,Northeast,26.0,91.7,0.0,78,101,20.991771697998047,18,24,7.817108154296875,18,24,13.174663543701172,65.65067291259766,23,0.4999999999999999,0.8660254037844387,0.0,13.174663543701172,1,5,2024
2024-01-24,Northeast,26.0,91.7,0.0,78,101,21.07354736328125,18,24,8.555468559265137,18,24,12.518078804016112,66.96384239196777,24,0.4999999999999999,0.8660254037844387,0.0,12.518078804016112,1,5,2024
2024-01-25,Northeast,26.0,91.7,1.240031361579895,78,101,19.880979537963867,18,24,10.270682334899902,18,24,9.610297203063965,75.19887519329482,25,0.4999999999999999,0.8660254037844387,0.8064898664742498,9.610297203063965,1,5,2024
2024-01-26,Northeast,26.0,91.7,0.0,78,101,21.199424743652344,18,24,8.759300231933594,18,24,12.44012451171875,67.1197509765625,26,0.4999999999999999,0.8660254037844387,0.0,12.44012451171875,1,5,2024
2024-01-27,Northeast,26.0,91.7,0.0,78,101,21.40880966186523,18,24,9.36251735687256,18,24,12.04629230499267,67.90741539001466,27,0.4999999999999999,0.8660254037844387,0.0,12.04629230499267,1,5,2024
2024-01-28,Northeast,26.0,91.7,0.1629354208707809,78,101,22.48797607421875,18,24,8.567493438720703,18,24,13.920482635498049,64.61187676082004,28,0.4999999999999999,0.8660254037844387,0.1509473439387094,13.920482635498049,1,5,2024
2024-01-29,Northeast,26.0,91.7,0.1086236163973808,78,101,23.475208282470703,18,24,9.558345794677734,18,24,13.916862487792969,64.47563280645066,29,0.4999999999999999,0.8660254037844387,0.1031192606788653,13.916862487792969,1,5,2024
2024-01-30,Northeast,26.0,91.7,0.0,78,101,23.37405014038086,18,24,10.43969440460205,18,24,12.934355735778809,66.13128852844238,30,0.4999999999999999,0.8660254037844387,0.0,12.934355735778809,1,5,2024
2024-01-31,Northeast,26.0,91.7,0.0,78,101,22.428491592407227,18,24,10.66672134399414,18,24,11.761770248413086,68.47645950317383,31,0.4999999999999999,0.8660254037844387,0.0,11.761770248413086,1,5,2024
2024-02-01,Northeast,26.0,91.7,0.0,78,101,22.071149826049805,18,24,12.090174674987791,18,24,9.980975151062012,72.03804969787598,32,0.8660254037844386,0.5000000000000001,0.0,9.980975151062012,1,5,2024
2024-02-02,Northeast,26.0,91.7,0.0,78,101,22.50979232788086,18,24,12.577472686767578,18,24,9.93231964111328,72.13536071777344,33,0.8660254037844386,0.5000000000000001,0.0,9.93231964111328,1,5,2024
2024-02-03,Northeast,26.0,91.7,0.3728155791759491,78,101,20.895977020263672,18,24,11.539860725402832,18,24,9.35611629486084,74.23835880474181,34,0.8660254037844386,0.5000000000000001,0.3168637981544963,9.35611629486084,1,5,2024
2024-02-04,Northeast,26.0,91.7,0.0,78,101,21.96957778930664,18,24,10.43087387084961,18,24,11.538703918457031,68.92259216308594,35,0.8660254037844386,0.5000000000000001,0.0,11.538703918457031,1,5,2024
2024-02-05,Northeast,26.0,91.7,0.0,78,101,20.28205108642578,18,24,11.550833702087402,18,24,8.731217384338379,74.53756523132324,36,0.8660254037844386,0.5000000000000001,0.0,8.731217384338379,1,5,2024
2024-02-06,Northeast,26.0,91.7,0.0,78,101,20.528099060058594,18,24,12.177964210510254,18,24,8.35013484954834,75.29973030090332,37,0.8660254037844386,0.5000000000000001,0.0,8.35013484954834,1,5,2024
2024-02-07,Northeast,26.0,91.7,0.0,78,101,20.711122512817383,18,24,12.463909149169922,18,24,8.247213363647461,75.50557327270508,38,0.8660254037844386,0.5000000000000001,0.0,8.247213363647461,1,5,2024
2024-02-08,Northeast,26.0,91.7,0.0,78,101,21.05569648742676,18,24,8.977591514587402,18,24,12.07810497283936,67.84379005432129,39,0.8660254037844386,0.5000000000000001,0.0,12.07810497283936,1,5,2024
2024-02-09,Northeast,26.0,91.7,0.0,78,101,22.68663787841797,18,24,7.947881698608398,18,24,14.73875617980957,62.52248764038086,40,0.8660254037844386,0.5000000000000001,0.0,14.73875617980957,1,5,2024
2024-02-10,Northeast,26.0,91.7,0.0,78,101,25.782941818237305,18,24,8.598225593566895,18,24,17.18471622467041,57.63056755065918,41,0.8660254037844386,0.5000000000000001,0.0,17.18471622467041,1,5,2024
2024-02-11,Northeast,26.0,91.7,0.0,78,101,26.02972412109375,18,24,9.413634300231934,18,24,16.616089820861816,58.76782035827637,42,0.8660254037844386,0.5000000000000001,0.0,16.616089820861816,1,5,2024
2024-02-12,Northeast,26.0,91.7,0.0,78,101,25.851102828979492,18,24,9.914691925048828,18,24,15.936410903930664,60.12717819213867,43,0.8660254037844386,0.5000000000000001,0.0,15.936410903930664,1,5,2024
2024-02-13,Northeast,26.0,91.7,0.0,78,101,26.247108459472656,18,24,10.452479362487791,18,24,15.794629096984863,60.41074180603027,44,0.8660254037844386,0.5000000000000001,0.0,15.794629096984863,1,5,2024
2024-02-14,Northeast,26.0,91.7,0.0,78,101,24.942928314208984,18,24,11.219064712524414,18,24,13.72386360168457,64.55227279663086,45,0.8660254037844386,0.5000000000000001,0.0,13.72386360168457,1,5,2024
2024-02-15,Northeast,26.0,91.7,0.0,78,101,24.480932235717773,18,24,13.548321723937988,18,24,10.932610511779783,70.13477897644043,46,0.8660254037844386,0.5000000000000001,0.0,10.932610511779783,1,5,2024
2024-02-16,Northeast,26.0,91.7,0.0,78,101,25.16916275024414,18,24,12.37617301940918,18,24,12.79298973083496,66.41402053833008,47,0.8660254037844386,0.5000000000000001,0.0,12.79298973083496,1,5,2024
2024-02-17,Northeast,26.0,91.7,0.0,78,101,24.845138549804688,18,24,11.858893394470217,18,24,12.98624515533447,66.02750968933105,48,0.8660254037844386,0.5000000000000001,0.0,12.98624515533447,1,5,2024
2024-02-18,Northeast,26.0,91.7,0.0,78,101,25.176063537597656,18,24,11.28111457824707,18,24,13.894948959350586,64.21010208129883,49,0.8660254037844386,0.5000000000000001,0.0,13.894948959350586,1,5,2024
2024-02-19,Northeast,26.0,91.7,0.0,78,101,25.29222297668457,18,24,11.200541496276855,18,24,14.091681480407717,63.81663703918457,50,0.8660254037844386,0.5000000000000001,0.0,14.091681480407717,1,5,2024
2024-02-20,Northeast,26.0,91.7,0.0,78,101,23.688032150268555,18,24,11.1702299118042,18,24,12.517802238464355,66.96439552307129,51,0.8660254037844386,0.5000000000000001,0.0,12.517802238464355,1,5,2024
2024-02-21,Northeast,26.0,91.7,0.1568433195352554,78,101,22.97343635559082,18,24,15.062455177307127,18,24,7.910981178283693,76.61512270178935,52,0.8660254037844386,0.5000000000000001,0.1456950194522443,7.910981178283693,1,5,2024
2024-02-22,Northeast,26.0,91.7,0.3895572125911712,78,101,20.49182891845703,18,24,14.75718116760254,18,24,5.73464775085449,81.51765993119528,53,0.8660254037844386,0.5000000000000001,0.3289851443014223,5.73464775085449,1,5,2024
2024-02-23,Northeast,26.0,91.7,1.801480054855347,78,101,23.552141189575195,18,24,14.632501602172852,18,24,8.919639587402344,77.25116443083303,54,0.8660254037844386,0.5000000000000001,1.0301478685459031,8.919639587402344,1,5,2024
2024-02-24,Northeast,26.0,91.7,0.0,78,101,24.81718063354492,18,24,10.981325149536133,18,24,13.835855484008786,64.32828903198242,55,0.8660254037844386,0.5000000000000001,0.0,13.835855484008786,1,5,2024
2024-02-25,Northeast,26.0,91.7,1.113391995429993,78,101,21.95026969909668,18,24,11.70533275604248,18,24,10.2449369430542,73.75500882634864,56,0.8660254037844386,0.5000000000000001,0.7482942374856782,10.2449369430542,1,5,2024
2024-02-26,Northeast,26.0,91.7,0.3258708417415619,78,101,23.997772216796875,18,24,9.354321479797363,18,24,14.643450736999512,63.55930697380525,57,0.8660254037844386,0.5000000000000001,0.282069482601424,14.643450736999512,1,5,2024
2024-02-27,Northeast,26.0,91.7,0.0,78,101,25.505064010620117,18,24,10.40622329711914,18,24,15.098840713500977,61.80231857299805,58,0.8660254037844386,0.5000000000000001,0.0,15.098840713500977,1,5,2024
2024-02-28,Northeast,26.0,91.7,0.0,78,101,25.47665786743164,18,24,11.602126121520996,18,24,13.874531745910645,64.25093650817871,59,0.8660254037844386,0.5000000000000001,0.0,13.874531745910645,1,5,2024
2024-02-29,Northeast,26.0,91.7,0.0,78,101,24.450634002685547,18,24,12.57505702972412,18,24,11.875576972961428,68.24884605407715,60,0.8660254037844386,0.5000000000000001,0.0,11.875576972961428,1,5,2024
2024-03-01,Northeast,26.0,91.7,0.0,78,101,25.366371154785156,18,24,13.20957088470459,18,24,12.156800270080566,67.68639945983887,61,1.0,6.123233995736766e-17,0.0,12.156800270080566,1,5,2024
2024-03-02,Northeast,26.0,91.7,0.0,78,101,26.557636260986328,18,24,12.875187873840332,18,24,13.682448387145996,64.63510322570801,62,1.0,6.123233995736766e-17,0.0,13.682448387145996,1,5,2024
2024-03-03,Northeast,26.0,91.7,0.0,78,101,25.91256523132324,18,24,14.194533348083496,18,24,11.718031883239744,68.56393623352051,63,1.0,6.123233995736766e-17,0.0,11.718031883239744,1,5,2024
2024-03-04,Northeast,26.0,91.7,0.0,78,101,25.82672119140625,18,24,14.752734184265137,18,24,11.073987007141112,69.85202598571777,64,1.0,6.123233995736766e-17,0.0,11.073987007141112,1,5,2024
2024-03-05,Northeast,26.0,91.7,0.0,78,101,26.811222076416016,18,24,15.205662727355955,18,24,11.60555934906006,68.78888130187988,65,1.0,6.123233995736766e-17,0.0,11.60555934906006,1,5,2024
2024-03-06,Northeast,26.0,91.7,0.0,78,101,26.251922607421875,18,24,13.542314529418944,18,24,12.709608078002931,66.58078384399414,66,1.0,6.123233995736766e-17,0.0,12.709608078002931,1,5,2024
2024-03-07,Northeast,26.0,91.7,0.0,78,101,26.881059646606445,18,24,12.67587184906006,18,24,14.205187797546383,63.58962440490723,67,1.0,6.123233995736766e-17,0.0,14.205187797546383,1,5,2024
2024-03-08,Northeast,26.0,91.7,0.0,78,101,27.35227394104004,18,24,12.84295654296875,18,24,14.509317398071287,62.98136520385742,68,1.0,6.123233995736766e-17,0.0,14.509317398071287,1,5,2024
2024-03-09,Northeast,26.0,91.7,0.0,78,101,26.723556518554688,18,24,11.907569885253906,18,24,14.81598663330078,62.36802673339844,69,1.0,6.123233995736766e-17,0.0,14.81598663330078,1,5,2024
2024-03-10,Northeast,26.0,91.7,0.0,78,101,28.064966201782227,18,24,12.773393630981444,18,24,15.291572570800785,61.41685485839844,70,1.0,6.123233995736766e-17,0.0,15.291572570800785,1,5,2024
2024-03-11,Northeast,26.0,91.7,0.0,78,101,29.50043487548828,18,24,13.439804077148438,18,24,16.060630798339844,59.87873840332031,71,1.0,6.123233995736766e-17,0.0,16.060630798339844,1,5,2024
2024-03-12,Northeast,26.0,91.7,0.0,78,101,28.563692092895508,18,24,14.806695938110352,18,24,13.756996154785156,64.48600769042969,72,1.0,6.123233995736766e-17,0.0,13.756996154785156,1,5,2024
2024-03-13,Northeast,26.0,91.7,0.0,78,101,28.114397048950195,18,24,15.949853897094728,18,24,12.164543151855469,67.67091369628906,73,1.0,6.123233995736766e-17,0.0,12.164543151855469,1,5,2024
2024-03-14,Northeast,26.0,91.7,0.0,78,101,28.454992294311523,18,24,16.894262313842773,18,24,11.56072998046875,68.8785400390625,74,1.0,6.123233995736766e-17,0.0,11.56072998046875,1,5,2024
2024-03-15,Northeast,26.0,91.7,0.0,78,101,28.78432273864746,18,24,16.80466079711914,18,24,11.97966194152832,68.04067611694336,75,1.0,6.123233995736766e-17,0.0,11.97966194152832,1,5,2024
2024-03-16,Northeast,26.0,91.7,0.0,78,101,30.179222106933594,18,24,15.89421272277832,18,24,14.285009384155272,63.42998123168945,76,1.0,6.123233995736766e-17,0.0,14.285009384155272,1,5,2024
2024-03-17,Northeast,26.0,91.7,0.0,78,101,30.204204559326172,18,24,16.293306350708008,18,24,13.910898208618164,64.17820358276367,77,1.0,6.123233995736766e-17,0.0,13.910898208618164,1,5,2024
2024-03-18,Northeast,26.0,91.7,0.0,78,101,30.573522567749023,18,24,16.038658142089844,18,24,14.53486442565918,62.93027114868164,78,1.0,6.123233995736766e-17,0.0,14.53486442565918,1,5,2024
2024-03-19,Northeast,26.0,91.7,0.0,78,101,29.690086364746097,18,24,15.81937313079834,18,24,13.870713233947756,64.25857353210449,79,1.0,6.123233995736766e-17,0.0,13.870713233947756,1,5,2024
2024-03-20,Northeast,26.0,91.7,0.7231001853942871,78,101,22.212236404418945,18,24,16.880573272705078,18,24,5.331663131713867,82.96904904185337,80,1.0,6.123233995736766e-17,0.5441251017603688,5.331663131713867,1,5,2024
2024-03-21,Northeast,26.0,91.7,4.202765941619873,78,101,23.05362892150879,18,24,16.422073364257812,18,24,6.631555557250977,83.68446007356523,81,1.0,6.123233995736766e-17,1.649190396022394,6.631555557250977,1,5,2024
2024-03-22,Northeast,26.0,91.7,4.39314079284668,78,101,24.861589431762695,18,24,14.61786651611328,18,24,10.243722915649416,76.56793793651792,82,1.0,6.123233995736766e-17,1.6851279226055815,10.243722915649416,1,5,2024
2024-03-23,Northeast,26.0,91.7,1.5358803272247314,78,101,23.373884201049805,18,24,15.333297729492188,18,24,8.040586471557617,78.71044959452885,83,1.0,6.123233995736766e-17,0.930540845881363,8.040586471557617,1,5,2024
2024-03-24,Northeast,26.0,91.7,8.784040451049805,78,101,24.804868698120117,18,24,15.95402717590332,18,24,8.850841522216797,81.14057455391998,84,1.0,6.123233995736766e-17,2.280752532784522,8.850841522216797,1,5,2024
2024-03-25,Northeast,26.0,91.7,0.0,78,101,28.38658142089844,18,24,17.616445541381836,18,24,10.770135879516603,70.4597282409668,85,1.0,6.123233995736766e-17,0.0,10.770135879516603,1,5,2024
2024-03-26,Northeast,26.0,91.7,2.5898277759552,78,101,25.242830276489254,18,24,16.370222091674805,18,24,8.87260818481445,78.0890963146048,86,1.0,6.123233995736766e-17,1.2781042280779014,8.87260818481445,1,5,2024
2024-03-27,Northeast,26.0,91.7,1.2199406623840332,78,101,26.53496551513672,18,24,16.913196563720703,18,24,9.621768951416016,75.14890349778136,87,1.0,6.123233995736766e-17,0.7974804668711303,9.621768951416016,1,5,2024
2024-03-28,Northeast,26.0,91.7,0.0,78,101,28.21232795715332,18,24,17.700363159179688,18,24,10.511964797973633,70.97607040405273,88,1.0,6.123233995736766e-17,0.0,10.511964797973633,1,5,2024
2024-03-29,Northeast,26.0,91.7,0.0,78,101,30.363296508789062,18,24,17.54378318786621,18,24,12.819513320922852,66.3609733581543,89,1.0,6.123233995736766e-17,0.0,12.819513320922852,1,5,2024
2024-03-30,Northeast,26.0,91.7,0.2130746245384216,78,101,30.42572021484375,18,24,18.72368431091309,18,24,11.70203590393066,69.17540263827266,90,1.0,6.123233995736766e-17,0.1931581487113285,11.70203590393066,1,5,2024
2024-03-31,Northeast,26.0,91.7,0.7758969664573669,78,101,29.11747169494629,18,24,20.50229835510254,18,24,8.61517333984375,76.49257020582739,91,1.0,6.123233995736766e-17,0.5743056285049658,8.61517333984375,1,5,2024
2024-04-01,Northeast,26.0,91.7,12.98064422607422,78,101,30.12649154663086,18,24,19.154939651489254,18,24,10.971551895141603,77.96991766288724,92,0.8660254037844387,-0.4999999999999998,2.6376738177234804,10.971551895141603,1,5,2024
2024-04-02,Northeast,26.0,91.7,0.0,78,101,30.076641082763672,18,24,19.103151321411133,18,24,10.97348976135254,70.05302047729492,93,0.8660254037844387,-0.4999999999999998,0.0,10.97348976135254,1,5,2024
2024-04-03,Northeast,26.0,91.7,0.0,78,101,29.752193450927734,18,24,19.417226791381836,18,24,10.334966659545898,71.3300666809082,94,0.8660254037844387,-0.4999999999999998,0.0,10.334966659545898,1,5,2024
2024-04-04,Northeast,26.0,91.7,0.0,78,101,29.911571502685547,18,24,20.018508911132812,18,24,9.893062591552734,72.21387481689453,95,0.8660254037844387,-0.4999999999999998,0.0,9.893062591552734,1,5,2024
2024-04-05,Northeast,26.0,91.7,0.8745198845863342,78,101,29.681400299072266,18,24,20.69651222229004,18,24,8.984888076782227,75.91528154167273,96,0.8660254037844387,-0.4999999999999998,0.6283525650790618,8.984888076782227,1,5,2024
2024-04-06,Northeast,26.0,91.7,0.5656490921974182,78,101,30.849689483642575,18,24,21.512487411499023,18,24,9.337202072143551,74.67049733592064,97,0.8660254037844387,-0.4999999999999998,0.4483004934025829,9.337202072143551,1,5,2024
2024-04-07,Northeast,26.0,91.7,0.0,78,101,31.51676368713379,18,24,20.16507339477539,18,24,11.351690292358398,69.2966194152832,98,0.8660254037844387,-0.4999999999999998,0.0,11.351690292358398,1,5,2024
2024-04-08,Northeast,26.0,91.7,0.0,78,101,28.97576904296875,18,24,19.51345443725586,18,24,9.46231460571289,73.07537078857422,99,0.8660254037844387,-0.4999999999999998,0.0,9.46231460571289,1,5,2024
2024-04-09,Northeast,26.0,91.7,0.0,78,101,30.924415588378903,18,24,18.679712295532227,18,24,12.244703292846676,67.51059341430664,100,0.8660254037844387,-0.4999999999999998,0.0,12.244703292846676,1,5,2024
2024-04-10,Northeast,26.0,91.7,0.0,78,101,30.40030288696289,18,24,19.00955581665039,18,24,11.3907470703125,69.218505859375,101,0.8660254037844387,-0.4999999999999998,0.0,11.3907470703125,1,5,2024
2024-04-11,Northeast,26.0,91.7,0.0,78,101,31.258861541748047,18,24,19.344905853271484,18,24,11.913955688476562,68.17208862304688,102,0.8660254037844387,-0.4999999999999998,0.0,11.913955688476562,1,5,2024
2024-04-12,Northeast,26.0,91.7,0.0,78,101,31.66010856628418,18,24,20.873090744018555,18,24,10.787017822265623,70.42596435546875,103,0.8660254037844387,-0.4999999999999998,0.0,10.787017822265623,1,5,2024
2024-04-13,Northeast,26.0,91.7,0.0,78,101,32.681800842285156,18,24,20.92666244506836,18,24,11.755138397216797,68.4897232055664,104,0.8660254037844387,-0.4999999999999998,0.0,11.755138397216797,1,5,2024
2024-04-14,Northeast,26.0,91.7,0.0,78,101,33.61668014526367,18,24,20.08834648132324,18,24,13.528333663940431,64.94333267211914,105,0.8660254037844387,-0.4999999999999998,0.0,13.528333663940431,1,5,2024
2024-04-15,Northeast,26.0,91.7,0.0,78,101,34.49764633178711,18,24,20.431241989135746,18,24,14.066404342651364,63.86719131469727,106,0.8660254037844387,-0.4999999999999998,0.0,14.066404342651364,1,5,2024
2024-04-16,Northeast,26.0,91.7,6.933581352233887,78,101,32.25417709350586,18,24,22.158954620361328,18,24,10.095222473144531,78.02286871693275,107,0.8660254037844387,-0.4999999999999998,2.07110455440727,10.095222473144531,1,5,2024
2024-04-17,Northeast,26.0,91.7,3.3043670654296875,78,101,31.481786727905273,18,24,21.876998901367188,18,24,9.604787826538086,77.16931465874906,108,0.8660254037844387,-0.4999999999999998,1.459630103941742,9.604787826538086,1,5,2024
2024-04-18,Northeast,26.0,91.7,0.0,78,101,30.95162582397461,18,24,20.27349090576172,18,24,10.67813491821289,70.64373016357422,109,0.8660254037844387,-0.4999999999999998,0.0,10.67813491821289,1,5,2024
2024-04-19,Northeast,26.0,91.7,0.0,78,101,30.51156234741211,18,24,20.075700759887695,18,24,10.435861587524414,71.12827682495117,110,0.8660254037844387,-0.4999999999999998,0.0,10.435861587524414,1,5,2024
2024-04-20,Northeast,26.0,91.7,9.533828735351562,78,101,30.17478370666504,18,24,20.123510360717773,18,24,10.051273345947266,78.96122889607338,111,0.8660254037844387,-0.4999999999999998,2.354591862655968,10.051273345947266,1,5,2024
2024-04-21,Northeast,26.0,91.7,0.6222140192985535,78,101,31.16339874267578,18,24,20.24409866333008,18,24,10.9193000793457,71.61277552561411,112,0.8660254037844387,-0.4999999999999998,0.4837918947685046,10.9193000793457,1,5,2024
2024-04-22,Northeast,26.0,91.7,0.0,78,101,30.81248664855957,18,24,21.650083541870117,18,24,9.162403106689451,73.6751937866211,113,0.8660254037844387,-0.4999999999999998,0.0,9.162403106689451,1,5,2024
2024-04-23,Northeast,26.0,91.7,0.0,78,101,32.34056091308594,18,24,21.347553253173828,18,24,10.99300765991211,70.01398468017578,114,0.8660254037844387,-0.4999999999999998,0.0,10.99300765991211,1,5,2024
2024-04-24,Northeast,26.0,91.7,0.0,78,101,32.72732925415039,18,24,21.203441619873047,18,24,11.523887634277344,68.95222473144531,115,0.8660254037844387,-0.4999999999999998,0.0,11.523887634277344,1,5,2024
2024-04-25,Northeast,26.0,91.7,0.0,78,101,33.15691375732422,18,24,20.036733627319336,18,24,13.120180130004885,65.75963973999023,116,0.8660254037844387,-0.4999999999999998,0.0,13.120180130004885,1,5,2024
2024-04-26,Northeast,26.0,91.7,0.0,78,101,32.41836166381836,18,24,20.93268585205078,18,24,11.485675811767578,69.02864837646484,117,0.8660254037844387,-0.4999999999999998,0.0,11.485675811767578,1,5,2024
2024-04-27,Northeast,26.0,91.7,0.0,78,101,31.924654006958008,18,24,20.66628074645996,18,24,11.258373260498049,69.4832534790039,118,0.8660254037844387,-0.4999999999999998,0.0,11.258373260498049,1,5,2024
2024-04-28,Northeast,26.0,91.7,0.5840697884559631,78,101,32.03570556640625,18,24,21.67218589782715,18,24,10.363519668579102,72.65295271521286,119,0.8660254037844387,-0.4999999999999998,0.4599973507903563,10.363519668579102,1,5,2024
2024-04-29,Northeast,26.0,91.7,1.536540985107422,78,101,32.434898376464844,18,24,21.63079071044922,18,24,10.804107666015623,73.18418867605358,120,0.8660254037844387,-0.4999999999999998,0.9308013360282756,10.804107666015623,1,5,2024
2024-04-30,Northeast,26.0,91.7,0.0,78,101,32.546566009521484,18,24,21.76174545288086,18,24,10.784820556640623,70.43035888671875,121,0.8660254037844387,-0.4999999999999998,0.0,10.784820556640623,1,5,2024
2024-05-01,Northeast,26.0,91.7,0.0,78,101,32.59455108642578,18,24,21.766132354736328,18,24,10.828418731689451,70.3431625366211,122,0.4999999999999999,-0.8660254037844387,0.0,10.828418731689451,1,5,2024
2024-05-02,Northeast,26.0,91.7,0.0,78,101,32.709781646728516,18,24,19.879194259643555,18,24,12.83058738708496,66.33882522583008,123,0.4999999999999999,-0.8660254037844387,0.0,12.83058738708496,1,5,2024
2024-05-03,Northeast,26.0,91.7,0.0,78,101,31.15148544311523,18,24,17.699716567993164,18,24,13.451768875122069,65.09646224975586,124,0.4999999999999999,-0.8660254037844387,0.0,13.451768875122069,1,5,2024
2024-05-04,Northeast,26.0,91.7,0.0,78,101,31.080425262451172,18,24,19.36983871459961,18,24,11.710586547851562,68.57882690429688,125,0.4999999999999999,-0.8660254037844387,0.0,11.710586547851562,1,5,2024
2024-05-05,Northeast,26.0,91.7,0.4036777019500732,78,101,26.481801986694336,18,24,19.760284423828125,18,24,6.721517562866211,79.57425204097486,126,0.4999999999999999,-0.8660254037844387,0.3390957222357573,6.721517562866211,1,5,2024
2024-05-06,Northeast,26.0,91.7,23.305835723876953,78,101,23.958404541015625,18,24,17.786422729492188,18,24,6.1719818115234375,89.228185801234,127,0.4999999999999999,-0.8660254037844387,3.190716474760293,6.1719818115234375,1,5,2024
2024-05-07,Northeast,26.0,91.7,3.497732162475586,78,101,27.23192596435547,18,24,17.980480194091797,18,24,9.251445770263672,78.00782837702108,128,0.4999999999999999,-0.8660254037844387,1.503573305849475,9.251445770263672,1,5,2024
2024-05-08,Northeast,26.0,91.7,0.3267077505588531,78,101,28.50052833557129,18,24,18.308015823364254,18,24,10.192512512207037,72.46307646930596,129,0.4999999999999999,-0.8660254037844387,0.282700497906675,10.192512512207037,1,5,2024
2024-05-09,Northeast,26.0,91.7,3.956658601760864,78,101,28.664539337158203,18,24,19.979066848754883,18,24,8.68547248840332,79.43125055735362,130,0.4999999999999999,-0.8660254037844387,1.6007318447200878,8.68547248840332,1,5,2024
2024-05-10,Northeast,26.0,91.7,18.977405548095703,78,101,28.475038528442383,18,24,19.903728485107425,18,24,8.571310043334957,83.84118565035364,131,0.4999999999999999,-0.8660254037844387,2.994601912341186,8.571310043334957,1,5,2024
2024-05-11,Northeast,26.0,91.7,3.36716628074646,78,101,29.497194290161133,18,24,19.728771209716797,18,24,9.768423080444336,76.88549689040784,132,0.4999999999999999,-0.8660254037844387,1.4741143504321697,9.768423080444336,1,5,2024
2024-05-12,Northeast,26.0,91.7,4.182008743286133,78,101,30.6822509765625,18,24,20.28888511657715,18,24,10.393365859985352,76.14884658816968,133,0.4999999999999999,-0.8660254037844387,1.645192769380126,10.393365859985352,1,5,2024
2024-05-13,Northeast,26.0,91.7,0.9519856572151184,78,101,32.94455337524414,18,24,21.022815704345703,18,24,11.921737670898438,70.16306607888038,134,0.4999999999999999,-0.8660254037844387,0.6688471402257494,11.921737670898438,1,5,2024
2024-05-14,Northeast,26.0,91.7,1.6731868982315063,78,101,33.60205078125,18,24,22.39678001403809,18,24,11.20527076721191,72.53927253203841,135,0.4999999999999999,-0.8660254037844387,0.9832713554874128,11.20527076721191,1,5,2024
2024-05-15,Northeast,26.0,91.7,7.277781963348389,78,101,34.548484802246094,18,24,22.965322494506836,18,24,11.583162307739258,75.17440054558719,136,0.4999999999999999,-0.8660254037844387,2.113575053688569,11.583162307739258,1,5,2024
2024-05-16,Northeast,26.0,91.7,0.0,78,101,33.85948181152344,18,24,22.14681625366211,18,24,11.712665557861328,68.57466888427734,137,0.4999999999999999,-0.8660254037844387,0.0,11.712665557861328,1,5,2024
2024-05-17,Northeast,26.0,91.7,0.1357795149087906,78,101,32.68136215209961,18,24,22.712207794189453,18,24,9.969154357910156,72.44364892159723,138,0.4999999999999999,-0.8660254037844387,0.1273192124725136,9.969154357910156,1,5,2024
2024-05-18,Northeast,26.0,91.7,14.42379379272461,78,101,28.466840744018555,18,24,21.65324592590332,18,24,6.813594818115234,86.58054446936312,139,0.4999999999999999,-0.8660254037844387,2.735911368531194,6.813594818115234,1,5,2024
2024-05-19,Northeast,26.0,91.7,18.820838928222656,78,101,30.432470321655273,18,24,21.312896728515625,18,24,9.119573593139648,82.72105437981094,140,0.4999999999999999,-0.8660254037844387,2.9867338553634135,9.119573593139648,1,5,2024
2024-05-20,Northeast,26.0,91.7,8.744996070861816,78,101,30.407432556152344,18,24,21.16171646118164,18,24,9.245716094970703,80.33882959935103,141,0.4999999999999999,-0.8660254037844387,2.2767539297641446,9.245716094970703,1,5,2024
2024-05-21,Northeast,26.0,91.7,0.3781076669692993,78,101,33.259098052978516,18,24,21.912691116333008,18,24,11.346406936645508,70.2693200336634,142,0.4999999999999999,-0.8660254037844387,0.3207113023181422,11.346406936645508,1,5,2024
2024-05-22,Northeast,26.0,91.7,3.4939217567443848,78,101,32.4614372253418,18,24,22.313793182373047,18,24,10.14764404296875,76.21288920308439,143,0.4999999999999999,-0.8660254037844387,1.5027257630072954,10.14764404296875,1,5,2024
2024-05-23,Northeast,26.0,91.7,6.281806468963623,78,101,34.71477127075195,18,24,22.030275344848633,18,24,12.68449592590332,72.5871450664967,144,0.4999999999999999,-0.8660254037844387,1.985378972767781,12.68449592590332,1,5,2024
2024-05-24,Northeast,26.0,91.7,15.043312072753906,78,101,35.699546813964844,18,24,23.160255432128903,18,24,12.53929138183594,75.2472934446748,145,0.4999999999999999,-0.8660254037844387,2.775292069448892,12.53929138183594,1,5,2024
2024-05-25,Northeast,26.0,91.7,1.8826658725738523,78,101,36.916709899902344,18,24,24.143110275268555,18,24,12.773599624633787,69.62894729932388,146,0.4999999999999999,-0.8660254037844387,1.0587155161971542,12.773599624633787,1,5,2024
2024-05-26,Northeast,26.0,91.7,1.4371278285980225,78,101,34.48418426513672,18,24,25.164525985717773,18,24,9.319658279418944,76.03314412074863,147,0.4999999999999999,-0.8660254037844387,0.8908202265288411,9.319658279418944,1,5,2024
2024-05-27,Northeast,26.0,91.7,14.392589569091797,78,101,27.476478576660156,18,24,23.22349548339844,18,24,4.252983093261715,91.69569240386164,148,0.4999999999999999,-0.8660254037844387,2.7338861967950225,4.252983093261715,1,5,2024
2024-05-28,Northeast,26.0,91.7,88.33727264404297,78,101,27.509166717529297,18,24,23.598098754882812,18,24,3.911067962646485,97.6551204376036,149,0.4999999999999999,-0.8660254037844387,4.492418787632189,3.911067962646485,1,5,2024
2024-05-29,Northeast,26.0,91.7,38.473976135253906,78,101,29.381816864013672,18,24,22.564105987548828,18,24,6.817710876464844,89.39150311535931,150,0.4999999999999999,-0.8660254037844387,3.6756416227630018,6.817710876464844,1,5,2024
2024-05-30,Northeast,26.0,91.7,11.70427131652832,78,101,27.82198143005371,18,24,22.37407875061035,18,24,5.447902679443359,88.73000942428233,151,0.4999999999999999,-0.8660254037844387,2.5419382610563495,5.447902679443359,1,5,2024
2024-05-31,Northeast,26.0,91.7,12.67646312713623,78,101,29.426578521728516,18,24,22.294937133789062,18,24,7.131641387939453,85.58374623040605,152,0.4999999999999999,-0.8660254037844387,2.615676335428319,7.131641387939453,1,5,2024
2024-06-01,Northeast,26.0,91.7,3.023555278778076,78,101,31.404022216796875,18,24,23.44124412536621,18,24,7.962778091430664,80.25094154560176,153,1.2246467991473532e-16,-1.0,1.3921659094876948,7.962778091430664,1,5,2024
2024-06-02,Northeast,26.0,91.7,14.83510971069336,78,101,30.66650390625,18,24,21.77406883239746,18,24,8.892435073852539,82.50181867729609,154,1.2246467991473532e-16,-1.0,2.762229608333723,8.892435073852539,1,5,2024
2024-06-03,Northeast,26.0,91.7,43.198204040527344,78,101,29.879661560058594,18,24,22.395313262939453,18,24,7.484348297119141,88.39735587283434,155,1.2246467991473532e-16,-1.0,3.7886841556908726,7.484348297119141,1,5,2024
2024-06-04,Northeast,26.0,91.7,5.9926042556762695,78,101,30.2028751373291,18,24,22.45158576965332,18,24,7.751289367675781,82.3319804315249,156,1.2246467991473532e-16,-1.0,1.9448530556254855,7.751289367675781,1,5,2024
2024-06-05,Northeast,26.0,91.7,28.26080322265625,78,101,31.345123291015625,18,24,22.326860427856445,18,24,9.01826286315918,84.09222081298304,157,1.2246467991473532e-16,-1.0,3.3762488464338007,9.01826286315918,1,5,2024
2024-06-06,Northeast,26.0,91.7,6.568002700805664,78,101,31.95022201538086,18,24,22.61653709411621,18,24,9.333684921264648,79.4044177233346,158,1.2246467991473532e-16,-1.0,2.023929188621298,9.333684921264648,1,5,2024
2024-06-07,Northeast,26.0,91.7,0.5068715810775757,78,101,32.638187408447266,18,24,23.220157623291016,18,24,9.41802978515625,74.39404753289196,159,1.2246467991473532e-16,-1.0,0.4100357010681534,9.41802978515625,1,5,2024
2024-06-08,Northeast,26.0,91.7,1.740230917930603,78,101,31.38856506347656,18,24,23.055315017700195,18,24,8.333250045776364,78.357626488845,160,1.2246467991473532e-16,-1.0,1.0080421934659127,8.333250045776364,1,5,2024
2024-06-09,Northeast,26.0,91.7,3.1341943740844727,78,101,29.1065616607666,18,24,23.8206844329834,18,24,5.285877227783203,85.68612298011003,161,1.2246467991473532e-16,-1.0,1.4192924785588112,5.285877227783203,1,5,2024
2024-06-10,Northeast,26.0,91.7,0.3258708417415619,78,101,30.227352142333984,18,24,23.1739501953125,18,24,7.053401947021484,78.7394045537613,162,1.2246467991473532e-16,-1.0,0.282069482601424,7.053401947021484,1,5,2024
2024-06-11,Northeast,26.0,91.7,0.0,78,101,31.176937103271484,18,24,23.768089294433594,18,24,7.408847808837891,77.18230438232422,163,1.2246467991473532e-16,-1.0,0.0,7.408847808837891,1,5,2024
2024-06-12,Northeast,26.0,91.7,17.037622451782227,78,101,31.57638931274414,18,24,23.14073181152344,18,24,8.4356575012207,83.80606413599021,164,1.2246467991473532e-16,-1.0,2.892459712810542,8.4356575012207,1,5,2024
2024-06-13,Northeast,26.0,91.7,16.7657527923584,78,101,28.273902893066406,18,24,22.827964782714844,18,24,5.4459381103515625,89.7399415901041,165,1.2246467991473532e-16,-1.0,2.877272603602405,5.4459381103515625,1,5,2024
2024-06-14,Northeast,26.0,91.7,4.815621376037598,78,101,28.319887161254883,18,24,22.538284301757812,18,24,5.78160285949707,85.71843719412357,166,1.2246467991473532e-16,-1.0,1.7605476377059046,5.78160285949707,1,5,2024
2024-06-15,Northeast,26.0,91.7,7.40145206451416,78,101,27.552751541137695,18,24,23.067630767822266,18,24,4.48512077331543,89.41497212056808,167,1.2246467991473532e-16,-1.0,2.1284045557329803,4.48512077331543,1,5,2024
2024-06-16,Northeast,26.0,91.7,11.98868465423584,78,101,28.231426239013672,18,24,22.80970764160156,18,24,5.421718597412113,88.84879850683912,168,1.2246467991473532e-16,-1.0,2.5640785672211135,5.421718597412113,1,5,2024
2024-06-17,Northeast,26.0,91.7,45.18876266479492,78,101,27.010353088378903,18,24,22.131357192993164,18,24,4.878995895385739,93.740217817643,169,1.2246467991473532e-16,-1.0,3.832736536138158,4.878995895385739,1,5,2024
2024-06-18,Northeast,26.0,91.7,6.633399486541748,78,101,25.785192489624023,18,24,21.725805282592773,18,24,4.05938720703125,89.97882545057864,170,1.2246467991473532e-16,-1.0,2.0325332882137124,4.05938720703125,1,5,2024
2024-06-19,Northeast,26.0,91.7,24.297563552856445,78,101,25.15900993347168,18,24,21.121240615844727,18,24,4.037769317626953,93.61658563125852,171,1.2246467991473532e-16,-1.0,3.230708088837476,4.037769317626953,1,5,2024
2024-06-20,Northeast,26.0,91.7,26.85976791381836,78,101,28.4797306060791,18,24,21.620586395263672,18,24,6.85914421081543,88.26326249198675,172,1.2246467991473532e-16,-1.0,3.3271836378725377,6.85914421081543,1,5,2024
2024-06-21,Northeast,26.0,91.7,0.1536194533109665,78,101,31.020771026611328,18,24,22.23631477355957,18,24,8.784456253051758,74.8598005455165,173,1.2246467991473532e-16,-1.0,0.142904350540006,8.784456253051758,1,5,2024
2024-06-22,Northeast,26.0,91.7,6.082921981811523,78,101,32.45753479003906,18,24,24.249662399291992,18,24,8.20787239074707,81.45731481408582,174,1.2246467991473532e-16,-1.0,1.957686531859985,8.20787239074707,1,5,2024
2024-06-23,Northeast,26.0,91.7,1.082753300666809,78,101,32.85902404785156,18,24,24.489370346069336,18,24,8.369653701782227,77.46176475834183,175,1.2246467991473532e-16,-1.0,0.7336907206354281,8.369653701782227,1,5,2024
2024-06-24,Northeast,26.0,91.7,8.766178131103516,78,101,31.965354919433594,18,24,24.653972625732425,18,24,7.311382293701168,84.2140110287908,176,1.2246467991473532e-16,-1.0,2.27892520539771,7.311382293701168,1,5,2024
2024-06-25,Northeast,26.0,91.7,29.854101181030273,78,101,29.910390853881836,18,24,24.317533493041992,18,24,5.592857360839844,91.10209432112006,177,1.2246467991473532e-16,-1.0,3.429269680933249,5.592857360839844,1,5,2024
2024-06-26,Northeast,26.0,91.7,30.48669052124023,78,101,31.645038604736328,18,24,24.405107498168945,18,24,7.239931106567383,87.86883258709015,178,1.2246467991473532e-16,-1.0,3.449564933408305,7.239931106567383,1,5,2024
2024-06-27,Northeast,26.0,91.7,21.50617027282715,78,101,31.06700134277344,18,24,24.270055770874023,18,24,6.796945571899418,87.74747737408981,179,1.2246467991473532e-16,-1.0,3.113789505962882,6.796945571899418,1,5,2024
2024-06-28,Northeast,26.0,91.7,21.967342376708984,78,101,28.85053825378418,18,24,24.101173400878903,18,24,4.749364852905277,91.9034902249569,180,1.2246467991473532e-16,-1.0,3.134073310255815,4.749364852905277,1,5,2024
2024-06-29,Northeast,26.0,91.7,5.7917985916137695,78,101,29.836410522460938,18,24,24.12734031677246,18,24,5.709070205688477,86.3290069730298,181,1.2246467991473532e-16,-1.0,1.9157157948022516,5.709070205688477,1,5,2024
2024-06-30,Northeast,26.0,91.7,13.196070671081545,78,101,28.963911056518555,18,24,24.381546020507812,18,24,4.582365036010742,90.79416556701123,182,1.2246467991473532e-16,-1.0,2.652965213010908,4.582365036010742,1,5,2024
2024-07-01,Northeast,26.0,91.7,39.24555206298828,78,101,28.161691665649418,18,24,23.98949432373047,18,24,4.172197341918949,94.740603786181,183,-0.4999999999999998,-0.8660254037844388,3.694999490006297,4.172197341918949,1,5,2024
2024-07-02,Northeast,26.0,91.7,26.39119529724121,78,101,29.140609741210938,18,24,23.250091552734375,18,24,5.8905181884765625,90.1496284897569,184,-0.4999999999999998,-0.8660254037844388,3.310221622236675,5.8905181884765625,1,5,2024
2024-07-03,Northeast,26.0,91.7,3.3940703868865967,78,101,30.0994873046875,18,24,23.812875747680664,18,24,6.286611557006836,83.86754486407943,185,-0.4999999999999998,-0.8660254037844388,1.4802559926977037,6.286611557006836,1,5,2024
2024-07-04,Northeast,26.0,91.7,14.480941772460938,78,101,30.090351104736328,18,24,23.59717559814453,18,24,6.493175506591797,87.2324780997923,186,-0.4999999999999998,-0.8660254037844388,2.7396097043252965,6.493175506591797,1,5,2024
2024-07-05,Northeast,26.0,91.7,13.98420524597168,78,101,27.068662643432617,18,24,23.44144821166992,18,24,3.627214431762699,92.86656112464544,187,-0.4999999999999998,-0.8660254037844388,2.7069966627236077,3.627214431762699,1,5,2024
2024-07-06,Northeast,26.0,91.7,3.7450029850006104,78,101,28.593156814575195,18,24,23.111207962036133,18,24,5.4819488525390625,85.70737847835707,188,-0.4999999999999998,-0.8660254037844388,1.5570920611450674,5.4819488525390625,1,5,2024
2024-07-07,Northeast,26.0,91.7,1.8191132545471191,78,101,30.30435562133789,18,24,23.926315307617188,18,24,6.378040313720703,82.35318653283407,189,-0.4999999999999998,-0.8660254037844388,1.0364223867584936,6.378040313720703,1,5,2024
2024-07-08,Northeast,26.0,91.7,70.30089569091797,78,101,31.105932235717773,18,24,23.7921085357666,18,24,7.313823699951172,90.17307926897658,190,-0.4999999999999998,-0.8660254037844388,4.26690888962631,7.313823699951172,1,5,2024
2024-07-09,Northeast,26.0,91.7,11.678576469421388,78,101,30.812767028808594,18,24,24.325469970703125,18,24,6.487297058105469,86.64514691445396,191,-0.4999999999999998,-0.8660254037844388,2.5399136768882986,6.487297058105469,1,5,2024
2024-07-10,Northeast,26.0,91.7,12.542570114135742,78,101,29.265968322753903,18,24,24.593738555908203,18,24,4.6722297668457,90.47305466394008,192,-0.4999999999999998,-0.8660254037844388,2.6058380658771636,4.6722297668457,1,5,2024
2024-07-11,Northeast,26.0,91.7,4.0295820236206055,78,101,28.45856475830078,18,24,23.68770980834961,18,24,4.770854949951172,87.30430075198731,193,-0.4999999999999998,-0.8660254037844388,1.6153368839632214,4.770854949951172,1,5,2024
2024-07-12,Northeast,26.0,91.7,16.425739288330078,78,101,29.035850524902344,18,24,23.71535873413086,18,24,5.320491790771484,89.93286156632753,194,-0.4999999999999998,-0.8660254037844388,2.8579483826234986,5.320491790771484,1,5,2024
2024-07-13,Northeast,26.0,91.7,15.86742877960205,78,101,31.271400451660156,18,24,24.094202041625977,18,24,7.17719841003418,86.12175659342935,195,-0.4999999999999998,-0.8660254037844388,2.825384471165905,7.17719841003418,1,5,2024
2024-07-14,Northeast,26.0,91.7,1.4504741430282593,78,101,31.90806579589844,18,24,24.497289657592773,18,24,7.410776138305668,79.86729232418624,196,-0.4999999999999998,-0.8660254037844388,0.8962815335991895,7.410776138305668,1,5,2024
2024-07-15,Northeast,26.0,91.7,21.953290939331055,78,101,32.77412414550781,18,24,24.99034118652344,18,24,7.7837829589843714,85.83281804885807,197,-0.4999999999999998,-0.8660254037844388,3.1334613222756067,7.7837829589843714,1,5,2024
2024-07-16,Northeast,26.0,91.7,13.8447847366333,78,101,30.49141311645508,18,24,24.314849853515625,18,24,6.176563262939457,87.73981929625683,198,-0.4999999999999998,-0.8660254037844388,2.697648607378576,6.176563262939457,1,5,2024
2024-07-17,Northeast,26.0,91.7,20.528242111206055,78,101,32.37008285522461,18,24,24.678754806518555,18,24,7.691328048706055,85.82544088169178,199,-0.4999999999999998,-0.8660254037844388,3.069365659701297,7.691328048706055,1,5,2024
2024-07-18,Northeast,26.0,91.7,37.69712448120117,78,101,31.980560302734375,18,24,24.71038246154785,18,24,7.270177841186523,88.42694020101837,200,-0.4999999999999998,-0.8660254037844388,3.6557652944638064,7.270177841186523,1,5,2024
2024-07-19,Northeast,26.0,91.7,0.6064542531967163,78,101,33.3826904296875,18,24,25.030742645263672,18,24,8.351947784423828,76.71819270045324,201,-0.4999999999999998,-0.8660254037844388,0.4740294231002992,8.351947784423828,1,5,2024
2024-07-20,Northeast,26.0,91.7,2.131913661956787,78,101,31.606708526611328,18,24,24.742828369140625,18,24,6.863880157470703,81.69717231902928,202,-0.4999999999999998,-0.8660254037844388,1.1416442113235596,6.863880157470703,1,5,2024
2024-07-21,Northeast,26.0,91.7,6.951381683349609,78,101,32.97614288330078,18,24,24.989431381225582,18,24,7.986711502075199,82.24661412648892,203,-0.4999999999999998,-0.8660254037844388,2.0733457102131023,7.986711502075199,1,5,2024
2024-07-22,Northeast,26.0,91.7,7.998931407928467,78,101,31.097990036010746,18,24,24.392175674438477,18,24,6.705814361572269,85.17968879035918,204,-0.4999999999999998,-0.8660254037844388,2.197105837834571,6.705814361572269,1,5,2024
2024-07-23,Northeast,26.0,91.7,4.615839004516602,78,101,31.2312068939209,18,24,24.569887161254883,18,24,6.661319732666016,83.85413353174496,205,-0.4999999999999998,-0.8660254037844388,1.7255909990256657,6.661319732666016,1,5,2024
2024-07-24,Northeast,26.0,91.7,5.430767059326172,78,101,33.67843246459961,18,24,26.221906661987305,18,24,7.456525802612305,82.6702298696688,206,-0.4999999999999998,-0.8660254037844388,1.8610938249644715,7.456525802612305,1,5,2024
2024-07-25,Northeast,26.0,91.7,1.9797717332839968,78,101,34.1642951965332,18,24,25.572185516357425,18,24,8.592109680175778,78.0913207336913,207,-0.4999999999999998,-0.8660254037844388,1.0918466980142876,8.592109680175778,1,5,2024
2024-07-26,Northeast,26.0,91.7,18.88106918334961,78,101,35.31523132324219,18,24,25.379735946655273,18,24,9.935495376586914,81.09831319174877,208,-0.4999999999999998,-0.8660254037844388,2.989767981640868,9.935495376586914,1,5,2024
2024-07-27,Northeast,26.0,91.7,0.0,78,101,35.63772201538086,18,24,26.4493408203125,18,24,9.18838119506836,73.62323760986328,209,-0.4999999999999998,-0.8660254037844388,0.0,9.18838119506836,1,5,2024
2024-07-28,Northeast,26.0,91.7,0.0,78,101,34.242950439453125,18,24,25.2733154296875,18,24,8.969635009765625,74.06072998046875,210,-0.4999999999999998,-0.8660254037844388,0.0,8.969635009765625,1,5,2024
2024-07-29,Northeast,26.0,91.7,9.160462379455566,78,101,32.13036346435547,18,24,25.72406578063965,18,24,6.40629768371582,86.14291648527956,211,-0.4999999999999998,-0.8660254037844388,2.31850395090373,6.40629768371582,1,5,2024
2024-07-30,Northeast,26.0,91.7,8.80429458618164,78,101,31.50542259216309,18,24,25.25467872619629,18,24,6.2507438659668,86.34697380636018,212,-0.4999999999999998,-0.8660254037844388,2.2828205127645944,6.2507438659668,1,5,2024
2024-07-31,Northeast,26.0,91.7,3.3810973167419434,78,101,32.48365020751953,18,24,24.87373924255371,18,24,7.60991096496582,81.21207573591157,213,-0.4999999999999998,-0.8660254037844388,1.477299221947738,7.60991096496582,1,5,2024
2024-08-01,Northeast,26.0,91.7,0.1629354208707809,78,101,30.78308486938477,18,24,24.006053924560547,18,24,6.777030944824222,78.8987801421677,214,-0.8660254037844384,-0.5000000000000004,0.1509473439387094,6.777030944824222,1,5,2024
2024-08-02,Northeast,26.0,91.7,5.342289447784424,78,101,27.36900329589844,18,24,23.791614532470703,18,24,3.577388763427738,90.38694191785036,215,-0.8660254037844384,-0.5000000000000004,1.8472398149019411,3.577388763427738,1,5,2024
2024-08-03,Northeast,26.0,91.7,13.393914222717283,78,101,27.6375675201416,18,24,23.53715705871582,18,24,4.100410461425781,91.79959555863572,216,-0.8660254037844384,-0.5000000000000004,2.666805493829096,4.100410461425781,1,5,2024
2024-08-04,Northeast,26.0,91.7,2.032520294189453,78,101,30.535551071166992,18,24,23.56856346130371,18,24,6.966987609863281,81.39420694240643,217,-0.8660254037844384,-0.5000000000000004,1.1093940540443277,6.966987609863281,1,5,2024
2024-08-05,Northeast,26.0,91.7,6.643130779266357,78,101,29.691890716552734,18,24,24.23894691467285,18,24,5.452943801879883,87.19553431754144,218,-0.8660254037844384,-0.5000000000000004,2.033807307100403,5.452943801879883,1,5,2024
2024-08-06,Northeast,26.0,91.7,42.35112380981445,78,101,28.554105758666992,18,24,23.489330291748047,18,24,5.064775466918945,93.1784469471392,219,-0.8660254037844384,-0.5000000000000004,3.76933262699236,5.064775466918945,1,5,2024
2024-08-07,Northeast,26.0,91.7,0.6588345766067505,78,101,31.134061813354492,18,24,23.823225021362305,18,24,7.3108367919921875,78.89667229658231,220,-0.8660254037844384,-0.5000000000000004,0.5061152935222282,7.3108367919921875,1,5,2024
2024-08-08,Northeast,26.0,91.7,19.935821533203125,78,101,29.735584259033203,18,24,23.96123313903809,18,24,5.774351119995114,89.57568268239025,221,-0.8660254037844384,-0.5000000000000004,3.041461640793495,5.774351119995114,1,5,2024
2024-08-09,Northeast,26.0,91.7,24.13269424438477,78,101,29.75273323059082,18,24,23.49059295654297,18,24,6.262140274047852,89.14822812614506,222,-0.8660254037844384,-0.5000000000000004,3.2241695580802547,6.262140274047852,1,5,2024
2024-08-10,Northeast,26.0,91.7,12.927988052368164,78,101,28.93604278564453,18,24,24.23824119567871,18,24,4.69780158996582,90.50609785402324,223,-0.8660254037844384,-0.5000000000000004,2.633900344651632,4.69780158996582,1,5,2024
2024-08-11,Northeast,26.0,91.7,13.746862411499023,78,101,30.12387466430664,18,24,24.3526668548584,18,24,5.771207809448242,88.53067540798462,224,-0.8660254037844384,-0.5000000000000004,2.691030342293702,5.771207809448242,1,5,2024
2024-08-12,Northeast,26.0,91.7,10.655964851379396,78,101,31.381778717041016,18,24,24.07605743408203,18,24,7.305721282958984,84.7560115942593,225,-0.8660254037844384,-0.5000000000000004,2.455818053392423,7.305721282958984,1,5,2024
2024-08-13,Northeast,26.0,91.7,2.6089682579040527,78,101,33.165000915527344,18,24,24.90513610839844,18,24,8.259864807128903,79.33053617682594,226,-0.8660254037844384,-0.5000000000000004,1.2834219303612506,8.259864807128903,1,5,2024
2024-08-14,Northeast,26.0,91.7,0.0,78,101,34.46470642089844,18,24,25.38951110839844,18,24,9.075195312499996,73.849609375,227,-0.8660254037844384,-0.5000000000000004,0.0,9.075195312499996,1,5,2024
2024-08-15,Northeast,26.0,91.7,0.0,78,101,32.46216583251953,18,24,24.4859619140625,18,24,7.976203918457031,76.04759216308594,228,-0.8660254037844384,-0.5000000000000004,0.0,7.976203918457031,1,5,2024
2024-08-16,Northeast,26.0,91.7,4.209048748016357,78,101,32.99787139892578,18,24,23.478466033935547,18,24,9.519405364990234,77.91238104144111,229,-0.8660254037844384,-0.5000000000000004,1.6503972571405274,9.519405364990234,1,5,2024
2024-08-17,Northeast,26.0,91.7,3.729126453399658,78,101,31.503761291503903,18,24,24.840486526489254,18,24,6.663274765014648,83.33467197984511,230,-0.8660254037844384,-0.5000000000000004,1.5537405032914715,6.663274765014648,1,5,2024
2024-08-18,Northeast,26.0,91.7,6.755924701690674,78,101,31.828643798828125,18,24,24.29936790466309,18,24,7.5292758941650355,83.08681929848565,231,-0.8660254037844384,-0.5000000000000004,2.048457028938574,7.5292758941650355,1,5,2024
2024-08-19,Northeast,26.0,91.7,3.1404645442962646,78,101,29.54117774963379,18,24,24.52928352355957,18,24,5.011894226074219,86.23863551878007,232,-0.8660254037844384,-0.5000000000000004,1.420807990309504,5.011894226074219,1,5,2024
2024-08-20,Northeast,26.0,91.7,48.9937629699707,78,101,27.64679718017578,18,24,23.7047061920166,18,24,3.94209098815918,95.85151279482206,233,-0.8660254037844384,-0.5000000000000004,3.911898257046804,3.94209098815918,1,5,2024
2024-08-21,Northeast,26.0,91.7,108.2276611328125,78,101,29.397077560424805,18,24,23.2036190032959,18,24,6.193458557128906,93.69338590067524,234,-0.8660254037844384,-0.5000000000000004,4.693434338311022,6.193458557128906,1,5,2024
2024-08-22,Northeast,26.0,91.7,2.3178772926330566,78,101,31.28234100341797,18,24,23.937246322631836,18,24,7.345094680786133,80.90778626469452,235,-0.8660254037844384,-0.5000000000000004,1.199325208755594,7.345094680786133,1,5,2024
2024-08-23,Northeast,26.0,91.7,0.3008351922035217,78,101,31.424470901489254,18,24,24.032901763916016,18,24,7.391569137573239,78.00588126602086,236,-0.8660254037844384,-0.5000000000000004,0.2630065137224488,7.391569137573239,1,5,2024
2024-08-24,Northeast,26.0,91.7,0.4616503715515136,78,101,30.907001495361328,18,24,23.77274703979492,18,24,7.13425445556641,78.87018965521469,237,-0.8660254037844384,-0.5000000000000004,0.3795661887825006,7.13425445556641,1,5,2024
2024-08-25,Northeast,26.0,91.7,1.194859743118286,78,101,31.236330032348633,18,24,23.97268867492676,18,24,7.263641357421872,79.83107172355815,238,-0.8660254037844384,-0.5000000000000004,0.7861181461339699,7.263641357421872,1,5,2024
2024-08-26,Northeast,26.0,91.7,0.6787789463996887,78,101,30.493900299072266,18,24,23.444900512695312,18,24,7.048999786376953,79.45620056185396,239,-0.8660254037844384,-0.5000000000000004,0.5180667115359552,7.048999786376953,1,5,2024
2024-08-27,Northeast,26.0,91.7,2.0095367431640625,78,101,31.89753532409668,18,24,23.912614822387695,18,24,7.984920501708984,79.3355174795535,240,-0.8660254037844384,-0.5000000000000004,1.1017861609904915,7.984920501708984,1,5,2024
2024-08-28,Northeast,26.0,91.7,3.982578754425049,78,101,32.18967056274414,18,24,23.73103904724121,18,24,8.45863151550293,79.90057970655403,241,-0.8660254037844384,-0.5000000000000004,1.6059475791866291,8.45863151550293,1,5,2024
2024-08-29,Northeast,26.0,91.7,9.486368179321287,78,101,32.82211685180664,18,24,25.06333923339844,18,24,7.7587776184082,83.53267319832328,242,-0.8660254037844384,-0.5000000000000004,2.350076145046562,7.7587776184082,1,5,2024
2024-08-30,Northeast,26.0,91.7,0.3331498205661773,78,101,35.003482818603516,18,24,24.82866096496582,18,24,10.174821853637695,72.51298957793632,243,-0.8660254037844384,-0.5000000000000004,0.2875444284039066,10.174821853637695,1,5,2024
2024-08-31,Northeast,26.0,91.7,17.508586883544922,78,101,31.777240753173828,18,24,24.31122589111328,18,24,7.466014862060547,85.82267461667259,244,-0.8660254037844384,-0.5000000000000004,2.9182347802645587,7.466014862060547,1,5,2024
2024-09-01,Northeast,26.0,91.7,19.327531814575195,78,101,30.11874771118164,18,24,23.446428298950195,18,24,6.672319412231445,87.69128981813373,245,-1.0,-1.8369701987210294e-16,3.011976214198874,6.672319412231445,1,5,2024
2024-09-02,Northeast,26.0,91.7,16.662887573242188,78,101,33.97924041748047,18,24,24.17527198791504,18,24,9.80396842956543,81.00646021402888,246,-1.0,-1.8369701987210294e-16,2.8714656910532463,9.80396842956543,1,5,2024
2024-09-03,Northeast,26.0,91.7,21.158449172973633,78,101,32.40747833251953,18,24,24.59598922729492,18,24,7.811489105224613,85.67167841833404,247,-1.0,-1.8369701987210294e-16,3.098218876261087,7.811489105224613,1,5,2024
2024-09-04,Northeast,26.0,91.7,2.9610769748687744,78,101,32.28246307373047,18,24,23.560771942138672,18,24,8.721691131591797,78.68616559174168,248,-1.0,-1.8369701987210294e-16,1.3765159516417615,8.721691131591797,1,5,2024
2024-09-05,Northeast,26.0,91.7,8.489486694335938,78,101,31.83421516418457,18,24,23.558406829833984,18,24,8.275808334350586,82.19893689744252,249,-1.0,-1.8369701987210294e-16,2.250184522047897,8.275808334350586,1,5,2024
2024-09-06,Northeast,26.0,91.7,12.1740083694458,78,101,34.00593185424805,18,24,23.763761520385746,18,24,10.2421703338623,79.25039680883111,250,-1.0,-1.8369701987210294e-16,2.5782458255185725,10.2421703338623,1,5,2024
2024-09-07,Northeast,26.0,91.7,0.0,78,101,35.50704574584961,18,24,24.381515502929688,18,24,11.125530242919922,69.74893951416016,251,-1.0,-1.8369701987210294e-16,0.0,11.125530242919922,1,5,2024
2024-09-08,Northeast,26.0,91.7,0.0,78,101,34.44373321533203,18,24,24.657670974731445,18,24,9.786062240600586,72.42787551879883,252,-1.0,-1.8369701987210294e-16,0.0,9.786062240600586,1,5,2024
2024-09-09,Northeast,26.0,91.7,1.547770619392395,78,101,33.71507263183594,18,24,24.325733184814453,18,24,9.389339447021484,76.0269772355706,253,-1.0,-1.8369701987210294e-16,0.9352187098711884,9.389339447021484,1,5,2024
2024-09-10,Northeast,26.0,91.7,21.024578094482425,78,101,33.01862335205078,18,24,24.701208114624023,18,24,8.317415237426758,84.64164657279592,254,-1.0,-1.8369701987210294e-16,3.0921590158831473,8.317415237426758,1,5,2024
2024-09-11,Northeast,26.0,91.7,14.704569816589355,78,101,31.845226287841797,18,24,24.41929626464844,18,24,7.425930023193356,85.40999517697816,255,-1.0,-1.8369701987210294e-16,2.753951741121623,7.425930023193356,1,5,2024
2024-09-12,Northeast,26.0,91.7,3.228959321975708,78,101,33.56121063232422,18,24,23.849889755249023,18,24,9.711320877075195,76.90322606469739,256,-1.0,-1.8369701987210294e-16,1.4419559396159296,9.711320877075195,1,5,2024
2024-09-13,Northeast,26.0,91.7,0.0,78,101,33.23837661743164,18,24,24.73937225341797,18,24,8.499004364013672,75.00199127197266,257,-1.0,-1.8369701987210294e-16,0.0,8.499004364013672,1,5,2024
2024-09-14,Northeast,26.0,91.7,0.0,78,101,31.25889778137207,18,24,24.40384292602539,18,24,6.85505485534668,78.28989028930664,258,-1.0,-1.8369701987210294e-16,0.0,6.85505485534668,1,5,2024
2024-09-15,Northeast,26.0,91.7,0.0,78,101,29.99715232849121,18,24,23.49834442138672,18,24,6.498807907104492,79.00238418579102,259,-1.0,-1.8369701987210294e-16,0.0,6.498807907104492,1,5,2024
2024-09-16,Northeast,26.0,91.7,0.0,78,101,31.491369247436523,18,24,23.90923500061035,18,24,7.582134246826172,76.83573150634766,260,-1.0,-1.8369701987210294e-16,0.0,7.582134246826172,1,5,2024
2024-09-17,Northeast,26.0,91.7,1.964150071144104,78,101,32.19853591918945,18,24,23.032079696655273,18,24,9.16645622253418,76.92685856725855,261,-1.0,-1.8369701987210294e-16,1.0865903374423034,9.16645622253418,1,5,2024
2024-09-18,Northeast,26.0,91.7,0.4344944655895233,78,101,34.15670394897461,18,24,23.83147430419922,18,24,10.32522964477539,72.43197820551579,262,-1.0,-1.8369701987210294e-16,0.3608124983555231,10.32522964477539,1,5,2024
2024-09-19,Northeast,26.0,91.7,1.5206146240234375,78,101,35.453285217285156,18,24,24.568239212036133,18,24,10.885046005249023,73.0034163001228,263,-1.0,-1.8369701987210294e-16,0.9245027702069462,10.885046005249023,1,5,2024
2024-09-20,Northeast,26.0,91.7,0.0,78,101,35.46255111694336,18,24,24.889368057250977,18,24,10.573183059692385,70.85363388061523,264,-1.0,-1.8369701987210294e-16,0.0,10.573183059692385,1,5,2024
2024-09-21,Northeast,26.0,91.7,0.0,78,101,35.02806854248047,18,24,25.393207550048828,18,24,9.63486099243164,72.73027801513672,265,-1.0,-1.8369701987210294e-16,0.0,9.63486099243164,1,5,2024
2024-09-22,Northeast,26.0,91.7,0.0,78,101,35.80257034301758,18,24,24.56578063964844,18,24,11.236789703369135,69.52642059326172,266,-1.0,-1.8369701987210294e-16,0.0,11.236789703369135,1,5,2024
2024-09-23,Northeast,26.0,91.7,0.0,78,101,36.41715240478515,18,24,25.21495056152344,18,24,11.202201843261708,69.59559631347659,267,-1.0,-1.8369701987210294e-16,0.0,11.202201843261708,1,5,2024
2024-09-24,Northeast,26.0,91.7,1.5206146240234375,78,101,31.43594741821289,18,24,24.507869720458984,18,24,6.928077697753906,80.91735291511303,268,-1.0,-1.8369701987210294e-16,0.9245027702069462,6.928077697753906,1,5,2024
2024-09-25,Northeast,26.0,91.7,21.479211807250977,78,101,28.58450698852539,18,24,23.33181381225586,18,24,5.252693176269531,90.83238653482827,269,-1.0,-1.8369701987210294e-16,3.1125909624557777,5.252693176269531,1,5,2024
2024-09-26,Northeast,26.0,91.7,14.270697593688965,78,101,26.072355270385746,18,24,22.213626861572266,18,24,3.85872840881348,92.46035058873952,270,-1.0,-1.8369701987210294e-16,2.725935802122161,3.85872840881348,1,5,2024
2024-09-27,Northeast,26.0,91.7,3.188331127166748,78,101,27.440702438354492,18,24,22.461528778076172,18,24,4.97917366027832,86.33855974620249,271,-1.0,-1.8369701987210294e-16,1.4323023555863794,4.97917366027832,1,5,2024
2024-09-28,Northeast,26.0,91.7,2.968926906585694,78,101,27.14368438720703,18,24,21.955135345458984,18,24,5.188549041748047,85.75838918916341,272,-1.0,-1.8369701987210294e-16,1.3784957575531678,5.188549041748047,1,5,2024
2024-09-29,Northeast,26.0,91.7,4.317194938659668,78,101,27.632862091064453,18,24,22.209489822387695,18,24,5.423372268676758,86.16609315403679,273,-1.0,-1.8369701987210294e-16,1.6709458971301026,5.423372268676758,1,5,2024
2024-09-30,Northeast,26.0,91.7,0.0,78,101,29.50554847717285,18,24,23.313575744628903,18,24,6.191972732543949,79.61605453491211,274,-1.0,-1.8369701987210294e-16,0.0,6.191972732543949,1,5,2024
2024-10-01,Northeast,26.0,91.7,0.3393894731998443,78,101,29.408296585083008,18,24,24.158212661743164,18,24,5.250083923339844,82.37647383268875,275,-0.8660254037844386,0.5000000000000001,0.2922138931228087,5.250083923339844,1,5,2024
2024-10-02,Northeast,26.0,91.7,15.211812019348145,78,101,30.46414566040039,18,24,23.784664154052734,18,24,6.679481506347656,86.99825732793639,276,-0.8660254037844386,0.5000000000000001,2.7857401135438997,6.679481506347656,1,5,2024
2024-10-03,Northeast,26.0,91.7,4.545962810516357,78,101,26.328033447265625,18,24,23.69119453430176,18,24,2.6368389129638636,91.8655328986633,277,-0.8660254037844386,0.5000000000000001,1.7130702415303456,2.6368389129638636,1,5,2024
2024-10-04,Northeast,26.0,91.7,39.706085205078125,78,101,25.948993682861328,18,24,22.33713150024414,18,24,3.611862182617187,95.89540841949795,278,-0.8660254037844386,0.5000000000000001,3.7063775949107822,3.611862182617187,1,5,2024
2024-10-05,Northeast,26.0,91.7,13.782694816589355,78,101,25.515439987182617,18,24,22.04705047607422,18,24,3.4683895111083984,93.14359266025976,279,-0.8660254037844386,0.5000000000000001,2.693457227492191,3.4683895111083984,1,5,2024
2024-10-06,Northeast,26.0,91.7,12.72170639038086,78,101,27.23231506347656,18,24,22.110177993774418,18,24,5.122137069702141,89.6126628217183,280,-0.8660254037844386,0.5000000000000001,2.618978987040863,5.122137069702141,1,5,2024
2024-10-07,Northeast,26.0,91.7,5.820296764373779,78,101,29.34430694580078,18,24,22.186561584472656,18,24,7.157745361328125,83.44421823158315,281,-0.8660254037844386,0.5000000000000001,1.9199029847464688,7.157745361328125,1,5,2024
2024-10-08,Northeast,26.0,91.7,0.2005568295717239,78,101,30.18694496154785,18,24,22.60181999206543,18,24,7.585124969482422,77.3781064824679,282,-0.8660254037844386,0.5000000000000001,0.182785473810916,7.585124969482422,1,5,2024
2024-10-09,Northeast,26.0,91.7,1.1113624572753906,78,101,29.50156593322754,18,24,22.492713928222656,18,24,7.008852005004883,80.22429635034831,283,-0.8660254037844386,0.5000000000000001,0.747333453452691,7.008852005004883,1,5,2024
2024-10-10,Northeast,26.0,91.7,2.498342990875244,78,101,28.90730857849121,18,24,22.163175582885746,18,24,6.744132995605465,82.26860228442789,284,-0.8660254037844386,0.5000000000000001,1.2522894252129422,6.744132995605465,1,5,2024
2024-10-11,Northeast,26.0,91.7,0.2828245460987091,78,101,28.900196075439453,18,24,22.449384689331055,18,24,6.450811386108398,79.84557019809142,285,-0.8660254037844386,0.5000000000000001,0.2490643234360754,6.450811386108398,1,5,2024
2024-10-12,Northeast,26.0,91.7,0.0,78,101,29.21058464050293,18,24,21.952808380126953,18,24,7.257776260375977,77.48444747924805,286,-0.8660254037844386,0.5000000000000001,0.0,7.257776260375977,1,5,2024
2024-10-13,Northeast,26.0,91.7,2.6019856929779053,78,101,28.237730026245117,18,24,20.827363967895508,18,24,7.410366058349609,81.02372370763995,287,-0.8660254037844386,0.5000000000000001,1.28148527477972,7.410366058349609,1,5,2024
2024-10-14,Northeast,26.0,91.7,0.0,78,101,28.349340438842773,18,24,20.09346580505371,18,24,8.255874633789062,75.48825073242188,288,-0.8660254037844386,0.5000000000000001,0.0,8.255874633789062,1,5,2024
2024-10-15,Northeast,26.0,91.7,0.0,78,101,27.93977928161621,18,24,21.05391311645508,18,24,6.885866165161129,78.22826766967773,289,-0.8660254037844386,0.5000000000000001,0.0,6.885866165161129,1,5,2024
2024-10-16,Northeast,26.0,91.7,4.13793420791626,78,101,27.35972023010254,18,24,20.127910614013672,18,24,7.231809616088867,82.44633404864304,290,-0.8660254037844386,0.5000000000000001,1.6366510936069254,7.231809616088867,1,5,2024
2024-10-17,Northeast,26.0,91.7,0.0,78,101,28.56422233581543,18,24,19.75730323791504,18,24,8.80691909790039,74.38616180419922,291,-0.8660254037844386,0.5000000000000001,0.0,8.80691909790039,1,5,2024
2024-10-18,Northeast,26.0,91.7,0.0,78,101,27.70162582397461,18,24,20.960317611694336,18,24,6.741308212280273,78.51738357543945,292,-0.8660254037844386,0.5000000000000001,0.0,6.741308212280273,1,5,2024
2024-10-19,Northeast,26.0,91.7,0.0,78,101,28.898115158081055,18,24,21.08238220214844,18,24,7.815732955932614,76.36853408813477,293,-0.8660254037844386,0.5000000000000001,0.0,7.815732955932614,1,5,2024
2024-10-20,Northeast,26.0,91.7,0.6788975596427917,78,101,29.030933380126953,18,24,19.4666690826416,18,24,9.564264297485352,74.42588349557087,294,-0.8660254037844386,0.5000000000000001,0.5181373635138565,9.564264297485352,1,5,2024
2024-10-21,Northeast,26.0,91.7,0.0,78,101,30.43108367919922,18,24,19.78925514221191,18,24,10.641828536987308,70.71634292602539,295,-0.8660254037844386,0.5000000000000001,0.0,10.641828536987308,1,5,2024
2024-10-22,Northeast,26.0,91.7,0.0,78,101,31.122900009155273,18,24,20.063934326171875,18,24,11.058965682983398,69.8820686340332,296,-0.8660254037844386,0.5000000000000001,0.0,11.058965682983398,1,5,2024
2024-10-23,Northeast,26.0,91.7,0.0,78,101,28.593807220458984,18,24,21.02751350402832,18,24,7.566293716430664,76.86741256713867,297,-0.8660254037844386,0.5000000000000001,0.0,7.566293716430664,1,5,2024
2024-10-24,Northeast,26.0,91.7,1.020568609237671,78,101,25.656665802001953,18,24,20.80422019958496,18,24,4.852445602416992,84.40524567973782,298,-0.8660254037844386,0.5000000000000001,0.7033789615239341,4.852445602416992,1,5,2024
2024-10-25,Northeast,26.0,91.7,10.855360984802246,78,101,25.017799377441406,18,24,20.03035545349121,18,24,4.987443923950195,89.44345265927416,299,-0.8660254037844386,0.5000000000000001,2.472780169058184,4.987443923950195,1,5,2024
2024-10-26,Northeast,26.0,91.7,0.0,78,101,27.09276580810547,18,24,20.156824111938477,18,24,6.935941696166992,78.12811660766602,300,-0.8660254037844386,0.5000000000000001,0.0,6.935941696166992,1,5,2024
2024-10-27,Northeast,26.0,91.7,0.0,78,101,30.23359107971191,18,24,20.356760025024418,18,24,9.876831054687491,72.24633789062501,301,-0.8660254037844386,0.5000000000000001,0.0,9.876831054687491,1,5,2024
2024-10-28,Northeast,26.0,91.7,0.0,78,101,30.145606994628903,18,24,19.78670883178711,18,24,10.358898162841792,71.2822036743164,302,-0.8660254037844386,0.5000000000000001,0.0,10.358898162841792,1,5,2024
2024-10-29,Northeast,26.0,91.7,0.0,78,101,29.603656768798828,18,24,20.434579849243164,18,24,9.169076919555664,73.66184616088867,303,-0.8660254037844386,0.5000000000000001,0.0,9.169076919555664,1,5,2024
2024-10-30,Northeast,26.0,91.7,0.0,78,101,29.169029235839844,18,24,21.399816513061523,18,24,7.76921272277832,76.46157455444336,304,-0.8660254037844386,0.5000000000000001,0.0,7.76921272277832,1,5,2024
2024-10-31,Northeast,26.0,91.7,3.4623186588287354,78,101,26.752695083618164,18,24,20.67241477966309,18,24,6.080280303955075,84.32644492089894,305,-0.8660254037844386,0.5000000000000001,1.495668509603031,6.080280303955075,1,5,2024
2024-11-01,Northeast,26.0,91.7,0.0,78,101,26.162166595458984,18,24,20.26206970214844,18,24,5.900096893310543,80.1998062133789,306,-0.5000000000000004,0.8660254037844384,0.0,5.900096893310543,1,5,2024
2024-11-02,Northeast,26.0,91.7,0.0,78,101,28.675439834594727,18,24,19.233861923217773,18,24,9.441577911376951,73.1168441772461,307,-0.5000000000000004,0.8660254037844384,0.0,9.441577911376951,1,5,2024
2024-11-03,Northeast,26.0,91.7,0.0,78,101,29.69628143310547,18,24,18.60558700561523,18,24,11.090694427490238,69.81861114501953,308,-0.5000000000000004,0.8660254037844384,0.0,11.090694427490238,1,5,2024
2024-11-04,Northeast,26.0,91.7,0.0,78,101,29.415206909179688,18,24,18.44426727294922,18,24,10.970939636230469,70.05812072753906,309,-0.5000000000000004,0.8660254037844384,0.0,10.970939636230469,1,5,2024
2024-11-05,Northeast,26.0,91.7,8.126845359802246,78,101,29.60396957397461,18,24,18.536802291870117,18,24,11.067167282104492,76.49932576649238,310,-0.5000000000000004,0.8660254037844384,2.211220110233785,11.067167282104492,1,5,2024
2024-11-06,Northeast,26.0,91.7,0.0,78,101,28.290061950683594,18,24,18.081653594970703,18,24,10.20840835571289,71.58318328857422,311,-0.5000000000000004,0.8660254037844384,0.0,10.20840835571289,1,5,2024
2024-11-07,Northeast,26.0,91.7,0.0,78,101,27.57979393005371,18,24,17.48025894165039,18,24,10.09953498840332,71.80093002319336,312,-0.5000000000000004,0.8660254037844384,0.0,10.09953498840332,1,5,2024
2024-11-08,Northeast,26.0,91.7,0.0,78,101,27.75905418395996,18,24,17.700807571411133,18,24,10.058246612548828,71.88350677490234,313,-0.5000000000000004,0.8660254037844384,0.0,10.058246612548828,1,5,2024
2024-11-09,Northeast,26.0,91.7,0.0,78,101,28.101539611816406,18,24,17.04494285583496,18,24,11.056596755981444,69.88680648803711,314,-0.5000000000000004,0.8660254037844384,0.0,11.056596755981444,1,5,2024
2024-11-10,Northeast,26.0,91.7,0.0,78,101,28.436548233032227,18,24,16.413652420043945,18,24,12.02289581298828,67.95420837402344,315,-0.5000000000000004,0.8660254037844384,0.0,12.02289581298828,1,5,2024
2024-11-11,Northeast,26.0,91.7,0.0,78,101,28.748538970947266,18,24,17.095949172973633,18,24,11.652589797973633,68.69482040405273,316,-0.5000000000000004,0.8660254037844384,0.0,11.652589797973633,1,5,2024
2024-11-12,Northeast,26.0,91.7,0.0,78,101,28.38114547729492,18,24,17.112226486206055,18,24,11.268918991088864,69.46216201782227,317,-0.5000000000000004,0.8660254037844384,0.0,11.268918991088864,1,5,2024
2024-11-13,Northeast,26.0,91.7,0.0,78,101,28.099773406982425,18,24,16.446712493896484,18,24,11.65306091308594,68.69387817382812,318,-0.5000000000000004,0.8660254037844384,0.0,11.65306091308594,1,5,2024
2024-11-14,Northeast,26.0,91.7,0.0,78,101,28.30966567993164,18,24,16.537778854370117,18,24,11.771886825561523,68.45622634887695,319,-0.5000000000000004,0.8660254037844384,0.0,11.771886825561523,1,5,2024
2024-11-15,Northeast,26.0,91.7,0.0,78,101,27.667621612548828,18,24,15.017004013061523,18,24,12.650617599487305,66.69876480102539,320,-0.5000000000000004,0.8660254037844384,0.0,12.650617599487305,1,5,2024
2024-11-16,Northeast,26.0,91.7,0.0,78,101,28.195798873901367,18,24,14.96589469909668,18,24,13.229904174804688,65.54019165039062,321,-0.5000000000000004,0.8660254037844384,0.0,13.229904174804688,1,5,2024
2024-11-17,Northeast,26.0,91.7,0.0,78,101,28.181835174560547,18,24,15.166803359985352,18,24,13.015031814575195,65.96993637084961,322,-0.5000000000000004,0.8660254037844384,0.0,13.015031814575195,1,5,2024
2024-11-18,Northeast,26.0,91.7,0.0,78,101,27.87142562866211,18,24,14.499513626098633,18,24,13.371912002563477,65.25617599487305,323,-0.5000000000000004,0.8660254037844384,0.0,13.371912002563477,1,5,2024
2024-11-19,Northeast,26.0,91.7,0.0,78,101,28.846271514892575,18,24,14.830140113830566,18,24,14.016131401062008,63.967737197875984,324,-0.5000000000000004,0.8660254037844384,0.0,14.016131401062008,1,5,2024
2024-11-20,Northeast,26.0,91.7,0.0,78,101,27.123937606811523,18,24,14.762885093688965,18,24,12.36105251312256,67.27789497375488,325,-0.5000000000000004,0.8660254037844384,0.0,12.36105251312256,1,5,2024
2024-11-21,Northeast,26.0,91.7,0.0,78,101,27.00597381591797,18,24,13.778499603271484,18,24,13.227474212646484,65.54505157470703,326,-0.5000000000000004,0.8660254037844384,0.0,13.227474212646484,1,5,2024
2024-11-22,Northeast,26.0,91.7,0.0,78,101,26.183042526245117,18,24,13.6478853225708,18,24,12.535157203674316,66.92968559265137,327,-0.5000000000000004,0.8660254037844384,0.0,12.535157203674316,1,5,2024
2024-11-23,Northeast,26.0,91.7,0.0,78,101,25.635297775268555,18,24,13.972481727600098,18,24,11.662816047668455,68.67436790466309,328,-0.5000000000000004,0.8660254037844384,0.0,11.662816047668455,1,5,2024
2024-11-24,Northeast,26.0,91.7,0.0,78,101,24.143814086914062,18,24,14.32293701171875,18,24,9.820877075195312,72.35824584960938,329,-0.5000000000000004,0.8660254037844384,0.0,9.820877075195312,1,5,2024
2024-11-25,Northeast,26.0,91.7,0.0,78,101,24.21247673034668,18,24,13.92253303527832,18,24,10.28994369506836,71.42011260986328,330,-0.5000000000000004,0.8660254037844384,0.0,10.28994369506836,1,5,2024
2024-11-26,Northeast,26.0,91.7,0.0,78,101,24.71754264831543,18,24,13.43359375,18,24,11.28394889831543,69.43210220336914,331,-0.5000000000000004,0.8660254037844384,0.0,11.28394889831543,1,5,2024
2024-11-27,Northeast,26.0,91.7,0.0,78,101,25.484207153320312,18,24,12.799772262573242,18,24,12.68443489074707,66.63113021850586,332,-0.5000000000000004,0.8660254037844384,0.0,12.68443489074707,1,5,2024
2024-11-28,Northeast,26.0,91.7,0.0,78,101,25.85407829284668,18,24,12.19697093963623,18,24,13.65710735321045,64.6857852935791,333,-0.5000000000000004,0.8660254037844384,0.0,13.65710735321045,1,5,2024
2024-11-29,Northeast,26.0,91.7,0.0,78,101,26.77608108520508,18,24,12.187973022460938,18,24,14.588108062744144,62.82378387451171,334,-0.5000000000000004,0.8660254037844384,0.0,14.588108062744144,1,5,2024
2024-11-30,Northeast,26.0,91.7,0.0,78,101,27.311511993408203,18,24,12.748739242553713,18,24,14.56277275085449,62.874454498291016,335,-0.5000000000000004,0.8660254037844384,0.0,14.56277275085449,1,5,2024
2024-12-01,Northeast,26.0,91.7,0.0,78,101,25.790346145629883,18,24,12.738396644592283,18,24,13.0519495010376,65.8961009979248,336,-2.4492935982947064e-16,1.0,0.0,13.0519495010376,1,5,2024
2024-12-02,Northeast,26.0,91.7,0.0,78,101,25.458179473876953,18,24,11.935029983520508,18,24,13.523149490356444,64.95370101928711,337,-2.4492935982947064e-16,1.0,0.0,13.523149490356444,1,5,2024
2024-12-03,Northeast,26.0,91.7,0.0,78,101,25.517589569091797,18,24,11.287813186645508,18,24,14.229776382446287,63.54044723510742,338,-2.4492935982947064e-16,1.0,0.0,14.229776382446287,1,5,2024
2024-12-04,Northeast,26.0,91.7,0.0,78,101,25.494413375854492,18,24,11.841204643249512,18,24,13.65320873260498,64.69358253479004,339,-2.4492935982947064e-16,1.0,0.0,13.65320873260498,1,5,2024
2024-12-05,Northeast,26.0,91.7,0.0,78,101,23.334041595458984,18,24,11.294999122619627,18,24,12.039042472839355,67.92191505432129,340,-2.4492935982947064e-16,1.0,0.0,12.039042472839355,1,5,2024
2024-12-06,Northeast,26.0,91.7,0.0,78,101,22.538415908813477,18,24,12.324014663696287,18,24,10.21440124511719,71.57119750976562,341,-2.4492935982947064e-16,1.0,0.0,10.21440124511719,1,5,2024
2024-12-07,Northeast,26.0,91.7,0.0,78,101,22.94759750366211,18,24,12.39277458190918,18,24,10.55482292175293,70.89035415649414,342,-2.4492935982947064e-16,1.0,0.0,10.55482292175293,1,5,2024
2024-12-08,Northeast,26.0,91.7,0.0,78,101,23.721168518066406,18,24,11.12480354309082,18,24,12.596364974975586,66.80727005004883,343,-2.4492935982947064e-16,1.0,0.0,12.596364974975586,1,5,2024
2024-12-09,Northeast,26.0,91.7,0.0,78,101,23.57722282409668,18,24,10.251420021057127,18,24,13.325802803039553,65.3483943939209,344,-2.4492935982947064e-16,1.0,0.0,13.325802803039553,1,5,2024
2024-12-10,Northeast,26.0,91.7,0.0,78,101,22.02008056640625,18,24,12.475801467895508,18,24,9.544279098510742,72.91144180297852,345,-2.4492935982947064e-16,1.0,0.0,9.544279098510742,1,5,2024
2024-12-11,Northeast,26.0,91.7,0.0,78,101,21.96973419189453,18,24,9.695419311523438,18,24,12.274314880371094,67.45137023925781,346,-2.4492935982947064e-16,1.0,0.0,12.274314880371094,1,5,2024
2024-12-12,Northeast,26.0,91.7,0.0,78,101,23.138427734375,18,24,9.91631031036377,18,24,13.22211742401123,65.55576515197754,347,-2.4492935982947064e-16,1.0,0.0,13.22211742401123,1,5,2024
2024-12-13,Northeast,26.0,91.7,0.0,78,101,23.97759056091309,18,24,9.789079666137695,18,24,14.188510894775394,63.62297821044921,348,-2.4492935982947064e-16,1.0,0.0,14.188510894775394,1,5,2024
2024-12-14,Northeast,26.0,91.7,0.0,78,101,24.213308334350582,18,24,9.792713165283203,18,24,14.42059516906738,63.15880966186524,349,-2.4492935982947064e-16,1.0,0.0,14.42059516906738,1,5,2024
2024-12-15,Northeast,26.0,91.7,0.0,78,101,25.6516056060791,18,24,10.058988571166992,18,24,15.59261703491211,60.81476593017578,350,-2.4492935982947064e-16,1.0,0.0,15.59261703491211,1,5,2024
2024-12-16,Northeast,26.0,91.7,0.0,78,101,26.386058807373047,18,24,9.26010799407959,18,24,17.125950813293457,57.748098373413086,351,-2.4492935982947064e-16,1.0,0.0,17.125950813293457,1,5,2024
2024-12-17,Northeast,26.0,91.7,0.0,78,101,26.304462432861328,18,24,9.284510612487791,18,24,17.019951820373535,57.96009635925293,352,-2.4492935982947064e-16,1.0,0.0,17.019951820373535,1,5,2024
2024-12-18,Northeast,26.0,91.7,0.0,78,101,25.639862060546875,18,24,10.7482271194458,18,24,14.891634941101074,62.21673011779785,353,-2.4492935982947064e-16,1.0,0.0,14.891634941101074,1,5,2024
2024-12-19,Northeast,26.0,91.7,0.0,78,101,26.535446166992188,18,24,11.120101928710938,18,24,15.41534423828125,61.1693115234375,354,-2.4492935982947064e-16,1.0,0.0,15.41534423828125,1,5,2024
2024-12-20,Northeast,26.0,91.7,0.0,78,101,25.598108291625977,18,24,10.647685050964355,18,24,14.95042324066162,62.09915351867676,355,-2.4492935982947064e-16,1.0,0.0,14.95042324066162,1,5,2024
2024-12-21,Northeast,26.0,91.7,0.0,78,101,23.84354782104492,18,24,11.098864555358888,18,24,12.74468326568603,66.51063346862794,356,-2.4492935982947064e-16,1.0,0.0,12.74468326568603,1,5,2024
2024-12-22,Northeast,26.0,91.7,0.0,78,101,24.1041259765625,18,24,10.560049057006836,18,24,13.544076919555664,64.91184616088867,357,-2.4492935982947064e-16,1.0,0.0,13.544076919555664,1,5,2024
2024-12-23,Northeast,26.0,91.7,0.0,78,101,24.660003662109375,18,24,10.024576187133787,18,24,14.635427474975588,62.72914505004883,358,-2.4492935982947064e-16,1.0,0.0,14.635427474975588,1,5,2024
2024-12-24,Northeast,26.0,91.7,0.0,78,101,24.675180435180664,18,24,9.484492301940918,18,24,15.190688133239746,61.61862373352051,359,-2.4492935982947064e-16,1.0,0.0,15.190688133239746,1,5,2024
2024-12-25,Northeast,26.0,91.7,0.0,78,101,24.441953659057617,18,24,10.177363395690918,18,24,14.2645902633667,63.4708194732666,360,-2.4492935982947064e-16,1.0,0.0,14.2645902633667,1,5,2024
2024-12-26,Northeast,26.0,91.7,0.0,78,101,25.4678897857666,18,24,10.038602828979492,18,24,15.42928695678711,61.14142608642578,361,-2.4492935982947064e-16,1.0,0.0,15.42928695678711,1,5,2024
2024-12-27,Northeast,26.0,91.7,0.0,78,101,24.67876625061035,18,24,10.213007926940918,18,24,14.465758323669434,63.06848335266113,362,-2.4492935982947064e-16,1.0,0.0,14.465758323669434,1,5,2024
2024-12-28,Northeast,26.0,91.7,0.0,78,101,24.592998504638672,18,24,10.28335666656494,18,24,14.309641838073732,63.38071632385254,363,-2.4492935982947064e-16,1.0,0.0,14.309641838073732,1,5,2024
2024-12-29,Northeast,26.0,91.7,0.0,78,101,25.206470489501953,18,24,11.301434516906738,18,24,13.905035972595217,64.18992805480957,364,-2.4492935982947064e-16,1.0,0.0,13.905035972595217,1,5,2024
2024-12-30,Northeast,26.0,91.7,0.0,78,101,23.213708877563477,18,24,10.22581958770752,18,24,12.987889289855955,66.02422142028809,365,-2.4492935982947064e-16,1.0,0.0,12.987889289855955,1,5,2024
2024-12-31,Northeast,26.0,91.7,0.0,78,101,22.46310043334961,18,24,10.43626308441162,18,24,12.02683734893799,67.94632530212402,366,-2.4492935982947064e-16,1.0,0.0,12.02683734893799,1,5,2024
2024-01-01,Rajasthan Desert,27.0,73.0,0.0,82,26,19.67632484436035,20,6,7.8069963455200195,20,6,11.869328498840332,68.26134300231934,1,0.4999999999999999,0.8660254037844387,0.0,11.869328498840332,1,6,2024
2024-01-02,Rajasthan Desert,27.0,73.0,0.0,82,26,17.269947052001953,20,6,6.673609733581543,20,6,10.59633731842041,70.80732536315918,2,0.4999999999999999,0.8660254037844387,0.0,10.59633731842041,1,6,2024
2024-01-03,Rajasthan Desert,27.0,73.0,0.0,82,26,17.330076217651367,20,6,5.426599502563477,20,6,11.90347671508789,68.19304656982422,3,0.4999999999999999,0.8660254037844387,0.0,11.90347671508789,1,6,2024
2024-01-04,Rajasthan Desert,27.0,73.0,0.0,82,26,17.08919334411621,20,6,5.562399864196777,20,6,11.526793479919434,68.94641304016113,4,0.4999999999999999,0.8660254037844387,0.0,11.526793479919434,1,6,2024
2024-01-05,Rajasthan Desert,27.0,73.0,0.0,82,26,17.86981773376465,20,6,5.292516231536865,20,6,12.577301502227783,66.84539699554443,5,0.4999999999999999,0.8660254037844387,0.0,12.577301502227783,1,6,2024
2024-01-06,Rajasthan Desert,27.0,73.0,0.0,82,26,18.028133392333984,20,6,6.513104438781738,20,6,11.515028953552246,68.96994209289551,6,0.4999999999999999,0.8660254037844387,0.0,11.515028953552246,1,6,2024
2024-01-07,Rajasthan Desert,27.0,73.0,0.0,82,26,17.755146026611328,20,6,7.080931663513184,20,6,10.674214363098145,70.65157127380371,7,0.4999999999999999,0.8660254037844387,0.0,10.674214363098145,1,6,2024
2024-01-08,Rajasthan Desert,27.0,73.0,0.0,82,26,17.790212631225586,20,6,6.78394889831543,20,6,11.006263732910156,69.98747253417969,8,0.4999999999999999,0.8660254037844387,0.0,11.006263732910156,1,6,2024
2024-01-09,Rajasthan Desert,27.0,73.0,0.0,82,26,17.776500701904297,20,6,8.600488662719727,20,6,9.17601203918457,73.64797592163086,9,0.4999999999999999,0.8660254037844387,0.0,9.17601203918457,1,6,2024
2024-01-10,Rajasthan Desert,27.0,73.0,0.0,82,26,19.57686996459961,20,6,6.185084342956543,20,6,13.391785621643066,65.21642875671387,10,0.4999999999999999,0.8660254037844387,0.0,13.391785621643066,1,6,2024
2024-01-11,Rajasthan Desert,27.0,73.0,0.0,82,26,23.471908569335938,20,6,4.283445358276367,20,6,19.18846321105957,53.62307357788086,11,0.4999999999999999,0.8660254037844387,0.0,19.18846321105957,1,6,2024
2024-01-12,Rajasthan Desert,27.0,73.0,0.0,82,26,24.599613189697266,20,6,5.477148056030273,20,6,19.122465133666992,53.755069732666016,12,0.4999999999999999,0.8660254037844387,0.0,19.122465133666992,1,6,2024
2024-01-13,Rajasthan Desert,27.0,73.0,0.0,82,26,24.9373779296875,20,6,8.007163047790527,20,6,16.930214881896973,58.139570236206055,13,0.4999999999999999,0.8660254037844387,0.0,16.930214881896973,1,6,2024
2024-01-14,Rajasthan Desert,27.0,73.0,0.0,82,26,23.06538963317871,20,6,6.193552017211914,20,6,16.871837615966797,58.256324768066406,14,0.4999999999999999,0.8660254037844387,0.0,16.871837615966797,1,6,2024
2024-01-15,Rajasthan Desert,27.0,73.0,0.0,82,26,23.604520797729492,20,6,6.37366247177124,20,6,17.230858325958252,57.538283348083496,15,0.4999999999999999,0.8660254037844387,0.0,17.230858325958252,1,6,2024
2024-01-16,Rajasthan Desert,27.0,73.0,0.0,82,26,24.31703186035156,20,6,7.431419849395752,20,6,16.885612010955807,58.228775978088386,16,0.4999999999999999,0.8660254037844387,0.0,16.885612010955807,1,6,2024
2024-01-17,Rajasthan Desert,27.0,73.0,0.0,82,26,19.822114944458008,20,6,7.054784297943115,20,6,12.767330646514893,66.46533870697021,17,0.4999999999999999,0.8660254037844387,0.0,12.767330646514893,1,6,2024
2024-01-18,Rajasthan Desert,27.0,73.0,0.0,82,26,20.102693557739254,20,6,6.73057222366333,20,6,13.372121334075924,65.25575733184814,18,0.4999999999999999,0.8660254037844387,0.0,13.372121334075924,1,6,2024
2024-01-19,Rajasthan Desert,27.0,73.0,0.0,82,26,22.03706169128418,20,6,6.068583965301514,20,6,15.968477725982666,60.06304454803467,19,0.4999999999999999,0.8660254037844387,0.0,15.968477725982666,1,6,2024
2024-01-20,Rajasthan Desert,27.0,73.0,0.0,82,26,20.735858917236328,20,6,6.732751369476318,20,6,14.00310754776001,63.99378490447998,20,0.4999999999999999,0.8660254037844387,0.0,14.00310754776001,1,6,2024
2024-01-21,Rajasthan Desert,27.0,73.0,0.0,82,26,20.970815658569336,20,6,6.013939380645752,20,6,14.956876277923584,62.08624744415283,21,0.4999999999999999,0.8660254037844387,0.0,14.956876277923584,1,6,2024
2024-01-22,Rajasthan Desert,27.0,73.0,0.0,82,26,22.76819229125977,20,6,6.24774169921875,20,6,16.52045059204102,58.95909881591796,22,0.4999999999999999,0.8660254037844387,0.0,16.52045059204102,1,6,2024
2024-01-23,Rajasthan Desert,27.0,73.0,0.0,82,26,20.44178771972656,20,6,6.864994049072266,20,6,13.576793670654292,64.8464126586914,23,0.4999999999999999,0.8660254037844387,0.0,13.576793670654292,1,6,2024
2024-01-24,Rajasthan Desert,27.0,73.0,0.0,82,26,20.752201080322266,20,6,6.815280437469482,20,6,13.936920642852783,64.12615871429443,24,0.4999999999999999,0.8660254037844387,0.0,13.936920642852783,1,6,2024
2024-01-25,Rajasthan Desert,27.0,73.0,0.0,82,26,23.100086212158203,20,6,6.692662239074707,20,6,16.407423973083496,59.18515205383301,25,0.4999999999999999,0.8660254037844387,0.0,16.407423973083496,1,6,2024
2024-01-26,Rajasthan Desert,27.0,73.0,0.0,82,26,23.050779342651367,20,6,6.494032859802246,20,6,16.55674648284912,58.88650703430176,26,0.4999999999999999,0.8660254037844387,0.0,16.55674648284912,1,6,2024
2024-01-27,Rajasthan Desert,27.0,73.0,0.0,82,26,25.85906219482422,20,6,7.966555118560791,20,6,17.892507076263428,56.214985847473145,27,0.4999999999999999,0.8660254037844387,0.0,17.892507076263428,1,6,2024
2024-01-28,Rajasthan Desert,27.0,73.0,0.0,82,26,25.30056381225586,20,6,11.198919296264648,20,6,14.101644515991213,63.79671096801758,28,0.4999999999999999,0.8660254037844387,0.0,14.101644515991213,1,6,2024
2024-01-29,Rajasthan Desert,27.0,73.0,0.0,82,26,24.772560119628903,20,6,10.864221572875977,20,6,13.908338546752926,64.18332290649414,29,0.4999999999999999,0.8660254037844387,0.0,13.908338546752926,1,6,2024
2024-01-30,Rajasthan Desert,27.0,73.0,0.0,82,26,23.563596725463867,20,6,11.251945495605469,20,6,12.311651229858398,67.3766975402832,30,0.4999999999999999,0.8660254037844387,0.0,12.311651229858398,1,6,2024
2024-01-31,Rajasthan Desert,27.0,73.0,0.0,82,26,24.87148094177246,20,6,12.86767578125,20,6,12.00380516052246,67.99238967895508,31,0.4999999999999999,0.8660254037844387,0.0,12.00380516052246,1,6,2024
2024-02-01,Rajasthan Desert,27.0,73.0,0.0,82,26,25.964555740356445,20,6,13.28176212310791,20,6,12.682793617248535,66.63441276550293,32,0.8660254037844386,0.5000000000000001,0.0,12.682793617248535,1,6,2024
2024-02-02,Rajasthan Desert,27.0,73.0,0.0,82,26,25.32233238220215,20,6,12.342156410217283,20,6,12.980175971984863,66.03964805603027,33,0.8660254037844386,0.5000000000000001,0.0,12.980175971984863,1,6,2024
2024-02-03,Rajasthan Desert,27.0,73.0,0.0,82,26,24.041643142700195,20,6,12.053548812866213,20,6,11.988094329833984,68.02381134033203,34,0.8660254037844386,0.5000000000000001,0.0,11.988094329833984,1,6,2024
2024-02-04,Rajasthan Desert,27.0,73.0,0.0,82,26,22.282669067382812,20,6,14.010555267333984,20,6,8.272113800048828,75.45577239990234,35,0.8660254037844386,0.5000000000000001,0.0,8.272113800048828,1,6,2024
2024-02-05,Rajasthan Desert,27.0,73.0,8.863252639770508,82,26,22.084558486938477,20,6,11.023950576782228,20,6,11.060607910156248,76.74523216932249,36,0.8660254037844386,0.5000000000000001,2.2888159965449977,11.060607910156248,1,6,2024
2024-02-06,Rajasthan Desert,27.0,73.0,0.0,82,26,23.371849060058594,20,6,10.000065803527832,20,6,13.371783256530762,65.25643348693848,37,0.8660254037844386,0.5000000000000001,0.0,13.371783256530762,1,6,2024
2024-02-07,Rajasthan Desert,27.0,73.0,0.0,82,26,22.42395401000977,20,6,10.921241760253906,20,6,11.502712249755865,68.99457550048828,38,0.8660254037844386,0.5000000000000001,0.0,11.502712249755865,1,6,2024
2024-02-08,Rajasthan Desert,27.0,73.0,0.0,82,26,24.139745712280273,20,6,8.600064277648926,20,6,15.539681434631348,60.920637130737305,39,0.8660254037844386,0.5000000000000001,0.0,15.539681434631348,1,6,2024
2024-02-09,Rajasthan Desert,27.0,73.0,0.0,82,26,26.069019317626953,20,6,7.534087181091309,20,6,18.534932136535645,54.93013572692871,40,0.8660254037844386,0.5000000000000001,0.0,18.534932136535645,1,6,2024
2024-02-10,Rajasthan Desert,27.0,73.0,0.0,82,26,25.859949111938477,20,6,8.594804763793945,20,6,17.26514434814453,57.46971130371094,41,0.8660254037844386,0.5000000000000001,0.0,17.26514434814453,1,6,2024
2024-02-11,Rajasthan Desert,27.0,73.0,0.0,82,26,24.957813262939453,20,6,8.499968528747559,20,6,16.457844734191895,59.08431053161621,42,0.8660254037844386,0.5000000000000001,0.0,16.457844734191895,1,6,2024
2024-02-12,Rajasthan Desert,27.0,73.0,0.0,82,26,24.076581954956055,20,6,8.924613952636719,20,6,15.151968002319336,61.69606399536133,43,0.8660254037844386,0.5000000000000001,0.0,15.151968002319336,1,6,2024
2024-02-13,Rajasthan Desert,27.0,73.0,0.0,82,26,24.58597946166992,20,6,9.58933925628662,20,6,14.9966402053833,62.0067195892334,44,0.8660254037844386,0.5000000000000001,0.0,14.9966402053833,1,6,2024
2024-02-14,Rajasthan Desert,27.0,73.0,0.0,82,26,24.927547454833984,20,6,9.785301208496094,20,6,15.14224624633789,61.71550750732422,45,0.8660254037844386,0.5000000000000001,0.0,15.14224624633789,1,6,2024
2024-02-15,Rajasthan Desert,27.0,73.0,0.0,82,26,27.443214416503903,20,6,9.65131378173828,20,6,17.791900634765625,56.41619873046875,46,0.8660254037844386,0.5000000000000001,0.0,17.791900634765625,1,6,2024
2024-02-16,Rajasthan Desert,27.0,73.0,0.0,82,26,28.554513931274418,20,6,10.72750186920166,20,6,17.827012062072757,56.345975875854485,47,0.8660254037844386,0.5000000000000001,0.0,17.827012062072757,1,6,2024
2024-02-17,Rajasthan Desert,27.0,73.0,0.0,82,26,30.326919555664062,20,6,11.400030136108398,20,6,18.926889419555664,54.14622116088867,48,0.8660254037844386,0.5000000000000001,0.0,18.926889419555664,1,6,2024
2024-02-18,Rajasthan Desert,27.0,73.0,0.0,82,26,30.930400848388672,20,6,12.20767593383789,20,6,18.72272491455078,54.55455017089844,49,0.8660254037844386,0.5000000000000001,0.0,18.72272491455078,1,6,2024
2024-02-19,Rajasthan Desert,27.0,73.0,0.0,82,26,30.54198455810547,20,6,14.772209167480469,20,6,15.769775390625,60.46044921875,50,0.8660254037844386,0.5000000000000001,0.0,15.769775390625,1,6,2024
2024-02-20,Rajasthan Desert,27.0,73.0,0.0,82,26,28.426010131835938,20,6,15.182857513427734,20,6,13.243152618408203,65.5136947631836,51,0.8660254037844386,0.5000000000000001,0.0,13.243152618408203,1,6,2024
2024-02-21,Rajasthan Desert,27.0,73.0,0.0,82,26,27.694091796875,20,6,13.603845596313477,20,6,14.090246200561523,63.81950759887695,52,0.8660254037844386,0.5000000000000001,0.0,14.090246200561523,1,6,2024
2024-02-22,Rajasthan Desert,27.0,73.0,0.0,82,26,26.85379219055176,20,6,11.676331520080566,20,6,15.177460670471197,61.64507865905761,53,0.8660254037844386,0.5000000000000001,0.0,15.177460670471197,1,6,2024
2024-02-23,Rajasthan Desert,27.0,73.0,0.0,82,26,26.56278610229492,20,6,10.59457778930664,20,6,15.968208312988278,60.063583374023445,54,0.8660254037844386,0.5000000000000001,0.0,15.968208312988278,1,6,2024
2024-02-24,Rajasthan Desert,27.0,73.0,0.0,82,26,26.60126686096191,20,6,12.166051864624023,20,6,14.435214996337889,63.129570007324226,55,0.8660254037844386,0.5000000000000001,0.0,14.435214996337889,1,6,2024
2024-02-25,Rajasthan Desert,27.0,73.0,0.0,82,26,26.608402252197266,20,6,12.216275215148926,20,6,14.39212703704834,63.21574592590332,56,0.8660254037844386,0.5000000000000001,0.0,14.39212703704834,1,6,2024
2024-02-26,Rajasthan Desert,27.0,73.0,0.0,82,26,25.682594299316406,20,6,13.912981033325195,20,6,11.769613265991213,68.46077346801758,57,0.8660254037844386,0.5000000000000001,0.0,11.769613265991213,1,6,2024
2024-02-27,Rajasthan Desert,27.0,73.0,0.0,82,26,25.82594871520996,20,6,13.651857376098633,20,6,12.174091339111328,67.65181732177734,58,0.8660254037844386,0.5000000000000001,0.0,12.174091339111328,1,6,2024
2024-02-28,Rajasthan Desert,27.0,73.0,0.0,82,26,27.65060806274414,20,6,11.767786979675291,20,6,15.88282108306885,60.234357833862305,59,0.8660254037844386,0.5000000000000001,0.0,15.88282108306885,1,6,2024
2024-02-29,Rajasthan Desert,27.0,73.0,0.0,82,26,30.317045211791992,20,6,12.917852401733398,20,6,17.399192810058594,57.20161437988281,60,0.8660254037844386,0.5000000000000001,0.0,17.399192810058594,1,6,2024
2024-03-01,Rajasthan Desert,27.0,73.0,0.0,82,26,30.048643112182617,20,6,17.154993057250977,20,6,12.89365005493164,66.21269989013672,61,1.0,6.123233995736766e-17,0.0,12.89365005493164,1,6,2024
2024-03-02,Rajasthan Desert,27.0,73.0,0.0,82,26,27.324005126953125,20,6,17.83148193359375,20,6,9.492523193359377,73.01495361328125,62,1.0,6.123233995736766e-17,0.0,9.492523193359377,1,6,2024
2024-03-03,Rajasthan Desert,27.0,73.0,0.0,82,26,23.990524291992188,20,6,9.910711288452148,20,6,14.07981300354004,63.84037399291992,63,1.0,6.123233995736766e-17,0.0,14.07981300354004,1,6,2024
2024-03-04,Rajasthan Desert,27.0,73.0,0.0,82,26,24.050376892089844,20,6,8.777399063110352,20,6,15.272977828979492,61.454044342041016,64,1.0,6.123233995736766e-17,0.0,15.272977828979492,1,6,2024
2024-03-05,Rajasthan Desert,27.0,73.0,0.0,82,26,24.35273170471191,20,6,9.574121475219728,20,6,14.778610229492182,62.44277954101564,65,1.0,6.123233995736766e-17,0.0,14.778610229492182,1,6,2024
2024-03-06,Rajasthan Desert,27.0,73.0,0.0,82,26,25.838958740234375,20,6,11.206598281860352,20,6,14.632360458374023,62.73527908325195,66,1.0,6.123233995736766e-17,0.0,14.632360458374023,1,6,2024
2024-03-07,Rajasthan Desert,27.0,73.0,0.0,82,26,28.828065872192383,20,6,11.700225830078123,20,6,17.127840042114258,57.74431991577149,67,1.0,6.123233995736766e-17,0.0,17.127840042114258,1,6,2024
2024-03-08,Rajasthan Desert,27.0,73.0,0.0,82,26,28.209144592285156,20,6,12.482783317565918,20,6,15.726361274719238,60.54727745056152,68,1.0,6.123233995736766e-17,0.0,15.726361274719238,1,6,2024
2024-03-09,Rajasthan Desert,27.0,73.0,0.0,82,26,28.94135284423828,20,6,13.354253768920898,20,6,15.587099075317385,60.825801849365234,69,1.0,6.123233995736766e-17,0.0,15.587099075317385,1,6,2024
2024-03-10,Rajasthan Desert,27.0,73.0,0.0,82,26,30.240705490112305,20,6,14.059317588806152,20,6,16.181387901306152,59.637224197387695,70,1.0,6.123233995736766e-17,0.0,16.181387901306152,1,6,2024
2024-03-11,Rajasthan Desert,27.0,73.0,0.0,82,26,32.650123596191406,20,6,16.611921310424805,20,6,16.0382022857666,59.9235954284668,71,1.0,6.123233995736766e-17,0.0,16.0382022857666,1,6,2024
2024-03-12,Rajasthan Desert,27.0,73.0,0.0,82,26,32.10288619995117,20,6,16.91395378112793,20,6,15.188932418823242,61.62213516235352,72,1.0,6.123233995736766e-17,0.0,15.188932418823242,1,6,2024
2024-03-13,Rajasthan Desert,27.0,73.0,0.0,82,26,31.352895736694336,20,6,17.175334930419922,20,6,14.177560806274414,63.64487838745117,73,1.0,6.123233995736766e-17,0.0,14.177560806274414,1,6,2024
2024-03-14,Rajasthan Desert,27.0,73.0,0.0,82,26,31.08596420288086,20,6,15.935458183288574,20,6,15.150506019592283,61.69898796081543,74,1.0,6.123233995736766e-17,0.0,15.150506019592283,1,6,2024
2024-03-15,Rajasthan Desert,27.0,73.0,0.0,82,26,30.8472900390625,20,6,16.588542938232422,20,6,14.258747100830078,63.48250579833984,75,1.0,6.123233995736766e-17,0.0,14.258747100830078,1,6,2024
2024-03-16,Rajasthan Desert,27.0,73.0,0.0,82,26,31.574508666992188,20,6,15.443434715270996,20,6,16.13107395172119,59.73785209655762,76,1.0,6.123233995736766e-17,0.0,16.13107395172119,1,6,2024
2024-03-17,Rajasthan Desert,27.0,73.0,0.0,82,26,31.832355499267575,20,6,14.995817184448242,20,6,16.836538314819332,58.326923370361335,77,1.0,6.123233995736766e-17,0.0,16.836538314819332,1,6,2024
2024-03-18,Rajasthan Desert,27.0,73.0,0.0,82,26,32.888710021972656,20,6,15.752696990966797,20,6,17.13601303100586,57.72797393798828,78,1.0,6.123233995736766e-17,0.0,17.13601303100586,1,6,2024
2024-03-19,Rajasthan Desert,27.0,73.0,0.0,82,26,33.96391677856445,20,6,16.598188400268555,20,6,17.3657283782959,57.2685432434082,79,1.0,6.123233995736766e-17,0.0,17.3657283782959,1,6,2024
2024-03-20,Rajasthan Desert,27.0,73.0,0.0,82,26,34.348228454589844,20,6,17.786121368408203,20,6,16.56210708618164,58.87578582763672,80,1.0,6.123233995736766e-17,0.0,16.56210708618164,1,6,2024
2024-03-21,Rajasthan Desert,27.0,73.0,0.0,82,26,35.938514709472656,20,6,19.855878829956055,20,6,16.0826358795166,59.8347282409668,81,1.0,6.123233995736766e-17,0.0,16.0826358795166,1,6,2024
2024-03-22,Rajasthan Desert,27.0,73.0,0.0,82,26,37.0562858581543,20,6,18.683040618896484,20,6,18.373245239257812,55.253509521484375,82,1.0,6.123233995736766e-17,0.0,18.373245239257812,1,6,2024
2024-03-23,Rajasthan Desert,27.0,73.0,0.0,82,26,36.90841293334961,20,6,19.36827087402344,20,6,17.54014205932617,56.91971588134766,83,1.0,6.123233995736766e-17,0.0,17.54014205932617,1,6,2024
2024-03-24,Rajasthan Desert,27.0,73.0,0.0,82,26,34.113433837890625,20,6,22.5487003326416,20,6,11.564733505249023,68.87053298950195,84,1.0,6.123233995736766e-17,0.0,11.564733505249023,1,6,2024
2024-03-25,Rajasthan Desert,27.0,73.0,0.0,82,26,36.10609436035156,20,6,19.042221069335938,20,6,17.063873291015625,57.87225341796875,85,1.0,6.123233995736766e-17,0.0,17.063873291015625,1,6,2024
2024-03-26,Rajasthan Desert,27.0,73.0,0.0,82,26,38.03355026245117,20,6,20.960773468017575,20,6,17.072776794433597,57.854446411132805,86,1.0,6.123233995736766e-17,0.0,17.072776794433597,1,6,2024
2024-03-27,Rajasthan Desert,27.0,73.0,0.0,82,26,38.81101608276367,20,6,23.33160400390625,20,6,15.479412078857422,61.04117584228515,87,1.0,6.123233995736766e-17,0.0,15.479412078857422,1,6,2024
2024-03-28,Rajasthan Desert,27.0,73.0,0.0,82,26,37.74467468261719,20,6,22.785621643066406,20,6,14.95905303955078,62.08189392089844,88,1.0,6.123233995736766e-17,0.0,14.95905303955078,1,6,2024
2024-03-29,Rajasthan Desert,27.0,73.0,0.0,82,26,37.30845642089844,20,6,21.712430953979492,20,6,15.596025466918944,60.80794906616211,89,1.0,6.123233995736766e-17,0.0,15.596025466918944,1,6,2024
2024-03-30,Rajasthan Desert,27.0,73.0,0.0,82,26,35.69773864746094,20,6,22.66257095336914,20,6,13.035167694091797,65.9296646118164,90,1.0,6.123233995736766e-17,0.0,13.035167694091797,1,6,2024
2024-03-31,Rajasthan Desert,27.0,73.0,0.0,82,26,34.669219970703125,20,6,21.37414169311523,20,6,13.295078277587894,65.40984344482422,91,1.0,6.123233995736766e-17,0.0,13.295078277587894,1,6,2024
2024-04-01,Rajasthan Desert,27.0,73.0,0.0,82,26,33.70321273803711,20,6,20.199405670166016,20,6,13.503807067871094,64.99238586425781,92,0.8660254037844387,-0.4999999999999998,0.0,13.503807067871094,1,6,2024
2024-04-02,Rajasthan Desert,27.0,73.0,0.0,82,26,35.85918426513672,20,6,18.12019920349121,20,6,17.738985061645508,56.522029876708984,93,0.8660254037844387,-0.4999999999999998,0.0,17.738985061645508,1,6,2024
2024-04-03,Rajasthan Desert,27.0,73.0,0.0,82,26,36.34450149536133,20,6,22.33768844604492,20,6,14.00681304931641,63.98637390136718,94,0.8660254037844387,-0.4999999999999998,0.0,14.00681304931641,1,6,2024
2024-04-04,Rajasthan Desert,27.0,73.0,0.0,82,26,36.74079132080078,20,6,22.260629653930664,20,6,14.480161666870115,63.039676666259766,95,0.8660254037844387,-0.4999999999999998,0.0,14.480161666870115,1,6,2024
2024-04-05,Rajasthan Desert,27.0,73.0,0.0,82,26,35.063446044921875,20,6,23.24138832092285,20,6,11.822057723999023,68.35588455200195,96,0.8660254037844387,-0.4999999999999998,0.0,11.822057723999023,1,6,2024
2024-04-06,Rajasthan Desert,27.0,73.0,4.1663899421691895,82,26,36.462371826171875,20,6,20.88717460632324,20,6,15.575197219848636,65.77612808303043,97,0.8660254037844387,-0.4999999999999998,1.6421741742425688,15.575197219848636,1,6,2024
2024-04-07,Rajasthan Desert,27.0,73.0,0.0,82,26,37.71078872680664,20,6,19.40964698791504,20,6,18.3011417388916,55.3977165222168,98,0.8660254037844387,-0.4999999999999998,0.0,18.3011417388916,1,6,2024
2024-04-08,Rajasthan Desert,27.0,73.0,0.0,82,26,38.562984466552734,20,6,21.928112030029297,20,6,16.634872436523438,58.730255126953125,99,0.8660254037844387,-0.4999999999999998,0.0,16.634872436523438,1,6,2024
2024-04-09,Rajasthan Desert,27.0,73.0,0.0,82,26,39.50609588623047,20,6,23.703433990478516,20,6,15.802661895751951,60.394676208496094,100,0.8660254037844387,-0.4999999999999998,0.0,15.802661895751951,1,6,2024
2024-04-10,Rajasthan Desert,27.0,73.0,0.0,82,26,39.88241958618164,20,6,24.018646240234375,20,6,15.863773345947266,60.27245330810547,101,0.8660254037844387,-0.4999999999999998,0.0,15.863773345947266,1,6,2024
2024-04-11,Rajasthan Desert,27.0,73.0,0.0,82,26,39.34183120727539,20,6,23.27689552307129,20,6,16.0649356842041,59.8701286315918,102,0.8660254037844387,-0.4999999999999998,0.0,16.0649356842041,1,6,2024
2024-04-12,Rajasthan Desert,27.0,73.0,0.0,82,26,38.702449798583984,20,6,23.444522857666016,20,6,15.257926940917969,61.48414611816406,103,0.8660254037844387,-0.4999999999999998,0.0,15.257926940917969,1,6,2024
2024-04-13,Rajasthan Desert,27.0,73.0,0.0,82,26,35.6062126159668,20,6,24.006277084350582,20,6,11.599935531616214,68.80012893676758,104,0.8660254037844387,-0.4999999999999998,0.0,11.599935531616214,1,6,2024
2024-04-14,Rajasthan Desert,27.0,73.0,2.508862257003784,82,26,33.736331939697266,20,6,21.310476303100582,20,6,12.425855636596683,70.91416425169128,105,0.8660254037844387,-0.4999999999999998,1.2552918416282133,12.425855636596683,1,6,2024
2024-04-15,Rajasthan Desert,27.0,73.0,0.0,82,26,34.972686767578125,20,6,23.501100540161133,20,6,11.471586227416992,69.05682754516602,106,0.8660254037844387,-0.4999999999999998,0.0,11.471586227416992,1,6,2024
2024-04-16,Rajasthan Desert,27.0,73.0,0.0,82,26,35.79414749145508,20,6,24.866281509399418,20,6,10.92786598205566,70.14426803588867,107,0.8660254037844387,-0.4999999999999998,0.0,10.92786598205566,1,6,2024
2024-04-17,Rajasthan Desert,27.0,73.0,0.0,82,26,36.63720703125,20,6,22.86556053161621,20,6,13.771646499633787,64.45670700073242,108,0.8660254037844387,-0.4999999999999998,0.0,13.771646499633787,1,6,2024
2024-04-18,Rajasthan Desert,27.0,73.0,0.0,82,26,37.83299255371094,20,6,22.6141357421875,20,6,15.218856811523438,61.562286376953125,109,0.8660254037844387,-0.4999999999999998,0.0,15.218856811523438,1,6,2024
2024-04-19,Rajasthan Desert,27.0,73.0,0.0,82,26,36.8150520324707,20,6,22.874773025512695,20,6,13.940279006958008,64.11944198608398,110,0.8660254037844387,-0.4999999999999998,0.0,13.940279006958008,1,6,2024
2024-04-20,Rajasthan Desert,27.0,73.0,0.0,82,26,35.614776611328125,20,6,23.14094352722168,20,6,12.473833084106444,67.05233383178711,111,0.8660254037844387,-0.4999999999999998,0.0,12.473833084106444,1,6,2024
2024-04-21,Rajasthan Desert,27.0,73.0,0.0,82,26,36.46384048461914,20,6,24.118183135986328,20,6,12.345657348632812,67.30868530273438,112,0.8660254037844387,-0.4999999999999998,0.0,12.345657348632812,1,6,2024
2024-04-22,Rajasthan Desert,27.0,73.0,0.0,82,26,37.25859069824219,20,6,23.071840286254883,20,6,14.186750411987305,63.62649917602539,113,0.8660254037844387,-0.4999999999999998,0.0,14.186750411987305,1,6,2024
2024-04-23,Rajasthan Desert,27.0,73.0,0.0,82,26,38.278656005859375,20,6,23.28775978088379,20,6,14.990896224975586,62.01820755004883,114,0.8660254037844387,-0.4999999999999998,0.0,14.990896224975586,1,6,2024
2024-04-24,Rajasthan Desert,27.0,73.0,0.0,82,26,38.78079605102539,20,6,22.980947494506836,20,6,15.799848556518556,60.40030288696289,115,0.8660254037844387,-0.4999999999999998,0.0,15.799848556518556,1,6,2024
2024-04-25,Rajasthan Desert,27.0,73.0,0.0,82,26,40.00822830200195,20,6,23.740272521972656,20,6,16.267955780029297,59.464088439941406,116,0.8660254037844387,-0.4999999999999998,0.0,16.267955780029297,1,6,2024
2024-04-26,Rajasthan Desert,27.0,73.0,0.0,82,26,39.49491882324219,20,6,25.14873313903809,20,6,14.346185684204098,63.30762863159181,117,0.8660254037844387,-0.4999999999999998,0.0,14.346185684204098,1,6,2024
2024-04-27,Rajasthan Desert,27.0,73.0,0.0,82,26,37.188533782958984,20,6,24.090755462646484,20,6,13.0977783203125,65.804443359375,118,0.8660254037844387,-0.4999999999999998,0.0,13.0977783203125,1,6,2024
2024-04-28,Rajasthan Desert,27.0,73.0,0.0,82,26,38.594482421875,20,6,24.905900955200195,20,6,13.688581466674805,64.62283706665039,119,0.8660254037844387,-0.4999999999999998,0.0,13.688581466674805,1,6,2024
2024-04-29,Rajasthan Desert,27.0,73.0,0.0,82,26,37.024600982666016,20,6,24.70260429382324,20,6,12.321996688842775,67.35600662231445,120,0.8660254037844387,-0.4999999999999998,0.0,12.321996688842775,1,6,2024
2024-04-30,Rajasthan Desert,27.0,73.0,0.0,82,26,37.122337341308594,20,6,21.965604782104492,20,6,15.156732559204102,61.6865348815918,121,0.8660254037844387,-0.4999999999999998,0.0,15.156732559204102,1,6,2024
2024-05-01,Rajasthan Desert,27.0,73.0,0.0,82,26,34.6384391784668,20,6,20.419700622558594,20,6,14.218738555908203,63.562522888183594,122,0.4999999999999999,-0.8660254037844387,0.0,14.218738555908203,1,6,2024
2024-05-02,Rajasthan Desert,27.0,73.0,0.0,82,26,36.87681198120117,20,6,19.860286712646484,20,6,17.016525268554688,57.966949462890625,123,0.4999999999999999,-0.8660254037844387,0.0,17.016525268554688,1,6,2024
2024-05-03,Rajasthan Desert,27.0,73.0,0.0,82,26,39.211082458496094,20,6,20.387916564941406,20,6,18.823165893554688,54.353668212890625,124,0.4999999999999999,-0.8660254037844387,0.0,18.823165893554688,1,6,2024
2024-05-04,Rajasthan Desert,27.0,73.0,0.0,82,26,40.362213134765625,20,6,26.21749496459961,20,6,14.144718170166016,63.71056365966797,125,0.4999999999999999,-0.8660254037844387,0.0,14.144718170166016,1,6,2024
2024-05-05,Rajasthan Desert,27.0,73.0,0.0,82,26,40.76050567626953,20,6,26.90790748596191,20,6,13.85259819030762,64.29480361938477,126,0.4999999999999999,-0.8660254037844387,0.0,13.85259819030762,1,6,2024
2024-05-06,Rajasthan Desert,27.0,73.0,0.0,82,26,41.99772644042969,20,6,26.07894515991211,20,6,15.918781280517578,60.16243743896485,127,0.4999999999999999,-0.8660254037844387,0.0,15.918781280517578,1,6,2024
2024-05-07,Rajasthan Desert,27.0,73.0,0.0,82,26,43.419898986816406,20,6,26.60047912597656,20,6,16.819419860839847,58.361160278320305,128,0.4999999999999999,-0.8660254037844387,0.0,16.819419860839847,1,6,2024
2024-05-08,Rajasthan Desert,27.0,73.0,0.0,82,26,44.249900817871094,20,6,28.711135864257812,20,6,15.53876495361328,60.92247009277344,129,0.4999999999999999,-0.8660254037844387,0.0,15.53876495361328,1,6,2024
2024-05-09,Rajasthan Desert,27.0,73.0,0.0,82,26,43.91797637939453,20,6,28.773042678833008,20,6,15.144933700561523,61.71013259887695,130,0.4999999999999999,-0.8660254037844387,0.0,15.144933700561523,1,6,2024
2024-05-10,Rajasthan Desert,27.0,73.0,0.0,82,26,43.752437591552734,20,6,29.7410831451416,20,6,14.011354446411133,63.977291107177734,131,0.4999999999999999,-0.8660254037844387,0.0,14.011354446411133,1,6,2024
2024-05-11,Rajasthan Desert,27.0,73.0,4.474889755249023,82,26,41.082763671875,20,6,25.060041427612305,20,6,16.022722244262695,65.05507192989138,132,0.4999999999999999,-0.8660254037844387,1.7001721394722564,16.022722244262695,1,6,2024
2024-05-12,Rajasthan Desert,27.0,73.0,2.4124515056610107,82,26,40.7841682434082,20,6,24.575815200805664,20,6,16.20835304260254,63.265586763639305,133,0.4999999999999999,-0.8660254037844387,1.2274309496147957,16.20835304260254,1,6,2024
2024-05-13,Rajasthan Desert,27.0,73.0,0.0,82,26,41.905757904052734,20,6,28.122623443603516,20,6,13.78313446044922,64.43373107910156,134,0.4999999999999999,-0.8660254037844387,0.0,13.78313446044922,1,6,2024
2024-05-14,Rajasthan Desert,27.0,73.0,0.0,82,26,41.31843948364258,20,6,26.04814910888672,20,6,15.27029037475586,61.45941925048828,135,0.4999999999999999,-0.8660254037844387,0.0,15.27029037475586,1,6,2024
2024-05-15,Rajasthan Desert,27.0,73.0,0.7200421690940857,82,26,42.640892028808594,20,6,26.62418556213379,20,6,16.016706466674805,61.59363348897037,136,0.4999999999999999,-0.8660254037844387,0.5423488074399931,16.016706466674805,1,6,2024
2024-05-16,Rajasthan Desert,27.0,73.0,0.0,82,26,44.36452102661133,20,6,28.48367691040039,20,6,15.880844116210938,60.238311767578125,137,0.4999999999999999,-0.8660254037844387,0.0,15.880844116210938,1,6,2024
2024-05-17,Rajasthan Desert,27.0,73.0,0.0,82,26,44.65815353393555,20,6,28.77813148498535,20,6,15.880022048950195,60.23995590209961,138,0.4999999999999999,-0.8660254037844387,0.0,15.880022048950195,1,6,2024
2024-05-18,Rajasthan Desert,27.0,73.0,0.197155550122261,82,26,44.78899765014648,20,6,29.17033576965332,20,6,15.618661880493155,61.30252134334337,139,0.4999999999999999,-0.8660254037844387,0.1799483681098955,15.618661880493155,1,6,2024
2024-05-19,Rajasthan Desert,27.0,73.0,0.0,82,26,44.93315887451172,20,6,29.6290340423584,20,6,15.30412483215332,61.39175033569336,140,0.4999999999999999,-0.8660254037844387,0.0,15.30412483215332,1,6,2024
2024-05-20,Rajasthan Desert,27.0,73.0,0.0,82,26,44.471439361572266,20,6,30.20302963256836,20,6,14.268409729003906,63.46318054199219,141,0.4999999999999999,-0.8660254037844387,0.0,14.268409729003906,1,6,2024
2024-05-21,Rajasthan Desert,27.0,73.0,0.0,82,26,45.12445068359375,20,6,30.300561904907227,20,6,14.823888778686523,62.35222244262695,142,0.4999999999999999,-0.8660254037844387,0.0,14.823888778686523,1,6,2024
2024-05-22,Rajasthan Desert,27.0,73.0,0.0,82,26,45.958282470703125,20,6,30.804096221923828,20,6,15.154186248779297,61.691627502441406,143,0.4999999999999999,-0.8660254037844387,0.0,15.154186248779297,1,6,2024
2024-05-23,Rajasthan Desert,27.0,73.0,0.0,82,26,45.72391891479492,20,6,30.98573875427246,20,6,14.73818016052246,62.52363967895508,144,0.4999999999999999,-0.8660254037844387,0.0,14.73818016052246,1,6,2024
2024-05-24,Rajasthan Desert,27.0,73.0,0.0,82,26,45.34767532348633,20,6,31.37943649291992,20,6,13.96823883056641,64.06352233886719,145,0.4999999999999999,-0.8660254037844387,0.0,13.96823883056641,1,6,2024
2024-05-25,Rajasthan Desert,27.0,73.0,0.0,82,26,46.308956146240234,20,6,30.857683181762695,20,6,15.45127296447754,61.09745407104492,146,0.4999999999999999,-0.8660254037844387,0.0,15.45127296447754,1,6,2024
2024-05-26,Rajasthan Desert,27.0,73.0,0.0,82,26,47.10649108886719,20,6,29.964929580688477,20,6,17.14156150817871,57.71687698364258,147,0.4999999999999999,-0.8660254037844387,0.0,17.14156150817871,1,6,2024
2024-05-27,Rajasthan Desert,27.0,73.0,0.0,82,26,47.3812141418457,20,6,29.838510513305664,20,6,17.54270362854004,56.91459274291992,148,0.4999999999999999,-0.8660254037844387,0.0,17.54270362854004,1,6,2024
2024-05-28,Rajasthan Desert,27.0,73.0,0.0,82,26,46.44095230102539,20,6,29.231220245361328,20,6,17.209732055664062,57.580535888671875,149,0.4999999999999999,-0.8660254037844387,0.0,17.209732055664062,1,6,2024
2024-05-29,Rajasthan Desert,27.0,73.0,0.0,82,26,45.66525650024414,20,6,29.96682929992676,20,6,15.69842720031738,60.60314559936524,150,0.4999999999999999,-0.8660254037844387,0.0,15.69842720031738,1,6,2024
2024-05-30,Rajasthan Desert,27.0,73.0,0.0,82,26,45.51321792602539,20,6,31.0363826751709,20,6,14.476835250854492,63.046329498291016,151,0.4999999999999999,-0.8660254037844387,0.0,14.476835250854492,1,6,2024
2024-05-31,Rajasthan Desert,27.0,73.0,0.0,82,26,44.98873519897461,20,6,30.408985137939453,20,6,14.579750061035156,62.84049987792969,152,0.4999999999999999,-0.8660254037844387,0.0,14.579750061035156,1,6,2024
2024-06-01,Rajasthan Desert,27.0,73.0,0.0,82,26,42.99489974975586,20,6,30.793581008911133,20,6,12.201318740844728,67.59736251831055,153,1.2246467991473532e-16,-1.0,0.0,12.201318740844728,1,6,2024
2024-06-02,Rajasthan Desert,27.0,73.0,0.0,82,26,42.42988204956055,20,6,28.695520401000977,20,6,13.73436164855957,64.53127670288086,154,1.2246467991473532e-16,-1.0,0.0,13.73436164855957,1,6,2024
2024-06-03,Rajasthan Desert,27.0,73.0,0.0,82,26,43.35360336303711,20,6,27.787315368652344,20,6,15.566287994384766,60.86742401123047,155,1.2246467991473532e-16,-1.0,0.0,15.566287994384766,1,6,2024
2024-06-04,Rajasthan Desert,27.0,73.0,0.0,82,26,43.56422424316406,20,6,30.614604949951172,20,6,12.94961929321289,66.10076141357422,156,1.2246467991473532e-16,-1.0,0.0,12.94961929321289,1,6,2024
2024-06-05,Rajasthan Desert,27.0,73.0,0.0,82,26,42.31583786010742,20,6,30.26757049560547,20,6,12.048267364501951,67.9034652709961,157,1.2246467991473532e-16,-1.0,0.0,12.048267364501951,1,6,2024
2024-06-06,Rajasthan Desert,27.0,73.0,0.0,82,26,41.28604507446289,20,6,28.30092430114746,20,6,12.98512077331543,66.02975845336914,158,1.2246467991473532e-16,-1.0,0.0,12.98512077331543,1,6,2024
2024-06-07,Rajasthan Desert,27.0,73.0,0.0,82,26,41.87241744995117,20,6,28.27224922180176,20,6,13.60016822814941,64.79966354370117,159,1.2246467991473532e-16,-1.0,0.0,13.60016822814941,1,6,2024
2024-06-08,Rajasthan Desert,27.0,73.0,5.386964321136475,82,26,40.776981353759766,20,6,25.353248596191406,20,6,15.42373275756836,66.71531175004684,160,1.2246467991473532e-16,-1.0,1.8542590883945171,15.42373275756836,1,6,2024
2024-06-09,Rajasthan Desert,27.0,73.0,0.0,82,26,42.019775390625,20,6,27.416458129882812,20,6,14.603317260742188,62.793365478515625,161,1.2246467991473532e-16,-1.0,0.0,14.603317260742188,1,6,2024
2024-06-10,Rajasthan Desert,27.0,73.0,0.0,82,26,42.99330520629883,20,6,28.59719467163086,20,6,14.396110534667969,63.20777893066406,162,1.2246467991473532e-16,-1.0,0.0,14.396110534667969,1,6,2024
2024-06-11,Rajasthan Desert,27.0,73.0,0.0,82,26,43.737003326416016,20,6,29.035383224487305,20,6,14.701620101928713,62.59675979614258,163,1.2246467991473532e-16,-1.0,0.0,14.701620101928713,1,6,2024
2024-06-12,Rajasthan Desert,27.0,73.0,0.0,82,26,43.74188995361328,20,6,29.344144821166992,20,6,14.397745132446287,63.20450973510742,164,1.2246467991473532e-16,-1.0,0.0,14.397745132446287,1,6,2024
2024-06-13,Rajasthan Desert,27.0,73.0,0.0,82,26,43.01034927368164,20,6,30.48419189453125,20,6,12.52615737915039,66.94768524169922,165,1.2246467991473532e-16,-1.0,0.0,12.52615737915039,1,6,2024
2024-06-14,Rajasthan Desert,27.0,73.0,0.0,82,26,42.08679962158203,20,6,30.36357307434082,20,6,11.723226547241213,68.55354690551758,166,1.2246467991473532e-16,-1.0,0.0,11.723226547241213,1,6,2024
2024-06-15,Rajasthan Desert,27.0,73.0,0.0,82,26,42.93829345703125,20,6,29.44152450561523,20,6,13.49676895141602,65.00646209716797,167,1.2246467991473532e-16,-1.0,0.0,13.49676895141602,1,6,2024
2024-06-16,Rajasthan Desert,27.0,73.0,0.0,82,26,43.662376403808594,20,6,30.972436904907227,20,6,12.689939498901367,66.62012100219727,168,1.2246467991473532e-16,-1.0,0.0,12.689939498901367,1,6,2024
2024-06-17,Rajasthan Desert,27.0,73.0,0.0,82,26,43.92230987548828,20,6,31.977458953857425,20,6,11.944850921630856,68.11029815673828,169,1.2246467991473532e-16,-1.0,0.0,11.944850921630856,1,6,2024
2024-06-18,Rajasthan Desert,27.0,73.0,0.0,82,26,43.05582427978515,20,6,32.53441619873047,20,6,10.52140808105468,70.95718383789064,170,1.2246467991473532e-16,-1.0,0.0,10.52140808105468,1,6,2024
2024-06-19,Rajasthan Desert,27.0,73.0,0.0,82,26,42.29902648925781,20,6,31.344846725463867,20,6,10.954179763793944,70.09164047241211,171,1.2246467991473532e-16,-1.0,0.0,10.954179763793944,1,6,2024
2024-06-20,Rajasthan Desert,27.0,73.0,0.0,82,26,40.84746551513672,20,6,29.963998794555664,20,6,10.883466720581056,70.23306655883789,172,1.2246467991473532e-16,-1.0,0.0,10.883466720581056,1,6,2024
2024-06-21,Rajasthan Desert,27.0,73.0,0.0,82,26,36.842166900634766,20,6,26.68610954284668,20,6,10.156057357788086,71.68788528442383,173,1.2246467991473532e-16,-1.0,0.0,10.156057357788086,1,6,2024
2024-06-22,Rajasthan Desert,27.0,73.0,0.0,82,26,39.30962371826172,20,6,26.683435440063477,20,6,12.626188278198242,66.74762344360352,174,1.2246467991473532e-16,-1.0,0.0,12.626188278198242,1,6,2024
2024-06-23,Rajasthan Desert,27.0,73.0,0.0,82,26,41.24545669555664,20,6,29.14094352722168,20,6,12.10451316833496,67.79097366333008,175,1.2246467991473532e-16,-1.0,0.0,12.10451316833496,1,6,2024
2024-06-24,Rajasthan Desert,27.0,73.0,0.0,82,26,41.74845123291016,20,6,30.563451766967773,20,6,11.18499946594239,69.63000106811522,176,1.2246467991473532e-16,-1.0,0.0,11.18499946594239,1,6,2024
2024-06-25,Rajasthan Desert,27.0,73.0,0.0,82,26,40.50434112548828,20,6,29.40549087524414,20,6,11.09885025024414,69.80229949951172,177,1.2246467991473532e-16,-1.0,0.0,11.09885025024414,1,6,2024
2024-06-26,Rajasthan Desert,27.0,73.0,0.2400140762329101,82,26,40.000152587890625,20,6,28.724700927734375,20,6,11.27545166015625,70.09446487374724,178,1.2246467991473532e-16,-1.0,0.2151227313532482,11.27545166015625,1,6,2024
2024-06-27,Rajasthan Desert,27.0,73.0,8.501004219055176,82,26,36.847389221191406,20,6,27.35878562927246,20,6,9.488603591918944,79.77698531702863,179,1.2246467991473532e-16,-1.0,2.2513975002888413,9.488603591918944,1,6,2024
2024-06-28,Rajasthan Desert,27.0,73.0,12.711966514587402,82,26,35.594783782958984,20,6,26.59796905517578,20,6,8.996814727783203,81.86117730383589,180,1.2246467991473532e-16,-1.0,2.618268919800765,8.996814727783203,1,6,2024
2024-06-29,Rajasthan Desert,27.0,73.0,0.0,82,26,36.18052673339844,20,6,27.907041549682617,20,6,8.27348518371582,75.45302963256836,181,1.2246467991473532e-16,-1.0,0.0,8.27348518371582,1,6,2024
2024-06-30,Rajasthan Desert,27.0,73.0,1.774399995803833,82,26,38.629581451416016,20,6,27.54739570617676,20,6,11.082185745239254,72.89693202779637,182,1.2246467991473532e-16,-1.0,1.0204345060916264,11.082185745239254,1,6,2024
2024-07-01,Rajasthan Desert,27.0,73.0,0.0,82,26,37.840763092041016,20,6,27.738401412963867,20,6,10.102361679077148,71.7952766418457,183,-0.4999999999999998,-0.8660254037844388,0.0,10.102361679077148,1,6,2024
2024-07-02,Rajasthan Desert,27.0,73.0,0.0,82,26,37.947898864746094,20,6,28.34771728515625,20,6,9.600181579589844,72.79963684082031,184,-0.4999999999999998,-0.8660254037844388,0.0,9.600181579589844,1,6,2024
2024-07-03,Rajasthan Desert,27.0,73.0,0.0,82,26,39.68855285644531,20,6,28.63779640197754,20,6,11.050756454467772,69.89848709106445,185,-0.4999999999999998,-0.8660254037844388,0.0,11.050756454467772,1,6,2024
2024-07-04,Rajasthan Desert,27.0,73.0,0.0,82,26,34.84158706665039,20,6,27.840660095214844,20,6,7.000926971435547,77.9981460571289,186,-0.4999999999999998,-0.8660254037844388,0.0,7.000926971435547,1,6,2024
2024-07-05,Rajasthan Desert,27.0,73.0,3.488301992416382,82,26,36.449256896972656,20,6,27.13270378112793,20,6,9.316553115844728,77.87131713276884,187,-0.4999999999999998,-0.8660254037844388,1.5014744548194314,9.316553115844728,1,6,2024
2024-07-06,Rajasthan Desert,27.0,73.0,23.670429229736328,82,26,36.17359924316406,20,6,25.26786994934082,20,6,10.905729293823242,79.80535740008622,188,-0.4999999999999998,-0.8660254037844388,3.2056053292442375,10.905729293823242,1,6,2024
2024-07-07,Rajasthan Desert,27.0,73.0,0.0,82,26,34.45439910888672,20,6,26.411998748779297,20,6,8.042400360107422,75.91519927978516,189,-0.4999999999999998,-0.8660254037844388,0.0,8.042400360107422,1,6,2024
2024-07-08,Rajasthan Desert,27.0,73.0,0.0,82,26,35.959964752197266,20,6,27.582876205444336,20,6,8.37708854675293,75.24582290649414,190,-0.4999999999999998,-0.8660254037844388,0.0,8.37708854675293,1,6,2024
2024-07-09,Rajasthan Desert,27.0,73.0,19.80735969543457,82,26,37.90787887573242,20,6,27.35532569885254,20,6,10.552553176879885,80.00081391314507,191,-0.4999999999999998,-0.8660254037844388,3.035306755634943,10.552553176879885,1,6,2024
2024-07-10,Rajasthan Desert,27.0,73.0,0.0,82,26,39.48037338256836,20,6,28.47356414794922,20,6,11.00680923461914,69.98638153076172,192,-0.4999999999999998,-0.8660254037844388,0.0,11.00680923461914,1,6,2024
2024-07-11,Rajasthan Desert,27.0,73.0,0.0,82,26,40.07490539550781,20,6,28.97970962524414,20,6,11.095195770263672,69.80960845947266,193,-0.4999999999999998,-0.8660254037844388,0.0,11.095195770263672,1,6,2024
2024-07-12,Rajasthan Desert,27.0,73.0,0.3154488801956177,82,26,36.78140640258789,20,6,24.38221549987793,20,6,12.39919090270996,68.02415207800821,194,-0.4999999999999998,-0.8660254037844388,0.2741779611427138,12.39919090270996,1,6,2024
2024-07-13,Rajasthan Desert,27.0,73.0,2.0647408962249756,82,26,35.363189697265625,20,6,24.85214614868164,20,6,10.511043548583984,74.33780199136118,195,-0.4999999999999998,-0.8660254037844388,1.119963029509715,10.511043548583984,1,6,2024
2024-07-14,Rajasthan Desert,27.0,73.0,14.917747497558594,82,26,37.64859390258789,20,6,26.39892578125,20,6,11.24966812133789,77.80296780200099,196,-0.4999999999999998,-0.8660254037844388,2.7674346815589237,11.24966812133789,1,6,2024
2024-07-15,Rajasthan Desert,27.0,73.0,0.0,82,26,38.068748474121094,20,6,27.909046173095703,20,6,10.15970230102539,71.68059539794922,197,-0.4999999999999998,-0.8660254037844388,0.0,10.15970230102539,1,6,2024
2024-07-16,Rajasthan Desert,27.0,73.0,0.0,82,26,38.0474853515625,20,6,28.92177391052246,20,6,9.12571144104004,73.74857711791992,198,-0.4999999999999998,-0.8660254037844388,0.0,9.12571144104004,1,6,2024
2024-07-17,Rajasthan Desert,27.0,73.0,0.0,82,26,39.67947006225586,20,6,29.73403549194336,20,6,9.9454345703125,72.109130859375,199,-0.4999999999999998,-0.8660254037844388,0.0,9.9454345703125,1,6,2024
2024-07-18,Rajasthan Desert,27.0,73.0,0.0,82,26,39.22550964355469,20,6,28.919458389282227,20,6,10.30605125427246,71.38789749145508,200,-0.4999999999999998,-0.8660254037844388,0.0,10.30605125427246,1,6,2024
2024-07-19,Rajasthan Desert,27.0,73.0,24.55326461791992,82,26,38.22613906860352,20,6,27.72880744934082,20,6,10.497331619262702,80.72763200802314,201,-0.4999999999999998,-0.8660254037844388,3.240765082182846,10.497331619262702,1,6,2024
2024-07-20,Rajasthan Desert,27.0,73.0,0.0,82,26,38.52368927001953,20,6,28.58389663696289,20,6,9.93979263305664,72.12041473388672,202,-0.4999999999999998,-0.8660254037844388,0.0,9.93979263305664,1,6,2024
2024-07-21,Rajasthan Desert,27.0,73.0,14.254157066345217,82,26,38.971378326416016,20,6,29.247846603393555,20,6,9.72353172302246,80.72749273521725,203,-0.4999999999999998,-0.8660254037844388,2.724852060420727,9.72353172302246,1,6,2024
2024-07-22,Rajasthan Desert,27.0,73.0,0.0,82,26,38.83395004272461,20,6,29.44770622253418,20,6,9.38624382019043,73.22751235961914,204,-0.4999999999999998,-0.8660254037844388,0.0,9.38624382019043,1,6,2024
2024-07-23,Rajasthan Desert,27.0,73.0,9.902090072631836,82,26,36.6915397644043,20,6,27.344560623168945,20,6,9.346979141235352,80.47290527943788,205,-0.4999999999999998,-0.8660254037844388,2.3889545206361955,9.346979141235352,1,6,2024
2024-07-24,Rajasthan Desert,27.0,73.0,0.0,82,26,35.11621856689453,20,6,27.854488372802734,20,6,7.261730194091797,77.4765396118164,206,-0.4999999999999998,-0.8660254037844388,0.0,7.261730194091797,1,6,2024
2024-07-25,Rajasthan Desert,27.0,73.0,0.0,82,26,35.21780776977539,20,6,27.288249969482425,20,6,7.929557800292965,76.14088439941406,207,-0.4999999999999998,-0.8660254037844388,0.0,7.929557800292965,1,6,2024
2024-07-26,Rajasthan Desert,27.0,73.0,1.3955122232437134,82,26,36.08716583251953,20,6,26.890317916870117,20,6,9.196847915649414,76.22709540844193,208,-0.4999999999999998,-0.8660254037844388,0.8735970799135835,9.196847915649414,1,6,2024
2024-07-27,Rajasthan Desert,27.0,73.0,0.0,82,26,36.79240417480469,20,6,27.63265037536621,20,6,9.159753799438477,73.68049240112305,209,-0.4999999999999998,-0.8660254037844388,0.0,9.159753799438477,1,6,2024
2024-07-28,Rajasthan Desert,27.0,73.0,0.931222140789032,82,26,36.83590316772461,20,6,27.241363525390625,20,6,9.594539642333984,74.78537982356742,210,-0.4999999999999998,-0.8660254037844388,0.6581530360784629,9.594539642333984,1,6,2024
2024-07-29,Rajasthan Desert,27.0,73.0,0.2400140762329101,82,26,37.31258010864258,20,6,29.17657470703125,20,6,8.136005401611328,76.37335739083709,211,-0.4999999999999998,-0.8660254037844388,0.2151227313532482,8.136005401611328,1,6,2024
2024-07-30,Rajasthan Desert,27.0,73.0,0.0,82,26,38.03907775878906,20,6,28.623022079467773,20,6,9.416055679321287,73.16788864135742,212,-0.4999999999999998,-0.8660254037844388,0.0,9.416055679321287,1,6,2024
2024-07-31,Rajasthan Desert,27.0,73.0,0.0,82,26,36.89628219604492,20,6,28.4187068939209,20,6,8.477575302124023,75.04484939575195,213,-0.4999999999999998,-0.8660254037844388,0.0,8.477575302124023,1,6,2024
2024-08-01,Rajasthan Desert,27.0,73.0,0.0,82,26,29.184776306152344,20,6,25.859498977661133,20,6,3.325277328491211,85.34944534301758,214,-0.8660254037844384,-0.5000000000000004,0.0,3.325277328491211,1,6,2024
2024-08-02,Rajasthan Desert,27.0,73.0,11.022313117980955,82,26,30.15593147277832,20,6,25.048572540283203,20,6,5.107358932495117,89.24557518408861,215,-0.8660254037844384,-0.5000000000000004,2.486764349692946,5.107358932495117,1,6,2024
2024-08-03,Rajasthan Desert,27.0,73.0,86.70369720458984,82,26,31.596405029296875,20,6,24.95863151550293,20,6,6.637773513793945,92.1463451401016,216,-0.8660254037844384,-0.5000000000000004,4.473964055896492,6.637773513793945,1,6,2024
2024-08-04,Rajasthan Desert,27.0,73.0,0.5520355105400085,82,26,33.240169525146484,20,6,25.933204650878903,20,6,7.306964874267582,78.70477215747042,217,-0.8660254037844384,-0.5000000000000004,0.4395673020018551,7.306964874267582,1,6,2024
2024-08-05,Rajasthan Desert,27.0,73.0,33.99750518798828,82,26,30.042020797729492,20,6,25.580921173095703,20,6,4.461099624633789,93.7436310865494,218,-0.8660254037844384,-0.5000000000000004,3.5552767786056574,4.461099624633789,1,6,2024
2024-08-06,Rajasthan Desert,27.0,73.0,55.51121139526367,82,26,29.123600006103516,20,6,24.369220733642575,20,6,4.754379272460941,94.59455860580412,219,-0.8660254037844384,-0.5000000000000004,4.034439050241993,4.754379272460941,1,6,2024
2024-08-07,Rajasthan Desert,27.0,73.0,10.553948402404783,82,26,29.692270278930664,20,6,24.43820571899414,20,6,5.254064559936523,88.83295257484124,220,-0.8660254037844384,-0.5000000000000004,2.4470272315714308,5.254064559936523,1,6,2024
2024-08-08,Rajasthan Desert,27.0,73.0,1.823013186454773,82,26,29.834491729736328,20,6,25.029441833496097,20,6,4.805049896240231,85.50331466853653,221,-0.8660254037844384,-0.5000000000000004,1.0378048203390022,4.805049896240231,1,6,2024
2024-08-09,Rajasthan Desert,27.0,73.0,0.0,82,26,31.840681076049805,20,6,25.48448944091797,20,6,6.356191635131836,79.28761672973633,222,-0.8660254037844384,-0.5000000000000004,0.0,6.356191635131836,1,6,2024
2024-08-10,Rajasthan Desert,27.0,73.0,0.0,82,26,31.58265686035156,20,6,25.76542091369629,20,6,5.81723594665527,80.36552810668945,223,-0.8660254037844384,-0.5000000000000004,0.0,5.81723594665527,1,6,2024
2024-08-11,Rajasthan Desert,27.0,73.0,7.656325340270996,82,26,31.881656646728516,20,6,25.79062843322754,20,6,6.091028213500977,86.29281449375489,224,-0.8660254037844384,-0.5000000000000004,2.1582903069189485,6.091028213500977,1,6,2024
2024-08-12,Rajasthan Desert,27.0,73.0,0.0,82,26,32.51487350463867,20,6,25.91190528869629,20,6,6.602968215942383,78.79406356811523,225,-0.8660254037844384,-0.5000000000000004,0.0,6.602968215942383,1,6,2024
2024-08-13,Rajasthan Desert,27.0,73.0,8.097419738769531,82,26,32.73927688598633,20,6,25.767353057861328,20,6,6.971923828125,84.68012482812831,226,-0.8660254037844384,-0.5000000000000004,2.207990828126105,6.971923828125,1,6,2024
2024-08-14,Rajasthan Desert,27.0,73.0,21.444936752319336,82,26,32.87844467163086,20,6,26.125484466552734,20,6,6.752960205078125,87.82727475284486,227,-0.8660254037844384,-0.5000000000000004,3.111065054333705,6.752960205078125,1,6,2024
2024-08-15,Rajasthan Desert,27.0,73.0,4.173755168914795,82,26,31.48000144958496,20,6,26.010215759277344,20,6,5.469785690307617,85.99122490882199,228,-0.8660254037844384,-0.5000000000000004,1.6435987631457412,5.469785690307617,1,6,2024
2024-08-16,Rajasthan Desert,27.0,73.0,55.33318328857422,82,26,29.71497917175293,20,6,25.068689346313477,20,6,4.646289825439453,94.80127163732604,229,-0.8660254037844384,-0.5000000000000004,4.031283762734983,4.646289825439453,1,6,2024
2024-08-17,Rajasthan Desert,27.0,73.0,9.828253746032717,82,26,31.757768630981445,20,6,24.521902084350582,20,6,7.235866546630863,84.67474332391343,230,-0.8660254037844384,-0.5000000000000004,2.38215880572505,7.235866546630863,1,6,2024
2024-08-18,Rajasthan Desert,27.0,73.0,1.2431457042694092,82,26,33.48713684082031,20,6,25.8527889251709,20,6,7.634347915649414,79.15494180763439,231,-0.8660254037844384,-0.5000000000000004,0.8078792129777379,7.634347915649414,1,6,2024
2024-08-19,Rajasthan Desert,27.0,73.0,0.0,82,26,34.268497467041016,20,6,25.82200813293457,20,6,8.446489334106445,75.10702133178711,232,-0.8660254037844384,-0.5000000000000004,0.0,8.446489334106445,1,6,2024
2024-08-20,Rajasthan Desert,27.0,73.0,0.0,82,26,34.973819732666016,20,6,26.29805564880371,20,6,8.675764083862305,74.64847183227539,233,-0.8660254037844384,-0.5000000000000004,0.0,8.675764083862305,1,6,2024
2024-08-21,Rajasthan Desert,27.0,73.0,0.0,82,26,34.62759017944336,20,6,25.534101486206055,20,6,9.093488693237305,73.81302261352539,234,-0.8660254037844384,-0.5000000000000004,0.0,9.093488693237305,1,6,2024
2024-08-22,Rajasthan Desert,27.0,73.0,3.8402252197265625,82,26,34.04043197631836,20,6,26.09363174438477,20,6,7.94680023193359,80.83728329407462,235,-0.8660254037844384,-0.5000000000000004,1.5769612526472696,7.94680023193359,1,6,2024
2024-08-23,Rajasthan Desert,27.0,73.0,1.134424090385437,82,26,33.97722244262695,20,6,25.99084091186523,20,6,7.986381530761722,78.30182752867742,236,-0.8660254037844384,-0.5000000000000004,0.7581968634002841,7.986381530761722,1,6,2024
2024-08-24,Rajasthan Desert,27.0,73.0,0.3600210845470428,82,26,34.52906036376953,20,6,25.425800323486328,20,6,9.103260040283203,74.71598052834719,237,-0.8660254037844384,-0.5000000000000004,0.3075002029711988,9.103260040283203,1,6,2024
2024-08-25,Rajasthan Desert,27.0,73.0,1.320077419281006,82,26,33.32122039794922,20,6,25.586999893188477,20,6,7.734220504760742,79.05636065698206,238,-0.8660254037844384,-0.5000000000000004,0.8416005555011838,7.734220504760742,1,6,2024
2024-08-26,Rajasthan Desert,27.0,73.0,4.2070231437683105,82,26,32.46461868286133,20,6,26.249181747436523,20,6,6.215436935424805,84.51915108588715,239,-0.8660254037844384,-0.5000000000000004,1.6500083189122536,6.215436935424805,1,6,2024
2024-08-27,Rajasthan Desert,27.0,73.0,1.4256672859191897,82,26,31.132373809814453,20,6,24.858274459838867,20,6,6.274099349975586,82.1101212680143,240,-0.8660254037844384,-0.5000000000000004,0.886106655988489,6.274099349975586,1,6,2024
2024-08-28,Rajasthan Desert,27.0,73.0,0.2760177552700043,82,26,31.91612434387207,20,6,24.36188507080078,20,6,7.554239273071289,77.6227537527,241,-0.8660254037844384,-0.5000000000000004,0.2437440996141929,7.554239273071289,1,6,2024
2024-08-29,Rajasthan Desert,27.0,73.0,0.0,82,26,31.944026947021484,20,6,24.902816772460938,20,6,7.041210174560547,77.9175796508789,242,-0.8660254037844384,-0.5000000000000004,0.0,7.041210174560547,1,6,2024
2024-08-30,Rajasthan Desert,27.0,73.0,0.4143818914890289,82,26,33.08081817626953,20,6,25.43375015258789,20,6,7.647068023681641,77.74594178220535,243,-0.8660254037844384,-0.5000000000000004,0.3466926098562098,7.647068023681641,1,6,2024
2024-08-31,Rajasthan Desert,27.0,73.0,0.0,82,26,34.2299690246582,20,6,25.11911392211914,20,6,9.110855102539062,73.77828979492188,244,-0.8660254037844384,-0.5000000000000004,0.0,9.110855102539062,1,6,2024
2024-09-01,Rajasthan Desert,27.0,73.0,15.395156860351562,82,26,34.838863372802734,20,6,25.684764862060547,20,6,9.154098510742188,82.08276091198573,245,-1.0,-1.8369701987210294e-16,2.7969859778233688,9.154098510742188,1,6,2024
2024-09-02,Rajasthan Desert,27.0,73.0,8.287637710571289,82,26,34.63169860839844,20,6,25.92937660217285,20,6,8.702322006225586,81.28140869990399,246,-1.0,-1.8369701987210294e-16,2.228684237451721,8.702322006225586,1,6,2024
2024-09-03,Rajasthan Desert,27.0,73.0,0.0,82,26,33.19980239868164,20,6,26.124998092651367,20,6,7.074804306030273,77.85039138793945,247,-1.0,-1.8369701987210294e-16,0.0,7.074804306030273,1,6,2024
2024-09-04,Rajasthan Desert,27.0,73.0,11.814546585083008,82,26,30.36502265930176,20,6,24.08961296081543,20,6,6.275409698486332,87.10092353586481,248,-1.0,-1.8369701987210294e-16,2.550580977612488,6.275409698486332,1,6,2024
2024-09-05,Rajasthan Desert,27.0,73.0,17.17842674255371,82,26,32.8775749206543,20,6,24.57923698425293,20,6,8.298337936401367,84.10403076877145,249,-1.0,-1.8369701987210294e-16,2.900235547191393,8.298337936401367,1,6,2024
2024-09-06,Rajasthan Desert,27.0,73.0,0.0,82,26,32.519134521484375,20,6,25.468883514404297,20,6,7.050251007080078,77.89949798583984,250,-1.0,-1.8369701987210294e-16,0.0,7.050251007080078,1,6,2024
2024-09-07,Rajasthan Desert,27.0,73.0,4.195640563964844,82,26,32.69532012939453,20,6,24.988840103149418,20,6,7.706480026245114,81.53049971017742,251,-1.0,-1.8369701987210294e-16,1.6478199208892197,7.706480026245114,1,6,2024
2024-09-08,Rajasthan Desert,27.0,73.0,1.680098533630371,82,26,33.524879455566406,20,6,25.723878860473633,20,6,7.801000595092773,79.35555949019513,252,-1.0,-1.8369701987210294e-16,0.9858535601268914,7.801000595092773,1,6,2024
2024-09-09,Rajasthan Desert,27.0,73.0,0.0,82,26,35.139034271240234,20,6,26.115129470825195,20,6,9.02390480041504,73.95219039916992,253,-1.0,-1.8369701987210294e-16,0.0,9.02390480041504,1,6,2024
2024-09-10,Rajasthan Desert,27.0,73.0,0.0,82,26,34.39876174926758,20,6,26.109241485595703,20,6,8.289520263671875,75.42095947265625,254,-1.0,-1.8369701987210294e-16,0.0,8.289520263671875,1,6,2024
2024-09-11,Rajasthan Desert,27.0,73.0,0.0,82,26,33.560184478759766,20,6,25.783218383789062,20,6,7.776966094970703,76.4460678100586,255,-1.0,-1.8369701987210294e-16,0.0,7.776966094970703,1,6,2024
2024-09-12,Rajasthan Desert,27.0,73.0,0.0,82,26,34.47216033935547,20,6,26.040966033935547,20,6,8.431194305419922,75.13761138916016,256,-1.0,-1.8369701987210294e-16,0.0,8.431194305419922,1,6,2024
2024-09-13,Rajasthan Desert,27.0,73.0,16.280900955200195,82,26,33.30274963378906,20,6,25.20475959777832,20,6,8.097990036010742,84.3528256298621,257,-1.0,-1.8369701987210294e-16,2.849601900627862,8.097990036010742,1,6,2024
2024-09-14,Rajasthan Desert,27.0,73.0,0.0,82,26,32.784461975097656,20,6,24.355070114135746,20,6,8.42939186096191,75.14121627807617,258,-1.0,-1.8369701987210294e-16,0.0,8.42939186096191,1,6,2024
2024-09-15,Rajasthan Desert,27.0,73.0,0.0,82,26,33.42365646362305,20,6,23.56443977355957,20,6,9.859216690063477,72.28156661987305,259,-1.0,-1.8369701987210294e-16,0.0,9.859216690063477,1,6,2024
2024-09-16,Rajasthan Desert,27.0,73.0,0.0,82,26,34.23847579956055,20,6,23.417430877685547,20,6,10.821044921875,70.35791015625,260,-1.0,-1.8369701987210294e-16,0.0,10.821044921875,1,6,2024
2024-09-17,Rajasthan Desert,27.0,73.0,0.0,82,26,34.597801208496094,20,6,23.523357391357425,20,6,11.074443817138668,69.85111236572266,261,-1.0,-1.8369701987210294e-16,0.0,11.074443817138668,1,6,2024
2024-09-18,Rajasthan Desert,27.0,73.0,0.0,82,26,34.52576446533203,20,6,25.47293472290039,20,6,9.05282974243164,73.89434051513672,262,-1.0,-1.8369701987210294e-16,0.0,9.05282974243164,1,6,2024
2024-09-19,Rajasthan Desert,27.0,73.0,0.0,82,26,31.33249855041504,20,6,23.53850555419922,20,6,7.79399299621582,76.41201400756836,263,-1.0,-1.8369701987210294e-16,0.0,7.79399299621582,1,6,2024
2024-09-20,Rajasthan Desert,27.0,73.0,0.0,82,26,33.67892074584961,20,6,24.49329376220703,20,6,9.185626983642578,73.62874603271484,264,-1.0,-1.8369701987210294e-16,0.0,9.185626983642578,1,6,2024
2024-09-21,Rajasthan Desert,27.0,73.0,0.0,82,26,35.40943908691406,20,6,25.18641662597656,20,6,10.223022460937504,71.553955078125,265,-1.0,-1.8369701987210294e-16,0.0,10.223022460937504,1,6,2024
2024-09-22,Rajasthan Desert,27.0,73.0,0.0,82,26,36.91011047363281,20,6,25.773468017578125,20,6,11.136642456054688,69.72671508789062,266,-1.0,-1.8369701987210294e-16,0.0,11.136642456054688,1,6,2024
2024-09-23,Rajasthan Desert,27.0,73.0,0.0,82,26,37.56084442138672,20,6,26.27779960632324,20,6,11.28304481506348,69.43391036987305,267,-1.0,-1.8369701987210294e-16,0.0,11.28304481506348,1,6,2024
2024-09-24,Rajasthan Desert,27.0,73.0,0.0,82,26,37.406192779541016,20,6,26.436790466308594,20,6,10.969402313232422,70.06119537353516,268,-1.0,-1.8369701987210294e-16,0.0,10.969402313232422,1,6,2024
2024-09-25,Rajasthan Desert,27.0,73.0,0.0,82,26,38.14601516723633,20,6,27.631772994995117,20,6,10.514242172241213,70.97151565551758,269,-1.0,-1.8369701987210294e-16,0.0,10.514242172241213,1,6,2024
2024-09-26,Rajasthan Desert,27.0,73.0,0.0,82,26,37.18876266479492,20,6,27.56422996520996,20,6,9.62453269958496,72.75093460083008,270,-1.0,-1.8369701987210294e-16,0.0,9.62453269958496,1,6,2024
2024-09-27,Rajasthan Desert,27.0,73.0,0.0,82,26,35.96764373779297,20,6,25.85036277770996,20,6,10.117280960083008,71.76543807983398,271,-1.0,-1.8369701987210294e-16,0.0,10.117280960083008,1,6,2024
2024-09-28,Rajasthan Desert,27.0,73.0,0.0,82,26,35.80342483520508,20,6,25.694026947021484,20,6,10.109397888183594,71.78120422363281,272,-1.0,-1.8369701987210294e-16,0.0,10.109397888183594,1,6,2024
2024-09-29,Rajasthan Desert,27.0,73.0,0.0,82,26,36.106224060058594,20,6,24.71686553955078,20,6,11.389358520507812,69.22128295898438,273,-1.0,-1.8369701987210294e-16,0.0,11.389358520507812,1,6,2024
2024-09-30,Rajasthan Desert,27.0,73.0,0.0,82,26,36.92312240600586,20,6,26.22889709472656,20,6,10.6942253112793,70.6115493774414,274,-1.0,-1.8369701987210294e-16,0.0,10.6942253112793,1,6,2024
2024-10-01,Rajasthan Desert,27.0,73.0,0.0,82,26,37.805885314941406,20,6,26.04895401000977,20,6,11.756931304931635,68.48613739013672,275,-0.8660254037844386,0.5000000000000001,0.0,11.756931304931635,1,6,2024
2024-10-02,Rajasthan Desert,27.0,73.0,0.0,82,26,38.43461227416992,20,6,25.85360336303711,20,6,12.581008911132812,66.83798217773438,276,-0.8660254037844386,0.5000000000000001,0.0,12.581008911132812,1,6,2024
2024-10-03,Rajasthan Desert,27.0,73.0,0.0,82,26,37.8448486328125,20,6,24.85384750366211,20,6,12.99100112915039,66.01799774169922,277,-0.8660254037844386,0.5000000000000001,0.0,12.99100112915039,1,6,2024
2024-10-04,Rajasthan Desert,27.0,73.0,0.0,82,26,36.48661804199219,20,6,24.761333465576172,20,6,11.725284576416016,68.54943084716797,278,-0.8660254037844386,0.5000000000000001,0.0,11.725284576416016,1,6,2024
2024-10-05,Rajasthan Desert,27.0,73.0,0.0,82,26,36.315208435058594,20,6,24.56260108947754,20,6,11.752607345581056,68.49478530883789,279,-0.8660254037844386,0.5000000000000001,0.0,11.752607345581056,1,6,2024
2024-10-06,Rajasthan Desert,27.0,73.0,0.0,82,26,35.79994201660156,20,6,23.590906143188477,20,6,12.209035873413086,67.58192825317383,280,-0.8660254037844386,0.5000000000000001,0.0,12.209035873413086,1,6,2024
2024-10-07,Rajasthan Desert,27.0,73.0,0.0,82,26,36.685997009277344,20,6,23.558269500732425,20,6,13.127727508544918,65.74454498291016,281,-0.8660254037844386,0.5000000000000001,0.0,13.127727508544918,1,6,2024
2024-10-08,Rajasthan Desert,27.0,73.0,0.0,82,26,36.67018508911133,20,6,23.6590518951416,20,6,13.011133193969728,65.97773361206055,282,-0.8660254037844386,0.5000000000000001,0.0,13.011133193969728,1,6,2024
2024-10-09,Rajasthan Desert,27.0,73.0,0.0,82,26,36.28426742553711,20,6,23.24134635925293,20,6,13.04292106628418,65.91415786743164,283,-0.8660254037844386,0.5000000000000001,0.0,13.04292106628418,1,6,2024
2024-10-10,Rajasthan Desert,27.0,73.0,0.0,82,26,35.47401428222656,20,6,21.98123550415039,20,6,13.492778778076172,65.01444244384766,284,-0.8660254037844386,0.5000000000000001,0.0,13.492778778076172,1,6,2024
2024-10-11,Rajasthan Desert,27.0,73.0,0.0,82,26,35.90626907348633,20,6,21.099138259887695,20,6,14.807130813598633,62.385738372802734,285,-0.8660254037844386,0.5000000000000001,0.0,14.807130813598633,1,6,2024
2024-10-12,Rajasthan Desert,27.0,73.0,0.0,82,26,36.32879638671875,20,6,20.578887939453125,20,6,15.749908447265623,60.50018310546875,286,-0.8660254037844386,0.5000000000000001,0.0,15.749908447265623,1,6,2024
2024-10-13,Rajasthan Desert,27.0,73.0,0.0,82,26,33.953617095947266,20,6,21.62442398071289,20,6,12.329193115234377,67.34161376953125,287,-0.8660254037844386,0.5000000000000001,0.0,12.329193115234377,1,6,2024
2024-10-14,Rajasthan Desert,27.0,73.0,0.0,82,26,35.223045349121094,20,6,22.02794075012207,20,6,13.195104598999023,65.60979080200195,288,-0.8660254037844386,0.5000000000000001,0.0,13.195104598999023,1,6,2024
2024-10-15,Rajasthan Desert,27.0,73.0,0.0,82,26,36.359230041503906,20,6,21.06216049194336,20,6,15.297069549560549,61.405860900878906,289,-0.8660254037844386,0.5000000000000001,0.0,15.297069549560549,1,6,2024
2024-10-16,Rajasthan Desert,27.0,73.0,0.0,82,26,37.192665100097656,20,6,20.937700271606445,20,6,16.25496482849121,59.49007034301758,290,-0.8660254037844386,0.5000000000000001,0.0,16.25496482849121,1,6,2024
2024-10-17,Rajasthan Desert,27.0,73.0,0.0,82,26,37.108917236328125,20,6,21.648174285888672,20,6,15.460742950439451,61.078514099121094,291,-0.8660254037844386,0.5000000000000001,0.0,15.460742950439451,1,6,2024
2024-10-18,Rajasthan Desert,27.0,73.0,0.0,82,26,37.889259338378906,20,6,21.81505584716797,20,6,16.074203491210938,59.851593017578125,292,-0.8660254037844386,0.5000000000000001,0.0,16.074203491210938,1,6,2024
2024-10-19,Rajasthan Desert,27.0,73.0,0.0,82,26,37.650299072265625,20,6,21.633155822753903,20,6,16.017143249511722,59.965713500976555,293,-0.8660254037844386,0.5000000000000001,0.0,16.017143249511722,1,6,2024
2024-10-20,Rajasthan Desert,27.0,73.0,0.0,82,26,37.42368698120117,20,6,22.05243682861328,20,6,15.37125015258789,61.25749969482422,294,-0.8660254037844386,0.5000000000000001,0.0,15.37125015258789,1,6,2024
2024-10-21,Rajasthan Desert,27.0,73.0,0.0,82,26,36.184783935546875,20,6,22.079160690307617,20,6,14.105623245239258,63.78875350952149,295,-0.8660254037844386,0.5000000000000001,0.0,14.105623245239258,1,6,2024
2024-10-22,Rajasthan Desert,27.0,73.0,3.4350621700286865,82,26,34.83184051513672,20,6,21.090639114379883,20,6,13.741201400756836,68.9862220996106,296,-0.8660254037844386,0.5000000000000001,1.489541633708091,13.741201400756836,1,6,2024
2024-10-23,Rajasthan Desert,27.0,73.0,0.0,82,26,35.3418083190918,20,6,21.524169921875,20,6,13.817638397216797,64.3647232055664,297,-0.8660254037844386,0.5000000000000001,0.0,13.817638397216797,1,6,2024
2024-10-24,Rajasthan Desert,27.0,73.0,0.0,82,26,35.22629165649414,20,6,19.811771392822266,20,6,15.414520263671877,61.17095947265625,298,-0.8660254037844386,0.5000000000000001,0.0,15.414520263671877,1,6,2024
2024-10-25,Rajasthan Desert,27.0,73.0,0.0,82,26,35.87274932861328,20,6,20.004207611083984,20,6,15.868541717529297,60.262916564941406,299,-0.8660254037844386,0.5000000000000001,0.0,15.868541717529297,1,6,2024
2024-10-26,Rajasthan Desert,27.0,73.0,0.0,82,26,36.98661804199219,20,6,20.28307342529297,20,6,16.70354461669922,58.59291076660156,300,-0.8660254037844386,0.5000000000000001,0.0,16.70354461669922,1,6,2024
2024-10-27,Rajasthan Desert,27.0,73.0,0.0,82,26,37.84123992919922,20,6,21.016725540161133,20,6,16.824514389038086,58.35097122192383,301,-0.8660254037844386,0.5000000000000001,0.0,16.824514389038086,1,6,2024
2024-10-28,Rajasthan Desert,27.0,73.0,0.0,82,26,38.17123794555664,20,6,22.06555557250977,20,6,16.10568237304687,59.78863525390626,302,-0.8660254037844386,0.5000000000000001,0.0,16.10568237304687,1,6,2024
2024-10-29,Rajasthan Desert,27.0,73.0,0.0,82,26,38.252662658691406,20,6,21.50949478149414,20,6,16.743167877197266,58.51366424560547,303,-0.8660254037844386,0.5000000000000001,0.0,16.743167877197266,1,6,2024
2024-10-30,Rajasthan Desert,27.0,73.0,0.0,82,26,37.419803619384766,20,6,20.90127944946289,20,6,16.518524169921875,58.96295166015625,304,-0.8660254037844386,0.5000000000000001,0.0,16.518524169921875,1,6,2024
2024-10-31,Rajasthan Desert,27.0,73.0,0.0,82,26,35.917598724365234,20,6,20.924829483032227,20,6,14.992769241333008,62.014461517333984,305,-0.8660254037844386,0.5000000000000001,0.0,14.992769241333008,1,6,2024
2024-11-01,Rajasthan Desert,27.0,73.0,0.0,82,26,35.6976318359375,20,6,19.854331970214844,20,6,15.843299865722656,60.31340026855469,306,-0.5000000000000004,0.8660254037844384,0.0,15.843299865722656,1,6,2024
2024-11-02,Rajasthan Desert,27.0,73.0,0.0,82,26,36.06929397583008,20,6,19.126861572265625,20,6,16.942432403564453,58.115135192871094,307,-0.5000000000000004,0.8660254037844384,0.0,16.942432403564453,1,6,2024
2024-11-03,Rajasthan Desert,27.0,73.0,0.0,82,26,35.66596603393555,20,6,19.039966583251953,20,6,16.625999450683594,58.74800109863281,308,-0.5000000000000004,0.8660254037844384,0.0,16.625999450683594,1,6,2024
2024-11-04,Rajasthan Desert,27.0,73.0,0.0,82,26,35.50666046142578,20,6,18.38879776000977,20,6,17.117862701416012,57.764274597167976,309,-0.5000000000000004,0.8660254037844384,0.0,17.117862701416012,1,6,2024
2024-11-05,Rajasthan Desert,27.0,73.0,0.0,82,26,35.248085021972656,20,6,19.400890350341797,20,6,15.84719467163086,60.30561065673828,310,-0.5000000000000004,0.8660254037844384,0.0,15.84719467163086,1,6,2024
2024-11-06,Rajasthan Desert,27.0,73.0,0.0,82,26,35.16387939453125,20,6,19.310096740722656,20,6,15.853782653808594,60.29243469238281,311,-0.5000000000000004,0.8660254037844384,0.0,15.853782653808594,1,6,2024
2024-11-07,Rajasthan Desert,27.0,73.0,0.0,82,26,35.21240997314453,20,6,19.104473114013672,20,6,16.10793685913086,59.78412628173828,312,-0.5000000000000004,0.8660254037844384,0.0,16.10793685913086,1,6,2024
2024-11-08,Rajasthan Desert,27.0,73.0,0.0,82,26,35.6746940612793,20,6,19.370874404907227,20,6,16.30381965637207,59.39236068725586,313,-0.5000000000000004,0.8660254037844384,0.0,16.30381965637207,1,6,2024
2024-11-09,Rajasthan Desert,27.0,73.0,0.0,82,26,34.971458435058594,20,6,18.68853187561035,20,6,16.282926559448242,59.43414688110352,314,-0.5000000000000004,0.8660254037844384,0.0,16.282926559448242,1,6,2024
2024-11-10,Rajasthan Desert,27.0,73.0,0.0,82,26,33.895538330078125,20,6,18.27346420288086,20,6,15.622074127197266,60.75585174560547,315,-0.5000000000000004,0.8660254037844384,0.0,15.622074127197266,1,6,2024
2024-11-11,Rajasthan Desert,27.0,73.0,0.0,82,26,33.8442497253418,20,6,17.69089126586914,20,6,16.153358459472656,59.69328308105469,316,-0.5000000000000004,0.8660254037844384,0.0,16.153358459472656,1,6,2024
2024-11-12,Rajasthan Desert,27.0,73.0,0.0,82,26,32.57891082763672,20,6,16.482206344604492,20,6,16.096704483032227,59.80659103393555,317,-0.5000000000000004,0.8660254037844384,0.0,16.096704483032227,1,6,2024
2024-11-13,Rajasthan Desert,27.0,73.0,0.0,82,26,31.905000686645508,20,6,16.390310287475586,20,6,15.514690399169922,60.97061920166016,318,-0.5000000000000004,0.8660254037844384,0.0,15.514690399169922,1,6,2024
2024-11-14,Rajasthan Desert,27.0,73.0,0.0,82,26,32.4747314453125,20,6,17.14930534362793,20,6,15.32542610168457,61.34914779663086,319,-0.5000000000000004,0.8660254037844384,0.0,15.32542610168457,1,6,2024
2024-11-15,Rajasthan Desert,27.0,73.0,0.0,82,26,31.84364318847656,20,6,16.743547439575195,20,6,15.100095748901364,61.79980850219727,320,-0.5000000000000004,0.8660254037844384,0.0,15.100095748901364,1,6,2024
2024-11-16,Rajasthan Desert,27.0,73.0,0.0,82,26,30.886043548583984,20,6,16.26529312133789,20,6,14.620750427246094,62.75849914550781,321,-0.5000000000000004,0.8660254037844384,0.0,14.620750427246094,1,6,2024
2024-11-17,Rajasthan Desert,27.0,73.0,0.0,82,26,27.638643264770508,20,6,15.905494689941406,20,6,11.733148574829102,68.5337028503418,322,-0.5000000000000004,0.8660254037844384,0.0,11.733148574829102,1,6,2024
2024-11-18,Rajasthan Desert,27.0,73.0,0.0,82,26,28.702909469604492,20,6,13.495731353759766,20,6,15.207178115844728,61.58564376831055,323,-0.5000000000000004,0.8660254037844384,0.0,15.207178115844728,1,6,2024
2024-11-19,Rajasthan Desert,27.0,73.0,0.0,82,26,28.57813835144043,20,6,12.553792953491213,20,6,16.02434539794922,59.95130920410156,324,-0.5000000000000004,0.8660254037844384,0.0,16.02434539794922,1,6,2024
2024-11-20,Rajasthan Desert,27.0,73.0,0.0,82,26,28.507293701171875,20,6,12.1671142578125,20,6,16.340179443359375,59.31964111328125,325,-0.5000000000000004,0.8660254037844384,0.0,16.340179443359375,1,6,2024
2024-11-21,Rajasthan Desert,27.0,73.0,0.0,82,26,28.964336395263672,20,6,11.859776496887209,20,6,17.104559898376465,57.79088020324707,326,-0.5000000000000004,0.8660254037844384,0.0,17.104559898376465,1,6,2024
2024-11-22,Rajasthan Desert,27.0,73.0,0.0,82,26,30.27040672302246,20,6,12.143731117248535,20,6,18.12667560577393,55.74664878845215,327,-0.5000000000000004,0.8660254037844384,0.0,18.12667560577393,1,6,2024
2024-11-23,Rajasthan Desert,27.0,73.0,0.0,82,26,30.382659912109375,20,6,12.843955039978027,20,6,17.538704872131348,56.922590255737305,328,-0.5000000000000004,0.8660254037844384,0.0,17.538704872131348,1,6,2024
2024-11-24,Rajasthan Desert,27.0,73.0,0.0,82,26,29.996017456054688,20,6,12.949419975280762,20,6,17.046597480773926,57.90680503845215,329,-0.5000000000000004,0.8660254037844384,0.0,17.046597480773926,1,6,2024
2024-11-25,Rajasthan Desert,27.0,73.0,0.0,82,26,29.36193084716797,20,6,13.190141677856444,20,6,16.171789169311523,59.65642166137695,330,-0.5000000000000004,0.8660254037844384,0.0,16.171789169311523,1,6,2024
2024-11-26,Rajasthan Desert,27.0,73.0,0.0,82,26,29.443349838256836,20,6,12.459189414978027,20,6,16.98416042327881,58.03167915344238,331,-0.5000000000000004,0.8660254037844384,0.0,16.98416042327881,1,6,2024
2024-11-27,Rajasthan Desert,27.0,73.0,0.0,82,26,29.701772689819336,20,6,12.952500343322754,20,6,16.749272346496582,58.50145530700683,332,-0.5000000000000004,0.8660254037844384,0.0,16.749272346496582,1,6,2024
2024-11-28,Rajasthan Desert,27.0,73.0,0.0,82,26,29.87460708618164,20,6,12.48531436920166,20,6,17.38929271697998,57.22141456604004,333,-0.5000000000000004,0.8660254037844384,0.0,17.38929271697998,1,6,2024
2024-11-29,Rajasthan Desert,27.0,73.0,0.0,82,26,28.67510986328125,20,6,11.49804973602295,20,6,17.1770601272583,57.6458797454834,334,-0.5000000000000004,0.8660254037844384,0.0,17.1770601272583,1,6,2024
2024-11-30,Rajasthan Desert,27.0,73.0,0.0,82,26,27.35782241821289,20,6,11.77281665802002,20,6,15.585005760192873,60.82998847961426,335,-0.5000000000000004,0.8660254037844384,0.0,15.585005760192873,1,6,2024
2024-12-01,Rajasthan Desert,27.0,73.0,0.0,82,26,27.65044593811035,20,6,12.677823066711426,20,6,14.972622871398926,62.05475425720215,336,-2.4492935982947064e-16,1.0,0.0,14.972622871398926,1,6,2024
2024-12-02,Rajasthan Desert,27.0,73.0,0.0,82,26,28.234346389770508,20,6,12.77347469329834,20,6,15.460871696472168,61.078256607055664,337,-2.4492935982947064e-16,1.0,0.0,15.460871696472168,1,6,2024
2024-12-03,Rajasthan Desert,27.0,73.0,0.0,82,26,28.05039978027344,20,6,12.531421661376951,20,6,15.51897811889649,60.96204376220702,338,-2.4492935982947064e-16,1.0,0.0,15.51897811889649,1,6,2024
2024-12-04,Rajasthan Desert,27.0,73.0,0.0,82,26,27.48290252685547,20,6,12.613614082336426,20,6,14.869288444519045,62.261423110961914,339,-2.4492935982947064e-16,1.0,0.0,14.869288444519045,1,6,2024
2024-12-05,Rajasthan Desert,27.0,73.0,0.0,82,26,27.488168716430664,20,6,10.403508186340332,20,6,17.084660530090332,57.830678939819336,340,-2.4492935982947064e-16,1.0,0.0,17.084660530090332,1,6,2024
2024-12-06,Rajasthan Desert,27.0,73.0,0.0,82,26,27.195762634277344,20,6,10.32181453704834,20,6,16.873948097229004,58.25210380554199,341,-2.4492935982947064e-16,1.0,0.0,16.873948097229004,1,6,2024
2024-12-07,Rajasthan Desert,27.0,73.0,0.0,82,26,27.15007781982422,20,6,8.591609954833984,20,6,18.55846786499023,54.88306427001953,342,-2.4492935982947064e-16,1.0,0.0,18.55846786499023,1,6,2024
2024-12-08,Rajasthan Desert,27.0,73.0,0.0,82,26,25.440446853637695,20,6,10.100939750671388,20,6,15.339507102966309,61.32098579406738,343,-2.4492935982947064e-16,1.0,0.0,15.339507102966309,1,6,2024
2024-12-09,Rajasthan Desert,27.0,73.0,0.0,82,26,22.012117385864254,20,6,8.870285034179688,20,6,13.141832351684569,65.71633529663086,344,-2.4492935982947064e-16,1.0,0.0,13.141832351684569,1,6,2024
2024-12-10,Rajasthan Desert,27.0,73.0,0.0,82,26,22.733051300048828,20,6,7.279091835021973,20,6,15.453959465026855,61.09208106994629,345,-2.4492935982947064e-16,1.0,0.0,15.453959465026855,1,6,2024
2024-12-11,Rajasthan Desert,27.0,73.0,0.0,82,26,24.21381378173828,20,6,6.308820724487305,20,6,17.904993057250977,56.19001388549805,346,-2.4492935982947064e-16,1.0,0.0,17.904993057250977,1,6,2024
2024-12-12,Rajasthan Desert,27.0,73.0,0.0,82,26,23.564897537231445,20,6,5.682975769042969,20,6,17.881921768188477,56.23615646362305,347,-2.4492935982947064e-16,1.0,0.0,17.881921768188477,1,6,2024
2024-12-13,Rajasthan Desert,27.0,73.0,0.0,82,26,23.306716918945312,20,6,6.622090816497803,20,6,16.68462610244751,58.63074779510498,348,-2.4492935982947064e-16,1.0,0.0,16.68462610244751,1,6,2024
2024-12-14,Rajasthan Desert,27.0,73.0,0.0,82,26,24.75450134277344,20,6,5.937012672424316,20,6,18.817488670349125,54.36502265930175,349,-2.4492935982947064e-16,1.0,0.0,18.817488670349125,1,6,2024
2024-12-15,Rajasthan Desert,27.0,73.0,0.0,82,26,26.152761459350582,20,6,4.782503128051758,20,6,21.370258331298825,49.25948333740235,350,-2.4492935982947064e-16,1.0,0.0,21.370258331298825,1,6,2024
2024-12-16,Rajasthan Desert,27.0,73.0,0.0,82,26,25.40782165527344,20,6,5.6306538581848145,20,6,19.777167797088627,52.44566440582275,351,-2.4492935982947064e-16,1.0,0.0,19.777167797088627,1,6,2024
2024-12-17,Rajasthan Desert,27.0,73.0,0.0,82,26,23.974700927734375,20,6,5.9005022048950195,20,6,18.074198722839355,55.85160255432129,352,-2.4492935982947064e-16,1.0,0.0,18.074198722839355,1,6,2024
2024-12-18,Rajasthan Desert,27.0,73.0,0.0,82,26,23.039474487304688,20,6,6.134468078613281,20,6,16.905006408691406,58.18998718261719,353,-2.4492935982947064e-16,1.0,0.0,16.905006408691406,1,6,2024
2024-12-19,Rajasthan Desert,27.0,73.0,0.0,82,26,22.945863723754883,20,6,6.995535850524902,20,6,15.95032787322998,60.09934425354004,354,-2.4492935982947064e-16,1.0,0.0,15.95032787322998,1,6,2024
2024-12-20,Rajasthan Desert,27.0,73.0,0.0,82,26,22.259632110595703,20,6,9.129852294921877,20,6,13.129779815673826,65.74044036865234,355,-2.4492935982947064e-16,1.0,0.0,13.129779815673826,1,6,2024
2024-12-21,Rajasthan Desert,27.0,73.0,0.0,82,26,23.62531089782715,20,6,7.905712127685547,20,6,15.719598770141602,60.5608024597168,356,-2.4492935982947064e-16,1.0,0.0,15.719598770141602,1,6,2024
2024-12-22,Rajasthan Desert,27.0,73.0,0.0,82,26,24.817537307739254,20,6,9.458234786987305,20,6,15.35930252075195,61.2813949584961,357,-2.4492935982947064e-16,1.0,0.0,15.35930252075195,1,6,2024
2024-12-23,Rajasthan Desert,27.0,73.0,0.0,82,26,21.02682304382324,20,6,12.533586502075195,20,6,8.493236541748043,75.0135269165039,358,-2.4492935982947064e-16,1.0,0.0,8.493236541748043,1,6,2024
2024-12-24,Rajasthan Desert,27.0,73.0,0.0,82,26,20.64221954345703,20,6,9.69680118560791,20,6,10.94541835784912,70.10916328430176,359,-2.4492935982947064e-16,1.0,0.0,10.94541835784912,1,6,2024
2024-12-25,Rajasthan Desert,27.0,73.0,0.0,82,26,21.077003479003903,20,6,8.784954071044922,20,6,12.29204940795898,67.41590118408203,360,-2.4492935982947064e-16,1.0,0.0,12.29204940795898,1,6,2024
2024-12-26,Rajasthan Desert,27.0,73.0,0.0,82,26,21.53959846496582,20,6,8.643153190612793,20,6,12.896445274353027,66.20710945129395,361,-2.4492935982947064e-16,1.0,0.0,12.896445274353027,1,6,2024
2024-12-27,Rajasthan Desert,27.0,73.0,0.0,82,26,18.79572296142578,20,6,12.27206802368164,20,6,6.523654937744141,78.95269012451172,362,-2.4492935982947064e-16,1.0,0.0,6.523654937744141,1,6,2024
2024-12-28,Rajasthan Desert,27.0,73.0,0.0,82,26,20.039710998535156,20,6,10.826342582702637,20,6,9.21336841583252,73.57326316833496,363,-2.4492935982947064e-16,1.0,0.0,9.21336841583252,1,6,2024
2024-12-29,Rajasthan Desert,27.0,73.0,0.0,82,26,18.570018768310547,20,6,7.271812915802002,20,6,11.298205852508543,69.40358829498291,364,-2.4492935982947064e-16,1.0,0.0,11.298205852508543,1,6,2024
2024-12-30,Rajasthan Desert,27.0,73.0,0.0,82,26,19.93156623840332,20,6,7.344830513000488,20,6,12.586735725402832,66.82652854919434,365,-2.4492935982947064e-16,1.0,0.0,12.586735725402832,1,6,2024
2024-12-31,Rajasthan Desert,27.0,73.0,0.0,82,26,19.103519439697266,20,6,6.350553035736084,20,6,12.752966403961182,66.49406719207764,366,-2.4492935982947064e-16,1.0,0.0,12.752966403961182,1,6,2024
