date,region,latitude,longitude,rainfall_mm,grid_row_x,grid_col_x,tmax_c,grid_row_y,grid_col_y,tmin_c,grid_row,grid_col,diurnal_range_c,humidity_pct,day_of_year,month_sin,month_cos,rain_intensity,temperature_gap,grid_points,region_code,year
2025-01-01,Central India,22.0,79.0,0.0,62,50,25.408740997314453,14,12,11.002135276794434,14,12,14.40660572052002,63.18678855895996,1,0.4999999999999999,0.8660254037844387,0.0,14.40660572052002,1,0,2025
2025-01-02,Central India,22.0,79.0,0.0,62,50,27.513755798339844,14,12,7.885927200317383,14,12,19.62782859802246,52.74434280395508,2,0.4999999999999999,0.8660254037844387,0.0,19.62782859802246,1,0,2025
2025-01-03,Central India,22.0,79.0,0.0,62,50,28.012006759643555,14,12,7.982396125793457,14,12,20.029610633850098,51.940778732299805,3,0.4999999999999999,0.8660254037844387,0.0,20.029610633850098,1,0,2025
2025-01-04,Central India,22.0,79.0,0.0,62,50,28.490861892700195,14,12,8.665719985961914,14,12,19.82514190673828,52.34971618652344,4,0.4999999999999999,0.8660254037844387,0.0,19.82514190673828,1,0,2025
2025-01-05,Central India,22.0,79.0,0.0,62,50,27.23472785949707,14,12,8.931136131286621,14,12,18.30359172821045,55.3928165435791,5,0.4999999999999999,0.8660254037844387,0.0,18.30359172821045,1,0,2025
2025-01-06,Central India,22.0,79.0,0.0,62,50,28.19185447692871,14,12,11.941917419433594,14,12,16.249937057495117,59.500125885009766,6,0.4999999999999999,0.8660254037844387,0.0,16.249937057495117,1,0,2025
2025-01-07,Central India,22.0,79.0,0.0,62,50,25.057296752929688,14,12,11.302411079406738,14,12,13.75488567352295,64.4902286529541,7,0.4999999999999999,0.8660254037844387,0.0,13.75488567352295,1,0,2025
2025-01-08,Central India,22.0,79.0,0.0,62,50,24.938037872314453,14,12,7.466798782348633,14,12,17.47123908996582,57.05752182006836,8,0.4999999999999999,0.8660254037844387,0.0,17.47123908996582,1,0,2025
2025-01-09,Central India,22.0,79.0,0.0,62,50,26.262052536010746,14,12,7.314558506011963,14,12,18.947494029998783,54.105011940002434,9,0.4999999999999999,0.8660254037844387,0.0,18.947494029998783,1,0,2025
2025-01-10,Central India,22.0,79.0,0.0,62,50,26.979896545410156,14,12,8.819029808044434,14,12,18.160866737365723,55.678266525268555,10,0.4999999999999999,0.8660254037844387,0.0,18.160866737365723,1,0,2025
2025-01-11,Central India,22.0,79.0,0.0,62,50,27.447490692138672,14,12,10.73769760131836,14,12,16.709793090820312,58.580413818359375,11,0.4999999999999999,0.8660254037844387,0.0,16.709793090820312,1,0,2025
2025-01-12,Central India,22.0,79.0,0.0,62,50,24.602218627929688,14,12,14.288503646850586,14,12,10.313714981079102,71.3725700378418,12,0.4999999999999999,0.8660254037844387,0.0,10.313714981079102,1,0,2025
2025-01-13,Central India,22.0,79.0,0.0,62,50,22.89881706237793,14,12,13.321910858154297,14,12,9.576906204223633,72.84618759155273,13,0.4999999999999999,0.8660254037844387,0.0,9.576906204223633,1,0,2025
2025-01-14,Central India,22.0,79.0,0.0,62,50,25.061647415161133,14,12,10.26116943359375,14,12,14.800477981567385,62.399044036865234,14,0.4999999999999999,0.8660254037844387,0.0,14.800477981567385,1,0,2025
2025-01-15,Central India,22.0,79.0,0.0,62,50,25.996509552001953,14,12,11.435920715332031,14,12,14.560588836669922,62.87882232666016,15,0.4999999999999999,0.8660254037844387,0.0,14.560588836669922,1,0,2025
2025-01-16,Central India,22.0,79.0,0.0,62,50,26.63808822631836,14,12,12.92221450805664,14,12,13.71587371826172,64.56825256347656,16,0.4999999999999999,0.8660254037844387,0.0,13.71587371826172,1,0,2025
2025-01-17,Central India,22.0,79.0,0.0,62,50,25.572593688964844,14,12,13.084229469299316,14,12,12.488364219665527,67.02327156066895,17,0.4999999999999999,0.8660254037844387,0.0,12.488364219665527,1,0,2025
2025-01-18,Central India,22.0,79.0,0.0,62,50,27.14933967590332,14,12,10.913698196411133,14,12,16.235641479492188,59.528717041015625,18,0.4999999999999999,0.8660254037844387,0.0,16.235641479492188,1,0,2025
2025-01-19,Central India,22.0,79.0,0.0,62,50,28.0885066986084,14,12,10.879589080810549,14,12,17.20891761779785,57.5821647644043,19,0.4999999999999999,0.8660254037844387,0.0,17.20891761779785,1,0,2025
2025-01-20,Central India,22.0,79.0,0.0,62,50,29.03968620300293,14,12,10.971742630004885,14,12,18.067943572998047,55.864112854003906,20,0.4999999999999999,0.8660254037844387,0.0,18.067943572998047,1,0,2025
2025-01-21,Central India,22.0,79.0,0.0,62,50,29.33281707763672,14,12,11.985952377319336,14,12,17.346864700317383,57.306270599365234,21,0.4999999999999999,0.8660254037844387,0.0,17.346864700317383,1,0,2025
2025-01-22,Central India,22.0,79.0,0.0,62,50,30.827133178710938,14,12,12.662803649902344,14,12,18.164329528808594,55.67134094238281,22,0.4999999999999999,0.8660254037844387,0.0,18.164329528808594,1,0,2025
2025-01-23,Central India,22.0,79.0,0.0,62,50,30.101879119873047,14,12,13.91457176208496,14,12,16.187307357788086,59.62538528442383,23,0.4999999999999999,0.8660254037844387,0.0,16.187307357788086,1,0,2025
2025-01-24,Central India,22.0,79.0,0.0,62,50,29.760053634643555,14,12,14.269124031066896,14,12,15.490929603576658,61.01814079284668,24,0.4999999999999999,0.8660254037844387,0.0,15.490929603576658,1,0,2025
2025-01-25,Central India,22.0,79.0,0.0,62,50,29.45572280883789,14,12,12.841631889343262,14,12,16.61409091949463,58.77181816101074,25,0.4999999999999999,0.8660254037844387,0.0,16.61409091949463,1,0,2025
2025-01-26,Central India,22.0,79.0,0.0,62,50,29.544631958007812,14,12,12.20932960510254,14,12,17.335302352905273,57.32939529418945,26,0.4999999999999999,0.8660254037844387,0.0,17.335302352905273,1,0,2025
2025-01-27,Central India,22.0,79.0,0.0,62,50,30.06468963623047,14,12,11.160311698913574,14,12,18.904377937316895,54.19124412536621,27,0.4999999999999999,0.8660254037844387,0.0,18.904377937316895,1,0,2025
2025-01-28,Central India,22.0,79.0,0.0,62,50,30.834644317626953,14,12,11.746112823486328,14,12,19.088531494140625,53.82293701171875,28,0.4999999999999999,0.8660254037844387,0.0,19.088531494140625,1,0,2025
2025-01-29,Central India,22.0,79.0,0.0,62,50,31.416688919067383,14,12,13.491172790527344,14,12,17.92551612854004,56.14896774291992,29,0.4999999999999999,0.8660254037844387,0.0,17.92551612854004,1,0,2025
2025-01-30,Central India,22.0,79.0,0.0,62,50,31.73839569091797,14,12,15.515311241149902,14,12,16.223084449768066,59.55383110046387,30,0.4999999999999999,0.8660254037844387,0.0,16.223084449768066,1,0,2025
2025-01-31,Central India,22.0,79.0,0.0,62,50,31.66421127319336,14,12,13.672658920288086,14,12,17.991552352905273,56.01689529418945,31,0.4999999999999999,0.8660254037844387,0.0,17.991552352905273,1,0,2025
2025-02-01,Central India,22.0,79.0,0.0,62,50,31.5778865814209,14,12,15.901618957519531,14,12,15.676267623901367,60.647464752197266,32,0.8660254037844386,0.5000000000000001,0.0,15.676267623901367,1,0,2025
2025-02-02,Central India,22.0,79.0,0.0,62,50,32.1231689453125,14,12,16.185441970825195,14,12,15.937726974487305,60.12454605102539,33,0.8660254037844386,0.5000000000000001,0.0,15.937726974487305,1,0,2025
2025-02-03,Central India,22.0,79.0,0.0,62,50,32.68022155761719,14,12,15.979446411132812,14,12,16.700775146484375,58.59844970703125,34,0.8660254037844386,0.5000000000000001,0.0,16.700775146484375,1,0,2025
2025-02-04,Central India,22.0,79.0,0.0,62,50,33.80506134033203,14,12,16.93701171875,14,12,16.86804962158203,58.26390075683594,35,0.8660254037844386,0.5000000000000001,0.0,16.86804962158203,1,0,2025
2025-02-05,Central India,22.0,79.0,0.0,62,50,31.213525772094727,14,12,16.67013168334961,14,12,14.543394088745115,62.913211822509766,36,0.8660254037844386,0.5000000000000001,0.0,14.543394088745115,1,0,2025
2025-02-06,Central India,22.0,79.0,0.0,62,50,27.12954330444336,14,12,14.31441879272461,14,12,12.81512451171875,66.3697509765625,37,0.8660254037844386,0.5000000000000001,0.0,12.81512451171875,1,0,2025
2025-02-07,Central India,22.0,79.0,0.0,62,50,28.475465774536133,14,12,12.524085998535156,14,12,15.951379776000977,60.09724044799805,38,0.8660254037844386,0.5000000000000001,0.0,15.951379776000977,1,0,2025
2025-02-08,Central India,22.0,79.0,0.0,62,50,30.501405715942383,14,12,12.217549324035645,14,12,18.28385639190674,55.43228721618652,39,0.8660254037844386,0.5000000000000001,0.0,18.28385639190674,1,0,2025
2025-02-09,Central India,22.0,79.0,0.0,62,50,32.32599639892578,14,12,13.067399978637695,14,12,19.25859642028809,53.48280715942383,40,0.8660254037844386,0.5000000000000001,0.0,19.25859642028809,1,0,2025
2025-02-10,Central India,22.0,79.0,0.0,62,50,32.61250305175781,14,12,15.113946914672852,14,12,17.49855613708496,57.00288772583008,41,0.8660254037844386,0.5000000000000001,0.0,17.49855613708496,1,0,2025
2025-02-11,Central India,22.0,79.0,0.0,62,50,32.93272018432617,14,12,15.926867485046388,14,12,17.005852699279785,57.98829460144043,42,0.8660254037844386,0.5000000000000001,0.0,17.005852699279785,1,0,2025
2025-02-12,Central India,22.0,79.0,0.0,62,50,32.68634796142578,14,12,15.215867042541504,14,12,17.470480918884277,57.059038162231445,43,0.8660254037844386,0.5000000000000001,0.0,17.470480918884277,1,0,2025
2025-02-13,Central India,22.0,79.0,0.0,62,50,29.439388275146484,14,12,13.021363258361816,14,12,16.418025016784668,59.163949966430664,44,0.8660254037844386,0.5000000000000001,0.0,16.418025016784668,1,0,2025
2025-02-14,Central India,22.0,79.0,0.0,62,50,30.481937408447266,14,12,11.357626914978027,14,12,19.12431049346924,53.75137901306152,45,0.8660254037844386,0.5000000000000001,0.0,19.12431049346924,1,0,2025
2025-02-15,Central India,22.0,79.0,0.0,62,50,32.9538688659668,14,12,11.903223037719728,14,12,21.05064582824707,49.89870834350586,46,0.8660254037844386,0.5000000000000001,0.0,21.05064582824707,1,0,2025
2025-02-16,Central India,22.0,79.0,0.0,62,50,33.61826705932617,14,12,14.23366355895996,14,12,19.38460350036621,53.23079299926758,47,0.8660254037844386,0.5000000000000001,0.0,19.38460350036621,1,0,2025
2025-02-17,Central India,22.0,79.0,0.0,62,50,33.21540069580078,14,12,15.5108642578125,14,12,17.70453643798828,56.59092712402344,48,0.8660254037844386,0.5000000000000001,0.0,17.70453643798828,1,0,2025
2025-02-18,Central India,22.0,79.0,0.0,62,50,33.459869384765625,14,12,16.082046508789062,14,12,17.377822875976562,57.244354248046875,49,0.8660254037844386,0.5000000000000001,0.0,17.377822875976562,1,0,2025
2025-02-19,Central India,22.0,79.0,0.0,62,50,32.394187927246094,14,12,16.59857749938965,14,12,15.795610427856444,60.40877914428711,50,0.8660254037844386,0.5000000000000001,0.0,15.795610427856444,1,0,2025
2025-02-20,Central India,22.0,79.0,0.0,62,50,33.08723831176758,14,12,16.28632164001465,14,12,16.80091667175293,58.39816665649414,51,0.8660254037844386,0.5000000000000001,0.0,16.80091667175293,1,0,2025
2025-02-21,Central India,22.0,79.0,0.0,62,50,33.2351188659668,14,12,14.77216339111328,14,12,18.462955474853516,55.07408905029297,52,0.8660254037844386,0.5000000000000001,0.0,18.462955474853516,1,0,2025
2025-02-22,Central India,22.0,79.0,0.0,62,50,31.287338256835938,14,12,14.730630874633787,14,12,16.55670738220215,58.8865852355957,53,0.8660254037844386,0.5000000000000001,0.0,16.55670738220215,1,0,2025
2025-02-23,Central India,22.0,79.0,0.0,62,50,31.743322372436523,14,12,13.49837875366211,14,12,18.244943618774418,55.51011276245117,54,0.8660254037844386,0.5000000000000001,0.0,18.244943618774418,1,0,2025
2025-02-24,Central India,22.0,79.0,0.0,62,50,31.763916015625,14,12,13.683446884155272,14,12,18.080469131469727,55.83906173706055,55,0.8660254037844386,0.5000000000000001,0.0,18.080469131469727,1,0,2025
2025-02-25,Central India,22.0,79.0,0.0,62,50,31.724130630493164,14,12,14.58135223388672,14,12,17.142778396606445,57.71444320678711,56,0.8660254037844386,0.5000000000000001,0.0,17.142778396606445,1,0,2025
2025-02-26,Central India,22.0,79.0,0.0,62,50,33.041534423828125,14,12,14.414613723754885,14,12,18.62692070007324,54.74615859985352,57,0.8660254037844386,0.5000000000000001,0.0,18.62692070007324,1,0,2025
2025-02-27,Central India,22.0,79.0,0.0,62,50,34.104801177978516,14,12,15.008790969848633,14,12,19.096010208129883,53.807979583740234,58,0.8660254037844386,0.5000000000000001,0.0,19.096010208129883,1,0,2025
2025-02-28,Central India,22.0,79.0,0.0,62,50,34.450897216796875,14,12,17.530174255371094,14,12,16.92072296142578,58.15855407714844,59,0.8660254037844386,0.5000000000000001,0.0,16.92072296142578,1,0,2025
2025-03-01,Central India,22.0,79.0,0.0,62,50,35.297950744628906,14,12,18.51509475708008,14,12,16.782855987548825,58.43428802490235,60,1.0,6.123233995736766e-17,0.0,16.782855987548825,1,0,2025
2025-03-02,Central India,22.0,79.0,0.0,62,50,34.91018295288086,14,12,18.49049186706543,14,12,16.41969108581543,59.16061782836914,61,1.0,6.123233995736766e-17,0.0,16.41969108581543,1,0,2025
2025-03-03,Central India,22.0,79.0,0.0,62,50,34.04649353027344,14,12,16.99968719482422,14,12,17.04680633544922,57.90638732910156,62,1.0,6.123233995736766e-17,0.0,17.04680633544922,1,0,2025
2025-03-04,Central India,22.0,79.0,0.0,62,50,34.17913055419922,14,12,16.995431900024414,14,12,17.183698654174805,57.63260269165039,63,1.0,6.123233995736766e-17,0.0,17.183698654174805,1,0,2025
2025-03-05,Central India,22.0,79.0,0.0,62,50,30.684146881103516,14,12,14.448481559753418,14,12,16.235665321350098,59.528669357299805,64,1.0,6.123233995736766e-17,0.0,16.235665321350098,1,0,2025
2025-03-06,Central India,22.0,79.0,0.0,62,50,31.04958724975586,14,12,11.638821601867676,14,12,19.410765647888184,53.17846870422363,65,1.0,6.123233995736766e-17,0.0,19.410765647888184,1,0,2025
2025-03-07,Central India,22.0,79.0,0.0,62,50,33.40296173095703,14,12,12.26063632965088,14,12,21.142325401306152,49.715349197387695,66,1.0,6.123233995736766e-17,0.0,21.142325401306152,1,0,2025
2025-03-08,Central India,22.0,79.0,0.0,62,50,34.887306213378906,14,12,14.492018699645996,14,12,20.39528751373291,51.20942497253418,67,1.0,6.123233995736766e-17,0.0,20.39528751373291,1,0,2025
2025-03-09,Central India,22.0,79.0,0.0,62,50,34.96833419799805,14,12,15.645485877990724,14,12,19.322848320007324,53.35430335998535,68,1.0,6.123233995736766e-17,0.0,19.322848320007324,1,0,2025
2025-03-10,Central India,22.0,79.0,0.0,62,50,35.461002349853516,14,12,17.001543045043945,14,12,18.45945930480957,55.08108139038086,69,1.0,6.123233995736766e-17,0.0,18.45945930480957,1,0,2025
2025-03-11,Central India,22.0,79.0,0.0,62,50,35.38347244262695,14,12,17.031179428100586,14,12,18.352293014526367,55.295413970947266,70,1.0,6.123233995736766e-17,0.0,18.352293014526367,1,0,2025
2025-03-12,Central India,22.0,79.0,0.0,62,50,37.57130432128906,14,12,18.309967041015625,14,12,19.26133728027344,53.477325439453125,71,1.0,6.123233995736766e-17,0.0,19.26133728027344,1,0,2025
2025-03-13,Central India,22.0,79.0,0.0,62,50,38.32093811035156,14,12,19.085840225219727,14,12,19.235097885131836,53.52980422973633,72,1.0,6.123233995736766e-17,0.0,19.235097885131836,1,0,2025
2025-03-14,Central India,22.0,79.0,0.0,62,50,38.19157028198242,14,12,19.460609436035156,14,12,18.730960845947266,54.53807830810547,73,1.0,6.123233995736766e-17,0.0,18.730960845947266,1,0,2025
2025-03-15,Central India,22.0,79.0,0.0,62,50,38.50074768066406,14,12,19.78042984008789,14,12,18.720317840576172,54.559364318847656,74,1.0,6.123233995736766e-17,0.0,18.720317840576172,1,0,2025
2025-03-16,Central India,22.0,79.0,0.0,62,50,36.586631774902344,14,12,21.787212371826172,14,12,14.799419403076172,62.401161193847656,75,1.0,6.123233995736766e-17,0.0,14.799419403076172,1,0,2025
2025-03-17,Central India,22.0,79.0,0.0,62,50,35.000606536865234,14,12,20.312286376953125,14,12,14.68832015991211,62.62335968017578,76,1.0,6.123233995736766e-17,0.0,14.68832015991211,1,0,2025
2025-03-18,Central India,22.0,79.0,0.0,62,50,35.69139862060547,14,12,18.348365783691406,14,12,17.343032836914062,57.313934326171875,77,1.0,6.123233995736766e-17,0.0,17.343032836914062,1,0,2025
2025-03-19,Central India,22.0,79.0,0.0,62,50,36.35646057128906,14,12,19.05270195007324,14,12,17.303758621215824,57.39248275756835,78,1.0,6.123233995736766e-17,0.0,17.303758621215824,1,0,2025
2025-03-20,Central India,22.0,79.0,0.0,62,50,36.033180236816406,14,12,20.637868881225582,14,12,15.395311355590824,61.20937728881835,79,1.0,6.123233995736766e-17,0.0,15.395311355590824,1,0,2025
2025-03-21,Central India,22.0,79.0,0.1388343572616577,62,50,34.289207458496094,14,12,20.547452926635746,14,12,13.741754531860348,64.90650667329847,80,1.0,6.123233995736766e-17,0.1300052456730572,13.741754531860348,1,0,2025
2025-03-22,Central India,22.0,79.0,0.2355976998805999,62,50,35.510868072509766,14,12,18.686275482177734,14,12,16.82459259033203,58.98547928089621,81,1.0,6.123233995736766e-17,0.2115548205200906,16.82459259033203,1,0,2025
2025-03-23,Central India,22.0,79.0,0.0,62,50,35.98806381225586,14,12,18.16370964050293,14,12,17.82435417175293,56.35129165649414,82,1.0,6.123233995736766e-17,0.0,17.82435417175293,1,0,2025
2025-03-24,Central India,22.0,79.0,0.0,62,50,35.54442596435547,14,12,17.377626419067383,14,12,18.16679954528809,55.66640090942383,83,1.0,6.123233995736766e-17,0.0,18.16679954528809,1,0,2025
2025-03-25,Central India,22.0,79.0,0.0,62,50,37.03802108764648,14,12,17.545909881591797,14,12,19.49211120605468,53.01577758789064,84,1.0,6.123233995736766e-17,0.0,19.49211120605468,1,0,2025
2025-03-26,Central India,22.0,79.0,0.0,62,50,38.51111602783203,14,12,17.87216567993164,14,12,20.63895034790039,50.72209930419922,85,1.0,6.123233995736766e-17,0.0,20.63895034790039,1,0,2025
2025-03-27,Central India,22.0,79.0,0.0,62,50,39.15306091308594,14,12,19.80294609069824,14,12,19.3501148223877,53.2997703552246,86,1.0,6.123233995736766e-17,0.0,19.3501148223877,1,0,2025
2025-03-28,Central India,22.0,79.0,0.0,62,50,37.98186874389648,14,12,21.80574607849121,14,12,16.176122665405266,59.64775466918947,87,1.0,6.123233995736766e-17,0.0,16.176122665405266,1,0,2025
2025-03-29,Central India,22.0,79.0,0.0,62,50,36.44710922241211,14,12,20.121980667114254,14,12,16.325128555297855,59.34974288940429,88,1.0,6.123233995736766e-17,0.0,16.325128555297855,1,0,2025
2025-03-30,Central India,22.0,79.0,0.0,62,50,37.73628616333008,14,12,18.147647857666016,14,12,19.588638305664062,52.822723388671875,89,1.0,6.123233995736766e-17,0.0,19.588638305664062,1,0,2025
2025-03-31,Central India,22.0,79.0,0.0,62,50,37.68963623046875,14,12,19.643341064453125,14,12,18.046295166015625,55.90740966796875,90,1.0,6.123233995736766e-17,0.0,18.046295166015625,1,0,2025
2025-04-01,Central India,22.0,79.0,0.0,62,50,34.33014678955078,14,12,22.474294662475582,14,12,11.8558521270752,68.28829574584961,91,0.8660254037844387,-0.4999999999999998,0.0,11.8558521270752,1,0,2025
2025-04-02,Central India,22.0,79.0,0.9372800588607788,62,50,32.3018798828125,14,12,20.950998306274418,14,12,11.350881576538082,71.28209172030694,92,0.8660254037844387,-0.4999999999999998,0.6612849577943684,11.350881576538082,1,0,2025
2025-04-03,Central India,22.0,79.0,0.0,62,50,31.926408767700195,14,12,20.288915634155273,14,12,11.637493133544922,68.72501373291016,93,0.8660254037844387,-0.4999999999999998,0.0,11.637493133544922,1,0,2025
2025-04-04,Central India,22.0,79.0,0.0,62,50,36.25249481201172,14,12,21.23780632019043,14,12,15.014688491821287,61.97062301635742,94,0.8660254037844387,-0.4999999999999998,0.0,15.014688491821287,1,0,2025
2025-04-05,Central India,22.0,79.0,0.0,62,50,38.579158782958984,14,12,20.508121490478516,14,12,18.07103729248047,55.85792541503906,95,0.8660254037844387,-0.4999999999999998,0.0,18.07103729248047,1,0,2025
2025-04-06,Central India,22.0,79.0,0.0,62,50,39.97252655029297,14,12,20.49173164367676,14,12,19.480794906616207,53.038410186767585,96,0.8660254037844387,-0.4999999999999998,0.0,19.480794906616207,1,0,2025
2025-04-07,Central India,22.0,79.0,0.0,62,50,41.05556869506836,14,12,20.879169464111328,14,12,20.17639923095703,51.64720153808594,97,0.8660254037844387,-0.4999999999999998,0.0,20.17639923095703,1,0,2025
2025-04-08,Central India,22.0,79.0,0.0,62,50,40.48844146728515,14,12,22.115196228027344,14,12,18.373245239257805,55.25350952148439,98,0.8660254037844387,-0.4999999999999998,0.0,18.373245239257805,1,0,2025
2025-04-09,Central India,22.0,79.0,0.0,62,50,39.68058395385742,14,12,24.962329864501953,14,12,14.718254089355469,62.56349182128906,99,0.8660254037844387,-0.4999999999999998,0.0,14.718254089355469,1,0,2025
2025-04-10,Central India,22.0,79.0,0.0,62,50,40.37812042236328,14,12,23.06690788269043,14,12,17.31121253967285,57.3775749206543,100,0.8660254037844387,-0.4999999999999998,0.0,17.31121253967285,1,0,2025
2025-04-11,Central India,22.0,79.0,0.0,62,50,40.103946685791016,14,12,23.289838790893555,14,12,16.81410789489746,58.37178421020508,101,0.8660254037844387,-0.4999999999999998,0.0,16.81410789489746,1,0,2025
2025-04-12,Central India,22.0,79.0,0.0,62,50,38.19746398925781,14,12,23.85493278503418,14,12,14.342531204223633,63.314937591552734,102,0.8660254037844387,-0.4999999999999998,0.0,14.342531204223633,1,0,2025
2025-04-13,Central India,22.0,79.0,0.0,62,50,38.275672912597656,14,12,22.26023292541504,14,12,16.015439987182617,59.969120025634766,103,0.8660254037844387,-0.4999999999999998,0.0,16.015439987182617,1,0,2025
2025-04-14,Central India,22.0,79.0,0.0,62,50,38.31766128540039,14,12,21.69273376464844,14,12,16.62492752075195,58.7501449584961,104,0.8660254037844387,-0.4999999999999998,0.0,16.62492752075195,1,0,2025
2025-04-15,Central India,22.0,79.0,0.0,62,50,39.13669967651367,14,12,23.085460662841797,14,12,16.051239013671875,59.89752197265625,105,0.8660254037844387,-0.4999999999999998,0.0,16.051239013671875,1,0,2025
2025-04-16,Central India,22.0,79.0,0.0,62,50,38.88020706176758,14,12,23.089031219482425,14,12,15.791175842285153,60.417648315429695,106,0.8660254037844387,-0.4999999999999998,0.0,15.791175842285153,1,0,2025
2025-04-17,Central India,22.0,79.0,0.0,62,50,39.495975494384766,14,12,23.46588897705078,14,12,16.030086517333984,59.93982696533203,107,0.8660254037844387,-0.4999999999999998,0.0,16.030086517333984,1,0,2025
2025-04-18,Central India,22.0,79.0,0.0,62,50,41.263458251953125,14,12,24.515804290771484,14,12,16.74765396118164,58.50469207763672,108,0.8660254037844387,-0.4999999999999998,0.0,16.74765396118164,1,0,2025
2025-04-19,Central India,22.0,79.0,0.0,62,50,41.217872619628906,14,12,25.133647918701172,14,12,16.084224700927734,59.83155059814453,109,0.8660254037844387,-0.4999999999999998,0.0,16.084224700927734,1,0,2025
2025-04-20,Central India,22.0,79.0,0.0,62,50,40.97869491577149,14,12,24.617202758789062,14,12,16.36149215698243,59.27701568603514,110,0.8660254037844387,-0.4999999999999998,0.0,16.36149215698243,1,0,2025
2025-04-21,Central India,22.0,79.0,0.0,62,50,41.54841232299805,14,12,23.964881896972656,14,12,17.58353042602539,56.83293914794922,111,0.8660254037844387,-0.4999999999999998,0.0,17.58353042602539,1,0,2025
2025-04-22,Central India,22.0,79.0,0.0,62,50,42.40843200683594,14,12,24.26322364807129,14,12,18.14520835876465,55.7095832824707,112,0.8660254037844387,-0.4999999999999998,0.0,18.14520835876465,1,0,2025
2025-04-23,Central India,22.0,79.0,0.0,62,50,42.325443267822266,14,12,23.767662048339844,14,12,18.557781219482425,54.88443756103515,113,0.8660254037844387,-0.4999999999999998,0.0,18.557781219482425,1,0,2025
2025-04-24,Central India,22.0,79.0,0.0,62,50,42.06389617919922,14,12,23.22969627380371,14,12,18.834199905395508,54.331600189208984,114,0.8660254037844387,-0.4999999999999998,0.0,18.834199905395508,1,0,2025
2025-04-25,Central India,22.0,79.0,0.0,62,50,41.96662902832031,14,12,23.972949981689453,14,12,17.99367904663086,56.01264190673828,115,0.8660254037844387,-0.4999999999999998,0.0,17.99367904663086,1,0,2025
2025-04-26,Central India,22.0,79.0,0.0,62,50,39.540985107421875,14,12,25.647140502929688,14,12,13.893844604492188,64.21231079101562,116,0.8660254037844387,-0.4999999999999998,0.0,13.893844604492188,1,0,2025
2025-04-27,Central India,22.0,79.0,0.0,62,50,37.8422737121582,14,12,25.668804168701172,14,12,12.173469543457031,67.65306091308594,117,0.8660254037844387,-0.4999999999999998,0.0,12.173469543457031,1,0,2025
2025-04-28,Central India,22.0,79.0,0.0,62,50,39.492637634277344,14,12,22.69723892211914,14,12,16.795398712158203,58.409202575683594,118,0.8660254037844387,-0.4999999999999998,0.0,16.795398712158203,1,0,2025
2025-04-29,Central India,22.0,79.0,0.0,62,50,40.50926971435547,14,12,24.20786476135254,14,12,16.30140495300293,59.39719009399414,119,0.8660254037844387,-0.4999999999999998,0.0,16.30140495300293,1,0,2025
2025-04-30,Central India,22.0,79.0,4.594914436340332,62,50,40.24709701538086,14,12,23.146141052246097,14,12,17.100955963134762,62.96366222003344,120,0.8660254037844387,-0.4999999999999998,1.721858048767654,17.100955963134762,1,0,2025
2025-05-01,Central India,22.0,79.0,0.0,62,50,39.24356460571289,14,12,24.41307258605957,14,12,14.83049201965332,62.33901596069336,121,0.4999999999999999,-0.8660254037844387,0.0,14.83049201965332,1,0,2025
2025-05-02,Central India,22.0,79.0,0.2776687145233154,62,50,39.67155075073242,14,12,23.16783332824707,14,12,16.50371742248535,59.72767645664575,122,0.4999999999999999,-0.8660254037844387,0.2450371005388193,16.50371742248535,1,0,2025
2025-05-03,Central India,22.0,79.0,0.0,62,50,40.40547561645508,14,12,24.751651763916016,14,12,15.653823852539062,60.692352294921875,123,0.4999999999999999,-0.8660254037844387,0.0,15.653823852539062,1,0,2025
2025-05-04,Central India,22.0,79.0,4.908956527709961,62,50,38.49943542480469,14,12,22.06035614013672,14,12,16.43907928466797,64.45124919678669,124,0.4999999999999999,-0.8660254037844387,1.7764692553742074,16.43907928466797,1,0,2025
2025-05-05,Central India,22.0,79.0,0.0,62,50,37.69842529296875,14,12,21.971221923828125,14,12,15.727203369140623,60.54559326171875,125,0.4999999999999999,-0.8660254037844387,0.0,15.727203369140623,1,0,2025
2025-05-06,Central India,22.0,79.0,0.0,62,50,37.41809844970703,14,12,20.892597198486328,14,12,16.525501251220703,58.948997497558594,126,0.4999999999999999,-0.8660254037844387,0.0,16.525501251220703,1,0,2025
2025-05-07,Central India,22.0,79.0,0.0,62,50,36.35129165649414,14,12,21.76995849609375,14,12,14.58133316040039,62.83733367919922,127,0.4999999999999999,-0.8660254037844387,0.0,14.58133316040039,1,0,2025
2025-05-08,Central India,22.0,79.0,0.0,62,50,35.85452651977539,14,12,23.029247283935547,14,12,12.825279235839844,66.34944152832031,128,0.4999999999999999,-0.8660254037844387,0.0,12.825279235839844,1,0,2025
2025-05-09,Central India,22.0,79.0,0.0,62,50,37.569698333740234,14,12,23.320327758789062,14,12,14.249370574951172,63.501258850097656,129,0.4999999999999999,-0.8660254037844387,0.0,14.249370574951172,1,0,2025
2025-05-10,Central India,22.0,79.0,0.0,62,50,37.15055084228515,14,12,24.056987762451172,14,12,13.093563079833975,65.81287384033205,130,0.4999999999999999,-0.8660254037844387,0.0,13.093563079833975,1,0,2025
2025-05-11,Central India,22.0,79.0,0.0,62,50,37.84815979003906,14,12,25.089879989624023,14,12,12.75827980041504,66.48344039916992,131,0.4999999999999999,-0.8660254037844387,0.0,12.75827980041504,1,0,2025
2025-05-12,Central India,22.0,79.0,0.0,62,50,37.08399963378906,14,12,24.506616592407227,14,12,12.577383041381836,66.84523391723633,132,0.4999999999999999,-0.8660254037844387,0.0,12.577383041381836,1,0,2025
2025-05-13,Central India,22.0,79.0,0.0,62,50,37.4893913269043,14,12,25.967355728149418,14,12,11.52203559875488,68.95592880249023,133,0.4999999999999999,-0.8660254037844387,0.0,11.52203559875488,1,0,2025
2025-05-14,Central India,22.0,79.0,3.5166265964508057,62,50,38.72085189819336,14,12,25.97615623474121,14,12,12.744695663452148,71.03390483404692,134,0.4999999999999999,-0.8660254037844387,1.507765386983739,12.744695663452148,1,0,2025
2025-05-15,Central India,22.0,79.0,6.984269142150879,62,50,37.373924255371094,14,12,26.40260124206543,14,12,10.971323013305664,76.28977371927935,135,0.4999999999999999,-0.8660254037844387,2.0774732486302256,10.971323013305664,1,0,2025
2025-05-16,Central India,22.0,79.0,0.0,62,50,37.779502868652344,14,12,25.510986328125,14,12,12.268516540527344,67.46296691894531,136,0.4999999999999999,-0.8660254037844387,0.0,12.268516540527344,1,0,2025
2025-05-17,Central India,22.0,79.0,0.0,62,50,38.04633712768555,14,12,25.6817569732666,14,12,12.364580154418944,67.27083969116211,137,0.4999999999999999,-0.8660254037844387,0.0,12.364580154418944,1,0,2025
2025-05-18,Central India,22.0,79.0,0.0,62,50,38.48290252685547,14,12,25.35623359680176,14,12,13.126668930053707,65.74666213989258,138,0.4999999999999999,-0.8660254037844387,0.0,13.126668930053707,1,0,2025
2025-05-19,Central India,22.0,79.0,0.0,62,50,39.17620468139648,14,12,26.341567993164062,14,12,12.834636688232417,66.33072662353517,139,0.4999999999999999,-0.8660254037844387,0.0,12.834636688232417,1,0,2025
2025-05-20,Central India,22.0,79.0,8.454642295837402,62,50,39.2456169128418,14,12,26.13473320007324,14,12,13.110883712768558,72.5177501818214,140,0.4999999999999999,-0.8660254037844387,2.246505869119501,13.110883712768558,1,0,2025
2025-05-21,Central India,22.0,79.0,0.0,62,50,38.233497619628906,14,12,24.73699378967285,14,12,13.496503829956056,65.00699234008789,141,0.4999999999999999,-0.8660254037844387,0.0,13.496503829956056,1,0,2025
2025-05-22,Central India,22.0,79.0,0.1177988499402999,62,50,33.109954833984375,14,12,22.854276657104492,14,12,10.255678176879885,71.82272796321905,142,0.4999999999999999,-0.8660254037844387,0.1113614389929385,10.255678176879885,1,0,2025
2025-05-23,Central India,22.0,79.0,0.0,62,50,34.04975128173828,14,12,24.31773376464844,14,12,9.73201751708984,72.53596496582031,143,0.4999999999999999,-0.8660254037844387,0.0,9.73201751708984,1,0,2025
2025-05-24,Central India,22.0,79.0,0.0,62,50,31.72538185119629,14,12,25.11294174194336,14,12,6.61244010925293,78.77511978149414,144,0.4999999999999999,-0.8660254037844387,0.0,6.61244010925293,1,0,2025
2025-05-25,Central India,22.0,79.0,0.100970447063446,62,50,32.943504333496094,14,12,24.274030685424805,14,12,8.669473648071289,74.94962875028561,145,0.4999999999999999,-0.8660254037844387,0.0961920154760654,8.669473648071289,1,0,2025
2025-05-26,Central India,22.0,79.0,47.075706481933594,62,50,35.60872268676758,14,12,24.099899291992188,14,12,11.50882339477539,80.60068417078593,146,0.4999999999999999,-0.8660254037844387,3.872776986778902,11.50882339477539,1,0,2025
2025-05-27,Central India,22.0,79.0,10.16919231414795,62,50,36.622314453125,14,12,25.8885498046875,14,12,10.7337646484375,77.77194860905014,147,0.4999999999999999,-0.8660254037844387,2.4131593019750457,10.7337646484375,1,0,2025
2025-05-28,Central India,22.0,79.0,0.2871864736080169,62,50,34.02946853637695,14,12,23.823707580566406,14,12,10.205760955810549,72.34585451314915,148,0.4999999999999999,-0.8660254037844387,0.2524588082567466,10.205760955810549,1,0,2025
2025-05-29,Central India,22.0,79.0,0.1042656376957893,62,50,36.05310821533203,14,12,24.201908111572266,14,12,11.851200103759766,68.59514139078121,149,0.4999999999999999,-0.8660254037844387,0.0991805327669142,11.851200103759766,1,0,2025
2025-05-30,Central India,22.0,79.0,0.1244212761521339,62,50,34.55338668823242,14,12,25.178783416748047,14,12,9.374603271484377,73.60259890332615,150,0.4999999999999999,-0.8660254037844387,0.1172684820983012,9.374603271484377,1,0,2025
2025-05-31,Central India,22.0,79.0,0.0,62,50,35.558250427246094,14,12,25.239093780517575,14,12,10.31915664672852,71.36168670654297,151,0.4999999999999999,-0.8660254037844387,0.0,10.31915664672852,1,0,2025
2025-06-01,Central India,22.0,79.0,0.0,62,50,35.32575607299805,14,12,25.039226531982425,14,12,10.28652954101562,71.42694091796875,152,1.2246467991473532e-16,-1.0,0.0,10.28652954101562,1,0,2025
2025-06-02,Central India,22.0,79.0,0.0,62,50,36.1503791809082,14,12,24.565393447875977,14,12,11.584985733032228,68.83002853393555,153,1.2246467991473532e-16,-1.0,0.0,11.584985733032228,1,0,2025
2025-06-03,Central India,22.0,79.0,0.0,62,50,35.02656936645508,14,12,24.4608154296875,14,12,10.565753936767578,70.86849212646484,154,1.2246467991473532e-16,-1.0,0.0,10.565753936767578,1,0,2025
2025-06-04,Central India,22.0,79.0,0.0,62,50,35.472347259521484,14,12,23.84825897216797,14,12,11.624088287353516,68.75182342529297,155,1.2246467991473532e-16,-1.0,0.0,11.624088287353516,1,0,2025
2025-06-05,Central India,22.0,79.0,2.885725736618042,62,50,36.26389694213867,14,12,23.307825088500977,14,12,12.956071853637695,70.15978560622278,156,1.2246467991473532e-16,-1.0,1.3573097711660569,12.956071853637695,1,0,2025
2025-06-06,Central India,22.0,79.0,0.0,62,50,38.75250625610352,14,12,24.449060440063477,14,12,14.303445816040046,63.39310836791991,157,1.2246467991473532e-16,-1.0,0.0,14.303445816040046,1,0,2025
2025-06-07,Central India,22.0,79.0,0.0,62,50,38.077205657958984,14,12,26.062898635864254,14,12,12.01430702209473,67.97138595581055,158,1.2246467991473532e-16,-1.0,0.0,12.01430702209473,1,0,2025
2025-06-08,Central India,22.0,79.0,0.0,62,50,40.61033248901367,14,12,27.516565322875977,14,12,13.093767166137695,65.81246566772461,159,1.2246467991473532e-16,-1.0,0.0,13.093767166137695,1,0,2025
2025-06-09,Central India,22.0,79.0,0.0,62,50,41.1603889465332,14,12,27.13733673095703,14,12,14.023052215576172,63.953895568847656,160,1.2246467991473532e-16,-1.0,0.0,14.023052215576172,1,0,2025
2025-06-10,Central India,22.0,79.0,0.0,62,50,40.852352142333984,14,12,26.647085189819336,14,12,14.205266952514648,63.5894660949707,161,1.2246467991473532e-16,-1.0,0.0,14.205266952514648,1,0,2025
2025-06-11,Central India,22.0,79.0,0.0,62,50,39.07509994506836,14,12,26.386934280395508,14,12,12.688165664672852,66.6236686706543,162,1.2246467991473532e-16,-1.0,0.0,12.688165664672852,1,0,2025
2025-06-12,Central India,22.0,79.0,0.0,62,50,38.686134338378906,14,12,26.669113159179688,14,12,12.01702117919922,67.96595764160156,163,1.2246467991473532e-16,-1.0,0.0,12.01702117919922,1,0,2025
2025-06-13,Central India,22.0,79.0,0.0,62,50,38.40187072753906,14,12,26.246856689453125,14,12,12.155014038085938,67.68997192382812,164,1.2246467991473532e-16,-1.0,0.0,12.155014038085938,1,0,2025
2025-06-14,Central India,22.0,79.0,0.0,62,50,38.69424057006836,14,12,26.65469741821289,14,12,12.039543151855469,67.92091369628906,165,1.2246467991473532e-16,-1.0,0.0,12.039543151855469,1,0,2025
2025-06-15,Central India,22.0,79.0,10.56592082977295,62,50,36.674339294433594,14,12,24.95809555053711,14,12,11.716243743896484,75.91170125609659,166,1.2246467991473532e-16,-1.0,2.448062914629852,11.716243743896484,1,0,2025
2025-06-16,Central India,22.0,79.0,0.6463116407394409,62,50,35.61152648925781,14,12,25.437265396118164,14,12,10.174261093139648,73.14709006320956,167,1.2246467991473532e-16,-1.0,0.4985374164962854,10.174261093139648,1,0,2025
2025-06-17,Central India,22.0,79.0,0.2106191366910934,62,50,34.16791534423828,14,12,24.41338348388672,14,12,9.754531860351562,73.06433201517451,168,1.2246467991473532e-16,-1.0,0.1911319119592118,9.754531860351562,1,0,2025
2025-06-18,Central India,22.0,79.0,5.966370582580566,62,50,35.13256072998047,14,12,25.130416870117188,14,12,10.00214385986328,77.81899538814778,169,1.2246467991473532e-16,-1.0,1.9410943692914475,10.00214385986328,1,0,2025
2025-06-19,Central India,22.0,79.0,0.0,62,50,32.1656379699707,14,12,24.82611846923828,14,12,7.339519500732422,77.32096099853516,170,1.2246467991473532e-16,-1.0,0.0,7.339519500732422,1,0,2025
2025-06-20,Central India,22.0,79.0,18.11413955688477,62,50,29.315834045410156,14,12,22.922313690185547,14,12,6.393520355224609,88.06424434587713,171,1.2246467991473532e-16,-1.0,2.9504283521087835,6.393520355224609,1,0,2025
2025-06-21,Central India,22.0,79.0,15.069669723510742,62,50,30.99350929260254,14,12,24.140005111694336,14,12,6.853504180908203,86.62379251970629,172,1.2246467991473532e-16,-1.0,2.776933627174232,6.853504180908203,1,0,2025
2025-06-22,Central India,22.0,79.0,0.6647221446037292,62,50,29.204944610595703,14,12,23.227123260498047,14,12,5.977821350097656,81.57333198797016,173,1.2246467991473532e-16,-1.0,0.5096582293884906,5.977821350097656,1,0,2025
2025-06-23,Central India,22.0,79.0,4.61556339263916,62,50,28.16905975341797,14,12,23.431337356567383,14,12,4.737722396850586,87.70118096697502,174,1.2246467991473532e-16,-1.0,1.7255419202253963,4.737722396850586,1,0,2025
2025-06-24,Central India,22.0,79.0,0.7249385714530945,62,50,28.093151092529297,14,12,22.769269943237305,14,12,5.323881149291992,82.98781201870827,175,1.2246467991473532e-16,-1.0,0.545191439097416,5.323881149291992,1,0,2025
2025-06-25,Central India,22.0,79.0,7.64560079574585,62,50,29.292495727539062,14,12,22.83573341369629,14,12,6.456762313842773,85.55762721145658,176,1.2246467991473532e-16,-1.0,2.1570506130473728,6.456762313842773,1,0,2025
2025-06-26,Central India,22.0,79.0,36.171905517578125,62,50,28.07406997680664,14,12,23.125526428222656,14,12,4.948543548583984,92.949572646618,177,1.2246467991473532e-16,-1.0,3.615553247928657,4.948543548583984,1,0,2025
2025-06-27,Central India,22.0,79.0,19.092273712158203,62,50,29.522228240966797,14,12,22.638870239257812,14,12,6.883358001708984,87.23429004279419,178,1.2246467991473532e-16,-1.0,3.0003353487373823,6.883358001708984,1,0,2025
2025-06-28,Central India,22.0,79.0,2.498094081878662,62,50,30.066064834594727,14,12,23.289772033691406,14,12,6.77629280090332,82.20406921461507,179,1.2246467991473532e-16,-1.0,1.2522182721405717,6.77629280090332,1,0,2025
2025-06-29,Central India,22.0,79.0,6.616676330566406,62,50,26.596845626831055,14,12,22.607196807861328,14,12,3.9896488189697266,90.11172265442444,180,1.2246467991473532e-16,-1.0,2.030340097454635,3.9896488189697266,1,0,2025
2025-06-30,Central India,22.0,79.0,9.13140869140625,62,50,26.58277702331543,14,12,21.434803009033203,14,12,5.147974014282227,88.65097308124241,181,1.2246467991473532e-16,-1.0,2.3156403699356236,5.147974014282227,1,0,2025
2025-07-01,Central India,22.0,79.0,8.003382682800293,62,50,26.3170108795166,14,12,22.349451065063477,14,12,3.967559814453125,90.65768145218998,182,-0.4999999999999998,-0.8660254037844388,2.1976003603654086,3.967559814453125,1,0,2025
2025-07-02,Central India,22.0,79.0,19.781414031982425,62,50,28.241313934326172,14,12,22.61153984069824,14,12,5.629774093627933,89.84262890602405,183,-0.4999999999999998,-0.8660254037844388,3.034059031093303,5.629774093627933,1,0,2025
2025-07-03,Central India,22.0,79.0,0.0,62,50,29.64397621154785,14,12,23.135713577270508,14,12,6.508262634277344,78.98347473144531,184,-0.4999999999999998,-0.8660254037844388,0.0,6.508262634277344,1,0,2025
2025-07-04,Central India,22.0,79.0,3.7413506507873535,62,50,26.919166564941406,14,12,23.180253982543945,14,12,3.738912582397461,89.19114096282709,185,-0.4999999999999998,-0.8660254037844388,1.5563220425406707,3.738912582397461,1,0,2025
2025-07-05,Central India,22.0,79.0,7.1794610023498535,62,50,27.295969009399418,14,12,22.26693344116211,14,12,5.029035568237308,88.24680763245661,186,-0.4999999999999998,-0.8660254037844388,2.101626256310404,5.029035568237308,1,0,2025
2025-07-06,Central India,22.0,79.0,6.645999431610107,62,50,26.925107955932617,14,12,22.753921508789062,14,12,4.171186447143555,89.76017478852094,187,-0.4999999999999998,-0.8660254037844388,2.034182560936016,4.171186447143555,1,0,2025
2025-07-07,Central India,22.0,79.0,25.29547119140625,62,50,27.222564697265625,14,12,22.259206771850582,14,12,4.963357925415043,91.88147432810156,188,-0.4999999999999998,-0.8660254037844388,3.2693967263105437,4.963357925415043,1,0,2025
2025-07-08,Central India,22.0,79.0,77.13492584228516,62,50,26.90655517578125,14,12,21.977806091308594,14,12,4.928749084472656,95.21781328335732,189,-0.4999999999999998,-0.8660254037844388,4.358437150767549,4.928749084472656,1,0,2025
2025-07-09,Central India,22.0,79.0,42.414085388183594,62,50,26.460315704345703,14,12,22.047916412353516,14,12,4.4123992919921875,94.48755322571614,190,-0.4999999999999998,-0.8660254037844388,3.770783936566841,4.4123992919921875,1,0,2025
2025-07-10,Central India,22.0,79.0,4.794504642486572,62,50,28.372957229614254,14,12,22.050561904907227,14,12,6.322395324707028,84.6259393295273,191,-0.4999999999999998,-0.8660254037844388,1.7569099929804548,6.322395324707028,1,0,2025
2025-07-11,Central India,22.0,79.0,2.8818647861480713,62,50,29.47999382019043,14,12,22.402587890625,14,12,7.07740592956543,81.91413510035936,192,-0.4999999999999998,-0.8660254037844388,1.3563156531634082,7.07740592956543,1,0,2025
2025-07-12,Central India,22.0,79.0,2.8608291149139404,62,50,29.51151657104492,14,12,22.739532470703125,14,12,6.771984100341793,82.50867767037964,193,-0.4999999999999998,-0.8660254037844388,1.3508819570210795,6.771984100341793,1,0,2025
2025-07-13,Central India,22.0,79.0,0.0,62,50,29.5560302734375,14,12,22.686359405517575,14,12,6.869670867919925,78.26065826416016,194,-0.4999999999999998,-0.8660254037844388,0.0,6.869670867919925,1,0,2025
2025-07-14,Central India,22.0,79.0,9.460705757141112,62,50,30.98641014099121,14,12,23.341644287109375,14,12,7.644765853881836,83.75334607732431,195,-0.4999999999999998,-0.8660254037844388,2.347625928362662,7.644765853881836,1,0,2025
2025-07-15,Central India,22.0,79.0,28.517377853393555,62,50,31.23329734802246,14,12,23.655031204223633,14,12,7.578266143798828,86.99840522144967,196,-0.4999999999999998,-0.8660254037844388,3.3849791696824454,7.578266143798828,1,0,2025
2025-07-16,Central India,22.0,79.0,47.51930618286133,62,50,30.39453887939453,14,12,23.961109161376953,14,12,6.433429718017578,90.77902591705188,197,-0.4999999999999998,-0.8660254037844388,3.881961784362342,6.433429718017578,1,0,2025
2025-07-17,Central India,22.0,79.0,2.696214437484741,62,50,28.434871673583984,14,12,23.440895080566406,14,12,4.993976593017578,85.93397432665404,198,-0.4999999999999998,-0.8660254037844388,1.3073091708963964,4.993976593017578,1,0,2025
2025-07-18,Central India,22.0,79.0,3.1156086921691895,62,50,29.47489356994629,14,12,23.031404495239254,14,12,6.443489074707035,83.35738208115383,199,-0.4999999999999998,-0.8660254037844388,1.414786743522631,6.443489074707035,1,0,2025
2025-07-19,Central India,22.0,79.0,0.3386425077915191,62,50,32.080413818359375,14,12,22.805458068847656,14,12,9.27495574951172,74.32505664074651,200,-0.4999999999999998,-0.8660254037844388,0.2916560465899832,9.27495574951172,1,0,2025
2025-07-20,Central India,22.0,79.0,0.1829724609851837,62,50,31.752363204956055,14,12,23.998987197875977,14,12,7.753376007080078,76.9973389031227,201,-0.4999999999999998,-0.8660254037844388,0.1680303057609486,7.753376007080078,1,0,2025
2025-07-21,Central India,22.0,79.0,14.377768516540527,62,50,32.46406173706055,14,12,24.134605407714844,14,12,8.329456329345703,83.53985593210584,202,-0.4999999999999998,-0.8660254037844388,2.7329228635990814,8.329456329345703,1,0,2025
2025-07-22,Central India,22.0,79.0,0.0,62,50,31.392751693725582,14,12,24.213808059692383,14,12,7.1789436340332,77.6421127319336,203,-0.4999999999999998,-0.8660254037844388,0.0,7.1789436340332,1,0,2025
2025-07-23,Central India,22.0,79.0,4.376671314239502,62,50,30.74225616455078,14,12,23.916112899780273,14,12,6.826143264770508,83.39392187405494,204,-0.4999999999999998,-0.8660254037844388,1.682069467865318,6.826143264770508,1,0,2025
2025-07-24,Central India,22.0,79.0,33.01612854003906,62,50,27.599233627319336,14,12,23.30449676513672,14,12,4.294736862182617,93.99103061852531,205,-0.4999999999999998,-0.8660254037844388,3.526834780963518,4.294736862182617,1,0,2025
2025-07-25,Central India,22.0,79.0,7.376046657562256,62,50,27.393953323364254,14,12,23.25635528564453,14,12,4.137598037719723,90.10093205637996,206,-0.4999999999999998,-0.8660254037844388,2.12537604393981,4.137598037719723,1,0,2025
2025-07-26,Central India,22.0,79.0,14.081551551818848,62,50,27.066076278686523,14,12,23.26075553894043,14,12,3.8053207397460938,92.52977525652436,207,-0.4999999999999998,-0.8660254037844388,2.713472245338845,3.8053207397460938,1,0,2025
2025-07-27,Central India,22.0,79.0,7.380395412445068,62,50,28.146499633789062,14,12,22.77614402770996,14,12,5.370355606079102,87.63697408375214,208,-0.4999999999999998,-0.8660254037844388,2.1258950986367773,5.370355606079102,1,0,2025
2025-07-28,Central India,22.0,79.0,2.8316516876220703,62,50,26.647876739501953,14,12,23.04022216796875,14,12,3.607654571533203,88.81457873772217,209,-0.4999999999999998,-0.8660254037844388,1.3432959602628574,3.607654571533203,1,0,2025
2025-07-29,Central India,22.0,79.0,4.168865203857422,62,50,25.887237548828125,14,12,22.492033004760746,14,12,3.3952045440673793,90.13755041609012,210,-0.4999999999999998,-0.8660254037844388,1.642653168074958,3.3952045440673793,1,0,2025
2025-07-30,Central India,22.0,79.0,16.010835647583008,62,50,26.981285095214844,14,12,22.54524040222168,14,12,4.436044692993164,91.62946221014305,211,-0.4999999999999998,-0.8660254037844388,2.833850532043121,4.436044692993164,1,0,2025
2025-07-31,Central India,22.0,79.0,0.1600887775421142,62,50,28.813373565673828,14,12,22.490402221679688,14,12,6.322971343994141,79.79954691567286,212,-0.4999999999999998,-0.8660254037844388,0.1484965345537129,6.322971343994141,1,0,2025
2025-08-01,Central India,22.0,79.0,0.0,62,50,29.814863204956055,14,12,23.146183013916016,14,12,6.668680191040039,78.66263961791992,213,-0.8660254037844384,-0.5000000000000004,0.0,6.668680191040039,1,0,2025
2025-08-02,Central India,22.0,79.0,0.1262130588293075,62,50,30.54797744750977,14,12,23.53236198425293,14,12,7.0156154632568395,78.32535126123908,214,-0.8660254037844384,-0.5000000000000004,0.1188607292509156,7.0156154632568395,1,0,2025
2025-08-03,Central India,22.0,79.0,0.0,62,50,30.967763900756836,14,12,23.678634643554688,14,12,7.289129257202148,77.4217414855957,215,-0.8660254037844384,-0.5000000000000004,0.0,7.289129257202148,1,0,2025
2025-08-04,Central India,22.0,79.0,0.0,62,50,32.32834243774414,14,12,23.590410232543945,14,12,8.737932205200195,74.52413558959961,216,-0.8660254037844384,-0.5000000000000004,0.0,8.737932205200195,1,0,2025
2025-08-05,Central India,22.0,79.0,0.0,62,50,33.33729934692383,14,12,23.831134796142575,14,12,9.506164550781254,72.9876708984375,217,-0.8660254037844384,-0.5000000000000004,0.0,9.506164550781254,1,0,2025
2025-08-06,Central India,22.0,79.0,0.0,62,50,33.231590270996094,14,12,24.510440826416016,14,12,8.721149444580078,74.55770111083984,218,-0.8660254037844384,-0.5000000000000004,0.0,8.721149444580078,1,0,2025
2025-08-07,Central India,22.0,79.0,0.0,62,50,32.681671142578125,14,12,24.593402862548828,14,12,8.088268280029297,75.8234634399414,219,-0.8660254037844384,-0.5000000000000004,0.0,8.088268280029297,1,0,2025
2025-08-08,Central India,22.0,79.0,0.2271835207939148,62,50,29.453689575195312,14,12,23.94549560546875,14,12,5.5081939697265625,81.59777723027794,220,-0.8660254037844384,-0.5000000000000004,0.2047217232436887,5.5081939697265625,1,0,2025
2025-08-09,Central India,22.0,79.0,42.93732833862305,62,50,30.079853057861328,14,12,23.350574493408203,14,12,6.729278564453125,89.8897356589498,221,-0.8660254037844384,-0.5000000000000004,3.782764262618683,6.729278564453125,1,0,2025
2025-08-10,Central India,22.0,79.0,13.56014919281006,62,50,31.473878860473633,14,12,23.112871170043945,14,12,8.361007690429688,83.31284948756556,222,-0.8660254037844384,-0.5000000000000004,2.678288289474975,8.361007690429688,1,0,2025
2025-08-11,Central India,22.0,79.0,0.0,62,50,31.271495819091797,14,12,23.452089309692383,14,12,7.819406509399414,76.36118698120117,223,-0.8660254037844384,-0.5000000000000004,0.0,7.819406509399414,1,0,2025
2025-08-12,Central India,22.0,79.0,0.1851124912500381,62,50,30.78113174438477,14,12,23.721832275390625,14,12,7.059299468994144,78.39091416023128,224,-0.8660254037844384,-0.5000000000000004,0.1698376994065179,7.059299468994144,1,0,2025
2025-08-13,Central India,22.0,79.0,0.0,62,50,27.631160736083984,14,12,23.21029281616211,14,12,4.420867919921875,83.15826416015625,225,-0.8660254037844384,-0.5000000000000004,0.0,4.420867919921875,1,0,2025
2025-08-14,Central India,22.0,79.0,9.063813209533691,62,50,30.458261489868164,14,12,23.06937026977539,14,12,7.388891220092773,84.1490559783891,226,-0.8660254037844384,-0.5000000000000004,2.3089461395248803,7.388891220092773,1,0,2025
2025-08-15,Central India,22.0,79.0,0.947891354560852,62,50,30.90155792236328,14,12,24.04792594909668,14,12,6.853631973266602,80.29297834602363,227,-0.8660254037844384,-0.5000000000000004,0.666747430852278,6.853631973266602,1,0,2025
2025-08-16,Central India,22.0,79.0,26.39301109313965,62,50,29.765567779541016,14,12,23.593669891357425,14,12,6.17189788818359,89.58706795742721,228,-0.8660254037844384,-0.5000000000000004,3.3102879112647994,6.17189788818359,1,0,2025
2025-08-17,Central India,22.0,79.0,11.680108070373535,62,50,30.90374755859375,14,12,23.55935287475586,14,12,7.344394683837891,84.93131404794286,229,-0.8660254037844384,-0.5000000000000004,2.540034471872881,7.344394683837891,1,0,2025
2025-08-18,Central India,22.0,79.0,2.0803134441375732,62,50,30.865550994873047,14,12,23.99648094177246,14,12,6.869070053100586,81.63695397195278,230,-0.8660254037844384,-0.5000000000000004,1.1250313593846486,6.869070053100586,1,0,2025
2025-08-19,Central India,22.0,79.0,1.766126275062561,62,50,29.31831932067871,14,12,23.28032875061035,14,12,6.037990570068359,82.97636251423334,231,-0.8660254037844384,-0.5000000000000004,1.01744788479002,6.037990570068359,1,0,2025
2025-08-20,Central India,22.0,79.0,10.817243576049805,62,50,28.64739990234375,14,12,23.304821014404297,14,12,5.342578887939453,88.72352157848155,232,-0.8660254037844384,-0.5000000000000004,2.4695597847868185,5.342578887939453,1,0,2025
2025-08-21,Central India,22.0,79.0,52.69160461425781,62,50,30.035747528076172,14,12,23.0961856842041,14,12,6.93956184387207,90.07064626417058,233,-0.8660254037844384,-0.5000000000000004,3.983256650638241,6.93956184387207,1,0,2025
2025-08-22,Central India,22.0,79.0,9.68481731414795,62,50,29.02128791809082,14,12,23.478607177734375,14,12,5.542680740356445,88.0211098929246,234,-0.8660254037844384,-0.5000000000000004,2.3688237912124963,5.542680740356445,1,0,2025
2025-08-23,Central India,22.0,79.0,13.58347988128662,62,50,28.236589431762695,14,12,22.884601593017575,14,12,5.351987838745121,89.33569244177237,235,-0.8660254037844384,-0.5000000000000004,2.679889373087534,5.351987838745121,1,0,2025
2025-08-24,Central India,22.0,79.0,2.9176042079925537,62,50,26.995630264282227,14,12,22.31302070617676,14,12,4.682609558105465,86.73122177038059,236,-0.8660254037844384,-0.5000000000000004,1.3654802955305094,4.682609558105465,1,0,2025
2025-08-25,Central India,22.0,79.0,0.1291831135749817,62,50,28.11831283569336,14,12,22.65900421142578,14,12,5.459308624267578,81.44586614034272,237,-0.8660254037844384,-0.5000000000000004,0.1214944629592923,5.459308624267578,1,0,2025
2025-08-26,Central India,22.0,79.0,0.0,62,50,30.32901954650879,14,12,23.309955596923828,14,12,7.019063949584961,77.96187210083008,238,-0.8660254037844384,-0.5000000000000004,0.0,7.019063949584961,1,0,2025
2025-08-27,Central India,22.0,79.0,3.0808019638061523,62,50,30.839923858642575,14,12,23.723876953125,14,12,7.116046905517575,81.98678677553627,239,-0.8660254037844384,-0.5000000000000004,1.4062935288571423,7.116046905517575,1,0,2025
2025-08-28,Central India,22.0,79.0,7.886898994445801,62,50,30.81164932250977,14,12,23.824235916137695,14,12,6.987413406372074,84.57890769471103,240,-0.8660254037844384,-0.5000000000000004,2.184578169151725,6.987413406372074,1,0,2025
2025-08-29,Central India,22.0,79.0,13.472365379333496,62,50,30.38618278503418,14,12,24.02522087097168,14,12,6.3609619140625,87.29479915718241,241,-0.8660254037844384,-0.5000000000000004,2.6722409951024706,6.3609619140625,1,0,2025
2025-08-30,Central India,22.0,79.0,9.267133712768556,62,50,30.548852920532227,14,12,23.632022857666016,14,12,6.916830062866211,85.153183549608,242,-0.8660254037844384,-0.5000000000000004,2.328947891780143,6.916830062866211,1,0,2025
2025-08-31,Central India,22.0,79.0,0.0,62,50,29.698963165283203,14,12,24.063703536987305,14,12,5.635259628295898,80.7294807434082,243,-0.8660254037844384,-0.5000000000000004,0.0,5.635259628295898,1,0,2025
2025-09-01,Central India,22.0,79.0,2.841090679168701,62,50,28.97871780395508,14,12,23.404544830322266,14,12,5.574172973632816,84.8889231246463,244,-1.0,-1.8369701987210294e-16,1.3457563573039737,5.574172973632816,1,0,2025
2025-09-02,Central India,22.0,79.0,34.18366241455078,62,50,29.142501831054688,14,12,23.68330764770508,14,12,5.459194183349606,91.76335715002888,245,-1.0,-1.8369701987210294e-16,3.5605818389093593,5.459194183349606,1,0,2025
2025-09-03,Central India,22.0,79.0,14.059493064880373,62,50,28.232383728027344,14,12,22.964519500732425,14,12,5.267864227294918,89.6002972277342,246,-1.0,-1.8369701987210294e-16,2.7120085607746827,5.267864227294918,1,0,2025
2025-09-04,Central India,22.0,79.0,13.187366485595703,62,50,27.765438079833984,14,12,23.014148712158203,14,12,4.751289367675781,90.45447691811972,247,-1.0,-1.8369701987210294e-16,2.6523518844904297,4.751289367675781,1,0,2025
2025-09-05,Central India,22.0,79.0,6.9335103034973145,62,50,28.59317398071289,14,12,22.739593505859375,14,12,5.853580474853516,86.5061258470651,248,-1.0,-1.8369701987210294e-16,2.071095598924045,5.853580474853516,1,0,2025
2025-09-06,Central India,22.0,79.0,0.0,62,50,29.308263778686523,14,12,22.85852432250977,14,12,6.449739456176754,79.10052108764648,249,-1.0,-1.8369701987210294e-16,0.0,6.449739456176754,1,0,2025
2025-09-07,Central India,22.0,79.0,0.7438066601753235,62,50,30.624650955200195,14,12,23.055709838867188,14,12,7.568941116333008,78.53032914538444,250,-1.0,-1.8369701987210294e-16,0.5560704593501513,7.568941116333008,1,0,2025
2025-09-08,Central India,22.0,79.0,1.0470635890960691,62,50,30.72403335571289,14,12,23.271217346191406,14,12,7.452816009521484,79.24358709314164,251,-1.0,-1.8369701987210294e-16,0.7164063707282032,7.452816009521484,1,0,2025
2025-09-09,Central India,22.0,79.0,3.675931215286255,62,50,31.457271575927734,14,12,23.157236099243164,14,12,8.30003547668457,80.02721404665216,252,-1.0,-1.8369701987210294e-16,1.542428333340432,8.30003547668457,1,0,2025
2025-09-10,Central India,22.0,79.0,13.218072891235352,62,50,31.591217041015625,14,12,23.630380630493164,14,12,7.960836410522461,84.04186886149844,253,-1.0,-1.8369701987210294e-16,2.654513894181121,7.960836410522461,1,0,2025
2025-09-11,Central India,22.0,79.0,0.3758106529712677,62,50,30.50354385375977,14,12,23.423982620239254,14,12,7.079561233520515,78.79800690252952,254,-1.0,-1.8369701987210294e-16,0.319043123190184,7.079561233520515,1,0,2025
2025-09-12,Central India,22.0,79.0,1.674134612083435,62,50,30.184011459350582,14,12,22.836584091186523,14,12,7.347427368164059,80.25602271918976,255,-1.0,-1.8369701987210294e-16,0.9836258185059628,7.347427368164059,1,0,2025
2025-09-13,Central India,22.0,79.0,3.978057384490967,62,50,30.528553009033203,14,12,22.942371368408203,14,12,7.586181640625,81.64275591324603,256,-1.0,-1.8369701987210294e-16,1.605039731498678,7.586181640625,1,0,2025
2025-09-14,Central India,22.0,79.0,9.262650489807127,62,50,30.890087127685547,14,12,23.406959533691406,14,12,7.483127593994141,84.01927822817305,257,-1.0,-1.8369701987210294e-16,2.328511138720446,7.483127593994141,1,0,2025
2025-09-15,Central India,22.0,79.0,5.648510932922363,62,50,30.109359741210938,14,12,23.597240447998047,14,12,6.512119293212891,84.65894014277222,258,-1.0,-1.8369701987210294e-16,1.8943929097326688,6.512119293212891,1,0,2025
2025-09-16,Central India,22.0,79.0,25.065860748291016,62,50,29.4735164642334,14,12,23.118968963623047,14,12,6.354547500610352,89.07278432124066,259,-1.0,-1.8369701987210294e-16,3.2606264408204537,6.354547500610352,1,0,2025
2025-09-17,Central India,22.0,79.0,0.2780034840106964,62,50,30.09671211242676,14,12,23.088769912719727,14,12,7.007942199707035,78.72001284686968,260,-1.0,-1.8369701987210294e-16,0.245299082094582,7.007942199707035,1,0,2025
2025-09-18,Central India,22.0,79.0,34.4483642578125,62,50,30.62736701965332,14,12,23.180973052978516,14,12,7.446393966674805,87.81144339568971,261,-1.0,-1.8369701987210294e-16,3.5680771096797708,7.446393966674805,1,0,2025
2025-09-19,Central India,22.0,79.0,10.55691146850586,62,50,31.449462890625,14,12,23.166240692138672,14,12,8.283222198486328,82.77540656365399,262,-1.0,-1.8369701987210294e-16,2.447283653542215,8.283222198486328,1,0,2025
2025-09-20,Central India,22.0,79.0,20.217620849609375,62,50,32.398704528808594,14,12,23.289417266845703,14,12,9.10928726196289,82.94592150186541,263,-1.0,-1.8369701987210294e-16,3.0548320085970646,9.10928726196289,1,0,2025
2025-09-21,Central India,22.0,79.0,2.2167632579803467,62,50,32.86469268798828,14,12,23.505306243896484,14,12,9.359386444091797,76.78635407567525,264,-1.0,-1.8369701987210294e-16,1.1683756546196145,9.359386444091797,1,0,2025
2025-09-22,Central India,22.0,79.0,0.0,62,50,32.04731750488281,14,12,23.75425910949707,14,12,8.293058395385742,75.41388320922852,265,-1.0,-1.8369701987210294e-16,0.0,8.293058395385742,1,0,2025
2025-09-23,Central India,22.0,79.0,0.0,62,50,32.413551330566406,14,12,23.464033126831055,14,12,8.949518203735352,74.1009635925293,266,-1.0,-1.8369701987210294e-16,0.0,8.949518203735352,1,0,2025
2025-09-24,Central India,22.0,79.0,0.0,62,50,31.35136604309082,14,12,23.31735610961914,14,12,8.03400993347168,75.93198013305664,267,-1.0,-1.8369701987210294e-16,0.0,8.03400993347168,1,0,2025
2025-09-25,Central India,22.0,79.0,0.2103551030158996,62,50,29.455257415771484,14,12,23.364479064941406,14,12,6.090778350830078,80.39118466870154,268,-1.0,-1.8369701987210294e-16,0.1909137901205651,6.090778350830078,1,0,2025
2025-09-26,Central India,22.0,79.0,1.1027793884277344,62,50,31.69709014892578,14,12,23.640893936157227,14,12,8.056196212768555,78.11738753831287,269,-1.0,-1.8369701987210294e-16,0.743259987949991,8.056196212768555,1,0,2025
2025-09-27,Central India,22.0,79.0,1.3817640542984009,62,50,28.57328987121582,14,12,23.222667694091797,14,12,5.350622177124023,83.90227988299964,270,-1.0,-1.8369701987210294e-16,0.8678414124158927,5.350622177124023,1,0,2025
2025-09-28,Central India,22.0,79.0,25.98701858520508,62,50,28.930728912353516,14,12,23.166229248046875,14,12,5.764499664306641,90.3570685431238,271,-1.0,-1.8369701987210294e-16,3.295355957245694,5.764499664306641,1,0,2025
2025-09-29,Central India,22.0,79.0,6.454836368560791,62,50,29.90494728088379,14,12,23.103986740112305,14,12,6.800960540771484,84.42466791472282,272,-1.0,-1.8369701987210294e-16,2.008862998755263,6.800960540771484,1,0,2025
2025-09-30,Central India,22.0,79.0,0.0,62,50,30.659536361694336,14,12,23.12244987487793,14,12,7.537086486816406,76.92582702636719,273,-1.0,-1.8369701987210294e-16,0.0,7.537086486816406,1,0,2025
2025-10-01,Central India,22.0,79.0,1.5061973333358765,62,50,30.069089889526367,14,12,22.538097381591797,14,12,7.53099250793457,79.69431477729572,274,-0.8660254037844386,0.5000000000000001,0.9187665977216188,7.53099250793457,1,0,2025
2025-10-02,Central India,22.0,79.0,0.2776687145233154,62,50,30.663209915161133,14,12,22.574174880981445,14,12,8.089035034179688,76.55704123325708,275,-0.8660254037844386,0.5000000000000001,0.2450371005388193,8.089035034179688,1,0,2025
2025-10-03,Central India,22.0,79.0,0.0,62,50,30.167165756225582,14,12,23.565719604492188,14,12,6.601446151733395,78.7971076965332,276,-0.8660254037844386,0.5000000000000001,0.0,6.601446151733395,1,0,2025
2025-10-04,Central India,22.0,79.0,0.0,62,50,30.19438743591309,14,12,23.4825382232666,14,12,6.711849212646488,78.57630157470703,277,-0.8660254037844386,0.5000000000000001,0.0,6.711849212646488,1,0,2025
2025-10-05,Central India,22.0,79.0,0.6579089164733887,62,50,30.311050415039062,14,12,23.032114028930664,14,12,7.278936386108398,78.95879858604934,278,-0.8660254037844386,0.5000000000000001,0.5055571194220445,7.278936386108398,1,0,2025
2025-10-06,Central India,22.0,79.0,13.40828800201416,62,50,29.51579475402832,14,12,22.550029754638672,14,12,6.965764999389648,86.0718807913469,279,-0.8660254037844386,0.5000000000000001,2.6678035967087297,6.965764999389648,1,0,2025
2025-10-07,Central India,22.0,79.0,0.1134429275989532,62,50,30.369712829589844,14,12,21.58478546142578,14,12,8.784927368164062,74.75251611798868,280,-0.8660254037844386,0.5000000000000001,0.1074569514389326,8.784927368164062,1,0,2025
2025-10-08,Central India,22.0,79.0,0.0,62,50,31.071155548095703,14,12,21.86764335632324,14,12,9.203512191772464,73.59297561645508,281,-0.8660254037844386,0.5000000000000001,0.0,9.203512191772464,1,0,2025
2025-10-09,Central India,22.0,79.0,17.214826583862305,62,50,30.706947326660156,14,12,21.206335067749023,14,12,9.500612258911133,81.70548321188544,282,-0.8660254037844386,0.5000000000000001,2.902235909902569,9.500612258911133,1,0,2025
2025-10-10,Central India,22.0,79.0,0.0,62,50,29.35234642028809,14,12,20.451953887939453,14,12,8.900392532348636,74.19921493530273,283,-0.8660254037844386,0.5000000000000001,0.0,8.900392532348636,1,0,2025
2025-10-11,Central India,22.0,79.0,0.0,62,50,29.63115882873535,14,12,20.165136337280273,14,12,9.466022491455078,73.06795501708984,284,-0.8660254037844386,0.5000000000000001,0.0,9.466022491455078,1,0,2025
2025-10-12,Central India,22.0,79.0,0.0,62,50,29.45734977722168,14,12,19.407018661499023,14,12,10.050331115722656,71.89933776855469,285,-0.8660254037844386,0.5000000000000001,0.0,10.050331115722656,1,0,2025
2025-10-13,Central India,22.0,79.0,0.0,62,50,30.122350692749023,14,12,19.65209197998047,14,12,10.470258712768556,71.05948257446289,286,-0.8660254037844386,0.5000000000000001,0.0,10.470258712768556,1,0,2025
2025-10-14,Central India,22.0,79.0,0.0,62,50,30.310489654541016,14,12,19.978626251220703,14,12,10.331863403320312,71.33627319335938,287,-0.8660254037844386,0.5000000000000001,0.0,10.331863403320312,1,0,2025
2025-10-15,Central India,22.0,79.0,0.0,62,50,31.025697708129883,14,12,21.813343048095703,14,12,9.21235466003418,73.57529067993164,288,-0.8660254037844386,0.5000000000000001,0.0,9.21235466003418,1,0,2025
2025-10-16,Central India,22.0,79.0,0.0,62,50,31.07979965209961,14,12,21.540828704833984,14,12,9.538970947265623,72.92205810546875,289,-0.8660254037844386,0.5000000000000001,0.0,9.538970947265623,1,0,2025
2025-10-17,Central India,22.0,79.0,5.513896942138672,62,50,30.709762573242188,14,12,21.44487190246582,14,12,9.264890670776367,79.09203231569504,290,-0.8660254037844386,0.5000000000000001,1.873937885749256,9.264890670776367,1,0,2025
2025-10-18,Central India,22.0,79.0,0.0,62,50,30.17580223083496,14,12,20.67888069152832,14,12,9.49692153930664,73.00615692138672,291,-0.8660254037844386,0.5000000000000001,0.0,9.49692153930664,1,0,2025
2025-10-19,Central India,22.0,79.0,0.0,62,50,30.36475372314453,14,12,19.909360885620117,14,12,10.455392837524414,71.08921432495117,292,-0.8660254037844386,0.5000000000000001,0.0,10.455392837524414,1,0,2025
2025-10-20,Central India,22.0,79.0,0.0,62,50,30.788799285888672,14,12,19.66922378540039,14,12,11.11957550048828,69.76084899902344,293,-0.8660254037844386,0.5000000000000001,0.0,11.11957550048828,1,0,2025
2025-10-21,Central India,22.0,79.0,0.0,62,50,30.42779541015625,14,12,21.59134101867676,14,12,8.836454391479489,74.32709121704102,294,-0.8660254037844386,0.5000000000000001,0.0,8.836454391479489,1,0,2025
2025-10-22,Central India,22.0,79.0,0.0,62,50,31.33519744873047,14,12,21.62531280517578,14,12,9.709884643554688,72.58023071289062,295,-0.8660254037844386,0.5000000000000001,0.0,9.709884643554688,1,0,2025
2025-10-23,Central India,22.0,79.0,0.0,62,50,30.89305877685547,14,12,22.336137771606445,14,12,8.556921005249023,74.88615798950195,296,-0.8660254037844386,0.5000000000000001,0.0,8.556921005249023,1,0,2025
2025-10-24,Central India,22.0,79.0,0.0,62,50,30.678613662719727,14,12,21.982074737548828,14,12,8.696538925170898,74.6069221496582,297,-0.8660254037844386,0.5000000000000001,0.0,8.696538925170898,1,0,2025
2025-10-25,Central India,22.0,79.0,0.0,62,50,28.23959732055664,14,12,22.04911422729492,14,12,6.190483093261722,79.61903381347656,298,-0.8660254037844386,0.5000000000000001,0.0,6.190483093261722,1,0,2025
2025-10-26,Central India,22.0,79.0,0.0,62,50,27.557111740112305,14,12,21.33166122436523,14,12,6.225450515747074,79.54909896850586,299,-0.8660254037844386,0.5000000000000001,0.0,6.225450515747074,1,0,2025
2025-10-27,Central India,22.0,79.0,22.084209442138672,62,50,29.70954132080078,14,12,21.42816162109375,14,12,8.281379699707031,84.85468703013944,300,-0.8660254037844386,0.5000000000000001,3.1391488098511693,8.281379699707031,1,0,2025
2025-10-28,Central India,22.0,79.0,0.0,62,50,27.91072654724121,14,12,22.044986724853516,14,12,5.865739822387695,80.26852035522461,301,-0.8660254037844386,0.5000000000000001,0.0,5.865739822387695,1,0,2025
2025-10-29,Central India,22.0,79.0,0.0,62,50,27.39444351196289,14,12,22.65758895874023,14,12,4.73685455322266,82.52629089355469,302,-0.8660254037844386,0.5000000000000001,0.0,4.73685455322266,1,0,2025
2025-10-30,Central India,22.0,79.0,1.8562628030776975,62,50,26.322710037231445,14,12,22.15028190612793,14,12,4.172428131103516,86.80368591217787,303,-0.8660254037844386,0.5000000000000001,1.0495140581283,4.172428131103516,1,0,2025
2025-10-31,Central India,22.0,79.0,6.9481377601623535,62,50,27.39597511291504,14,12,21.872116088867188,14,12,5.523859024047852,87.17109492357058,304,-0.8660254037844386,0.5000000000000001,2.072937657222093,5.523859024047852,1,0,2025
2025-11-01,Central India,22.0,79.0,12.27161693572998,62,50,28.98905563354492,14,12,21.69488525390625,14,12,7.294170379638668,85.16854231037301,305,-0.5000000000000004,0.8660254037844384,2.585627689883454,7.294170379638668,1,0,2025
2025-11-02,Central India,22.0,79.0,0.2078028172254562,62,50,29.65166473388672,14,12,22.544143676757812,14,12,7.107521057128906,78.3513664519884,306,-0.5000000000000004,0.8660254037844384,0.1888028554154016,7.107521057128906,1,0,2025
2025-11-03,Central India,22.0,79.0,0.0,62,50,30.01326560974121,14,12,21.081344604492188,14,12,8.931921005249023,74.13615798950195,307,-0.5000000000000004,0.8660254037844384,0.0,8.931921005249023,1,0,2025
2025-11-04,Central India,22.0,79.0,0.0,62,50,29.9826602935791,14,12,19.811935424804688,14,12,10.170724868774414,71.65855026245117,308,-0.5000000000000004,0.8660254037844384,0.0,10.170724868774414,1,0,2025
2025-11-05,Central India,22.0,79.0,0.9189828038215636,62,50,29.56999969482422,14,12,19.433677673339844,14,12,10.136322021484377,73.6827417249571,309,-0.5000000000000004,0.8660254037844384,0.6517952559752844,10.136322021484377,1,0,2025
2025-11-06,Central India,22.0,79.0,0.0,62,50,29.80150604248047,14,12,18.624277114868164,14,12,11.177228927612305,69.64554214477539,310,-0.5000000000000004,0.8660254037844384,0.0,11.177228927612305,1,0,2025
2025-11-07,Central India,22.0,79.0,0.0,62,50,28.805011749267575,14,12,16.057613372802734,14,12,12.74739837646484,66.50520324707031,311,-0.5000000000000004,0.8660254037844384,0.0,12.74739837646484,1,0,2025
2025-11-08,Central India,22.0,79.0,0.0,62,50,28.163131713867188,14,12,14.56899070739746,14,12,13.594141006469728,64.81171798706055,312,-0.5000000000000004,0.8660254037844384,0.0,13.594141006469728,1,0,2025
2025-11-09,Central India,22.0,79.0,0.0,62,50,27.976940155029297,14,12,13.354863166809082,14,12,14.622076988220217,62.75584602355957,313,-0.5000000000000004,0.8660254037844384,0.0,14.622076988220217,1,0,2025
2025-11-10,Central India,22.0,79.0,0.0,62,50,27.84088134765625,14,12,12.004312515258787,14,12,15.836568832397464,60.32686233520508,314,-0.5000000000000004,0.8660254037844384,0.0,15.836568832397464,1,0,2025
2025-11-11,Central India,22.0,79.0,0.0,62,50,27.77830696105957,14,12,11.75302505493164,14,12,16.02528190612793,59.94943618774414,315,-0.5000000000000004,0.8660254037844384,0.0,16.02528190612793,1,0,2025
2025-11-12,Central India,22.0,79.0,0.0,62,50,27.653900146484375,14,12,11.481658935546877,14,12,16.1722412109375,59.655517578125,316,-0.5000000000000004,0.8660254037844384,0.0,16.1722412109375,1,0,2025
2025-11-13,Central India,22.0,79.0,0.0,62,50,27.25988388061523,14,12,11.122288703918455,14,12,16.137595176696777,59.724809646606445,317,-0.5000000000000004,0.8660254037844384,0.0,16.137595176696777,1,0,2025
2025-11-14,Central India,22.0,79.0,0.0,62,50,27.222484588623047,14,12,11.284509658813477,14,12,15.93797492980957,60.12405014038086,318,-0.5000000000000004,0.8660254037844384,0.0,15.93797492980957,1,0,2025
2025-11-15,Central India,22.0,79.0,0.0,62,50,26.946075439453125,14,12,11.135127067565918,14,12,15.810948371887209,60.378103256225586,319,-0.5000000000000004,0.8660254037844384,0.0,15.810948371887209,1,0,2025
2025-11-16,Central India,22.0,79.0,0.0,62,50,26.72042465209961,14,12,9.872629165649414,14,12,16.847795486450195,58.30440902709961,320,-0.5000000000000004,0.8660254037844384,0.0,16.847795486450195,1,0,2025
2025-11-17,Central India,22.0,79.0,0.0,62,50,26.436750411987305,14,12,9.2367582321167,14,12,17.199992179870605,57.60001564025879,321,-0.5000000000000004,0.8660254037844384,0.0,17.199992179870605,1,0,2025
2025-11-18,Central India,22.0,79.0,0.0,62,50,26.434370040893555,14,12,9.730648040771484,14,12,16.70372200012207,58.59255599975586,322,-0.5000000000000004,0.8660254037844384,0.0,16.70372200012207,1,0,2025
2025-11-19,Central India,22.0,79.0,0.0,62,50,26.54796028137207,14,12,10.425653457641602,14,12,16.12230682373047,59.75538635253906,323,-0.5000000000000004,0.8660254037844384,0.0,16.12230682373047,1,0,2025
2025-11-20,Central India,22.0,79.0,0.0,62,50,27.43548011779785,14,12,10.89924144744873,14,12,16.53623867034912,58.92752265930176,324,-0.5000000000000004,0.8660254037844384,0.0,16.53623867034912,1,0,2025
2025-11-21,Central India,22.0,79.0,0.0,62,50,28.764942169189453,14,12,11.604375839233398,14,12,17.160566329956055,57.67886734008789,325,-0.5000000000000004,0.8660254037844384,0.0,17.160566329956055,1,0,2025
2025-11-22,Central India,22.0,79.0,0.0,62,50,28.84583854675293,14,12,12.196544647216797,14,12,16.649293899536133,58.701412200927734,326,-0.5000000000000004,0.8660254037844384,0.0,16.649293899536133,1,0,2025
2025-11-23,Central India,22.0,79.0,0.0,62,50,28.992816925048828,14,12,13.311807632446287,14,12,15.68100929260254,60.63798141479492,327,-0.5000000000000004,0.8660254037844384,0.0,15.68100929260254,1,0,2025
2025-11-24,Central India,22.0,79.0,0.0,62,50,28.881103515625,14,12,15.218403816223145,14,12,13.662699699401855,64.67460060119629,328,-0.5000000000000004,0.8660254037844384,0.0,13.662699699401855,1,0,2025
2025-11-25,Central India,22.0,79.0,0.0,62,50,28.189910888671875,14,12,15.912723541259766,14,12,12.27718734741211,67.44562530517578,329,-0.5000000000000004,0.8660254037844384,0.0,12.27718734741211,1,0,2025
2025-11-26,Central India,22.0,79.0,0.0,62,50,27.65120506286621,14,12,16.123092651367188,14,12,11.528112411499023,68.94377517700195,330,-0.5000000000000004,0.8660254037844384,0.0,11.528112411499023,1,0,2025
2025-11-27,Central India,22.0,79.0,0.0,62,50,27.669010162353516,14,12,15.118486404418944,14,12,12.550523757934572,66.89895248413086,331,-0.5000000000000004,0.8660254037844384,0.0,12.550523757934572,1,0,2025
2025-11-28,Central India,22.0,79.0,0.0,62,50,26.88297462463379,14,12,11.976634979248049,14,12,14.90633964538574,62.18732070922851,332,-0.5000000000000004,0.8660254037844384,0.0,14.90633964538574,1,0,2025
2025-11-29,Central India,22.0,79.0,0.0,62,50,26.633506774902344,14,12,9.911367416381836,14,12,16.722139358520508,58.555721282958984,333,-0.5000000000000004,0.8660254037844384,0.0,16.722139358520508,1,0,2025
2025-11-30,Central India,22.0,79.0,0.0,62,50,26.853214263916016,14,12,10.3180513381958,14,12,16.535162925720215,58.92967414855957,334,-0.5000000000000004,0.8660254037844384,0.0,16.535162925720215,1,0,2025
2025-12-01,Central India,22.0,79.0,0.0,62,50,26.777116775512695,14,12,11.533746719360352,14,12,15.243370056152344,61.51325988769531,335,-2.4492935982947064e-16,1.0,0.0,15.243370056152344,1,0,2025
2025-12-02,Central India,22.0,79.0,0.0,62,50,26.491811752319336,14,12,11.19871711730957,14,12,15.293094635009766,61.41381072998047,336,-2.4492935982947064e-16,1.0,0.0,15.293094635009766,1,0,2025
2025-12-03,Central India,22.0,79.0,0.0,62,50,26.934314727783203,14,12,10.842662811279297,14,12,16.091651916503906,59.81669616699219,337,-2.4492935982947064e-16,1.0,0.0,16.091651916503906,1,0,2025
2025-12-04,Central India,22.0,79.0,0.0,62,50,26.610990524291992,14,12,10.538860321044922,14,12,16.07213020324707,59.85573959350586,338,-2.4492935982947064e-16,1.0,0.0,16.07213020324707,1,0,2025
2025-12-05,Central India,22.0,79.0,0.0,62,50,26.233057022094727,14,12,10.431148529052734,14,12,15.801908493041992,60.396183013916016,339,-2.4492935982947064e-16,1.0,0.0,15.801908493041992,1,0,2025
2025-12-06,Central India,22.0,79.0,0.0,62,50,26.093685150146484,14,12,8.55392074584961,14,12,17.539764404296875,56.92047119140625,340,-2.4492935982947064e-16,1.0,0.0,17.539764404296875,1,0,2025
2025-12-07,Central India,22.0,79.0,0.0,62,50,27.218164443969727,14,12,8.92317008972168,14,12,18.294994354248047,55.410011291503906,341,-2.4492935982947064e-16,1.0,0.0,18.294994354248047,1,0,2025
2025-12-08,Central India,22.0,79.0,0.0,62,50,28.407188415527344,14,12,8.446833610534668,14,12,19.960354804992676,52.07929039001465,342,-2.4492935982947064e-16,1.0,0.0,19.960354804992676,1,0,2025
2025-12-09,Central India,22.0,79.0,0.0,62,50,28.12342643737793,14,12,8.40610122680664,14,12,19.71732521057129,52.56534957885742,343,-2.4492935982947064e-16,1.0,0.0,19.71732521057129,1,0,2025
2025-12-10,Central India,22.0,79.0,0.0,62,50,27.988903045654297,14,12,8.156303405761719,14,12,19.832599639892575,52.33480072021485,344,-2.4492935982947064e-16,1.0,0.0,19.832599639892575,1,0,2025
2025-12-11,Central India,22.0,79.0,0.0,62,50,27.656532287597656,14,12,7.91445779800415,14,12,19.742074489593502,52.51585102081299,345,-2.4492935982947064e-16,1.0,0.0,19.742074489593502,1,0,2025
2025-12-12,Central India,22.0,79.0,0.0,62,50,28.438060760498047,14,12,8.286972999572754,14,12,20.151087760925293,51.697824478149414,346,-2.4492935982947064e-16,1.0,0.0,20.151087760925293,1,0,2025
2025-12-13,Central India,22.0,79.0,0.0,62,50,28.57564163208008,14,12,8.7672758102417,14,12,19.808365821838382,52.383268356323235,347,-2.4492935982947064e-16,1.0,0.0,19.808365821838382,1,0,2025
2025-12-14,Central India,22.0,79.0,0.0,62,50,27.697341918945312,14,12,8.367606163024902,14,12,19.32973575592041,53.34052848815918,348,-2.4492935982947064e-16,1.0,0.0,19.32973575592041,1,0,2025
2025-12-15,Central India,22.0,79.0,0.0,62,50,27.288122177124023,14,12,8.290313720703125,14,12,18.9978084564209,54.0043830871582,349,-2.4492935982947064e-16,1.0,0.0,18.9978084564209,1,0,2025
2025-12-16,Central India,22.0,79.0,0.0,62,50,28.1674747467041,14,12,8.647601127624512,14,12,19.51987361907959,52.96025276184082,350,-2.4492935982947064e-16,1.0,0.0,19.51987361907959,1,0,2025
2025-12-17,Central India,22.0,79.0,0.0,62,50,28.76253318786621,14,12,8.453336715698242,14,12,20.30919647216797,51.38160705566406,351,-2.4492935982947064e-16,1.0,0.0,20.30919647216797,1,0,2025
2025-12-18,Central India,22.0,79.0,0.0,62,50,28.93856430053711,14,12,8.726603507995605,14,12,20.211960792541504,51.57607841491699,352,-2.4492935982947064e-16,1.0,0.0,20.211960792541504,1,0,2025
2025-12-19,Central India,22.0,79.0,0.0,62,50,27.34878921508789,14,12,8.824339866638184,14,12,18.524449348449707,54.951101303100586,353,-2.4492935982947064e-16,1.0,0.0,18.524449348449707,1,0,2025
2025-12-20,Central India,22.0,79.0,0.0,62,50,27.109039306640625,14,12,8.019587516784668,14,12,19.089451789855957,53.821096420288086,354,-2.4492935982947064e-16,1.0,0.0,19.089451789855957,1,0,2025
2025-12-21,Central India,22.0,79.0,0.0,62,50,27.19105529785156,14,12,8.305980682373047,14,12,18.885074615478512,54.229850769042976,355,-2.4492935982947064e-16,1.0,0.0,18.885074615478512,1,0,2025
2025-12-22,Central India,22.0,79.0,0.0,62,50,26.66759490966797,14,12,8.949220657348633,14,12,17.718374252319336,56.56325149536133,356,-2.4492935982947064e-16,1.0,0.0,17.718374252319336,1,0,2025
2025-12-23,Central India,22.0,79.0,0.0,62,50,27.799991607666016,14,12,9.272960662841797,14,12,18.52703094482422,54.94593811035156,357,-2.4492935982947064e-16,1.0,0.0,18.52703094482422,1,0,2025
2025-12-24,Central India,22.0,79.0,0.0,62,50,27.15961456298828,14,12,10.25210952758789,14,12,16.90750503540039,58.18498992919922,358,-2.4492935982947064e-16,1.0,0.0,16.90750503540039,1,0,2025
2025-12-25,Central India,22.0,79.0,0.0,62,50,26.939409255981445,14,12,9.665802001953123,14,12,17.27360725402832,57.45278549194336,359,-2.4492935982947064e-16,1.0,0.0,17.27360725402832,1,0,2025
2025-12-26,Central India,22.0,79.0,0.0,62,50,26.691408157348633,14,12,9.116704940795898,14,12,17.574703216552734,56.85059356689453,360,-2.4492935982947064e-16,1.0,0.0,17.574703216552734,1,0,2025
2025-12-27,Central India,22.0,79.0,0.0,62,50,26.27134895324707,14,12,8.810275077819824,14,12,17.461073875427246,57.07785224914551,361,-2.4492935982947064e-16,1.0,0.0,17.461073875427246,1,0,2025
2025-12-28,Central India,22.0,79.0,0.0,62,50,26.26470947265625,14,12,8.826150894165039,14,12,17.43855857849121,57.12288284301758,362,-2.4492935982947064e-16,1.0,0.0,17.43855857849121,1,0,2025
2025-12-29,Central India,22.0,79.0,0.0,62,50,26.968046188354492,14,12,8.789518356323242,14,12,18.17852783203125,55.6429443359375,363,-2.4492935982947064e-16,1.0,0.0,18.17852783203125,1,0,2025
2025-12-30,Central India,22.0,79.0,0.0,62,50,27.69635009765625,14,12,7.960472106933594,14,12,19.735877990722656,52.52824401855469,364,-2.4492935982947064e-16,1.0,0.0,19.735877990722656,1,0,2025
2025-12-31,Central India,22.0,79.0,0.0,62,50,27.41333770751953,14,12,8.6322021484375,14,12,18.78113555908203,54.43772888183594,365,-2.4492935982947064e-16,1.0,0.0,18.78113555908203,1,0,2025
2025-01-01,Coastal Odisha,20.5,85.5,0.0,56,76,26.222007751464844,13,18,14.68418312072754,13,18,11.537824630737305,68.92435073852539,1,0.4999999999999999,0.8660254037844387,0.0,11.537824630737305,1,1,2025
2025-01-02,Coastal Odisha,20.5,85.5,0.0,56,76,26.321460723876953,13,18,12.488369941711426,13,18,13.833090782165527,64.33381843566895,2,0.4999999999999999,0.8660254037844387,0.0,13.833090782165527,1,1,2025
2025-01-03,Coastal Odisha,20.5,85.5,0.0,56,76,26.177427291870117,13,18,12.385697364807127,13,18,13.79172992706299,64.41654014587402,3,0.4999999999999999,0.8660254037844387,0.0,13.79172992706299,1,1,2025
2025-01-04,Coastal Odisha,20.5,85.5,0.0,56,76,26.325971603393555,13,18,12.429447174072266,13,18,13.896524429321287,64.20695114135742,4,0.4999999999999999,0.8660254037844387,0.0,13.896524429321287,1,1,2025
2025-01-05,Coastal Odisha,20.5,85.5,0.0,56,76,26.96869659423828,13,18,13.393860816955566,13,18,13.574835777282717,64.85032844543457,5,0.4999999999999999,0.8660254037844387,0.0,13.574835777282717,1,1,2025
2025-01-06,Coastal Odisha,20.5,85.5,0.0,56,76,26.96391487121582,13,18,13.932110786437988,13,18,13.031804084777832,65.93639183044434,6,0.4999999999999999,0.8660254037844387,0.0,13.031804084777832,1,1,2025
2025-01-07,Coastal Odisha,20.5,85.5,0.0,56,76,28.31785774230957,13,18,15.059684753417969,13,18,13.258172988891602,65.4836540222168,7,0.4999999999999999,0.8660254037844387,0.0,13.258172988891602,1,1,2025
2025-01-08,Coastal Odisha,20.5,85.5,0.0,56,76,26.88151741027832,13,18,14.656172752380373,13,18,12.225344657897947,67.5493106842041,8,0.4999999999999999,0.8660254037844387,0.0,12.225344657897947,1,1,2025
2025-01-09,Coastal Odisha,20.5,85.5,0.0,56,76,26.1617431640625,13,18,13.169733047485352,13,18,12.992010116577148,66.0159797668457,9,0.4999999999999999,0.8660254037844387,0.0,12.992010116577148,1,1,2025
2025-01-10,Coastal Odisha,20.5,85.5,0.0,56,76,26.25002098083496,13,18,12.810699462890623,13,18,13.439321517944338,65.12135696411133,10,0.4999999999999999,0.8660254037844387,0.0,13.439321517944338,1,1,2025
2025-01-11,Coastal Odisha,20.5,85.5,0.0,56,76,26.65828514099121,13,18,13.485705375671388,13,18,13.172579765319822,65.65484046936035,11,0.4999999999999999,0.8660254037844387,0.0,13.172579765319822,1,1,2025
2025-01-12,Coastal Odisha,20.5,85.5,0.0,56,76,27.10881233215332,13,18,13.785893440246582,13,18,13.322918891906738,65.35416221618652,12,0.4999999999999999,0.8660254037844387,0.0,13.322918891906738,1,1,2025
2025-01-13,Coastal Odisha,20.5,85.5,0.0,56,76,28.133106231689453,13,18,14.710588455200195,13,18,13.422517776489258,65.15496444702148,13,0.4999999999999999,0.8660254037844387,0.0,13.422517776489258,1,1,2025
2025-01-14,Coastal Odisha,20.5,85.5,0.0,56,76,27.29324531555176,13,18,16.658201217651367,13,18,10.635044097900394,70.72991180419922,14,0.4999999999999999,0.8660254037844387,0.0,10.635044097900394,1,1,2025
2025-01-15,Coastal Odisha,20.5,85.5,0.0,56,76,26.957176208496097,13,18,16.406158447265625,13,18,10.551017761230472,70.89796447753906,15,0.4999999999999999,0.8660254037844387,0.0,10.551017761230472,1,1,2025
2025-01-16,Coastal Odisha,20.5,85.5,0.0,56,76,26.97593116760254,13,18,15.301335334777832,13,18,11.674595832824709,68.65080833435059,16,0.4999999999999999,0.8660254037844387,0.0,11.674595832824709,1,1,2025
2025-01-17,Coastal Odisha,20.5,85.5,0.0,56,76,26.710439682006836,13,18,13.844106674194336,13,18,12.8663330078125,66.267333984375,17,0.4999999999999999,0.8660254037844387,0.0,12.8663330078125,1,1,2025
2025-01-18,Coastal Odisha,20.5,85.5,0.0,56,76,27.34217643737793,13,18,13.995197296142578,13,18,13.346979141235352,65.3060417175293,18,0.4999999999999999,0.8660254037844387,0.0,13.346979141235352,1,1,2025
2025-01-19,Coastal Odisha,20.5,85.5,0.0,56,76,28.469926834106445,13,18,13.68600368499756,13,18,14.783923149108883,62.43215370178223,19,0.4999999999999999,0.8660254037844387,0.0,14.783923149108883,1,1,2025
2025-01-20,Coastal Odisha,20.5,85.5,0.0,56,76,29.862245559692383,13,18,13.231809616088867,13,18,16.630435943603516,58.73912811279297,20,0.4999999999999999,0.8660254037844387,0.0,16.630435943603516,1,1,2025
2025-01-21,Coastal Odisha,20.5,85.5,0.0,56,76,30.576580047607425,13,18,14.33193588256836,13,18,16.244644165039066,59.51071166992187,21,0.4999999999999999,0.8660254037844387,0.0,16.244644165039066,1,1,2025
2025-01-22,Coastal Odisha,20.5,85.5,0.0,56,76,31.01103973388672,13,18,15.318832397460938,13,18,15.69220733642578,60.61558532714844,22,0.4999999999999999,0.8660254037844387,0.0,15.69220733642578,1,1,2025
2025-01-23,Coastal Odisha,20.5,85.5,0.0,56,76,31.11308860778809,13,18,17.166942596435547,13,18,13.946146011352544,64.10770797729492,23,0.4999999999999999,0.8660254037844387,0.0,13.946146011352544,1,1,2025
2025-01-24,Coastal Odisha,20.5,85.5,0.0,56,76,29.99386215209961,13,18,18.30911636352539,13,18,11.68474578857422,68.63050842285156,24,0.4999999999999999,0.8660254037844387,0.0,11.68474578857422,1,1,2025
2025-01-25,Coastal Odisha,20.5,85.5,0.0,56,76,28.964061737060547,13,18,18.559362411499023,13,18,10.404699325561523,71.19060134887695,25,0.4999999999999999,0.8660254037844387,0.0,10.404699325561523,1,1,2025
2025-01-26,Coastal Odisha,20.5,85.5,0.0,56,76,27.976123809814453,13,18,17.687402725219727,13,18,10.288721084594728,71.42255783081055,26,0.4999999999999999,0.8660254037844387,0.0,10.288721084594728,1,1,2025
2025-01-27,Coastal Odisha,20.5,85.5,0.0,56,76,28.542959213256836,13,18,15.244494438171388,13,18,13.298464775085447,65.4030704498291,27,0.4999999999999999,0.8660254037844387,0.0,13.298464775085447,1,1,2025
2025-01-28,Coastal Odisha,20.5,85.5,0.0,56,76,29.334739685058594,13,18,15.63169288635254,13,18,13.703046798706051,64.59390640258789,28,0.4999999999999999,0.8660254037844387,0.0,13.703046798706051,1,1,2025
2025-01-29,Coastal Odisha,20.5,85.5,0.0,56,76,30.26945686340332,13,18,17.509611129760742,13,18,12.759845733642578,66.48030853271484,29,0.4999999999999999,0.8660254037844387,0.0,12.759845733642578,1,1,2025
2025-01-30,Coastal Odisha,20.5,85.5,0.0,56,76,30.88489532470703,13,18,18.7867431640625,13,18,12.098152160644531,67.80369567871094,30,0.4999999999999999,0.8660254037844387,0.0,12.098152160644531,1,1,2025
2025-01-31,Coastal Odisha,20.5,85.5,0.0,56,76,31.52983283996582,13,18,20.134830474853516,13,18,11.395002365112305,69.20999526977539,31,0.4999999999999999,0.8660254037844387,0.0,11.395002365112305,1,1,2025
2025-02-01,Coastal Odisha,20.5,85.5,0.0,56,76,31.458969116210938,13,18,21.605073928833008,13,18,9.85389518737793,72.29220962524414,32,0.8660254037844386,0.5000000000000001,0.0,9.85389518737793,1,1,2025
2025-02-02,Coastal Odisha,20.5,85.5,0.0,56,76,32.52983093261719,13,18,21.736066818237305,13,18,10.793764114379885,70.41247177124023,33,0.8660254037844386,0.5000000000000001,0.0,10.793764114379885,1,1,2025
2025-02-03,Coastal Odisha,20.5,85.5,0.0,56,76,31.86128616333008,13,18,21.01432228088379,13,18,10.846963882446293,70.30607223510742,34,0.8660254037844386,0.5000000000000001,0.0,10.846963882446293,1,1,2025
2025-02-04,Coastal Odisha,20.5,85.5,0.0,56,76,31.87213134765625,13,18,20.591075897216797,13,18,11.281055450439451,69.4378890991211,35,0.8660254037844386,0.5000000000000001,0.0,11.281055450439451,1,1,2025
2025-02-05,Coastal Odisha,20.5,85.5,0.0,56,76,32.94436264038086,13,18,21.22516441345215,13,18,11.719198226928713,68.56160354614258,36,0.8660254037844386,0.5000000000000001,0.0,11.719198226928713,1,1,2025
2025-02-06,Coastal Odisha,20.5,85.5,0.0,56,76,31.83930206298828,13,18,21.969379425048828,13,18,9.869922637939451,72.2601547241211,37,0.8660254037844386,0.5000000000000001,0.0,9.869922637939451,1,1,2025
2025-02-07,Coastal Odisha,20.5,85.5,0.0,56,76,30.940956115722656,13,18,18.342514038085938,13,18,12.59844207763672,66.80311584472656,38,0.8660254037844386,0.5000000000000001,0.0,12.59844207763672,1,1,2025
2025-02-08,Coastal Odisha,20.5,85.5,0.0,56,76,30.665096282958984,13,18,16.831846237182617,13,18,13.833250045776367,64.33349990844727,39,0.8660254037844386,0.5000000000000001,0.0,13.833250045776367,1,1,2025
2025-02-09,Coastal Odisha,20.5,85.5,0.0,56,76,31.020492553710938,13,18,15.651681900024414,13,18,15.368810653686523,61.26237869262695,40,0.8660254037844386,0.5000000000000001,0.0,15.368810653686523,1,1,2025
2025-02-10,Coastal Odisha,20.5,85.5,0.0,56,76,32.243839263916016,13,18,16.380678176879883,13,18,15.863161087036133,60.273677825927734,41,0.8660254037844386,0.5000000000000001,0.0,15.863161087036133,1,1,2025
2025-02-11,Coastal Odisha,20.5,85.5,0.0,56,76,32.911434173583984,13,18,18.845458984375,13,18,14.065975189208984,63.86804962158203,42,0.8660254037844386,0.5000000000000001,0.0,14.065975189208984,1,1,2025
2025-02-12,Coastal Odisha,20.5,85.5,0.0,56,76,33.5850715637207,13,18,20.383739471435547,13,18,13.201332092285156,65.59733581542969,43,0.8660254037844386,0.5000000000000001,0.0,13.201332092285156,1,1,2025
2025-02-13,Coastal Odisha,20.5,85.5,0.0,56,76,33.05137634277344,13,18,20.449642181396484,13,18,12.601734161376951,66.7965316772461,44,0.8660254037844386,0.5000000000000001,0.0,12.601734161376951,1,1,2025
2025-02-14,Coastal Odisha,20.5,85.5,0.0,56,76,31.346115112304688,13,18,17.636146545410156,13,18,13.709968566894531,64.58006286621094,45,0.8660254037844386,0.5000000000000001,0.0,13.709968566894531,1,1,2025
2025-02-15,Coastal Odisha,20.5,85.5,0.0,56,76,32.10968017578125,13,18,16.302339553833008,13,18,15.807340621948242,60.38531875610352,46,0.8660254037844386,0.5000000000000001,0.0,15.807340621948242,1,1,2025
2025-02-16,Coastal Odisha,20.5,85.5,0.0,56,76,33.96695327758789,13,18,17.383821487426758,13,18,16.583131790161133,58.833736419677734,47,0.8660254037844386,0.5000000000000001,0.0,16.583131790161133,1,1,2025
2025-02-17,Coastal Odisha,20.5,85.5,0.0,56,76,33.82510757446289,13,18,20.12389373779297,13,18,13.701213836669922,64.59757232666016,48,0.8660254037844386,0.5000000000000001,0.0,13.701213836669922,1,1,2025
2025-02-18,Coastal Odisha,20.5,85.5,0.0,56,76,33.329471588134766,13,18,20.34427261352539,13,18,12.985198974609377,66.02960205078125,49,0.8660254037844386,0.5000000000000001,0.0,12.985198974609377,1,1,2025
2025-02-19,Coastal Odisha,20.5,85.5,4.9906392097473145,56,76,32.772125244140625,13,18,21.66004753112793,13,18,11.112077713012695,75.14643893171419,50,0.8660254037844386,0.5000000000000001,1.7901981192465242,11.112077713012695,1,1,2025
2025-02-20,Coastal Odisha,20.5,85.5,3.3406527042388916,56,76,31.45001792907715,13,18,22.802932739257812,13,18,8.647085189819336,79.10990380882005,51,0.8660254037844386,0.5000000000000001,1.46802472948624,8.647085189819336,1,1,2025
2025-02-21,Coastal Odisha,20.5,85.5,13.323118209838867,56,76,32.140384674072266,13,18,19.89130592346191,13,18,12.249078750610355,75.48746716851433,52,0.8660254037844386,0.5000000000000001,2.6618748899116755,12.249078750610355,1,1,2025
2025-02-22,Coastal Odisha,20.5,85.5,1.9199583530426023,56,76,32.32141876220703,13,18,21.124773025512695,13,18,11.196645736694336,72.82141658717683,53,0.8660254037844386,0.5000000000000001,1.071569353521835,11.196645736694336,1,1,2025
2025-02-23,Coastal Odisha,20.5,85.5,4.8618483543396,56,76,32.00306701660156,13,18,20.586292266845703,13,18,11.41677474975586,74.47184541854071,54,0.8660254037844386,0.5000000000000001,1.7684649726841433,11.41677474975586,1,1,2025
2025-02-24,Coastal Odisha,20.5,85.5,0.8049418330192566,56,76,31.849647521972656,13,18,19.363496780395508,13,18,12.486150741577148,68.79928361422019,55,0.8660254037844386,0.5000000000000001,0.5905283657914965,12.486150741577148,1,1,2025
2025-02-25,Coastal Odisha,20.5,85.5,0.0,56,76,32.2745475769043,13,18,19.673994064331055,13,18,12.600553512573242,66.79889297485352,56,0.8660254037844386,0.5000000000000001,0.0,12.600553512573242,1,1,2025
2025-02-26,Coastal Odisha,20.5,85.5,0.0,56,76,32.29887008666992,13,18,19.744876861572266,13,18,12.553993225097656,66.89201354980469,57,0.8660254037844386,0.5000000000000001,0.0,12.553993225097656,1,1,2025
2025-02-27,Coastal Odisha,20.5,85.5,0.0,56,76,32.83395004272461,13,18,19.839231491088867,13,18,12.994718551635742,66.01056289672852,58,0.8660254037844386,0.5000000000000001,0.0,12.994718551635742,1,1,2025
2025-02-28,Coastal Odisha,20.5,85.5,0.0,56,76,33.95469665527344,13,18,20.090736389160156,13,18,13.86396026611328,64.27207946777344,59,0.8660254037844386,0.5000000000000001,0.0,13.86396026611328,1,1,2025
2025-03-01,Coastal Odisha,20.5,85.5,0.0,56,76,35.29212951660156,13,18,21.301265716552734,13,18,13.990863800048828,64.01827239990234,60,1.0,6.123233995736766e-17,0.0,13.990863800048828,1,1,2025
2025-03-02,Coastal Odisha,20.5,85.5,0.0,56,76,35.08683776855469,13,18,21.48101234436035,13,18,13.605825424194336,64.78834915161133,61,1.0,6.123233995736766e-17,0.0,13.605825424194336,1,1,2025
2025-03-03,Coastal Odisha,20.5,85.5,0.0,56,76,34.51573944091797,13,18,22.085241317749023,13,18,12.430498123168944,67.13900375366211,62,1.0,6.123233995736766e-17,0.0,12.430498123168944,1,1,2025
2025-03-04,Coastal Odisha,20.5,85.5,0.0,56,76,35.3505859375,13,18,21.258405685424805,13,18,14.092180252075195,63.81563949584961,63,1.0,6.123233995736766e-17,0.0,14.092180252075195,1,1,2025
2025-03-05,Coastal Odisha,20.5,85.5,0.0,56,76,34.336814880371094,13,18,21.21504592895508,13,18,13.121768951416012,65.75646209716797,64,1.0,6.123233995736766e-17,0.0,13.121768951416012,1,1,2025
2025-03-06,Coastal Odisha,20.5,85.5,0.0,56,76,32.84116744995117,13,18,17.31459617614746,13,18,15.526571273803713,60.94685745239258,65,1.0,6.123233995736766e-17,0.0,15.526571273803713,1,1,2025
2025-03-07,Coastal Odisha,20.5,85.5,0.0,56,76,32.502296447753906,13,18,16.192041397094727,13,18,16.31025505065918,59.37948989868164,66,1.0,6.123233995736766e-17,0.0,16.31025505065918,1,1,2025
2025-03-08,Coastal Odisha,20.5,85.5,0.0,56,76,33.8603401184082,13,18,17.85145378112793,13,18,16.008886337280273,59.98222732543945,67,1.0,6.123233995736766e-17,0.0,16.008886337280273,1,1,2025
2025-03-09,Coastal Odisha,20.5,85.5,0.0,56,76,34.05317687988281,13,18,20.028091430664062,13,18,14.02508544921875,63.9498291015625,68,1.0,6.123233995736766e-17,0.0,14.02508544921875,1,1,2025
2025-03-10,Coastal Odisha,20.5,85.5,0.0,56,76,33.95502471923828,13,18,20.467941284179688,13,18,13.487083435058594,65.02583312988281,69,1.0,6.123233995736766e-17,0.0,13.487083435058594,1,1,2025
2025-03-11,Coastal Odisha,20.5,85.5,0.0,56,76,34.92620086669922,13,18,20.021333694458008,13,18,14.904867172241213,62.19026565551758,70,1.0,6.123233995736766e-17,0.0,14.904867172241213,1,1,2025
2025-03-12,Coastal Odisha,20.5,85.5,0.0,56,76,35.82286834716797,13,18,20.080251693725582,13,18,15.742616653442386,60.51476669311523,71,1.0,6.123233995736766e-17,0.0,15.742616653442386,1,1,2025
2025-03-13,Coastal Odisha,20.5,85.5,0.0,56,76,36.973175048828125,13,18,22.013675689697266,13,18,14.95949935913086,62.08100128173828,72,1.0,6.123233995736766e-17,0.0,14.95949935913086,1,1,2025
2025-03-14,Coastal Odisha,20.5,85.5,0.0,56,76,37.43985748291016,13,18,23.244041442871097,13,18,14.195816040039066,63.60836791992187,73,1.0,6.123233995736766e-17,0.0,14.195816040039066,1,1,2025
2025-03-15,Coastal Odisha,20.5,85.5,0.0,56,76,37.89631652832031,13,18,23.56327247619629,13,18,14.333044052124023,63.33391189575195,74,1.0,6.123233995736766e-17,0.0,14.333044052124023,1,1,2025
2025-03-16,Coastal Odisha,20.5,85.5,0.0,56,76,36.85137176513672,13,18,23.84383773803711,13,18,13.00753402709961,65.98493194580078,75,1.0,6.123233995736766e-17,0.0,13.00753402709961,1,1,2025
2025-03-17,Coastal Odisha,20.5,85.5,0.0,56,76,35.76104736328125,13,18,24.18718910217285,13,18,11.573858261108398,68.8522834777832,76,1.0,6.123233995736766e-17,0.0,11.573858261108398,1,1,2025
2025-03-18,Coastal Odisha,20.5,85.5,0.0,56,76,35.338623046875,13,18,23.5463809967041,13,18,11.792242050170898,68.4155158996582,77,1.0,6.123233995736766e-17,0.0,11.792242050170898,1,1,2025
2025-03-19,Coastal Odisha,20.5,85.5,0.0,56,76,35.8581428527832,13,18,23.44369125366211,13,18,12.414451599121094,67.17109680175781,78,1.0,6.123233995736766e-17,0.0,12.414451599121094,1,1,2025
2025-03-20,Coastal Odisha,20.5,85.5,0.0,56,76,35.32392883300781,13,18,24.38544654846191,13,18,10.938482284545902,70.1230354309082,79,1.0,6.123233995736766e-17,0.0,10.938482284545902,1,1,2025
2025-03-21,Coastal Odisha,20.5,85.5,0.0,56,76,33.06356430053711,13,18,23.73361587524414,13,18,9.329948425292969,73.34010314941406,80,1.0,6.123233995736766e-17,0.0,9.329948425292969,1,1,2025
2025-03-22,Coastal Odisha,20.5,85.5,6.729313373565674,56,76,28.363739013671875,13,18,20.609817504882812,13,18,7.7539215087890625,82.6272170798196,81,1.0,6.123233995736766e-17,2.0450200324659105,7.7539215087890625,1,1,2025
2025-03-23,Coastal Odisha,20.5,85.5,14.677061080932615,56,76,30.323455810546875,13,18,19.885223388671875,13,18,10.438232421875,79.38013085512569,82,1.0,6.123233995736766e-17,2.752198566291894,10.438232421875,1,1,2025
2025-03-24,Coastal Odisha,20.5,85.5,0.0,56,76,32.720672607421875,13,18,20.8720703125,13,18,11.848602294921877,68.30279541015625,83,1.0,6.123233995736766e-17,0.0,11.848602294921877,1,1,2025
2025-03-25,Coastal Odisha,20.5,85.5,0.0,56,76,34.28789520263672,13,18,21.582700729370117,13,18,12.705194473266602,66.5896110534668,84,1.0,6.123233995736766e-17,0.0,12.705194473266602,1,1,2025
2025-03-26,Coastal Odisha,20.5,85.5,0.0,56,76,35.262046813964844,13,18,22.403553009033203,13,18,12.85849380493164,66.28301239013672,85,1.0,6.123233995736766e-17,0.0,12.85849380493164,1,1,2025
2025-03-27,Coastal Odisha,20.5,85.5,0.0,56,76,36.5136604309082,13,18,22.79162979125977,13,18,13.722030639648434,64.55593872070312,86,1.0,6.123233995736766e-17,0.0,13.722030639648434,1,1,2025
2025-03-28,Coastal Odisha,20.5,85.5,0.0,56,76,37.88475799560547,13,18,23.10182762145996,13,18,14.782930374145508,62.434139251708984,87,1.0,6.123233995736766e-17,0.0,14.782930374145508,1,1,2025
2025-03-29,Coastal Odisha,20.5,85.5,0.0,56,76,36.967777252197266,13,18,23.891387939453125,13,18,13.07638931274414,65.84722137451172,88,1.0,6.123233995736766e-17,0.0,13.07638931274414,1,1,2025
2025-03-30,Coastal Odisha,20.5,85.5,0.0,56,76,35.79285430908203,13,18,24.05667304992676,13,18,11.73618125915527,68.52763748168945,89,1.0,6.123233995736766e-17,0.0,11.73618125915527,1,1,2025
2025-03-31,Coastal Odisha,20.5,85.5,0.0,56,76,36.41875076293945,13,18,21.96751594543457,13,18,14.451234817504885,63.097530364990234,90,1.0,6.123233995736766e-17,0.0,14.451234817504885,1,1,2025
2025-04-01,Coastal Odisha,20.5,85.5,0.0,56,76,35.677284240722656,13,18,24.57465362548828,13,18,11.102630615234377,69.79473876953125,91,0.8660254037844387,-0.4999999999999998,0.0,11.102630615234377,1,1,2025
2025-04-02,Coastal Odisha,20.5,85.5,0.0,56,76,35.006473541259766,13,18,24.508346557617188,13,18,10.498126983642578,71.00374603271484,92,0.8660254037844387,-0.4999999999999998,0.0,10.498126983642578,1,1,2025
2025-04-03,Coastal Odisha,20.5,85.5,0.0,56,76,34.63616943359375,13,18,24.08475112915039,13,18,10.55141830444336,70.89716339111328,93,0.8660254037844387,-0.4999999999999998,0.0,10.55141830444336,1,1,2025
2025-04-04,Coastal Odisha,20.5,85.5,0.0,56,76,33.49481964111328,13,18,24.234996795654297,13,18,9.259822845458984,73.48035430908203,94,0.8660254037844387,-0.4999999999999998,0.0,9.259822845458984,1,1,2025
2025-04-05,Coastal Odisha,20.5,85.5,0.0,56,76,37.035987854003906,13,18,24.007495880126953,13,18,13.028491973876951,65.9430160522461,95,0.8660254037844387,-0.4999999999999998,0.0,13.028491973876951,1,1,2025
2025-04-06,Coastal Odisha,20.5,85.5,0.0,56,76,37.09278869628906,13,18,25.034622192382812,13,18,12.05816650390625,67.8836669921875,96,0.8660254037844387,-0.4999999999999998,0.0,12.05816650390625,1,1,2025
2025-04-07,Coastal Odisha,20.5,85.5,0.0,56,76,35.92878341674805,13,18,25.03782844543457,13,18,10.890954971313477,70.21809005737305,97,0.8660254037844387,-0.4999999999999998,0.0,10.890954971313477,1,1,2025
2025-04-08,Coastal Odisha,20.5,85.5,0.0,56,76,35.47245407104492,13,18,25.480690002441406,13,18,9.991764068603516,72.01647186279297,98,0.8660254037844387,-0.4999999999999998,0.0,9.991764068603516,1,1,2025
2025-04-09,Coastal Odisha,20.5,85.5,0.0,56,76,34.71495819091797,13,18,24.64773178100586,13,18,10.06722640991211,71.86554718017578,99,0.8660254037844387,-0.4999999999999998,0.0,10.06722640991211,1,1,2025
2025-04-10,Coastal Odisha,20.5,85.5,0.0,56,76,34.83551025390625,13,18,24.974008560180664,13,18,9.861501693725586,72.27699661254883,100,0.8660254037844387,-0.4999999999999998,0.0,9.861501693725586,1,1,2025
2025-04-11,Coastal Odisha,20.5,85.5,7.826494216918945,56,76,34.174137115478516,13,18,21.432098388671875,13,18,12.74203872680664,73.04919626094187,101,0.8660254037844387,-0.4999999999999998,2.1777579048517155,12.74203872680664,1,1,2025
2025-04-12,Coastal Odisha,20.5,85.5,0.0,56,76,35.92368698120117,13,18,24.71101951599121,13,18,11.21266746520996,69.57466506958008,102,0.8660254037844387,-0.4999999999999998,0.0,11.21266746520996,1,1,2025
2025-04-13,Coastal Odisha,20.5,85.5,7.982417583465576,56,76,34.97983169555664,13,18,22.126298904418945,13,18,12.853532791137695,72.8787416119146,103,0.8660254037844387,-0.4999999999999998,2.1952690647299984,12.853532791137695,1,1,2025
2025-04-14,Coastal Odisha,20.5,85.5,0.0,56,76,34.628990173339844,13,18,23.887924194335938,13,18,10.741065979003906,70.51786804199219,104,0.8660254037844387,-0.4999999999999998,0.0,10.741065979003906,1,1,2025
2025-04-15,Coastal Odisha,20.5,85.5,0.5209193825721741,56,76,34.47460174560547,13,18,23.63677215576172,13,18,10.83782958984375,71.58228584719647,105,0.8660254037844387,-0.4999999999999998,0.4193150089613237,10.83782958984375,1,1,2025
2025-04-16,Coastal Odisha,20.5,85.5,30.607269287109375,56,76,34.085853576660156,13,18,22.871461868286133,13,18,11.214391708374023,79.93137798785854,106,0.8660254037844387,-0.4999999999999998,3.453387134868864,11.214391708374023,1,1,2025
2025-04-17,Coastal Odisha,20.5,85.5,0.0,56,76,35.17489242553711,13,18,24.671430587768555,13,18,10.503461837768556,70.99307632446289,107,0.8660254037844387,-0.4999999999999998,0.0,10.503461837768556,1,1,2025
2025-04-18,Coastal Odisha,20.5,85.5,16.73754119873047,56,76,34.569969177246094,13,18,24.36361312866211,13,18,10.206356048583984,80.21433799835523,108,0.8660254037844387,-0.4999999999999998,2.875683365174399,10.206356048583984,1,1,2025
2025-04-19,Coastal Odisha,20.5,85.5,17.805021286010742,56,76,35.507408142089844,13,18,22.848342895507812,13,18,12.659065246582031,75.48424127840161,109,0.8660254037844387,-0.4999999999999998,2.934123923855227,12.659065246582031,1,1,2025
2025-04-20,Coastal Odisha,20.5,85.5,0.0,56,76,36.94437026977539,13,18,26.330982208251953,13,18,10.613388061523438,70.77322387695312,110,0.8660254037844387,-0.4999999999999998,0.0,10.613388061523438,1,1,2025
2025-04-21,Coastal Odisha,20.5,85.5,0.0,56,76,37.460845947265625,13,18,26.17951202392578,13,18,11.281333923339844,69.43733215332031,111,0.8660254037844387,-0.4999999999999998,0.0,11.281333923339844,1,1,2025
2025-04-22,Coastal Odisha,20.5,85.5,0.0,56,76,37.82277297973633,13,18,27.29172706604004,13,18,10.531045913696287,70.93790817260742,112,0.8660254037844387,-0.4999999999999998,0.0,10.531045913696287,1,1,2025
2025-04-23,Coastal Odisha,20.5,85.5,0.0,56,76,38.178016662597656,13,18,26.479032516479492,13,18,11.698984146118164,68.60203170776367,113,0.8660254037844387,-0.4999999999999998,0.0,11.698984146118164,1,1,2025
2025-04-24,Coastal Odisha,20.5,85.5,0.0,56,76,38.103126525878906,13,18,26.89350128173828,13,18,11.209625244140623,69.58074951171875,114,0.8660254037844387,-0.4999999999999998,0.0,11.209625244140623,1,1,2025
2025-04-25,Coastal Odisha,20.5,85.5,0.0,56,76,37.91462326049805,13,18,26.82261657714844,13,18,11.092006683349606,69.81598663330078,115,0.8660254037844387,-0.4999999999999998,0.0,11.092006683349606,1,1,2025
2025-04-26,Coastal Odisha,20.5,85.5,0.0,56,76,37.58917617797851,13,18,27.218873977661133,13,18,10.370302200317376,71.25939559936525,116,0.8660254037844387,-0.4999999999999998,0.0,10.370302200317376,1,1,2025
2025-04-27,Coastal Odisha,20.5,85.5,1.1591161489486694,56,76,34.30298614501953,13,18,24.807695388793945,13,18,9.495290756225586,75.31851533050883,117,0.8660254037844387,-0.4999999999999998,0.7696989476533355,9.495290756225586,1,1,2025
2025-04-28,Coastal Odisha,20.5,85.5,0.0,56,76,35.274471282958984,13,18,24.330551147460938,13,18,10.943920135498049,70.1121597290039,118,0.8660254037844387,-0.4999999999999998,0.0,10.943920135498049,1,1,2025
2025-04-29,Coastal Odisha,20.5,85.5,0.8122901916503906,56,76,34.193878173828125,13,18,21.08614730834961,13,18,13.107730865478516,67.56831230318974,119,0.8660254037844387,-0.4999999999999998,0.5945913447155927,13.107730865478516,1,1,2025
2025-04-30,Coastal Odisha,20.5,85.5,9.822158813476562,56,76,31.16250991821289,13,18,20.182703018188477,13,18,10.979806900024414,77.18517352246346,120,0.8660254037844387,-0.4999999999999998,2.381595774170763,10.979806900024414,1,1,2025
2025-05-01,Coastal Odisha,20.5,85.5,0.0,56,76,33.87086486816406,13,18,22.701873779296875,13,18,11.168991088867188,69.66201782226562,121,0.4999999999999999,-0.8660254037844387,0.0,11.168991088867188,1,1,2025
2025-05-02,Coastal Odisha,20.5,85.5,0.7384455800056458,56,76,33.443267822265625,13,18,21.02143096923828,13,18,12.421836853027344,68.8153004013407,122,0.4999999999999999,-0.8660254037844387,0.5529913691318001,12.421836853027344,1,1,2025
2025-05-03,Coastal Odisha,20.5,85.5,0.0,56,76,35.625282287597656,13,18,24.55523109436035,13,18,11.070051193237305,69.85989761352539,123,0.4999999999999999,-0.8660254037844387,0.0,11.070051193237305,1,1,2025
2025-05-04,Coastal Odisha,20.5,85.5,20.7974910736084,56,76,33.484230041503906,13,18,21.07489013671875,13,18,12.409339904785156,76.42670481484554,124,0.4999999999999999,-0.8660254037844387,3.081794874805282,12.409339904785156,1,1,2025
2025-05-05,Coastal Odisha,20.5,85.5,0.0,56,76,35.74091339111328,13,18,24.547550201416016,13,18,11.193363189697266,69.61327362060547,125,0.4999999999999999,-0.8660254037844387,0.0,11.193363189697266,1,1,2025
2025-05-06,Coastal Odisha,20.5,85.5,0.0,56,76,35.8089599609375,13,18,25.87421607971191,13,18,9.93474388122559,72.13051223754883,126,0.4999999999999999,-0.8660254037844387,0.0,9.93474388122559,1,1,2025
2025-05-07,Coastal Odisha,20.5,85.5,8.757766723632812,56,76,36.431697845458984,13,18,24.575515747070312,13,18,11.856182098388672,75.12182646804852,127,0.4999999999999999,-0.8660254037844387,2.278063554941954,11.856182098388672,1,1,2025
2025-05-08,Coastal Odisha,20.5,85.5,0.0,56,76,36.39915466308594,13,18,25.018285751342773,13,18,11.380868911743164,69.23826217651367,128,0.4999999999999999,-0.8660254037844387,0.0,11.380868911743164,1,1,2025
2025-05-09,Coastal Odisha,20.5,85.5,0.0,56,76,36.969486236572266,13,18,25.673507690429688,13,18,11.295978546142578,69.40804290771484,129,0.4999999999999999,-0.8660254037844387,0.0,11.295978546142578,1,1,2025
2025-05-10,Coastal Odisha,20.5,85.5,0.0,56,76,37.820518493652344,13,18,26.009918212890625,13,18,11.81060028076172,68.37879943847656,130,0.4999999999999999,-0.8660254037844387,0.0,11.81060028076172,1,1,2025
2025-05-11,Coastal Odisha,20.5,85.5,0.0,56,76,37.89764022827149,13,18,26.370512008666992,13,18,11.5271282196045,68.945743560791,131,0.4999999999999999,-0.8660254037844387,0.0,11.5271282196045,1,1,2025
2025-05-12,Coastal Odisha,20.5,85.5,0.0,56,76,37.51204681396485,13,18,26.932985305786133,13,18,10.579061508178718,70.84187698364256,132,0.4999999999999999,-0.8660254037844387,0.0,10.579061508178718,1,1,2025
2025-05-13,Coastal Odisha,20.5,85.5,1.0625231266021729,56,76,36.67351150512695,13,18,25.710803985595703,13,18,10.96270751953125,72.24637511712308,133,0.4999999999999999,-0.8660254037844387,0.7239300520618581,10.96270751953125,1,1,2025
2025-05-14,Coastal Odisha,20.5,85.5,0.0,56,76,36.44091033935547,13,18,26.223793029785156,13,18,10.217117309570312,71.56576538085938,134,0.4999999999999999,-0.8660254037844387,0.0,10.217117309570312,1,1,2025
2025-05-15,Coastal Odisha,20.5,85.5,0.0,56,76,37.10809326171875,13,18,26.636329650878903,13,18,10.471763610839847,71.05647277832031,135,0.4999999999999999,-0.8660254037844387,0.0,10.471763610839847,1,1,2025
2025-05-16,Coastal Odisha,20.5,85.5,0.0,56,76,36.343868255615234,13,18,26.393341064453125,13,18,9.95052719116211,72.09894561767578,136,0.4999999999999999,-0.8660254037844387,0.0,9.95052719116211,1,1,2025
2025-05-17,Coastal Odisha,20.5,85.5,0.0,56,76,35.69891357421875,13,18,26.161609649658203,13,18,9.537303924560549,72.9253921508789,137,0.4999999999999999,-0.8660254037844387,0.0,9.537303924560549,1,1,2025
2025-05-18,Coastal Odisha,20.5,85.5,0.0,56,76,35.329124450683594,13,18,26.15717315673828,13,18,9.171951293945312,73.65609741210938,138,0.4999999999999999,-0.8660254037844387,0.0,9.171951293945312,1,1,2025
2025-05-19,Coastal Odisha,20.5,85.5,0.0,56,76,36.09236145019531,13,18,26.272336959838867,13,18,9.820024490356444,72.35995101928711,139,0.4999999999999999,-0.8660254037844387,0.0,9.820024490356444,1,1,2025
2025-05-20,Coastal Odisha,20.5,85.5,9.104106903076172,56,76,36.75629425048828,13,18,26.69089698791504,13,18,10.065397262573242,78.80803137064851,140,0.4999999999999999,-0.8660254037844387,2.3129419652649994,10.065397262573242,1,1,2025
2025-05-21,Coastal Odisha,20.5,85.5,0.0,56,76,35.81172180175781,13,18,26.2551326751709,13,18,9.556589126586914,72.88682174682617,141,0.4999999999999999,-0.8660254037844387,0.0,9.556589126586914,1,1,2025
2025-05-22,Coastal Odisha,20.5,85.5,0.6281360387802124,56,76,33.69324493408203,13,18,24.717670440673828,13,18,8.975574493408203,75.51115849116425,142,0.4999999999999999,-0.8660254037844387,0.4874358259935545,8.975574493408203,1,1,2025
2025-05-23,Coastal Odisha,20.5,85.5,2.3492324352264404,56,76,32.9649543762207,13,18,23.842863082885746,13,18,9.122091293334956,77.38201100064339,143,0.4999999999999999,-0.8660254037844387,1.208731195771101,9.122091293334956,1,1,2025
2025-05-24,Coastal Odisha,20.5,85.5,0.0,56,76,32.25544738769531,13,18,25.58403205871582,13,18,6.671415328979492,78.65716934204102,144,0.4999999999999999,-0.8660254037844387,0.0,6.671415328979492,1,1,2025
2025-05-25,Coastal Odisha,20.5,85.5,6.793699264526367,56,76,32.237037658691406,13,18,24.486806869506836,13,18,7.75023078918457,82.65948528361375,145,0.4999999999999999,-0.8660254037844387,2.053315620660962,7.75023078918457,1,1,2025
2025-05-26,Coastal Odisha,20.5,85.5,1.7587538957595823,56,76,32.77907180786133,13,18,25.310958862304688,13,18,7.468112945556641,80.10811138109011,146,0.4999999999999999,-0.8660254037844387,1.0147790907344665,7.468112945556641,1,1,2025
2025-05-27,Coastal Odisha,20.5,85.5,1.4135732650756836,56,76,31.33899688720703,13,18,25.93916702270508,13,18,5.39982986450195,83.84366526705011,147,0.4999999999999999,-0.8660254037844387,0.8811083320180068,5.39982986450195,1,1,2025
2025-05-28,Coastal Odisha,20.5,85.5,5.312637805938721,56,76,31.226131439208984,13,18,25.24099922180176,13,18,5.985132217407223,85.5573964402064,148,0.4999999999999999,-0.8660254037844387,1.842553625006951,5.985132217407223,1,1,2025
2025-05-29,Coastal Odisha,20.5,85.5,1.9613966941833496,56,76,32.52094268798828,13,18,24.988359451293945,13,18,7.532583236694336,80.191816566181,149,0.4999999999999999,-0.8660254037844387,1.0856610131898896,7.532583236694336,1,1,2025
2025-05-30,Coastal Odisha,20.5,85.5,4.0081071853637695,56,76,34.44639587402344,13,18,25.94672584533691,13,18,8.499670028686527,79.83383405181792,150,0.4999999999999999,-0.8660254037844387,1.6110580363969889,8.499670028686527,1,1,2025
2025-05-31,Coastal Odisha,20.5,85.5,1.9883666038513184,56,76,33.27462387084961,13,18,25.020111083984375,13,18,8.254512786865234,78.77515528165902,151,0.4999999999999999,-0.8660254037844387,1.0947269517964973,8.254512786865234,1,1,2025
2025-06-01,Coastal Odisha,20.5,85.5,0.0,56,76,36.029075622558594,13,18,25.941057205200195,13,18,10.088018417358398,71.8239631652832,152,1.2246467991473532e-16,-1.0,0.0,10.088018417358398,1,1,2025
2025-06-02,Coastal Odisha,20.5,85.5,0.0,56,76,37.14921569824219,13,18,26.833776473999023,13,18,10.315439224243164,71.36912155151367,153,1.2246467991473532e-16,-1.0,0.0,10.315439224243164,1,1,2025
2025-06-03,Coastal Odisha,20.5,85.5,0.0,56,76,37.112892150878906,13,18,27.619916915893555,13,18,9.492975234985352,73.0140495300293,154,1.2246467991473532e-16,-1.0,0.0,9.492975234985352,1,1,2025
2025-06-04,Coastal Odisha,20.5,85.5,0.0,56,76,36.1345329284668,13,18,26.114089965820312,13,18,10.020442962646484,71.95911407470703,155,1.2246467991473532e-16,-1.0,0.0,10.020442962646484,1,1,2025
2025-06-05,Coastal Odisha,20.5,85.5,8.350830078125,56,76,33.72887420654297,13,18,24.371810913085938,13,18,9.357063293457031,79.9922687663933,156,1.2246467991473532e-16,-1.0,2.2354651177691167,9.357063293457031,1,1,2025
2025-06-06,Coastal Odisha,20.5,85.5,0.0,56,76,34.81066131591797,13,18,25.18256568908691,13,18,9.628095626831058,72.74380874633789,157,1.2246467991473532e-16,-1.0,0.0,9.628095626831058,1,1,2025
2025-06-07,Coastal Odisha,20.5,85.5,2.0624003410339355,56,76,35.84296798706055,13,18,24.290407180786133,13,18,11.552560806274414,72.25247548836562,158,1.2246467991473532e-16,-1.0,1.119199033638148,11.552560806274414,1,1,2025
2025-06-08,Coastal Odisha,20.5,85.5,2.7588891983032227,56,76,36.42163848876953,13,18,25.3095703125,13,18,11.112068176269531,73.74823411077624,159,1.2246467991473532e-16,-1.0,1.3241234877717654,11.112068176269531,1,1,2025
2025-06-09,Coastal Odisha,20.5,85.5,0.0,56,76,35.992637634277344,13,18,26.983871459960938,13,18,9.008766174316406,73.98246765136719,160,1.2246467991473532e-16,-1.0,0.0,9.008766174316406,1,1,2025
2025-06-10,Coastal Odisha,20.5,85.5,2.8276448249816895,56,76,33.151206970214844,13,18,25.262895584106445,13,18,7.888311386108398,80.25012628531354,161,1.2246467991473532e-16,-1.0,1.342249685843448,7.888311386108398,1,1,2025
2025-06-11,Coastal Odisha,20.5,85.5,0.2575813829898834,56,76,33.37529754638672,13,18,25.77178382873535,13,18,7.603513717651367,77.48054358164038,162,1.2246467991473532e-16,-1.0,0.2291903389810387,7.603513717651367,1,1,2025
2025-06-12,Coastal Odisha,20.5,85.5,18.14371681213379,56,76,32.78446578979492,13,18,25.779394149780273,13,18,7.005071640014648,86.8457803939221,163,1.2246467991473532e-16,-1.0,2.951974557983801,7.005071640014648,1,1,2025
2025-06-13,Coastal Odisha,20.5,85.5,0.5573712587356567,56,76,34.67201614379883,13,18,26.49850845336914,13,18,8.173507690429688,76.98198254717659,164,1.2246467991473532e-16,-1.0,0.4429993093453181,8.173507690429688,1,1,2025
2025-06-14,Coastal Odisha,20.5,85.5,1.6098836660385132,56,76,35.74052429199219,13,18,26.86996841430664,13,18,8.870555877685547,77.13680518845547,165,1.2246467991473532e-16,-1.0,0.959305647942186,8.870555877685547,1,1,2025
2025-06-15,Coastal Odisha,20.5,85.5,0.0,56,76,34.840999603271484,13,18,27.234193801879883,13,18,7.606805801391602,76.7863883972168,166,1.2246467991473532e-16,-1.0,0.0,7.606805801391602,1,1,2025
2025-06-16,Coastal Odisha,20.5,85.5,1.8996626138687136,56,76,32.320396423339844,13,18,24.97513198852539,13,18,7.345264434814453,80.50325430090848,167,1.2246467991473532e-16,-1.0,1.0645943901791293,7.345264434814453,1,1,2025
2025-06-17,Coastal Odisha,20.5,85.5,10.568683624267578,56,76,29.928224563598633,13,18,24.91899871826172,13,18,5.009225845336914,89.32645358878821,168,1.2246467991473532e-16,-1.0,2.4483017598206787,5.009225845336914,1,1,2025
2025-06-18,Coastal Odisha,20.5,85.5,5.972638130187988,56,76,28.154621124267575,13,18,25.13389587402344,13,18,3.0207252502441335,91.78453045261696,169,1.2246467991473532e-16,-1.0,1.941993651035072,3.0207252502441335,1,1,2025
2025-06-19,Coastal Odisha,20.5,85.5,6.222050666809082,56,76,28.90841293334961,13,18,25.04608917236328,13,18,3.862323760986328,90.2067692933799,170,1.2246467991473532e-16,-1.0,1.9771389384508564,3.862323760986328,1,1,2025
2025-06-20,Coastal Odisha,20.5,85.5,0.0,56,76,30.98556327819824,13,18,25.20992660522461,13,18,5.775636672973629,80.44872665405273,171,1.2246467991473532e-16,-1.0,0.0,5.775636672973629,1,1,2025
2025-06-21,Coastal Odisha,20.5,85.5,0.2110425680875778,56,76,33.84504699707031,13,18,26.225404739379883,13,18,7.61964225769043,77.33516033003994,172,1.2246467991473532e-16,-1.0,0.1914816151402664,7.61964225769043,1,1,2025
2025-06-22,Coastal Odisha,20.5,85.5,10.430726051330566,56,76,33.592201232910156,13,18,26.132232666015625,13,18,7.459968566894531,84.38897785823256,173,1.2246467991473532e-16,-1.0,2.4363049973405415,7.459968566894531,1,1,2025
2025-06-23,Coastal Odisha,20.5,85.5,34.241451263427734,56,76,30.35149383544922,13,18,24.831783294677734,13,18,5.519710540771484,91.6472478659469,174,1.2246467991473532e-16,-1.0,3.562222982496622,5.519710540771484,1,1,2025
2025-06-24,Coastal Odisha,20.5,85.5,0.9505299925804138,56,76,31.830406188964844,13,18,24.730758666992188,13,18,7.099647521972656,79.80500833619679,175,1.2246467991473532e-16,-1.0,0.6681011267140333,7.099647521972656,1,1,2025
2025-06-25,Coastal Odisha,20.5,85.5,2.499105215072632,56,76,29.96688461303711,13,18,25.432849884033203,13,18,4.534034729003906,86.68945239091485,176,1.2246467991473532e-16,-1.0,1.25250728297422,4.534034729003906,1,1,2025
2025-06-26,Coastal Odisha,20.5,85.5,48.70790100097656,56,76,31.502704620361328,13,18,24.490131378173828,13,18,7.0125732421875,89.69334519861586,177,1.2246467991473532e-16,-1.0,3.906163894330285,7.0125732421875,1,1,2025
2025-06-27,Coastal Odisha,20.5,85.5,36.89185333251953,56,76,29.73494529724121,13,18,25.237424850463867,13,18,4.497520446777344,93.90916751844853,178,1.2246467991473532e-16,-1.0,3.6347361373344023,4.497520446777344,1,1,2025
2025-06-28,Coastal Odisha,20.5,85.5,5.346706867218018,56,76,28.193578720092773,13,18,25.079748153686523,13,18,3.11383056640625,91.31614709157412,179,1.2246467991473532e-16,-1.0,1.8479360747955351,3.11383056640625,1,1,2025
2025-06-29,Coastal Odisha,20.5,85.5,56.506324768066406,56,76,27.640851974487305,13,18,24.000904083251953,13,18,3.639947891235352,96.87578903069098,180,1.2246467991473532e-16,-1.0,4.051894937720564,3.639947891235352,1,1,2025
2025-06-30,Coastal Odisha,20.5,85.5,4.4128313064575195,56,76,29.106006622314453,13,18,24.09918975830078,13,18,5.006816864013672,87.05268318040268,181,1.2246467991473532e-16,-1.0,1.6887723028100077,5.006816864013672,1,1,2025
2025-07-01,Coastal Odisha,20.5,85.5,4.409613609313965,56,76,29.865846633911133,13,18,24.67782211303711,13,18,5.188024520874023,86.68848396446946,182,-0.4999999999999998,-0.8660254037844388,1.6881776687391652,5.188024520874023,1,1,2025
2025-07-02,Coastal Odisha,20.5,85.5,36.98578643798828,56,76,29.846534729003903,13,18,24.98443603515625,13,18,4.862098693847653,93.18743875825466,183,-0.4999999999999998,-0.8660254037844388,3.637212048649991,4.862098693847653,1,1,2025
2025-07-03,Coastal Odisha,20.5,85.5,9.645577430725098,56,76,30.233135223388672,13,18,24.5452880859375,13,18,5.687847137451172,87.7197393486632,184,-0.4999999999999998,-0.8660254037844388,2.3651445411885144,5.687847137451172,1,1,2025
2025-07-04,Coastal Odisha,20.5,85.5,11.673283576965332,56,76,29.05440330505371,13,18,24.625452041625977,13,18,4.428951263427734,90.76058584009404,185,-0.4999999999999998,-0.8660254037844388,2.539496122316502,4.428951263427734,1,1,2025
2025-07-05,Coastal Odisha,20.5,85.5,9.773431777954102,56,76,28.63747215270996,13,18,24.442962646484375,13,18,4.194509506225586,90.74223023579336,186,-0.4999999999999998,-0.8660254037844388,2.377083082748181,4.194509506225586,1,1,2025
2025-07-06,Coastal Odisha,20.5,85.5,2.02746319770813,56,76,29.1739501953125,13,18,24.348350524902344,13,18,4.825599670410156,85.67197578029152,187,-0.4999999999999998,-0.8660254037844388,1.1077250403706078,4.825599670410156,1,1,2025
2025-07-07,Coastal Odisha,20.5,85.5,15.458300590515137,56,76,29.241226196289062,13,18,24.402719497680664,13,18,4.838506698608398,90.72547643812564,188,-0.4999999999999998,-0.8660254037844388,2.8008299451141423,4.838506698608398,1,1,2025
2025-07-08,Coastal Odisha,20.5,85.5,21.682348251342773,56,76,29.464282989501953,13,18,24.213153839111328,13,18,5.251129150390625,90.86250273497518,189,-0.4999999999999998,-0.8660254037844388,3.1215870119188125,5.251129150390625,1,1,2025
2025-07-09,Coastal Odisha,20.5,85.5,0.0,56,76,29.797531127929688,13,18,24.45315933227539,13,18,5.344371795654297,81.3112564086914,190,-0.4999999999999998,-0.8660254037844388,0.0,5.344371795654297,1,1,2025
2025-07-10,Coastal Odisha,20.5,85.5,0.0,56,76,31.64625358581543,13,18,24.668184280395508,13,18,6.978069305419922,78.04386138916016,191,-0.4999999999999998,-0.8660254037844388,0.0,6.978069305419922,1,1,2025
2025-07-11,Coastal Odisha,20.5,85.5,0.0,56,76,33.142913818359375,13,18,25.605388641357425,13,18,7.53752517700195,76.9249496459961,192,-0.4999999999999998,-0.8660254037844388,0.0,7.53752517700195,1,1,2025
2025-07-12,Coastal Odisha,20.5,85.5,0.0,56,76,33.908843994140625,13,18,25.809314727783203,13,18,8.099529266357422,75.80094146728516,193,-0.4999999999999998,-0.8660254037844388,0.0,8.099529266357422,1,1,2025
2025-07-13,Coastal Odisha,20.5,85.5,8.430338859558105,56,76,33.137393951416016,13,18,25.81348991394043,13,18,7.323904037475586,84.08398801566464,194,-0.4999999999999998,-0.8660254037844388,2.2439320302052734,7.323904037475586,1,1,2025
2025-07-14,Coastal Odisha,20.5,85.5,3.2425615787506104,56,76,29.559749603271484,13,18,24.77501678466797,13,18,4.784732818603516,86.76603606105176,195,-0.4999999999999998,-0.8660254037844388,1.4451672327529304,4.784732818603516,1,1,2025
2025-07-15,Coastal Odisha,20.5,85.5,8.899073600769043,56,76,31.746816635131836,13,18,24.71837615966797,13,18,7.028440475463867,84.82044258031878,196,-0.4999999999999998,-0.8660254037844388,2.2924411770821727,7.028440475463867,1,1,2025
2025-07-16,Coastal Odisha,20.5,85.5,7.702356338500977,56,76,32.314022064208984,13,18,24.825363159179688,13,18,7.488658905029297,83.51346368742615,197,-0.4999999999999998,-0.8660254037844388,2.163593832494916,7.488658905029297,1,1,2025
2025-07-17,Coastal Odisha,20.5,85.5,0.2215336710214615,56,76,33.182525634765625,13,18,25.879638671875,13,18,7.302886962890625,77.99454760414443,198,-0.4999999999999998,-0.8660254037844388,0.2001071766418914,7.302886962890625,1,1,2025
2025-07-18,Coastal Odisha,20.5,85.5,0.0,56,76,33.435279846191406,13,18,25.981245040893555,13,18,7.454034805297852,77.0919303894043,199,-0.4999999999999998,-0.8660254037844388,0.0,7.454034805297852,1,1,2025
2025-07-19,Coastal Odisha,20.5,85.5,0.0,56,76,33.875572204589844,13,18,26.191699981689453,13,18,7.683872222900391,76.63225555419922,200,-0.4999999999999998,-0.8660254037844388,0.0,7.683872222900391,1,1,2025
2025-07-20,Coastal Odisha,20.5,85.5,3.445150852203369,56,76,32.996212005615234,13,18,24.96299743652344,13,18,8.033214569091793,80.40901227949713,201,-0.4999999999999998,-0.8660254037844388,1.491813805893574,8.033214569091793,1,1,2025
2025-07-21,Coastal Odisha,20.5,85.5,0.8787710666656494,56,76,33.460205078125,13,18,25.904783248901367,13,18,7.555421829223633,78.78100996700555,202,-0.4999999999999998,-0.8660254037844388,0.630617875150936,7.555421829223633,1,1,2025
2025-07-22,Coastal Odisha,20.5,85.5,7.051386833190918,56,76,34.31394958496094,13,18,26.26690101623535,13,18,8.047048568725586,82.16343592457116,203,-0.4999999999999998,-0.8660254037844388,2.085844354007443,8.047048568725586,1,1,2025
2025-07-23,Coastal Odisha,20.5,85.5,0.0,56,76,35.01006317138672,13,18,26.72997283935547,13,18,8.28009033203125,75.4398193359375,204,-0.4999999999999998,-0.8660254037844388,0.0,8.28009033203125,1,1,2025
2025-07-24,Coastal Odisha,20.5,85.5,6.429932117462158,56,76,32.32646560668945,13,18,25.531097412109375,13,18,6.795368194580078,84.42581377807275,205,-0.4999999999999998,-0.8660254037844388,2.005516722410968,6.795368194580078,1,1,2025
2025-07-25,Coastal Odisha,20.5,85.5,6.637081146240234,56,76,29.636882781982425,13,18,25.13640785217285,13,18,4.500474929809574,89.09809658415399,206,-0.4999999999999998,-0.8660254037844388,2.0330154812577113,4.500474929809574,1,1,2025
2025-07-26,Coastal Odisha,20.5,85.5,12.515460014343262,56,76,30.651105880737305,13,18,25.27720642089844,13,18,5.373899459838864,89.06370372972162,207,-0.4999999999999998,-0.8660254037844388,2.603834216466451,5.373899459838864,1,1,2025
2025-07-27,Coastal Odisha,20.5,85.5,1.0625231266021729,56,76,31.860502243041992,13,18,25.78958320617676,13,18,6.070919036865231,82.02995208245511,208,-0.4999999999999998,-0.8660254037844388,0.7239300520618581,6.070919036865231,1,1,2025
2025-07-28,Coastal Odisha,20.5,85.5,0.0,56,76,31.46248435974121,13,18,25.537906646728516,13,18,5.924577713012695,80.15084457397461,209,-0.4999999999999998,-0.8660254037844388,0.0,5.924577713012695,1,1,2025
2025-07-29,Coastal Odisha,20.5,85.5,0.0,56,76,29.098360061645508,13,18,25.066417694091797,13,18,4.031942367553711,83.93611526489258,210,-0.4999999999999998,-0.8660254037844388,0.0,4.031942367553711,1,1,2025
2025-07-30,Coastal Odisha,20.5,85.5,14.483505249023438,56,76,29.596195220947266,13,18,24.478099822998047,13,18,5.118095397949219,89.9831350435134,211,-0.4999999999999998,-0.8660254037844388,2.7397752798039465,5.118095397949219,1,1,2025
2025-07-31,Coastal Odisha,20.5,85.5,0.935481607913971,56,76,32.270565032958984,13,18,25.25385475158691,13,18,7.016710281372074,79.94764800273133,212,-0.4999999999999998,-0.8660254037844388,0.6603561884918225,7.016710281372074,1,1,2025
2025-08-01,Coastal Odisha,20.5,85.5,0.0,56,76,34.01120376586914,13,18,25.123306274414062,13,18,8.887897491455078,74.22420501708984,213,-0.8660254037844384,-0.5000000000000004,0.0,8.887897491455078,1,1,2025
2025-08-02,Coastal Odisha,20.5,85.5,5.216022968292236,56,76,33.64863967895508,13,18,25.772708892822266,13,18,7.8759307861328125,81.72952935199307,214,-0.8660254037844384,-0.5000000000000004,1.827130308086228,7.8759307861328125,1,1,2025
2025-08-03,Coastal Odisha,20.5,85.5,0.0,56,76,33.09095001220703,13,18,25.93714141845703,13,18,7.15380859375,77.6923828125,215,-0.8660254037844384,-0.5000000000000004,0.0,7.15380859375,1,1,2025
2025-08-04,Coastal Odisha,20.5,85.5,1.3340071439743042,56,76,33.06876754760742,13,18,26.032875061035156,13,18,7.035892486572266,80.47097481092077,216,-0.8660254037844384,-0.5000000000000004,0.8475865946884307,7.035892486572266,1,1,2025
2025-08-05,Coastal Odisha,20.5,85.5,0.2575813829898834,56,76,34.40122604370117,13,18,25.943626403808594,13,18,8.457599639892578,75.77237173715795,217,-0.8660254037844384,-0.5000000000000004,0.2291903389810387,8.457599639892578,1,1,2025
2025-08-06,Coastal Odisha,20.5,85.5,0.0,56,76,33.17250442504883,13,18,26.195209503173828,13,18,6.977294921875,78.04541015625,218,-0.8660254037844384,-0.5000000000000004,0.0,6.977294921875,1,1,2025
2025-08-07,Coastal Odisha,20.5,85.5,3.863720655441284,56,76,33.0926399230957,13,18,25.44870948791504,13,18,7.643930435180664,81.45755026557484,219,-0.8660254037844384,-0.5000000000000004,1.5818037119787205,7.643930435180664,1,1,2025
2025-08-08,Coastal Odisha,20.5,85.5,1.869921326637268,56,76,29.308412551879883,13,18,24.61220359802246,13,18,4.696208953857422,85.77043594350805,220,-0.8660254037844384,-0.5000000000000004,1.054284617074296,4.696208953857422,1,1,2025
2025-08-09,Coastal Odisha,20.5,85.5,0.0,56,76,33.70724105834961,13,18,24.32588768005371,13,18,9.381353378295898,73.2372932434082,221,-0.8660254037844384,-0.5000000000000004,0.0,9.381353378295898,1,1,2025
2025-08-10,Coastal Odisha,20.5,85.5,0.0,56,76,34.09333038330078,13,18,25.9732666015625,13,18,8.120063781738281,75.75987243652344,222,-0.8660254037844384,-0.5000000000000004,0.0,8.120063781738281,1,1,2025
2025-08-11,Coastal Odisha,20.5,85.5,1.3523021936416626,56,76,34.5098991394043,13,18,25.343965530395508,13,18,9.165933609008787,76.23431629840515,223,-0.8660254037844384,-0.5000000000000004,0.855394505474241,9.165933609008787,1,1,2025
2025-08-12,Coastal Odisha,20.5,85.5,0.0,56,76,34.744895935058594,13,18,26.12601661682129,13,18,8.618879318237305,74.76224136352539,224,-0.8660254037844384,-0.5000000000000004,0.0,8.618879318237305,1,1,2025
2025-08-13,Coastal Odisha,20.5,85.5,0.0,56,76,33.42128372192383,13,18,26.29047966003418,13,18,7.130804061889648,77.7383918762207,225,-0.8660254037844384,-0.5000000000000004,0.0,7.130804061889648,1,1,2025
2025-08-14,Coastal Odisha,20.5,85.5,23.623302459716797,56,76,31.550535202026367,13,18,25.13028335571289,13,18,6.420251846313477,88.77057605448094,226,-0.8660254037844384,-0.5000000000000004,3.2036932490359633,6.420251846313477,1,1,2025
2025-08-15,Coastal Odisha,20.5,85.5,22.592792510986328,56,76,31.859678268432617,13,18,25.097410202026367,13,18,6.76226806640625,87.95828765711751,227,-0.8660254037844384,-0.5000000000000004,3.1609412633100025,6.76226806640625,1,1,2025
2025-08-16,Coastal Odisha,20.5,85.5,31.56505584716797,56,76,32.37563705444336,13,18,24.913602828979492,13,18,7.462034225463867,87.52565096989647,228,-0.8660254037844384,-0.5000000000000004,3.483239806941405,7.462034225463867,1,1,2025
2025-08-17,Coastal Odisha,20.5,85.5,7.193669319152832,56,76,32.39090347290039,13,18,25.06035804748535,13,18,7.330545425415039,83.64899461471583,229,-0.8660254037844384,-0.5000000000000004,2.103361821848636,7.330545425415039,1,1,2025
2025-08-18,Coastal Odisha,20.5,85.5,21.630962371826172,56,76,31.127731323242188,13,18,25.06325340270996,13,18,6.064477920532227,89.22900111427892,230,-0.8660254037844384,-0.5000000000000004,3.1193189851144543,6.064477920532227,1,1,2025
2025-08-19,Coastal Odisha,20.5,85.5,15.27104377746582,56,76,30.74180030822754,13,18,25.146821975708008,13,18,5.594978332519531,89.17820455298437,231,-0.8660254037844384,-0.5000000000000004,2.789387072674478,5.594978332519531,1,1,2025
2025-08-20,Coastal Odisha,20.5,85.5,14.03211784362793,56,76,31.171615600585938,13,18,24.998626708984375,13,18,6.1729888916015625,87.78458952159086,232,-0.8660254037844384,-0.5000000000000004,2.7101891015979933,6.1729888916015625,1,1,2025
2025-08-21,Coastal Odisha,20.5,85.5,0.443067342042923,56,76,29.69299697875977,13,18,25.013526916503903,13,18,4.6794700622558665,83.74137271584395,233,-0.8660254037844384,-0.5000000000000004,0.3667709467852264,4.6794700622558665,1,1,2025
2025-08-22,Coastal Odisha,20.5,85.5,10.379761695861816,56,76,27.68985939025879,13,18,24.769227981567383,13,18,2.9206314086914062,93.45424664622492,234,-0.8660254037844384,-0.5000000000000004,2.431836487869245,2.9206314086914062,1,1,2025
2025-08-23,Coastal Odisha,20.5,85.5,17.82762336730957,56,76,29.19106101989746,13,18,24.169189453125,13,18,5.021871566772461,90.76223222488925,235,-0.8660254037844384,-0.5000000000000004,2.935325119478054,5.021871566772461,1,1,2025
2025-08-24,Coastal Odisha,20.5,85.5,6.046024322509766,56,76,28.48466110229492,13,18,24.66619873046875,13,18,3.818462371826168,90.22046585196676,236,-0.8660254037844384,-0.5000000000000004,1.952463531873032,3.818462371826168,1,1,2025
2025-08-25,Coastal Odisha,20.5,85.5,0.0,56,76,29.82271957397461,13,18,24.27584648132324,13,18,5.546873092651371,80.90625381469727,237,-0.8660254037844384,-0.5000000000000004,0.0,5.546873092651371,1,1,2025
2025-08-26,Coastal Odisha,20.5,85.5,2.602961301803589,56,76,31.503498077392575,13,18,24.846343994140625,13,18,6.65715408325195,82.53096010697529,238,-0.8660254037844384,-0.5000000000000004,1.28175609115973,6.65715408325195,1,1,2025
2025-08-27,Coastal Odisha,20.5,85.5,1.3399372100830078,56,76,31.28172492980957,13,18,24.763500213623047,13,18,6.518224716186523,81.51392285476214,239,-0.8660254037844384,-0.5000000000000004,0.8501240957117308,6.518224716186523,1,1,2025
2025-08-28,Coastal Odisha,20.5,85.5,7.053078651428223,56,76,30.877735137939453,13,18,24.635316848754883,13,18,6.24241828918457,85.77332680009994,240,-0.8660254037844384,-0.5000000000000004,2.086054459489695,6.24241828918457,1,1,2025
2025-08-29,Coastal Odisha,20.5,85.5,0.3257637321949005,56,76,31.437990188598633,13,18,24.970020294189453,13,18,6.46796989440918,79.9100262962989,241,-0.8660254037844384,-0.5000000000000004,0.2819886950390861,6.46796989440918,1,1,2025
2025-08-30,Coastal Odisha,20.5,85.5,2.2751283645629883,56,76,32.274295806884766,13,18,25.50824928283691,13,18,6.766046524047855,82.02697814272082,242,-0.8660254037844384,-0.5000000000000004,1.1863570636055087,6.766046524047855,1,1,2025
2025-08-31,Coastal Odisha,20.5,85.5,1.9237431287765503,56,76,32.46599578857422,13,18,25.2725830078125,13,18,7.193412780761719,80.83176850479536,243,-0.8660254037844384,-0.5000000000000004,1.0728646887729345,7.193412780761719,1,1,2025
2025-09-01,Coastal Odisha,20.5,85.5,37.54475021362305,56,76,33.24698257446289,13,18,25.111574172973633,13,18,8.135408401489258,86.68464292554206,244,-1.0,-1.8369701987210294e-16,3.651819909506859,8.135408401489258,1,1,2025
2025-09-02,Coastal Odisha,20.5,85.5,33.50232696533203,56,76,29.668720245361328,13,18,24.794952392578125,13,18,4.873767852783203,92.87554460453342,245,-1.0,-1.8369701987210294e-16,3.5410267700332754,4.873767852783203,1,1,2025
2025-09-03,Coastal Odisha,20.5,85.5,22.385454177856445,56,76,29.57512092590332,13,18,24.181764602661133,13,18,5.3933563232421875,90.66962999176324,246,-1.0,-1.8369701987210294e-16,3.1521142127492,5.3933563232421875,1,1,2025
2025-09-04,Coastal Odisha,20.5,85.5,26.26730155944824,56,76,30.963138580322266,13,18,24.1947021484375,13,18,6.768436431884766,88.38019185396803,247,-1.0,-1.8369701987210294e-16,3.3056882392458515,6.768436431884766,1,1,2025
2025-09-05,Coastal Odisha,20.5,85.5,1.4411951303482056,56,76,32.005767822265625,13,18,25.185596466064453,13,18,6.820171356201172,81.03712046832261,248,-1.0,-1.8369701987210294e-16,0.8924877269083195,6.820171356201172,1,1,2025
2025-09-06,Coastal Odisha,20.5,85.5,18.165761947631836,56,76,32.748558044433594,13,18,25.070756912231445,13,18,7.677801132202148,85.50377410146228,249,-1.0,-1.8369701987210294e-16,2.953125455288859,7.677801132202148,1,1,2025
2025-09-07,Coastal Odisha,20.5,85.5,0.443067342042923,56,76,32.8763427734375,13,18,24.86222267150879,13,18,8.014120101928711,77.07207263649826,250,-1.0,-1.8369701987210294e-16,0.3667709467852264,8.014120101928711,1,1,2025
2025-09-08,Coastal Odisha,20.5,85.5,3.756047248840332,56,76,33.579227447509766,13,18,25.205013275146484,13,18,8.374214172363281,79.92982239533703,251,-1.0,-1.8369701987210294e-16,1.559416913354531,8.374214172363281,1,1,2025
2025-09-09,Coastal Odisha,20.5,85.5,2.7960896492004395,56,76,33.969810485839844,13,18,25.74418258666992,13,18,8.225627899169925,79.55065869333038,252,-1.0,-1.8369701987210294e-16,1.3339714972234045,8.225627899169925,1,1,2025
2025-09-10,Coastal Odisha,20.5,85.5,0.0,56,76,34.59650421142578,13,18,25.758686065673828,13,18,8.837818145751953,74.3243637084961,253,-1.0,-1.8369701987210294e-16,0.0,8.837818145751953,1,1,2025
2025-09-11,Coastal Odisha,20.5,85.5,0.0,56,76,34.105533599853516,13,18,25.89325523376465,13,18,8.212278366088867,75.57544326782227,254,-1.0,-1.8369701987210294e-16,0.0,8.212278366088867,1,1,2025
2025-09-12,Coastal Odisha,20.5,85.5,8.722833633422852,56,76,31.864643096923828,13,18,25.05059051513672,13,18,6.814052581787109,85.19532614260335,255,-1.0,-1.8369701987210294e-16,2.274477102059189,6.814052581787109,1,1,2025
2025-09-13,Coastal Odisha,20.5,85.5,21.80636405944824,56,76,32.074249267578125,13,18,25.277437210083008,13,18,6.796812057495117,87.78749475228939,256,-1.0,-1.8369701987210294e-16,3.1270396224265404,6.796812057495117,1,1,2025
2025-09-14,Coastal Odisha,20.5,85.5,17.348833084106445,56,76,32.47858810424805,13,18,25.079233169555664,13,18,7.399354934692383,85.92998807161041,257,-1.0,-1.8369701987210294e-16,2.9095659803317253,7.399354934692383,1,1,2025
2025-09-15,Coastal Odisha,20.5,85.5,2.2058935165405273,56,76,31.143131256103516,13,18,25.477134704589844,13,18,5.665996551513672,84.16297941646437,258,-1.0,-1.8369701987210294e-16,1.1649908398305702,5.665996551513672,1,1,2025
2025-09-16,Coastal Odisha,20.5,85.5,55.81879425048828,56,76,30.989500045776367,13,18,24.349781036376953,13,18,6.639719009399414,90.84016344826678,259,-1.0,-1.8369701987210294e-16,4.039867155688534,6.639719009399414,1,1,2025
2025-09-17,Coastal Odisha,20.5,85.5,2.3664450645446777,56,76,32.85049819946289,13,18,24.629976272583008,13,18,8.220521926879883,79.20052807804096,260,-1.0,-1.8369701987210294e-16,1.2138573106002422,8.220521926879883,1,1,2025
2025-09-18,Coastal Odisha,20.5,85.5,0.0,56,76,34.139801025390625,13,18,25.024351119995117,13,18,9.115449905395508,73.76910018920898,261,-1.0,-1.8369701987210294e-16,0.0,9.115449905395508,1,1,2025
2025-09-19,Coastal Odisha,20.5,85.5,0.0,56,76,34.69174575805664,13,18,25.553203582763672,13,18,9.138542175292969,73.72291564941406,262,-1.0,-1.8369701987210294e-16,0.0,9.138542175292969,1,1,2025
2025-09-20,Coastal Odisha,20.5,85.5,0.0,56,76,35.050418853759766,13,18,26.221736907958984,13,18,8.828681945800781,74.34263610839844,263,-1.0,-1.8369701987210294e-16,0.0,8.828681945800781,1,1,2025
2025-09-21,Coastal Odisha,20.5,85.5,4.548247814178467,56,76,33.82610321044922,13,18,25.013286590576172,13,18,8.812816619873047,79.51481326651796,264,-1.0,-1.8369701987210294e-16,1.7134821687546826,8.812816619873047,1,1,2025
2025-09-22,Coastal Odisha,20.5,85.5,10.33752727508545,56,76,32.95664978027344,13,18,24.44624137878418,13,18,8.510408401489258,82.26353786055874,265,-1.0,-1.8369701987210294e-16,2.4281182211790844,8.510408401489258,1,1,2025
2025-09-23,Coastal Odisha,20.5,85.5,4.158891677856445,56,76,29.84685707092285,13,18,24.56896209716797,13,18,5.277894973754883,86.36637534841863,266,-1.0,-1.8369701987210294e-16,1.6407217653094646,5.277894973754883,1,1,2025
2025-09-24,Coastal Odisha,20.5,85.5,4.3744730949401855,56,76,30.618003845214844,13,18,23.67876434326172,13,18,6.939239501953125,83.16650261717449,267,-1.0,-1.8369701987210294e-16,1.6816605403602474,6.939239501953125,1,1,2025
2025-09-25,Coastal Odisha,20.5,85.5,6.780057907104492,56,76,32.39814758300781,13,18,24.354829788208008,13,18,8.043317794799805,82.06805575410587,268,-1.0,-1.8369701987210294e-16,2.0515637812351577,8.043317794799805,1,1,2025
2025-09-26,Coastal Odisha,20.5,85.5,27.78226852416992,56,76,28.951190948486328,13,18,24.882722854614254,13,18,4.068468093872074,93.94234237612991,269,-1.0,-1.8369701987210294e-16,3.359759521291353,4.068468093872074,1,1,2025
2025-09-27,Coastal Odisha,20.5,85.5,25.05755043029785,56,76,30.50038719177246,13,18,24.526308059692383,13,18,5.974079132080078,89.83276444576849,270,-1.0,-1.8369701987210294e-16,3.2603075699762143,5.974079132080078,1,1,2025
2025-09-28,Coastal Odisha,20.5,85.5,7.937150955200195,56,76,31.98900604248047,13,18,24.63802719116211,13,18,7.350978851318359,83.86869285724494,271,-1.0,-1.8369701987210294e-16,2.1902168532938857,7.350978851318359,1,1,2025
2025-09-29,Coastal Odisha,20.5,85.5,5.248500347137451,56,76,32.6705436706543,13,18,25.019142150878903,13,18,7.651401519775394,82.19422143194629,272,-1.0,-1.8369701987210294e-16,1.8323414904990252,7.651401519775394,1,1,2025
2025-09-30,Coastal Odisha,20.5,85.5,0.0,56,76,33.85755920410156,13,18,24.686792373657227,13,18,9.170766830444336,73.65846633911133,273,-1.0,-1.8369701987210294e-16,0.0,9.170766830444336,1,1,2025
2025-10-01,Coastal Odisha,20.5,85.5,0.0,56,76,33.905025482177734,13,18,25.147476196289062,13,18,8.757549285888672,74.48490142822266,274,-0.8660254037844386,0.5000000000000001,0.0,8.757549285888672,1,1,2025
2025-10-02,Coastal Odisha,20.5,85.5,40.946929931640625,56,76,29.686357498168945,13,18,23.943117141723633,13,18,5.7432403564453125,91.72273502584628,275,-0.8660254037844386,0.5000000000000001,3.73640524624564,5.7432403564453125,1,1,2025
2025-10-03,Coastal Odisha,20.5,85.5,33.13225173950195,56,76,30.034515380859375,13,18,24.435861587524418,13,18,5.598653793334957,91.39342062167798,276,-0.8660254037844386,0.5000000000000001,3.5302427361159654,5.598653793334957,1,1,2025
2025-10-04,Coastal Odisha,20.5,85.5,8.811799049377441,56,76,31.664148330688477,13,18,24.879135131835938,13,18,6.785013198852539,85.28073054059077,277,-0.8660254037844386,0.5000000000000001,2.2835856460986146,6.785013198852539,1,1,2025
2025-10-05,Coastal Odisha,20.5,85.5,3.875727415084839,56,76,29.16859436035156,13,18,25.017166137695312,13,18,4.1514282226562464,88.44995147469552,278,-0.8660254037844386,0.5000000000000001,1.5842693066693418,4.1514282226562464,1,1,2025
2025-10-06,Coastal Odisha,20.5,85.5,1.0017086267471311,56,76,30.610811233520508,13,18,23.570640563964844,13,18,7.040170669555664,80.00166204853532,279,-0.8660254037844386,0.5000000000000001,0.6940011292155482,7.040170669555664,1,1,2025
2025-10-07,Coastal Odisha,20.5,85.5,2.337898969650269,56,76,31.889739990234375,13,18,23.618837356567383,13,18,8.270902633666992,79.07421940681633,280,-0.8660254037844386,0.5000000000000001,1.2053415580501017,8.270902633666992,1,1,2025
2025-10-08,Coastal Odisha,20.5,85.5,2.65301775932312,56,76,32.3348503112793,13,18,23.571840286254883,13,18,8.763010025024414,78.36064077807166,281,-0.8660254037844386,0.5000000000000001,1.2955536093734934,8.763010025024414,1,1,2025
2025-10-09,Coastal Odisha,20.5,85.5,0.408015638589859,56,76,32.396053314208984,13,18,23.462968826293945,13,18,8.933084487915039,75.1603751180515,282,-0.8660254037844386,0.5000000000000001,0.3421813646271938,8.933084487915039,1,1,2025
2025-10-10,Coastal Odisha,20.5,85.5,5.119429588317871,56,76,31.987377166748047,13,18,23.768461227416992,13,18,8.218915939331055,80.99657478430949,283,-0.8660254037844386,0.5000000000000001,1.8114688876571996,8.218915939331055,1,1,2025
2025-10-11,Coastal Odisha,20.5,85.5,5.7129807472229,56,76,32.08850860595703,13,18,23.495237350463867,13,18,8.593271255493164,80.52558671991895,284,-0.8660254037844386,0.5000000000000001,1.9040430769684265,8.593271255493164,1,1,2025
2025-10-12,Coastal Odisha,20.5,85.5,4.135295391082764,56,76,32.31695556640625,13,18,23.2028751373291,13,18,9.114080429077148,78.68025124214515,285,-0.8660254037844386,0.5000000000000001,1.6361373667664805,9.114080429077148,1,1,2025
2025-10-13,Coastal Odisha,20.5,85.5,0.0,56,76,31.198545455932617,13,18,22.79535675048828,13,18,8.403188705444336,75.19362258911133,286,-0.8660254037844386,0.5000000000000001,0.0,8.403188705444336,1,1,2025
2025-10-14,Coastal Odisha,20.5,85.5,0.0,56,76,32.269989013671875,13,18,22.726713180541992,13,18,9.543275833129885,72.91344833374023,287,-0.8660254037844386,0.5000000000000001,0.0,9.543275833129885,1,1,2025
2025-10-15,Coastal Odisha,20.5,85.5,0.0,56,76,32.42006301879883,13,18,22.568546295166016,13,18,9.851516723632812,72.29696655273438,288,-0.8660254037844386,0.5000000000000001,0.0,9.851516723632812,1,1,2025
2025-10-16,Coastal Odisha,20.5,85.5,0.0,56,76,32.105018615722656,13,18,23.000926971435547,13,18,9.10409164428711,73.79181671142578,289,-0.8660254037844386,0.5000000000000001,0.0,9.10409164428711,1,1,2025
2025-10-17,Coastal Odisha,20.5,85.5,0.0,56,76,32.05696487426758,13,18,22.25137710571289,13,18,9.805587768554688,72.38882446289062,290,-0.8660254037844386,0.5000000000000001,0.0,9.805587768554688,1,1,2025
2025-10-18,Coastal Odisha,20.5,85.5,0.0,56,76,31.781259536743164,13,18,22.21384048461914,13,18,9.567419052124023,72.86516189575195,291,-0.8660254037844386,0.5000000000000001,0.0,9.567419052124023,1,1,2025
2025-10-19,Coastal Odisha,20.5,85.5,0.0,56,76,31.649574279785156,13,18,23.239362716674805,13,18,8.410211563110352,75.1795768737793,292,-0.8660254037844386,0.5000000000000001,0.0,8.410211563110352,1,1,2025
2025-10-20,Coastal Odisha,20.5,85.5,3.235044479370117,56,76,31.79994773864746,13,18,23.395397186279297,13,18,8.404550552368164,79.52108038781884,293,-0.8660254037844386,0.5000000000000001,1.443393830851725,8.404550552368164,1,1,2025
2025-10-21,Coastal Odisha,20.5,85.5,17.867650985717773,56,76,32.59535217285156,13,18,23.123592376708984,13,18,9.471759796142578,81.86882701041873,294,-0.8660254037844386,0.5000000000000001,2.9374488675679635,9.471759796142578,1,1,2025
2025-10-22,Coastal Odisha,20.5,85.5,0.886134684085846,56,76,32.6077766418457,13,18,22.842588424682617,13,18,9.765188217163086,74.37321234833468,295,-0.8660254037844386,0.5000000000000001,0.6345295942202834,9.765188217163086,1,1,2025
2025-10-23,Coastal Odisha,20.5,85.5,0.0,56,76,32.8581428527832,13,18,23.066225051879883,13,18,9.79191780090332,72.41616439819336,296,-0.8660254037844386,0.5000000000000001,0.0,9.79191780090332,1,1,2025
2025-10-24,Coastal Odisha,20.5,85.5,0.0,56,76,32.813621520996094,13,18,23.378910064697266,13,18,9.434711456298828,73.13057708740234,297,-0.8660254037844386,0.5000000000000001,0.0,9.434711456298828,1,1,2025
2025-10-25,Coastal Odisha,20.5,85.5,0.0,56,76,32.83230972290039,13,18,23.7788028717041,13,18,9.053506851196287,73.89298629760742,298,-0.8660254037844386,0.5000000000000001,0.0,9.053506851196287,1,1,2025
2025-10-26,Coastal Odisha,20.5,85.5,0.0,56,76,32.87427520751953,13,18,24.00162696838379,13,18,8.872648239135742,74.25470352172852,299,-0.8660254037844386,0.5000000000000001,0.0,8.872648239135742,1,1,2025
2025-10-27,Coastal Odisha,20.5,85.5,0.0,56,76,32.39088439941406,13,18,24.031755447387695,13,18,8.359128952026367,75.28174209594727,300,-0.8660254037844386,0.5000000000000001,0.0,8.359128952026367,1,1,2025
2025-10-28,Coastal Odisha,20.5,85.5,8.331840515136719,56,76,29.348766326904297,13,18,24.119279861450195,13,18,5.229486465454102,88.24132386081513,301,-0.8660254037844386,0.5000000000000001,2.2334322639077793,5.229486465454102,1,1,2025
2025-10-29,Coastal Odisha,20.5,85.5,28.3543701171875,56,76,29.22829818725586,13,18,24.10883903503418,13,18,5.11945915222168,91.89940599112906,302,-0.8660254037844386,0.5000000000000001,3.3794414318574733,5.11945915222168,1,1,2025
2025-10-30,Coastal Odisha,20.5,85.5,30.95111846923828,56,76,30.24115943908691,13,18,24.12047004699707,13,18,6.12068939208984,90.15124277703852,303,-0.8660254037844386,0.5000000000000001,3.464207187072736,6.12068939208984,1,1,2025
2025-10-31,Coastal Odisha,20.5,85.5,1.6420812606811523,56,76,31.160999298095703,13,18,24.228891372680664,13,18,6.932107925415039,81.0504850378316,304,-0.8660254037844386,0.5000000000000001,0.9715669628872268,6.932107925415039,1,1,2025
2025-11-01,Coastal Odisha,20.5,85.5,3.676634788513184,56,76,32.187522888183594,13,18,24.36515998840332,13,18,7.822362899780273,80.98301056742976,305,-0.5000000000000004,0.8660254037844384,1.5425787889967666,7.822362899780273,1,1,2025
2025-11-02,Coastal Odisha,20.5,85.5,2.476536512374878,56,76,32.21918487548828,13,18,24.303955078125,13,18,7.915229797363281,79.90765003465299,306,-0.5000000000000004,0.8660254037844384,1.2460365431265146,7.915229797363281,1,1,2025
2025-11-03,Coastal Odisha,20.5,85.5,0.0,56,76,31.4742374420166,13,18,22.85674285888672,13,18,8.617494583129883,74.76501083374023,307,-0.5000000000000004,0.8660254037844384,0.0,8.617494583129883,1,1,2025
2025-11-04,Coastal Odisha,20.5,85.5,0.0,56,76,30.69672966003418,13,18,20.89311981201172,13,18,9.80360984802246,72.39278030395508,308,-0.5000000000000004,0.8660254037844384,0.0,9.80360984802246,1,1,2025
2025-11-05,Coastal Odisha,20.5,85.5,0.0,56,76,31.57680892944336,13,18,18.161170959472656,13,18,13.415637969970703,65.1687240600586,309,-0.5000000000000004,0.8660254037844384,0.0,13.415637969970703,1,1,2025
2025-11-06,Coastal Odisha,20.5,85.5,0.0,56,76,31.47384262084961,13,18,19.752777099609375,13,18,11.721065521240234,68.55786895751953,310,-0.5000000000000004,0.8660254037844384,0.0,11.721065521240234,1,1,2025
2025-11-07,Coastal Odisha,20.5,85.5,0.0,56,76,30.903886795043945,13,18,20.500659942626953,13,18,10.403226852416992,71.19354629516602,311,-0.5000000000000004,0.8660254037844384,0.0,10.403226852416992,1,1,2025
2025-11-08,Coastal Odisha,20.5,85.5,0.0,56,76,30.42108917236328,13,18,19.46383476257324,13,18,10.957254409790044,70.08549118041992,312,-0.5000000000000004,0.8660254037844384,0.0,10.957254409790044,1,1,2025
2025-11-09,Coastal Odisha,20.5,85.5,0.0,56,76,29.747743606567383,13,18,17.66663360595703,13,18,12.081110000610352,67.8377799987793,313,-0.5000000000000004,0.8660254037844384,0.0,12.081110000610352,1,1,2025
2025-11-10,Coastal Odisha,20.5,85.5,0.0,56,76,29.399181365966797,13,18,16.720129013061523,13,18,12.679052352905272,66.64189529418945,314,-0.5000000000000004,0.8660254037844384,0.0,12.679052352905272,1,1,2025
2025-11-11,Coastal Odisha,20.5,85.5,0.0,56,76,29.254505157470703,13,18,16.551509857177734,13,18,12.702995300292969,66.59400939941406,315,-0.5000000000000004,0.8660254037844384,0.0,12.702995300292969,1,1,2025
2025-11-12,Coastal Odisha,20.5,85.5,0.0,56,76,28.407291412353516,13,18,15.498421669006348,13,18,12.908869743347168,66.18226051330566,316,-0.5000000000000004,0.8660254037844384,0.0,12.908869743347168,1,1,2025
2025-11-13,Coastal Odisha,20.5,85.5,0.0,56,76,28.45612335205078,13,18,14.810592651367188,13,18,13.645530700683594,64.70893859863281,317,-0.5000000000000004,0.8660254037844384,0.0,13.645530700683594,1,1,2025
2025-11-14,Coastal Odisha,20.5,85.5,0.0,56,76,28.17407989501953,13,18,14.707094192504885,13,18,13.466985702514648,65.0660285949707,318,-0.5000000000000004,0.8660254037844384,0.0,13.466985702514648,1,1,2025
2025-11-15,Coastal Odisha,20.5,85.5,0.0,56,76,28.206573486328125,13,18,14.335018157958984,13,18,13.87155532836914,64.25688934326172,319,-0.5000000000000004,0.8660254037844384,0.0,13.87155532836914,1,1,2025
2025-11-16,Coastal Odisha,20.5,85.5,0.0,56,76,28.067995071411133,13,18,13.969793319702148,13,18,14.098201751708984,63.80359649658203,320,-0.5000000000000004,0.8660254037844384,0.0,14.098201751708984,1,1,2025
2025-11-17,Coastal Odisha,20.5,85.5,0.0,56,76,28.550678253173828,13,18,13.7275972366333,13,18,14.823081016540527,62.353837966918945,321,-0.5000000000000004,0.8660254037844384,0.0,14.823081016540527,1,1,2025
2025-11-18,Coastal Odisha,20.5,85.5,0.0,56,76,28.524473190307617,13,18,14.478270530700684,13,18,14.046202659606934,63.90759468078613,322,-0.5000000000000004,0.8660254037844384,0.0,14.046202659606934,1,1,2025
2025-11-19,Coastal Odisha,20.5,85.5,0.0,56,76,29.422008514404297,13,18,15.4066743850708,13,18,14.015334129333496,63.96933174133301,323,-0.5000000000000004,0.8660254037844384,0.0,14.015334129333496,1,1,2025
2025-11-20,Coastal Odisha,20.5,85.5,0.0,56,76,30.37194442749023,13,18,17.49925994873047,13,18,12.872684478759762,66.25463104248047,324,-0.5000000000000004,0.8660254037844384,0.0,12.872684478759762,1,1,2025
2025-11-21,Coastal Odisha,20.5,85.5,0.0,56,76,30.72850227355957,13,18,18.58821678161621,13,18,12.14028549194336,67.71942901611328,325,-0.5000000000000004,0.8660254037844384,0.0,12.14028549194336,1,1,2025
2025-11-22,Coastal Odisha,20.5,85.5,0.0,56,76,30.20627784729004,13,18,18.507862091064453,13,18,11.698415756225586,68.60316848754883,326,-0.5000000000000004,0.8660254037844384,0.0,11.698415756225586,1,1,2025
2025-11-23,Coastal Odisha,20.5,85.5,0.0,56,76,29.92045783996582,13,18,18.85308074951172,13,18,11.067377090454102,69.8652458190918,327,-0.5000000000000004,0.8660254037844384,0.0,11.067377090454102,1,1,2025
2025-11-24,Coastal Odisha,20.5,85.5,0.0,56,76,28.51142311096191,13,18,18.29793357849121,13,18,10.2134895324707,71.5730209350586,328,-0.5000000000000004,0.8660254037844384,0.0,10.2134895324707,1,1,2025
2025-11-25,Coastal Odisha,20.5,85.5,0.0,56,76,28.025226593017575,13,18,16.9493408203125,13,18,11.075885772705076,69.84822845458984,329,-0.5000000000000004,0.8660254037844384,0.0,11.075885772705076,1,1,2025
2025-11-26,Coastal Odisha,20.5,85.5,0.0,56,76,27.610937118530273,13,18,15.946271896362305,13,18,11.664665222167969,68.67066955566406,330,-0.5000000000000004,0.8660254037844384,0.0,11.664665222167969,1,1,2025
2025-11-27,Coastal Odisha,20.5,85.5,0.0,56,76,27.003515243530273,13,18,14.128812789916992,13,18,12.87470245361328,66.25059509277344,331,-0.5000000000000004,0.8660254037844384,0.0,12.87470245361328,1,1,2025
2025-11-28,Coastal Odisha,20.5,85.5,0.0,56,76,28.45943832397461,13,18,14.088638305664062,13,18,14.370800018310549,63.258399963378906,332,-0.5000000000000004,0.8660254037844384,0.0,14.370800018310549,1,1,2025
2025-11-29,Coastal Odisha,20.5,85.5,0.0,56,76,28.684667587280273,13,18,15.651140213012695,13,18,13.033527374267578,65.93294525146484,333,-0.5000000000000004,0.8660254037844384,0.0,13.033527374267578,1,1,2025
2025-11-30,Coastal Odisha,20.5,85.5,0.0,56,76,28.046466827392575,13,18,16.432039260864258,13,18,11.614427566528317,68.77114486694336,334,-0.5000000000000004,0.8660254037844384,0.0,11.614427566528317,1,1,2025
2025-12-01,Coastal Odisha,20.5,85.5,0.0,56,76,25.639997482299805,13,18,16.89322280883789,13,18,8.746774673461914,74.50645065307617,335,-2.4492935982947064e-16,1.0,0.0,8.746774673461914,1,1,2025
2025-12-02,Coastal Odisha,20.5,85.5,0.0,56,76,27.860897064208984,13,18,17.12271499633789,13,18,10.738182067871094,70.52363586425781,336,-2.4492935982947064e-16,1.0,0.0,10.738182067871094,1,1,2025
2025-12-03,Coastal Odisha,20.5,85.5,0.0,56,76,28.18036651611328,13,18,15.970501899719238,13,18,12.209864616394045,67.58027076721191,337,-2.4492935982947064e-16,1.0,0.0,12.209864616394045,1,1,2025
2025-12-04,Coastal Odisha,20.5,85.5,0.0,56,76,27.477848052978516,13,18,15.265545845031738,13,18,12.212302207946776,67.57539558410645,338,-2.4492935982947064e-16,1.0,0.0,12.212302207946776,1,1,2025
2025-12-05,Coastal Odisha,20.5,85.5,0.0,56,76,27.39812469482422,13,18,14.16526985168457,13,18,13.232854843139648,65.5342903137207,339,-2.4492935982947064e-16,1.0,0.0,13.232854843139648,1,1,2025
2025-12-06,Coastal Odisha,20.5,85.5,0.0,56,76,27.630186080932617,13,18,12.913189888000488,13,18,14.716996192932127,62.56600761413574,340,-2.4492935982947064e-16,1.0,0.0,14.716996192932127,1,1,2025
2025-12-07,Coastal Odisha,20.5,85.5,0.0,56,76,27.323078155517575,13,18,12.304402351379396,13,18,15.018675804138178,61.96264839172365,341,-2.4492935982947064e-16,1.0,0.0,15.018675804138178,1,1,2025
2025-12-08,Coastal Odisha,20.5,85.5,0.0,56,76,27.742572784423828,13,18,12.682137489318848,13,18,15.06043529510498,61.87912940979004,342,-2.4492935982947064e-16,1.0,0.0,15.06043529510498,1,1,2025
2025-12-09,Coastal Odisha,20.5,85.5,0.0,56,76,27.682886123657227,13,18,13.40088939666748,13,18,14.281996726989746,63.43600654602051,343,-2.4492935982947064e-16,1.0,0.0,14.281996726989746,1,1,2025
2025-12-10,Coastal Odisha,20.5,85.5,0.0,56,76,27.807193756103516,13,18,13.035893440246582,13,18,14.771300315856934,62.45739936828613,344,-2.4492935982947064e-16,1.0,0.0,14.771300315856934,1,1,2025
2025-12-11,Coastal Odisha,20.5,85.5,0.0,56,76,27.88260841369629,13,18,11.98731803894043,13,18,15.89529037475586,60.20941925048828,345,-2.4492935982947064e-16,1.0,0.0,15.89529037475586,1,1,2025
2025-12-12,Coastal Odisha,20.5,85.5,0.0,56,76,28.158517837524418,13,18,11.93320369720459,13,18,16.225314140319828,59.549371719360344,346,-2.4492935982947064e-16,1.0,0.0,16.225314140319828,1,1,2025
2025-12-13,Coastal Odisha,20.5,85.5,0.0,56,76,27.6403865814209,13,18,12.266633987426758,13,18,15.37375259399414,61.25249481201172,347,-2.4492935982947064e-16,1.0,0.0,15.37375259399414,1,1,2025
2025-12-14,Coastal Odisha,20.5,85.5,0.0,56,76,27.03835105895996,13,18,12.628284454345703,13,18,14.410066604614258,63.17986679077149,348,-2.4492935982947064e-16,1.0,0.0,14.410066604614258,1,1,2025
2025-12-15,Coastal Odisha,20.5,85.5,0.0,56,76,27.72222328186035,13,18,13.19788932800293,13,18,14.524333953857422,62.95133209228515,349,-2.4492935982947064e-16,1.0,0.0,14.524333953857422,1,1,2025
2025-12-16,Coastal Odisha,20.5,85.5,0.0,56,76,27.91274070739746,13,18,14.003850936889648,13,18,13.908889770507812,64.18222045898438,350,-2.4492935982947064e-16,1.0,0.0,13.908889770507812,1,1,2025
2025-12-17,Coastal Odisha,20.5,85.5,0.0,56,76,27.80867576599121,13,18,13.76064682006836,13,18,14.048028945922852,63.9039421081543,351,-2.4492935982947064e-16,1.0,0.0,14.048028945922852,1,1,2025
2025-12-18,Coastal Odisha,20.5,85.5,0.0,56,76,27.586963653564453,13,18,14.02834129333496,13,18,13.558622360229494,64.88275527954102,352,-2.4492935982947064e-16,1.0,0.0,13.558622360229494,1,1,2025
2025-12-19,Coastal Odisha,20.5,85.5,0.0,56,76,27.281570434570312,13,18,14.163543701171877,13,18,13.118026733398436,65.76394653320312,353,-2.4492935982947064e-16,1.0,0.0,13.118026733398436,1,1,2025
2025-12-20,Coastal Odisha,20.5,85.5,0.0,56,76,26.65591049194336,13,18,14.803101539611816,13,18,11.852808952331545,68.29438209533691,354,-2.4492935982947064e-16,1.0,0.0,11.852808952331545,1,1,2025
2025-12-21,Coastal Odisha,20.5,85.5,0.0,56,76,26.190757751464844,13,18,14.178975105285645,13,18,12.0117826461792,67.9764347076416,355,-2.4492935982947064e-16,1.0,0.0,12.0117826461792,1,1,2025
2025-12-22,Coastal Odisha,20.5,85.5,0.0,56,76,26.198448181152344,13,18,13.993042945861816,13,18,12.205405235290527,67.58918952941895,356,-2.4492935982947064e-16,1.0,0.0,12.205405235290527,1,1,2025
2025-12-23,Coastal Odisha,20.5,85.5,0.0,56,76,27.297510147094727,13,18,13.987714767456056,13,18,13.30979537963867,65.38040924072266,357,-2.4492935982947064e-16,1.0,0.0,13.30979537963867,1,1,2025
2025-12-24,Coastal Odisha,20.5,85.5,0.0,56,76,27.43349266052246,13,18,13.601049423217772,13,18,13.83244323730469,64.33511352539062,358,-2.4492935982947064e-16,1.0,0.0,13.83244323730469,1,1,2025
2025-12-25,Coastal Odisha,20.5,85.5,0.0,56,76,26.326807022094727,13,18,13.920273780822754,13,18,12.406533241271973,67.18693351745605,359,-2.4492935982947064e-16,1.0,0.0,12.406533241271973,1,1,2025
2025-12-26,Coastal Odisha,20.5,85.5,0.0,56,76,26.454586029052734,13,18,13.726311683654783,13,18,12.728274345397953,66.5434513092041,360,-2.4492935982947064e-16,1.0,0.0,12.728274345397953,1,1,2025
2025-12-27,Coastal Odisha,20.5,85.5,0.0,56,76,26.89153289794922,13,18,13.372678756713867,13,18,13.518854141235352,64.9622917175293,361,-2.4492935982947064e-16,1.0,0.0,13.518854141235352,1,1,2025
2025-12-28,Coastal Odisha,20.5,85.5,0.0,56,76,26.902830123901367,13,18,13.436446189880373,13,18,13.466383934020994,65.06723213195801,362,-2.4492935982947064e-16,1.0,0.0,13.466383934020994,1,1,2025
2025-12-29,Coastal Odisha,20.5,85.5,0.0,56,76,26.210166931152344,13,18,12.864908218383787,13,18,13.345258712768556,65.30948257446289,363,-2.4492935982947064e-16,1.0,0.0,13.345258712768556,1,1,2025
2025-12-30,Coastal Odisha,20.5,85.5,0.0,56,76,24.84218406677246,13,18,11.876646995544434,13,18,12.965537071228027,66.06892585754395,364,-2.4492935982947064e-16,1.0,0.0,12.965537071228027,1,1,2025
2025-12-31,Coastal Odisha,20.5,85.5,0.0,56,76,25.426849365234375,13,18,12.01179313659668,13,18,13.415056228637695,65.16988754272461,365,-2.4492935982947064e-16,1.0,0.0,13.415056228637695,1,1,2025
2025-01-01,Deccan Plateau,17.8,78.5,0.0,45,48,30.42784309387207,10,11,17.96442222595215,10,11,12.463420867919922,67.07315826416016,1,0.4999999999999999,0.8660254037844387,0.0,12.463420867919922,1,2,2025
2025-01-02,Deccan Plateau,17.8,78.5,0.0,45,48,30.16855239868164,10,11,15.209162712097168,10,11,14.959389686584473,62.081220626831055,2,0.4999999999999999,0.8660254037844387,0.0,14.959389686584473,1,2,2025
2025-01-03,Deccan Plateau,17.8,78.5,0.0,45,48,30.878604888916016,10,11,13.697214126586914,10,11,17.1813907623291,57.6372184753418,3,0.4999999999999999,0.8660254037844387,0.0,17.1813907623291,1,2,2025
2025-01-04,Deccan Plateau,17.8,78.5,0.0,45,48,30.82441520690918,10,11,13.279081344604492,10,11,17.545333862304688,56.909332275390625,4,0.4999999999999999,0.8660254037844387,0.0,17.545333862304688,1,2,2025
2025-01-05,Deccan Plateau,17.8,78.5,0.0,45,48,30.640457153320312,10,11,14.37479305267334,10,11,16.265664100646973,59.468671798706055,5,0.4999999999999999,0.8660254037844387,0.0,16.265664100646973,1,2,2025
2025-01-06,Deccan Plateau,17.8,78.5,0.0,45,48,30.05222511291504,10,11,15.310370445251465,10,11,14.741854667663574,62.51629066467285,6,0.4999999999999999,0.8660254037844387,0.0,14.741854667663574,1,2,2025
2025-01-07,Deccan Plateau,17.8,78.5,0.0,45,48,30.369400024414062,10,11,15.033746719360352,10,11,15.335653305053713,61.32869338989258,7,0.4999999999999999,0.8660254037844387,0.0,15.335653305053713,1,2,2025
2025-01-08,Deccan Plateau,17.8,78.5,0.0,45,48,29.282974243164062,10,11,15.224424362182615,10,11,14.058549880981449,63.88290023803711,8,0.4999999999999999,0.8660254037844387,0.0,14.058549880981449,1,2,2025
2025-01-09,Deccan Plateau,17.8,78.5,0.0,45,48,28.618328094482425,10,11,13.600241661071776,10,11,15.01808643341065,61.9638271331787,9,0.4999999999999999,0.8660254037844387,0.0,15.01808643341065,1,2,2025
2025-01-10,Deccan Plateau,17.8,78.5,0.0,45,48,28.98896026611328,10,11,15.406404495239258,10,11,13.582555770874023,64.83488845825195,10,0.4999999999999999,0.8660254037844387,0.0,13.582555770874023,1,2,2025
2025-01-11,Deccan Plateau,17.8,78.5,0.0,45,48,29.312744140625,10,11,17.30646324157715,10,11,12.006280899047852,67.9874382019043,11,0.4999999999999999,0.8660254037844387,0.0,12.006280899047852,1,2,2025
2025-01-12,Deccan Plateau,17.8,78.5,0.0,45,48,29.653873443603516,10,11,17.942903518676758,10,11,11.710969924926758,68.57806015014648,12,0.4999999999999999,0.8660254037844387,0.0,11.710969924926758,1,2,2025
2025-01-13,Deccan Plateau,17.8,78.5,0.0,45,48,30.19684410095215,10,11,17.7509765625,10,11,12.445867538452148,67.1082649230957,13,0.4999999999999999,0.8660254037844387,0.0,12.445867538452148,1,2,2025
2025-01-14,Deccan Plateau,17.8,78.5,0.0,45,48,30.426122665405273,10,11,18.336219787597656,10,11,12.089902877807615,67.82019424438477,14,0.4999999999999999,0.8660254037844387,0.0,12.089902877807615,1,2,2025
2025-01-15,Deccan Plateau,17.8,78.5,0.0,45,48,29.67715835571289,10,11,18.597923278808594,10,11,11.079235076904297,69.8415298461914,15,0.4999999999999999,0.8660254037844387,0.0,11.079235076904297,1,2,2025
2025-01-16,Deccan Plateau,17.8,78.5,0.0,45,48,29.639087677001953,10,11,19.340106964111328,10,11,10.298980712890623,71.40203857421875,16,0.4999999999999999,0.8660254037844387,0.0,10.298980712890623,1,2,2025
2025-01-17,Deccan Plateau,17.8,78.5,0.0,45,48,29.57615852355957,10,11,18.554378509521484,10,11,11.021780014038086,69.95643997192383,17,0.4999999999999999,0.8660254037844387,0.0,11.021780014038086,1,2,2025
2025-01-18,Deccan Plateau,17.8,78.5,0.0,45,48,29.33970832824707,10,11,17.18307876586914,10,11,12.15662956237793,67.68674087524414,18,0.4999999999999999,0.8660254037844387,0.0,12.15662956237793,1,2,2025
2025-01-19,Deccan Plateau,17.8,78.5,0.0,45,48,31.130386352539062,10,11,15.835740089416504,10,11,15.29464626312256,61.41070747375488,19,0.4999999999999999,0.8660254037844387,0.0,15.29464626312256,1,2,2025
2025-01-20,Deccan Plateau,17.8,78.5,0.0,45,48,31.42335319519043,10,11,15.710187911987305,10,11,15.713165283203123,60.57366943359375,20,0.4999999999999999,0.8660254037844387,0.0,15.713165283203123,1,2,2025
2025-01-21,Deccan Plateau,17.8,78.5,0.0,45,48,32.64821243286133,10,11,14.31186294555664,10,11,18.336349487304688,55.327301025390625,21,0.4999999999999999,0.8660254037844387,0.0,18.336349487304688,1,2,2025
2025-01-22,Deccan Plateau,17.8,78.5,0.0,45,48,32.8714599609375,10,11,15.182010650634766,10,11,17.689449310302734,56.62110137939453,22,0.4999999999999999,0.8660254037844387,0.0,17.689449310302734,1,2,2025
2025-01-23,Deccan Plateau,17.8,78.5,0.0,45,48,32.29311752319336,10,11,16.945547103881836,10,11,15.347570419311523,61.30485916137695,23,0.4999999999999999,0.8660254037844387,0.0,15.347570419311523,1,2,2025
2025-01-24,Deccan Plateau,17.8,78.5,0.0,45,48,32.612709045410156,10,11,17.17633056640625,10,11,15.436378479003906,61.12724304199219,24,0.4999999999999999,0.8660254037844387,0.0,15.436378479003906,1,2,2025
2025-01-25,Deccan Plateau,17.8,78.5,0.0,45,48,33.01582717895508,10,11,16.349721908569336,10,11,16.666105270385742,58.66778945922851,25,0.4999999999999999,0.8660254037844387,0.0,16.666105270385742,1,2,2025
2025-01-26,Deccan Plateau,17.8,78.5,0.0,45,48,33.264835357666016,10,11,15.94947624206543,10,11,17.315359115600586,57.36928176879883,26,0.4999999999999999,0.8660254037844387,0.0,17.315359115600586,1,2,2025
2025-01-27,Deccan Plateau,17.8,78.5,0.0,45,48,33.29903030395508,10,11,16.4476261138916,10,11,16.851404190063477,58.29719161987305,27,0.4999999999999999,0.8660254037844387,0.0,16.851404190063477,1,2,2025
2025-01-28,Deccan Plateau,17.8,78.5,0.0,45,48,32.97359848022461,10,11,16.844423294067383,10,11,16.129175186157227,59.74164962768555,28,0.4999999999999999,0.8660254037844387,0.0,16.129175186157227,1,2,2025
2025-01-29,Deccan Plateau,17.8,78.5,0.0,45,48,32.1999397277832,10,11,18.251710891723633,10,11,13.94822883605957,64.10354232788086,29,0.4999999999999999,0.8660254037844387,0.0,13.94822883605957,1,2,2025
2025-01-30,Deccan Plateau,17.8,78.5,0.0,45,48,32.05867385864258,10,11,18.06579208374023,10,11,13.992881774902347,64.01423645019531,30,0.4999999999999999,0.8660254037844387,0.0,13.992881774902347,1,2,2025
2025-01-31,Deccan Plateau,17.8,78.5,0.0,45,48,34.00712966918945,10,11,17.224979400634766,10,11,16.782150268554688,58.435699462890625,31,0.4999999999999999,0.8660254037844387,0.0,16.782150268554688,1,2,2025
2025-02-01,Deccan Plateau,17.8,78.5,0.0,45,48,34.12730407714844,10,11,18.144939422607425,10,11,15.982364654541012,60.035270690917976,32,0.8660254037844386,0.5000000000000001,0.0,15.982364654541012,1,2,2025
2025-02-02,Deccan Plateau,17.8,78.5,0.0,45,48,34.33600997924805,10,11,18.40147399902344,10,11,15.934535980224606,60.13092803955079,33,0.8660254037844386,0.5000000000000001,0.0,15.934535980224606,1,2,2025
2025-02-03,Deccan Plateau,17.8,78.5,0.0,45,48,35.15229034423828,10,11,17.972043991088867,10,11,17.180246353149414,57.63950729370117,34,0.8660254037844386,0.5000000000000001,0.0,17.180246353149414,1,2,2025
2025-02-04,Deccan Plateau,17.8,78.5,0.0,45,48,35.41914749145508,10,11,17.58818244934082,10,11,17.830965042114258,56.33806991577149,35,0.8660254037844386,0.5000000000000001,0.0,17.830965042114258,1,2,2025
2025-02-05,Deccan Plateau,17.8,78.5,0.0,45,48,35.027435302734375,10,11,18.40193748474121,10,11,16.625497817993164,58.74900436401367,36,0.8660254037844386,0.5000000000000001,0.0,16.625497817993164,1,2,2025
2025-02-06,Deccan Plateau,17.8,78.5,0.0,45,48,34.392574310302734,10,11,19.53546142578125,10,11,14.857112884521484,62.28577423095703,37,0.8660254037844386,0.5000000000000001,0.0,14.857112884521484,1,2,2025
2025-02-07,Deccan Plateau,17.8,78.5,0.0,45,48,34.00575256347656,10,11,19.316177368164062,10,11,14.6895751953125,62.620849609375,38,0.8660254037844386,0.5000000000000001,0.0,14.6895751953125,1,2,2025
2025-02-08,Deccan Plateau,17.8,78.5,0.0,45,48,34.311832427978516,10,11,19.329843521118164,10,11,14.981988906860352,62.0360221862793,39,0.8660254037844386,0.5000000000000001,0.0,14.981988906860352,1,2,2025
2025-02-09,Deccan Plateau,17.8,78.5,0.0,45,48,33.9686279296875,10,11,19.364084243774418,10,11,14.604543685913082,62.790912628173835,40,0.8660254037844386,0.5000000000000001,0.0,14.604543685913082,1,2,2025
2025-02-10,Deccan Plateau,17.8,78.5,0.0,45,48,33.663970947265625,10,11,19.77482795715332,10,11,13.889142990112305,64.22171401977539,41,0.8660254037844386,0.5000000000000001,0.0,13.889142990112305,1,2,2025
2025-02-11,Deccan Plateau,17.8,78.5,0.0,45,48,34.33832931518555,10,11,19.99630355834961,10,11,14.342025756835938,63.315948486328125,42,0.8660254037844386,0.5000000000000001,0.0,14.342025756835938,1,2,2025
2025-02-12,Deccan Plateau,17.8,78.5,0.0,45,48,35.402374267578125,10,11,19.461992263793945,10,11,15.94038200378418,60.11923599243164,43,0.8660254037844386,0.5000000000000001,0.0,15.94038200378418,1,2,2025
2025-02-13,Deccan Plateau,17.8,78.5,0.0,45,48,35.236480712890625,10,11,19.04877662658691,10,11,16.187704086303714,59.62459182739257,44,0.8660254037844386,0.5000000000000001,0.0,16.187704086303714,1,2,2025
2025-02-14,Deccan Plateau,17.8,78.5,0.0,45,48,34.71011734008789,10,11,18.2681884765625,10,11,16.44192886352539,59.11614227294922,45,0.8660254037844386,0.5000000000000001,0.0,16.44192886352539,1,2,2025
2025-02-15,Deccan Plateau,17.8,78.5,0.0,45,48,35.00746536254883,10,11,16.97893524169922,10,11,18.02853012084961,55.94293975830078,46,0.8660254037844386,0.5000000000000001,0.0,18.02853012084961,1,2,2025
2025-02-16,Deccan Plateau,17.8,78.5,0.0,45,48,35.70054626464844,10,11,16.988317489624023,10,11,18.712228775024418,54.57554244995117,47,0.8660254037844386,0.5000000000000001,0.0,18.712228775024418,1,2,2025
2025-02-17,Deccan Plateau,17.8,78.5,0.0,45,48,35.13491439819336,10,11,18.5667724609375,10,11,16.56814193725586,58.86371612548828,48,0.8660254037844386,0.5000000000000001,0.0,16.56814193725586,1,2,2025
2025-02-18,Deccan Plateau,17.8,78.5,0.0,45,48,35.3377571105957,10,11,19.54446792602539,10,11,15.793289184570312,60.413421630859375,49,0.8660254037844386,0.5000000000000001,0.0,15.793289184570312,1,2,2025
2025-02-19,Deccan Plateau,17.8,78.5,0.0,45,48,35.4980354309082,10,11,20.322526931762695,10,11,15.175508499145508,61.648983001708984,50,0.8660254037844386,0.5000000000000001,0.0,15.175508499145508,1,2,2025
2025-02-20,Deccan Plateau,17.8,78.5,0.0,45,48,35.1305046081543,10,11,20.90598487854004,10,11,14.224519729614258,63.55096054077149,51,0.8660254037844386,0.5000000000000001,0.0,14.224519729614258,1,2,2025
2025-02-21,Deccan Plateau,17.8,78.5,0.0,45,48,34.86784362792969,10,11,21.304777145385746,10,11,13.563066482543942,64.87386703491211,52,0.8660254037844386,0.5000000000000001,0.0,13.563066482543942,1,2,2025
2025-02-22,Deccan Plateau,17.8,78.5,0.0,45,48,34.99839782714844,10,11,20.166868209838867,10,11,14.83152961730957,62.33694076538086,53,0.8660254037844386,0.5000000000000001,0.0,14.83152961730957,1,2,2025
2025-02-23,Deccan Plateau,17.8,78.5,0.0,45,48,34.808143615722656,10,11,18.987140655517575,10,11,15.821002960205082,60.35799407958984,54,0.8660254037844386,0.5000000000000001,0.0,15.821002960205082,1,2,2025
2025-02-24,Deccan Plateau,17.8,78.5,0.0,45,48,34.99733352661133,10,11,18.605619430541992,10,11,16.391714096069336,59.21657180786133,55,0.8660254037844386,0.5000000000000001,0.0,16.391714096069336,1,2,2025
2025-02-25,Deccan Plateau,17.8,78.5,0.0,45,48,34.085479736328125,10,11,19.76508522033691,10,11,14.320394515991214,63.35921096801757,56,0.8660254037844386,0.5000000000000001,0.0,14.320394515991214,1,2,2025
2025-02-26,Deccan Plateau,17.8,78.5,0.0,45,48,34.00075149536133,10,11,19.977460861206055,10,11,14.023290634155272,63.95341873168945,57,0.8660254037844386,0.5000000000000001,0.0,14.023290634155272,1,2,2025
2025-02-27,Deccan Plateau,17.8,78.5,0.0,45,48,34.13707733154297,10,11,19.859006881713867,10,11,14.278070449829102,63.4438591003418,58,0.8660254037844386,0.5000000000000001,0.0,14.278070449829102,1,2,2025
2025-02-28,Deccan Plateau,17.8,78.5,0.0,45,48,34.583736419677734,10,11,20.31692123413086,10,11,14.266815185546877,63.46636962890625,59,0.8660254037844386,0.5000000000000001,0.0,14.266815185546877,1,2,2025
2025-03-01,Deccan Plateau,17.8,78.5,0.0,45,48,35.05210494995117,10,11,20.49785041809082,10,11,14.554254531860352,62.8914909362793,60,1.0,6.123233995736766e-17,0.0,14.554254531860352,1,2,2025
2025-03-02,Deccan Plateau,17.8,78.5,0.0,45,48,36.0418701171875,10,11,20.524263381958008,10,11,15.517606735229492,60.964786529541016,61,1.0,6.123233995736766e-17,0.0,15.517606735229492,1,2,2025
2025-03-03,Deccan Plateau,17.8,78.5,0.0,45,48,37.133670806884766,10,11,20.587656021118164,10,11,16.5460147857666,58.9079704284668,62,1.0,6.123233995736766e-17,0.0,16.5460147857666,1,2,2025
2025-03-04,Deccan Plateau,17.8,78.5,0.0,45,48,37.552490234375,10,11,20.397964477539062,10,11,17.154525756835938,57.690948486328125,63,1.0,6.123233995736766e-17,0.0,17.154525756835938,1,2,2025
2025-03-05,Deccan Plateau,17.8,78.5,0.0,45,48,35.56740188598633,10,11,20.87592315673828,10,11,14.691478729248049,62.617042541503906,64,1.0,6.123233995736766e-17,0.0,14.691478729248049,1,2,2025
2025-03-06,Deccan Plateau,17.8,78.5,0.0,45,48,34.84220886230469,10,11,17.572603225708008,10,11,17.26960563659668,57.46078872680664,65,1.0,6.123233995736766e-17,0.0,17.26960563659668,1,2,2025
2025-03-07,Deccan Plateau,17.8,78.5,0.0,45,48,36.076263427734375,10,11,15.380474090576172,10,11,20.695789337158203,50.608421325683594,66,1.0,6.123233995736766e-17,0.0,20.695789337158203,1,2,2025
2025-03-08,Deccan Plateau,17.8,78.5,0.0,45,48,36.791690826416016,10,11,17.340343475341797,10,11,19.45134735107422,53.09730529785156,67,1.0,6.123233995736766e-17,0.0,19.45134735107422,1,2,2025
2025-03-09,Deccan Plateau,17.8,78.5,0.0,45,48,35.78382873535156,10,11,19.73106384277344,10,11,16.05276489257812,59.89447021484376,68,1.0,6.123233995736766e-17,0.0,16.05276489257812,1,2,2025
2025-03-10,Deccan Plateau,17.8,78.5,0.0,45,48,34.33789825439453,10,11,20.481184005737305,10,11,13.856714248657228,64.28657150268555,69,1.0,6.123233995736766e-17,0.0,13.856714248657228,1,2,2025
2025-03-11,Deccan Plateau,17.8,78.5,0.0,45,48,35.45868682861328,10,11,20.854883193969727,10,11,14.603803634643556,62.79239273071289,70,1.0,6.123233995736766e-17,0.0,14.603803634643556,1,2,2025
2025-03-12,Deccan Plateau,17.8,78.5,0.0,45,48,37.45881652832031,10,11,20.69463348388672,10,11,16.764183044433594,58.47163391113281,71,1.0,6.123233995736766e-17,0.0,16.764183044433594,1,2,2025
2025-03-13,Deccan Plateau,17.8,78.5,0.0,45,48,38.41532516479492,10,11,22.06490898132324,10,11,16.350416183471683,59.29916763305663,72,1.0,6.123233995736766e-17,0.0,16.350416183471683,1,2,2025
2025-03-14,Deccan Plateau,17.8,78.5,0.0,45,48,38.917762756347656,10,11,22.8614444732666,10,11,16.056318283081055,59.88736343383789,73,1.0,6.123233995736766e-17,0.0,16.056318283081055,1,2,2025
2025-03-15,Deccan Plateau,17.8,78.5,0.0,45,48,38.1784553527832,10,11,22.653696060180664,10,11,15.52475929260254,60.95048141479492,74,1.0,6.123233995736766e-17,0.0,15.52475929260254,1,2,2025
2025-03-16,Deccan Plateau,17.8,78.5,0.0,45,48,38.853553771972656,10,11,22.186559677124023,10,11,16.666994094848633,58.666011810302734,75,1.0,6.123233995736766e-17,0.0,16.666994094848633,1,2,2025
2025-03-17,Deccan Plateau,17.8,78.5,0.0,45,48,38.4533576965332,10,11,21.454437255859375,10,11,16.998920440673828,58.002159118652344,76,1.0,6.123233995736766e-17,0.0,16.998920440673828,1,2,2025
2025-03-18,Deccan Plateau,17.8,78.5,0.0,45,48,38.27472305297851,10,11,22.42116928100586,10,11,15.85355377197265,60.2928924560547,77,1.0,6.123233995736766e-17,0.0,15.85355377197265,1,2,2025
2025-03-19,Deccan Plateau,17.8,78.5,0.0,45,48,37.47551727294922,10,11,22.704076766967773,10,11,14.771440505981444,62.45711898803711,78,1.0,6.123233995736766e-17,0.0,14.771440505981444,1,2,2025
2025-03-20,Deccan Plateau,17.8,78.5,0.0,45,48,36.895145416259766,10,11,23.000343322753903,10,11,13.894802093505865,64.21039581298828,79,1.0,6.123233995736766e-17,0.0,13.894802093505865,1,2,2025
2025-03-21,Deccan Plateau,17.8,78.5,0.0,45,48,36.26738739013672,10,11,23.42588996887207,10,11,12.841497421264648,66.3170051574707,80,1.0,6.123233995736766e-17,0.0,12.841497421264648,1,2,2025
2025-03-22,Deccan Plateau,17.8,78.5,21.21091079711914,45,48,35.64527893066406,10,11,22.255661010742188,10,11,13.389617919921877,74.52251509662777,81,1.0,6.123233995736766e-17,3.1005836454905085,13.389617919921877,1,2,2025
2025-03-23,Deccan Plateau,17.8,78.5,3.908894062042236,45,48,35.913185119628906,10,11,23.71088218688965,10,11,12.202302932739258,72.36854015798866,82,1.0,6.123233995736766e-17,1.5910486744890606,12.202302932739258,1,2,2025
2025-03-24,Deccan Plateau,17.8,78.5,0.0,45,48,35.89644241333008,10,11,23.82582092285156,10,11,12.07062149047852,67.85875701904297,83,1.0,6.123233995736766e-17,0.0,12.07062149047852,1,2,2025
2025-03-25,Deccan Plateau,17.8,78.5,0.0,45,48,36.86404800415039,10,11,23.12122344970703,10,11,13.74282455444336,64.51435089111328,84,1.0,6.123233995736766e-17,0.0,13.74282455444336,1,2,2025
2025-03-26,Deccan Plateau,17.8,78.5,0.0,45,48,37.51008987426758,10,11,22.888166427612305,10,11,14.621923446655272,62.75615310668945,85,1.0,6.123233995736766e-17,0.0,14.621923446655272,1,2,2025
2025-03-27,Deccan Plateau,17.8,78.5,0.0,45,48,38.523780822753906,10,11,23.340614318847656,10,11,15.18316650390625,61.6336669921875,86,1.0,6.123233995736766e-17,0.0,15.18316650390625,1,2,2025
2025-03-28,Deccan Plateau,17.8,78.5,0.0,45,48,39.38396453857422,10,11,23.667264938354492,10,11,15.716699600219728,60.56660079956055,87,1.0,6.123233995736766e-17,0.0,15.716699600219728,1,2,2025
2025-03-29,Deccan Plateau,17.8,78.5,0.0,45,48,39.00345993041992,10,11,24.847702026367188,10,11,14.155757904052734,63.68848419189453,88,1.0,6.123233995736766e-17,0.0,14.155757904052734,1,2,2025
2025-03-30,Deccan Plateau,17.8,78.5,0.0,45,48,38.82828903198242,10,11,24.441823959350582,10,11,14.38646507263184,63.22706985473632,89,1.0,6.123233995736766e-17,0.0,14.38646507263184,1,2,2025
2025-03-31,Deccan Plateau,17.8,78.5,0.0,45,48,37.637332916259766,10,11,24.346519470214844,10,11,13.290813446044922,65.41837310791016,90,1.0,6.123233995736766e-17,0.0,13.290813446044922,1,2,2025
2025-04-01,Deccan Plateau,17.8,78.5,0.0,45,48,36.718109130859375,10,11,23.71250915527344,10,11,13.005599975585934,65.98880004882812,91,0.8660254037844387,-0.4999999999999998,0.0,13.005599975585934,1,2,2025
2025-04-02,Deccan Plateau,17.8,78.5,0.0,45,48,35.43198013305664,10,11,23.42793655395508,10,11,12.00404357910156,67.99191284179688,92,0.8660254037844387,-0.4999999999999998,0.0,12.00404357910156,1,2,2025
2025-04-03,Deccan Plateau,17.8,78.5,0.0,45,48,35.75596237182617,10,11,24.837919235229492,10,11,10.91804313659668,70.16391372680664,93,0.8660254037844387,-0.4999999999999998,0.0,10.91804313659668,1,2,2025
2025-04-04,Deccan Plateau,17.8,78.5,23.847986221313477,45,48,35.3453254699707,10,11,22.169851303100582,10,11,13.17547416687012,75.2873818019215,94,0.8660254037844387,-0.4999999999999998,3.2127767118872415,13.17547416687012,1,2,2025
2025-04-05,Deccan Plateau,17.8,78.5,0.0,45,48,37.42571640014648,10,11,23.548173904418945,10,11,13.877542495727532,64.24491500854494,95,0.8660254037844387,-0.4999999999999998,0.0,13.877542495727532,1,2,2025
2025-04-06,Deccan Plateau,17.8,78.5,0.0,45,48,38.86909484863281,10,11,24.329944610595703,10,11,14.53915023803711,62.92169952392578,96,0.8660254037844387,-0.4999999999999998,0.0,14.53915023803711,1,2,2025
2025-04-07,Deccan Plateau,17.8,78.5,0.0,45,48,39.23380279541016,10,11,24.061939239501953,10,11,15.17186355590821,61.65627288818358,97,0.8660254037844387,-0.4999999999999998,0.0,15.17186355590821,1,2,2025
2025-04-08,Deccan Plateau,17.8,78.5,0.0,45,48,38.12717819213867,10,11,24.214929580688477,10,11,13.912248611450195,64.17550277709961,98,0.8660254037844387,-0.4999999999999998,0.0,13.912248611450195,1,2,2025
2025-04-09,Deccan Plateau,17.8,78.5,0.0,45,48,38.04520034790039,10,11,23.02878761291504,10,11,15.016412734985352,61.9671745300293,99,0.8660254037844387,-0.4999999999999998,0.0,15.016412734985352,1,2,2025
2025-04-10,Deccan Plateau,17.8,78.5,0.0,45,48,39.07868194580078,10,11,24.784896850585938,10,11,14.293785095214844,63.41242980957031,100,0.8660254037844387,-0.4999999999999998,0.0,14.293785095214844,1,2,2025
2025-04-11,Deccan Plateau,17.8,78.5,0.0,45,48,38.72210693359375,10,11,23.556171417236328,10,11,15.165935516357422,61.66812896728515,101,0.8660254037844387,-0.4999999999999998,0.0,15.165935516357422,1,2,2025
2025-04-12,Deccan Plateau,17.8,78.5,0.0,45,48,39.53392791748047,10,11,24.703372955322266,10,11,14.830554962158203,62.338890075683594,102,0.8660254037844387,-0.4999999999999998,0.0,14.830554962158203,1,2,2025
2025-04-13,Deccan Plateau,17.8,78.5,0.0,45,48,39.28675079345703,10,11,24.61354637145996,10,11,14.67320442199707,62.65359115600586,103,0.8660254037844387,-0.4999999999999998,0.0,14.67320442199707,1,2,2025
2025-04-14,Deccan Plateau,17.8,78.5,0.0,45,48,38.81624603271485,10,11,23.284839630126953,10,11,15.531406402587898,60.937187194824205,104,0.8660254037844387,-0.4999999999999998,0.0,15.531406402587898,1,2,2025
2025-04-15,Deccan Plateau,17.8,78.5,0.0,45,48,39.21051788330078,10,11,24.483278274536133,10,11,14.727239608764648,62.5455207824707,105,0.8660254037844387,-0.4999999999999998,0.0,14.727239608764648,1,2,2025
2025-04-16,Deccan Plateau,17.8,78.5,0.0,45,48,38.23173904418945,10,11,23.111160278320312,10,11,15.12057876586914,61.75884246826172,106,0.8660254037844387,-0.4999999999999998,0.0,15.12057876586914,1,2,2025
2025-04-17,Deccan Plateau,17.8,78.5,0.0,45,48,38.23401641845703,10,11,25.173547744750977,10,11,13.060468673706056,65.87906265258789,107,0.8660254037844387,-0.4999999999999998,0.0,13.060468673706056,1,2,2025
2025-04-18,Deccan Plateau,17.8,78.5,0.0,45,48,38.96077728271485,10,11,25.815956115722656,10,11,13.144821166992196,65.71035766601561,108,0.8660254037844387,-0.4999999999999998,0.0,13.144821166992196,1,2,2025
2025-04-19,Deccan Plateau,17.8,78.5,2.28239107131958,45,48,39.467769622802734,10,11,25.287939071655273,10,11,14.17983055114746,67.2060553236266,109,0.8660254037844387,-0.4999999999999998,1.188572141973842,14.17983055114746,1,2,2025
2025-04-20,Deccan Plateau,17.8,78.5,0.4724301695823669,45,48,40.58799743652344,10,11,26.47431373596191,10,11,14.113683700561529,64.9333752360321,110,0.8660254037844387,-0.4999999999999998,0.3869142123850508,14.113683700561529,1,2,2025
2025-04-21,Deccan Plateau,17.8,78.5,0.0,45,48,40.42155838012695,10,11,25.87527084350586,10,11,14.546287536621094,62.90742492675781,111,0.8660254037844387,-0.4999999999999998,0.0,14.546287536621094,1,2,2025
2025-04-22,Deccan Plateau,17.8,78.5,7.162082195281982,45,48,41.42073440551758,10,11,26.844945907592773,10,11,14.575788497924805,69.14692092639801,112,0.8660254037844387,-0.4999999999999998,2.0994993074158748,14.575788497924805,1,2,2025
2025-04-23,Deccan Plateau,17.8,78.5,0.0,45,48,41.85562896728515,10,11,26.583250045776367,10,11,15.272378921508782,61.45524215698243,113,0.8660254037844387,-0.4999999999999998,0.0,15.272378921508782,1,2,2025
2025-04-24,Deccan Plateau,17.8,78.5,0.0,45,48,41.63621139526367,10,11,26.452863693237305,10,11,15.183347702026367,61.633304595947266,114,0.8660254037844387,-0.4999999999999998,0.0,15.183347702026367,1,2,2025
2025-04-25,Deccan Plateau,17.8,78.5,0.0,45,48,40.654666900634766,10,11,26.71136474609375,10,11,13.943302154541016,64.11339569091797,115,0.8660254037844387,-0.4999999999999998,0.0,13.943302154541016,1,2,2025
2025-04-26,Deccan Plateau,17.8,78.5,0.0,45,48,39.724151611328125,10,11,25.55328941345215,10,11,14.170862197875977,63.65827560424805,116,0.8660254037844387,-0.4999999999999998,0.0,14.170862197875977,1,2,2025
2025-04-27,Deccan Plateau,17.8,78.5,0.0,45,48,37.48358154296875,10,11,25.51303482055664,10,11,11.97054672241211,68.05890655517578,117,0.8660254037844387,-0.4999999999999998,0.0,11.97054672241211,1,2,2025
2025-04-28,Deccan Plateau,17.8,78.5,0.0,45,48,39.12118911743164,10,11,25.26565933227539,10,11,13.85552978515625,64.2889404296875,118,0.8660254037844387,-0.4999999999999998,0.0,13.85552978515625,1,2,2025
2025-04-29,Deccan Plateau,17.8,78.5,0.0,45,48,39.84980392456055,10,11,26.33184242248535,10,11,13.517961502075195,64.96407699584961,119,0.8660254037844387,-0.4999999999999998,0.0,13.517961502075195,1,2,2025
2025-04-30,Deccan Plateau,17.8,78.5,1.8660976886749268,45,48,40.878170013427734,10,11,26.436851501464844,10,11,14.44131851196289,66.2762172186642,120,0.8660254037844387,-0.4999999999999998,1.0529514141966596,14.44131851196289,1,2,2025
2025-05-01,Deccan Plateau,17.8,78.5,0.0,45,48,39.8204460144043,10,11,25.863664627075195,10,11,13.956781387329102,64.0864372253418,121,0.4999999999999999,-0.8660254037844387,0.0,13.956781387329102,1,2,2025
2025-05-02,Deccan Plateau,17.8,78.5,0.0,45,48,39.81146240234375,10,11,24.6533145904541,10,11,15.158147811889648,61.6837043762207,122,0.4999999999999999,-0.8660254037844387,0.0,15.158147811889648,1,2,2025
2025-05-03,Deccan Plateau,17.8,78.5,0.3263717293739319,45,48,40.99036407470703,10,11,26.1037654876709,10,11,14.886598587036133,63.07414440003903,123,0.4999999999999999,-0.8660254037844387,0.2824471913704332,14.886598587036133,1,2,2025
2025-05-04,Deccan Plateau,17.8,78.5,0.0,45,48,38.962947845458984,10,11,26.33073616027832,10,11,12.632211685180664,66.73557662963867,124,0.4999999999999999,-0.8660254037844387,0.0,12.632211685180664,1,2,2025
2025-05-05,Deccan Plateau,17.8,78.5,2.6244869232177734,45,48,40.72362518310547,10,11,24.251155853271484,10,11,16.472469329833984,62.918199559931374,125,0.4999999999999999,-0.8660254037844387,1.2877127398664472,16.472469329833984,1,2,2025
2025-05-06,Deccan Plateau,17.8,78.5,1.033510446548462,45,48,38.797271728515625,10,11,23.73472595214844,10,11,15.062545776367184,64.00419919799857,126,0.4999999999999999,-0.8660254037844387,0.7097635835776471,15.062545776367184,1,2,2025
2025-05-07,Deccan Plateau,17.8,78.5,10.151429176330566,45,48,38.50421524047851,10,11,23.87846946716309,10,11,14.62574577331542,69.98321145419368,127,0.4999999999999999,-0.8660254037844387,2.411567666941504,14.62574577331542,1,2,2025
2025-05-08,Deccan Plateau,17.8,78.5,0.0,45,48,38.52479934692383,10,11,25.5668888092041,10,11,12.957910537719728,66.08417892456055,128,0.4999999999999999,-0.8660254037844387,0.0,12.957910537719728,1,2,2025
2025-05-09,Deccan Plateau,17.8,78.5,0.0,45,48,38.870391845703125,10,11,24.86821937561035,10,11,14.002172470092772,63.99565505981445,129,0.4999999999999999,-0.8660254037844387,0.0,14.002172470092772,1,2,2025
2025-05-10,Deccan Plateau,17.8,78.5,0.0,45,48,38.984039306640625,10,11,25.97107696533203,10,11,13.012962341308594,65.97407531738281,130,0.4999999999999999,-0.8660254037844387,0.0,13.012962341308594,1,2,2025
2025-05-11,Deccan Plateau,17.8,78.5,0.0,45,48,39.754520416259766,10,11,26.475505828857425,10,11,13.27901458740234,65.44197082519531,131,0.4999999999999999,-0.8660254037844387,0.0,13.27901458740234,1,2,2025
2025-05-12,Deccan Plateau,17.8,78.5,0.0,45,48,39.507049560546875,10,11,26.465351104736328,10,11,13.041698455810549,65.9166030883789,132,0.4999999999999999,-0.8660254037844387,0.0,13.041698455810549,1,2,2025
2025-05-13,Deccan Plateau,17.8,78.5,0.0,45,48,39.70774459838867,10,11,26.21343040466309,10,11,13.494314193725582,65.01137161254883,133,0.4999999999999999,-0.8660254037844387,0.0,13.494314193725582,1,2,2025
2025-05-14,Deccan Plateau,17.8,78.5,0.103830799460411,45,48,37.82561492919922,10,11,24.72270393371582,10,11,13.102910995483398,66.09053803328578,134,0.4999999999999999,-0.8660254037844387,0.0987866747508581,13.102910995483398,1,2,2025
2025-05-15,Deccan Plateau,17.8,78.5,5.9596710205078125,45,48,38.29597473144531,10,11,25.675634384155273,10,11,12.62034034729004,72.57971592360227,135,0.4999999999999999,-0.8660254037844387,1.9401322060607824,12.62034034729004,1,2,2025
2025-05-16,Deccan Plateau,17.8,78.5,4.548230171203613,45,48,37.18668365478515,10,11,24.50178337097168,10,11,12.68490028381347,71.77063639886698,136,0.4999999999999999,-0.8660254037844387,1.7134789888313091,12.68490028381347,1,2,2025
2025-05-17,Deccan Plateau,17.8,78.5,1.5645325183868408,45,48,36.92844009399414,10,11,24.435590744018555,10,11,12.492849349975586,69.83962992396552,137,0.4999999999999999,-0.8660254037844387,0.941776207972229,12.492849349975586,1,2,2025
2025-05-18,Deccan Plateau,17.8,78.5,0.0,45,48,37.46284866333008,10,11,25.285110473632812,10,11,12.177738189697266,67.64452362060547,138,0.4999999999999999,-0.8660254037844387,0.0,12.177738189697266,1,2,2025
2025-05-19,Deccan Plateau,17.8,78.5,0.0,45,48,36.185546875,10,11,24.908475875854492,10,11,11.277070999145508,69.44585800170898,139,0.4999999999999999,-0.8660254037844387,0.0,11.277070999145508,1,2,2025
2025-05-20,Deccan Plateau,17.8,78.5,0.0,45,48,35.93978500366211,10,11,25.990142822265625,10,11,9.949642181396484,72.10071563720703,140,0.4999999999999999,-0.8660254037844387,0.0,9.949642181396484,1,2,2025
2025-05-21,Deccan Plateau,17.8,78.5,4.334301471710205,45,48,32.60907745361328,10,11,24.385643005371097,10,11,8.223434448242184,80.5756049326461,141,0.4999999999999999,-0.8660254037844387,1.674157943043494,8.223434448242184,1,2,2025
2025-05-22,Deccan Plateau,17.8,78.5,60.92158126831055,45,48,33.11565399169922,10,11,23.688587188720703,10,11,9.427066802978516,85.52347269274593,142,0.4999999999999999,-0.8660254037844387,4.125868766234318,9.427066802978516,1,2,2025
2025-05-23,Deccan Plateau,17.8,78.5,2.3391103744506836,45,48,33.62385177612305,10,11,24.229949951171875,10,11,9.393901824951172,76.82930959976248,143,0.4999999999999999,-0.8660254037844387,1.2057044165549429,9.393901824951172,1,2,2025
2025-05-24,Deccan Plateau,17.8,78.5,1.2516260147094729,45,48,33.30446243286133,10,11,24.36964225769043,10,11,8.934820175170898,76.5653175349122,144,0.4999999999999999,-0.8660254037844387,0.8116526284179977,8.934820175170898,1,2,2025
2025-05-25,Deccan Plateau,17.8,78.5,6.8166985511779785,45,48,33.30149459838867,10,11,23.854297637939453,10,11,9.44719696044922,79.27439293487501,145,0.4999999999999999,-0.8660254037844387,2.056262285257818,9.44719696044922,1,2,2025
2025-05-26,Deccan Plateau,17.8,78.5,12.073590278625488,45,48,31.30181121826172,10,11,23.97653579711914,10,11,7.325275421142578,85.06123171589438,146,0.4999999999999999,-0.8660254037844387,2.5705941860598434,7.325275421142578,1,2,2025
2025-05-27,Deccan Plateau,17.8,78.5,0.104302167892456,45,48,32.82322311401367,10,11,24.18515396118164,10,11,8.638069152832031,75.02150253395473,147,0.4999999999999999,-0.8660254037844387,0.0992136132062628,8.638069152832031,1,2,2025
2025-05-28,Deccan Plateau,17.8,78.5,1.0902234315872192,45,48,31.950149536132812,10,11,23.428117752075195,10,11,8.522031784057617,77.16774932787007,148,0.4999999999999999,-0.8660254037844387,0.7372709653284355,8.522031784057617,1,2,2025
2025-05-29,Deccan Plateau,17.8,78.5,0.0,45,48,32.84503173828125,10,11,24.548234939575195,10,11,8.296796798706055,75.40640640258789,149,0.4999999999999999,-0.8660254037844387,0.0,8.296796798706055,1,2,2025
2025-05-30,Deccan Plateau,17.8,78.5,0.0,45,48,34.3752326965332,10,11,24.506486892700195,10,11,9.868745803833008,72.26250839233398,150,0.4999999999999999,-0.8660254037844387,0.0,9.868745803833008,1,2,2025
2025-05-31,Deccan Plateau,17.8,78.5,0.0,45,48,35.58940124511719,10,11,24.262622833251953,10,11,11.326778411865234,69.34644317626953,151,0.4999999999999999,-0.8660254037844387,0.0,11.326778411865234,1,2,2025
2025-06-01,Deccan Plateau,17.8,78.5,0.0,45,48,36.29115676879883,10,11,25.518552780151367,10,11,10.77260398864746,70.45479202270508,152,1.2246467991473532e-16,-1.0,0.0,10.77260398864746,1,2,2025
2025-06-02,Deccan Plateau,17.8,78.5,2.441885232925415,45,48,35.20533752441406,10,11,25.199357986450195,10,11,10.005979537963867,75.6960989863642,153,1.2246467991473532e-16,-1.0,1.2360193540973154,10.005979537963867,1,2,2025
2025-06-03,Deccan Plateau,17.8,78.5,0.2175811678171157,45,48,35.5184326171875,10,11,25.2010498046875,10,11,10.3173828125,71.95583309909205,154,1.2246467991473532e-16,-1.0,0.1968662413640153,10.3173828125,1,2,2025
2025-06-04,Deccan Plateau,17.8,78.5,1.1621036529541016,45,48,36.69532012939453,10,11,25.25244903564453,10,11,11.44287109375,71.42750279596436,155,1.2246467991473532e-16,-1.0,0.7710816611547869,11.44287109375,1,2,2025
2025-06-05,Deccan Plateau,17.8,78.5,0.2433717250823974,45,48,35.02891540527344,10,11,24.577465057373047,10,11,10.45145034790039,71.75057977197898,156,1.2246467991473532e-16,-1.0,0.2178268225932534,10.45145034790039,1,2,2025
2025-06-06,Deccan Plateau,17.8,78.5,0.1090223342180252,45,48,37.50148391723633,10,11,25.171096801757812,10,11,12.330387115478516,67.6496623107206,157,1.2246467991473532e-16,-1.0,0.1034788472258793,12.330387115478516,1,2,2025
2025-06-07,Deccan Plateau,17.8,78.5,4.763203144073486,45,48,38.11753845214844,10,11,25.998828887939453,10,11,12.118709564208984,73.01706113620912,158,1.2246467991473532e-16,-1.0,1.751493421542363,12.118709564208984,1,2,2025
2025-06-08,Deccan Plateau,17.8,78.5,2.677088737487793,45,48,37.68717956542969,10,11,25.813085556030273,10,11,11.874094009399414,72.15817598664951,159,1.2246467991473532e-16,-1.0,1.302121335149446,11.874094009399414,1,2,2025
2025-06-09,Deccan Plateau,17.8,78.5,0.0,45,48,32.246307373046875,10,11,24.692462921142575,10,11,7.5538444519043,76.8923110961914,160,1.2246467991473532e-16,-1.0,0.0,7.5538444519043,1,2,2025
2025-06-10,Deccan Plateau,17.8,78.5,0.0,45,48,32.50743103027344,10,11,23.79718780517578,10,11,8.710243225097656,74.57951354980469,161,1.2246467991473532e-16,-1.0,0.0,8.710243225097656,1,2,2025
2025-06-11,Deccan Plateau,17.8,78.5,0.9476962685585022,45,48,31.662315368652344,10,11,23.67546272277832,10,11,7.986852645874023,78.02623652854932,162,1.2246467991473532e-16,-1.0,0.666647273432455,7.986852645874023,1,2,2025
2025-06-12,Deccan Plateau,17.8,78.5,0.0,45,48,32.89514923095703,10,11,24.556232452392575,10,11,8.338916778564457,75.3221664428711,163,1.2246467991473532e-16,-1.0,0.0,8.338916778564457,1,2,2025
2025-06-13,Deccan Plateau,17.8,78.5,18.595928192138672,45,48,33.15071487426758,10,11,24.506513595581055,10,11,8.644201278686523,83.63756284069309,164,1.2246467991473532e-16,-1.0,2.9753217993553807,8.644201278686523,1,2,2025
2025-06-14,Deccan Plateau,17.8,78.5,0.0,45,48,33.41449737548828,10,11,25.215559005737305,10,11,8.198938369750977,75.60212326049805,165,1.2246467991473532e-16,-1.0,0.0,8.198938369750977,1,2,2025
2025-06-15,Deccan Plateau,17.8,78.5,0.0,45,48,32.66578674316406,10,11,24.798839569091797,10,11,7.866947174072266,76.26610565185547,166,1.2246467991473532e-16,-1.0,0.0,7.866947174072266,1,2,2025
2025-06-16,Deccan Plateau,17.8,78.5,0.0,45,48,32.41344451904297,10,11,24.09437561035156,10,11,8.31906890869141,75.36186218261719,167,1.2246467991473532e-16,-1.0,0.0,8.31906890869141,1,2,2025
2025-06-17,Deccan Plateau,17.8,78.5,2.007269859313965,45,48,34.76337432861328,10,11,24.422197341918945,10,11,10.341176986694336,74.62074395765838,168,1.2246467991473532e-16,-1.0,1.1010326436823488,10.341176986694336,1,2,2025
2025-06-18,Deccan Plateau,17.8,78.5,0.0,45,48,35.08168411254883,10,11,24.945064544677734,10,11,10.136619567871094,71.72676086425781,169,1.2246467991473532e-16,-1.0,0.0,10.136619567871094,1,2,2025
2025-06-19,Deccan Plateau,17.8,78.5,0.0,45,48,34.0322151184082,10,11,25.611093521118164,10,11,8.421121597290039,75.15775680541992,170,1.2246467991473532e-16,-1.0,0.0,8.421121597290039,1,2,2025
2025-06-20,Deccan Plateau,17.8,78.5,0.0,45,48,34.8620491027832,10,11,25.313825607299805,10,11,9.548223495483398,72.9035530090332,171,1.2246467991473532e-16,-1.0,0.0,9.548223495483398,1,2,2025
2025-06-21,Deccan Plateau,17.8,78.5,0.3263717293739319,45,48,35.5925178527832,10,11,25.008411407470703,10,11,10.5841064453125,71.6791286834863,172,1.2246467991473532e-16,-1.0,0.2824471913704332,10.5841064453125,1,2,2025
2025-06-22,Deccan Plateau,17.8,78.5,0.0,45,48,35.06357192993164,10,11,24.752779006958008,10,11,10.310792922973633,71.37841415405273,173,1.2246467991473532e-16,-1.0,0.0,10.310792922973633,1,2,2025
2025-06-23,Deccan Plateau,17.8,78.5,0.0,45,48,32.874752044677734,10,11,24.484018325805664,10,11,8.39073371887207,75.21853256225586,174,1.2246467991473532e-16,-1.0,0.0,8.39073371887207,1,2,2025
2025-06-24,Deccan Plateau,17.8,78.5,0.7395204305648804,45,48,31.794946670532227,10,11,24.24692726135254,10,11,7.548019409179688,78.56478956350021,175,1.2246467991473532e-16,-1.0,0.5536094606198637,7.548019409179688,1,2,2025
2025-06-25,Deccan Plateau,17.8,78.5,0.0,45,48,32.00076675415039,10,11,24.011140823364254,10,11,7.989625930786136,76.02074813842773,176,1.2246467991473532e-16,-1.0,0.0,7.989625930786136,1,2,2025
2025-06-26,Deccan Plateau,17.8,78.5,24.059926986694336,45,48,31.603431701660156,10,11,23.314443588256836,10,11,8.28898811340332,85.0858338809652,177,1.2246467991473532e-16,-1.0,3.2212700359239466,8.28898811340332,1,2,2025
2025-06-27,Deccan Plateau,17.8,78.5,0.0,45,48,33.909996032714844,10,11,23.493000030517575,10,11,10.41699600219727,71.16600799560547,178,1.2246467991473532e-16,-1.0,0.0,10.41699600219727,1,2,2025
2025-06-28,Deccan Plateau,17.8,78.5,0.0,45,48,34.39221954345703,10,11,24.191781997680664,10,11,10.200437545776367,71.59912490844727,179,1.2246467991473532e-16,-1.0,0.0,10.200437545776367,1,2,2025
2025-06-29,Deccan Plateau,17.8,78.5,0.0,45,48,32.828590393066406,10,11,25.039396286010746,10,11,7.7891941070556605,76.42161178588867,180,1.2246467991473532e-16,-1.0,0.0,7.7891941070556605,1,2,2025
2025-06-30,Deccan Plateau,17.8,78.5,1.142301082611084,45,48,30.59541130065918,10,11,23.1350154876709,10,11,7.460395812988281,79.36484994479585,181,1.2246467991473532e-16,-1.0,0.761880523590806,7.460395812988281,1,2,2025
2025-07-01,Deccan Plateau,17.8,78.5,49.17856979370117,45,48,28.47912216186523,10,11,22.522926330566406,10,11,5.956195831298825,91.83437245443712,182,-0.4999999999999998,-0.8660254037844388,3.9155880390115976,5.956195831298825,1,2,2025
2025-07-02,Deccan Plateau,17.8,78.5,13.875515937805176,45,48,28.23118782043457,10,11,22.215171813964844,10,11,6.016016006469727,88.0671178942345,183,-0.4999999999999998,-0.8660254037844388,2.699716635724652,6.016016006469727,1,2,2025
2025-07-03,Deccan Plateau,17.8,78.5,4.828185081481934,45,48,31.29947280883789,10,11,23.09506607055664,10,11,8.20440673828125,80.87930345879147,184,-0.4999999999999998,-0.8660254037844388,1.762705645117988,8.20440673828125,1,2,2025
2025-07-04,Deccan Plateau,17.8,78.5,0.0,45,48,32.05377960205078,10,11,23.62959671020508,10,11,8.4241828918457,75.1516342163086,185,-0.4999999999999998,-0.8660254037844388,0.0,8.4241828918457,1,2,2025
2025-07-05,Deccan Plateau,17.8,78.5,0.0,45,48,32.445125579833984,10,11,23.727291107177734,10,11,8.71783447265625,74.5643310546875,186,-0.4999999999999998,-0.8660254037844388,0.0,8.71783447265625,1,2,2025
2025-07-06,Deccan Plateau,17.8,78.5,0.0,45,48,31.94753074645996,10,11,23.867198944091797,10,11,8.080331802368164,75.83933639526367,187,-0.4999999999999998,-0.8660254037844388,0.0,8.080331802368164,1,2,2025
2025-07-07,Deccan Plateau,17.8,78.5,0.0,45,48,31.11105728149414,10,11,23.478443145751953,10,11,7.6326141357421875,76.73477172851562,188,-0.4999999999999998,-0.8660254037844388,0.0,7.6326141357421875,1,2,2025
2025-07-08,Deccan Plateau,17.8,78.5,0.3263717293739319,45,48,31.63705825805664,10,11,23.487472534179688,10,11,8.149585723876953,76.54817012635739,189,-0.4999999999999998,-0.8660254037844388,0.2824471913704332,8.149585723876953,1,2,2025
2025-07-09,Deccan Plateau,17.8,78.5,0.0,45,48,31.40467071533203,10,11,23.51960563659668,10,11,7.885065078735352,76.2298698425293,190,-0.4999999999999998,-0.8660254037844388,0.0,7.885065078735352,1,2,2025
2025-07-10,Deccan Plateau,17.8,78.5,0.0,45,48,32.30363845825195,10,11,23.60137176513672,10,11,8.702266693115234,74.59546661376953,191,-0.4999999999999998,-0.8660254037844388,0.0,8.702266693115234,1,2,2025
2025-07-11,Deccan Plateau,17.8,78.5,0.0,45,48,33.78179931640625,10,11,23.75297164916992,10,11,10.028827667236332,71.94234466552734,192,-0.4999999999999998,-0.8660254037844388,0.0,10.028827667236332,1,2,2025
2025-07-12,Deccan Plateau,17.8,78.5,0.0,45,48,33.61415100097656,10,11,24.010332107543945,10,11,9.603818893432615,72.79236221313477,193,-0.4999999999999998,-0.8660254037844388,0.0,9.603818893432615,1,2,2025
2025-07-13,Deccan Plateau,17.8,78.5,0.0,45,48,33.930904388427734,10,11,24.2816162109375,10,11,9.649288177490234,72.70142364501953,194,-0.4999999999999998,-0.8660254037844388,0.0,9.649288177490234,1,2,2025
2025-07-14,Deccan Plateau,17.8,78.5,0.0,45,48,34.788543701171875,10,11,24.565006256103516,10,11,10.22353744506836,71.55292510986328,195,-0.4999999999999998,-0.8660254037844388,0.0,10.22353744506836,1,2,2025
2025-07-15,Deccan Plateau,17.8,78.5,0.0,45,48,33.08852005004883,10,11,24.32509422302246,10,11,8.763425827026367,74.47314834594727,196,-0.4999999999999998,-0.8660254037844388,0.0,8.763425827026367,1,2,2025
2025-07-16,Deccan Plateau,17.8,78.5,0.3263717293739319,45,48,33.90764236450195,10,11,24.944541931152344,10,11,8.96310043334961,74.92114070741208,197,-0.4999999999999998,-0.8660254037844388,0.2824471913704332,8.96310043334961,1,2,2025
2025-07-17,Deccan Plateau,17.8,78.5,0.0,45,48,33.86720657348633,10,11,24.899940490722656,10,11,8.967266082763672,74.06546783447266,198,-0.4999999999999998,-0.8660254037844388,0.0,8.967266082763672,1,2,2025
2025-07-18,Deccan Plateau,17.8,78.5,7.982657432556152,45,48,32.40681838989258,10,11,23.857759475708008,10,11,8.54905891418457,81.48776947094383,199,-0.4999999999999998,-0.8660254037844388,2.1952957664376593,8.54905891418457,1,2,2025
2025-07-19,Deccan Plateau,17.8,78.5,18.81714630126953,45,48,33.3873291015625,10,11,23.582345962524418,10,11,9.804983139038082,81.3496763352405,200,-0.4999999999999998,-0.8660254037844388,2.9865475377722226,9.804983139038082,1,2,2025
2025-07-20,Deccan Plateau,17.8,78.5,4.41559362411499,45,48,32.84148406982422,10,11,23.88127326965332,10,11,8.960210800170898,79.14742590061766,201,-0.4999999999999998,-0.8660254037844388,1.6892825003198213,8.960210800170898,1,2,2025
2025-07-21,Deccan Plateau,17.8,78.5,0.0,45,48,31.640586853027344,10,11,24.189573287963867,10,11,7.451013565063477,77.09797286987305,202,-0.4999999999999998,-0.8660254037844388,0.0,7.451013565063477,1,2,2025
2025-07-22,Deccan Plateau,17.8,78.5,0.6527434587478638,45,48,30.948102951049805,10,11,23.136512756347656,10,11,7.811590194702148,77.88412943887015,203,-0.4999999999999998,-0.8660254037844388,0.5024366094248157,7.811590194702148,1,2,2025
2025-07-23,Deccan Plateau,17.8,78.5,26.47572898864746,45,48,28.69230079650879,10,11,23.173383712768555,10,11,5.518917083740234,90.90207493072909,204,-0.4999999999999998,-0.8660254037844388,3.313303032736512,5.518917083740234,1,2,2025
2025-07-24,Deccan Plateau,17.8,78.5,23.68807601928711,45,48,26.06771469116211,10,11,22.38731384277344,10,11,3.680400848388668,94.25815942767056,205,-0.4999999999999998,-0.8660254037844388,3.206320374815963,3.680400848388668,1,2,2025
2025-07-25,Deccan Plateau,17.8,78.5,9.63448715209961,45,48,28.19034194946289,10,11,22.79105758666992,10,11,5.399284362792972,88.29373794892744,206,-0.4999999999999998,-0.8660254037844388,2.3641022248377923,5.399284362792972,1,2,2025
2025-07-26,Deccan Plateau,17.8,78.5,15.997011184692385,45,48,26.545011520385746,10,11,22.570158004760746,10,11,3.974853515625,92.5494055165526,207,-0.4999999999999998,-0.8660254037844388,2.833037515934204,3.974853515625,1,2,2025
2025-07-27,Deccan Plateau,17.8,78.5,8.758363723754883,45,48,30.839731216430664,10,11,23.01192855834961,10,11,7.827802658081055,83.1787688891839,208,-0.4999999999999998,-0.8660254037844388,2.278124735115336,7.827802658081055,1,2,2025
2025-07-28,Deccan Plateau,17.8,78.5,0.0,45,48,31.289087295532227,10,11,23.322168350219727,10,11,7.9669189453125,76.066162109375,209,-0.4999999999999998,-0.8660254037844388,0.0,7.9669189453125,1,2,2025
2025-07-29,Deccan Plateau,17.8,78.5,0.0,45,48,30.77758026123047,10,11,23.78142738342285,10,11,6.996152877807617,78.00769424438477,210,-0.4999999999999998,-0.8660254037844388,0.0,6.996152877807617,1,2,2025
2025-07-30,Deccan Plateau,17.8,78.5,0.2175811678171157,45,48,29.85151100158691,10,11,23.471378326416016,10,11,6.380132675170895,79.83033337375025,211,-0.4999999999999998,-0.8660254037844388,0.1968662413640153,6.380132675170895,1,2,2025
2025-07-31,Deccan Plateau,17.8,78.5,7.185562610626221,45,48,32.07490921020508,10,11,23.539241790771484,10,11,8.535667419433594,81.23578099688534,212,-0.4999999999999998,-0.8660254037844388,2.102371945250842,8.535667419433594,1,2,2025
2025-08-01,Deccan Plateau,17.8,78.5,0.0,45,48,32.80491256713867,10,11,24.075538635253903,10,11,8.72937393188477,74.54125213623047,213,-0.8660254037844384,-0.5000000000000004,0.0,8.72937393188477,1,2,2025
2025-08-02,Deccan Plateau,17.8,78.5,0.0,45,48,32.817169189453125,10,11,23.848630905151367,10,11,8.968538284301758,74.06292343139648,214,-0.8660254037844384,-0.5000000000000004,0.0,8.968538284301758,1,2,2025
2025-08-03,Deccan Plateau,17.8,78.5,0.0,45,48,33.35791778564453,10,11,24.13444709777832,10,11,9.223470687866213,73.55305862426758,215,-0.8660254037844384,-0.5000000000000004,0.0,9.223470687866213,1,2,2025
2025-08-04,Deccan Plateau,17.8,78.5,0.0,45,48,33.74717330932617,10,11,23.98921585083008,10,11,9.75795745849609,72.48408508300781,216,-0.8660254037844384,-0.5000000000000004,0.0,9.75795745849609,1,2,2025
2025-08-05,Deccan Plateau,17.8,78.5,42.368309020996094,45,48,33.16057586669922,10,11,24.43556022644043,10,11,8.725015640258789,85.85915562194032,217,-0.8660254037844384,-0.5000000000000004,3.769728967485964,8.725015640258789,1,2,2025
2025-08-06,Deccan Plateau,17.8,78.5,34.333065032958984,45,48,33.65557098388672,10,11,24.367769241333008,10,11,9.287801742553713,84.1188541509175,218,-0.8660254037844384,-0.5000000000000004,3.564819212008306,9.287801742553713,1,2,2025
2025-08-07,Deccan Plateau,17.8,78.5,0.0,45,48,32.123844146728516,10,11,24.608442306518555,10,11,7.515401840209961,76.96919631958008,219,-0.8660254037844384,-0.5000000000000004,0.0,7.515401840209961,1,2,2025
2025-08-08,Deccan Plateau,17.8,78.5,31.345991134643555,45,48,29.820316314697266,10,11,21.896564483642575,10,11,7.923751831054691,86.58196661274654,220,-0.8660254037844384,-0.5000000000000004,3.4764900916186385,7.923751831054691,1,2,2025
2025-08-09,Deccan Plateau,17.8,78.5,0.0,45,48,30.90601348876953,10,11,23.465309143066406,10,11,7.440704345703125,77.11859130859375,221,-0.8660254037844384,-0.5000000000000004,0.0,7.440704345703125,1,2,2025
2025-08-10,Deccan Plateau,17.8,78.5,5.502081394195557,45,48,31.0257511138916,10,11,23.002965927124023,10,11,8.022785186767578,81.57079664687133,222,-0.8660254037844384,-0.5000000000000004,1.8721223401354972,8.022785186767578,1,2,2025
2025-08-11,Deccan Plateau,17.8,78.5,4.02468729019165,45,48,30.26140022277832,10,11,22.969812393188477,10,11,7.291587829589844,82.25991400442358,223,-0.8660254037844384,-0.5000000000000004,1.6143632212010903,7.291587829589844,1,2,2025
2025-08-12,Deccan Plateau,17.8,78.5,7.9148101806640625,45,48,29.62373161315918,10,11,22.463302612304688,10,11,7.160429000854492,84.2422838751673,224,-0.8660254037844384,-0.5000000000000004,2.187713958958761,7.160429000854492,1,2,2025
2025-08-13,Deccan Plateau,17.8,78.5,21.0259952545166,45,48,28.05695915222168,10,11,22.403091430664062,10,11,5.653867721557617,89.96893463176545,225,-0.8660254037844384,-0.5000000000000004,3.09222335829356,5.653867721557617,1,2,2025
2025-08-14,Deccan Plateau,17.8,78.5,0.2175811678171157,45,48,28.028989791870117,10,11,22.59044647216797,10,11,5.438543319702148,81.71351208468775,226,-0.8660254037844384,-0.5000000000000004,0.1968662413640153,5.438543319702148,1,2,2025
2025-08-15,Deccan Plateau,17.8,78.5,17.38212013244629,45,48,30.240537643432617,10,11,22.719715118408203,10,11,7.520822525024414,85.69249033068652,227,-0.8660254037844384,-0.5000000000000004,2.911378460245119,7.520822525024414,1,2,2025
2025-08-16,Deccan Plateau,17.8,78.5,5.426010608673096,45,48,27.994081497192383,10,11,22.94796371459961,10,11,5.046117782592773,87.48882616958656,228,-0.8660254037844384,-0.5000000000000004,1.8603539115907004,5.046117782592773,1,2,2025
2025-08-17,Deccan Plateau,17.8,78.5,0.9571016430854796,45,48,28.820404052734375,10,11,22.874984741210938,10,11,5.9454193115234375,82.12355525279176,229,-0.8660254037844384,-0.5000000000000004,0.6714646252795451,5.9454193115234375,1,2,2025
2025-08-18,Deccan Plateau,17.8,78.5,165.50811767578125,45,48,25.91816520690918,10,11,22.109638214111328,10,11,3.808526992797851,98.0,230,-0.8660254037844384,-0.5000000000000004,5.115044063041519,3.808526992797851,1,2,2025
2025-08-19,Deccan Plateau,17.8,78.5,27.976423263549805,45,48,26.469648361206055,10,11,22.132295608520508,10,11,4.337352752685547,93.42474201988308,231,-0.8660254037844384,-0.5000000000000004,3.366482508418061,4.337352752685547,1,2,2025
2025-08-20,Deccan Plateau,17.8,78.5,7.783110618591309,45,48,29.487794876098633,10,11,22.33354949951172,10,11,7.154245376586914,84.21000113526816,232,-0.8660254037844384,-0.5000000000000004,2.172830629480661,7.154245376586914,1,2,2025
2025-08-21,Deccan Plateau,17.8,78.5,0.0,45,48,30.920764923095703,10,11,22.620206832885746,10,11,8.300558090209957,75.39888381958008,233,-0.8660254037844384,-0.5000000000000004,0.0,8.300558090209957,1,2,2025
2025-08-22,Deccan Plateau,17.8,78.5,0.0,45,48,31.085275650024418,10,11,23.186717987060547,10,11,7.898557662963871,76.20288467407227,234,-0.8660254037844384,-0.5000000000000004,0.0,7.898557662963871,1,2,2025
2025-08-23,Deccan Plateau,17.8,78.5,0.0,45,48,31.29175567626953,10,11,22.84825134277344,10,11,8.44350433349609,75.11299133300781,235,-0.8660254037844384,-0.5000000000000004,0.0,8.44350433349609,1,2,2025
2025-08-24,Deccan Plateau,17.8,78.5,0.0,45,48,31.30618476867676,10,11,23.459291458129883,10,11,7.8468933105468786,76.30621337890625,236,-0.8660254037844384,-0.5000000000000004,0.0,7.8468933105468786,1,2,2025
2025-08-25,Deccan Plateau,17.8,78.5,0.0,45,48,31.690690994262695,10,11,22.812576293945312,10,11,8.878114700317383,74.24377059936523,237,-0.8660254037844384,-0.5000000000000004,0.0,8.878114700317383,1,2,2025
2025-08-26,Deccan Plateau,17.8,78.5,0.2175811678171157,45,48,28.876201629638672,10,11,23.62406349182129,10,11,5.252138137817383,82.08632244845728,238,-0.8660254037844384,-0.5000000000000004,0.1968662413640153,5.252138137817383,1,2,2025
2025-08-27,Deccan Plateau,17.8,78.5,65.59393310546875,45,48,26.596302032470703,10,11,22.593324661254883,10,11,4.00297737121582,96.58988569422188,239,-0.8660254037844384,-0.5000000000000004,4.198613478884505,4.00297737121582,1,2,2025
2025-08-28,Deccan Plateau,17.8,78.5,97.712158203125,45,48,27.031970977783203,10,11,22.390281677246097,10,11,4.641689300537106,96.49324576573169,240,-0.8660254037844384,-0.5000000000000004,4.5922081222686355,4.641689300537106,1,2,2025
2025-08-29,Deccan Plateau,17.8,78.5,0.5983482003211975,45,48,29.782367706298828,10,11,22.53544235229492,10,11,7.24692535400391,78.91306145553389,241,-0.8660254037844384,-0.5000000000000004,0.4689707211805691,7.24692535400391,1,2,2025
2025-08-30,Deccan Plateau,17.8,78.5,5.999826908111572,45,48,30.980548858642575,10,11,22.775100708007812,10,11,8.205448150634762,81.42675996274133,242,-0.8660254037844384,-0.5000000000000004,1.9458854213369532,8.205448150634762,1,2,2025
2025-08-31,Deccan Plateau,17.8,78.5,0.0,45,48,30.974388122558594,10,11,23.42972183227539,10,11,7.544666290283203,76.9106674194336,243,-0.8660254037844384,-0.5000000000000004,0.0,7.544666290283203,1,2,2025
2025-09-01,Deccan Plateau,17.8,78.5,0.0,45,48,29.70545959472656,10,11,22.95496940612793,10,11,6.750490188598629,78.49901962280273,244,-1.0,-1.8369701987210294e-16,0.0,6.750490188598629,1,2,2025
2025-09-02,Deccan Plateau,17.8,78.5,1.087905764579773,45,48,28.98578643798828,10,11,22.725133895874023,10,11,6.260652542114258,81.68717952705852,245,-1.0,-1.8369701987210294e-16,0.7361615370956781,6.260652542114258,1,2,2025
2025-09-03,Deccan Plateau,17.8,78.5,16.74234962463379,45,48,30.491313934326172,10,11,23.06389808654785,10,11,7.42741584777832,85.77303155228826,246,-1.0,-1.8369701987210294e-16,2.875954415948298,7.42741584777832,1,2,2025
2025-09-04,Deccan Plateau,17.8,78.5,0.5910455584526062,45,48,31.390066146850582,10,11,22.701190948486328,10,11,8.688875198364254,76.01542375542455,247,-1.0,-1.8369701987210294e-16,0.4643913840510195,8.688875198364254,1,2,2025
2025-09-05,Deccan Plateau,17.8,78.5,0.0,45,48,31.58342170715332,10,11,23.145299911499023,10,11,8.438121795654297,75.1237564086914,248,-1.0,-1.8369701987210294e-16,0.0,8.438121795654297,1,2,2025
2025-09-06,Deccan Plateau,17.8,78.5,0.70713871717453,45,48,32.19474792480469,10,11,23.416053771972656,10,11,8.778694152832031,76.04706780703559,249,-1.0,-1.8369701987210294e-16,0.5348187042332165,8.778694152832031,1,2,2025
2025-09-07,Deccan Plateau,17.8,78.5,0.0,45,48,32.04508590698242,10,11,22.65679931640625,10,11,9.388286590576172,73.22342681884766,250,-1.0,-1.8369701987210294e-16,0.0,9.388286590576172,1,2,2025
2025-09-08,Deccan Plateau,17.8,78.5,0.0,45,48,33.17599105834961,10,11,22.780738830566406,10,11,10.395252227783203,71.2094955444336,251,-1.0,-1.8369701987210294e-16,0.0,10.395252227783203,1,2,2025
2025-09-09,Deccan Plateau,17.8,78.5,0.0,45,48,33.47239303588867,10,11,23.239221572875977,10,11,10.233171463012695,71.53365707397461,252,-1.0,-1.8369701987210294e-16,0.0,10.233171463012695,1,2,2025
2025-09-10,Deccan Plateau,17.8,78.5,0.0,45,48,32.4819221496582,10,11,24.084627151489254,10,11,8.397294998168949,75.20541000366211,253,-1.0,-1.8369701987210294e-16,0.0,8.397294998168949,1,2,2025
2025-09-11,Deccan Plateau,17.8,78.5,0.3263717293739319,45,48,29.03119659423828,10,11,22.976537704467773,10,11,6.054658889770508,80.73802379457028,254,-1.0,-1.8369701987210294e-16,0.2824471913704332,6.054658889770508,1,2,2025
2025-09-12,Deccan Plateau,17.8,78.5,34.404273986816406,45,48,28.687015533447266,10,11,22.25182342529297,10,11,6.435192108154297,89.83011342451985,255,-1.0,-1.8369701987210294e-16,3.566832546942814,6.435192108154297,1,2,2025
2025-09-13,Deccan Plateau,17.8,78.5,3.908894062042236,45,48,29.31384658813477,10,11,23.216285705566406,10,11,6.097560882568363,84.57802425833046,256,-1.0,-1.8369701987210294e-16,1.5910486744890606,6.097560882568363,1,2,2025
2025-09-14,Deccan Plateau,17.8,78.5,29.00677490234375,45,48,30.878662109375,10,11,23.200551986694336,10,11,7.678110122680664,86.84804931337219,257,-1.0,-1.8369701987210294e-16,3.401423186244507,7.678110122680664,1,2,2025
2025-09-15,Deccan Plateau,17.8,78.5,24.003456115722656,45,48,31.243213653564453,10,11,23.28674697875977,10,11,7.956466674804684,85.74410883021721,258,-1.0,-1.8369701987210294e-16,3.219014059942199,7.956466674804684,1,2,2025
2025-09-16,Deccan Plateau,17.8,78.5,1.3054869174957275,45,48,30.332191467285156,10,11,23.265783309936523,10,11,7.066408157348633,80.37305937982049,259,-1.0,-1.8369701987210294e-16,0.8352918981725864,7.066408157348633,1,2,2025
2025-09-17,Deccan Plateau,17.8,78.5,0.0,45,48,30.96988868713379,10,11,23.370250701904297,10,11,7.599637985229492,76.80072402954102,260,-1.0,-1.8369701987210294e-16,0.0,7.599637985229492,1,2,2025
2025-09-18,Deccan Plateau,17.8,78.5,72.52703857421875,45,48,32.46411895751953,10,11,23.052827835083008,10,11,9.411291122436523,86.07037738611288,261,-1.0,-1.8369701987210294e-16,4.297653210328644,9.411291122436523,1,2,2025
2025-09-19,Deccan Plateau,17.8,78.5,11.182116508483888,45,48,32.388671875,10,11,23.308320999145508,10,11,9.080350875854492,81.33920529735627,262,-1.0,-1.8369701987210294e-16,2.4999690163550867,9.080350875854492,1,2,2025
2025-09-20,Deccan Plateau,17.8,78.5,0.0,45,48,32.86412811279297,10,11,23.71553421020508,10,11,9.148593902587889,73.70281219482422,263,-1.0,-1.8369701987210294e-16,0.0,9.148593902587889,1,2,2025
2025-09-21,Deccan Plateau,17.8,78.5,0.0,45,48,32.26058578491211,10,11,22.561460494995117,10,11,9.699125289916992,72.60174942016602,264,-1.0,-1.8369701987210294e-16,0.0,9.699125289916992,1,2,2025
2025-09-22,Deccan Plateau,17.8,78.5,51.89723587036133,45,48,31.08721351623535,10,11,22.43185234069824,10,11,8.655361175537113,86.59433090548886,265,-1.0,-1.8369701987210294e-16,3.9683510855210247,8.655361175537113,1,2,2025
2025-09-23,Deccan Plateau,17.8,78.5,58.51106643676758,45,48,29.371082305908203,10,11,22.787052154541016,10,11,6.5840301513671875,91.09042655463982,266,-1.0,-1.8369701987210294e-16,4.0861622857913975,6.5840301513671875,1,2,2025
2025-09-24,Deccan Plateau,17.8,78.5,0.0,45,48,30.65255546569824,10,11,22.20805549621582,10,11,8.444499969482418,75.11100006103516,267,-1.0,-1.8369701987210294e-16,0.0,8.444499969482418,1,2,2025
2025-09-25,Deccan Plateau,17.8,78.5,0.0,45,48,27.5019588470459,10,11,22.793500900268555,10,11,4.708457946777344,82.58308410644531,268,-1.0,-1.8369701987210294e-16,0.0,4.708457946777344,1,2,2025
2025-09-26,Deccan Plateau,17.8,78.5,27.50280380249023,45,48,26.70594596862793,10,11,21.656469345092773,10,11,5.049476623535156,91.95105413734105,269,-1.0,-1.8369701987210294e-16,3.3500024614704498,5.049476623535156,1,2,2025
2025-09-27,Deccan Plateau,17.8,78.5,10.490671157836914,45,48,26.2198543548584,10,11,21.865798950195312,10,11,4.354055404663086,90.61649569817116,270,-1.0,-1.8369701987210294e-16,2.441535502499109,4.354055404663086,1,2,2025
2025-09-28,Deccan Plateau,17.8,78.5,3.103274345397949,45,48,28.45572853088379,10,11,21.75257110595703,10,11,6.703157424926758,82.82904097757978,271,-1.0,-1.8369701987210294e-16,1.4117852758111,6.703157424926758,1,2,2025
2025-09-29,Deccan Plateau,17.8,78.5,0.0,45,48,31.23546028137207,10,11,21.83685874938965,10,11,9.398601531982422,73.20279693603516,272,-1.0,-1.8369701987210294e-16,0.0,9.398601531982422,1,2,2025
2025-09-30,Deccan Plateau,17.8,78.5,0.0,45,48,31.515844345092773,10,11,22.50648498535156,10,11,9.009359359741214,73.98128128051758,273,-1.0,-1.8369701987210294e-16,0.0,9.009359359741214,1,2,2025
2025-10-01,Deccan Plateau,17.8,78.5,0.0,45,48,31.537569046020508,10,11,22.406614303588867,10,11,9.13095474243164,73.73809051513672,274,-0.8660254037844386,0.5000000000000001,0.0,9.13095474243164,1,2,2025
2025-10-02,Deccan Plateau,17.8,78.5,0.0,45,48,30.37559509277344,10,11,22.91202735900879,10,11,7.463567733764652,77.0728645324707,275,-0.8660254037844386,0.5000000000000001,0.0,7.463567733764652,1,2,2025
2025-10-03,Deccan Plateau,17.8,78.5,0.0,45,48,31.87543487548828,10,11,22.80838966369629,10,11,9.067045211791992,73.86590957641602,276,-0.8660254037844386,0.5000000000000001,0.0,9.067045211791992,1,2,2025
2025-10-04,Deccan Plateau,17.8,78.5,0.0,45,48,32.65768051147461,10,11,23.21990966796875,10,11,9.43777084350586,73.12445831298828,277,-0.8660254037844386,0.5000000000000001,0.0,9.43777084350586,1,2,2025
2025-10-05,Deccan Plateau,17.8,78.5,0.0,45,48,31.39115333557129,10,11,23.25927734375,10,11,8.131875991821289,75.73624801635742,278,-0.8660254037844386,0.5000000000000001,0.0,8.131875991821289,1,2,2025
2025-10-06,Deccan Plateau,17.8,78.5,7.183592319488525,45,48,31.0811710357666,10,11,21.89986991882324,10,11,9.181301116943365,79.94379140533619,279,-0.8660254037844386,0.5000000000000001,2.1021312130743035,9.181301116943365,1,2,2025
2025-10-07,Deccan Plateau,17.8,78.5,0.0,45,48,31.648847579956055,10,11,22.29612159729004,10,11,9.352725982666016,73.29454803466797,280,-0.8660254037844386,0.5000000000000001,0.0,9.352725982666016,1,2,2025
2025-10-08,Deccan Plateau,17.8,78.5,0.0,45,48,32.68067169189453,10,11,22.805620193481445,10,11,9.875051498413086,72.24989700317383,281,-0.8660254037844386,0.5000000000000001,0.0,9.875051498413086,1,2,2025
2025-10-09,Deccan Plateau,17.8,78.5,0.0,45,48,32.339927673339844,10,11,22.713804244995117,10,11,9.626123428344728,72.74775314331055,282,-0.8660254037844386,0.5000000000000001,0.0,9.626123428344728,1,2,2025
2025-10-10,Deccan Plateau,17.8,78.5,0.0,45,48,32.4002571105957,10,11,21.853769302368164,10,11,10.54648780822754,70.90702438354492,283,-0.8660254037844386,0.5000000000000001,0.0,10.54648780822754,1,2,2025
2025-10-11,Deccan Plateau,17.8,78.5,0.0,45,48,32.27448272705078,10,11,21.16697120666504,10,11,11.107511520385742,69.78497695922852,284,-0.8660254037844386,0.5000000000000001,0.0,11.107511520385742,1,2,2025
2025-10-12,Deccan Plateau,17.8,78.5,0.0,45,48,32.33085632324219,10,11,20.920541763305664,10,11,11.410314559936523,69.17937088012695,285,-0.8660254037844386,0.5000000000000001,0.0,11.410314559936523,1,2,2025
2025-10-13,Deccan Plateau,17.8,78.5,0.0,45,48,29.576929092407227,10,11,21.865489959716797,10,11,7.71143913269043,76.57712173461914,286,-0.8660254037844386,0.5000000000000001,0.0,7.71143913269043,1,2,2025
2025-10-14,Deccan Plateau,17.8,78.5,0.0,45,48,31.211641311645508,10,11,22.07558250427246,10,11,9.136058807373049,73.7278823852539,287,-0.8660254037844386,0.5000000000000001,0.0,9.136058807373049,1,2,2025
2025-10-15,Deccan Plateau,17.8,78.5,0.0,45,48,32.317054748535156,10,11,22.729202270507812,10,11,9.587852478027344,72.82429504394531,288,-0.8660254037844386,0.5000000000000001,0.0,9.587852478027344,1,2,2025
2025-10-16,Deccan Plateau,17.8,78.5,0.0,45,48,32.30859375,10,11,21.971324920654297,10,11,10.337268829345703,71.3254623413086,289,-0.8660254037844386,0.5000000000000001,0.0,10.337268829345703,1,2,2025
2025-10-17,Deccan Plateau,17.8,78.5,0.0,45,48,32.45115280151367,10,11,21.9870548248291,10,11,10.46409797668457,71.07180404663086,290,-0.8660254037844386,0.5000000000000001,0.0,10.46409797668457,1,2,2025
2025-10-18,Deccan Plateau,17.8,78.5,0.0,45,48,32.10581588745117,10,11,21.86964988708496,10,11,10.236166000366213,71.52766799926758,291,-0.8660254037844386,0.5000000000000001,0.0,10.236166000366213,1,2,2025
2025-10-19,Deccan Plateau,17.8,78.5,0.0,45,48,31.566511154174805,10,11,21.884138107299805,10,11,9.682373046875,72.63525390625,292,-0.8660254037844386,0.5000000000000001,0.0,9.682373046875,1,2,2025
2025-10-20,Deccan Plateau,17.8,78.5,2.7659895420074463,45,48,31.426910400390625,10,11,22.222679138183594,10,11,9.204231262207031,77.56956943543017,293,-0.8660254037844386,0.5000000000000001,1.326010653281409,9.204231262207031,1,2,2025
2025-10-21,Deccan Plateau,17.8,78.5,0.0,45,48,31.81116104125977,10,11,22.408950805664062,10,11,9.402210235595708,73.1955795288086,294,-0.8660254037844386,0.5000000000000001,0.0,9.402210235595708,1,2,2025
2025-10-22,Deccan Plateau,17.8,78.5,0.0,45,48,31.300779342651367,10,11,21.960052490234375,10,11,9.340726852416992,73.31854629516602,295,-0.8660254037844386,0.5000000000000001,0.0,9.340726852416992,1,2,2025
2025-10-23,Deccan Plateau,17.8,78.5,0.0,45,48,30.413358688354492,10,11,22.86428451538086,10,11,7.549074172973633,76.90185165405273,296,-0.8660254037844386,0.5000000000000001,0.0,7.549074172973633,1,2,2025
2025-10-24,Deccan Plateau,17.8,78.5,1.41427743434906,45,48,29.46480941772461,10,11,22.324188232421875,10,11,7.140621185302734,80.36295775931934,297,-0.8660254037844386,0.5000000000000001,0.8814000433082726,7.140621185302734,1,2,2025
2025-10-25,Deccan Plateau,17.8,78.5,3.914928674697876,45,48,30.331451416015625,10,11,21.961429595947266,10,11,8.37002182006836,80.03678808506373,298,-0.8660254037844386,0.5000000000000001,1.5922772417334825,8.37002182006836,1,2,2025
2025-10-26,Deccan Plateau,17.8,78.5,0.0,45,48,31.164640426635746,10,11,22.108247756958008,10,11,9.056392669677738,73.88721466064453,299,-0.8660254037844386,0.5000000000000001,0.0,9.056392669677738,1,2,2025
2025-10-27,Deccan Plateau,17.8,78.5,0.0,45,48,31.790790557861328,10,11,22.47665023803711,10,11,9.31414031982422,73.37171936035156,300,-0.8660254037844386,0.5000000000000001,0.0,9.31414031982422,1,2,2025
2025-10-28,Deccan Plateau,17.8,78.5,2.3113956451416016,45,48,28.605392456054688,10,11,22.7596378326416,10,11,5.845754623413086,83.90059998991251,301,-0.8660254037844386,0.5000000000000001,1.197369745579559,5.845754623413086,1,2,2025
2025-10-29,Deccan Plateau,17.8,78.5,7.0849456787109375,45,48,25.42013168334961,10,11,21.83068084716797,10,11,3.5894508361816406,91.09110965033376,302,-0.8660254037844386,0.5000000000000001,2.0900037742323416,3.5894508361816406,1,2,2025
2025-10-30,Deccan Plateau,17.8,78.5,66.89501190185547,45,48,30.66402816772461,10,11,21.586959838867188,10,11,9.077068328857422,86.49975105063129,303,-0.8660254037844386,0.5000000000000001,4.2179625694487095,9.077068328857422,1,2,2025
2025-10-31,Deccan Plateau,17.8,78.5,0.0,45,48,31.66836166381836,10,11,20.355667114257812,10,11,11.312694549560549,69.3746109008789,304,-0.8660254037844386,0.5000000000000001,0.0,11.312694549560549,1,2,2025
2025-11-01,Deccan Plateau,17.8,78.5,0.0,45,48,32.124881744384766,10,11,21.80239486694336,10,11,10.322486877441406,71.35502624511719,305,-0.5000000000000004,0.8660254037844384,0.0,10.322486877441406,1,2,2025
2025-11-02,Deccan Plateau,17.8,78.5,0.0,45,48,31.621654510498047,10,11,22.865524291992188,10,11,8.75613021850586,74.48773956298828,306,-0.5000000000000004,0.8660254037844384,0.0,8.75613021850586,1,2,2025
2025-11-03,Deccan Plateau,17.8,78.5,9.52224063873291,45,48,32.10591506958008,10,11,22.750574111938477,10,11,9.355340957641602,80.34979160402715,307,-0.5000000000000004,0.8660254037844384,2.35349117310345,9.355340957641602,1,2,2025
2025-11-04,Deccan Plateau,17.8,78.5,0.0,45,48,29.687740325927734,10,11,22.780811309814453,10,11,6.906929016113281,78.18614196777344,308,-0.5000000000000004,0.8660254037844384,0.0,6.906929016113281,1,2,2025
2025-11-05,Deccan Plateau,17.8,78.5,0.0,45,48,31.492937088012695,10,11,21.97262191772461,10,11,9.520315170288086,72.95936965942383,309,-0.5000000000000004,0.8660254037844384,0.0,9.520315170288086,1,2,2025
2025-11-06,Deccan Plateau,17.8,78.5,0.0,45,48,30.51935386657715,10,11,21.47696304321289,10,11,9.042390823364258,73.91521835327148,310,-0.5000000000000004,0.8660254037844384,0.0,9.042390823364258,1,2,2025
2025-11-07,Deccan Plateau,17.8,78.5,0.0,45,48,31.35158348083496,10,11,20.338687896728516,10,11,11.012895584106444,69.97420883178711,311,-0.5000000000000004,0.8660254037844384,0.0,11.012895584106444,1,2,2025
2025-11-08,Deccan Plateau,17.8,78.5,0.0,45,48,31.227792739868164,10,11,18.555776596069336,10,11,12.672016143798828,66.65596771240234,312,-0.5000000000000004,0.8660254037844384,0.0,12.672016143798828,1,2,2025
2025-11-09,Deccan Plateau,17.8,78.5,0.0,45,48,30.03101348876953,10,11,16.855104446411133,10,11,13.175909042358398,65.6481819152832,313,-0.5000000000000004,0.8660254037844384,0.0,13.175909042358398,1,2,2025
2025-11-10,Deccan Plateau,17.8,78.5,0.0,45,48,30.198036193847656,10,11,15.645933151245115,10,11,14.55210304260254,62.89579391479492,314,-0.5000000000000004,0.8660254037844384,0.0,14.55210304260254,1,2,2025
2025-11-11,Deccan Plateau,17.8,78.5,0.0,45,48,30.85108184814453,10,11,16.691665649414062,10,11,14.159416198730469,63.68116760253906,315,-0.5000000000000004,0.8660254037844384,0.0,14.159416198730469,1,2,2025
2025-11-12,Deccan Plateau,17.8,78.5,0.0,45,48,30.64761734008789,10,11,16.401363372802734,10,11,14.246253967285156,63.50749206542969,316,-0.5000000000000004,0.8660254037844384,0.0,14.246253967285156,1,2,2025
2025-11-13,Deccan Plateau,17.8,78.5,0.0,45,48,30.470184326171875,10,11,15.733758926391602,10,11,14.736425399780272,62.52714920043945,317,-0.5000000000000004,0.8660254037844384,0.0,14.736425399780272,1,2,2025
2025-11-14,Deccan Plateau,17.8,78.5,0.0,45,48,29.893644332885746,10,11,14.365325927734377,10,11,15.528318405151367,60.943363189697266,318,-0.5000000000000004,0.8660254037844384,0.0,15.528318405151367,1,2,2025
2025-11-15,Deccan Plateau,17.8,78.5,0.0,45,48,29.50484275817871,10,11,13.959546089172363,10,11,15.545296669006348,60.909406661987305,319,-0.5000000000000004,0.8660254037844384,0.0,15.545296669006348,1,2,2025
2025-11-16,Deccan Plateau,17.8,78.5,0.0,45,48,29.264921188354492,10,11,14.528841018676758,10,11,14.736080169677734,62.52783966064453,320,-0.5000000000000004,0.8660254037844384,0.0,14.736080169677734,1,2,2025
2025-11-17,Deccan Plateau,17.8,78.5,0.0,45,48,28.816965103149418,10,11,12.978328704833984,10,11,15.838636398315431,60.32272720336913,321,-0.5000000000000004,0.8660254037844384,0.0,15.838636398315431,1,2,2025
2025-11-18,Deccan Plateau,17.8,78.5,0.0,45,48,29.98099899291992,10,11,13.721132278442385,10,11,16.259866714477532,59.480266571044936,322,-0.5000000000000004,0.8660254037844384,0.0,16.259866714477532,1,2,2025
2025-11-19,Deccan Plateau,17.8,78.5,0.0,45,48,29.79928207397461,10,11,14.487401008605955,10,11,15.311881065368654,61.376237869262695,323,-0.5000000000000004,0.8660254037844384,0.0,15.311881065368654,1,2,2025
2025-11-20,Deccan Plateau,17.8,78.5,0.0,45,48,30.42793846130371,10,11,13.634934425354004,10,11,16.793004035949707,58.413991928100586,324,-0.5000000000000004,0.8660254037844384,0.0,16.793004035949707,1,2,2025
2025-11-21,Deccan Plateau,17.8,78.5,0.0,45,48,31.318357467651367,10,11,15.6715087890625,10,11,15.646848678588867,60.706302642822266,325,-0.5000000000000004,0.8660254037844384,0.0,15.646848678588867,1,2,2025
2025-11-22,Deccan Plateau,17.8,78.5,0.0,45,48,31.67527198791504,10,11,18.82271194458008,10,11,12.852560043334956,66.29487991333008,326,-0.5000000000000004,0.8660254037844384,0.0,12.852560043334956,1,2,2025
2025-11-23,Deccan Plateau,17.8,78.5,0.0,45,48,31.82994842529297,10,11,18.82484245300293,10,11,13.00510597229004,65.98978805541992,327,-0.5000000000000004,0.8660254037844384,0.0,13.00510597229004,1,2,2025
2025-11-24,Deccan Plateau,17.8,78.5,0.0,45,48,31.331653594970703,10,11,18.752269744873047,10,11,12.579383850097656,66.84123229980469,328,-0.5000000000000004,0.8660254037844384,0.0,12.579383850097656,1,2,2025
2025-11-25,Deccan Plateau,17.8,78.5,0.0,45,48,30.492834091186523,10,11,18.195106506347656,10,11,12.297727584838867,67.40454483032227,329,-0.5000000000000004,0.8660254037844384,0.0,12.297727584838867,1,2,2025
2025-11-26,Deccan Plateau,17.8,78.5,0.0,45,48,30.57401657104492,10,11,17.088014602661133,10,11,13.486001968383786,65.02799606323242,330,-0.5000000000000004,0.8660254037844384,0.0,13.486001968383786,1,2,2025
2025-11-27,Deccan Plateau,17.8,78.5,0.0,45,48,29.17072868347168,10,11,16.670265197753906,10,11,12.500463485717772,66.99907302856445,331,-0.5000000000000004,0.8660254037844384,0.0,12.500463485717772,1,2,2025
2025-11-28,Deccan Plateau,17.8,78.5,0.0,45,48,29.163902282714844,10,11,16.028438568115234,10,11,13.13546371459961,65.72907257080078,332,-0.5000000000000004,0.8660254037844384,0.0,13.13546371459961,1,2,2025
2025-11-29,Deccan Plateau,17.8,78.5,0.0,45,48,28.373037338256836,10,11,14.150758743286133,10,11,14.222278594970703,63.555442810058594,333,-0.5000000000000004,0.8660254037844384,0.0,14.222278594970703,1,2,2025
2025-11-30,Deccan Plateau,17.8,78.5,0.0,45,48,28.600875854492188,10,11,16.472335815429688,10,11,12.1285400390625,67.742919921875,334,-0.5000000000000004,0.8660254037844384,0.0,12.1285400390625,1,2,2025
2025-12-01,Deccan Plateau,17.8,78.5,0.0,45,48,29.49654960632324,10,11,18.248241424560547,10,11,11.248308181762692,69.50338363647461,335,-2.4492935982947064e-16,1.0,0.0,11.248308181762692,1,2,2025
2025-12-02,Deccan Plateau,17.8,78.5,0.0,45,48,29.715185165405273,10,11,17.120210647583008,10,11,12.594974517822266,66.81005096435547,336,-2.4492935982947064e-16,1.0,0.0,12.594974517822266,1,2,2025
2025-12-03,Deccan Plateau,17.8,78.5,0.0,45,48,29.053627014160156,10,11,16.97283172607422,10,11,12.080795288085938,67.83840942382812,337,-2.4492935982947064e-16,1.0,0.0,12.080795288085938,1,2,2025
2025-12-04,Deccan Plateau,17.8,78.5,0.0,45,48,29.902109146118164,10,11,19.301328659057617,10,11,10.600780487060549,70.7984390258789,338,-2.4492935982947064e-16,1.0,0.0,10.600780487060549,1,2,2025
2025-12-05,Deccan Plateau,17.8,78.5,0.0,45,48,29.360002517700195,10,11,17.600378036499023,10,11,11.759624481201172,68.48075103759766,339,-2.4492935982947064e-16,1.0,0.0,11.759624481201172,1,2,2025
2025-12-06,Deccan Plateau,17.8,78.5,0.0,45,48,29.318784713745117,10,11,15.35561466217041,10,11,13.963170051574709,64.07365989685059,340,-2.4492935982947064e-16,1.0,0.0,13.963170051574709,1,2,2025
2025-12-07,Deccan Plateau,17.8,78.5,0.0,45,48,29.966949462890625,10,11,15.412637710571287,10,11,14.554311752319338,62.89137649536133,341,-2.4492935982947064e-16,1.0,0.0,14.554311752319338,1,2,2025
2025-12-08,Deccan Plateau,17.8,78.5,0.0,45,48,29.503293991088867,10,11,13.32499885559082,10,11,16.178295135498047,59.643409729003906,342,-2.4492935982947064e-16,1.0,0.0,16.178295135498047,1,2,2025
2025-12-09,Deccan Plateau,17.8,78.5,0.0,45,48,30.29991912841797,10,11,12.725749969482422,10,11,17.574169158935547,56.851661682128906,343,-2.4492935982947064e-16,1.0,0.0,17.574169158935547,1,2,2025
2025-12-10,Deccan Plateau,17.8,78.5,0.0,45,48,30.179269790649418,10,11,12.384326934814451,10,11,17.794942855834968,56.410114288330064,344,-2.4492935982947064e-16,1.0,0.0,17.794942855834968,1,2,2025
2025-12-11,Deccan Plateau,17.8,78.5,0.0,45,48,29.820823669433594,10,11,11.119781494140623,10,11,18.70104217529297,54.59791564941406,345,-2.4492935982947064e-16,1.0,0.0,18.70104217529297,1,2,2025
2025-12-12,Deccan Plateau,17.8,78.5,0.0,45,48,29.93061065673828,10,11,10.445030212402344,10,11,19.485580444335938,53.028839111328125,346,-2.4492935982947064e-16,1.0,0.0,19.485580444335938,1,2,2025
2025-12-13,Deccan Plateau,17.8,78.5,0.0,45,48,29.84397315979004,10,11,11.079484939575195,10,11,18.764488220214844,54.47102355957031,347,-2.4492935982947064e-16,1.0,0.0,18.764488220214844,1,2,2025
2025-12-14,Deccan Plateau,17.8,78.5,0.0,45,48,29.6179141998291,10,11,12.208911895751951,10,11,17.40900230407715,57.1819953918457,348,-2.4492935982947064e-16,1.0,0.0,17.40900230407715,1,2,2025
2025-12-15,Deccan Plateau,17.8,78.5,0.0,45,48,29.374113082885746,10,11,13.14129638671875,10,11,16.232816696166996,59.53436660766601,349,-2.4492935982947064e-16,1.0,0.0,16.232816696166996,1,2,2025
2025-12-16,Deccan Plateau,17.8,78.5,0.0,45,48,29.819658279418945,10,11,12.719974517822266,10,11,17.09968376159668,57.80063247680664,350,-2.4492935982947064e-16,1.0,0.0,17.09968376159668,1,2,2025
2025-12-17,Deccan Plateau,17.8,78.5,0.0,45,48,30.549028396606445,10,11,13.741840362548828,10,11,16.807188034057617,58.385623931884766,351,-2.4492935982947064e-16,1.0,0.0,16.807188034057617,1,2,2025
2025-12-18,Deccan Plateau,17.8,78.5,0.0,45,48,30.398597717285156,10,11,12.073772430419922,10,11,18.32482528686523,55.35034942626953,352,-2.4492935982947064e-16,1.0,0.0,18.32482528686523,1,2,2025
2025-12-19,Deccan Plateau,17.8,78.5,0.0,45,48,29.554628372192383,10,11,11.3892822265625,10,11,18.165346145629883,55.669307708740234,353,-2.4492935982947064e-16,1.0,0.0,18.165346145629883,1,2,2025
2025-12-20,Deccan Plateau,17.8,78.5,0.0,45,48,29.37398147583008,10,11,10.871097564697266,10,11,18.502883911132816,54.99423217773437,354,-2.4492935982947064e-16,1.0,0.0,18.502883911132816,1,2,2025
2025-12-21,Deccan Plateau,17.8,78.5,0.0,45,48,28.807249069213867,10,11,11.419896125793455,10,11,17.38735294342041,57.22529411315918,355,-2.4492935982947064e-16,1.0,0.0,17.38735294342041,1,2,2025
2025-12-22,Deccan Plateau,17.8,78.5,0.0,45,48,29.284536361694336,10,11,12.62017059326172,10,11,16.664365768432617,58.671268463134766,356,-2.4492935982947064e-16,1.0,0.0,16.664365768432617,1,2,2025
2025-12-23,Deccan Plateau,17.8,78.5,0.0,45,48,29.46541976928711,10,11,12.588593482971191,10,11,16.876826286315918,58.24634742736816,357,-2.4492935982947064e-16,1.0,0.0,16.876826286315918,1,2,2025
2025-12-24,Deccan Plateau,17.8,78.5,0.0,45,48,29.018442153930664,10,11,12.372488975524902,10,11,16.64595317840576,58.70809364318848,358,-2.4492935982947064e-16,1.0,0.0,16.64595317840576,1,2,2025
2025-12-25,Deccan Plateau,17.8,78.5,0.0,45,48,29.204509735107425,10,11,12.324625015258787,10,11,16.87988471984864,58.24023056030272,359,-2.4492935982947064e-16,1.0,0.0,16.87988471984864,1,2,2025
2025-12-26,Deccan Plateau,17.8,78.5,0.0,45,48,28.853172302246097,10,11,12.951053619384766,10,11,15.902118682861332,60.19576263427734,360,-2.4492935982947064e-16,1.0,0.0,15.902118682861332,1,2,2025
2025-12-27,Deccan Plateau,17.8,78.5,0.0,45,48,28.690813064575195,10,11,13.075884819030762,10,11,15.614928245544434,60.77014350891113,361,-2.4492935982947064e-16,1.0,0.0,15.614928245544434,1,2,2025
2025-12-28,Deccan Plateau,17.8,78.5,0.0,45,48,28.902467727661133,10,11,12.707649230957031,10,11,16.1948184967041,59.6103630065918,362,-2.4492935982947064e-16,1.0,0.0,16.1948184967041,1,2,2025
2025-12-29,Deccan Plateau,17.8,78.5,0.0,45,48,28.596094131469727,10,11,12.51752471923828,10,11,16.078569412231445,59.84286117553711,363,-2.4492935982947064e-16,1.0,0.0,16.078569412231445,1,2,2025
2025-12-30,Deccan Plateau,17.8,78.5,0.0,45,48,29.743755340576172,10,11,12.633691787719728,10,11,17.110063552856445,57.77987289428711,364,-2.4492935982947064e-16,1.0,0.0,17.110063552856445,1,2,2025
2025-12-31,Deccan Plateau,17.8,78.5,0.0,45,48,30.16171646118164,10,11,13.24094581604004,10,11,16.9207706451416,58.1584587097168,365,-2.4492935982947064e-16,1.0,0.0,16.9207706451416,1,2,2025
2025-01-01,Indo-Gangetic Plain,26.5,81.0,0.0,80,58,16.427425384521484,19,14,9.788004875183104,19,14,6.639420509338381,78.72115898132324,1,0.4999999999999999,0.8660254037844387,0.0,6.639420509338381,1,3,2025
2025-01-02,Indo-Gangetic Plain,26.5,81.0,0.0,80,58,18.34581756591797,19,14,7.1898322105407715,19,14,11.155985355377195,69.6880292892456,2,0.4999999999999999,0.8660254037844387,0.0,11.155985355377195,1,3,2025
2025-01-03,Indo-Gangetic Plain,26.5,81.0,0.0,80,58,17.94519805908203,19,14,7.464691162109375,19,14,10.480506896972656,71.03898620605469,3,0.4999999999999999,0.8660254037844387,0.0,10.480506896972656,1,3,2025
2025-01-04,Indo-Gangetic Plain,26.5,81.0,0.0,80,58,17.614356994628906,19,14,8.907242774963379,19,14,8.707114219665527,74.58577156066895,4,0.4999999999999999,0.8660254037844387,0.0,8.707114219665527,1,3,2025
2025-01-05,Indo-Gangetic Plain,26.5,81.0,0.0,80,58,15.631450653076172,19,14,8.414214134216309,19,14,7.217236518859863,77.56552696228027,5,0.4999999999999999,0.8660254037844387,0.0,7.217236518859863,1,3,2025
2025-01-06,Indo-Gangetic Plain,26.5,81.0,0.0,80,58,17.477705001831055,19,14,9.244221687316896,19,14,8.233483314514158,75.53303337097168,6,0.4999999999999999,0.8660254037844387,0.0,8.233483314514158,1,3,2025
2025-01-07,Indo-Gangetic Plain,26.5,81.0,0.0,80,58,15.129400253295898,19,14,10.773036003112791,19,14,4.356364250183107,83.28727149963379,7,0.4999999999999999,0.8660254037844387,0.0,4.356364250183107,1,3,2025
2025-01-08,Indo-Gangetic Plain,26.5,81.0,0.0,80,58,17.054420471191406,19,14,10.16446018218994,19,14,6.889960289001467,78.22007942199707,8,0.4999999999999999,0.8660254037844387,0.0,6.889960289001467,1,3,2025
2025-01-09,Indo-Gangetic Plain,26.5,81.0,0.0,80,58,20.618144989013672,19,14,6.543593406677246,19,14,14.074551582336426,63.85089683532715,9,0.4999999999999999,0.8660254037844387,0.0,14.074551582336426,1,3,2025
2025-01-10,Indo-Gangetic Plain,26.5,81.0,0.0,80,58,21.84195899963379,19,14,6.337192535400391,19,14,15.504766464233398,60.9904670715332,10,0.4999999999999999,0.8660254037844387,0.0,15.504766464233398,1,3,2025
2025-01-11,Indo-Gangetic Plain,26.5,81.0,0.0,80,58,23.063871383666992,19,14,6.7621049880981445,19,14,16.301766395568848,59.396467208862305,11,0.4999999999999999,0.8660254037844387,0.0,16.301766395568848,1,3,2025
2025-01-12,Indo-Gangetic Plain,26.5,81.0,0.0,80,58,20.78679656982422,19,14,9.847748756408691,19,14,10.939047813415527,70.12190437316895,12,0.4999999999999999,0.8660254037844387,0.0,10.939047813415527,1,3,2025
2025-01-13,Indo-Gangetic Plain,26.5,81.0,0.0,80,58,20.262964248657227,19,14,10.413708686828612,19,14,9.849255561828617,72.30148887634277,13,0.4999999999999999,0.8660254037844387,0.0,9.849255561828617,1,3,2025
2025-01-14,Indo-Gangetic Plain,26.5,81.0,0.0,80,58,17.936155319213867,19,14,10.106718063354492,19,14,7.829437255859375,76.34112548828125,14,0.4999999999999999,0.8660254037844387,0.0,7.829437255859375,1,3,2025
2025-01-15,Indo-Gangetic Plain,26.5,81.0,0.0,80,58,16.57452964782715,19,14,10.408856391906738,19,14,6.16567325592041,79.66865348815918,15,0.4999999999999999,0.8660254037844387,0.0,6.16567325592041,1,3,2025
2025-01-16,Indo-Gangetic Plain,26.5,81.0,0.0,80,58,17.180862426757812,19,14,10.347404479980469,19,14,6.833457946777344,78.33308410644531,16,0.4999999999999999,0.8660254037844387,0.0,6.833457946777344,1,3,2025
2025-01-17,Indo-Gangetic Plain,26.5,81.0,0.1553512066602707,80,58,22.346315383911133,19,14,9.034377098083496,19,14,13.311938285827637,65.80933654669329,17,0.4999999999999999,0.8660254037844387,0.1444043727828518,13.311938285827637,1,3,2025
2025-01-18,Indo-Gangetic Plain,26.5,81.0,0.0,80,58,20.112680435180664,19,14,8.749226570129395,19,14,11.36345386505127,69.27309226989746,18,0.4999999999999999,0.8660254037844387,0.0,11.36345386505127,1,3,2025
2025-01-19,Indo-Gangetic Plain,26.5,81.0,0.0,80,58,22.412338256835938,19,14,8.511000633239746,19,14,13.901337623596191,64.19732475280762,19,0.4999999999999999,0.8660254037844387,0.0,13.901337623596191,1,3,2025
2025-01-20,Indo-Gangetic Plain,26.5,81.0,0.0,80,58,24.981185913085938,19,14,10.014256477355955,19,14,14.966929435729982,62.06614112854004,20,0.4999999999999999,0.8660254037844387,0.0,14.966929435729982,1,3,2025
2025-01-21,Indo-Gangetic Plain,26.5,81.0,0.0,80,58,24.57063102722168,19,14,11.686552047729492,19,14,12.884078979492188,66.23184204101562,21,0.4999999999999999,0.8660254037844387,0.0,12.884078979492188,1,3,2025
2025-01-22,Indo-Gangetic Plain,26.5,81.0,0.0,80,58,24.616607666015625,19,14,10.89931297302246,19,14,13.717294692993166,64.56541061401367,22,0.4999999999999999,0.8660254037844387,0.0,13.717294692993166,1,3,2025
2025-01-23,Indo-Gangetic Plain,26.5,81.0,0.0,80,58,24.21076202392578,19,14,11.200835227966309,19,14,13.009926795959473,65.98014640808105,23,0.4999999999999999,0.8660254037844387,0.0,13.009926795959473,1,3,2025
2025-01-24,Indo-Gangetic Plain,26.5,81.0,0.0,80,58,24.082332611083984,19,14,12.067147254943848,19,14,12.015185356140137,67.96962928771973,24,0.4999999999999999,0.8660254037844387,0.0,12.015185356140137,1,3,2025
2025-01-25,Indo-Gangetic Plain,26.5,81.0,0.0,80,58,24.679115295410156,19,14,9.797983169555664,19,14,14.881132125854492,62.237735748291016,25,0.4999999999999999,0.8660254037844387,0.0,14.881132125854492,1,3,2025
2025-01-26,Indo-Gangetic Plain,26.5,81.0,0.0,80,58,23.85335922241211,19,14,7.604123115539551,19,14,16.24923610687256,59.50152778625488,26,0.4999999999999999,0.8660254037844387,0.0,16.24923610687256,1,3,2025
2025-01-27,Indo-Gangetic Plain,26.5,81.0,0.0,80,58,23.736791610717773,19,14,7.918504238128662,19,14,15.818287372589111,60.36342525482178,27,0.4999999999999999,0.8660254037844387,0.0,15.818287372589111,1,3,2025
2025-01-28,Indo-Gangetic Plain,26.5,81.0,0.0,80,58,23.790307998657227,19,14,7.91431188583374,19,14,15.875996112823486,60.24800777435303,28,0.4999999999999999,0.8660254037844387,0.0,15.875996112823486,1,3,2025
2025-01-29,Indo-Gangetic Plain,26.5,81.0,0.0,80,58,24.997089385986328,19,14,9.554606437683104,19,14,15.442482948303224,61.115034103393555,29,0.4999999999999999,0.8660254037844387,0.0,15.442482948303224,1,3,2025
2025-01-30,Indo-Gangetic Plain,26.5,81.0,0.0,80,58,26.756174087524418,19,14,9.380352020263672,19,14,17.375822067260746,57.24835586547851,30,0.4999999999999999,0.8660254037844387,0.0,17.375822067260746,1,3,2025
2025-01-31,Indo-Gangetic Plain,26.5,81.0,0.0,80,58,27.897510528564453,19,14,10.55664348602295,19,14,17.340867042541504,57.31826591491699,31,0.4999999999999999,0.8660254037844387,0.0,17.340867042541504,1,3,2025
2025-02-01,Indo-Gangetic Plain,26.5,81.0,0.0,80,58,28.259353637695312,19,14,11.481308937072754,19,14,16.77804470062256,58.44391059875488,32,0.8660254037844386,0.5000000000000001,0.0,16.77804470062256,1,3,2025
2025-02-02,Indo-Gangetic Plain,26.5,81.0,0.0,80,58,28.17053985595703,19,14,12.358254432678224,19,14,15.812285423278809,60.37542915344238,33,0.8660254037844386,0.5000000000000001,0.0,15.812285423278809,1,3,2025
2025-02-03,Indo-Gangetic Plain,26.5,81.0,0.0,80,58,26.41319274902344,19,14,12.6648530960083,19,14,13.74833965301514,64.50332069396973,34,0.8660254037844386,0.5000000000000001,0.0,13.74833965301514,1,3,2025
2025-02-04,Indo-Gangetic Plain,26.5,81.0,0.0,80,58,27.04823112487793,19,14,12.672826766967772,19,14,14.375404357910158,63.24919128417969,35,0.8660254037844386,0.5000000000000001,0.0,14.375404357910158,1,3,2025
2025-02-05,Indo-Gangetic Plain,26.5,81.0,0.0,80,58,26.41617202758789,19,14,14.31482982635498,19,14,12.10134220123291,67.79731559753418,36,0.8660254037844386,0.5000000000000001,0.0,12.10134220123291,1,3,2025
2025-02-06,Indo-Gangetic Plain,26.5,81.0,0.0,80,58,24.34562110900879,19,14,10.644859313964844,19,14,13.700761795043944,64.59847640991211,37,0.8660254037844386,0.5000000000000001,0.0,13.700761795043944,1,3,2025
2025-02-07,Indo-Gangetic Plain,26.5,81.0,0.0,80,58,24.39204216003418,19,14,8.875855445861816,19,14,15.516186714172363,60.96762657165527,38,0.8660254037844386,0.5000000000000001,0.0,15.516186714172363,1,3,2025
2025-02-08,Indo-Gangetic Plain,26.5,81.0,0.0,80,58,25.138822555541992,19,14,8.932536125183105,19,14,16.206286430358887,59.58742713928223,39,0.8660254037844386,0.5000000000000001,0.0,16.206286430358887,1,3,2025
2025-02-09,Indo-Gangetic Plain,26.5,81.0,0.0,80,58,27.78164291381836,19,14,9.630979537963867,19,14,18.150663375854492,55.698673248291016,40,0.8660254037844386,0.5000000000000001,0.0,18.150663375854492,1,3,2025
2025-02-10,Indo-Gangetic Plain,26.5,81.0,0.0,80,58,28.912702560424805,19,14,10.518104553222656,19,14,18.39459800720215,55.2108039855957,41,0.8660254037844386,0.5000000000000001,0.0,18.39459800720215,1,3,2025
2025-02-11,Indo-Gangetic Plain,26.5,81.0,0.0,80,58,28.780677795410156,19,14,12.309222221374512,19,14,16.471455574035645,59.05708885192871,42,0.8660254037844386,0.5000000000000001,0.0,16.471455574035645,1,3,2025
2025-02-12,Indo-Gangetic Plain,26.5,81.0,0.0,80,58,29.32632827758789,19,14,13.159378051757812,19,14,16.166950225830078,59.66609954833984,43,0.8660254037844386,0.5000000000000001,0.0,16.166950225830078,1,3,2025
2025-02-13,Indo-Gangetic Plain,26.5,81.0,0.0,80,58,25.822021484375,19,14,12.252516746520996,19,14,13.569504737854004,64.86099052429199,44,0.8660254037844386,0.5000000000000001,0.0,13.569504737854004,1,3,2025
2025-02-14,Indo-Gangetic Plain,26.5,81.0,0.0,80,58,26.167333602905273,19,14,10.11615753173828,19,14,16.051176071166992,59.897647857666016,45,0.8660254037844386,0.5000000000000001,0.0,16.051176071166992,1,3,2025
2025-02-15,Indo-Gangetic Plain,26.5,81.0,0.0,80,58,29.040252685546875,19,14,10.725144386291504,19,14,18.31510829925537,55.36978340148926,46,0.8660254037844386,0.5000000000000001,0.0,18.31510829925537,1,3,2025
2025-02-16,Indo-Gangetic Plain,26.5,81.0,0.0,80,58,29.366931915283203,19,14,11.895880699157717,19,14,17.47105121612549,57.05789756774902,47,0.8660254037844386,0.5000000000000001,0.0,17.47105121612549,1,3,2025
2025-02-17,Indo-Gangetic Plain,26.5,81.0,0.0,80,58,29.21807861328125,19,14,13.709294319152832,19,14,15.508784294128418,60.98243141174317,48,0.8660254037844386,0.5000000000000001,0.0,15.508784294128418,1,3,2025
2025-02-18,Indo-Gangetic Plain,26.5,81.0,0.0,80,58,28.547420501708984,19,14,13.738968849182127,19,14,14.808451652526855,62.38309669494629,49,0.8660254037844386,0.5000000000000001,0.0,14.808451652526855,1,3,2025
2025-02-19,Indo-Gangetic Plain,26.5,81.0,0.0,80,58,29.003568649291992,19,14,13.031935691833496,19,14,15.971632957458496,60.05673408508301,50,0.8660254037844386,0.5000000000000001,0.0,15.971632957458496,1,3,2025
2025-02-20,Indo-Gangetic Plain,26.5,81.0,0.0,80,58,28.095937728881836,19,14,13.674942016601562,19,14,14.420995712280272,63.15800857543945,51,0.8660254037844386,0.5000000000000001,0.0,14.420995712280272,1,3,2025
2025-02-21,Indo-Gangetic Plain,26.5,81.0,0.0,80,58,29.97876739501953,19,14,13.399624824523926,19,14,16.579142570495605,58.84171485900879,52,0.8660254037844386,0.5000000000000001,0.0,16.579142570495605,1,3,2025
2025-02-22,Indo-Gangetic Plain,26.5,81.0,0.0,80,58,28.257841110229492,19,14,14.011027336120604,19,14,14.246813774108888,63.50637245178223,53,0.8660254037844386,0.5000000000000001,0.0,14.246813774108888,1,3,2025
2025-02-23,Indo-Gangetic Plain,26.5,81.0,0.0,80,58,27.09665298461914,19,14,13.313461303710938,19,14,13.783191680908203,64.4336166381836,54,0.8660254037844386,0.5000000000000001,0.0,13.783191680908203,1,3,2025
2025-02-24,Indo-Gangetic Plain,26.5,81.0,0.0,80,58,28.25486183166504,19,14,12.555039405822754,19,14,15.699822425842283,60.60035514831543,55,0.8660254037844386,0.5000000000000001,0.0,15.699822425842283,1,3,2025
2025-02-25,Indo-Gangetic Plain,26.5,81.0,0.0,80,58,28.154096603393555,19,14,12.232101440429688,19,14,15.921995162963867,60.156009674072266,56,0.8660254037844386,0.5000000000000001,0.0,15.921995162963867,1,3,2025
2025-02-26,Indo-Gangetic Plain,26.5,81.0,0.0,80,58,28.971590042114254,19,14,13.00133228302002,19,14,15.970257759094237,60.05948448181153,57,0.8660254037844386,0.5000000000000001,0.0,15.970257759094237,1,3,2025
2025-02-27,Indo-Gangetic Plain,26.5,81.0,0.0,80,58,30.822742462158203,19,14,14.507054328918455,19,14,16.315688133239746,59.36862373352051,58,0.8660254037844386,0.5000000000000001,0.0,16.315688133239746,1,3,2025
2025-02-28,Indo-Gangetic Plain,26.5,81.0,0.0,80,58,29.690576553344727,19,14,17.12174415588379,19,14,12.568832397460938,66.86233520507812,59,0.8660254037844386,0.5000000000000001,0.0,12.568832397460938,1,3,2025
2025-03-01,Indo-Gangetic Plain,26.5,81.0,0.4564919769763946,80,58,29.92745780944824,19,14,17.67801284790039,19,14,12.249444961547848,68.6292024438305,60,1.0,6.123233995736766e-17,0.3760307889754006,12.249444961547848,1,3,2025
2025-03-02,Indo-Gangetic Plain,26.5,81.0,0.0,80,58,30.32231330871582,19,14,15.947142601013184,19,14,14.375170707702637,63.24965858459473,61,1.0,6.123233995736766e-17,0.0,14.375170707702637,1,3,2025
2025-03-03,Indo-Gangetic Plain,26.5,81.0,0.0,80,58,29.551889419555664,19,14,13.880845069885254,19,14,15.67104434967041,60.65791130065918,62,1.0,6.123233995736766e-17,0.0,15.67104434967041,1,3,2025
2025-03-04,Indo-Gangetic Plain,26.5,81.0,0.0,80,58,30.3653621673584,19,14,15.309314727783203,19,14,15.056047439575195,61.88790512084961,63,1.0,6.123233995736766e-17,0.0,15.056047439575195,1,3,2025
2025-03-05,Indo-Gangetic Plain,26.5,81.0,0.0,80,58,26.093860626220703,19,14,13.536428451538086,19,14,12.557432174682615,66.88513565063477,64,1.0,6.123233995736766e-17,0.0,12.557432174682615,1,3,2025
2025-03-06,Indo-Gangetic Plain,26.5,81.0,0.0,80,58,27.627552032470703,19,14,10.97686004638672,19,14,16.650691986083984,58.69861602783203,65,1.0,6.123233995736766e-17,0.0,16.650691986083984,1,3,2025
2025-03-07,Indo-Gangetic Plain,26.5,81.0,0.0,80,58,30.059675216674805,19,14,10.675514221191406,19,14,19.3841609954834,53.2316780090332,66,1.0,6.123233995736766e-17,0.0,19.3841609954834,1,3,2025
2025-03-08,Indo-Gangetic Plain,26.5,81.0,0.0,80,58,30.935523986816406,19,14,12.458723068237305,19,14,18.4768009185791,55.0463981628418,67,1.0,6.123233995736766e-17,0.0,18.4768009185791,1,3,2025
2025-03-09,Indo-Gangetic Plain,26.5,81.0,0.0,80,58,32.000892639160156,19,14,13.115386009216309,19,14,18.885506629943848,54.228986740112305,68,1.0,6.123233995736766e-17,0.0,18.885506629943848,1,3,2025
2025-03-10,Indo-Gangetic Plain,26.5,81.0,0.0,80,58,32.13907241821289,19,14,15.508376121520996,19,14,16.630696296691895,58.73860740661621,69,1.0,6.123233995736766e-17,0.0,16.630696296691895,1,3,2025
2025-03-11,Indo-Gangetic Plain,26.5,81.0,0.0,80,58,33.693458557128906,19,14,15.366580963134766,19,14,18.32687759399414,55.34624481201172,70,1.0,6.123233995736766e-17,0.0,18.32687759399414,1,3,2025
2025-03-12,Indo-Gangetic Plain,26.5,81.0,0.0,80,58,35.32899856567383,19,14,16.996488571166992,19,14,18.332509994506836,55.33498001098633,71,1.0,6.123233995736766e-17,0.0,18.332509994506836,1,3,2025
2025-03-13,Indo-Gangetic Plain,26.5,81.0,0.0,80,58,34.53131866455078,19,14,17.80855369567871,19,14,16.72276496887207,58.55447006225586,72,1.0,6.123233995736766e-17,0.0,16.72276496887207,1,3,2025
2025-03-14,Indo-Gangetic Plain,26.5,81.0,0.0,80,58,35.48744583129883,19,14,18.132244110107425,19,14,17.355201721191403,57.289596557617195,73,1.0,6.123233995736766e-17,0.0,17.355201721191403,1,3,2025
2025-03-15,Indo-Gangetic Plain,26.5,81.0,0.0,80,58,36.57295608520508,19,14,18.626880645751953,19,14,17.946075439453125,56.10784912109375,74,1.0,6.123233995736766e-17,0.0,17.946075439453125,1,3,2025
2025-03-16,Indo-Gangetic Plain,26.5,81.0,0.0,80,58,34.679412841796875,19,14,20.551685333251953,19,14,14.127727508544922,63.74454498291016,75,1.0,6.123233995736766e-17,0.0,14.127727508544922,1,3,2025
2025-03-17,Indo-Gangetic Plain,26.5,81.0,0.0,80,58,33.5093994140625,19,14,19.83566093444824,19,14,13.67373847961426,64.65252304077148,76,1.0,6.123233995736766e-17,0.0,13.67373847961426,1,3,2025
2025-03-18,Indo-Gangetic Plain,26.5,81.0,0.0,80,58,32.11643981933594,19,14,16.615550994873047,19,14,15.50088882446289,60.99822235107422,77,1.0,6.123233995736766e-17,0.0,15.50088882446289,1,3,2025
2025-03-19,Indo-Gangetic Plain,26.5,81.0,0.0,80,58,33.3222770690918,19,14,15.550935745239258,19,14,17.77134132385254,56.45731735229492,78,1.0,6.123233995736766e-17,0.0,17.77134132385254,1,3,2025
2025-03-20,Indo-Gangetic Plain,26.5,81.0,0.0,80,58,32.701969146728516,19,14,16.129070281982422,19,14,16.572898864746094,58.85420227050781,79,1.0,6.123233995736766e-17,0.0,16.572898864746094,1,3,2025
2025-03-21,Indo-Gangetic Plain,26.5,81.0,0.0,80,58,33.6683349609375,19,14,17.55304527282715,19,14,16.11528968811035,59.7694206237793,80,1.0,6.123233995736766e-17,0.0,16.11528968811035,1,3,2025
2025-03-22,Indo-Gangetic Plain,26.5,81.0,0.0,80,58,33.431488037109375,19,14,15.61998462677002,19,14,17.811503410339355,56.37699317932129,81,1.0,6.123233995736766e-17,0.0,17.811503410339355,1,3,2025
2025-03-23,Indo-Gangetic Plain,26.5,81.0,0.0,80,58,32.73748779296875,19,14,16.110279083251953,19,14,16.627208709716797,58.745582580566406,82,1.0,6.123233995736766e-17,0.0,16.627208709716797,1,3,2025
2025-03-24,Indo-Gangetic Plain,26.5,81.0,0.0,80,58,33.77315902709961,19,14,15.141817092895508,19,14,18.6313419342041,54.7373161315918,83,1.0,6.123233995736766e-17,0.0,18.6313419342041,1,3,2025
2025-03-25,Indo-Gangetic Plain,26.5,81.0,0.0,80,58,35.602386474609375,19,14,16.20298194885254,19,14,19.399404525756836,53.20119094848633,84,1.0,6.123233995736766e-17,0.0,19.399404525756836,1,3,2025
2025-03-26,Indo-Gangetic Plain,26.5,81.0,0.0,80,58,38.25804138183594,19,14,16.96227264404297,19,14,21.29576873779297,49.40846252441406,85,1.0,6.123233995736766e-17,0.0,21.29576873779297,1,3,2025
2025-03-27,Indo-Gangetic Plain,26.5,81.0,0.0,80,58,38.9388427734375,19,14,18.769920349121097,19,14,20.168922424316403,51.662155151367195,86,1.0,6.123233995736766e-17,0.0,20.168922424316403,1,3,2025
2025-03-28,Indo-Gangetic Plain,26.5,81.0,0.0,80,58,36.967079162597656,19,14,20.124462127685547,19,14,16.84261703491211,58.31476593017578,87,1.0,6.123233995736766e-17,0.0,16.84261703491211,1,3,2025
2025-03-29,Indo-Gangetic Plain,26.5,81.0,0.0,80,58,34.243595123291016,19,14,16.151161193847656,19,14,18.09243392944336,55.81513214111328,88,1.0,6.123233995736766e-17,0.0,18.09243392944336,1,3,2025
2025-03-30,Indo-Gangetic Plain,26.5,81.0,0.0,80,58,35.090728759765625,19,14,15.886491775512695,19,14,19.20423698425293,53.59152603149414,89,1.0,6.123233995736766e-17,0.0,19.20423698425293,1,3,2025
2025-03-31,Indo-Gangetic Plain,26.5,81.0,0.0,80,58,37.03606414794922,19,14,15.76284122467041,19,14,21.27322292327881,49.45355415344238,90,1.0,6.123233995736766e-17,0.0,21.27322292327881,1,3,2025
2025-04-01,Indo-Gangetic Plain,26.5,81.0,0.0,80,58,37.23455810546875,19,14,16.41043472290039,19,14,20.82412338256836,50.35175323486328,91,0.8660254037844387,-0.4999999999999998,0.0,20.82412338256836,1,3,2025
2025-04-02,Indo-Gangetic Plain,26.5,81.0,0.0,80,58,35.23460006713867,19,14,18.69808578491211,19,14,16.536514282226562,58.926971435546875,92,0.8660254037844387,-0.4999999999999998,0.0,16.536514282226562,1,3,2025
2025-04-03,Indo-Gangetic Plain,26.5,81.0,0.0,80,58,37.112831115722656,19,14,17.5078125,19,14,19.605018615722656,52.78996276855469,93,0.8660254037844387,-0.4999999999999998,0.0,19.605018615722656,1,3,2025
2025-04-04,Indo-Gangetic Plain,26.5,81.0,0.0,80,58,38.53635787963867,19,14,19.174026489257812,19,14,19.36233139038086,53.27533721923828,94,0.8660254037844387,-0.4999999999999998,0.0,19.36233139038086,1,3,2025
2025-04-05,Indo-Gangetic Plain,26.5,81.0,0.0,80,58,39.16050720214844,19,14,18.568971633911133,19,14,20.591535568237305,50.81692886352539,95,0.8660254037844387,-0.4999999999999998,0.0,20.591535568237305,1,3,2025
2025-04-06,Indo-Gangetic Plain,26.5,81.0,0.0,80,58,39.56452941894531,19,14,19.039207458496097,19,14,20.525321960449215,50.94935607910157,96,0.8660254037844387,-0.4999999999999998,0.0,20.525321960449215,1,3,2025
2025-04-07,Indo-Gangetic Plain,26.5,81.0,0.0,80,58,40.0142936706543,19,14,19.85192489624023,19,14,20.162368774414062,51.67526245117187,97,0.8660254037844387,-0.4999999999999998,0.0,20.162368774414062,1,3,2025
2025-04-08,Indo-Gangetic Plain,26.5,81.0,0.0,80,58,39.70288848876953,19,14,23.6177978515625,19,14,16.08509063720703,59.82981872558594,98,0.8660254037844387,-0.4999999999999998,0.0,16.08509063720703,1,3,2025
2025-04-09,Indo-Gangetic Plain,26.5,81.0,0.0,80,58,39.5074348449707,19,14,24.954734802246097,19,14,14.552700042724606,62.89459991455079,99,0.8660254037844387,-0.4999999999999998,0.0,14.552700042724606,1,3,2025
2025-04-10,Indo-Gangetic Plain,26.5,81.0,1.6311875581741333,80,58,32.597660064697266,19,14,22.89194107055664,19,14,9.705718994140623,75.4908678736391,100,0.8660254037844387,-0.4999999999999998,0.9674352873067864,9.705718994140623,1,3,2025
2025-04-11,Indo-Gangetic Plain,26.5,81.0,1.4819036722183228,80,58,36.075931549072266,19,14,19.83509635925293,19,14,16.240835189819336,62.24540724680327,101,0.8660254037844387,-0.4999999999999998,0.9090258754806456,16.240835189819336,1,3,2025
2025-04-12,Indo-Gangetic Plain,26.5,81.0,0.0,80,58,36.5754508972168,19,14,22.199222564697266,19,14,14.376228332519531,63.24754333496094,102,0.8660254037844387,-0.4999999999999998,0.0,14.376228332519531,1,3,2025
2025-04-13,Indo-Gangetic Plain,26.5,81.0,0.3882957696914673,80,58,34.91240692138672,19,14,20.941253662109375,19,14,13.971153259277344,65.04192427126489,103,0.8660254037844387,-0.4999999999999998,0.3280769299398572,13.971153259277344,1,3,2025
2025-04-14,Indo-Gangetic Plain,26.5,81.0,0.0,80,58,35.455570220947266,19,14,20.04071044921875,19,14,15.414859771728516,61.17028045654297,104,0.8660254037844387,-0.4999999999999998,0.0,15.414859771728516,1,3,2025
2025-04-15,Indo-Gangetic Plain,26.5,81.0,0.0,80,58,35.879024505615234,19,14,21.559980392456055,19,14,14.31904411315918,63.36191177368164,105,0.8660254037844387,-0.4999999999999998,0.0,14.31904411315918,1,3,2025
2025-04-16,Indo-Gangetic Plain,26.5,81.0,0.0,80,58,37.48991394042969,19,14,22.76165008544922,19,14,14.728263854980469,62.54347229003906,106,0.8660254037844387,-0.4999999999999998,0.0,14.728263854980469,1,3,2025
2025-04-17,Indo-Gangetic Plain,26.5,81.0,0.0,80,58,38.69008255004883,19,14,23.04260635375977,19,14,15.64747619628906,60.70504760742188,107,0.8660254037844387,-0.4999999999999998,0.0,15.64747619628906,1,3,2025
2025-04-18,Indo-Gangetic Plain,26.5,81.0,0.0,80,58,38.03627395629883,19,14,24.11491584777832,19,14,13.921358108520508,64.15728378295898,108,0.8660254037844387,-0.4999999999999998,0.0,13.921358108520508,1,3,2025
2025-04-19,Indo-Gangetic Plain,26.5,81.0,0.0,80,58,37.12313079833984,19,14,23.04763984680176,19,14,14.075490951538075,63.84901809692385,109,0.8660254037844387,-0.4999999999999998,0.0,14.075490951538075,1,3,2025
2025-04-20,Indo-Gangetic Plain,26.5,81.0,0.0,80,58,39.381465911865234,19,14,24.920331954956055,19,14,14.46113395690918,63.07773208618164,110,0.8660254037844387,-0.4999999999999998,0.0,14.46113395690918,1,3,2025
2025-04-21,Indo-Gangetic Plain,26.5,81.0,0.0,80,58,41.76001739501953,19,14,25.083066940307617,19,14,16.676950454711914,58.64609909057617,111,0.8660254037844387,-0.4999999999999998,0.0,16.676950454711914,1,3,2025
2025-04-22,Indo-Gangetic Plain,26.5,81.0,0.0,80,58,42.17213821411133,19,14,24.553075790405273,19,14,17.619062423706055,56.76187515258789,112,0.8660254037844387,-0.4999999999999998,0.0,17.619062423706055,1,3,2025
2025-04-23,Indo-Gangetic Plain,26.5,81.0,0.0,80,58,41.36454391479492,19,14,22.72547149658203,19,14,18.63907241821289,54.72185516357422,113,0.8660254037844387,-0.4999999999999998,0.0,18.63907241821289,1,3,2025
2025-04-24,Indo-Gangetic Plain,26.5,81.0,0.0,80,58,42.36773681640625,19,14,21.738500595092773,19,14,20.629236221313477,50.74152755737305,114,0.8660254037844387,-0.4999999999999998,0.0,20.629236221313477,1,3,2025
2025-04-25,Indo-Gangetic Plain,26.5,81.0,0.0,80,58,42.815616607666016,19,14,21.46873664855957,19,14,21.346879959106445,49.30624008178711,115,0.8660254037844387,-0.4999999999999998,0.0,21.346879959106445,1,3,2025
2025-04-26,Indo-Gangetic Plain,26.5,81.0,0.0,80,58,42.62099075317383,19,14,22.07254981994629,19,14,20.54844093322754,50.90311813354492,116,0.8660254037844387,-0.4999999999999998,0.0,20.54844093322754,1,3,2025
2025-04-27,Indo-Gangetic Plain,26.5,81.0,0.0,80,58,38.54633331298828,19,14,24.98400115966797,19,14,13.562332153320312,64.87533569335938,117,0.8660254037844387,-0.4999999999999998,0.0,13.562332153320312,1,3,2025
2025-04-28,Indo-Gangetic Plain,26.5,81.0,0.0,80,58,37.12033462524414,19,14,21.707250595092773,19,14,15.413084030151367,61.173831939697266,118,0.8660254037844387,-0.4999999999999998,0.0,15.413084030151367,1,3,2025
2025-04-29,Indo-Gangetic Plain,26.5,81.0,0.0,80,58,36.35441207885742,19,14,22.978166580200195,19,14,13.376245498657228,65.24750900268555,119,0.8660254037844387,-0.4999999999999998,0.0,13.376245498657228,1,3,2025
2025-04-30,Indo-Gangetic Plain,26.5,81.0,0.0,80,58,36.32913589477539,19,14,23.58419609069824,19,14,12.744939804077152,66.5101203918457,120,0.8660254037844387,-0.4999999999999998,0.0,12.744939804077152,1,3,2025
2025-05-01,Indo-Gangetic Plain,26.5,81.0,0.0,80,58,37.23124694824219,19,14,24.78472328186035,19,14,12.446523666381836,67.10695266723633,121,0.4999999999999999,-0.8660254037844387,0.0,12.446523666381836,1,3,2025
2025-05-02,Indo-Gangetic Plain,26.5,81.0,0.0,80,58,35.76982879638672,19,14,23.899822235107425,19,14,11.870006561279292,68.2599868774414,122,0.4999999999999999,-0.8660254037844387,0.0,11.870006561279292,1,3,2025
2025-05-03,Indo-Gangetic Plain,26.5,81.0,0.0,80,58,38.06098556518555,19,14,24.483169555664062,19,14,13.577816009521484,64.84436798095703,123,0.4999999999999999,-0.8660254037844387,0.0,13.577816009521484,1,3,2025
2025-05-04,Indo-Gangetic Plain,26.5,81.0,0.0,80,58,37.078125,19,14,24.180158615112305,19,14,12.897966384887695,66.20406723022461,124,0.4999999999999999,-0.8660254037844387,0.0,12.897966384887695,1,3,2025
2025-05-05,Indo-Gangetic Plain,26.5,81.0,2.2329070568084717,80,58,35.72322082519531,19,14,23.479162216186523,19,14,12.244058609008787,71.03202803213047,125,0.4999999999999999,-0.8660254037844387,1.1733817500493484,12.244058609008787,1,3,2025
2025-05-06,Indo-Gangetic Plain,26.5,81.0,2.0317564010620117,80,58,35.122779846191406,19,14,22.216419219970703,19,14,12.906360626220703,69.5147051132431,126,0.4999999999999999,-0.8660254037844387,1.1091421218948332,12.906360626220703,1,3,2025
2025-05-07,Indo-Gangetic Plain,26.5,81.0,1.3099433183670044,80,58,37.75569915771485,19,14,23.863285064697266,19,14,13.892414093017583,66.72684077415241,127,0.4999999999999999,-0.8660254037844387,0.8372229867291914,13.892414093017583,1,3,2025
2025-05-08,Indo-Gangetic Plain,26.5,81.0,5.238980770111084,80,58,37.575801849365234,19,14,23.731298446655273,19,14,13.84450340270996,69.80344368733104,128,0.4999999999999999,-0.8660254037844387,1.8308168309169883,13.84450340270996,1,3,2025
2025-05-09,Indo-Gangetic Plain,26.5,81.0,0.0,80,58,38.88063430786133,19,14,25.11576461791992,19,14,13.76486968994141,64.47026062011719,129,0.4999999999999999,-0.8660254037844387,0.0,13.76486968994141,1,3,2025
2025-05-10,Indo-Gangetic Plain,26.5,81.0,0.0,80,58,39.32724380493164,19,14,25.26944351196289,19,14,14.05780029296875,63.8843994140625,130,0.4999999999999999,-0.8660254037844387,0.0,14.05780029296875,1,3,2025
2025-05-11,Indo-Gangetic Plain,26.5,81.0,0.0,80,58,40.237979888916016,19,14,26.41490173339844,19,14,13.823078155517576,64.35384368896484,131,0.4999999999999999,-0.8660254037844387,0.0,13.823078155517576,1,3,2025
2025-05-12,Indo-Gangetic Plain,26.5,81.0,0.0,80,58,39.76158142089844,19,14,26.033504486083984,19,14,13.728076934814451,64.5438461303711,132,0.4999999999999999,-0.8660254037844387,0.0,13.728076934814451,1,3,2025
2025-05-13,Indo-Gangetic Plain,26.5,81.0,0.0,80,58,40.55939483642578,19,14,24.989179611206055,19,14,15.570215225219728,60.85956954956055,133,0.4999999999999999,-0.8660254037844387,0.0,15.570215225219728,1,3,2025
2025-05-14,Indo-Gangetic Plain,26.5,81.0,0.0,80,58,40.67559814453125,19,14,26.100540161132812,19,14,14.575057983398438,62.849884033203125,134,0.4999999999999999,-0.8660254037844387,0.0,14.575057983398438,1,3,2025
2025-05-15,Indo-Gangetic Plain,26.5,81.0,0.0,80,58,41.516265869140625,19,14,25.772048950195312,19,14,15.744216918945312,60.511566162109375,135,0.4999999999999999,-0.8660254037844387,0.0,15.744216918945312,1,3,2025
2025-05-16,Indo-Gangetic Plain,26.5,81.0,0.0,80,58,41.543643951416016,19,14,26.656700134277344,19,14,14.886943817138672,62.226112365722656,136,0.4999999999999999,-0.8660254037844387,0.0,14.886943817138672,1,3,2025
2025-05-17,Indo-Gangetic Plain,26.5,81.0,0.0,80,58,39.88556671142578,19,14,26.36248207092285,19,14,13.52308464050293,64.95383071899414,137,0.4999999999999999,-0.8660254037844387,0.0,13.52308464050293,1,3,2025
2025-05-18,Indo-Gangetic Plain,26.5,81.0,0.0,80,58,39.02854919433594,19,14,27.05372428894043,19,14,11.974824905395508,68.05035018920898,138,0.4999999999999999,-0.8660254037844387,0.0,11.974824905395508,1,3,2025
2025-05-19,Indo-Gangetic Plain,26.5,81.0,0.0,80,58,37.85981369018555,19,14,26.91108512878418,19,14,10.948728561401367,70.10254287719727,139,0.4999999999999999,-0.8660254037844387,0.0,10.948728561401367,1,3,2025
2025-05-20,Indo-Gangetic Plain,26.5,81.0,0.0,80,58,39.10994720458984,19,14,26.375141143798828,19,14,12.734806060791009,66.53038787841798,140,0.4999999999999999,-0.8660254037844387,0.0,12.734806060791009,1,3,2025
2025-05-21,Indo-Gangetic Plain,26.5,81.0,0.0,80,58,38.03475189208984,19,14,26.858339309692383,19,14,11.176412582397454,69.64717483520509,141,0.4999999999999999,-0.8660254037844387,0.0,11.176412582397454,1,3,2025
2025-05-22,Indo-Gangetic Plain,26.5,81.0,18.836400985717773,80,58,33.956932067871094,19,14,22.45926284790039,19,14,11.497669219970703,77.96721761047417,142,0.4999999999999999,-0.8660254037844387,2.987518683471859,11.497669219970703,1,3,2025
2025-05-23,Indo-Gangetic Plain,26.5,81.0,0.0,80,58,37.46953201293945,19,14,25.54863548278809,19,14,11.920896530151364,68.15820693969727,143,0.4999999999999999,-0.8660254037844387,0.0,11.920896530151364,1,3,2025
2025-05-24,Indo-Gangetic Plain,26.5,81.0,0.0,80,58,36.78145217895508,19,14,26.91945457458496,19,14,9.861997604370115,72.27600479125977,144,0.4999999999999999,-0.8660254037844387,0.0,9.861997604370115,1,3,2025
2025-05-25,Indo-Gangetic Plain,26.5,81.0,0.0,80,58,36.936676025390625,19,14,26.125532150268555,19,14,10.81114387512207,70.37771224975586,145,0.4999999999999999,-0.8660254037844387,0.0,10.81114387512207,1,3,2025
2025-05-26,Indo-Gangetic Plain,26.5,81.0,0.0,80,58,37.781005859375,19,14,27.06856918334961,19,14,10.71243667602539,70.57512664794922,146,0.4999999999999999,-0.8660254037844387,0.0,10.71243667602539,1,3,2025
2025-05-27,Indo-Gangetic Plain,26.5,81.0,0.0,80,58,37.7355842590332,19,14,27.2675838470459,19,14,10.468000411987305,71.06399917602539,147,0.4999999999999999,-0.8660254037844387,0.0,10.468000411987305,1,3,2025
2025-05-28,Indo-Gangetic Plain,26.5,81.0,0.0,80,58,39.01038360595703,19,14,28.606531143188477,19,14,10.403852462768556,71.19229507446289,148,0.4999999999999999,-0.8660254037844387,0.0,10.403852462768556,1,3,2025
2025-05-29,Indo-Gangetic Plain,26.5,81.0,0.0,80,58,39.51607894897461,19,14,28.13986587524414,19,14,11.376213073730469,69.24757385253906,149,0.4999999999999999,-0.8660254037844387,0.0,11.376213073730469,1,3,2025
2025-05-30,Indo-Gangetic Plain,26.5,81.0,0.0,80,58,39.54420852661133,19,14,27.394420623779297,19,14,12.149787902832031,67.70042419433594,150,0.4999999999999999,-0.8660254037844387,0.0,12.149787902832031,1,3,2025
2025-05-31,Indo-Gangetic Plain,26.5,81.0,5.649786949157715,80,58,39.3654899597168,19,14,27.787452697753903,19,14,11.578037261962894,74.52767992537592,151,0.4999999999999999,-0.8660254037844387,1.8945848164338996,11.578037261962894,1,3,2025
2025-06-01,Indo-Gangetic Plain,26.5,81.0,0.0,80,58,40.27720260620117,19,14,27.512733459472656,19,14,12.764469146728516,66.47106170654297,152,1.2246467991473532e-16,-1.0,0.0,12.764469146728516,1,3,2025
2025-06-02,Indo-Gangetic Plain,26.5,81.0,0.0,80,58,38.971961975097656,19,14,27.25830078125,19,14,11.713661193847656,68.57267761230469,153,1.2246467991473532e-16,-1.0,0.0,11.713661193847656,1,3,2025
2025-06-03,Indo-Gangetic Plain,26.5,81.0,0.2284467220306396,80,58,35.00087356567383,19,14,26.6397647857666,19,14,8.361108779907227,75.89503407137026,154,1.2246467991473532e-16,-1.0,0.2057505437282367,8.361108779907227,1,3,2025
2025-06-04,Indo-Gangetic Plain,26.5,81.0,0.0,80,58,37.36492538452149,19,14,23.860633850097656,19,14,13.504291534423835,64.99141693115233,155,1.2246467991473532e-16,-1.0,0.0,13.504291534423835,1,3,2025
2025-06-05,Indo-Gangetic Plain,26.5,81.0,5.711167335510254,80,58,38.03995132446289,19,14,23.71860122680664,19,14,14.32135009765625,69.06861852081933,156,1.2246467991473532e-16,-1.0,1.9037729053772756,14.32135009765625,1,3,2025
2025-06-06,Indo-Gangetic Plain,26.5,81.0,0.0,80,58,39.09701156616211,19,14,24.43596649169922,19,14,14.66104507446289,62.67790985107422,157,1.2246467991473532e-16,-1.0,0.0,14.66104507446289,1,3,2025
2025-06-07,Indo-Gangetic Plain,26.5,81.0,0.0,80,58,40.9156379699707,19,14,25.44118309020996,19,14,15.474454879760742,61.05109024047851,158,1.2246467991473532e-16,-1.0,0.0,15.474454879760742,1,3,2025
2025-06-08,Indo-Gangetic Plain,26.5,81.0,0.0,80,58,41.82661056518555,19,14,27.53581428527832,19,14,14.290796279907228,63.41840744018555,159,1.2246467991473532e-16,-1.0,0.0,14.290796279907228,1,3,2025
2025-06-09,Indo-Gangetic Plain,26.5,81.0,0.0,80,58,42.45654296875,19,14,28.79202651977539,19,14,13.66451644897461,64.67096710205078,160,1.2246467991473532e-16,-1.0,0.0,13.66451644897461,1,3,2025
2025-06-10,Indo-Gangetic Plain,26.5,81.0,0.0,80,58,42.54864501953125,19,14,29.397964477539062,19,14,13.150680541992188,65.69863891601562,161,1.2246467991473532e-16,-1.0,0.0,13.150680541992188,1,3,2025
2025-06-11,Indo-Gangetic Plain,26.5,81.0,0.0,80,58,41.79507064819336,19,14,30.38839530944824,19,14,11.40667533874512,69.18664932250977,162,1.2246467991473532e-16,-1.0,0.0,11.40667533874512,1,3,2025
2025-06-12,Indo-Gangetic Plain,26.5,81.0,0.0,80,58,41.975807189941406,19,14,29.905242919921875,19,14,12.070564270019531,67.85887145996094,163,1.2246467991473532e-16,-1.0,0.0,12.070564270019531,1,3,2025
2025-06-13,Indo-Gangetic Plain,26.5,81.0,0.0,80,58,40.669429779052734,19,14,29.98540496826172,19,14,10.684024810791016,70.63195037841797,164,1.2246467991473532e-16,-1.0,0.0,10.684024810791016,1,3,2025
2025-06-14,Indo-Gangetic Plain,26.5,81.0,0.0,80,58,42.50659942626953,19,14,29.304035186767575,19,14,13.202564239501957,65.5948715209961,165,1.2246467991473532e-16,-1.0,0.0,13.202564239501957,1,3,2025
2025-06-15,Indo-Gangetic Plain,26.5,81.0,1.3376461267471311,80,58,38.721153259277344,19,14,26.750431060791016,19,14,11.970722198486328,70.60598908605694,166,1.2246467991473532e-16,-1.0,0.8491444943431988,11.970722198486328,1,3,2025
2025-06-16,Indo-Gangetic Plain,26.5,81.0,0.0,80,58,35.41509246826172,19,14,26.43790054321289,19,14,8.977191925048828,74.04561614990234,167,1.2246467991473532e-16,-1.0,0.0,8.977191925048828,1,3,2025
2025-06-17,Indo-Gangetic Plain,26.5,81.0,0.0,80,58,36.937034606933594,19,14,26.364051818847656,19,14,10.572982788085938,70.85403442382812,168,1.2246467991473532e-16,-1.0,0.0,10.572982788085938,1,3,2025
2025-06-18,Indo-Gangetic Plain,26.5,81.0,0.4188189804553985,80,58,35.788883209228516,19,14,25.567716598510746,19,14,10.22116661071777,72.60714124351726,169,1.2246467991473532e-16,-1.0,0.3498248216509363,10.22116661071777,1,3,2025
2025-06-19,Indo-Gangetic Plain,26.5,81.0,4.600975513458252,80,58,36.438777923583984,19,14,27.43177795410156,19,14,9.006999969482425,79.15482240524139,170,1.2246467991473532e-16,-1.0,1.7229407814020796,9.006999969482425,1,3,2025
2025-06-20,Indo-Gangetic Plain,26.5,81.0,6.5607805252075195,80,58,32.72216796875,19,14,25.442995071411133,19,14,7.279172897338867,83.51057749213389,171,1.2246467991473532e-16,-1.0,2.0229744289372076,7.279172897338867,1,3,2025
2025-06-21,Indo-Gangetic Plain,26.5,81.0,0.0,80,58,33.22706604003906,19,14,25.948894500732425,19,14,7.278171539306637,77.44365692138672,172,1.2246467991473532e-16,-1.0,0.0,7.278171539306637,1,3,2025
2025-06-22,Indo-Gangetic Plain,26.5,81.0,0.8025876879692078,80,58,32.60365676879883,19,14,26.128360748291016,19,14,6.4752960205078125,80.81707766988092,173,1.2246467991473532e-16,-1.0,0.5892232369655142,6.4752960205078125,1,3,2025
2025-06-23,Indo-Gangetic Plain,26.5,81.0,6.487662315368652,80,58,31.316619873046875,19,14,24.90789222717285,19,14,6.408727645874023,85.2223146324101,174,1.2246467991473532e-16,-1.0,2.013256641386052,6.408727645874023,1,3,2025
2025-06-24,Indo-Gangetic Plain,26.5,81.0,0.2050022482872009,80,58,33.76432418823242,19,14,25.913972854614254,19,14,7.850351333618168,76.85874163098183,175,1.2246467991473532e-16,-1.0,0.1864814327393847,7.850351333618168,1,3,2025
2025-06-25,Indo-Gangetic Plain,26.5,81.0,0.4188189804553985,80,58,34.036827087402344,19,14,26.889354705810547,19,14,7.147472381591797,78.75452970176921,176,1.2246467991473532e-16,-1.0,0.3498248216509363,7.147472381591797,1,3,2025
2025-06-26,Indo-Gangetic Plain,26.5,81.0,0.0,80,58,34.68428421020508,19,14,26.08030128479004,19,14,8.603982925415039,74.79203414916992,177,1.2246467991473532e-16,-1.0,0.0,8.603982925415039,1,3,2025
2025-06-27,Indo-Gangetic Plain,26.5,81.0,0.0,80,58,34.5910758972168,19,14,27.159976959228516,19,14,7.431098937988281,77.13780212402344,178,1.2246467991473532e-16,-1.0,0.0,7.431098937988281,1,3,2025
2025-06-28,Indo-Gangetic Plain,26.5,81.0,0.0,80,58,33.17216110229492,19,14,25.8268985748291,19,14,7.34526252746582,77.30947494506836,179,1.2246467991473532e-16,-1.0,0.0,7.34526252746582,1,3,2025
2025-06-29,Indo-Gangetic Plain,26.5,81.0,10.400928497314451,80,58,33.084739685058594,19,14,25.62299346923828,19,14,7.461746215820312,84.37759196600935,180,1.2246467991473532e-16,-1.0,2.4336947992166587,7.461746215820312,1,3,2025
2025-06-30,Indo-Gangetic Plain,26.5,81.0,0.6334595680236816,80,58,31.305076599121097,19,14,25.281593322753903,19,14,6.023483276367195,81.425134047287,181,1.2246467991473532e-16,-1.0,0.4907002000071312,6.023483276367195,1,3,2025
2025-07-01,Indo-Gangetic Plain,26.5,81.0,8.079748153686523,80,58,32.775455474853516,19,14,24.496654510498047,19,14,8.278800964355469,82.06053743884027,182,-0.4999999999999998,-0.8660254037844388,2.206046455850405,8.278800964355469,1,3,2025
2025-07-02,Indo-Gangetic Plain,26.5,81.0,23.385913848876953,80,58,34.1483039855957,19,14,25.602035522460938,19,14,8.546268463134766,84.4894800666937,183,-0.4999999999999998,-0.8660254037844388,3.194005664321079,8.546268463134766,1,3,2025
2025-07-03,Indo-Gangetic Plain,26.5,81.0,0.0,80,58,33.92109680175781,19,14,26.086528778076172,19,14,7.834568023681641,76.33086395263672,184,-0.4999999999999998,-0.8660254037844388,0.0,7.834568023681641,1,3,2025
2025-07-04,Indo-Gangetic Plain,26.5,81.0,3.281459331512451,80,58,34.286983489990234,19,14,26.430158615112305,19,14,7.85682487487793,80.64923200059881,185,-0.4999999999999998,-0.8660254037844388,1.4542939167848925,7.85682487487793,1,3,2025
2025-07-05,Indo-Gangetic Plain,26.5,81.0,4.600975513458252,80,58,33.73411178588867,19,14,25.86524772644043,19,14,7.868864059448242,81.43109422530975,186,-0.4999999999999998,-0.8660254037844388,1.7229407814020796,7.868864059448242,1,3,2025
2025-07-06,Indo-Gangetic Plain,26.5,81.0,9.21439266204834,80,58,34.81352615356445,19,14,26.198408126831055,19,14,8.615118026733398,81.7411572595337,187,-0.4999999999999998,-0.8660254037844388,2.3237977710001614,8.615118026733398,1,3,2025
2025-07-07,Indo-Gangetic Plain,26.5,81.0,0.0,80,58,35.62179183959961,19,14,26.579429626464844,19,14,9.042362213134766,73.91527557373047,188,-0.4999999999999998,-0.8660254037844388,0.0,9.042362213134766,1,3,2025
2025-07-08,Indo-Gangetic Plain,26.5,81.0,0.0,80,58,36.58283615112305,19,14,27.066621780395508,19,14,9.51621437072754,72.96757125854492,189,-0.4999999999999998,-0.8660254037844388,0.0,9.51621437072754,1,3,2025
2025-07-09,Indo-Gangetic Plain,26.5,81.0,24.4156494140625,80,58,31.798830032348633,19,14,25.358333587646484,19,14,6.440496444702148,88.82510241949127,190,-0.4999999999999998,-0.8660254037844388,3.2353651029651886,6.440496444702148,1,3,2025
2025-07-10,Indo-Gangetic Plain,26.5,81.0,4.002857685089111,80,58,32.97893524169922,19,14,24.82247543334961,19,14,8.15645980834961,80.51710824186132,191,-0.4999999999999998,-0.8660254037844388,1.6100092861868462,8.15645980834961,1,3,2025
2025-07-11,Indo-Gangetic Plain,26.5,81.0,0.0,80,58,32.13792037963867,19,14,25.41080093383789,19,14,6.727119445800781,78.54576110839844,192,-0.4999999999999998,-0.8660254037844388,0.0,6.727119445800781,1,3,2025
2025-07-12,Indo-Gangetic Plain,26.5,81.0,8.254398345947266,80,58,31.76543426513672,19,14,24.97005271911621,19,14,6.795381546020508,85.08453371407106,193,-0.4999999999999998,-0.8660254037844388,2.22509893537069,6.795381546020508,1,3,2025
2025-07-13,Indo-Gangetic Plain,26.5,81.0,15.420169830322266,80,58,33.890647888183594,19,14,25.146255493164062,19,14,8.744392395019531,82.90674655055582,194,-0.4999999999999998,-0.8660254037844388,2.7985104468649644,8.744392395019531,1,3,2025
2025-07-14,Indo-Gangetic Plain,26.5,81.0,16.451204299926758,80,58,33.4710578918457,19,14,24.649066925048828,19,14,8.821990966796875,82.93424404817478,195,-0.4999999999999998,-0.8660254037844388,2.8594086605895077,8.821990966796875,1,3,2025
2025-07-15,Indo-Gangetic Plain,26.5,81.0,0.1968021690845489,80,58,34.044918060302734,19,14,25.24287986755371,19,14,8.802038192749023,74.93488303642185,196,-0.4999999999999998,-0.8660254037844388,0.1796531406399668,8.802038192749023,1,3,2025
2025-07-16,Indo-Gangetic Plain,26.5,81.0,4.558963775634766,80,58,33.07600402832031,19,14,25.09581184387207,19,14,7.980192184448242,81.185850789917,197,-0.4999999999999998,-0.8660254037844388,1.7154117196044931,7.980192184448242,1,3,2025
2025-07-17,Indo-Gangetic Plain,26.5,81.0,13.4716215133667,80,58,30.93648910522461,19,14,25.027008056640625,19,14,5.909481048583984,88.19760668699851,198,-0.4999999999999998,-0.8660254037844388,2.6721895947221626,5.909481048583984,1,3,2025
2025-07-18,Indo-Gangetic Plain,26.5,81.0,2.586960792541504,80,58,33.80076599121094,19,14,24.595457077026367,19,14,9.20530891418457,77.421297975807,199,-0.4999999999999998,-0.8660254037844388,1.2773052680587111,9.20530891418457,1,3,2025
2025-07-19,Indo-Gangetic Plain,26.5,81.0,0.0,80,58,35.14743423461914,19,14,25.817092895507812,19,14,9.330341339111328,73.33931732177734,200,-0.4999999999999998,-0.8660254037844388,0.0,9.330341339111328,1,3,2025
2025-07-20,Indo-Gangetic Plain,26.5,81.0,0.0,80,58,34.45643615722656,19,14,26.930343627929688,19,14,7.526092529296875,76.94781494140625,201,-0.4999999999999998,-0.8660254037844388,0.0,7.526092529296875,1,3,2025
2025-07-21,Indo-Gangetic Plain,26.5,81.0,0.0,80,58,35.60055160522461,19,14,26.520862579345703,19,14,9.079689025878906,73.84062194824219,202,-0.4999999999999998,-0.8660254037844388,0.0,9.079689025878906,1,3,2025
2025-07-22,Indo-Gangetic Plain,26.5,81.0,0.0,80,58,36.01750183105469,19,14,26.748394012451172,19,14,9.269107818603516,73.46178436279297,203,-0.4999999999999998,-0.8660254037844388,0.0,9.269107818603516,1,3,2025
2025-07-23,Indo-Gangetic Plain,26.5,81.0,0.266521155834198,80,58,36.151123046875,19,14,27.235265731811523,19,14,8.915857315063477,74.87710705335014,204,-0.4999999999999998,-0.8660254037844388,0.2362738944923639,8.915857315063477,1,3,2025
2025-07-24,Indo-Gangetic Plain,26.5,81.0,0.0,80,58,35.32672882080078,19,14,26.88808250427246,19,14,8.43864631652832,75.12270736694336,205,-0.4999999999999998,-0.8660254037844388,0.0,8.43864631652832,1,3,2025
2025-07-25,Indo-Gangetic Plain,26.5,81.0,0.0,80,58,35.26103591918945,19,14,27.06177520751953,19,14,8.199260711669922,75.60147857666016,206,-0.4999999999999998,-0.8660254037844388,0.0,8.199260711669922,1,3,2025
2025-07-26,Indo-Gangetic Plain,26.5,81.0,14.57880687713623,80,58,32.774532318115234,19,14,25.12440490722656,19,14,7.650127410888675,84.93747954950854,207,-0.4999999999999998,-0.8660254037844388,2.7459114570952963,7.650127410888675,1,3,2025
2025-07-27,Indo-Gangetic Plain,26.5,81.0,2.4972896575927734,80,58,32.6671028137207,19,14,25.91409683227539,19,14,6.7530059814453125,82.24995289199126,208,-0.4999999999999998,-0.8660254037844388,1.2519882849606274,6.7530059814453125,1,3,2025
2025-07-28,Indo-Gangetic Plain,26.5,81.0,5.749242305755615,80,58,31.405149459838867,19,14,26.431425094604492,19,14,4.973724365234375,87.78084201228522,209,-0.4999999999999998,-0.8660254037844388,1.9094302475846552,4.973724365234375,1,3,2025
2025-07-29,Indo-Gangetic Plain,26.5,81.0,20.595155715942383,80,58,32.48888397216797,19,14,25.81725692749023,19,14,6.671627044677738,87.87415296202622,210,-0.4999999999999998,-0.8660254037844388,3.072469017127226,6.671627044677738,1,3,2025
2025-07-30,Indo-Gangetic Plain,26.5,81.0,12.913209915161133,80,58,32.4303092956543,19,14,25.187360763549805,19,14,7.242948532104492,85.41261916312685,211,-0.4999999999999998,-0.8660254037844388,2.632838742445277,7.242948532104492,1,3,2025
2025-07-31,Indo-Gangetic Plain,26.5,81.0,10.078965187072754,80,58,30.87437629699707,19,14,25.33182716369629,19,14,5.542549133300781,88.13004658026561,212,-0.4999999999999998,-0.8660254037844388,2.40504828228906,5.542549133300781,1,3,2025
2025-08-01,Indo-Gangetic Plain,26.5,81.0,12.267099380493164,80,58,32.208003997802734,19,14,25.186023712158203,19,14,7.021980285644531,85.71190114784231,213,-0.8660254037844384,-0.5000000000000004,2.5852872397104596,7.021980285644531,1,3,2025
2025-08-02,Indo-Gangetic Plain,26.5,81.0,0.0,80,58,31.5284481048584,19,14,25.855810165405273,19,14,5.672637939453125,80.65472412109375,214,-0.8660254037844384,-0.5000000000000004,0.0,5.672637939453125,1,3,2025
2025-08-03,Indo-Gangetic Plain,26.5,81.0,19.17840003967285,80,58,29.30943489074707,19,14,25.51648712158203,19,14,3.792947769165039,93.42794264364802,215,-0.8660254037844384,-0.5000000000000004,3.004612727326033,3.792947769165039,1,3,2025
2025-08-04,Indo-Gangetic Plain,26.5,81.0,88.38215637207031,80,58,28.455089569091797,19,14,24.422813415527344,19,14,4.032276153564453,97.41421090018468,216,-0.8660254037844384,-0.5000000000000004,4.492921069104528,4.032276153564453,1,3,2025
2025-08-05,Indo-Gangetic Plain,26.5,81.0,19.931678771972656,80,58,32.67717742919922,19,14,24.76077461242676,19,14,7.916402816772457,85.2909855928355,217,-0.8660254037844384,-0.5000000000000004,3.0412637421268065,7.916402816772457,1,3,2025
2025-08-06,Indo-Gangetic Plain,26.5,81.0,11.219437599182127,80,58,33.499794006347656,19,14,24.755104064941406,19,14,8.74468994140625,82.01970390630002,218,-0.8660254037844384,-0.5000000000000004,2.5030279297041735,8.74468994140625,1,3,2025
2025-08-07,Indo-Gangetic Plain,26.5,81.0,4.904378890991211,80,58,35.36532974243164,19,14,25.329130172729492,19,14,10.036199569702148,77.25468364222294,219,-0.8660254037844384,-0.5000000000000004,1.775694260542414,10.036199569702148,1,3,2025
2025-08-08,Indo-Gangetic Plain,26.5,81.0,46.967628479003906,80,58,30.441186904907227,19,14,26.069660186767575,19,14,4.371526718139652,94.86852569383866,220,-0.8660254037844384,-0.5000000000000004,3.870526376705985,4.371526718139652,1,3,2025
2025-08-09,Indo-Gangetic Plain,26.5,81.0,11.604290962219238,80,58,32.39033508300781,19,14,24.963409423828125,19,14,7.426925659179688,84.7482606072596,221,-0.8660254037844384,-0.5000000000000004,2.534037308539655,7.426925659179688,1,3,2025
2025-08-10,Indo-Gangetic Plain,26.5,81.0,0.0,80,58,33.871620178222656,19,14,25.68259048461914,19,14,8.189029693603516,75.62194061279297,222,-0.8660254037844384,-0.5000000000000004,0.0,8.189029693603516,1,3,2025
2025-08-11,Indo-Gangetic Plain,26.5,81.0,0.0,80,58,32.27796936035156,19,14,26.16717529296875,19,14,6.1107940673828125,79.77841186523438,223,-0.8660254037844384,-0.5000000000000004,0.0,6.1107940673828125,1,3,2025
2025-08-12,Indo-Gangetic Plain,26.5,81.0,3.220506191253662,80,58,34.29780960083008,19,14,25.860780715942383,19,14,8.437028884887695,79.44580744439003,224,-0.8660254037844384,-0.5000000000000004,1.4399550713884737,8.437028884887695,1,3,2025
2025-08-13,Indo-Gangetic Plain,26.5,81.0,0.0,80,58,32.542381286621094,19,14,26.50456428527832,19,14,6.037817001342773,79.92436599731445,225,-0.8660254037844384,-0.5000000000000004,0.0,6.037817001342773,1,3,2025
2025-08-14,Indo-Gangetic Plain,26.5,81.0,10.665685653686523,80,58,33.22053146362305,19,14,25.202136993408203,19,14,8.018394470214844,83.33316610694713,226,-0.8660254037844384,-0.5000000000000004,2.456651682458939,8.018394470214844,1,3,2025
2025-08-15,Indo-Gangetic Plain,26.5,81.0,1.3376461267471311,80,58,34.95329284667969,19,14,25.888402938842773,19,14,9.064889907836914,76.41765366735576,227,-0.8660254037844384,-0.5000000000000004,0.8491444943431988,9.064889907836914,1,3,2025
2025-08-16,Indo-Gangetic Plain,26.5,81.0,0.0,80,58,35.16937255859375,19,14,26.50101661682129,19,14,8.668355941772461,74.66328811645508,228,-0.8660254037844384,-0.5000000000000004,0.0,8.668355941772461,1,3,2025
2025-08-17,Indo-Gangetic Plain,26.5,81.0,0.0,80,58,36.05110549926758,19,14,27.27852249145508,19,14,8.772583007812496,74.454833984375,229,-0.8660254037844384,-0.5000000000000004,0.0,8.772583007812496,1,3,2025
2025-08-18,Indo-Gangetic Plain,26.5,81.0,0.0,80,58,34.28509521484375,19,14,26.451181411743164,19,14,7.833913803100586,76.33217239379883,230,-0.8660254037844384,-0.5000000000000004,0.0,7.833913803100586,1,3,2025
2025-08-19,Indo-Gangetic Plain,26.5,81.0,0.0,80,58,34.419071197509766,19,14,26.65304183959961,19,14,7.766029357910156,76.46794128417969,231,-0.8660254037844384,-0.5000000000000004,0.0,7.766029357910156,1,3,2025
2025-08-20,Indo-Gangetic Plain,26.5,81.0,0.0,80,58,33.83016586303711,19,14,26.61994171142578,19,14,7.210224151611328,77.57955169677734,232,-0.8660254037844384,-0.5000000000000004,0.0,7.210224151611328,1,3,2025
2025-08-21,Indo-Gangetic Plain,26.5,81.0,0.1066011637449264,80,58,33.113136291503906,19,14,26.259267807006836,19,14,6.85386848449707,78.5961429403701,233,-0.8660254037844384,-0.5000000000000004,0.1012933031214118,6.85386848449707,1,3,2025
2025-08-22,Indo-Gangetic Plain,26.5,81.0,11.505539894104004,80,58,32.76434326171875,19,14,25.765907287597656,19,14,6.998435974121094,85.58164326472647,234,-0.8660254037844384,-0.5000000000000004,2.5261717376562176,6.998435974121094,1,3,2025
2025-08-23,Indo-Gangetic Plain,26.5,81.0,7.931488990783691,80,58,32.54701614379883,19,14,25.30619430541992,19,14,7.24082183837891,84.08710568707654,235,-0.8660254037844384,-0.5000000000000004,2.189583121278118,7.24082183837891,1,3,2025
2025-08-24,Indo-Gangetic Plain,26.5,81.0,7.265649318695068,80,58,31.055278778076172,19,14,25.459508895874023,19,14,5.595769882202148,87.14478510752369,236,-0.8660254037844384,-0.5000000000000004,2.112108290642663,5.595769882202148,1,3,2025
2025-08-25,Indo-Gangetic Plain,26.5,81.0,31.195518493652344,80,58,31.674396514892575,19,14,25.201358795166016,19,14,6.473037719726559,89.46940635749252,237,-0.8660254037844384,-0.5000000000000004,3.4718272656485496,6.473037719726559,1,3,2025
2025-08-26,Indo-Gangetic Plain,26.5,81.0,3.1333675384521484,80,58,33.37152099609375,19,14,25.16748046875,19,14,8.20404052734375,79.84919632333434,238,-0.8660254037844384,-0.5000000000000004,1.4190924593406118,8.20404052734375,1,3,2025
2025-08-27,Indo-Gangetic Plain,26.5,81.0,6.056229114532471,80,58,35.0203857421875,19,14,25.941783905029297,19,14,9.078601837158203,79.70452869285691,239,-0.8660254037844384,-0.5000000000000004,1.9539107890577747,9.078601837158203,1,3,2025
2025-08-28,Indo-Gangetic Plain,26.5,81.0,0.0,80,58,34.08476638793945,19,14,26.60395622253418,19,14,7.480810165405273,77.03837966918945,240,-0.8660254037844384,-0.5000000000000004,0.0,7.480810165405273,1,3,2025
2025-08-29,Indo-Gangetic Plain,26.5,81.0,0.0,80,58,33.57325744628906,19,14,26.785497665405273,19,14,6.787759780883789,78.42448043823242,241,-0.8660254037844384,-0.5000000000000004,0.0,6.787759780883789,1,3,2025
2025-08-30,Indo-Gangetic Plain,26.5,81.0,0.0,80,58,33.96913528442383,19,14,26.492525100708008,19,14,7.47661018371582,77.04677963256836,242,-0.8660254037844384,-0.5000000000000004,0.0,7.47661018371582,1,3,2025
2025-08-31,Indo-Gangetic Plain,26.5,81.0,3.2206828594207764,80,58,33.31010818481445,19,14,26.192304611206055,19,14,7.117803573608398,82.0843836427409,243,-0.8660254037844384,-0.5000000000000004,1.4399969299859008,7.117803573608398,1,3,2025
2025-09-01,Indo-Gangetic Plain,26.5,81.0,48.53167343139648,80,58,30.53896713256836,19,14,24.27509498596191,19,14,6.263872146606449,91.18009270353048,244,-1.0,-1.8369701987210294e-16,3.902612332247787,6.263872146606449,1,3,2025
2025-09-02,Indo-Gangetic Plain,26.5,81.0,31.9932861328125,80,58,32.07566833496094,19,14,24.26914405822754,19,14,7.806524276733398,86.87586371727355,245,-1.0,-1.8369701987210294e-16,3.4963040902467823,7.806524276733398,1,3,2025
2025-09-03,Indo-Gangetic Plain,26.5,81.0,3.483085870742798,80,58,33.4076042175293,19,14,24.89950180053711,19,14,8.508102416992188,79.48473002523421,246,-1.0,-1.8369701987210294e-16,1.5003116197395283,8.508102416992188,1,3,2025
2025-09-04,Indo-Gangetic Plain,26.5,81.0,0.0,80,58,32.616703033447266,19,14,25.703569412231445,19,14,6.91313362121582,78.17373275756836,247,-1.0,-1.8369701987210294e-16,0.0,6.91313362121582,1,3,2025
2025-09-05,Indo-Gangetic Plain,26.5,81.0,5.703968524932861,80,58,33.20231246948242,19,14,25.248071670532227,19,14,7.954240798950195,81.79961740670115,248,-1.0,-1.8369701987210294e-16,1.902699668200512,7.954240798950195,1,3,2025
2025-09-06,Indo-Gangetic Plain,26.5,81.0,0.0,80,58,34.31959915161133,19,14,25.9112606048584,19,14,8.40833854675293,75.18332290649414,249,-1.0,-1.8369701987210294e-16,0.0,8.40833854675293,1,3,2025
2025-09-07,Indo-Gangetic Plain,26.5,81.0,0.0,80,58,34.76670455932617,19,14,25.459735870361328,19,14,9.306968688964844,73.38606262207031,250,-1.0,-1.8369701987210294e-16,0.0,9.306968688964844,1,3,2025
2025-09-08,Indo-Gangetic Plain,26.5,81.0,0.0,80,58,34.39115905761719,19,14,25.699222564697266,19,14,8.691936492919922,74.61612701416016,251,-1.0,-1.8369701987210294e-16,0.0,8.691936492919922,1,3,2025
2025-09-09,Indo-Gangetic Plain,26.5,81.0,2.603891134262085,80,58,33.79679489135742,19,14,25.350074768066406,19,14,8.446720123291016,78.952602150529,252,-1.0,-1.8369701987210294e-16,1.2820141323703431,8.446720123291016,1,3,2025
2025-09-10,Indo-Gangetic Plain,26.5,81.0,6.901463031768799,80,58,34.8389892578125,19,14,26.123369216918945,19,14,8.715620040893555,80.76990372687736,253,-1.0,-1.8369701987210294e-16,2.067047936221488,8.715620040893555,1,3,2025
2025-09-11,Indo-Gangetic Plain,26.5,81.0,0.0,80,58,33.85268783569336,19,14,26.297130584716797,19,14,7.555557250976563,76.88888549804688,254,-1.0,-1.8369701987210294e-16,0.0,7.555557250976563,1,3,2025
2025-09-12,Indo-Gangetic Plain,26.5,81.0,0.0,80,58,34.31563186645508,19,14,26.026580810546875,19,14,8.289051055908203,75.4218978881836,255,-1.0,-1.8369701987210294e-16,0.0,8.289051055908203,1,3,2025
2025-09-13,Indo-Gangetic Plain,26.5,81.0,0.0,80,58,35.562278747558594,19,14,26.317209243774418,19,14,9.245069503784176,73.50986099243164,256,-1.0,-1.8369701987210294e-16,0.0,9.245069503784176,1,3,2025
2025-09-14,Indo-Gangetic Plain,26.5,81.0,0.0,80,58,35.09735107421875,19,14,26.467363357543945,19,14,8.629987716674805,74.74002456665039,257,-1.0,-1.8369701987210294e-16,0.0,8.629987716674805,1,3,2025
2025-09-15,Indo-Gangetic Plain,26.5,81.0,8.63686752319336,80,58,32.699134826660156,19,14,26.20193099975586,19,14,6.497203826904297,85.80238067645938,258,-1.0,-1.8369701987210294e-16,2.265596110089322,6.497203826904297,1,3,2025
2025-09-16,Indo-Gangetic Plain,26.5,81.0,9.899572372436523,80,58,31.228315353393555,19,14,24.981536865234375,19,14,6.24677848815918,86.67261369341848,259,-1.0,-1.8369701987210294e-16,2.3887235565789497,6.24677848815918,1,3,2025
2025-09-17,Indo-Gangetic Plain,26.5,81.0,9.201951026916504,80,58,32.064090728759766,19,14,24.954620361328125,19,14,7.109470367431641,84.74879620258,260,-1.0,-1.8369701987210294e-16,2.3225789791477607,7.109470367431641,1,3,2025
2025-09-18,Indo-Gangetic Plain,26.5,81.0,7.348738193511963,80,58,31.562055587768555,19,14,24.75351905822754,19,14,6.808536529541016,84.749258179601,261,-1.0,-1.8369701987210294e-16,2.1221104128943447,6.808536529541016,1,3,2025
2025-09-19,Indo-Gangetic Plain,26.5,81.0,9.46879768371582,80,58,32.58723449707031,19,14,24.611553192138672,19,14,7.975681304931641,83.09383494176883,262,-1.0,-1.8369701987210294e-16,2.3483991838773735,7.975681304931641,1,3,2025
2025-09-20,Indo-Gangetic Plain,26.5,81.0,1.789499282836914,80,58,33.85634231567383,19,14,25.300460815429688,19,14,8.55588150024414,77.96582333314063,263,-1.0,-1.8369701987210294e-16,1.0258621112096378,8.55588150024414,1,3,2025
2025-09-21,Indo-Gangetic Plain,26.5,81.0,0.0,80,58,35.0194091796875,19,14,25.55533218383789,19,14,9.46407699584961,73.07184600830078,264,-1.0,-1.8369701987210294e-16,0.0,9.46407699584961,1,3,2025
2025-09-22,Indo-Gangetic Plain,26.5,81.0,0.0,80,58,35.42090606689453,19,14,25.555307388305664,19,14,9.865598678588867,72.26880264282227,265,-1.0,-1.8369701987210294e-16,0.0,9.865598678588867,1,3,2025
2025-09-23,Indo-Gangetic Plain,26.5,81.0,3.198253870010376,80,58,35.810237884521484,19,14,25.887617111206055,19,14,9.92262077331543,76.4587645341922,266,-1.0,-1.8369701987210294e-16,1.434668693607687,9.92262077331543,1,3,2025
2025-09-24,Indo-Gangetic Plain,26.5,81.0,0.0,80,58,35.467369079589844,19,14,25.774797439575195,19,14,9.692571640014648,72.6148567199707,267,-1.0,-1.8369701987210294e-16,0.0,9.692571640014648,1,3,2025
2025-09-25,Indo-Gangetic Plain,26.5,81.0,0.0,80,58,34.622745513916016,19,14,24.85892868041992,19,14,9.763816833496096,72.47236633300781,268,-1.0,-1.8369701987210294e-16,0.0,9.763816833496096,1,3,2025
2025-09-26,Indo-Gangetic Plain,26.5,81.0,0.0,80,58,35.59248733520508,19,14,25.811338424682617,19,14,9.78114891052246,72.43770217895508,269,-1.0,-1.8369701987210294e-16,0.0,9.78114891052246,1,3,2025
2025-09-27,Indo-Gangetic Plain,26.5,81.0,0.0,80,58,33.00246810913086,19,14,25.513233184814453,19,14,7.489234924316406,77.02153015136719,270,-1.0,-1.8369701987210294e-16,0.0,7.489234924316406,1,3,2025
2025-09-28,Indo-Gangetic Plain,26.5,81.0,0.6853401064872742,80,58,33.92262649536133,19,14,25.936965942382812,19,14,7.985660552978516,77.59458105519077,271,-1.0,-1.8369701987210294e-16,0.5219673870492694,7.985660552978516,1,3,2025
2025-09-29,Indo-Gangetic Plain,26.5,81.0,0.0,80,58,34.963287353515625,19,14,26.168922424316406,19,14,8.794364929199219,74.41127014160156,272,-1.0,-1.8369701987210294e-16,0.0,8.794364929199219,1,3,2025
2025-09-30,Indo-Gangetic Plain,26.5,81.0,0.0,80,58,33.641929626464844,19,14,25.91508674621582,19,14,7.726842880249023,76.54631423950195,273,-1.0,-1.8369701987210294e-16,0.0,7.726842880249023,1,3,2025
2025-10-01,Indo-Gangetic Plain,26.5,81.0,1.0672404766082764,80,58,32.837867736816406,19,14,24.188579559326172,19,14,8.649288177490234,76.88006748947072,274,-0.8660254037844386,0.5000000000000001,0.7262146148170625,8.649288177490234,1,3,2025
2025-10-02,Indo-Gangetic Plain,26.5,81.0,6.3223748207092285,80,58,31.314302444458008,19,14,24.03976249694824,19,14,7.274539947509769,83.42372421822886,275,-0.8660254037844386,0.5000000000000001,1.9909347044161307,7.274539947509769,1,3,2025
2025-10-03,Indo-Gangetic Plain,26.5,81.0,1.4524474143981934,80,58,30.460269927978516,19,14,24.008522033691406,19,14,6.451747894287109,81.78776362321312,276,-0.8660254037844386,0.5000000000000001,0.8970864705957806,6.451747894287109,1,3,2025
2025-10-04,Indo-Gangetic Plain,26.5,81.0,31.54108428955078,80,58,30.227611541748047,19,14,23.758560180664062,19,14,6.469051361083984,89.50940754677133,277,-0.8660254037844386,0.5000000000000001,3.4825034229797662,6.469051361083984,1,3,2025
2025-10-05,Indo-Gangetic Plain,26.5,81.0,0.0,80,58,33.69328308105469,19,14,23.321571350097656,19,14,10.371711730957031,71.25657653808594,278,-0.8660254037844386,0.5000000000000001,0.0,10.371711730957031,1,3,2025
2025-10-06,Indo-Gangetic Plain,26.5,81.0,1.218382477760315,80,58,33.62739181518555,19,14,23.899993896484375,19,14,9.727397918701172,74.93553911268205,279,-0.8660254037844386,0.5000000000000001,0.7967783166947981,9.727397918701172,1,3,2025
2025-10-07,Indo-Gangetic Plain,26.5,81.0,5.970561504364014,80,58,32.027042388916016,19,14,22.599931716918945,19,14,9.42711067199707,78.97086600108977,280,-0.8660254037844386,0.5000000000000001,1.94169578169464,9.42711067199707,1,3,2025
2025-10-08,Indo-Gangetic Plain,26.5,81.0,0.4188189804553985,80,58,31.98225975036621,19,14,22.586362838745117,19,14,9.395896911621094,74.25768064171062,281,-0.8660254037844386,0.5000000000000001,0.3498248216509363,9.395896911621094,1,3,2025
2025-10-09,Indo-Gangetic Plain,26.5,81.0,0.0,80,58,31.356781005859375,19,14,22.04267120361328,19,14,9.314109802246094,73.37178039550781,282,-0.8660254037844386,0.5000000000000001,0.0,9.314109802246094,1,3,2025
2025-10-10,Indo-Gangetic Plain,26.5,81.0,0.0,80,58,31.246559143066406,19,14,20.052030563354492,19,14,11.194528579711914,69.61094284057617,283,-0.8660254037844386,0.5000000000000001,0.0,11.194528579711914,1,3,2025
2025-10-11,Indo-Gangetic Plain,26.5,81.0,0.0,80,58,31.454856872558594,19,14,19.055580139160156,19,14,12.399276733398438,67.20144653320312,284,-0.8660254037844386,0.5000000000000001,0.0,12.399276733398438,1,3,2025
2025-10-12,Indo-Gangetic Plain,26.5,81.0,0.0,80,58,31.634571075439453,19,14,17.85996437072754,19,14,13.774606704711914,64.45078659057617,285,-0.8660254037844386,0.5000000000000001,0.0,13.774606704711914,1,3,2025
2025-10-13,Indo-Gangetic Plain,26.5,81.0,0.0,80,58,32.31169509887695,19,14,17.61003303527832,19,14,14.701662063598633,62.596675872802734,286,-0.8660254037844386,0.5000000000000001,0.0,14.701662063598633,1,3,2025
2025-10-14,Indo-Gangetic Plain,26.5,81.0,0.0,80,58,32.679874420166016,19,14,17.514892578125,19,14,15.164981842041016,61.67003631591797,287,-0.8660254037844386,0.5000000000000001,0.0,15.164981842041016,1,3,2025
2025-10-15,Indo-Gangetic Plain,26.5,81.0,0.0,80,58,32.53242111206055,19,14,18.195453643798828,19,14,14.33696746826172,63.32606506347656,288,-0.8660254037844386,0.5000000000000001,0.0,14.33696746826172,1,3,2025
2025-10-16,Indo-Gangetic Plain,26.5,81.0,0.0,80,58,32.849308013916016,19,14,18.33956718444824,19,14,14.509740829467775,62.980518341064446,289,-0.8660254037844386,0.5000000000000001,0.0,14.509740829467775,1,3,2025
2025-10-17,Indo-Gangetic Plain,26.5,81.0,0.0,80,58,33.25563049316406,19,14,18.12820625305176,19,14,15.1274242401123,61.7451515197754,290,-0.8660254037844386,0.5000000000000001,0.0,15.1274242401123,1,3,2025
2025-10-18,Indo-Gangetic Plain,26.5,81.0,0.0,80,58,32.96669006347656,19,14,18.777069091796875,19,14,14.189620971679688,63.620758056640625,291,-0.8660254037844386,0.5000000000000001,0.0,14.189620971679688,1,3,2025
2025-10-19,Indo-Gangetic Plain,26.5,81.0,0.0,80,58,32.65816879272461,19,14,19.185169219970703,19,14,13.472999572753906,65.05400085449219,292,-0.8660254037844386,0.5000000000000001,0.0,13.472999572753906,1,3,2025
2025-10-20,Indo-Gangetic Plain,26.5,81.0,0.0,80,58,32.70117950439453,19,14,19.46011734008789,19,14,13.24106216430664,65.51787567138672,293,-0.8660254037844386,0.5000000000000001,0.0,13.24106216430664,1,3,2025
2025-10-21,Indo-Gangetic Plain,26.5,81.0,0.0,80,58,32.31203079223633,19,14,20.728713989257812,19,14,11.583316802978516,68.83336639404297,294,-0.8660254037844386,0.5000000000000001,0.0,11.583316802978516,1,3,2025
2025-10-22,Indo-Gangetic Plain,26.5,81.0,0.0,80,58,32.59772491455078,19,14,22.03148078918457,19,14,10.566244125366213,70.86751174926758,295,-0.8660254037844386,0.5000000000000001,0.0,10.566244125366213,1,3,2025
2025-10-23,Indo-Gangetic Plain,26.5,81.0,0.0,80,58,33.28603744506836,19,14,21.94256591796875,19,14,11.34347152709961,69.31305694580078,296,-0.8660254037844386,0.5000000000000001,0.0,11.34347152709961,1,3,2025
2025-10-24,Indo-Gangetic Plain,26.5,81.0,0.0,80,58,33.308799743652344,19,14,20.82516860961914,19,14,12.483631134033203,67.0327377319336,297,-0.8660254037844386,0.5000000000000001,0.0,12.483631134033203,1,3,2025
2025-10-25,Indo-Gangetic Plain,26.5,81.0,0.0,80,58,32.47127151489258,19,14,20.33260726928711,19,14,12.138664245605469,67.72267150878906,298,-0.8660254037844386,0.5000000000000001,0.0,12.138664245605469,1,3,2025
2025-10-26,Indo-Gangetic Plain,26.5,81.0,0.0,80,58,32.04298782348633,19,14,20.39375686645508,19,14,11.649230957031246,68.7015380859375,299,-0.8660254037844386,0.5000000000000001,0.0,11.649230957031246,1,3,2025
2025-10-27,Indo-Gangetic Plain,26.5,81.0,0.0,80,58,27.639745712280273,19,14,20.994327545166016,19,14,6.645418167114258,78.70916366577148,300,-0.8660254037844386,0.5000000000000001,0.0,6.645418167114258,1,3,2025
2025-10-28,Indo-Gangetic Plain,26.5,81.0,0.5037458539009094,80,58,26.093408584594727,19,14,20.195362091064453,19,14,5.898046493530273,81.42778470632892,301,-0.8660254037844386,0.5000000000000001,0.407959231129823,5.898046493530273,1,3,2025
2025-10-29,Indo-Gangetic Plain,26.5,81.0,0.0,80,58,28.433074951171875,19,14,20.00287818908691,19,14,8.430196762084964,75.13960647583008,302,-0.8660254037844386,0.5000000000000001,0.0,8.430196762084964,1,3,2025
2025-10-30,Indo-Gangetic Plain,26.5,81.0,3.477255344390869,80,58,24.346942901611328,19,14,21.80530548095703,19,14,2.541637420654297,91.41375579571476,303,-0.8660254037844386,0.5000000000000001,1.4990102123411155,2.541637420654297,1,3,2025
2025-10-31,Indo-Gangetic Plain,26.5,81.0,18.91288948059082,80,58,24.91387939453125,19,14,20.379138946533203,19,14,4.534740447998047,91.90462080794696,304,-0.8660254037844386,0.5000000000000001,2.991367234647684,4.534740447998047,1,3,2025
2025-11-01,Indo-Gangetic Plain,26.5,81.0,0.7152525186538696,80,58,28.57223892211914,19,14,20.63614845275879,19,14,7.936090469360352,77.74649999420902,305,-0.5000000000000004,0.8660254037844384,0.5395603109765736,7.936090469360352,1,3,2025
2025-11-02,Indo-Gangetic Plain,26.5,81.0,0.0,80,58,29.974409103393555,19,14,19.54751205444336,19,14,10.426897048950195,71.14620590209961,306,-0.5000000000000004,0.8660254037844384,0.0,10.426897048950195,1,3,2025
2025-11-03,Indo-Gangetic Plain,26.5,81.0,0.0,80,58,30.498579025268555,19,14,18.106523513793945,19,14,12.39205551147461,67.21588897705078,307,-0.5000000000000004,0.8660254037844384,0.0,12.39205551147461,1,3,2025
2025-11-04,Indo-Gangetic Plain,26.5,81.0,0.0,80,58,31.074365615844727,19,14,15.930792808532717,19,14,15.14357280731201,61.71285438537598,308,-0.5000000000000004,0.8660254037844384,0.0,15.14357280731201,1,3,2025
2025-11-05,Indo-Gangetic Plain,26.5,81.0,0.0,80,58,31.357494354248047,19,14,18.13774871826172,19,14,13.219745635986328,65.56050872802734,309,-0.5000000000000004,0.8660254037844384,0.0,13.219745635986328,1,3,2025
2025-11-06,Indo-Gangetic Plain,26.5,81.0,0.0,80,58,30.19954490661621,19,14,17.59250831604004,19,14,12.607036590576172,66.78592681884766,310,-0.5000000000000004,0.8660254037844384,0.0,12.607036590576172,1,3,2025
2025-11-07,Indo-Gangetic Plain,26.5,81.0,0.0,80,58,29.189720153808594,19,14,14.034225463867188,19,14,15.155494689941406,61.68901062011719,311,-0.5000000000000004,0.8660254037844384,0.0,15.155494689941406,1,3,2025
2025-11-08,Indo-Gangetic Plain,26.5,81.0,0.0,80,58,29.259689331054688,19,14,13.080327987670898,19,14,16.17936134338379,59.64127731323242,312,-0.5000000000000004,0.8660254037844384,0.0,16.17936134338379,1,3,2025
2025-11-09,Indo-Gangetic Plain,26.5,81.0,0.0,80,58,28.951318740844727,19,14,12.257877349853516,19,14,16.69344139099121,58.61311721801758,313,-0.5000000000000004,0.8660254037844384,0.0,16.69344139099121,1,3,2025
2025-11-10,Indo-Gangetic Plain,26.5,81.0,0.0,80,58,28.421804428100582,19,14,11.544869422912598,19,14,16.876935005187985,58.24612998962403,314,-0.5000000000000004,0.8660254037844384,0.0,16.876935005187985,1,3,2025
2025-11-11,Indo-Gangetic Plain,26.5,81.0,0.0,80,58,28.602458953857425,19,14,11.022382736206056,19,14,17.580076217651367,56.839847564697266,315,-0.5000000000000004,0.8660254037844384,0.0,17.580076217651367,1,3,2025
2025-11-12,Indo-Gangetic Plain,26.5,81.0,0.0,80,58,28.637714385986328,19,14,10.94904899597168,19,14,17.68866539001465,56.6226692199707,316,-0.5000000000000004,0.8660254037844384,0.0,17.68866539001465,1,3,2025
2025-11-13,Indo-Gangetic Plain,26.5,81.0,0.0,80,58,28.79477310180664,19,14,10.47713565826416,19,14,18.31763744354248,55.36472511291504,317,-0.5000000000000004,0.8660254037844384,0.0,18.31763744354248,1,3,2025
2025-11-14,Indo-Gangetic Plain,26.5,81.0,0.0,80,58,27.683134078979492,19,14,10.325102806091309,19,14,17.358031272888184,57.28393745422363,318,-0.5000000000000004,0.8660254037844384,0.0,17.358031272888184,1,3,2025
2025-11-15,Indo-Gangetic Plain,26.5,81.0,0.0,80,58,27.785356521606445,19,14,9.66777801513672,19,14,18.117578506469727,55.76484298706055,319,-0.5000000000000004,0.8660254037844384,0.0,18.117578506469727,1,3,2025
2025-11-16,Indo-Gangetic Plain,26.5,81.0,0.0,80,58,27.956117630004883,19,14,9.884629249572754,19,14,18.07148838043213,55.85702323913574,320,-0.5000000000000004,0.8660254037844384,0.0,18.07148838043213,1,3,2025
2025-11-17,Indo-Gangetic Plain,26.5,81.0,0.0,80,58,27.79497528076172,19,14,10.389799118041992,19,14,17.405176162719727,57.18964767456055,321,-0.5000000000000004,0.8660254037844384,0.0,17.405176162719727,1,3,2025
2025-11-18,Indo-Gangetic Plain,26.5,81.0,0.0,80,58,28.301530838012695,19,14,10.706676483154297,19,14,17.5948543548584,56.8102912902832,322,-0.5000000000000004,0.8660254037844384,0.0,17.5948543548584,1,3,2025
2025-11-19,Indo-Gangetic Plain,26.5,81.0,0.0,80,58,27.83574676513672,19,14,11.743382453918455,19,14,16.09236431121826,59.81527137756348,323,-0.5000000000000004,0.8660254037844384,0.0,16.09236431121826,1,3,2025
2025-11-20,Indo-Gangetic Plain,26.5,81.0,0.0,80,58,27.809860229492188,19,14,12.24752426147461,19,14,15.562335968017578,60.87532806396485,324,-0.5000000000000004,0.8660254037844384,0.0,15.562335968017578,1,3,2025
2025-11-21,Indo-Gangetic Plain,26.5,81.0,0.0,80,58,27.443256378173828,19,14,13.03074073791504,19,14,14.412515640258787,63.17496871948242,325,-0.5000000000000004,0.8660254037844384,0.0,14.412515640258787,1,3,2025
2025-11-22,Indo-Gangetic Plain,26.5,81.0,0.0,80,58,27.249818801879883,19,14,13.104223251342772,19,14,14.145595550537111,63.70880889892578,326,-0.5000000000000004,0.8660254037844384,0.0,14.145595550537111,1,3,2025
2025-11-23,Indo-Gangetic Plain,26.5,81.0,0.0,80,58,27.11966133117676,19,14,12.459442138671877,19,14,14.660219192504885,62.679561614990234,327,-0.5000000000000004,0.8660254037844384,0.0,14.660219192504885,1,3,2025
2025-11-24,Indo-Gangetic Plain,26.5,81.0,0.0,80,58,27.07385635375977,19,14,11.489974975585938,19,14,15.583881378173832,60.83223724365234,328,-0.5000000000000004,0.8660254037844384,0.0,15.583881378173832,1,3,2025
2025-11-25,Indo-Gangetic Plain,26.5,81.0,0.0,80,58,25.499046325683594,19,14,10.999456405639648,19,14,14.499589920043944,63.00082015991211,329,-0.5000000000000004,0.8660254037844384,0.0,14.499589920043944,1,3,2025
2025-11-26,Indo-Gangetic Plain,26.5,81.0,0.0,80,58,26.023313522338867,19,14,9.72213649749756,19,14,16.30117702484131,59.39764595031738,330,-0.5000000000000004,0.8660254037844384,0.0,16.30117702484131,1,3,2025
2025-11-27,Indo-Gangetic Plain,26.5,81.0,0.0,80,58,26.685827255249023,19,14,10.605405807495115,19,14,16.080421447753906,59.83915710449219,331,-0.5000000000000004,0.8660254037844384,0.0,16.080421447753906,1,3,2025
2025-11-28,Indo-Gangetic Plain,26.5,81.0,0.0,80,58,27.04094123840332,19,14,9.486726760864258,19,14,17.554214477539062,56.891571044921875,332,-0.5000000000000004,0.8660254037844384,0.0,17.554214477539062,1,3,2025
2025-11-29,Indo-Gangetic Plain,26.5,81.0,0.0,80,58,27.00865173339844,19,14,10.034791946411133,19,14,16.97385978698731,58.05228042602538,333,-0.5000000000000004,0.8660254037844384,0.0,16.97385978698731,1,3,2025
2025-11-30,Indo-Gangetic Plain,26.5,81.0,0.0,80,58,26.72760772705078,19,14,10.792988777160645,19,14,15.934618949890137,60.13076210021973,334,-0.5000000000000004,0.8660254037844384,0.0,15.934618949890137,1,3,2025
2025-12-01,Indo-Gangetic Plain,26.5,81.0,0.0,80,58,26.169116973876953,19,14,10.013813972473145,19,14,16.15530300140381,59.68939399719238,335,-2.4492935982947064e-16,1.0,0.0,16.15530300140381,1,3,2025
2025-12-02,Indo-Gangetic Plain,26.5,81.0,0.0,80,58,26.251508712768555,19,14,9.366358757019045,19,14,16.88514995574951,58.22970008850098,336,-2.4492935982947064e-16,1.0,0.0,16.88514995574951,1,3,2025
2025-12-03,Indo-Gangetic Plain,26.5,81.0,0.0,80,58,26.35845184326172,19,14,10.845046043395996,19,14,15.513405799865724,60.973188400268555,337,-2.4492935982947064e-16,1.0,0.0,15.513405799865724,1,3,2025
2025-12-04,Indo-Gangetic Plain,26.5,81.0,0.0,80,58,24.851701736450195,19,14,9.789527893066406,19,14,15.062173843383787,61.87565231323242,338,-2.4492935982947064e-16,1.0,0.0,15.062173843383787,1,3,2025
2025-12-05,Indo-Gangetic Plain,26.5,81.0,0.0,80,58,24.583606719970703,19,14,7.4007439613342285,19,14,17.182862758636475,57.63427448272705,339,-2.4492935982947064e-16,1.0,0.0,17.182862758636475,1,3,2025
2025-12-06,Indo-Gangetic Plain,26.5,81.0,0.0,80,58,24.587081909179688,19,14,7.278260231018066,19,14,17.30882167816162,57.38235664367676,340,-2.4492935982947064e-16,1.0,0.0,17.30882167816162,1,3,2025
2025-12-07,Indo-Gangetic Plain,26.5,81.0,0.0,80,58,24.504167556762695,19,14,8.972101211547852,19,14,15.532066345214844,60.93586730957031,341,-2.4492935982947064e-16,1.0,0.0,15.532066345214844,1,3,2025
2025-12-08,Indo-Gangetic Plain,26.5,81.0,0.0,80,58,25.43531608581543,19,14,9.009014129638672,19,14,16.426301956176758,59.14739608764648,342,-2.4492935982947064e-16,1.0,0.0,16.426301956176758,1,3,2025
2025-12-09,Indo-Gangetic Plain,26.5,81.0,0.0,80,58,25.55895233154297,19,14,8.936773300170898,19,14,16.62217903137207,58.75564193725586,343,-2.4492935982947064e-16,1.0,0.0,16.62217903137207,1,3,2025
2025-12-10,Indo-Gangetic Plain,26.5,81.0,0.0,80,58,25.56547737121582,19,14,8.257375717163086,19,14,17.308101654052734,57.38379669189453,344,-2.4492935982947064e-16,1.0,0.0,17.308101654052734,1,3,2025
2025-12-11,Indo-Gangetic Plain,26.5,81.0,0.0,80,58,25.471752166748047,19,14,8.462932586669922,19,14,17.008819580078125,57.98236083984375,345,-2.4492935982947064e-16,1.0,0.0,17.008819580078125,1,3,2025
2025-12-12,Indo-Gangetic Plain,26.5,81.0,0.0,80,58,25.73394012451172,19,14,8.458192825317383,19,14,17.275747299194336,57.44850540161133,346,-2.4492935982947064e-16,1.0,0.0,17.275747299194336,1,3,2025
2025-12-13,Indo-Gangetic Plain,26.5,81.0,0.0,80,58,25.651172637939453,19,14,8.812776565551758,19,14,16.838396072387695,58.32320785522461,347,-2.4492935982947064e-16,1.0,0.0,16.838396072387695,1,3,2025
2025-12-14,Indo-Gangetic Plain,26.5,81.0,0.0,80,58,24.997041702270508,19,14,9.238112449645996,19,14,15.758929252624512,60.48214149475098,348,-2.4492935982947064e-16,1.0,0.0,15.758929252624512,1,3,2025
2025-12-15,Indo-Gangetic Plain,26.5,81.0,0.0,80,58,24.434589385986328,19,14,9.189980506896973,19,14,15.244608879089355,61.51078224182129,349,-2.4492935982947064e-16,1.0,0.0,15.244608879089355,1,3,2025
2025-12-16,Indo-Gangetic Plain,26.5,81.0,0.0,80,58,22.43216323852539,19,14,9.504287719726562,19,14,12.927875518798828,66.14424896240234,350,-2.4492935982947064e-16,1.0,0.0,12.927875518798828,1,3,2025
2025-12-17,Indo-Gangetic Plain,26.5,81.0,0.0,80,58,21.66678810119629,19,14,9.082235336303713,19,14,12.584552764892576,66.83089447021484,351,-2.4492935982947064e-16,1.0,0.0,12.584552764892576,1,3,2025
2025-12-18,Indo-Gangetic Plain,26.5,81.0,0.0,80,58,19.673694610595703,19,14,10.575128555297852,19,14,9.098566055297852,73.8028678894043,352,-2.4492935982947064e-16,1.0,0.0,9.098566055297852,1,3,2025
2025-12-19,Indo-Gangetic Plain,26.5,81.0,0.0,80,58,18.02246856689453,19,14,11.109885215759276,19,14,6.912583351135256,78.17483329772949,353,-2.4492935982947064e-16,1.0,0.0,6.912583351135256,1,3,2025
2025-12-20,Indo-Gangetic Plain,26.5,81.0,0.0,80,58,19.13275718688965,19,14,9.555743217468262,19,14,9.577013969421388,72.84597206115723,354,-2.4492935982947064e-16,1.0,0.0,9.577013969421388,1,3,2025
2025-12-21,Indo-Gangetic Plain,26.5,81.0,0.0,80,58,17.996112823486328,19,14,9.34349250793457,19,14,8.652620315551758,74.69475936889648,355,-2.4492935982947064e-16,1.0,0.0,8.652620315551758,1,3,2025
2025-12-22,Indo-Gangetic Plain,26.5,81.0,0.0,80,58,18.96109390258789,19,14,8.578335762023926,19,14,10.382758140563965,71.23448371887207,356,-2.4492935982947064e-16,1.0,0.0,10.382758140563965,1,3,2025
2025-12-23,Indo-Gangetic Plain,26.5,81.0,0.0,80,58,20.244869232177734,19,14,9.544191360473633,19,14,10.700677871704102,70.5986442565918,357,-2.4492935982947064e-16,1.0,0.0,10.700677871704102,1,3,2025
2025-12-24,Indo-Gangetic Plain,26.5,81.0,0.0,80,58,20.025714874267575,19,14,10.92844009399414,19,14,9.097274780273434,73.80545043945312,358,-2.4492935982947064e-16,1.0,0.0,9.097274780273434,1,3,2025
2025-12-25,Indo-Gangetic Plain,26.5,81.0,0.0,80,58,20.629459381103516,19,14,8.845084190368652,19,14,11.784375190734863,68.43124961853027,359,-2.4492935982947064e-16,1.0,0.0,11.784375190734863,1,3,2025
2025-12-26,Indo-Gangetic Plain,26.5,81.0,0.0,80,58,19.496265411376953,19,14,8.956605911254883,19,14,10.53965950012207,70.92068099975586,360,-2.4492935982947064e-16,1.0,0.0,10.53965950012207,1,3,2025
2025-12-27,Indo-Gangetic Plain,26.5,81.0,0.0,80,58,18.446279525756836,19,14,9.596402168273926,19,14,8.84987735748291,74.30024528503418,361,-2.4492935982947064e-16,1.0,0.0,8.84987735748291,1,3,2025
2025-12-28,Indo-Gangetic Plain,26.5,81.0,0.0,80,58,16.993122100830078,19,14,9.197032928466797,19,14,7.796089172363281,76.40782165527344,362,-2.4492935982947064e-16,1.0,0.0,7.796089172363281,1,3,2025
2025-12-29,Indo-Gangetic Plain,26.5,81.0,0.0,80,58,16.295223236083984,19,14,9.938583374023438,19,14,6.356639862060547,79.2867202758789,363,-2.4492935982947064e-16,1.0,0.0,6.356639862060547,1,3,2025
2025-12-30,Indo-Gangetic Plain,26.5,81.0,0.0,80,58,18.53286361694336,19,14,7.109012126922607,19,14,11.423851490020752,69.1522970199585,364,-2.4492935982947064e-16,1.0,0.0,11.423851490020752,1,3,2025
2025-12-31,Indo-Gangetic Plain,26.5,81.0,0.0,80,58,18.79467010498047,19,14,7.567973613739014,19,14,11.226696491241457,69.54660701751709,365,-2.4492935982947064e-16,1.0,0.0,11.226696491241457,1,3,2025
2025-01-01,Kerala Coast,9.5,76.5,0.0,12,40,31.40780258178711,2,9,21.58481788635254,2,9,9.82298469543457,72.35403060913086,1,0.4999999999999999,0.8660254037844387,0.0,9.82298469543457,1,4,2025
2025-01-02,Kerala Coast,9.5,76.5,0.0,12,40,30.44171142578125,2,9,21.266353607177734,2,9,9.175357818603516,73.64928436279297,2,0.4999999999999999,0.8660254037844387,0.0,9.175357818603516,1,4,2025
2025-01-03,Kerala Coast,9.5,76.5,0.0,12,40,30.778785705566406,2,9,21.11136817932129,2,9,9.667417526245115,72.66516494750977,3,0.4999999999999999,0.8660254037844387,0.0,9.667417526245115,1,4,2025
2025-01-04,Kerala Coast,9.5,76.5,0.0,12,40,31.18257713317871,2,9,21.094213485717773,2,9,10.088363647460938,71.82327270507812,4,0.4999999999999999,0.8660254037844387,0.0,10.088363647460938,1,4,2025
2025-01-05,Kerala Coast,9.5,76.5,0.0,12,40,30.840959548950195,2,9,21.102140426635746,2,9,9.73881912231445,72.5223617553711,5,0.4999999999999999,0.8660254037844387,0.0,9.73881912231445,1,4,2025
2025-01-06,Kerala Coast,9.5,76.5,0.0,12,40,30.97513198852539,2,9,20.513526916503903,2,9,10.461605072021488,71.07678985595703,6,0.4999999999999999,0.8660254037844387,0.0,10.461605072021488,1,4,2025
2025-01-07,Kerala Coast,9.5,76.5,0.0,12,40,31.585439682006836,2,9,20.39080238342285,2,9,11.194637298583984,69.61072540283203,7,0.4999999999999999,0.8660254037844387,0.0,11.194637298583984,1,4,2025
2025-01-08,Kerala Coast,9.5,76.5,0.0,12,40,31.19373321533203,2,9,21.591651916503903,2,9,9.602081298828129,72.79583740234375,8,0.4999999999999999,0.8660254037844387,0.0,9.602081298828129,1,4,2025
2025-01-09,Kerala Coast,9.5,76.5,0.0,12,40,30.666744232177734,2,9,21.203548431396484,2,9,9.46319580078125,73.0736083984375,9,0.4999999999999999,0.8660254037844387,0.0,9.46319580078125,1,4,2025
2025-01-10,Kerala Coast,9.5,76.5,0.0,12,40,31.42835998535156,2,9,21.519323348999023,2,9,9.909036636352536,72.18192672729492,10,0.4999999999999999,0.8660254037844387,0.0,9.909036636352536,1,4,2025
2025-01-11,Kerala Coast,9.5,76.5,13.988027572631836,12,40,31.40775680541992,2,9,22.552894592285156,2,9,8.854862213134762,82.41203073546123,11,0.4999999999999999,0.8660254037844387,2.7072517205769224,8.854862213134762,1,4,2025
2025-01-12,Kerala Coast,9.5,76.5,4.171985626220703,12,40,31.15085792541504,2,9,22.306053161621097,2,9,8.844804763793942,79.24016051767038,12,0.4999999999999999,0.8660254037844387,1.643256681752753,8.844804763793942,1,4,2025
2025-01-13,Kerala Coast,9.5,76.5,0.0,12,40,31.05406379699707,2,9,22.93843460083008,2,9,8.115629196166989,75.76874160766602,13,0.4999999999999999,0.8660254037844387,0.0,8.115629196166989,1,4,2025
2025-01-14,Kerala Coast,9.5,76.5,0.0,12,40,29.536638259887695,2,9,23.37479591369629,2,9,6.161842346191406,79.67631530761719,14,0.4999999999999999,0.8660254037844387,0.0,6.161842346191406,1,4,2025
2025-01-15,Kerala Coast,9.5,76.5,0.0,12,40,29.95305633544922,2,9,23.266538619995117,2,9,6.686517715454102,78.6269645690918,15,0.4999999999999999,0.8660254037844387,0.0,6.686517715454102,1,4,2025
2025-01-16,Kerala Coast,9.5,76.5,0.0,12,40,30.78291893005371,2,9,22.301855087280273,2,9,8.481063842773438,75.03787231445312,16,0.4999999999999999,0.8660254037844387,0.0,8.481063842773438,1,4,2025
2025-01-17,Kerala Coast,9.5,76.5,0.0,12,40,31.20449447631836,2,9,21.75611114501953,2,9,9.448383331298828,73.10323333740234,17,0.4999999999999999,0.8660254037844387,0.0,9.448383331298828,1,4,2025
2025-01-18,Kerala Coast,9.5,76.5,0.0,12,40,29.89837646484375,2,9,21.743654251098633,2,9,8.154722213745117,75.69055557250977,18,0.4999999999999999,0.8660254037844387,0.0,8.154722213745117,1,4,2025
2025-01-19,Kerala Coast,9.5,76.5,2.536534309387207,12,40,28.449113845825195,2,9,22.95316696166992,2,9,5.495946884155277,84.79754794855754,19,0.4999999999999999,0.8660254037844387,1.263147238956026,5.495946884155277,1,4,2025
2025-01-20,Kerala Coast,9.5,76.5,1.241937518119812,12,40,30.8537540435791,2,9,22.323699951171875,2,9,8.530054092407227,77.36191318152949,20,0.4999999999999999,0.8660254037844387,0.8073404554479824,8.530054092407227,1,4,2025
2025-01-21,Kerala Coast,9.5,76.5,0.0,12,40,30.95355987548828,2,9,21.58505630493164,2,9,9.36850357055664,73.26299285888672,21,0.4999999999999999,0.8660254037844387,0.0,9.36850357055664,1,4,2025
2025-01-22,Kerala Coast,9.5,76.5,0.0,12,40,30.297204971313477,2,9,21.52484893798828,2,9,8.772356033325195,74.45528793334961,22,0.4999999999999999,0.8660254037844387,0.0,8.772356033325195,1,4,2025
2025-01-23,Kerala Coast,9.5,76.5,0.0,12,40,30.28673553466797,2,9,23.186466217041016,2,9,7.100269317626953,77.7994613647461,23,0.4999999999999999,0.8660254037844387,0.0,7.100269317626953,1,4,2025
2025-01-24,Kerala Coast,9.5,76.5,0.0,12,40,31.15703010559082,2,9,22.582496643066406,2,9,8.574533462524414,74.85093307495117,24,0.4999999999999999,0.8660254037844387,0.0,8.574533462524414,1,4,2025
2025-01-25,Kerala Coast,9.5,76.5,0.0,12,40,31.552011489868164,2,9,22.69736099243164,2,9,8.854650497436523,74.29069900512695,25,0.4999999999999999,0.8660254037844387,0.0,8.854650497436523,1,4,2025
2025-01-26,Kerala Coast,9.5,76.5,0.0,12,40,31.93718910217285,2,9,22.211135864257812,2,9,9.72605323791504,72.54789352416992,26,0.4999999999999999,0.8660254037844387,0.0,9.72605323791504,1,4,2025
2025-01-27,Kerala Coast,9.5,76.5,0.0,12,40,31.316463470458984,2,9,20.81842803955078,2,9,10.498035430908203,71.0039291381836,27,0.4999999999999999,0.8660254037844387,0.0,10.498035430908203,1,4,2025
2025-01-28,Kerala Coast,9.5,76.5,0.0,12,40,31.33230972290039,2,9,21.159605026245117,2,9,10.172704696655272,71.65459060668945,28,0.4999999999999999,0.8660254037844387,0.0,10.172704696655272,1,4,2025
2025-01-29,Kerala Coast,9.5,76.5,0.0,12,40,30.95999336242676,2,9,21.912267684936523,2,9,9.047725677490238,73.90454864501953,29,0.4999999999999999,0.8660254037844387,0.0,9.047725677490238,1,4,2025
2025-01-30,Kerala Coast,9.5,76.5,0.0,12,40,31.585668563842773,2,9,22.278003692626953,2,9,9.30766487121582,73.38467025756836,30,0.4999999999999999,0.8660254037844387,0.0,9.30766487121582,1,4,2025
2025-01-31,Kerala Coast,9.5,76.5,0.0,12,40,32.087059020996094,2,9,23.32859992980957,2,9,8.758459091186523,74.48308181762695,31,0.4999999999999999,0.8660254037844387,0.0,8.758459091186523,1,4,2025
2025-02-01,Kerala Coast,9.5,76.5,1.6668075323104858,12,40,32.51324462890625,2,9,23.126680374145508,2,9,9.386564254760742,76.16951771917748,32,0.8660254037844386,0.5000000000000001,0.9808820762329876,9.386564254760742,1,4,2025
2025-02-02,Kerala Coast,9.5,76.5,0.0,12,40,33.26665115356445,2,9,23.275737762451172,2,9,9.99091339111328,72.01817321777344,33,0.8660254037844386,0.5000000000000001,0.0,9.99091339111328,1,4,2025
2025-02-03,Kerala Coast,9.5,76.5,0.0,12,40,32.44002151489258,2,9,22.502744674682617,2,9,9.93727684020996,72.12544631958008,34,0.8660254037844386,0.5000000000000001,0.0,9.93727684020996,1,4,2025
2025-02-04,Kerala Coast,9.5,76.5,0.0,12,40,32.33679962158203,2,9,20.953733444213867,2,9,11.383066177368164,69.23386764526367,35,0.8660254037844386,0.5000000000000001,0.0,11.383066177368164,1,4,2025
2025-02-05,Kerala Coast,9.5,76.5,0.0,12,40,32.22807693481445,2,9,20.9830322265625,2,9,11.245044708251951,69.5099105834961,36,0.8660254037844386,0.5000000000000001,0.0,11.245044708251951,1,4,2025
2025-02-06,Kerala Coast,9.5,76.5,0.0,12,40,32.060184478759766,2,9,21.60480499267578,2,9,10.455379486083984,71.08924102783203,37,0.8660254037844386,0.5000000000000001,0.0,10.455379486083984,1,4,2025
2025-02-07,Kerala Coast,9.5,76.5,0.0,12,40,32.374298095703125,2,9,20.738750457763672,2,9,11.635547637939451,68.7289047241211,38,0.8660254037844386,0.5000000000000001,0.0,11.635547637939451,1,4,2025
2025-02-08,Kerala Coast,9.5,76.5,0.0,12,40,32.442138671875,2,9,20.788728713989254,2,9,11.653409957885746,68.69318008422852,39,0.8660254037844386,0.5000000000000001,0.0,11.653409957885746,1,4,2025
2025-02-09,Kerala Coast,9.5,76.5,0.0,12,40,32.168243408203125,2,9,21.46104431152344,2,9,10.707199096679684,70.58560180664062,40,0.8660254037844386,0.5000000000000001,0.0,10.707199096679684,1,4,2025
2025-02-10,Kerala Coast,9.5,76.5,0.0,12,40,32.01013946533203,2,9,21.38779640197754,2,9,10.622343063354492,70.75531387329102,41,0.8660254037844386,0.5000000000000001,0.0,10.622343063354492,1,4,2025
2025-02-11,Kerala Coast,9.5,76.5,0.0,12,40,32.672088623046875,2,9,21.72354507446289,2,9,10.948543548583984,70.10291290283203,42,0.8660254037844386,0.5000000000000001,0.0,10.948543548583984,1,4,2025
2025-02-12,Kerala Coast,9.5,76.5,0.0,12,40,32.94816970825195,2,9,22.03333282470703,2,9,10.914836883544922,70.17032623291016,43,0.8660254037844386,0.5000000000000001,0.0,10.914836883544922,1,4,2025
2025-02-13,Kerala Coast,9.5,76.5,0.0,12,40,32.85503005981445,2,9,21.72835922241211,2,9,11.126670837402344,69.74665832519531,44,0.8660254037844386,0.5000000000000001,0.0,11.126670837402344,1,4,2025
2025-02-14,Kerala Coast,9.5,76.5,0.0,12,40,33.62411117553711,2,9,20.634218215942383,2,9,12.989892959594728,66.02021408081055,45,0.8660254037844386,0.5000000000000001,0.0,12.989892959594728,1,4,2025
2025-02-15,Kerala Coast,9.5,76.5,0.0,12,40,33.60524368286133,2,9,21.233915328979492,2,9,12.371328353881836,67.25734329223633,46,0.8660254037844386,0.5000000000000001,0.0,12.371328353881836,1,4,2025
2025-02-16,Kerala Coast,9.5,76.5,0.0,12,40,33.658607482910156,2,9,21.74901580810547,2,9,11.909591674804688,68.18081665039062,47,0.8660254037844386,0.5000000000000001,0.0,11.909591674804688,1,4,2025
2025-02-17,Kerala Coast,9.5,76.5,0.0,12,40,32.55931091308594,2,9,21.769672393798828,2,9,10.78963851928711,70.42072296142578,48,0.8660254037844386,0.5000000000000001,0.0,10.78963851928711,1,4,2025
2025-02-18,Kerala Coast,9.5,76.5,0.0,12,40,32.80667495727539,2,9,21.456676483154297,2,9,11.349998474121094,69.30000305175781,49,0.8660254037844386,0.5000000000000001,0.0,11.349998474121094,1,4,2025
2025-02-19,Kerala Coast,9.5,76.5,0.0,12,40,33.58431625366211,2,9,21.23743057250977,2,9,12.34688568115234,67.30622863769531,50,0.8660254037844386,0.5000000000000001,0.0,12.34688568115234,1,4,2025
2025-02-20,Kerala Coast,9.5,76.5,0.0,12,40,33.195919036865234,2,9,22.1906795501709,2,9,11.005239486694336,69.98952102661133,51,0.8660254037844386,0.5000000000000001,0.0,11.005239486694336,1,4,2025
2025-02-21,Kerala Coast,9.5,76.5,0.0,12,40,33.30715560913086,2,9,22.44019889831543,2,9,10.86695671081543,70.26608657836914,52,0.8660254037844386,0.5000000000000001,0.0,10.86695671081543,1,4,2025
2025-02-22,Kerala Coast,9.5,76.5,0.0,12,40,32.9212646484375,2,9,22.959226608276367,2,9,9.962038040161133,72.07592391967773,53,0.8660254037844386,0.5000000000000001,0.0,9.962038040161133,1,4,2025
2025-02-23,Kerala Coast,9.5,76.5,0.0,12,40,33.54156494140625,2,9,22.850116729736328,2,9,10.691448211669922,70.61710357666016,54,0.8660254037844386,0.5000000000000001,0.0,10.691448211669922,1,4,2025
2025-02-24,Kerala Coast,9.5,76.5,0.0,12,40,33.09000778198242,2,9,22.9074649810791,2,9,10.18254280090332,71.63491439819336,55,0.8660254037844386,0.5000000000000001,0.0,10.18254280090332,1,4,2025
2025-02-25,Kerala Coast,9.5,76.5,0.0,12,40,32.97624206542969,2,9,22.39978408813477,2,9,10.576457977294918,70.84708404541016,56,0.8660254037844386,0.5000000000000001,0.0,10.576457977294918,1,4,2025
2025-02-26,Kerala Coast,9.5,76.5,0.0,12,40,32.91386413574219,2,9,23.207826614379883,2,9,9.706037521362305,72.58792495727539,57,0.8660254037844386,0.5000000000000001,0.0,9.706037521362305,1,4,2025
2025-02-27,Kerala Coast,9.5,76.5,0.0,12,40,33.599647521972656,2,9,22.821876525878903,2,9,10.777770996093754,70.4444580078125,58,0.8660254037844386,0.5000000000000001,0.0,10.777770996093754,1,4,2025
2025-02-28,Kerala Coast,9.5,76.5,0.0,12,40,32.77135467529297,2,9,23.3065185546875,2,9,9.464836120605469,73.07032775878906,59,0.8660254037844386,0.5000000000000001,0.0,9.464836120605469,1,4,2025
2025-03-01,Kerala Coast,9.5,76.5,0.7061238884925842,12,40,32.17304992675781,2,9,24.24844741821289,2,9,7.924602508544922,77.75346718005025,60,1.0,6.123233995736766e-17,0.5342240657133651,7.924602508544922,1,4,2025
2025-03-02,Kerala Coast,9.5,76.5,0.0,12,40,31.985153198242188,2,9,24.19445419311523,2,9,7.790699005126957,76.4186019897461,61,1.0,6.123233995736766e-17,0.0,7.790699005126957,1,4,2025
2025-03-03,Kerala Coast,9.5,76.5,0.2790474891662597,12,40,32.82014083862305,2,9,23.458044052124023,2,9,9.362096786499023,74.01415338248084,62,1.0,6.123233995736766e-17,0.2461156518262968,9.362096786499023,1,4,2025
2025-03-04,Kerala Coast,9.5,76.5,13.137195587158203,12,40,33.61369705200195,2,9,23.6940860748291,2,9,9.919610977172852,80.10720597239603,63,1.0,6.123233995736766e-17,2.6488093089139135,9.919610977172852,1,4,2025
2025-03-05,Kerala Coast,9.5,76.5,0.0,12,40,33.899600982666016,2,9,23.007335662841797,2,9,10.89226531982422,70.21546936035156,64,1.0,6.123233995736766e-17,0.0,10.89226531982422,1,4,2025
2025-03-06,Kerala Coast,9.5,76.5,0.0,12,40,34.40358352661133,2,9,23.301956176757812,2,9,11.101627349853516,69.79674530029297,65,1.0,6.123233995736766e-17,0.0,11.101627349853516,1,4,2025
2025-03-07,Kerala Coast,9.5,76.5,0.2856068313121795,12,40,34.25349807739258,2,9,23.410633087158203,2,9,10.842864990234377,71.0679625669578,66,1.0,6.123233995736766e-17,0.2512308491421846,10.842864990234377,1,4,2025
2025-03-08,Kerala Coast,9.5,76.5,21.876733779907227,12,40,34.11294174194336,2,9,23.50389289855957,2,9,10.609048843383787,80.17226351907203,67,1.0,6.123233995736766e-17,3.1301204019465376,10.609048843383787,1,4,2025
2025-03-09,Kerala Coast,9.5,76.5,2.251465320587158,12,40,34.19920349121094,2,9,23.948759078979492,2,9,10.250444412231444,75.03642846334982,68,1.0,6.123233995736766e-17,1.1791057626042392,10.250444412231444,1,4,2025
2025-03-10,Kerala Coast,9.5,76.5,0.1860316544771194,12,40,33.792076110839844,2,9,22.32466697692871,2,9,11.467409133911133,69.57702070318265,69,1.0,6.123233995736766e-17,0.1706129903349739,11.467409133911133,1,4,2025
2025-03-11,Kerala Coast,9.5,76.5,0.0,12,40,30.228195190429688,2,9,23.805561065673828,2,9,6.422634124755859,79.15473175048828,70,1.0,6.123233995736766e-17,0.0,6.422634124755859,1,4,2025
2025-03-12,Kerala Coast,9.5,76.5,0.0,12,40,30.15479278564453,2,9,22.83755111694336,2,9,7.317241668701172,77.36551666259766,71,1.0,6.123233995736766e-17,0.0,7.317241668701172,1,4,2025
2025-03-13,Kerala Coast,9.5,76.5,2.70984411239624,12,40,33.24098205566406,2,9,21.992477416992188,2,9,11.248504638671877,73.43596029519979,72,1.0,6.123233995736766e-17,1.3109898575145158,11.248504638671877,1,4,2025
2025-03-14,Kerala Coast,9.5,76.5,0.0,12,40,33.570831298828125,2,9,23.05244827270508,2,9,10.518383026123043,70.9632339477539,73,1.0,6.123233995736766e-17,0.0,10.518383026123043,1,4,2025
2025-03-15,Kerala Coast,9.5,76.5,0.0,12,40,34.324424743652344,2,9,23.36005401611328,2,9,10.964370727539062,70.07125854492188,74,1.0,6.123233995736766e-17,0.0,10.964370727539062,1,4,2025
2025-03-16,Kerala Coast,9.5,76.5,0.192590981721878,12,40,33.144073486328125,2,9,24.35461044311523,2,9,8.789463043212894,74.94945862101928,75,1.0,6.123233995736766e-17,0.176128235815019,8.789463043212894,1,4,2025
2025-03-17,Kerala Coast,9.5,76.5,7.183655738830566,12,40,33.907352447509766,2,9,23.663864135742188,2,9,10.243488311767578,77.81944026431519,76,1.0,6.123233995736766e-17,2.102138962616782,10.243488311767578,1,4,2025
2025-03-18,Kerala Coast,9.5,76.5,2.3955624103546143,12,40,34.021148681640625,2,9,23.1723690032959,2,9,10.848779678344728,73.96984886045954,77,1.0,6.123233995736766e-17,1.22246940571633,10.848779678344728,1,4,2025
2025-03-19,Kerala Coast,9.5,76.5,9.32930850982666,12,40,33.57188415527344,2,9,23.74724769592285,2,9,9.824636459350586,79.35568310397947,78,1.0,6.123233995736766e-17,2.3349853408935464,9.824636459350586,1,4,2025
2025-03-20,Kerala Coast,9.5,76.5,16.841976165771484,12,40,33.46247100830078,2,9,24.418842315673828,2,9,9.043628692626951,82.5574042926694,79,1.0,6.123233995736766e-17,2.881553892641102,9.043628692626951,1,4,2025
2025-03-21,Kerala Coast,9.5,76.5,0.0,12,40,33.46086883544922,2,9,24.68589782714844,2,9,8.774971008300778,74.45005798339844,80,1.0,6.123233995736766e-17,0.0,8.774971008300778,1,4,2025
2025-03-22,Kerala Coast,9.5,76.5,29.928333282470703,12,40,33.1845588684082,2,9,24.225658416748047,2,9,8.958900451660156,84.37721719213067,81,1.0,6.123233995736766e-17,3.4316726984836605,8.958900451660156,1,4,2025
2025-03-23,Kerala Coast,9.5,76.5,21.75183868408203,12,40,33.158790588378906,2,9,23.23354721069336,2,9,9.925243377685549,81.52345113485718,82,1.0,6.123233995736766e-17,3.124645963409427,9.925243377685549,1,4,2025
2025-03-24,Kerala Coast,9.5,76.5,1.4759705066680908,12,40,33.437442779541016,2,9,23.82402992248535,2,9,9.613412857055664,75.49307161508807,83,1.0,6.123233995736766e-17,0.906632443066466,9.613412857055664,1,4,2025
2025-03-25,Kerala Coast,9.5,76.5,0.0,12,40,34.0534553527832,2,9,24.06970596313477,2,9,9.983749389648434,72.03250122070312,84,1.0,6.123233995736766e-17,0.0,9.983749389648434,1,4,2025
2025-03-26,Kerala Coast,9.5,76.5,30.543973922729492,12,40,33.86283874511719,2,9,23.91685676574707,2,9,9.945981979370115,82.46218375089938,85,1.0,6.123233995736766e-17,3.4513825698798755,9.945981979370115,1,4,2025
2025-03-27,Kerala Coast,9.5,76.5,17.138338088989258,12,40,33.70711898803711,2,9,23.7266902923584,2,9,9.980428695678713,80.73322608264665,86,1.0,6.123233995736766e-17,2.8980278246680236,9.980428695678713,1,4,2025
2025-03-28,Kerala Coast,9.5,76.5,0.0,12,40,34.59857177734375,2,9,24.193601608276367,2,9,10.404970169067385,71.19005966186523,87,1.0,6.123233995736766e-17,0.0,10.404970169067385,1,4,2025
2025-03-29,Kerala Coast,9.5,76.5,2.5921382904052734,12,40,35.36739730834961,2,9,24.073928833007812,2,9,11.293468475341797,73.2493059970811,88,1.0,6.123233995736766e-17,1.278747649254898,11.293468475341797,1,4,2025
2025-03-30,Kerala Coast,9.5,76.5,0.0,12,40,35.007164001464844,2,9,23.658153533935547,2,9,11.349010467529297,69.3019790649414,89,1.0,6.123233995736766e-17,0.0,11.349010467529297,1,4,2025
2025-03-31,Kerala Coast,9.5,76.5,0.0,12,40,34.55832290649414,2,9,23.383159637451172,2,9,11.175163269042969,69.64967346191406,90,1.0,6.123233995736766e-17,0.0,11.175163269042969,1,4,2025
2025-04-01,Kerala Coast,9.5,76.5,0.0,12,40,33.692176818847656,2,9,24.271411895751953,2,9,9.420764923095703,73.1584701538086,91,0.8660254037844387,-0.4999999999999998,0.0,9.420764923095703,1,4,2025
2025-04-02,Kerala Coast,9.5,76.5,20.165725708007812,12,40,32.488677978515625,2,9,23.536603927612305,2,9,8.95207405090332,83.25300138270117,92,0.8660254037844387,-0.4999999999999998,3.0523831615026067,8.95207405090332,1,4,2025
2025-04-03,Kerala Coast,9.5,76.5,2.5771331787109375,12,40,32.55005645751953,2,9,23.163164138793945,2,9,9.386892318725586,77.04990043717183,93,0.8660254037844387,-0.4999999999999998,1.274561691540998,9.386892318725586,1,4,2025
2025-04-04,Kerala Coast,9.5,76.5,20.30734634399414,12,40,32.473270416259766,2,9,23.15352439880371,2,9,9.319746017456056,82.5376637011795,94,0.8660254037844387,-0.4999999999999998,3.0590519120305353,9.319746017456056,1,4,2025
2025-04-05,Kerala Coast,9.5,76.5,11.009108543395996,12,40,31.823881149291992,2,9,22.549165725708008,2,9,9.274715423583984,80.90756537425749,95,0.8660254037844387,-0.4999999999999998,2.4856654071418207,9.274715423583984,1,4,2025
2025-04-06,Kerala Coast,9.5,76.5,29.225404739379883,12,40,33.4099006652832,2,9,23.639677047729492,2,9,9.770223617553713,82.68560112676934,96,0.8660254037844387,-0.4999999999999998,3.4086827872922543,9.770223617553713,1,4,2025
2025-04-07,Kerala Coast,9.5,76.5,13.186283111572266,12,40,33.08464813232422,2,9,22.232206344604492,2,9,10.852441787719728,78.25194298363489,97,0.8660254037844387,-0.4999999999999998,2.652275519691446,10.852441787719728,1,4,2025
2025-04-08,Kerala Coast,9.5,76.5,0.0,12,40,33.73495101928711,2,9,24.22021484375,2,9,9.51473617553711,72.97052764892578,98,0.8660254037844387,-0.4999999999999998,0.0,9.51473617553711,1,4,2025
2025-04-09,Kerala Coast,9.5,76.5,0.9524942636489868,12,40,33.544857025146484,2,9,23.972291946411133,2,9,9.572565078735352,74.86219283685587,99,0.8660254037844387,-0.4999999999999998,0.6691076647755249,9.572565078735352,1,4,2025
2025-04-10,Kerala Coast,9.5,76.5,2.2468948364257812,12,40,32.94963836669922,2,9,23.494943618774418,2,9,9.4546947479248,76.62370781818089,100,0.8660254037844387,-0.4999999999999998,1.1776991046768317,9.4546947479248,1,4,2025
2025-04-11,Kerala Coast,9.5,76.5,0.0,12,40,33.49655532836914,2,9,23.605621337890625,2,9,9.890933990478516,72.21813201904297,101,0.8660254037844387,-0.4999999999999998,0.0,9.890933990478516,1,4,2025
2025-04-12,Kerala Coast,9.5,76.5,6.9719438552856445,12,40,31.998733520507812,2,9,23.25985336303711,2,9,8.738880157470703,80.7500247638192,102,0.8660254037844387,-0.4999999999999998,2.0759283595868676,8.738880157470703,1,4,2025
2025-04-13,Kerala Coast,9.5,76.5,0.0,12,40,32.2779541015625,2,9,23.68976593017578,2,9,8.588188171386719,74.82362365722656,103,0.8660254037844387,-0.4999999999999998,0.0,8.588188171386719,1,4,2025
2025-04-14,Kerala Coast,9.5,76.5,0.0,12,40,33.71195602416992,2,9,24.11760711669922,2,9,9.594348907470703,72.8113021850586,104,0.8660254037844387,-0.4999999999999998,0.0,9.594348907470703,1,4,2025
2025-04-15,Kerala Coast,9.5,76.5,5.5967559814453125,12,40,34.07103729248047,2,9,22.95681953430176,2,9,11.114217758178707,75.43129851434757,105,0.8660254037844387,-0.4999999999999998,1.886578010234998,11.114217758178707,1,4,2025
2025-04-16,Kerala Coast,9.5,76.5,0.0,12,40,34.206661224365234,2,9,24.07525062561035,2,9,10.131410598754885,71.73717880249023,106,0.8660254037844387,-0.4999999999999998,0.0,10.131410598754885,1,4,2025
2025-04-17,Kerala Coast,9.5,76.5,0.0,12,40,34.037357330322266,2,9,24.333404541015625,2,9,9.70395278930664,72.59209442138672,107,0.8660254037844387,-0.4999999999999998,0.0,9.70395278930664,1,4,2025
2025-04-18,Kerala Coast,9.5,76.5,20.13609313964844,12,40,33.61454772949219,2,9,24.930992126464844,2,9,8.683555603027344,83.7858352573046,108,0.8660254037844387,-0.4999999999999998,3.050982154453097,8.683555603027344,1,4,2025
2025-04-19,Kerala Coast,9.5,76.5,28.08231544494629,12,40,33.899925231933594,2,9,24.442161560058594,2,9,9.457763671875,83.19486347457294,109,0.8660254037844387,-0.4999999999999998,3.3701302727743117,9.457763671875,1,4,2025
2025-04-20,Kerala Coast,9.5,76.5,4.158882141113281,12,40,34.452423095703125,2,9,24.87782096862793,2,9,9.574602127075195,77.77295549596357,110,0.8660254037844387,-0.4999999999999998,1.640719916704653,9.574602127075195,1,4,2025
2025-04-21,Kerala Coast,9.5,76.5,0.0,12,40,34.29188537597656,2,9,25.080331802368164,2,9,9.211553573608398,73.5768928527832,111,0.8660254037844387,-0.4999999999999998,0.0,9.211553573608398,1,4,2025
2025-04-22,Kerala Coast,9.5,76.5,4.557986736297607,12,40,33.664154052734375,2,9,24.620119094848633,2,9,9.044034957885742,79.05763791893169,112,0.8660254037844387,-0.4999999999999998,1.715235944901057,9.044034957885742,1,4,2025
2025-04-23,Kerala Coast,9.5,76.5,4.651418685913086,12,40,33.65437316894531,2,9,23.81228256225586,2,9,9.842090606689451,77.51153861209465,113,0.8660254037844387,-0.4999999999999998,1.731906608491187,9.842090606689451,1,4,2025
2025-04-24,Kerala Coast,9.5,76.5,37.27869415283203,12,40,34.26816940307617,2,9,24.12021255493164,2,9,10.147956848144531,82.63876666259986,114,0.8660254037844387,-0.4999999999999998,3.644893452962975,10.147956848144531,1,4,2025
2025-04-25,Kerala Coast,9.5,76.5,11.541230201721191,12,40,34.09904861450195,2,9,25.22272491455078,2,9,8.876323699951172,81.83441749790872,115,0.8660254037844387,-0.4999999999999998,2.5290216326036887,8.876323699951172,1,4,2025
2025-04-26,Kerala Coast,9.5,76.5,10.13216781616211,12,40,33.95841979980469,2,9,24.921142578125,2,9,9.037277221679688,81.1549623126308,116,0.8660254037844387,-0.4999999999999998,2.4098389186633926,9.037277221679688,1,4,2025
2025-04-27,Kerala Coast,9.5,76.5,7.904022693634033,12,40,33.81700897216797,2,9,24.4794979095459,2,9,9.33751106262207,79.88448736276897,117,0.8660254037844387,-0.4999999999999998,2.1865031626710327,9.33751106262207,1,4,2025
2025-04-28,Kerala Coast,9.5,76.5,9.687896728515623,12,40,33.7158203125,2,9,24.162702560424805,2,9,9.553117752075195,80.00110035896172,118,0.8660254037844387,-0.4999999999999998,2.369111954370702,9.553117752075195,1,4,2025
2025-04-29,Kerala Coast,9.5,76.5,8.029952049255371,12,40,33.758888244628906,2,9,23.931421279907227,2,9,9.82746696472168,78.94670724232108,119,0.8660254037844387,-0.4999999999999998,2.200547057254814,9.82746696472168,1,4,2025
2025-04-30,Kerala Coast,9.5,76.5,11.180649757385254,12,40,33.537269592285156,2,9,24.743404388427734,2,9,8.793865203857422,81.91181541362667,120,0.8660254037844387,-0.4999999999999998,2.499848607113837,8.793865203857422,1,4,2025
2025-05-01,Kerala Coast,9.5,76.5,2.246765613555908,12,40,33.41127395629883,2,9,24.638978958129883,2,9,8.772294998168945,77.9883879185917,121,0.4999999999999999,-0.8660254037844387,1.1776593049765285,8.772294998168945,1,4,2025
2025-05-02,Kerala Coast,9.5,76.5,2.031712293624878,12,40,34.12060546875,2,9,24.722366333007812,2,9,9.398239135742188,76.53090444845276,122,0.4999999999999999,-0.8660254037844387,1.109127573312378,9.398239135742188,1,4,2025
2025-05-03,Kerala Coast,9.5,76.5,25.40235710144043,12,40,33.89741516113281,2,9,23.494220733642575,2,9,10.403194427490238,81.01397101595597,123,0.4999999999999999,-0.8660254037844387,3.27345329031215,10.403194427490238,1,4,2025
2025-05-04,Kerala Coast,9.5,76.5,1.1544779539108276,12,40,34.76000213623047,2,9,24.34343910217285,2,9,10.416563034057615,73.46951926821515,124,0.4999999999999999,-0.8660254037844387,0.7675484454434621,10.416563034057615,1,4,2025
2025-05-05,Kerala Coast,9.5,76.5,2.6962735652923584,12,40,33.011356353759766,2,9,23.71243476867676,2,9,9.298921585083004,77.32413233270532,125,0.4999999999999999,-0.8660254037844387,1.3073251676237758,9.298921585083004,1,4,2025
2025-05-06,Kerala Coast,9.5,76.5,13.373368263244627,12,40,34.4802131652832,2,9,24.34379768371582,2,9,10.136415481567385,79.72330024122017,126,0.4999999999999999,-0.8660254037844387,2.6653770681183127,10.136415481567385,1,4,2025
2025-05-07,Kerala Coast,9.5,76.5,0.4493789672851562,12,40,33.71854782104492,2,9,24.022375106811523,2,9,9.696172714233398,73.72106007032066,127,0.4999999999999999,-0.8660254037844387,0.3711351662624854,9.696172714233398,1,4,2025
2025-05-08,Kerala Coast,9.5,76.5,7.896304130554199,12,40,33.84493637084961,2,9,22.906129837036133,2,9,10.938806533813477,76.67929470515703,128,0.4999999999999999,-0.8660254037844387,2.18563592426133,10.938806533813477,1,4,2025
2025-05-09,Kerala Coast,9.5,76.5,0.7783594131469727,12,40,34.224124908447266,2,9,23.972414016723633,2,9,10.251710891723633,73.22365200042374,129,0.4999999999999999,-0.8660254037844387,0.5756912612903344,10.251710891723633,1,4,2025
2025-05-10,Kerala Coast,9.5,76.5,0.0,12,40,33.96220779418945,2,9,24.5050106048584,2,9,9.457197189331056,73.08560562133789,130,0.4999999999999999,-0.8660254037844387,0.0,9.457197189331056,1,4,2025
2025-05-11,Kerala Coast,9.5,76.5,0.0,12,40,34.02892303466797,2,9,23.437559127807617,2,9,10.591363906860352,70.8172721862793,131,0.4999999999999999,-0.8660254037844387,0.0,10.591363906860352,1,4,2025
2025-05-12,Kerala Coast,9.5,76.5,2.4663264751434326,12,40,34.361759185791016,2,9,24.07149124145508,2,9,10.290267944335934,75.14875025280946,132,0.4999999999999999,-0.8660254037844387,1.2430953804937772,10.290267944335934,1,4,2025
2025-05-13,Kerala Coast,9.5,76.5,1.8269273042678833,12,40,34.35784149169922,2,9,24.686336517333984,2,9,9.671504974365234,75.77456114201993,133,0.4999999999999999,-0.8660254037844387,1.0391903635834694,9.671504974365234,1,4,2025
2025-05-14,Kerala Coast,9.5,76.5,14.835563659667969,12,40,34.08589172363281,2,9,24.586009979248047,2,9,9.499881744384766,81.28701133673488,134,0.4999999999999999,-0.8660254037844387,2.762258275168137,9.499881744384766,1,4,2025
2025-05-15,Kerala Coast,9.5,76.5,14.572718620300291,12,40,34.07904815673828,2,9,24.50369453430176,2,9,9.57535362243652,81.08585448587928,135,0.4999999999999999,-0.8660254037844387,2.745520576917441,9.57535362243652,1,4,2025
2025-05-16,Kerala Coast,9.5,76.5,7.893933296203613,12,40,33.15096664428711,2,9,23.879894256591797,2,9,9.271072387695312,80.0139634011965,136,0.4999999999999999,-0.8660254037844387,2.18536939219571,9.271072387695312,1,4,2025
2025-05-17,Kerala Coast,9.5,76.5,13.492815017700195,12,40,31.32090950012207,2,9,24.471599578857425,2,9,6.849309921264645,86.32233918926235,137,0.4999999999999999,-0.8660254037844387,2.6736530105972185,6.849309921264645,1,4,2025
2025-05-18,Kerala Coast,9.5,76.5,3.5552852153778076,12,40,31.970361709594727,2,9,24.115928649902344,2,9,7.854433059692383,80.83999831453937,138,0.4999999999999999,-0.8660254037844387,1.5162881446413778,7.854433059692383,1,4,2025
2025-05-19,Kerala Coast,9.5,76.5,12.955001831054688,12,40,31.558195114135746,2,9,23.702714920043945,2,9,7.8554801940918,84.19655360641535,139,0.4999999999999999,-0.8660254037844387,2.6358379981996483,7.8554801940918,1,4,2025
2025-05-20,Kerala Coast,9.5,76.5,34.510498046875,12,40,31.83173942565918,2,9,22.586484909057617,2,9,9.245254516601562,84.21897608398254,140,0.4999999999999999,-0.8660254037844387,3.56982837239522,9.245254516601562,1,4,2025
2025-05-21,Kerala Coast,9.5,76.5,3.956988573074341,12,40,32.42369842529297,2,9,23.544099807739254,2,9,8.879598617553714,79.0431980063701,141,0.4999999999999999,-0.8660254037844387,1.6007984138258426,8.879598617553714,1,4,2025
2025-05-22,Kerala Coast,9.5,76.5,4.019585132598877,12,40,33.04154968261719,2,9,24.044336318969727,2,9,8.997213363647461,78.84561513484488,142,0.4999999999999999,-0.8660254037844387,1.6133472873799342,8.997213363647461,1,4,2025
2025-05-23,Kerala Coast,9.5,76.5,10.863150596618652,12,40,31.40802764892578,2,9,24.465904235839844,2,9,6.9421234130859375,85.53606419556968,143,0.4999999999999999,-0.8660254037844387,2.4734370072471847,6.9421234130859375,1,4,2025
2025-05-24,Kerala Coast,9.5,76.5,52.858924865722656,12,40,28.043724060058594,2,9,22.247894287109375,2,9,5.795829772949219,92.36744483071487,144,0.4999999999999999,-0.8660254037844387,3.986368125537775,5.795829772949219,1,4,2025
2025-05-25,Kerala Coast,9.5,76.5,36.372352600097656,12,40,28.173892974853516,2,9,22.590145111083984,2,9,5.583747863769531,91.69529785974046,145,0.4999999999999999,-0.8660254037844387,3.620931195759841,5.583747863769531,1,4,2025
2025-05-26,Kerala Coast,9.5,76.5,59.196922302246094,12,40,28.052989959716797,2,9,22.09258270263672,2,9,5.960407257080078,92.37204916522124,146,0.4999999999999999,-0.8660254037844387,4.097621226460464,5.960407257080078,1,4,2025
2025-05-27,Kerala Coast,9.5,76.5,58.44838333129883,12,40,28.69618797302246,2,9,22.327075958251953,2,9,6.369112014770508,91.51710125749678,147,0.4999999999999999,-0.8660254037844387,4.085108429012599,6.369112014770508,1,4,2025
2025-05-28,Kerala Coast,9.5,76.5,12.663230895996094,12,40,30.82575798034668,2,9,23.75882339477539,2,9,7.066934585571289,85.71025587458698,148,0.4999999999999999,-0.8660254037844387,2.614708348576516,7.066934585571289,1,4,2025
2025-05-29,Kerala Coast,9.5,76.5,33.785770416259766,12,40,28.318078994750977,2,9,23.37958526611328,2,9,4.938493728637695,92.77063776395002,149,0.4999999999999999,-0.8660254037844387,3.5492084070751395,4.938493728637695,1,4,2025
2025-05-30,Kerala Coast,9.5,76.5,77.26441955566406,12,40,25.735855102539062,2,9,22.11127471923828,2,9,3.624580383300781,97.83111849714454,150,0.4999999999999999,-0.8660254037844387,4.360093087915368,3.624580383300781,1,4,2025
2025-05-31,Kerala Coast,9.5,76.5,53.60573959350586,12,40,28.904056549072266,2,9,22.196128845214844,2,9,6.707927703857422,90.58456158624388,151,0.4999999999999999,-0.8660254037844387,4.00013899798624,6.707927703857422,1,4,2025
2025-06-01,Kerala Coast,9.5,76.5,23.143260955810547,12,40,32.7010498046875,2,9,23.541698455810547,2,9,9.159351348876951,83.23331317737069,152,1.2246467991473532e-16,-1.0,3.184005291708201,9.159351348876951,1,4,2025
2025-06-02,Kerala Coast,9.5,76.5,1.4659075736999512,12,40,33.07123947143555,2,9,23.451242446899418,2,9,9.61999702453613,75.46768572229267,153,1.2246467991473532e-16,-1.0,0.9025599237883112,9.61999702453613,1,4,2025
2025-06-03,Kerala Coast,9.5,76.5,7.636265754699707,12,40,32.51015853881836,2,9,23.574710845947266,2,9,8.935447692871094,80.5970154694726,154,1.2246467991473532e-16,-1.0,2.1559702850715943,8.935447692871094,1,4,2025
2025-06-04,Kerala Coast,9.5,76.5,23.914579391479492,12,40,31.21006965637207,2,9,22.9355525970459,2,9,8.274517059326172,85.09732533090407,155,1.2246467991473532e-16,-1.0,3.215453149852138,8.274517059326172,1,4,2025
2025-06-05,Kerala Coast,9.5,76.5,11.69086742401123,12,40,33.192893981933594,2,9,23.380155563354492,2,9,9.812738418579102,79.99717106579048,156,1.2246467991473532e-16,-1.0,2.540882634316228,9.812738418579102,1,4,2025
2025-06-06,Kerala Coast,9.5,76.5,0.0,12,40,32.28057098388672,2,9,24.178062438964844,2,9,8.102508544921875,75.79498291015625,157,1.2246467991473532e-16,-1.0,0.0,8.102508544921875,1,4,2025
2025-06-07,Kerala Coast,9.5,76.5,5.870006561279297,12,40,32.75253677368164,2,9,23.935806274414062,2,9,8.816730499267578,80.14803418535371,158,1.2246467991473532e-16,-1.0,1.9271650612962905,8.816730499267578,1,4,2025
2025-06-08,Kerala Coast,9.5,76.5,1.414850115776062,12,40,33.17300033569336,2,9,23.59543800354004,2,9,9.57756233215332,75.48978699964631,159,1.2246467991473532e-16,-1.0,0.881637221317651,9.57756233215332,1,4,2025
2025-06-09,Kerala Coast,9.5,76.5,25.61070251464844,12,40,32.660614013671875,2,9,23.22525978088379,2,9,9.435354232788086,82.97323198954767,160,1.2246467991473532e-16,-1.0,3.2813134850412804,9.435354232788086,1,4,2025
2025-06-10,Kerala Coast,9.5,76.5,2.2279226779937744,12,40,32.22762680053711,2,9,24.098365783691406,2,9,8.129261016845703,79.25699435607045,161,1.2246467991473532e-16,-1.0,1.1718387965872847,8.129261016845703,1,4,2025
2025-06-11,Kerala Coast,9.5,76.5,48.667449951171875,12,40,30.469762802124023,2,9,23.805511474609375,2,9,6.664251327514648,90.38754670891656,162,1.2246467991473532e-16,-1.0,3.905349787981955,6.664251327514648,1,4,2025
2025-06-12,Kerala Coast,9.5,76.5,24.05470085144043,12,40,30.895498275756836,2,9,23.00602912902832,2,9,7.889469146728516,85.8842461125389,163,1.2246467991473532e-16,-1.0,3.221061468665312,7.889469146728516,1,4,2025
2025-06-13,Kerala Coast,9.5,76.5,18.176246643066406,12,40,28.997068405151367,2,9,23.140851974487305,2,9,5.8562164306640625,89.14858421603186,164,1.2246467991473532e-16,-1.0,2.953672359119998,5.8562164306640625,1,4,2025
2025-06-14,Kerala Coast,9.5,76.5,39.41944885253906,12,40,28.577329635620117,2,9,22.961488723754883,2,9,5.615840911865234,91.86625140537618,165,1.2246467991473532e-16,-1.0,3.69931107636888,5.615840911865234,1,4,2025
2025-06-15,Kerala Coast,9.5,76.5,52.87957000732422,12,40,27.69284439086914,2,9,22.274015426635746,2,9,5.418828964233395,93.12259618437842,166,1.2246467991473532e-16,-1.0,3.986751370948407,5.418828964233395,1,4,2025
2025-06-16,Kerala Coast,9.5,76.5,52.13911056518555,12,40,28.681686401367188,2,9,21.96835708618164,2,9,6.713329315185547,90.49208097747425,167,1.2246467991473532e-16,-1.0,3.972913202615107,6.713329315185547,1,4,2025
2025-06-17,Kerala Coast,9.5,76.5,18.48147773742676,12,40,29.457927703857425,2,9,22.41842269897461,2,9,7.039505004882816,86.82938245387851,168,1.2246467991473532e-16,-1.0,2.969464154548044,7.039505004882816,1,4,2025
2025-06-18,Kerala Coast,9.5,76.5,13.971416473388672,12,40,30.5479736328125,2,9,22.9342098236084,2,9,7.613763809204102,84.89090082586014,169,1.2246467991473532e-16,-1.0,2.706142814756118,7.613763809204102,1,4,2025
2025-06-19,Kerala Coast,9.5,76.5,16.495529174804688,12,40,30.7396240234375,2,9,23.359106063842773,2,9,7.380517959594727,85.82480019850416,170,1.2246467991473532e-16,-1.0,2.8619453725645396,7.380517959594727,1,4,2025
2025-06-20,Kerala Coast,9.5,76.5,20.74234962463379,12,40,32.11055374145508,2,9,23.40399932861328,2,9,8.706554412841797,83.8246770371055,171,1.2246467991473532e-16,-1.0,3.0792619542630306,8.706554412841797,1,4,2025
2025-06-21,Kerala Coast,9.5,76.5,17.163524627685547,12,40,31.7613525390625,2,9,23.87647819519043,2,9,7.88487434387207,84.92849763756057,172,1.2246467991473532e-16,-1.0,2.8994154417682374,7.88487434387207,1,4,2025
2025-06-22,Kerala Coast,9.5,76.5,16.470430374145508,12,40,31.248136520385746,2,9,23.792619705200195,2,9,7.45551681518555,85.67049564627592,173,1.2246467991473532e-16,-1.0,2.860509758882339,7.45551681518555,1,4,2025
2025-06-23,Kerala Coast,9.5,76.5,24.06141471862793,12,40,29.59486961364746,2,9,22.43279266357422,2,9,7.162076950073242,87.3398343032489,174,1.2246467991473532e-16,-1.0,3.221329401131797,7.162076950073242,1,4,2025
2025-06-24,Kerala Coast,9.5,76.5,4.657268047332764,12,40,30.944778442382812,2,9,23.224132537841797,2,9,7.720645904541016,81.75753148653584,175,1.2246467991473532e-16,-1.0,1.73294109853929,7.720645904541016,1,4,2025
2025-06-25,Kerala Coast,9.5,76.5,8.013273239135742,12,40,30.220991134643555,2,9,23.39523124694824,2,9,6.825759887695316,84.9445751102957,176,1.2246467991473532e-16,-1.0,2.1986982952287777,6.825759887695316,1,4,2025
2025-06-26,Kerala Coast,9.5,76.5,37.90561294555664,12,40,28.777019500732425,2,9,23.507963180541992,2,9,5.269056320190433,92.44530295524387,177,1.2246467991473532e-16,-1.0,3.661138531874914,5.269056320190433,1,4,2025
2025-06-27,Kerala Coast,9.5,76.5,67.09457397460938,12,40,31.16856384277344,2,9,22.714448928833008,2,9,8.454114913940433,87.75446277010678,178,1.2246467991473532e-16,-1.0,4.2208975326625495,8.454114913940433,1,4,2025
2025-06-28,Kerala Coast,9.5,76.5,0.8641253113746643,12,40,30.6390438079834,2,9,23.13202476501465,2,9,7.50701904296875,78.85433773747076,179,1.2246467991473532e-16,-1.0,0.6227919411360877,7.50701904296875,1,4,2025
2025-06-29,Kerala Coast,9.5,76.5,24.57256317138672,12,40,31.67637062072754,2,9,22.70747947692871,2,9,8.968891143798828,83.78677778929803,180,1.2246467991473532e-16,-1.0,3.2415200256318952,8.968891143798828,1,4,2025
2025-06-30,Kerala Coast,9.5,76.5,0.425130546092987,12,40,31.84671974182129,2,9,23.113296508789062,2,9,8.733423233032227,75.5959437963892,181,1.2246467991473532e-16,-1.0,0.3542634208178798,8.733423233032227,1,4,2025
2025-07-01,Kerala Coast,9.5,76.5,5.580249786376953,12,40,30.86852645874023,2,9,23.05252265930176,2,9,7.816003799438469,82.02021051933957,182,-0.4999999999999998,-0.8660254037844388,1.884072706072172,7.816003799438469,1,4,2025
2025-07-02,Kerala Coast,9.5,76.5,8.823906898498535,12,40,30.223304748535156,2,9,22.96933937072754,2,9,7.253965377807617,84.3465259276313,183,-0.4999999999999998,-0.8660254037844388,2.284818894415513,7.253965377807617,1,4,2025
2025-07-03,Kerala Coast,9.5,76.5,18.155353546142575,12,40,30.57476234436035,2,9,22.68585205078125,2,9,7.888910293579102,85.07992611815004,184,-0.4999999999999998,-0.8660254037844388,2.95258223510275,7.888910293579102,1,4,2025
2025-07-04,Kerala Coast,9.5,76.5,3.197230339050293,12,40,30.830547332763672,2,9,22.02492332458496,2,9,8.805624008178711,78.69202657767607,185,-0.4999999999999998,-0.8660254037844388,1.434424864677832,8.805624008178711,1,4,2025
2025-07-05,Kerala Coast,9.5,76.5,5.180915355682373,12,40,31.187530517578125,2,9,22.84167098999023,2,9,8.345859527587894,80.77268007374745,186,-0.4999999999999998,-0.8660254037844388,1.8214663763077457,8.345859527587894,1,4,2025
2025-07-06,Kerala Coast,9.5,76.5,6.246640205383301,12,40,30.659910202026367,2,9,23.02378845214844,2,9,7.636121749877926,82.66937032476586,187,-0.4999999999999998,-0.8660254037844388,1.9805379415072428,7.636121749877926,1,4,2025
2025-07-07,Kerala Coast,9.5,76.5,5.4929304122924805,12,40,30.694520950317383,2,9,23.092870712280273,2,9,7.601650238037109,82.4088413923038,188,-0.4999999999999998,-0.8660254037844388,1.870713956126008,7.601650238037109,1,4,2025
2025-07-08,Kerala Coast,9.5,76.5,5.979601860046387,12,40,31.96007537841797,2,9,23.179426193237305,2,9,8.780649185180664,80.26767725475706,189,-0.4999999999999998,-0.8660254037844388,1.9429918750394648,8.780649185180664,1,4,2025
2025-07-09,Kerala Coast,9.5,76.5,5.17067289352417,12,40,32.289390563964844,2,9,23.433029174804688,2,9,8.856361389160156,79.74670089434616,190,-0.4999999999999998,-0.8660254037844388,1.8198078908888229,8.856361389160156,1,4,2025
2025-07-10,Kerala Coast,9.5,76.5,2.2569241523742676,12,40,31.705629348754883,2,9,23.369901657104492,2,9,8.33572769165039,78.8708943320486,191,-0.4999999999999998,-0.8660254037844388,1.180783238449792,8.33572769165039,1,4,2025
2025-07-11,Kerala Coast,9.5,76.5,7.977962017059326,12,40,31.93510055541992,2,9,24.003273010253903,2,9,7.931827545166016,82.72066363871522,192,-0.4999999999999998,-0.8660254037844388,2.1947729096824156,7.931827545166016,1,4,2025
2025-07-12,Kerala Coast,9.5,76.5,46.118263244628906,12,40,31.89708709716797,2,9,23.223243713378903,2,9,8.673843383789066,86.21029527400586,193,-0.4999999999999998,-0.8660254037844388,3.8526606805279946,8.673843383789066,1,4,2025
2025-07-13,Kerala Coast,9.5,76.5,8.595269203186035,12,40,31.741905212402344,2,9,23.07478141784668,2,9,8.667123794555664,81.44956296792101,194,-0.4999999999999998,-0.8660254037844388,2.261270185677448,8.667123794555664,1,4,2025
2025-07-14,Kerala Coast,9.5,76.5,15.975412368774414,12,40,31.145904541015625,2,9,22.75606346130371,2,9,8.389841079711914,83.71561573815919,195,-0.4999999999999998,-0.8660254037844388,2.8317659658610026,8.389841079711914,1,4,2025
2025-07-15,Kerala Coast,9.5,76.5,3.616273641586304,12,40,30.37842559814453,2,9,22.755163192749023,2,9,7.623262405395508,81.34223861487386,196,-0.4999999999999998,-0.8660254037844388,1.5295878085549617,7.623262405395508,1,4,2025
2025-07-16,Kerala Coast,9.5,76.5,13.04831600189209,12,40,29.49408912658691,2,9,23.22481155395508,2,9,6.269277572631829,87.38895244797541,197,-0.4999999999999998,-0.8660254037844388,2.6425025310796912,6.269277572631829,1,4,2025
2025-07-17,Kerala Coast,9.5,76.5,34.37122344970703,12,40,29.463294982910156,2,9,22.47012710571289,2,9,6.993167877197266,88.71136002358232,198,-0.4999999999999998,-0.8660254037844388,3.565898592658948,6.993167877197266,1,4,2025
2025-07-18,Kerala Coast,9.5,76.5,15.0753173828125,12,40,29.298355102539062,2,9,22.9624080657959,2,9,6.335947036743164,87.65996096792908,199,-0.4999999999999998,-0.8660254037844388,2.777285013805136,6.335947036743164,1,4,2025
2025-07-19,Kerala Coast,9.5,76.5,35.3442497253418,12,40,27.290407180786133,2,9,22.476299285888672,2,9,4.814107894897461,93.15089220897754,200,-0.4999999999999998,-0.8660254037844388,3.5930359995908203,4.814107894897461,1,4,2025
2025-07-20,Kerala Coast,9.5,76.5,41.054840087890625,12,40,26.8807373046875,2,9,22.230724334716797,2,9,4.650012969970703,93.9168975089248,201,-0.4999999999999998,-0.8660254037844388,3.738974482955397,4.650012969970703,1,4,2025
2025-07-21,Kerala Coast,9.5,76.5,32.21498107910156,12,40,27.80427360534668,2,9,21.952741622924805,2,9,5.851531982421875,90.80593906955976,202,-0.4999999999999998,-0.8660254037844388,3.5030010114678345,5.851531982421875,1,4,2025
2025-07-22,Kerala Coast,9.5,76.5,12.641255378723145,12,40,28.531034469604492,2,9,22.160842895507812,2,9,6.37019157409668,87.09891290603711,203,-0.4999999999999998,-0.8660254037844388,2.6130986847434916,6.37019157409668,1,4,2025
2025-07-23,Kerala Coast,9.5,76.5,39.58623504638672,12,40,29.60764503479004,2,9,22.27923011779785,2,9,7.3284149169921875,88.45345707858027,204,-0.4999999999999998,-0.8660254037844388,3.7034289708548833,7.3284149169921875,1,4,2025
2025-07-24,Kerala Coast,9.5,76.5,44.77068710327149,12,40,28.338048934936523,2,9,22.19539451599121,2,9,6.1426544189453125,91.18562276203224,205,-0.4999999999999998,-0.8660254037844388,3.823643866640952,6.1426544189453125,1,4,2025
2025-07-25,Kerala Coast,9.5,76.5,34.238182067871094,12,40,28.763111114501953,2,9,22.03763198852539,2,9,6.7254791259765625,89.23543238572685,206,-0.4999999999999998,-0.8660254037844388,3.5621302125599903,6.7254791259765625,1,4,2025
2025-07-26,Kerala Coast,9.5,76.5,31.301279067993164,12,40,26.829425811767575,2,9,21.467304229736328,2,9,5.3621215820312464,91.701077323156,207,-0.4999999999999998,-0.8660254037844388,3.4751068290728377,5.3621215820312464,1,4,2025
2025-07-27,Kerala Coast,9.5,76.5,24.52632713317871,12,40,29.317548751831055,2,9,21.851327896118164,2,9,7.466220855712891,86.78668935706476,208,-0.4999999999999998,-0.8660254037844388,3.239710356163512,7.466220855712891,1,4,2025
2025-07-28,Kerala Coast,9.5,76.5,2.124687433242798,12,40,31.450023651123047,2,9,22.69281959533691,2,9,8.757204055786136,77.9035946588985,209,-0.4999999999999998,-0.8660254037844388,1.13933425682359,8.757204055786136,1,4,2025
2025-07-29,Kerala Coast,9.5,76.5,0.0,12,40,32.36634063720703,2,9,22.406635284423828,2,9,9.959705352783203,72.0805892944336,210,-0.4999999999999998,-0.8660254037844388,0.0,9.959705352783203,1,4,2025
2025-07-30,Kerala Coast,9.5,76.5,1.7824040651321411,12,40,31.92305374145508,2,9,23.16277313232422,2,9,8.760280609130863,77.54938475863804,211,-0.4999999999999998,-0.8660254037844388,1.0233153256332537,8.760280609130863,1,4,2025
2025-07-31,Kerala Coast,9.5,76.5,9.53369140625,12,40,31.76751708984375,2,9,23.23331642150879,2,9,8.534200668334961,81.99533514016369,212,-0.4999999999999998,-0.8660254037844388,2.3545788256112052,8.534200668334961,1,4,2025
2025-08-01,Kerala Coast,9.5,76.5,11.965179443359377,12,40,31.482561111450195,2,9,23.45033836364746,2,9,8.032222747802734,83.62235628287453,213,-0.8660254037844384,-0.5000000000000004,2.562267259493334,8.032222747802734,1,4,2025
2025-08-02,Kerala Coast,9.5,76.5,10.10153865814209,12,40,30.4079647064209,2,9,23.274433135986328,2,9,7.13353157043457,84.95418800881794,214,-0.8660254037844384,-0.5000000000000004,2.4070837165623606,7.13353157043457,1,4,2025
2025-08-03,Kerala Coast,9.5,76.5,2.4066457748413086,12,40,29.209217071533203,2,9,22.497669219970703,2,9,6.7115478515625,82.25408878725167,215,-0.8660254037844384,-0.5000000000000004,1.2257281634588912,6.7115478515625,1,4,2025
2025-08-04,Kerala Coast,9.5,76.5,42.39254379272461,12,40,30.55805206298828,2,9,22.693777084350582,2,9,7.864274978637699,87.58231291573186,216,-0.8660254037844384,-0.5000000000000004,3.7702876243357495,7.864274978637699,1,4,2025
2025-08-05,Kerala Coast,9.5,76.5,40.28583526611328,12,40,29.70624542236328,2,9,22.946990966796875,2,9,6.759254455566406,89.64304949698891,217,-0.8660254037844384,-0.5000000000000004,3.720519469373909,6.759254455566406,1,4,2025
2025-08-06,Kerala Coast,9.5,76.5,4.481165409088135,12,40,30.15709686279297,2,9,22.23571395874023,2,9,7.921382904052738,81.26118742461973,218,-0.8660254037844384,-0.5000000000000004,1.7013177442417342,7.921382904052738,1,4,2025
2025-08-07,Kerala Coast,9.5,76.5,0.0,12,40,30.659639358520508,2,9,22.964431762695312,2,9,7.695207595825195,76.60958480834961,219,-0.8660254037844384,-0.5000000000000004,0.0,7.695207595825195,1,4,2025
2025-08-08,Kerala Coast,9.5,76.5,2.375288963317871,12,40,30.430742263793945,2,9,23.05189514160156,2,9,7.378847122192386,80.89174857387603,220,-0.8660254037844384,-0.5000000000000004,1.216480939420267,7.378847122192386,1,4,2025
2025-08-09,Kerala Coast,9.5,76.5,13.355949401855469,12,40,30.588619232177734,2,9,23.320877075195312,2,9,7.267742156982422,85.4570090322843,221,-0.8660254037844384,-0.5000000000000004,2.664164448749718,7.267742156982422,1,4,2025
2025-08-10,Kerala Coast,9.5,76.5,4.247625350952148,12,40,30.29152488708496,2,9,23.33522605895996,2,9,6.956298828125,83.0607293242729,222,-0.8660254037844384,-0.5000000000000004,1.6577756601742988,6.956298828125,1,4,2025
2025-08-11,Kerala Coast,9.5,76.5,15.695479393005373,12,40,28.795944213867188,2,9,22.618179321289062,2,9,6.177764892578125,88.08988417808949,223,-0.8660254037844384,-0.5000000000000004,2.8151379877485785,6.177764892578125,1,4,2025
2025-08-12,Kerala Coast,9.5,76.5,6.700249195098877,12,40,30.11819839477539,2,9,22.54496383666992,2,9,7.573234558105472,82.97728895779653,224,-0.8660254037844384,-0.5000000000000004,2.0412526913358215,7.573234558105472,1,4,2025
2025-08-13,Kerala Coast,9.5,76.5,18.077220916748047,12,40,28.373268127441406,2,9,22.52459716796875,2,9,5.848670959472656,89.1481430845138,225,-0.8660254037844384,-0.5000000000000004,2.9484950011530406,5.848670959472656,1,4,2025
2025-08-14,Kerala Coast,9.5,76.5,15.503934860229492,12,40,30.13214683532715,2,9,22.285907745361328,2,9,7.84623908996582,84.71831830662768,226,-0.8660254037844384,-0.5000000000000004,2.8035988288531084,7.84623908996582,1,4,2025
2025-08-15,Kerala Coast,9.5,76.5,34.13306427001953,12,40,28.48696517944336,2,9,22.34037399291992,2,9,6.146591186523441,90.38424569413684,227,-0.8660254037844384,-0.5000000000000004,3.559142689061237,6.146591186523441,1,4,2025
2025-08-16,Kerala Coast,9.5,76.5,12.744535446166992,12,40,28.66767120361328,2,9,22.548158645629883,2,9,6.119512557983398,87.62289885310084,228,-0.8660254037844384,-0.5000000000000004,2.620641323022543,6.119512557983398,1,4,2025
2025-08-17,Kerala Coast,9.5,76.5,35.74212646484375,12,40,27.959997177124023,2,9,22.49687767028809,2,9,5.463119506835934,91.88553285687912,229,-0.8660254037844384,-0.5000000000000004,3.603923956850332,5.463119506835934,1,4,2025
2025-08-18,Kerala Coast,9.5,76.5,16.745866775512695,12,40,29.595144271850582,2,9,22.482376098632812,2,9,7.11276817321777,86.40292154682925,230,-0.8660254037844384,-0.5000000000000004,2.8761526310882624,7.11276817321777,1,4,2025
2025-08-19,Kerala Coast,9.5,76.5,0.3851819634437561,12,40,31.29179954528809,2,9,22.85946273803711,2,9,8.43233680725098,76.11282092317006,231,-0.8660254037844384,-0.5000000000000004,0.3258315125573404,8.43233680725098,1,4,2025
2025-08-20,Kerala Coast,9.5,76.5,1.017717719078064,12,40,31.8383731842041,2,9,22.64473533630371,2,9,9.19363784790039,75.7186253960588,232,-0.8660254037844384,-0.5000000000000004,0.7019670306198609,9.19363784790039,1,4,2025
2025-08-21,Kerala Coast,9.5,76.5,1.670546293258667,12,40,32.361106872558594,2,9,22.25231170654297,2,9,10.108795166015623,74.72925883506964,233,-0.8660254037844384,-0.5000000000000004,0.9822830557002992,10.108795166015623,1,4,2025
2025-08-22,Kerala Coast,9.5,76.5,0.0,12,40,30.77138328552246,2,9,23.859235763549805,2,9,6.912147521972656,78.17570495605469,234,-0.8660254037844384,-0.5000000000000004,0.0,6.912147521972656,1,4,2025
2025-08-23,Kerala Coast,9.5,76.5,0.0,12,40,31.2543888092041,2,9,23.64757537841797,2,9,7.606813430786133,76.78637313842773,235,-0.8660254037844384,-0.5000000000000004,0.0,7.606813430786133,1,4,2025
2025-08-24,Kerala Coast,9.5,76.5,0.0,12,40,32.189701080322266,2,9,22.938852310180664,2,9,9.250848770141602,73.4983024597168,236,-0.8660254037844384,-0.5000000000000004,0.0,9.250848770141602,1,4,2025
2025-08-25,Kerala Coast,9.5,76.5,0.0,12,40,32.50531768798828,2,9,22.42396545410156,2,9,10.081352233886722,71.83729553222656,237,-0.8660254037844384,-0.5000000000000004,0.0,10.081352233886722,1,4,2025
2025-08-26,Kerala Coast,9.5,76.5,0.0,12,40,31.938812255859375,2,9,23.15229034423828,2,9,8.786521911621094,74.42695617675781,238,-0.8660254037844384,-0.5000000000000004,0.0,8.786521911621094,1,4,2025
2025-08-27,Kerala Coast,9.5,76.5,5.734866142272949,12,40,29.677377700805664,2,9,23.04812812805176,2,9,6.629249572753903,84.4633946586639,239,-0.8660254037844384,-0.5000000000000004,1.9072979347239047,6.629249572753903,1,4,2025
2025-08-28,Kerala Coast,9.5,76.5,35.09530258178711,12,40,28.98841667175293,2,9,22.50374412536621,2,9,6.484672546386719,89.78914311067861,240,-0.8660254037844384,-0.5000000000000004,3.586162734484014,6.484672546386719,1,4,2025
2025-08-29,Kerala Coast,9.5,76.5,13.19801902770996,12,40,30.34247398376465,2,9,22.86791229248047,2,9,7.47456169128418,85.01018396678552,241,-0.8660254037844384,-0.5000000000000004,2.653102449784627,7.47456169128418,1,4,2025
2025-08-30,Kerala Coast,9.5,76.5,15.879952430725098,12,40,30.626142501831055,2,9,23.07603454589844,2,9,7.550107955932614,85.37816410137127,242,-0.8660254037844384,-0.5000000000000004,2.826126671078834,7.550107955932614,1,4,2025
2025-08-31,Kerala Coast,9.5,76.5,21.424570083618164,12,40,31.129615783691406,2,9,23.117572784423828,2,9,8.012042999267578,85.30638571085088,243,-0.8660254037844384,-0.5000000000000004,3.1101572364620096,8.012042999267578,1,4,2025
2025-09-01,Kerala Coast,9.5,76.5,2.171876907348633,12,40,30.54560279846191,2,9,23.441497802734375,2,9,7.1041049957275355,81.25476049958549,244,-1.0,-1.8369701987210294e-16,1.1543234970135234,7.1041049957275355,1,4,2025
2025-09-02,Kerala Coast,9.5,76.5,1.478169322013855,12,40,31.856733322143555,2,9,23.35335350036621,2,9,8.503379821777344,77.71580068939453,245,-1.0,-1.8369701987210294e-16,0.9075201109830696,8.503379821777344,1,4,2025
2025-09-03,Kerala Coast,9.5,76.5,0.0,12,40,31.20003890991211,2,9,23.526914596557617,2,9,7.673124313354492,76.65375137329102,246,-1.0,-1.8369701987210294e-16,0.0,7.673124313354492,1,4,2025
2025-09-04,Kerala Coast,9.5,76.5,4.2280659675598145,12,40,31.649099349975582,2,9,22.72881126403809,2,9,8.920288085937493,79.12154806954844,247,-1.0,-1.8369701987210294e-16,1.6540414138078103,8.920288085937493,1,4,2025
2025-09-05,Kerala Coast,9.5,76.5,6.23117733001709,12,40,31.080968856811523,2,9,23.100351333618164,2,9,7.980617523193359,81.97397054103382,248,-1.0,-1.8369701987210294e-16,1.978401862473515,7.980617523193359,1,4,2025
2025-09-06,Kerala Coast,9.5,76.5,1.6914026737213137,12,40,31.912906646728516,2,9,23.560035705566406,2,9,8.35287094116211,78.26444561094446,249,-1.0,-1.8369701987210294e-16,0.9900624977562268,8.35287094116211,1,4,2025
2025-09-07,Kerala Coast,9.5,76.5,0.1358209401369094,12,40,31.58080291748047,2,9,23.419994354248047,2,9,8.160808563232422,76.06044992780379,250,-1.0,-1.8369701987210294e-16,0.1273556847562124,8.160808563232422,1,4,2025
2025-09-08,Kerala Coast,9.5,76.5,0.0,12,40,31.697080612182617,2,9,23.63831901550293,2,9,8.058761596679688,75.88247680664062,251,-1.0,-1.8369701987210294e-16,0.0,8.058761596679688,1,4,2025
2025-09-09,Kerala Coast,9.5,76.5,0.0,12,40,31.81395721435547,2,9,23.874164581298828,2,9,7.939792633056641,76.12041473388672,252,-1.0,-1.8369701987210294e-16,0.0,7.939792633056641,1,4,2025
2025-09-10,Kerala Coast,9.5,76.5,0.54209303855896,12,40,31.331832885742188,2,9,23.91814422607422,2,9,7.413688659667969,78.47204450949657,253,-1.0,-1.8369701987210294e-16,0.4331406096108343,7.413688659667969,1,4,2025
2025-09-11,Kerala Coast,9.5,76.5,4.301198482513428,12,40,31.829608917236328,2,9,23.251285552978516,2,9,8.578323364257812,79.84715204279719,254,-1.0,-1.8369701987210294e-16,1.6679329237709366,8.578323364257812,1,4,2025
2025-09-12,Kerala Coast,9.5,76.5,0.0,12,40,32.852684020996094,2,9,22.915225982666016,2,9,9.937458038330078,72.12508392333984,255,-1.0,-1.8369701987210294e-16,0.0,9.937458038330078,1,4,2025
2025-09-13,Kerala Coast,9.5,76.5,0.0,12,40,32.30393981933594,2,9,23.041627883911133,2,9,9.262311935424805,73.47537612915039,256,-1.0,-1.8369701987210294e-16,0.0,9.262311935424805,1,4,2025
2025-09-14,Kerala Coast,9.5,76.5,0.0,12,40,32.21055221557617,2,9,22.86194610595703,2,9,9.34860610961914,73.30278778076172,257,-1.0,-1.8369701987210294e-16,0.0,9.34860610961914,1,4,2025
2025-09-15,Kerala Coast,9.5,76.5,2.988060712814331,12,40,32.57249450683594,2,9,23.394086837768555,2,9,9.178407669067385,77.79309988944199,258,-1.0,-1.8369701987210294e-16,1.3833050758589185,9.178407669067385,1,4,2025
2025-09-16,Kerala Coast,9.5,76.5,18.728763580322266,12,40,32.15787887573242,2,9,23.393735885620117,2,9,8.764142990112305,83.4179469730233,259,-1.0,-1.8369701987210294e-16,2.9820776510826383,8.764142990112305,1,4,2025
2025-09-17,Kerala Coast,9.5,76.5,20.730438232421875,12,40,31.482519149780273,2,9,23.614124298095703,2,9,7.86839485168457,85.49935218031065,260,-1.0,-1.8369701987210294e-16,3.078713961226598,7.86839485168457,1,4,2025
2025-09-18,Kerala Coast,9.5,76.5,7.451630592346191,12,40,31.501848220825195,2,9,23.178760528564453,2,9,8.323087692260742,81.75690279226238,261,-1.0,-1.8369701987210294e-16,2.134359392261287,8.323087692260742,1,4,2025
2025-09-19,Kerala Coast,9.5,76.5,0.4742183983325958,12,40,31.295597076416016,2,9,23.643224716186523,2,9,7.652372360229492,77.85963912927082,262,-1.0,-1.8369701987210294e-16,0.3881279499099319,7.652372360229492,1,4,2025
2025-09-20,Kerala Coast,9.5,76.5,0.0,12,40,31.604387283325195,2,9,23.40309715270996,2,9,8.201290130615234,75.59741973876953,263,-1.0,-1.8369701987210294e-16,0.0,8.201290130615234,1,4,2025
2025-09-21,Kerala Coast,9.5,76.5,0.3395523428916931,12,40,31.859437942504883,2,9,23.075382232666016,2,9,8.784055709838867,75.30889503736016,264,-1.0,-1.8369701987210294e-16,0.2923354856792959,8.784055709838867,1,4,2025
2025-09-22,Kerala Coast,9.5,76.5,4.738705158233643,12,40,31.98514938354492,2,9,22.8861026763916,2,9,9.099046707153317,79.04360739377753,265,-1.0,-1.8369701987210294e-16,1.747233602694725,9.099046707153317,1,4,2025
2025-09-23,Kerala Coast,9.5,76.5,0.8164587020874023,12,40,31.17443466186523,2,9,22.70205307006836,2,9,8.472381591796871,76.8459033290232,266,-1.0,-1.8369701987210294e-16,0.5968888375389839,8.472381591796871,1,4,2025
2025-09-24,Kerala Coast,9.5,76.5,22.498374938964844,12,40,30.98210906982422,2,9,23.23660659790039,2,9,7.745502471923828,85.97978885782922,267,-1.0,-1.8369701987210294e-16,3.156931267225625,7.745502471923828,1,4,2025
2025-09-25,Kerala Coast,9.5,76.5,11.988167762756348,12,40,30.252397537231445,2,9,22.718915939331055,2,9,7.533481597900391,84.62515311692245,268,-1.0,-1.8369701987210294e-16,2.564038770907745,7.533481597900391,1,4,2025
2025-09-26,Kerala Coast,9.5,76.5,70.27120971679688,12,40,30.367427825927734,2,9,22.413619995117188,2,9,7.953807830810547,88.89186170363851,269,-1.0,-1.8369701987210294e-16,4.266492455086535,7.953807830810547,1,4,2025
2025-09-27,Kerala Coast,9.5,76.5,21.55506706237793,12,40,30.210803985595703,2,9,22.782739639282227,2,9,7.428064346313477,86.49175053978719,270,-1.0,-1.8369701987210294e-16,3.1159597441380464,7.428064346313477,1,4,2025
2025-09-28,Kerala Coast,9.5,76.5,23.42603302001953,12,40,30.238542556762695,2,9,23.231042861938477,2,9,7.007499694824219,87.57194908211252,271,-1.0,-1.8369701987210294e-16,3.195649490586988,7.007499694824219,1,4,2025
2025-09-29,Kerala Coast,9.5,76.5,16.94573211669922,12,40,31.98373031616211,2,9,23.02971839904785,2,9,8.954011917114258,82.75403313050336,272,-1.0,-1.8369701987210294e-16,2.887352321577294,8.954011917114258,1,4,2025
2025-09-30,Kerala Coast,9.5,76.5,2.266866683959961,12,40,31.472002029418945,2,9,22.877920150756836,2,9,8.59408187866211,78.36333021742861,273,-1.0,-1.8369701987210294e-16,1.1838313249176111,8.59408187866211,1,4,2025
2025-10-01,Kerala Coast,9.5,76.5,0.0,12,40,31.87497329711914,2,9,23.050310134887695,2,9,8.824663162231445,74.35067367553711,274,-0.8660254037844386,0.5000000000000001,0.0,8.824663162231445,1,4,2025
2025-10-02,Kerala Coast,9.5,76.5,0.3851819634437561,12,40,32.427833557128906,2,9,23.45905303955078,2,9,8.968780517578125,75.03993350251577,275,-0.8660254037844386,0.5000000000000001,0.3258315125573404,8.968780517578125,1,4,2025
2025-10-03,Kerala Coast,9.5,76.5,0.0,12,40,32.929317474365234,2,9,23.463937759399418,2,9,9.465379714965817,73.06924057006836,276,-0.8660254037844386,0.5000000000000001,0.0,9.465379714965817,1,4,2025
2025-10-04,Kerala Coast,9.5,76.5,0.1283939927816391,12,40,31.76949691772461,2,9,23.976701736450195,2,9,7.792795181274414,76.77679576686467,277,-0.8660254037844386,0.5000000000000001,0.1207953764711639,7.792795181274414,1,4,2025
2025-10-05,Kerala Coast,9.5,76.5,16.88172149658203,12,40,31.40199851989746,2,9,23.11705017089844,2,9,8.28494834899902,84.08144043904242,278,-0.8660254037844386,0.5000000000000001,2.883779045680156,8.28494834899902,1,4,2025
2025-10-06,Kerala Coast,9.5,76.5,6.535799503326416,12,40,31.799169540405273,2,9,22.582029342651367,2,9,9.217140197753906,79.62471439969784,279,-0.8660254037844386,0.5000000000000001,2.019664931735214,9.217140197753906,1,4,2025
2025-10-07,Kerala Coast,9.5,76.5,0.0,12,40,31.41983985900879,2,9,22.98488426208496,2,9,8.434955596923828,75.13008880615234,280,-0.8660254037844386,0.5000000000000001,0.0,8.434955596923828,1,4,2025
2025-10-08,Kerala Coast,9.5,76.5,0.0,12,40,31.4591121673584,2,9,23.22270774841309,2,9,8.236404418945309,75.52719116210938,281,-0.8660254037844386,0.5000000000000001,0.0,8.236404418945309,1,4,2025
2025-10-09,Kerala Coast,9.5,76.5,16.050195693969727,12,40,31.78929901123047,2,9,23.12421607971191,2,9,8.665082931518558,83.17831918091042,282,-0.8660254037844386,0.5000000000000001,2.8361616813158412,8.665082931518558,1,4,2025
2025-10-10,Kerala Coast,9.5,76.5,0.6204991340637207,12,40,31.767850875854492,2,9,23.048240661621097,2,9,8.719610214233395,76.00898219924025,283,-0.8660254037844386,0.5000000000000001,0.4827342092356818,8.719610214233395,1,4,2025
2025-10-11,Kerala Coast,9.5,76.5,7.007093906402588,12,40,31.78338050842285,2,9,22.778343200683594,2,9,9.005037307739258,80.23090904570152,284,-0.8660254037844386,0.5000000000000001,2.080327887060014,9.005037307739258,1,4,2025
2025-10-12,Kerala Coast,9.5,76.5,0.0,12,40,32.04066848754883,2,9,23.09797477722168,2,9,8.942693710327148,74.1146125793457,285,-0.8660254037844386,0.5000000000000001,0.0,8.942693710327148,1,4,2025
2025-10-13,Kerala Coast,9.5,76.5,49.457496643066406,12,40,31.66330909729004,2,9,22.80816650390625,2,9,8.855142593383789,86.05310880701906,286,-0.8660254037844386,0.5000000000000001,3.921131331262212,8.855142593383789,1,4,2025
2025-10-14,Kerala Coast,9.5,76.5,0.1283939927816391,12,40,29.80950927734375,2,9,23.18854331970215,2,9,6.620965957641602,79.12045421413029,287,-0.8660254037844386,0.5000000000000001,0.1207953764711639,6.620965957641602,1,4,2025
2025-10-15,Kerala Coast,9.5,76.5,77.57122039794922,12,40,30.183334350585938,2,9,22.59581756591797,2,9,7.587516784667969,89.9169828697252,288,-0.8660254037844386,0.5000000000000001,4.364005479687047,7.587516784667969,1,4,2025
2025-10-16,Kerala Coast,9.5,76.5,21.038908004760746,12,40,28.18160629272461,2,9,22.558069229125977,2,9,5.623537063598633,90.03135418378407,289,-0.8660254037844386,0.5000000000000001,3.0928094369937797,5.623537063598633,1,4,2025
2025-10-17,Kerala Coast,9.5,76.5,1.6884992122650146,12,40,29.66802215576172,2,9,22.743919372558594,2,9,6.924102783203125,81.11874380639141,290,-0.8660254037844386,0.5000000000000001,0.9889831242658844,6.924102783203125,1,4,2025
2025-10-18,Kerala Coast,9.5,76.5,36.885311126708984,12,40,30.591428756713867,2,9,22.856685638427734,2,9,7.734743118286133,87.43420416667144,291,-0.8660254037844386,0.5000000000000001,3.634563467747899,7.734743118286133,1,4,2025
2025-10-19,Kerala Coast,9.5,76.5,19.422544479370117,12,40,29.895862579345703,2,9,22.46481704711914,2,9,7.431045532226563,86.18782717211877,292,-0.8660254037844386,0.5000000000000001,3.016639412190635,7.431045532226563,1,4,2025
2025-10-20,Kerala Coast,9.5,76.5,5.470888137817383,12,40,29.268518447875977,2,9,22.561609268188477,2,9,6.7069091796875,84.18812174832675,293,-0.8660254037844386,0.5000000000000001,1.8673133692339157,6.7069091796875,1,4,2025
2025-10-21,Kerala Coast,9.5,76.5,25.16801071166992,12,40,26.565982818603516,2,9,22.730667114257812,2,9,3.835315704345703,94.12298169004356,294,-0.8660254037844386,0.5000000000000001,3.264537699578322,3.835315704345703,1,4,2025
2025-10-22,Kerala Coast,9.5,76.5,1.3805829286575315,12,40,29.54072380065918,2,9,22.75440788269043,2,9,6.78631591796875,81.02940432116485,295,-0.8660254037844386,0.5000000000000001,0.8673453857007819,6.78631591796875,1,4,2025
2025-10-23,Kerala Coast,9.5,76.5,27.633195877075195,12,40,29.876380920410156,2,9,22.44361686706543,2,9,7.432764053344727,87.19817211253887,296,-0.8660254037844386,0.5000000000000001,3.3545667397427725,7.432764053344727,1,4,2025
2025-10-24,Kerala Coast,9.5,76.5,16.414979934692383,12,40,29.402917861938477,2,9,21.957386016845703,2,9,7.445531845092773,85.68092856471034,297,-0.8660254037844386,0.5000000000000001,2.8573307516319653,7.445531845092773,1,4,2025
2025-10-25,Kerala Coast,9.5,76.5,15.22747039794922,12,40,30.865264892578125,2,9,22.673267364501953,2,9,8.191997528076172,83.97612147304773,298,-0.8660254037844386,0.5000000000000001,2.7867055097333573,8.191997528076172,1,4,2025
2025-10-26,Kerala Coast,9.5,76.5,0.4839402437210083,12,40,31.35483169555664,2,9,22.394250869750977,2,9,8.960580825805664,75.26294097908894,299,-0.8660254037844386,0.5000000000000001,0.3947008769000889,8.960580825805664,1,4,2025
2025-10-27,Kerala Coast,9.5,76.5,0.0,12,40,27.785810470581055,2,9,23.03632926940918,2,9,4.749481201171875,82.50103759765625,300,-0.8660254037844386,0.5000000000000001,0.0,4.749481201171875,1,4,2025
2025-10-28,Kerala Coast,9.5,76.5,34.558475494384766,12,40,29.278759002685547,2,9,21.90037727355957,2,9,7.378381729125977,87.95677215684363,301,-0.8660254037844386,0.5000000000000001,3.5711785383651926,7.378381729125977,1,4,2025
2025-10-29,Kerala Coast,9.5,76.5,8.99022102355957,12,40,31.693435668945312,2,9,22.855730056762695,2,9,8.837705612182617,81.22940892632323,302,-0.8660254037844386,0.5000000000000001,2.3016067168961567,8.837705612182617,1,4,2025
2025-10-30,Kerala Coast,9.5,76.5,3.1218338012695312,12,40,32.1807746887207,2,9,22.477861404418945,2,9,9.702913284301758,76.84306791658796,303,-0.8660254037844386,0.5000000000000001,1.4162981617304895,9.702913284301758,1,4,2025
2025-10-31,Kerala Coast,9.5,76.5,0.0,12,40,32.544979095458984,2,9,21.87875747680664,2,9,10.666221618652344,70.66755676269531,304,-0.8660254037844386,0.5000000000000001,0.0,10.666221618652344,1,4,2025
2025-11-01,Kerala Coast,9.5,76.5,0.0,12,40,32.707550048828125,2,9,21.712797164916992,2,9,10.994752883911133,70.01049423217773,305,-0.5000000000000004,0.8660254037844384,0.0,10.994752883911133,1,4,2025
2025-11-02,Kerala Coast,9.5,76.5,0.0,12,40,32.6964225769043,2,9,22.25312232971191,2,9,10.443300247192386,71.11339950561523,306,-0.5000000000000004,0.8660254037844384,0.0,10.443300247192386,1,4,2025
2025-11-03,Kerala Coast,9.5,76.5,0.0,12,40,32.263031005859375,2,9,21.87714195251465,2,9,10.385889053344728,71.22822189331055,307,-0.5000000000000004,0.8660254037844384,0.0,10.385889053344728,1,4,2025
2025-11-04,Kerala Coast,9.5,76.5,0.0,12,40,32.35721206665039,2,9,22.72677993774414,2,9,9.63043212890625,72.7391357421875,308,-0.5000000000000004,0.8660254037844384,0.0,9.63043212890625,1,4,2025
2025-11-05,Kerala Coast,9.5,76.5,2.0639941692352295,12,40,32.006378173828125,2,9,22.973190307617188,2,9,9.033187866210938,77.29278231423439,309,-0.5000000000000004,0.8660254037844384,1.1197193488854211,9.033187866210938,1,4,2025
2025-11-06,Kerala Coast,9.5,76.5,0.4492927491664886,12,40,31.46395492553711,2,9,22.818592071533203,2,9,8.645362854003906,75.82250132672343,310,-0.5000000000000004,0.8660254037844384,0.3710756782437466,8.645362854003906,1,4,2025
2025-11-07,Kerala Coast,9.5,76.5,0.0,12,40,31.948596954345703,2,9,22.026588439941406,2,9,9.922008514404297,72.1559829711914,311,-0.5000000000000004,0.8660254037844384,0.0,9.922008514404297,1,4,2025
2025-11-08,Kerala Coast,9.5,76.5,0.0,12,40,30.794597625732425,2,9,22.947132110595703,2,9,7.847465515136722,76.30506896972656,312,-0.5000000000000004,0.8660254037844384,0.0,7.847465515136722,1,4,2025
2025-11-09,Kerala Coast,9.5,76.5,3.0083963871002197,12,40,28.884593963623047,2,9,22.20829391479492,2,9,6.6763000488281286,82.8125736759522,313,-0.5000000000000004,0.8660254037844384,1.388391257869483,6.6763000488281286,1,4,2025
2025-11-10,Kerala Coast,9.5,76.5,1.0568597316741943,12,40,29.30219459533691,2,9,22.3582706451416,2,9,6.943923950195309,80.27569335246503,314,-0.5000000000000004,0.8660254037844384,0.7211804176185486,6.943923950195309,1,4,2025
2025-11-11,Kerala Coast,9.5,76.5,0.0,12,40,30.380361557006836,2,9,22.904359817504883,2,9,7.476001739501953,77.0479965209961,315,-0.5000000000000004,0.8660254037844384,0.0,7.476001739501953,1,4,2025
2025-11-12,Kerala Coast,9.5,76.5,2.7209839820861816,12,40,30.723562240600582,2,9,22.841827392578125,2,9,7.881734848022457,80.17849473781986,316,-0.5000000000000004,0.8660254037844384,1.313988144621595,7.881734848022457,1,4,2025
2025-11-13,Kerala Coast,9.5,76.5,5.154483795166016,12,40,30.325719833374023,2,9,22.572132110595703,2,9,7.75358772277832,81.9443672201203,317,-0.5000000000000004,0.8660254037844384,1.8171808885589815,7.75358772277832,1,4,2025
2025-11-14,Kerala Coast,9.5,76.5,0.1999748349189758,12,40,28.784133911132812,2,9,22.77298927307129,2,9,6.011144638061523,80.52461248089658,318,-0.5000000000000004,0.8660254037844384,0.1823005856732087,6.011144638061523,1,4,2025
2025-11-15,Kerala Coast,9.5,76.5,22.00232315063477,12,40,30.593358993530273,2,9,21.90478515625,2,9,8.688573837280273,84.02963797757246,319,-0.5000000000000004,0.8660254037844384,3.1355952173776696,8.688573837280273,1,4,2025
2025-11-16,Kerala Coast,9.5,76.5,6.419699668884277,12,40,31.07101821899414,2,9,22.03202247619629,2,9,9.038995742797852,79.93442425580983,320,-0.5000000000000004,0.8660254037844384,2.0041385804685112,9.038995742797852,1,4,2025
2025-11-17,Kerala Coast,9.5,76.5,5.383957386016846,12,40,29.656648635864254,2,9,23.02976417541504,2,9,6.626884460449215,84.30759563410922,321,-0.5000000000000004,0.8660254037844384,1.8537881850025544,6.626884460449215,1,4,2025
2025-11-18,Kerala Coast,9.5,76.5,2.2417454719543457,12,40,28.229955673217773,2,9,22.294801712036133,2,9,5.935153961181641,83.65802780960281,322,-0.5000000000000004,0.8660254037844384,1.1761119106553657,5.935153961181641,1,4,2025
2025-11-19,Kerala Coast,9.5,76.5,46.16229248046875,12,40,30.36527442932129,2,9,21.40314292907715,2,9,8.96213150024414,85.63652105506573,323,-0.5000000000000004,0.8660254037844384,3.853594685184671,8.96213150024414,1,4,2025
2025-11-20,Kerala Coast,9.5,76.5,7.039923667907715,12,40,31.094181060791016,2,9,22.11002540588379,2,9,8.984155654907227,80.28494745749897,324,-0.5000000000000004,0.8660254037844384,2.084419589104477,8.984155654907227,1,4,2025
2025-11-21,Kerala Coast,9.5,76.5,1.265157699584961,12,40,31.47435760498047,2,9,22.920082092285156,2,9,8.554275512695312,77.3443821177658,325,-0.5000000000000004,0.8660254037844384,0.8176443810521431,8.554275512695312,1,4,2025
2025-11-22,Kerala Coast,9.5,76.5,8.800497055053711,12,40,28.786375045776367,2,9,23.049097061157227,2,9,5.737277984619141,87.37274334364298,326,-0.5000000000000004,0.8660254037844384,2.282433104293755,5.737277984619141,1,4,2025
2025-11-23,Kerala Coast,9.5,76.5,28.033710479736328,12,40,28.74927520751953,2,9,22.295804977416992,2,9,6.453470230102539,89.19843229546449,327,-0.5000000000000004,0.8660254037844384,3.3684575852231866,6.453470230102539,1,4,2025
2025-11-24,Kerala Coast,9.5,76.5,13.707834243774414,12,40,27.011632919311523,2,9,21.659034729003903,2,9,5.352598190307621,89.35994450010986,328,-0.5000000000000004,0.8660254037844384,2.6883802935750323,5.352598190307621,1,4,2025
2025-11-25,Kerala Coast,9.5,76.5,0.1963044703006744,12,40,29.99591827392578,2,9,22.23395538330078,2,9,7.761962890625,77.01378580963005,329,-0.5000000000000004,0.8660254037844384,0.1792371969600162,7.761962890625,1,4,2025
2025-11-26,Kerala Coast,9.5,76.5,0.0,12,40,29.80108642578125,2,9,22.53737449645996,2,9,7.263711929321289,77.47257614135742,330,-0.5000000000000004,0.8660254037844384,0.0,7.263711929321289,1,4,2025
2025-11-27,Kerala Coast,9.5,76.5,0.3209849596023559,12,40,28.71431541442871,2,9,21.713912963867188,2,9,7.000402450561523,78.83432801845755,331,-0.5000000000000004,0.8660254037844384,0.2783776398601982,7.000402450561523,1,4,2025
2025-11-28,Kerala Coast,9.5,76.5,0.0,12,40,27.42510223388672,2,9,20.683504104614254,2,9,6.7415981292724645,78.51680374145508,332,-0.5000000000000004,0.8660254037844384,0.0,6.7415981292724645,1,4,2025
2025-11-29,Kerala Coast,9.5,76.5,0.0,12,40,26.726259231567383,2,9,20.184410095214844,2,9,6.541849136352539,78.91630172729492,333,-0.5000000000000004,0.8660254037844384,0.0,6.541849136352539,1,4,2025
2025-11-30,Kerala Coast,9.5,76.5,0.0,12,40,29.226701736450195,2,9,20.023080825805664,2,9,9.203620910644531,73.59275817871094,334,-0.5000000000000004,0.8660254037844384,0.0,9.203620910644531,1,4,2025
2025-12-01,Kerala Coast,9.5,76.5,0.0,12,40,30.928695678710938,2,9,22.567834854125977,2,9,8.360860824584961,75.27827835083008,335,-2.4492935982947064e-16,1.0,0.0,8.360860824584961,1,4,2025
2025-12-02,Kerala Coast,9.5,76.5,0.0,12,40,31.131534576416016,2,9,22.69914436340332,2,9,8.432390213012695,75.13521957397461,336,-2.4492935982947064e-16,1.0,0.0,8.432390213012695,1,4,2025
2025-12-03,Kerala Coast,9.5,76.5,0.0,12,40,29.407928466796875,2,9,22.954326629638672,2,9,6.453601837158203,79.0927963256836,337,-2.4492935982947064e-16,1.0,0.0,6.453601837158203,1,4,2025
2025-12-04,Kerala Coast,9.5,76.5,0.0,12,40,30.5288028717041,2,9,22.743093490600582,2,9,7.785709381103519,76.42858123779297,338,-2.4492935982947064e-16,1.0,0.0,7.785709381103519,1,4,2025
2025-12-05,Kerala Coast,9.5,76.5,12.980497360229492,12,40,30.237375259399418,2,9,22.648107528686523,2,9,7.589267730712894,84.7344544767557,339,-2.4492935982947064e-16,1.0,2.6376633127271605,7.589267730712894,1,4,2025
2025-12-06,Kerala Coast,9.5,76.5,6.278568267822266,12,40,30.541183471679688,2,9,22.86673355102539,2,9,7.674449920654297,82.60590268776922,340,-2.4492935982947064e-16,1.0,1.9849341763592705,7.674449920654297,1,4,2025
2025-12-07,Kerala Coast,9.5,76.5,0.0,12,40,30.20551109313965,2,9,22.521337509155273,2,9,7.684173583984375,76.63165283203125,341,-2.4492935982947064e-16,1.0,0.0,7.684173583984375,1,4,2025
2025-12-08,Kerala Coast,9.5,76.5,1.8654263019561768,12,40,31.13758087158203,2,9,21.7745304107666,2,9,9.36305046081543,76.43205048514486,342,-2.4492935982947064e-16,1.0,1.0527171355919052,9.36305046081543,1,4,2025
2025-12-09,Kerala Coast,9.5,76.5,2.6692116260528564,12,40,30.85883903503418,2,9,20.620458602905273,2,9,10.238380432128906,75.42316960534474,343,-2.4492935982947064e-16,1.0,1.29997682320085,10.238380432128906,1,4,2025
2025-12-10,Kerala Coast,9.5,76.5,0.0,12,40,29.868993759155273,2,9,22.369516372680664,2,9,7.499477386474609,77.00104522705078,344,-2.4492935982947064e-16,1.0,0.0,7.499477386474609,1,4,2025
2025-12-11,Kerala Coast,9.5,76.5,0.0,12,40,30.855024337768555,2,9,21.28543281555176,2,9,9.569591522216792,72.8608169555664,345,-2.4492935982947064e-16,1.0,0.0,9.569591522216792,1,4,2025
2025-12-12,Kerala Coast,9.5,76.5,0.0,12,40,30.38665008544922,2,9,21.446252822875977,2,9,8.940397262573242,74.11920547485352,346,-2.4492935982947064e-16,1.0,0.0,8.940397262573242,1,4,2025
2025-12-13,Kerala Coast,9.5,76.5,0.0,12,40,30.59208106994629,2,9,21.334625244140625,2,9,9.257455825805664,73.48508834838867,347,-2.4492935982947064e-16,1.0,0.0,9.257455825805664,1,4,2025
2025-12-14,Kerala Coast,9.5,76.5,0.0,12,40,30.558948516845703,2,9,19.93416404724121,2,9,10.624784469604492,70.75043106079102,348,-2.4492935982947064e-16,1.0,0.0,10.624784469604492,1,4,2025
2025-12-15,Kerala Coast,9.5,76.5,0.0,12,40,30.17435836791992,2,9,19.14295768737793,2,9,11.031400680541989,69.93719863891602,349,-2.4492935982947064e-16,1.0,0.0,11.031400680541989,1,4,2025
2025-12-16,Kerala Coast,9.5,76.5,0.0,12,40,29.621225357055664,2,9,20.29070281982422,2,9,9.330522537231444,73.33895492553711,350,-2.4492935982947064e-16,1.0,0.0,9.330522537231444,1,4,2025
2025-12-17,Kerala Coast,9.5,76.5,0.0,12,40,29.78656005859375,2,9,22.03986167907715,2,9,7.746698379516602,76.5066032409668,351,-2.4492935982947064e-16,1.0,0.0,7.746698379516602,1,4,2025
2025-12-18,Kerala Coast,9.5,76.5,0.0,12,40,30.38903045654297,2,9,20.382200241088867,2,9,10.006830215454102,71.9863395690918,352,-2.4492935982947064e-16,1.0,0.0,10.006830215454102,1,4,2025
2025-12-19,Kerala Coast,9.5,76.5,0.0,12,40,30.355676651000977,2,9,19.970613479614254,2,9,10.385063171386722,71.22987365722656,353,-2.4492935982947064e-16,1.0,0.0,10.385063171386722,1,4,2025
2025-12-20,Kerala Coast,9.5,76.5,0.0,12,40,30.022876739501953,2,9,18.776872634887695,2,9,11.246004104614258,69.50799179077148,354,-2.4492935982947064e-16,1.0,0.0,11.246004104614258,1,4,2025
2025-12-21,Kerala Coast,9.5,76.5,0.0,12,40,30.83662223815918,2,9,18.59553337097168,2,9,12.2410888671875,67.517822265625,355,-2.4492935982947064e-16,1.0,0.0,12.2410888671875,1,4,2025
2025-12-22,Kerala Coast,9.5,76.5,0.0,12,40,30.33902931213379,2,9,20.005605697631836,2,9,10.333423614501951,71.3331527709961,356,-2.4492935982947064e-16,1.0,0.0,10.333423614501951,1,4,2025
2025-12-23,Kerala Coast,9.5,76.5,0.0,12,40,31.26753616333008,2,9,19.447864532470703,2,9,11.81967163085938,68.36065673828125,357,-2.4492935982947064e-16,1.0,0.0,11.81967163085938,1,4,2025
2025-12-24,Kerala Coast,9.5,76.5,0.0,12,40,31.221357345581055,2,9,20.14264678955078,2,9,11.078710556030272,69.84257888793945,358,-2.4492935982947064e-16,1.0,0.0,11.078710556030272,1,4,2025
2025-12-25,Kerala Coast,9.5,76.5,0.0,12,40,31.3289794921875,2,9,20.0247802734375,2,9,11.30419921875,69.3916015625,359,-2.4492935982947064e-16,1.0,0.0,11.30419921875,1,4,2025
2025-12-26,Kerala Coast,9.5,76.5,0.0,12,40,30.885074615478516,2,9,20.04816436767578,2,9,10.836910247802734,70.32617950439453,360,-2.4492935982947064e-16,1.0,0.0,10.836910247802734,1,4,2025
2025-12-27,Kerala Coast,9.5,76.5,0.0,12,40,30.58502769470215,2,9,20.754331588745117,2,9,9.830696105957031,72.33860778808594,361,-2.4492935982947064e-16,1.0,0.0,9.830696105957031,1,4,2025
2025-12-28,Kerala Coast,9.5,76.5,0.0,12,40,31.09664535522461,2,9,20.769515991210938,2,9,10.327129364013672,71.34574127197266,362,-2.4492935982947064e-16,1.0,0.0,10.327129364013672,1,4,2025
2025-12-29,Kerala Coast,9.5,76.5,0.0,12,40,31.16387939453125,2,9,20.83008575439453,2,9,10.33379364013672,71.33241271972656,363,-2.4492935982947064e-16,1.0,0.0,10.33379364013672,1,4,2025
2025-12-30,Kerala Coast,9.5,76.5,0.0,12,40,31.77239990234375,2,9,21.025117874145508,2,9,10.747282028198242,70.50543594360352,364,-2.4492935982947064e-16,1.0,0.0,10.747282028198242,1,4,2025
2025-12-31,Kerala Coast,9.5,76.5,0.0,12,40,31.389842987060547,2,9,21.641130447387695,2,9,9.748712539672852,72.5025749206543,365,-2.4492935982947064e-16,1.0,0.0,9.748712539672852,1,4,2025
2025-01-01,Northeast,26.0,91.7,0.0,78,101,19.11553192138672,18,24,10.173830032348633,18,24,8.941701889038086,74.11659622192383,1,0.4999999999999999,0.8660254037844387,0.0,8.941701889038086,1,5,2025
2025-01-02,Northeast,26.0,91.7,0.0,78,101,20.296613693237305,18,24,10.458582878112791,18,24,9.838030815124512,72.32393836975098,2,0.4999999999999999,0.8660254037844387,0.0,9.838030815124512,1,5,2025
2025-01-03,Northeast,26.0,91.7,0.0,78,101,21.603824615478516,18,24,9.781819343566896,18,24,11.82200527191162,68.35598945617676,3,0.4999999999999999,0.8660254037844387,0.0,11.82200527191162,1,5,2025
2025-01-04,Northeast,26.0,91.7,0.0,78,101,23.190093994140625,18,24,10.032992362976074,18,24,13.15710163116455,65.6857967376709,4,0.4999999999999999,0.8660254037844387,0.0,13.15710163116455,1,5,2025
2025-01-05,Northeast,26.0,91.7,0.0,78,101,24.479406356811523,18,24,10.53099536895752,18,24,13.948410987854004,64.10317802429199,5,0.4999999999999999,0.8660254037844387,0.0,13.948410987854004,1,5,2025
2025-01-06,Northeast,26.0,91.7,0.0,78,101,25.087940216064453,18,24,11.33828067779541,18,24,13.749659538269045,64.50068092346191,6,0.4999999999999999,0.8660254037844387,0.0,13.749659538269045,1,5,2025
2025-01-07,Northeast,26.0,91.7,0.0,78,101,23.923791885375977,18,24,12.95215892791748,18,24,10.971632957458496,70.05673408508301,7,0.4999999999999999,0.8660254037844387,0.0,10.971632957458496,1,5,2025
2025-01-08,Northeast,26.0,91.7,0.2405872046947479,78,101,18.134742736816406,18,24,13.474336624145508,18,24,4.660406112670898,83.32594223375726,8,0.4999999999999999,0.8660254037844387,0.2155848196996846,4.660406112670898,1,5,2025
2025-01-09,Northeast,26.0,91.7,1.6685209274291992,78,101,21.16922187805176,18,24,10.985648155212402,18,24,10.18357372283936,74.57742563178753,9,0.4999999999999999,0.8660254037844387,0.9815243591554148,10.18357372283936,1,5,2025
2025-01-10,Northeast,26.0,91.7,0.0,78,101,22.70842933654785,18,24,10.013402938842772,18,24,12.69502639770508,66.60994720458984,10,0.4999999999999999,0.8660254037844387,0.0,12.69502639770508,1,5,2025
2025-01-11,Northeast,26.0,91.7,0.0,78,101,24.23162841796875,18,24,10.111873626708984,18,24,14.119754791259766,63.76049041748047,11,0.4999999999999999,0.8660254037844387,0.0,14.119754791259766,1,5,2025
2025-01-12,Northeast,26.0,91.7,0.0,78,101,24.492759704589844,18,24,10.673295021057127,18,24,13.819464683532717,64.36107063293457,12,0.4999999999999999,0.8660254037844387,0.0,13.819464683532717,1,5,2025
2025-01-13,Northeast,26.0,91.7,0.0,78,101,22.863656997680664,18,24,12.601037979125977,18,24,10.262619018554688,71.47476196289062,13,0.4999999999999999,0.8660254037844387,0.0,10.262619018554688,1,5,2025
2025-01-14,Northeast,26.0,91.7,0.0,78,101,22.76801872253418,18,24,10.93271255493164,18,24,11.83530616760254,68.32938766479492,14,0.4999999999999999,0.8660254037844387,0.0,11.83530616760254,1,5,2025
2025-01-15,Northeast,26.0,91.7,0.0,78,101,23.322385787963867,18,24,10.346312522888184,18,24,12.976073265075684,66.04785346984863,15,0.4999999999999999,0.8660254037844387,0.0,12.976073265075684,1,5,2025
2025-01-16,Northeast,26.0,91.7,0.0,78,101,23.983623504638672,18,24,10.59711456298828,18,24,13.386508941650392,65.22698211669922,16,0.4999999999999999,0.8660254037844387,0.0,13.386508941650392,1,5,2025
2025-01-17,Northeast,26.0,91.7,0.0,78,101,23.68397331237793,18,24,11.599565505981444,18,24,12.084407806396486,67.83118438720703,17,0.4999999999999999,0.8660254037844387,0.0,12.084407806396486,1,5,2025
2025-01-18,Northeast,26.0,91.7,0.0,78,101,23.727746963500977,18,24,11.573204040527344,18,24,12.154542922973633,67.69091415405273,18,0.4999999999999999,0.8660254037844387,0.0,12.154542922973633,1,5,2025
2025-01-19,Northeast,26.0,91.7,0.0,78,101,23.741138458251953,18,24,10.14765453338623,18,24,13.593483924865724,64.81303215026855,19,0.4999999999999999,0.8660254037844387,0.0,13.593483924865724,1,5,2025
2025-01-20,Northeast,26.0,91.7,0.0,78,101,23.926420211791992,18,24,10.61756706237793,18,24,13.308853149414062,65.38229370117188,20,0.4999999999999999,0.8660254037844387,0.0,13.308853149414062,1,5,2025
2025-01-21,Northeast,26.0,91.7,0.0,78,101,24.32355499267578,18,24,11.409584999084473,18,24,12.913969993591309,66.17206001281738,21,0.4999999999999999,0.8660254037844387,0.0,12.913969993591309,1,5,2025
2025-01-22,Northeast,26.0,91.7,0.0,78,101,23.453088760375977,18,24,11.870899200439451,18,24,11.582189559936523,68.83562088012695,22,0.4999999999999999,0.8660254037844387,0.0,11.582189559936523,1,5,2025
2025-01-23,Northeast,26.0,91.7,0.0,78,101,19.205841064453125,18,24,12.323685646057127,18,24,6.882155418395998,78.23568916320801,23,0.4999999999999999,0.8660254037844387,0.0,6.882155418395998,1,5,2025
2025-01-24,Northeast,26.0,91.7,0.0,78,101,19.622276306152344,18,24,12.245645523071287,18,24,7.376630783081056,77.24673843383789,24,0.4999999999999999,0.8660254037844387,0.0,7.376630783081056,1,5,2025
2025-01-25,Northeast,26.0,91.7,0.0,78,101,20.680339813232425,18,24,12.937158584594728,18,24,7.743181228637697,76.51363754272461,25,0.4999999999999999,0.8660254037844387,0.0,7.743181228637697,1,5,2025
2025-01-26,Northeast,26.0,91.7,0.0,78,101,22.98482131958008,18,24,10.635855674743652,18,24,12.34896564483643,67.30206871032715,26,0.4999999999999999,0.8660254037844387,0.0,12.34896564483643,1,5,2025
2025-01-27,Northeast,26.0,91.7,0.0,78,101,24.176349639892575,18,24,10.894274711608888,18,24,13.282074928283686,65.43585014343263,27,0.4999999999999999,0.8660254037844387,0.0,13.282074928283686,1,5,2025
2025-01-28,Northeast,26.0,91.7,0.2058125883340835,78,101,23.42426490783691,18,24,12.456429481506348,18,24,10.967835426330565,70.62579020785272,28,0.4999999999999999,0.8660254037844387,0.18715368683795,10.967835426330565,1,5,2025
2025-01-29,Northeast,26.0,91.7,1.6465007066726685,78,101,23.608470916748047,18,24,12.993002891540527,18,24,10.61546802520752,73.68877878759737,29,0.4999999999999999,0.8660254037844387,0.9732382793374712,10.61546802520752,1,5,2025
2025-01-30,Northeast,26.0,91.7,0.0,78,101,22.439945220947266,18,24,12.443525314331056,18,24,9.99641990661621,72.00716018676758,30,0.4999999999999999,0.8660254037844387,0.0,9.99641990661621,1,5,2025
2025-01-31,Northeast,26.0,91.7,0.0,78,101,22.63003921508789,18,24,13.386396408081056,18,24,9.243642807006834,73.51271438598633,31,0.4999999999999999,0.8660254037844387,0.0,9.243642807006834,1,5,2025
2025-02-01,Northeast,26.0,91.7,0.0,78,101,22.83596420288086,18,24,13.703570365905762,18,24,9.132393836975098,73.7352123260498,32,0.8660254037844386,0.5000000000000001,0.0,9.132393836975098,1,5,2025
2025-02-02,Northeast,26.0,91.7,0.0,78,101,23.661556243896484,18,24,12.56328582763672,18,24,11.098270416259764,69.80345916748047,33,0.8660254037844386,0.5000000000000001,0.0,11.098270416259764,1,5,2025
2025-02-03,Northeast,26.0,91.7,0.0,78,101,22.824792861938477,18,24,12.72262477874756,18,24,10.102168083190916,71.79566383361816,34,0.8660254037844386,0.5000000000000001,0.0,10.102168083190916,1,5,2025
2025-02-04,Northeast,26.0,91.7,0.0,78,101,24.566219329833984,18,24,11.454142570495604,18,24,13.11207675933838,65.77584648132324,35,0.8660254037844386,0.5000000000000001,0.0,13.11207675933838,1,5,2025
2025-02-05,Northeast,26.0,91.7,0.0,78,101,23.795652389526367,18,24,12.504645347595217,18,24,11.29100704193115,69.4179859161377,36,0.8660254037844386,0.5000000000000001,0.0,11.29100704193115,1,5,2025
2025-02-06,Northeast,26.0,91.7,0.0,78,101,23.438472747802734,18,24,13.648125648498535,18,24,9.7903470993042,72.4193058013916,37,0.8660254037844386,0.5000000000000001,0.0,9.7903470993042,1,5,2025
2025-02-07,Northeast,26.0,91.7,0.0,78,101,23.17318344116211,18,24,12.152563095092772,18,24,11.020620346069338,69.95875930786133,38,0.8660254037844386,0.5000000000000001,0.0,11.020620346069338,1,5,2025
2025-02-08,Northeast,26.0,91.7,0.0,78,101,23.87806701660156,18,24,9.997971534729004,18,24,13.880095481872557,64.23980903625488,39,0.8660254037844386,0.5000000000000001,0.0,13.880095481872557,1,5,2025
2025-02-09,Northeast,26.0,91.7,0.0,78,101,24.45696258544922,18,24,10.024473190307615,18,24,14.432489395141603,63.1350212097168,40,0.8660254037844386,0.5000000000000001,0.0,14.432489395141603,1,5,2025
2025-02-10,Northeast,26.0,91.7,0.0,78,101,24.361587524414062,18,24,11.33890151977539,18,24,13.022686004638672,65.95462799072266,41,0.8660254037844386,0.5000000000000001,0.0,13.022686004638672,1,5,2025
2025-02-11,Northeast,26.0,91.7,0.0,78,101,21.851806640625,18,24,12.104732513427734,18,24,9.747074127197266,72.50585174560547,42,0.8660254037844386,0.5000000000000001,0.0,9.747074127197266,1,5,2025
2025-02-12,Northeast,26.0,91.7,0.0,78,101,22.09394645690918,18,24,13.175610542297363,18,24,8.918335914611816,74.16332817077637,43,0.8660254037844386,0.5000000000000001,0.0,8.918335914611816,1,5,2025
2025-02-13,Northeast,26.0,91.7,0.0,78,101,23.862762451171875,18,24,13.018211364746094,18,24,10.84455108642578,70.31089782714844,44,0.8660254037844386,0.5000000000000001,0.0,10.84455108642578,1,5,2025
2025-02-14,Northeast,26.0,91.7,2.5445029735565186,78,101,23.49762725830078,18,24,12.2149658203125,18,24,11.28266143798828,73.23087095972507,45,0.8660254037844386,0.5000000000000001,1.265397945233875,11.28266143798828,1,5,2025
2025-02-15,Northeast,26.0,91.7,0.0,78,101,22.817155838012695,18,24,11.74284553527832,18,24,11.074310302734377,69.85137939453125,46,0.8660254037844386,0.5000000000000001,0.0,11.074310302734377,1,5,2025
2025-02-16,Northeast,26.0,91.7,0.0,78,101,22.81577491760254,18,24,11.17758846282959,18,24,11.63818645477295,68.7236270904541,47,0.8660254037844386,0.5000000000000001,0.0,11.63818645477295,1,5,2025
2025-02-17,Northeast,26.0,91.7,0.0,78,101,24.681638717651367,18,24,11.517189025878906,18,24,13.16444969177246,65.67110061645508,48,0.8660254037844386,0.5000000000000001,0.0,13.16444969177246,1,5,2025
2025-02-18,Northeast,26.0,91.7,0.0,78,101,25.742809295654297,18,24,12.570440292358398,18,24,13.172369003295898,65.6552619934082,49,0.8660254037844386,0.5000000000000001,0.0,13.172369003295898,1,5,2025
2025-02-19,Northeast,26.0,91.7,0.0,78,101,25.435012817382812,18,24,12.290056228637695,18,24,13.144956588745115,65.71008682250977,50,0.8660254037844386,0.5000000000000001,0.0,13.144956588745115,1,5,2025
2025-02-20,Northeast,26.0,91.7,0.0,78,101,26.569236755371097,18,24,12.309089660644531,18,24,14.260147094726566,63.47970581054687,51,0.8660254037844386,0.5000000000000001,0.0,14.260147094726566,1,5,2025
2025-02-21,Northeast,26.0,91.7,0.0,78,101,26.81669807434082,18,24,12.872523307800291,18,24,13.94417476654053,64.11165046691895,52,0.8660254037844386,0.5000000000000001,0.0,13.94417476654053,1,5,2025
2025-02-22,Northeast,26.0,91.7,0.0,78,101,24.389427185058594,18,24,14.153238296508787,18,24,10.236188888549806,71.52762222290039,53,0.8660254037844386,0.5000000000000001,0.0,10.236188888549806,1,5,2025
2025-02-23,Northeast,26.0,91.7,0.0,78,101,23.98079490661621,18,24,14.364225387573242,18,24,9.616569519042969,72.76686096191406,54,0.8660254037844386,0.5000000000000001,0.0,9.616569519042969,1,5,2025
2025-02-24,Northeast,26.0,91.7,1.7021852731704712,78,101,25.48579978942871,18,24,11.947322845458984,18,24,13.538476943969728,67.90522853032532,55,0.8660254037844386,0.5000000000000001,0.994060806088256,13.538476943969728,1,5,2025
2025-02-25,Northeast,26.0,91.7,0.0,78,101,25.20754623413086,18,24,12.168295860290527,18,24,13.039250373840332,65.92149925231934,56,0.8660254037844386,0.5000000000000001,0.0,13.039250373840332,1,5,2025
2025-02-26,Northeast,26.0,91.7,0.0,78,101,26.37055397033691,18,24,11.445708274841309,18,24,14.924845695495602,62.1503086090088,57,0.8660254037844386,0.5000000000000001,0.0,14.924845695495602,1,5,2025
2025-02-27,Northeast,26.0,91.7,0.0,78,101,26.816303253173828,18,24,12.118478775024414,18,24,14.697824478149414,62.60435104370117,58,0.8660254037844386,0.5000000000000001,0.0,14.697824478149414,1,5,2025
2025-02-28,Northeast,26.0,91.7,0.0,78,101,26.975563049316406,18,24,14.044862747192385,18,24,12.930700302124022,66.13859939575195,59,0.8660254037844386,0.5000000000000001,0.0,12.930700302124022,1,5,2025
2025-03-01,Northeast,26.0,91.7,0.0,78,101,25.337600708007812,18,24,15.54942512512207,18,24,9.788175582885742,72.42364883422852,60,1.0,6.123233995736766e-17,0.0,9.788175582885742,1,5,2025
2025-03-02,Northeast,26.0,91.7,0.4811744093894958,78,101,26.699426651000977,18,24,15.133496284484863,18,24,11.565930366516112,70.04664514585787,61,1.0,6.123233995736766e-17,0.3928352929633626,11.565930366516112,1,5,2025
2025-03-03,Northeast,26.0,91.7,0.0,78,101,26.453031539916992,18,24,15.143274307250977,18,24,11.309757232666016,69.38048553466797,62,1.0,6.123233995736766e-17,0.0,11.309757232666016,1,5,2025
2025-03-04,Northeast,26.0,91.7,0.0,78,101,26.647151947021484,18,24,13.053576469421388,18,24,13.593575477600096,64.8128490447998,63,1.0,6.123233995736766e-17,0.0,13.593575477600096,1,5,2025
2025-03-05,Northeast,26.0,91.7,0.0,78,101,25.67426109313965,18,24,14.300265312194824,18,24,11.373995780944824,69.25200843811035,64,1.0,6.123233995736766e-17,0.0,11.373995780944824,1,5,2025
2025-03-06,Northeast,26.0,91.7,0.0,78,101,25.87962532043457,18,24,13.022489547729492,18,24,12.857135772705078,66.28572845458984,65,1.0,6.123233995736766e-17,0.0,12.857135772705078,1,5,2025
2025-03-07,Northeast,26.0,91.7,0.0,78,101,26.955320358276367,18,24,13.394779205322266,18,24,13.560541152954102,64.8789176940918,66,1.0,6.123233995736766e-17,0.0,13.560541152954102,1,5,2025
2025-03-08,Northeast,26.0,91.7,0.0,78,101,26.026412963867188,18,24,14.367684364318848,18,24,11.65872859954834,68.68254280090332,67,1.0,6.123233995736766e-17,0.0,11.65872859954834,1,5,2025
2025-03-09,Northeast,26.0,91.7,0.0,78,101,26.45641708374023,18,24,14.50334930419922,18,24,11.95306777954101,68.09386444091798,68,1.0,6.123233995736766e-17,0.0,11.95306777954101,1,5,2025
2025-03-10,Northeast,26.0,91.7,0.0,78,101,28.698078155517575,18,24,13.918678283691406,18,24,14.779399871826168,62.44120025634766,69,1.0,6.123233995736766e-17,0.0,14.779399871826168,1,5,2025
2025-03-11,Northeast,26.0,91.7,0.0,78,101,28.612932205200195,18,24,15.280142784118652,18,24,13.332789421081545,65.33442115783691,70,1.0,6.123233995736766e-17,0.0,13.332789421081545,1,5,2025
2025-03-12,Northeast,26.0,91.7,0.8134937286376953,78,101,24.552480697631836,18,24,17.46996307373047,18,24,7.082517623901367,79.62073041693975,71,1.0,6.123233995736766e-17,0.5952552215808264,7.082517623901367,1,5,2025
2025-03-13,Northeast,26.0,91.7,9.722033500671388,78,101,25.226850509643555,18,24,17.535297393798828,18,24,7.691553115844727,83.73379625795106,72,1.0,6.123233995736766e-17,2.372300829880169,7.691553115844727,1,5,2025
2025-03-14,Northeast,26.0,91.7,0.0,78,101,26.165857315063477,18,24,18.02006149291992,18,24,8.145795822143558,75.70840835571289,73,1.0,6.123233995736766e-17,0.0,8.145795822143558,1,5,2025
2025-03-15,Northeast,26.0,91.7,0.0,78,101,27.222217559814453,18,24,19.24427032470703,18,24,7.977947235107422,76.04410552978516,74,1.0,6.123233995736766e-17,0.0,7.977947235107422,1,5,2025
2025-03-16,Northeast,26.0,91.7,0.0,78,101,27.97642707824707,18,24,19.028804779052734,18,24,8.947622299194336,74.10475540161133,75,1.0,6.123233995736766e-17,0.0,8.947622299194336,1,5,2025
2025-03-17,Northeast,26.0,91.7,0.190269723534584,78,101,30.10703468322754,18,24,18.103187561035156,18,24,12.003847122192385,68.5148455752334,76,1.0,6.123233995736766e-17,0.1741799398727198,12.003847122192385,1,5,2025
2025-03-18,Northeast,26.0,91.7,0.0,78,101,30.14466094970703,18,24,19.434783935546875,18,24,10.709877014160156,70.58024597167969,77,1.0,6.123233995736766e-17,0.0,10.709877014160156,1,5,2025
2025-03-19,Northeast,26.0,91.7,0.0,78,101,29.24692726135254,18,24,15.859596252441406,18,24,13.387331008911133,65.22533798217773,78,1.0,6.123233995736766e-17,0.0,13.387331008911133,1,5,2025
2025-03-20,Northeast,26.0,91.7,0.0,78,101,28.230712890625,18,24,16.503131866455078,18,24,11.727581024169922,68.54483795166016,79,1.0,6.123233995736766e-17,0.0,11.727581024169922,1,5,2025
2025-03-21,Northeast,26.0,91.7,0.0,78,101,26.517349243164062,18,24,17.495073318481445,18,24,9.022275924682615,73.95544815063477,80,1.0,6.123233995736766e-17,0.0,9.022275924682615,1,5,2025
2025-03-22,Northeast,26.0,91.7,0.0,78,101,24.833995819091797,18,24,17.536033630371094,18,24,7.297962188720703,77.4040756225586,81,1.0,6.123233995736766e-17,0.0,7.297962188720703,1,5,2025
2025-03-23,Northeast,26.0,91.7,0.0,78,101,26.7781982421875,18,24,15.424931526184082,18,24,11.353266716003418,69.29346656799316,82,1.0,6.123233995736766e-17,0.0,11.353266716003418,1,5,2025
2025-03-24,Northeast,26.0,91.7,12.079997062683104,78,101,29.255971908569336,18,24,14.588296890258787,18,24,14.667675018310549,70.37790232776945,83,1.0,6.123233995736766e-17,2.5710841214635156,14.667675018310549,1,5,2025
2025-03-25,Northeast,26.0,91.7,0.0,78,101,31.378355026245117,18,24,15.862009048461914,18,24,15.516345977783203,60.967308044433594,84,1.0,6.123233995736766e-17,0.0,15.516345977783203,1,5,2025
2025-03-26,Northeast,26.0,91.7,0.0,78,101,31.833881378173828,18,24,16.66323471069336,18,24,15.170646667480469,61.65870666503906,85,1.0,6.123233995736766e-17,0.0,15.170646667480469,1,5,2025
2025-03-27,Northeast,26.0,91.7,0.0,78,101,30.822418212890625,18,24,17.613054275512695,18,24,13.20936393737793,65.58127212524414,86,1.0,6.123233995736766e-17,0.0,13.20936393737793,1,5,2025
2025-03-28,Northeast,26.0,91.7,0.0,78,101,31.416669845581055,18,24,19.860580444335938,18,24,11.556089401245115,68.88782119750977,87,1.0,6.123233995736766e-17,0.0,11.556089401245115,1,5,2025
2025-03-29,Northeast,26.0,91.7,0.0,78,101,30.957660675048828,18,24,20.635129928588867,18,24,10.32253074645996,71.35493850708008,88,1.0,6.123233995736766e-17,0.0,10.32253074645996,1,5,2025
2025-03-30,Northeast,26.0,91.7,0.0,78,101,32.48475646972656,18,24,19.02118873596191,18,24,13.463567733764652,65.0728645324707,89,1.0,6.123233995736766e-17,0.0,13.463567733764652,1,5,2025
2025-03-31,Northeast,26.0,91.7,0.0,78,101,32.569602966308594,18,24,18.023174285888672,18,24,14.546428680419922,62.90714263916016,90,1.0,6.123233995736766e-17,0.0,14.546428680419922,1,5,2025
2025-04-01,Northeast,26.0,91.7,0.0,78,101,31.53821182250977,18,24,18.971189498901367,18,24,12.567022323608402,66.8659553527832,91,0.8660254037844387,-0.4999999999999998,0.0,12.567022323608402,1,5,2025
2025-04-02,Northeast,26.0,91.7,0.0,78,101,30.83950424194336,18,24,19.598735809326172,18,24,11.240768432617188,69.51846313476562,92,0.8660254037844387,-0.4999999999999998,0.0,11.240768432617188,1,5,2025
2025-04-03,Northeast,26.0,91.7,0.0,78,101,31.4998779296875,18,24,19.62090301513672,18,24,11.87897491455078,68.24205017089844,93,0.8660254037844387,-0.4999999999999998,0.0,11.87897491455078,1,5,2025
2025-04-04,Northeast,26.0,91.7,0.0,78,101,30.665531158447266,18,24,19.636133193969727,18,24,11.02939796447754,69.94120407104492,94,0.8660254037844387,-0.4999999999999998,0.0,11.02939796447754,1,5,2025
2025-04-05,Northeast,26.0,91.7,0.0,78,101,31.800830841064453,18,24,19.434141159057617,18,24,12.366689682006836,67.26662063598633,95,0.8660254037844387,-0.4999999999999998,0.0,12.366689682006836,1,5,2025
2025-04-06,Northeast,26.0,91.7,0.3300496935844421,78,101,29.680849075317383,18,24,19.711503982543945,18,24,9.969345092773438,72.91695872985208,96,0.8660254037844387,-0.4999999999999998,0.2852163051329854,9.969345092773438,1,5,2025
2025-04-07,Northeast,26.0,91.7,1.408900260925293,78,101,30.229984283447266,18,24,18.32753562927246,18,24,11.902448654174805,70.8326136519141,97,0.8660254037844387,-0.4999999999999998,0.8791703200879037,11.902448654174805,1,5,2025
2025-04-08,Northeast,26.0,91.7,0.0,78,101,31.262365341186523,18,24,18.773954391479492,18,24,12.488410949707031,67.02317810058594,98,0.8660254037844387,-0.4999999999999998,0.0,12.488410949707031,1,5,2025
2025-04-09,Northeast,26.0,91.7,0.0,78,101,29.315235137939453,18,24,20.4327449798584,18,24,8.882490158081055,74.23501968383789,99,0.8660254037844387,-0.4999999999999998,0.0,8.882490158081055,1,5,2025
2025-04-10,Northeast,26.0,91.7,0.0,78,101,28.150232315063477,18,24,19.515777587890625,18,24,8.634454727172852,74.7310905456543,100,0.8660254037844387,-0.4999999999999998,0.0,8.634454727172852,1,5,2025
2025-04-11,Northeast,26.0,91.7,10.934791564941406,78,101,28.17827796936035,18,24,20.280012130737305,18,24,7.898265838623047,83.64184170911112,101,0.8660254037844387,-0.4999999999999998,2.479457795452403,7.898265838623047,1,5,2025
2025-04-12,Northeast,26.0,91.7,4.665034770965576,78,101,30.24359130859375,18,24,20.21503257751465,18,24,10.028558731079102,77.1458216347992,102,0.8660254037844387,-0.4999999999999998,1.7343130323191345,10.028558731079102,1,5,2025
2025-04-13,Northeast,26.0,91.7,0.0,78,101,29.600542068481445,18,24,20.373279571533203,18,24,9.227262496948242,73.54547500610352,103,0.8660254037844387,-0.4999999999999998,0.0,9.227262496948242,1,5,2025
2025-04-14,Northeast,26.0,91.7,2.455920457839966,78,101,31.908306121826172,18,24,19.763286590576172,18,24,12.14501953125,71.43022744251691,104,0.8660254037844387,-0.4999999999999998,1.2400888350056385,12.14501953125,1,5,2025
2025-04-15,Northeast,26.0,91.7,0.2744167745113373,78,101,31.106800079345703,18,24,21.30935287475586,18,24,9.797447204589844,73.13257151742258,105,0.8660254037844387,-0.4999999999999998,0.242488642200754,9.797447204589844,1,5,2025
2025-04-16,Northeast,26.0,91.7,8.746944427490234,78,101,32.1260986328125,18,24,20.33306312561035,18,24,11.793035507202148,75.24479051711546,106,0.8660254037844387,-0.4999999999999998,2.276953843839921,11.793035507202148,1,5,2025
2025-04-17,Northeast,26.0,91.7,2.092427968978882,78,101,28.510269165039062,18,24,20.033178329467773,18,24,8.477090835571289,78.4326879274013,107,0.8660254037844387,-0.4999999999999998,1.1289565328479625,8.477090835571289,1,5,2025
2025-04-18,Northeast,26.0,91.7,9.220165252685549,78,101,29.491079330444336,18,24,19.178667068481445,18,24,10.31241226196289,78.34826373862482,108,0.8660254037844387,-0.4999999999999998,2.3243627541835363,10.31241226196289,1,5,2025
2025-04-19,Northeast,26.0,91.7,9.535983085632324,78,101,31.360366821289062,18,24,19.68132209777832,18,24,11.679044723510742,75.70629963013367,109,0.8660254037844387,-0.4999999999999998,2.354796359051719,11.679044723510742,1,5,2025
2025-04-20,Northeast,26.0,91.7,7.417249202728272,78,101,30.08300018310547,18,24,19.735759735107425,18,24,10.347240447998043,77.69636833459454,110,0.8660254037844387,-0.4999999999999998,2.1302830768635443,10.347240447998043,1,5,2025
2025-04-21,Northeast,26.0,91.7,15.705272674560549,78,101,28.97748756408691,18,24,19.94194221496582,18,24,9.03554534912109,82.37608249757699,111,0.8660254037844387,-0.4999999999999998,2.815724398606394,9.03554534912109,1,5,2025
2025-04-22,Northeast,26.0,91.7,1.2009217739105225,78,101,28.928714752197266,18,24,21.924440383911133,18,24,7.004274368286133,80.35808004569093,112,0.8660254037844387,-0.4999999999999998,0.7888762607543958,7.004274368286133,1,5,2025
2025-04-23,Northeast,26.0,91.7,2.4807136058807373,78,101,29.63951873779297,18,24,21.549715042114254,18,24,8.089803695678714,79.56210460441986,113,0.8660254037844387,-0.4999999999999998,1.2472373319257584,8.089803695678714,1,5,2025
2025-04-24,Northeast,26.0,91.7,0.0,78,101,30.02193260192871,18,24,21.183408737182617,18,24,8.838523864746094,74.32295227050781,114,0.8660254037844387,-0.4999999999999998,0.0,8.838523864746094,1,5,2025
2025-04-25,Northeast,26.0,91.7,0.0,78,101,31.07594108581543,18,24,20.919801712036133,18,24,10.156139373779297,71.6877212524414,115,0.8660254037844387,-0.4999999999999998,0.0,10.156139373779297,1,5,2025
2025-04-26,Northeast,26.0,91.7,0.0,78,101,30.866392135620117,18,24,20.95103454589844,18,24,9.915357589721676,72.16928482055664,116,0.8660254037844387,-0.4999999999999998,0.0,9.915357589721676,1,5,2025
2025-04-27,Northeast,26.0,91.7,2.0577564239501953,78,101,29.6806583404541,18,24,19.118865966796875,18,24,10.561792373657228,74.22945960945961,117,0.8660254037844387,-0.4999999999999998,1.1176814522580187,10.561792373657228,1,5,2025
2025-04-28,Northeast,26.0,91.7,11.787062644958496,78,101,26.592443466186523,18,24,18.813642501831055,18,24,7.778800964355469,84.08769985807929,118,0.8660254037844387,-0.4999999999999998,2.548433928930075,7.778800964355469,1,5,2025
2025-04-29,Northeast,26.0,91.7,8.307747840881348,78,101,25.469179153442383,18,24,18.62181282043457,18,24,6.8473663330078125,84.99780879746363,119,0.8660254037844387,-0.4999999999999998,2.2308471544930875,6.8473663330078125,1,5,2025
2025-04-30,Northeast,26.0,91.7,4.234403610229492,78,101,29.23395538330078,18,24,18.812440872192383,18,24,10.421514511108398,76.12272972063924,120,0.8660254037844387,-0.4999999999999998,1.655252914285345,10.421514511108398,1,5,2025
2025-05-01,Northeast,26.0,91.7,0.0,78,101,28.306724548339844,18,24,20.209840774536133,18,24,8.096883773803711,75.80623245239258,121,0.4999999999999999,-0.8660254037844387,0.0,8.096883773803711,1,5,2025
2025-05-02,Northeast,26.0,91.7,8.833416938781738,78,101,29.736793518066406,18,24,18.672616958618164,18,24,11.064176559448242,76.72900631177505,122,0.4999999999999999,-0.8660254037844387,2.285786476890511,11.064176559448242,1,5,2025
2025-05-03,Northeast,26.0,91.7,3.2877273559570312,78,101,30.29669761657715,18,24,18.595436096191406,18,24,11.701261520385742,72.96474747537233,123,0.4999999999999999,-0.8660254037844387,1.4557568387146054,11.701261520385742,1,5,2025
2025-05-04,Northeast,26.0,91.7,0.1748644411563873,78,101,30.362592697143555,18,24,20.094587326049805,18,24,10.26800537109375,71.94744757294842,124,0.4999999999999999,-0.8660254037844387,0.1611527717119743,10.26800537109375,1,5,2025
2025-05-05,Northeast,26.0,91.7,6.001302242279053,78,101,29.510801315307617,18,24,19.979536056518555,18,24,9.531265258789062,78.77575798151481,125,0.4999999999999999,-0.8660254037844387,1.9460961663643144,9.531265258789062,1,5,2025
2025-05-06,Northeast,26.0,91.7,4.020041465759277,78,101,28.93183708190918,18,24,20.26179313659668,18,24,8.6700439453125,79.5002266907178,126,0.4999999999999999,-0.8660254037844387,1.6134381937809332,8.6700439453125,1,5,2025
2025-05-07,Northeast,26.0,91.7,3.6062538623809814,78,101,30.153921127319336,18,24,20.0992488861084,18,24,10.054672241210938,76.47290026396988,127,0.4999999999999999,-0.8660254037844387,1.5274149154639194,10.054672241210938,1,5,2025
2025-05-08,Northeast,26.0,91.7,4.327640056610107,78,101,30.285165786743164,18,24,21.354259490966797,18,24,8.930906295776367,79.15691253048767,128,0.4999999999999999,-0.8660254037844387,1.6729083740134676,8.930906295776367,1,5,2025
2025-05-09,Northeast,26.0,91.7,4.83228063583374,78,101,31.779787063598633,18,24,21.709596633911133,18,24,10.0701904296875,77.14984348126767,129,0.4999999999999999,-0.8660254037844387,1.7634081135475537,10.0701904296875,1,5,2025
2025-05-10,Northeast,26.0,91.7,0.0,78,101,32.91376876831055,18,24,23.28966522216797,18,24,9.624103546142578,72.75179290771484,130,0.4999999999999999,-0.8660254037844387,0.0,9.624103546142578,1,5,2025
2025-05-11,Northeast,26.0,91.7,13.43978214263916,78,101,30.183359146118164,18,24,21.77186584472656,18,24,8.411493301391605,83.18697453604486,131,0.4999999999999999,-0.8660254037844387,2.669987046276019,8.411493301391605,1,5,2025
2025-05-12,Northeast,26.0,91.7,7.624706745147705,78,101,27.203380584716797,18,24,21.11125946044922,18,24,6.092121124267578,86.27965063679527,132,0.4999999999999999,-0.8660254037844387,2.1546309617768062,6.092121124267578,1,5,2025
2025-05-13,Northeast,26.0,91.7,8.360428810119629,78,101,28.981910705566406,18,24,21.65073013305664,18,24,7.331180572509766,84.04711216244172,133,0.4999999999999999,-0.8660254037844387,2.236491102487084,7.331180572509766,1,5,2025
2025-05-14,Northeast,26.0,91.7,27.381479263305664,78,101,28.56230735778809,18,24,21.541522979736328,18,24,7.020784378051761,87.99564162534533,134,0.4999999999999999,-0.8660254037844387,3.345736793816282,7.020784378051761,1,5,2025
2025-05-15,Northeast,26.0,91.7,12.581719398498535,78,101,27.496004104614254,18,24,20.37019920349121,18,24,7.125804901123043,85.57456437776683,135,0.4999999999999999,-0.8660254037844387,2.608724726670977,7.125804901123043,1,5,2025
2025-05-16,Northeast,26.0,91.7,0.0,78,101,28.974565505981445,18,24,20.243717193603516,18,24,8.73084831237793,74.53830337524414,136,0.4999999999999999,-0.8660254037844387,0.0,8.73084831237793,1,5,2025
2025-05-17,Northeast,26.0,91.7,2.922806739807129,78,101,27.442975997924805,18,24,19.783891677856445,18,24,7.659084320068359,80.78225356780094,137,0.4999999999999999,-0.8660254037844387,1.3668074026458832,7.659084320068359,1,5,2025
2025-05-18,Northeast,26.0,91.7,15.072128295898438,78,101,26.95576286315918,18,24,19.774009704589844,18,24,7.181753158569336,85.96775351301989,138,0.4999999999999999,-0.8660254037844387,2.77708661005285,7.181753158569336,1,5,2025
2025-05-19,Northeast,26.0,91.7,1.6790788173675537,78,101,27.00794219970703,18,24,20.115224838256836,18,24,6.892717361450195,81.17098430881856,139,0.4999999999999999,-0.8660254037844387,0.9854730105729814,6.892717361450195,1,5,2025
2025-05-20,Northeast,26.0,91.7,31.108057022094727,78,101,27.02064514160156,18,24,20.82685089111328,18,24,6.193794250488278,90.01973248766662,140,0.4999999999999999,-0.8660254037844387,3.4691069962143937,6.193794250488278,1,5,2025
2025-05-21,Northeast,26.0,91.7,16.64002799987793,78,101,27.9215145111084,18,24,20.623319625854492,18,24,7.298194885253906,86.01412214310835,141,0.4999999999999999,-0.8660254037844387,2.870170637872053,7.298194885253906,1,5,2025
2025-05-22,Northeast,26.0,91.7,4.013603210449219,78,101,28.67637062072754,18,24,20.946439743041992,18,24,7.729930877685547,81.37660282545757,142,0.4999999999999999,-0.8660254037844387,1.6121548602762206,7.729930877685547,1,5,2025
2025-05-23,Northeast,26.0,91.7,4.745270252227783,78,101,29.83584213256836,18,24,20.6987361907959,18,24,9.13710594177246,78.97091897091676,143,0.4999999999999999,-0.8660254037844387,1.7483769514872247,9.13710594177246,1,5,2025
2025-05-24,Northeast,26.0,91.7,4.937434673309326,78,101,31.380796432495117,18,24,22.109743118286133,18,24,9.271053314208984,78.8017248723127,144,0.4999999999999999,-0.8660254037844387,1.7812771669102243,9.271053314208984,1,5,2025
2025-05-25,Northeast,26.0,91.7,0.3883375823497772,78,101,32.37055587768555,18,24,23.409385681152344,18,24,8.961170196533203,75.06198074931977,145,0.4999999999999999,-0.8660254037844387,0.328107047462059,8.961170196533203,1,5,2025
2025-05-26,Northeast,26.0,91.7,6.268421173095703,78,101,28.55958366394043,18,24,22.66288185119629,18,24,5.896701812744141,86.15721366797902,146,0.4999999999999999,-0.8660254037844387,1.9835390978224363,5.896701812744141,1,5,2025
2025-05-27,Northeast,26.0,91.7,4.369105815887451,78,101,30.97245216369629,18,24,22.545825958251953,18,24,8.426626205444336,80.18873172888134,147,0.4999999999999999,-0.8660254037844387,1.680661379923338,8.426626205444336,1,5,2025
2025-05-28,Northeast,26.0,91.7,1.959991216659546,78,101,32.573856353759766,18,24,24.049585342407227,18,24,8.524271011352539,78.20701688025538,148,0.4999999999999999,-0.8660254037844387,1.0851863009868183,8.524271011352539,1,5,2025
2025-05-29,Northeast,26.0,91.7,11.247262001037598,78,101,27.819374084472656,18,24,24.01955795288086,18,24,3.799816131591797,91.91627494248416,149,0.4999999999999999,-0.8660254037844387,2.5053024018892467,3.799816131591797,1,5,2025
2025-05-30,Northeast,26.0,91.7,63.76811981201172,78,101,25.824872970581055,18,24,23.27257919311523,18,24,2.552293777465824,98.0,150,0.4999999999999999,-0.8660254037844387,4.170813504087546,2.552293777465824,1,5,2025
2025-05-31,Northeast,26.0,91.7,84.67647552490234,78,101,28.359798431396484,18,24,23.122316360473633,18,24,5.237482070922852,94.87677072804372,151,0.4999999999999999,-0.8660254037844387,4.450578289963141,5.237482070922852,1,5,2025
2025-06-01,Northeast,26.0,91.7,17.33138656616211,78,101,27.911766052246097,18,24,23.737131118774418,18,24,4.17463493347168,92.37657424393416,152,1.2246467991473532e-16,-1.0,2.908614703625842,4.17463493347168,1,5,2025
2025-06-02,Northeast,26.0,91.7,0.4663052260875702,78,101,29.212047576904297,18,24,22.982349395751953,18,24,6.229698181152344,80.68884099307662,153,1.2246467991473532e-16,-1.0,0.3827457851271032,6.229698181152344,1,5,2025
2025-06-03,Northeast,26.0,91.7,7.62300443649292,78,101,28.928237915039062,18,24,21.79874038696289,18,24,7.129497528076172,84.2043056432437,154,1.2246467991473532e-16,-1.0,2.154433566465349,7.129497528076172,1,5,2025
2025-06-04,Northeast,26.0,91.7,4.364619731903076,78,101,28.317384719848633,18,24,22.76360511779785,18,24,5.553779602050781,85.93191727834541,155,1.2246467991473532e-16,-1.0,1.6798254941489894,5.553779602050781,1,5,2025
2025-06-05,Northeast,26.0,91.7,17.065479278564453,78,101,30.05584716796875,18,24,22.648040771484375,18,24,7.407806396484375,85.8663958921182,156,1.2246467991473532e-16,-1.0,2.8940028950289833,7.407806396484375,1,5,2025
2025-06-06,Northeast,26.0,91.7,0.0,78,101,30.501293182373047,18,24,22.645376205444336,18,24,7.855916976928711,76.28816604614258,157,1.2246467991473532e-16,-1.0,0.0,7.855916976928711,1,5,2025
2025-06-07,Northeast,26.0,91.7,0.4715528190135956,78,101,32.58557891845703,18,24,23.26908493041992,18,24,9.316493988037111,74.525966572091,158,1.2246467991473532e-16,-1.0,0.3863181827217388,9.316493988037111,1,5,2025
2025-06-08,Northeast,26.0,91.7,3.885863304138184,78,101,33.43816375732422,18,24,23.838720321655273,18,24,9.599443435668944,77.56015111484741,159,1.2246467991473532e-16,-1.0,1.5863459953951016,9.599443435668944,1,5,2025
2025-06-09,Northeast,26.0,91.7,1.243480563163757,78,101,33.60147476196289,18,24,24.590211868286133,18,24,9.011262893676758,76.40155966096921,160,1.2246467991473532e-16,-1.0,0.8080284827742441,9.011262893676758,1,5,2025
2025-06-10,Northeast,26.0,91.7,0.0,78,101,34.469608306884766,18,24,25.08580780029297,18,24,9.383800506591797,73.2323989868164,161,1.2246467991473532e-16,-1.0,0.0,9.383800506591797,1,5,2025
2025-06-11,Northeast,26.0,91.7,0.0,78,101,33.710113525390625,18,24,25.10445976257324,18,24,8.605653762817386,74.78869247436523,162,1.2246467991473532e-16,-1.0,0.0,8.605653762817386,1,5,2025
2025-06-12,Northeast,26.0,91.7,3.2074618339538574,78,101,34.086753845214844,18,24,23.43625831604004,18,24,10.650495529174805,75.00958766990831,163,1.2246467991473532e-16,-1.0,1.4368595760859744,10.650495529174805,1,5,2025
2025-06-13,Northeast,26.0,91.7,0.0,78,101,34.34636688232422,18,24,24.503480911254883,18,24,9.842885971069336,72.31422805786133,164,1.2246467991473532e-16,-1.0,0.0,9.842885971069336,1,5,2025
2025-06-14,Northeast,26.0,91.7,7.622115612030029,78,101,32.87468338012695,18,24,25.752351760864254,18,24,7.122331619262699,84.2183282170517,165,1.2246467991473532e-16,-1.0,2.1543304851923657,7.122331619262699,1,5,2025
2025-06-15,Northeast,26.0,91.7,3.87371277809143,78,101,32.42432403564453,18,24,24.32420539855957,18,24,8.100118637084961,80.55133079802192,166,1.2246467991473532e-16,-1.0,1.583856024063948,8.100118637084961,1,5,2025
2025-06-16,Northeast,26.0,91.7,6.807274341583252,78,101,29.929462432861328,18,24,23.943683624267575,18,24,5.9857788085937536,86.19361010375935,167,1.2246467991473532e-16,-1.0,2.0550559069822834,5.9857788085937536,1,5,2025
2025-06-17,Northeast,26.0,91.7,10.50186538696289,78,101,30.245391845703125,18,24,23.740142822265625,18,24,6.5052490234375,86.3170296424559,168,1.2246467991473532e-16,-1.0,2.4425092297769706,6.5052490234375,1,5,2025
2025-06-18,Northeast,26.0,91.7,0.0,78,101,30.804346084594727,18,24,23.50594139099121,18,24,7.298404693603516,77.40319061279297,169,1.2246467991473532e-16,-1.0,0.0,7.298404693603516,1,5,2025
2025-06-19,Northeast,26.0,91.7,3.613797426223755,78,101,28.76428604125977,18,24,23.844295501708984,18,24,4.919990539550785,86.74717268479338,170,1.2246467991473532e-16,-1.0,1.5290512546316464,4.919990539550785,1,5,2025
2025-06-20,Northeast,26.0,91.7,2.251431941986084,78,101,30.212007522583008,18,24,23.546701431274418,18,24,6.66530609130859,82.20667430790651,171,1.2246467991473532e-16,-1.0,1.1790954968412333,6.66530609130859,1,5,2025
2025-06-21,Northeast,26.0,91.7,19.274707794189453,78,101,30.975486755371097,18,24,24.034103393554688,18,24,6.94138336181641,87.14535583968858,172,1.2246467991473532e-16,-1.0,3.0093741877737963,6.94138336181641,1,5,2025
2025-06-22,Northeast,26.0,91.7,4.361101150512695,78,101,31.81940460205078,18,24,24.6705322265625,18,24,7.148872375488281,82.73976342655821,173,1.2246467991473532e-16,-1.0,1.6791693925115938,7.148872375488281,1,5,2025
2025-06-23,Northeast,26.0,91.7,21.534194946289062,78,101,29.84769821166992,18,24,24.57655143737793,18,24,5.271146774291989,90.80280824414942,174,1.2246467991473532e-16,-1.0,3.115033930911132,5.271146774291989,1,5,2025
2025-06-24,Northeast,26.0,91.7,8.543455123901367,78,101,30.09119415283203,18,24,23.516084671020508,18,24,6.575109481811523,85.61734781300197,175,1.2246467991473532e-16,-1.0,2.255855592208338,6.575109481811523,1,5,2025
2025-06-25,Northeast,26.0,91.7,7.697687149047852,78,101,30.152366638183594,18,24,23.589534759521484,18,24,6.562831878662109,85.36350767881723,176,1.2246467991473532e-16,-1.0,2.1630571453804803,6.562831878662109,1,5,2025
2025-06-26,Northeast,26.0,91.7,3.8567569255828857,78,101,31.417964935302734,18,24,24.97466087341309,18,24,6.443304061889645,83.85450462393982,177,1.2246467991473532e-16,-1.0,1.580370915906372,6.443304061889645,1,5,2025
2025-06-27,Northeast,26.0,91.7,2.7573354244232178,78,101,31.36556625366211,18,24,24.269264221191406,18,24,7.096302032470703,81.77852606244984,178,1.2246467991473532e-16,-1.0,1.3237100424637471,7.096302032470703,1,5,2025
2025-06-28,Northeast,26.0,91.7,14.882667541503906,78,101,31.519344329833984,18,24,24.853300094604492,18,24,6.666044235229492,86.96359679828525,179,1.2246467991473532e-16,-1.0,2.765228422914744,6.666044235229492,1,5,2025
2025-06-29,Northeast,26.0,91.7,3.4628663063049316,78,101,32.33025360107422,18,24,25.012487411499023,18,24,7.317766189575195,81.85184130839986,180,1.2246467991473532e-16,-1.0,1.4957912291834148,7.317766189575195,1,5,2025
2025-06-30,Northeast,26.0,91.7,7.738267421722412,78,101,32.38142013549805,18,24,25.18168830871582,18,24,7.199731826782227,84.1036721499815,181,1.2246467991473532e-16,-1.0,2.1677119345153217,7.199731826782227,1,5,2025
2025-07-01,Northeast,26.0,91.7,2.08349347114563,78,101,31.916149139404297,18,24,25.073070526123047,18,24,6.84307861328125,81.69203236772351,182,-0.4999999999999998,-0.8660254037844388,1.1260631980953382,6.84307861328125,1,5,2025
2025-07-02,Northeast,26.0,91.7,14.01613712310791,78,101,31.19164276123047,18,24,24.67340850830078,18,24,6.5182342529296875,87.09090778726798,183,-0.4999999999999998,-0.8660254037844388,2.709125431042454,6.5182342529296875,1,5,2025
2025-07-03,Northeast,26.0,91.7,3.0646235942840576,78,101,31.089664459228516,18,24,24.6463565826416,18,24,6.443307876586914,83.3203476727672,184,-0.4999999999999998,-0.8660254037844388,1.4023211419803427,6.443307876586914,1,5,2025
2025-07-04,Northeast,26.0,91.7,7.689334392547607,78,101,30.36652946472168,18,24,23.907554626464844,18,24,6.458974838256836,85.56833934858705,185,-0.4999999999999998,-0.8660254037844388,2.162096341700238,6.458974838256836,1,5,2025
2025-07-05,Northeast,26.0,91.7,8.664536476135254,78,101,29.908910751342773,18,24,23.693016052246097,18,24,6.215894699096676,86.37360005929705,186,-0.4999999999999998,-0.8660254037844388,2.2684631524968,6.215894699096676,1,5,2025
2025-07-06,Northeast,26.0,91.7,2.439497232437134,78,101,29.71643447875977,18,24,23.900293350219727,18,24,5.816141128540043,84.07369366494761,187,-0.4999999999999998,-0.8660254037844388,1.2353253073425654,5.816141128540043,1,5,2025
2025-07-07,Northeast,26.0,91.7,0.1326613873243332,78,101,30.906435012817383,18,24,24.489028930664062,18,24,6.41740608215332,79.53889805645069,188,-0.4999999999999998,-0.8660254037844388,0.1245700735857768,6.41740608215332,1,5,2025
2025-07-08,Northeast,26.0,91.7,0.318387359380722,78,101,30.08831787109375,18,24,23.69708824157715,18,24,6.391229629516602,80.04676861780304,189,-0.4999999999999998,-0.8660254037844388,0.2764092922787463,6.391229629516602,1,5,2025
2025-07-09,Northeast,26.0,91.7,0.420007973909378,78,101,29.148069381713867,18,24,24.030689239501953,18,24,5.117380142211914,82.8172271766558,190,-0.4999999999999998,-0.8660254037844388,0.3506624870265423,5.117380142211914,1,5,2025
2025-07-10,Northeast,26.0,91.7,1.9694244861602783,78,101,31.326080322265625,18,24,23.758209228515625,18,24,7.56787109375,80.12936228750219,191,-0.4999999999999998,-0.8660254037844388,1.088368158334061,7.56787109375,1,5,2025
2025-07-11,Northeast,26.0,91.7,21.10835647583008,78,101,32.448638916015625,18,24,23.9020938873291,18,24,8.546545028686523,84.19477691702365,192,-0.4999999999999998,-0.8660254037844388,3.095955658132232,8.546545028686523,1,5,2025
2025-07-12,Northeast,26.0,91.7,3.5553250312805176,78,101,32.813899993896484,18,24,25.25261688232422,18,24,7.561283111572266,81.4263244324497,193,-0.4999999999999998,-0.8660254037844388,1.5162968851980765,7.561283111572266,1,5,2025
2025-07-13,Northeast,26.0,91.7,0.1165763065218925,78,101,34.67015838623047,18,24,25.90973472595215,18,24,8.76042366027832,74.80995408252957,194,-0.4999999999999998,-0.8660254037844388,0.1102671343620698,8.76042366027832,1,5,2025
2025-07-14,Northeast,26.0,91.7,0.0,78,101,31.62529754638672,18,24,25.076026916503903,18,24,6.549270629882816,78.90145874023438,195,-0.4999999999999998,-0.8660254037844388,0.0,6.549270629882816,1,5,2025
2025-07-15,Northeast,26.0,91.7,8.101705551147461,78,101,31.11068344116211,18,24,23.859683990478516,18,24,7.250999450683594,84.12338655612568,196,-0.4999999999999998,-0.8660254037844388,2.2084618191642877,7.250999450683594,1,5,2025
2025-07-16,Northeast,26.0,91.7,5.136048793792725,78,101,29.780447006225582,18,24,23.73051643371582,18,24,6.049930572509762,85.34268190323729,197,-0.4999999999999998,-0.8660254037844388,1.814181016085607,6.049930572509762,1,5,2025
2025-07-17,Northeast,26.0,91.7,15.144120216369627,78,101,30.657814025878903,18,24,23.902185440063477,18,24,6.755628585815426,86.8334105586334,198,-0.4999999999999998,-0.8660254037844388,2.781555910088089,6.755628585815426,1,5,2025
2025-07-18,Northeast,26.0,91.7,5.334661483764648,78,101,31.65292739868164,18,24,24.442153930664062,18,24,7.210773468017578,83.11656219339143,199,-0.4999999999999998,-0.8660254037844388,1.8460363764755288,7.210773468017578,1,5,2025
2025-07-19,Northeast,26.0,91.7,1.7906389236450195,78,101,30.778743743896484,18,24,25.065027236938477,18,24,5.713716506958008,83.65137870960302,200,-0.4999999999999998,-0.8660254037844388,1.026270574506345,5.713716506958008,1,5,2025
2025-07-20,Northeast,26.0,91.7,21.020544052124023,78,101,29.73797035217285,18,24,24.293968200683594,18,24,5.444002151489258,90.3879232115322,201,-0.4999999999999998,-0.8660254037844388,3.091975838170244,5.444002151489258,1,5,2025
2025-07-21,Northeast,26.0,91.7,8.866037368774414,78,101,33.38249588012695,18,24,24.329113006591797,18,24,9.053382873535156,80.76052912423793,202,-0.4999999999999998,-0.8660254037844388,2.2890982904360797,9.053382873535156,1,5,2025
2025-07-22,Northeast,26.0,91.7,11.53542709350586,78,101,33.34370422363281,18,24,24.629865646362305,18,24,8.713838577270508,82.15799925478439,203,-0.4999999999999998,-0.8660254037844388,2.528558803108466,8.713838577270508,1,5,2025
2025-07-23,Northeast,26.0,91.7,2.0983734130859375,78,101,34.85639190673828,18,24,25.68810272216797,18,24,9.168289184570312,77.056053435846,204,-0.4999999999999998,-0.8660254037844388,1.1308772683288713,9.168289184570312,1,5,2025
2025-07-24,Northeast,26.0,91.7,0.0,78,101,35.16178512573242,18,24,27.05555534362793,18,24,8.106229782104492,75.78754043579102,205,-0.4999999999999998,-0.8660254037844388,0.0,8.106229782104492,1,5,2025
2025-07-25,Northeast,26.0,91.7,11.540472984313965,78,101,33.94662094116211,18,24,25.01323890686035,18,24,8.933382034301758,81.72011968901899,206,-0.4999999999999998,-0.8660254037844388,2.5289612525408325,8.933382034301758,1,5,2025
2025-07-26,Northeast,26.0,91.7,0.6917648911476135,78,101,32.54850769042969,18,24,25.21870994567871,18,24,7.329797744750977,78.9177214054181,207,-0.4999999999999998,-0.8660254037844388,0.5257722983066875,7.329797744750977,1,5,2025
2025-07-27,Northeast,26.0,91.7,4.4533233642578125,78,101,30.80887794494629,18,24,24.546085357666016,18,24,6.262792587280273,84.56309046874367,208,-0.4999999999999998,-0.8660254037844388,1.6962252144347372,6.262792587280273,1,5,2025
2025-07-28,Northeast,26.0,91.7,15.366174697875977,78,101,30.011886596679688,18,24,23.98445701599121,18,24,6.027429580688477,88.33079089808604,209,-0.4999999999999998,-0.8660254037844388,2.795216686487665,6.027429580688477,1,5,2025
2025-07-29,Northeast,26.0,91.7,0.0,78,101,32.45161056518555,18,24,24.343168258666992,18,24,8.108442306518555,75.78311538696289,210,-0.4999999999999998,-0.8660254037844388,0.0,8.108442306518555,1,5,2025
2025-07-30,Northeast,26.0,91.7,0.8634817004203796,78,101,31.99867057800293,18,24,24.32771873474121,18,24,7.670951843261719,78.52543617312796,211,-0.4999999999999998,-0.8660254037844388,0.622446619883797,7.670951843261719,1,5,2025
2025-07-31,Northeast,26.0,91.7,1.8551534414291384,78,101,31.28510093688965,18,24,24.039222717285156,18,24,7.245878219604492,80.65562032020875,212,-0.4999999999999998,-0.8660254037844388,1.049125586472578,7.245878219604492,1,5,2025
2025-08-01,Northeast,26.0,91.7,2.6869170665740967,78,101,31.137710571289062,18,24,24.49158477783203,18,24,6.646125793457031,82.62212028967137,213,-0.8660254037844384,-0.5000000000000004,1.3047906255284796,6.646125793457031,1,5,2025
2025-08-02,Northeast,26.0,91.7,13.310163497924805,78,101,28.652111053466797,18,24,24.62650680541992,18,24,4.0256042480468786,91.93170156071002,214,-0.8660254037844384,-0.5000000000000004,2.6609700189345924,4.0256042480468786,1,5,2025
2025-08-03,Northeast,26.0,91.7,5.998973369598389,78,101,27.606969833374023,18,24,24.35138702392578,18,24,3.255582809448242,91.32612481154408,215,-0.8660254037844384,-0.5000000000000004,1.9457634768135217,3.255582809448242,1,5,2025
2025-08-04,Northeast,26.0,91.7,6.755800247192383,78,101,29.12444305419922,18,24,23.55792236328125,18,24,5.566520690917969,87.01228156546003,216,-0.8660254037844384,-0.5000000000000004,2.0484409824319862,5.566520690917969,1,5,2025
2025-08-05,Northeast,26.0,91.7,6.52650785446167,78,101,28.992090225219727,18,24,24.144189834594727,18,24,4.847900390625,88.35949272842642,217,-0.8660254037844384,-0.5000000000000004,2.0184311698921373,4.847900390625,1,5,2025
2025-08-06,Northeast,26.0,91.7,16.60158920288086,78,101,29.745288848876953,18,24,24.13361930847168,18,24,5.611669540405273,89.38062849994725,218,-0.8660254037844384,-0.5000000000000004,2.8679891935859327,5.611669540405273,1,5,2025
2025-08-07,Northeast,26.0,91.7,19.59881019592285,78,101,28.66305160522461,18,24,24.52635383605957,18,24,4.136697769165039,92.80230441161405,219,-0.8660254037844384,-0.5000000000000004,3.0252333166480345,4.136697769165039,1,5,2025
2025-08-08,Northeast,26.0,91.7,18.245811462402344,78,101,27.999217987060547,18,24,23.94170379638672,18,24,4.057514190673828,92.75685197072156,220,-0.8660254037844384,-0.5000000000000004,2.9572934506897357,4.057514190673828,1,5,2025
2025-08-09,Northeast,26.0,91.7,4.870498180389404,78,101,28.824146270751953,18,24,23.678186416625977,18,24,5.145959854125977,87.01789878913719,221,-0.8660254037844384,-0.5000000000000004,1.7699394991297142,5.145959854125977,1,5,2025
2025-08-10,Northeast,26.0,91.7,1.8245919942855835,78,101,29.61290168762207,18,24,24.565229415893555,18,24,5.047672271728516,85.01974723864183,222,-0.8660254037844384,-0.5000000000000004,1.038363927366286,5.047672271728516,1,5,2025
2025-08-11,Northeast,26.0,91.7,1.4116638898849487,78,101,30.618364334106445,18,24,24.43338966369629,18,24,6.184974670410156,82.27100141923775,223,-0.8660254037844384,-0.5000000000000004,0.8803169200193528,6.184974670410156,1,5,2025
2025-08-12,Northeast,26.0,91.7,4.54672384262085,78,101,30.47994613647461,18,24,24.60479164123535,18,24,5.875154495239258,85.3893133740314,224,-0.8660254037844384,-0.5000000000000004,1.7132074548366407,5.875154495239258,1,5,2025
2025-08-13,Northeast,26.0,91.7,22.515613555908203,78,101,27.829967498779297,18,24,23.947898864746097,18,24,3.8820686340332,93.708856553426,225,-0.8660254037844384,-0.5000000000000004,3.1576646071641328,3.8820686340332,1,5,2025
2025-08-14,Northeast,26.0,91.7,17.801084518432617,78,101,31.366920471191406,18,24,23.833879470825195,18,24,7.533041000366211,85.73566166523578,226,-0.8660254037844384,-0.5000000000000004,2.933914555322735,7.533041000366211,1,5,2025
2025-08-15,Northeast,26.0,91.7,26.838884353637695,78,101,32.55686950683594,18,24,24.06290054321289,18,24,8.493968963623047,84.9913633562305,227,-0.8660254037844384,-0.5000000000000004,3.3264337611588615,8.493968963623047,1,5,2025
2025-08-16,Northeast,26.0,91.7,1.0363030433654783,78,101,33.707149505615234,18,24,24.43065643310547,18,24,9.276493072509766,75.58042164536973,228,-0.8660254037844384,-0.5000000000000004,0.7111359301297533,9.276493072509766,1,5,2025
2025-08-17,Northeast,26.0,91.7,7.559635162353516,78,101,32.71289825439453,18,24,24.30492401123047,18,24,8.407974243164062,81.62522421774675,229,-0.8660254037844384,-0.5000000000000004,2.147057568024957,8.407974243164062,1,5,2025
2025-08-18,Northeast,26.0,91.7,2.9349098205566406,78,101,32.6656494140625,18,24,25.240123748779297,18,24,7.425525665283203,81.25861256245462,230,-0.8660254037844384,-0.5000000000000004,1.3698879643403428,7.425525665283203,1,5,2025
2025-08-19,Northeast,26.0,91.7,3.2409279346466064,78,101,31.301921844482425,18,24,24.110036849975582,18,24,7.191884994506843,81.95057630441674,231,-0.8660254037844384,-0.5000000000000004,1.444782097810141,7.191884994506843,1,5,2025
2025-08-20,Northeast,26.0,91.7,4.354034423828125,78,101,30.759626388549805,18,24,23.953489303588867,18,24,6.8061370849609375,83.42127695397036,232,-0.8660254037844384,-0.5000000000000004,1.6778503746307458,6.8061370849609375,1,5,2025
2025-08-21,Northeast,26.0,91.7,5.703482151031494,78,101,30.777782440185547,18,24,23.824628829956055,18,24,6.953153610229492,83.80157412580616,233,-0.8660254037844384,-0.5000000000000004,1.9026271154217125,6.953153610229492,1,5,2025
2025-08-22,Northeast,26.0,91.7,27.008026123046875,78,101,30.75460433959961,18,24,23.76471519470215,18,24,6.989889144897461,88.0176950592593,234,-0.8660254037844384,-0.5000000000000004,3.3324911163514037,6.989889144897461,1,5,2025
2025-08-23,Northeast,26.0,91.7,0.3295747637748718,78,101,30.46315574645996,18,24,23.806957244873047,18,24,6.656198501586914,79.54218049070175,235,-0.8660254037844384,-0.5000000000000004,0.2848591646251937,6.656198501586914,1,5,2025
2025-08-24,Northeast,26.0,91.7,2.316525459289551,78,101,30.180992126464844,18,24,23.79902458190918,18,24,6.381967544555664,82.83281797041109,236,-0.8660254037844384,-0.5000000000000004,1.198917686507469,6.381967544555664,1,5,2025
2025-08-25,Northeast,26.0,91.7,2.3342838287353516,78,101,30.614248275756836,18,24,23.813915252685547,18,24,6.800333023071289,82.01210769075563,237,-0.8660254037844384,-0.5000000000000004,1.2042579122994004,6.800333023071289,1,5,2025
2025-08-26,Northeast,26.0,91.7,5.90588903427124,78,101,31.90768241882324,18,24,24.074905395507812,18,24,7.832777023315426,82.1315695458328,238,-0.8660254037844384,-0.5000000000000004,1.9323745308212223,7.832777023315426,1,5,2025
2025-08-27,Northeast,26.0,91.7,1.8849999904632568,78,101,31.50987243652344,18,24,24.301925659179688,18,24,7.2079467773437536,80.7626811352758,239,-0.8660254037844384,-0.5000000000000004,1.0595248966544326,7.2079467773437536,1,5,2025
2025-08-28,Northeast,26.0,91.7,5.649738311767578,78,101,29.569087982177734,18,24,23.460073471069336,18,24,6.109014511108398,85.46570348462191,240,-0.8660254037844384,-0.5000000000000004,1.8945775022795697,6.109014511108398,1,5,2025
2025-08-29,Northeast,26.0,91.7,3.3580286502838135,78,101,29.86604118347168,18,24,23.820484161376953,18,24,6.045557022094727,84.32494538785808,241,-0.8660254037844384,-0.5000000000000004,1.4720198106825102,6.045557022094727,1,5,2025
2025-08-30,Northeast,26.0,91.7,12.724936485290527,78,101,29.71924591064453,18,24,23.445613861083984,18,24,6.273632049560547,87.31037898003696,242,-0.8660254037844384,-0.5000000000000004,2.619214359719351,6.273632049560547,1,5,2025
2025-08-31,Northeast,26.0,91.7,35.16141128540039,78,101,32.75960159301758,18,24,23.62825584411621,18,24,9.131345748901367,84.50128619321559,243,-0.8660254037844384,-0.5000000000000004,3.5879925636727767,9.131345748901367,1,5,2025
2025-09-01,Northeast,26.0,91.7,0.0,78,101,34.676700592041016,18,24,24.48027610778809,18,24,10.196424484252926,71.60715103149414,244,-1.0,-1.8369701987210294e-16,0.0,10.196424484252926,1,5,2025
2025-09-02,Northeast,26.0,91.7,1.531895875930786,78,101,33.37457275390625,18,24,24.697322845458984,18,24,8.677249908447266,77.43240532366426,245,-1.0,-1.8369701987210294e-16,0.9289683801862612,8.677249908447266,1,5,2025
2025-09-03,Northeast,26.0,91.7,2.6527953147888184,78,101,34.59487533569336,18,24,24.533615112304688,18,24,10.061260223388672,75.76395769569368,246,-1.0,-1.8369701987210294e-16,1.2954927141570092,10.061260223388672,1,5,2025
2025-09-04,Northeast,26.0,91.7,3.379944086074829,78,101,32.72062683105469,18,24,24.280376434326172,18,24,8.440250396728516,79.55060708225456,247,-1.0,-1.8369701987210294e-16,1.4770359585705315,8.440250396728516,1,5,2025
2025-09-05,Northeast,26.0,91.7,3.4199624061584473,78,101,32.338523864746094,18,24,24.430063247680664,18,24,7.90846061706543,80.6414723378474,248,-1.0,-1.8369701987210294e-16,1.4861311906594192,7.90846061706543,1,5,2025
2025-09-06,Northeast,26.0,91.7,4.7938232421875,78,101,32.63322830200195,18,24,24.50454330444336,18,24,8.128684997558594,81.01300718039647,249,-1.0,-1.8369701987210294e-16,1.7567923918378845,8.128684997558594,1,5,2025
2025-09-07,Northeast,26.0,91.7,8.140148162841797,78,101,31.63172721862793,18,24,24.266069412231445,18,24,7.365657806396484,83.90671417434073,250,-1.0,-1.8369701987210294e-16,2.212676595711236,7.365657806396484,1,5,2025
2025-09-08,Northeast,26.0,91.7,1.2323856353759766,78,101,31.288042068481445,18,24,24.34317970275879,18,24,6.944862365722656,80.51948768445811,251,-1.0,-1.8369701987210294e-16,0.8030708053011438,6.944862365722656,1,5,2025
2025-09-09,Northeast,26.0,91.7,18.584495544433594,78,101,31.020009994506836,18,24,24.138351440429688,18,24,6.881658554077148,87.1608975204807,252,-1.0,-1.8369701987210294e-16,2.9747382095449986,6.881658554077148,1,5,2025
2025-09-10,Northeast,26.0,91.7,2.453017473220825,78,101,30.591611862182617,18,24,24.51614761352539,18,24,6.075464248657227,83.56681693877498,253,-1.0,-1.8369701987210294e-16,1.2392484786964784,6.075464248657227,1,5,2025
2025-09-11,Northeast,26.0,91.7,2.9673821926116943,78,101,30.820228576660156,18,24,24.179275512695312,18,24,6.640953063964844,82.85241331169242,254,-1.0,-1.8369701987210294e-16,1.3781064798740357,6.640953063964844,1,5,2025
2025-09-12,Northeast,26.0,91.7,2.971381425857544,78,101,30.221670150756836,18,24,24.262767791748047,18,24,5.958902359008789,84.21953728313402,255,-1.0,-1.8369701987210294e-16,1.3791140003838656,5.958902359008789,1,5,2025
2025-09-13,Northeast,26.0,91.7,2.5336227416992188,78,101,29.90200424194336,18,24,24.15889358520508,18,24,5.743110656738278,84.30074953789457,256,-1.0,-1.8369701987210294e-16,1.262323617123713,5.743110656738278,1,5,2025
2025-09-14,Northeast,26.0,91.7,27.016035079956055,78,101,28.535099029541016,18,24,23.35171890258789,18,24,5.183380126953125,91.63157082914208,257,-1.0,-1.8369701987210294e-16,3.332777027682777,5.183380126953125,1,5,2025
2025-09-15,Northeast,26.0,91.7,10.149340629577637,78,101,28.417055130004883,18,24,23.093812942504883,18,24,5.3232421875,88.58765670439027,258,-1.0,-1.8369701987210294e-16,2.411380359796754,5.3232421875,1,5,2025
2025-09-16,Northeast,26.0,91.7,22.6506290435791,78,101,27.46990394592285,18,24,23.221220016479492,18,24,4.248683929443359,92.99280127897744,259,-1.0,-1.8369701987210294e-16,3.1633897126213917,4.248683929443359,1,5,2025
2025-09-17,Northeast,26.0,91.7,6.081125259399414,78,101,28.76341438293457,18,24,22.53715133666992,18,24,6.226263046264652,85.41977239753139,260,-1.0,-1.8369701987210294e-16,1.9574328300202284,6.226263046264652,1,5,2025
2025-09-18,Northeast,26.0,91.7,8.982125282287598,78,101,29.10550117492676,18,24,23.499204635620117,18,24,5.606296539306644,87.6897949867534,261,-1.0,-1.8369701987210294e-16,2.300796021788893,5.606296539306644,1,5,2025
2025-09-19,Northeast,26.0,91.7,0.1180299669504165,78,101,30.63629913330078,18,24,22.936532974243164,18,24,7.699766159057617,76.93517221721623,262,-1.0,-1.8369701987210294e-16,0.1115681784438247,7.699766159057617,1,5,2025
2025-09-20,Northeast,26.0,91.7,3.996795415878296,78,101,31.521024703979492,18,24,23.77509498596191,18,24,7.745929718017582,81.33453093436916,263,-1.0,-1.8369701987210294e-16,1.6087967901347722,7.745929718017582,1,5,2025
2025-09-21,Northeast,26.0,91.7,5.916893482208252,78,101,33.22296905517578,18,24,23.75695419311523,18,24,9.46601486206055,78.86987052611697,264,-1.0,-1.8369701987210294e-16,1.9339667500793536,9.46601486206055,1,5,2025
2025-09-22,Northeast,26.0,91.7,15.337212562561035,78,101,33.62234115600586,18,24,24.19251823425293,18,24,9.42982292175293,81.52069061171379,265,-1.0,-1.8369701987210294e-16,2.7934454850732147,9.42982292175293,1,5,2025
2025-09-23,Northeast,26.0,91.7,9.420317649841309,78,101,33.16584396362305,18,24,23.810583114624023,18,24,9.355260848999023,80.32075086347272,266,-1.0,-1.8369701987210294e-16,2.343757520490258,9.355260848999023,1,5,2025
2025-09-24,Northeast,26.0,91.7,0.0,78,101,33.11714172363281,18,24,24.530759811401367,18,24,8.586381912231445,74.82723617553711,267,-1.0,-1.8369701987210294e-16,0.0,8.586381912231445,1,5,2025
2025-09-25,Northeast,26.0,91.7,0.0,78,101,33.91992950439453,18,24,23.902027130126953,18,24,10.017902374267578,71.96419525146484,268,-1.0,-1.8369701987210294e-16,0.0,10.017902374267578,1,5,2025
2025-09-26,Northeast,26.0,91.7,0.0,78,101,34.65968704223633,18,24,23.839916229248047,18,24,10.81977081298828,70.36045837402344,269,-1.0,-1.8369701987210294e-16,0.0,10.81977081298828,1,5,2025
2025-09-27,Northeast,26.0,91.7,0.0,78,101,30.672603607177734,18,24,24.61723518371582,18,24,6.055368423461914,79.88926315307617,270,-1.0,-1.8369701987210294e-16,0.0,6.055368423461914,1,5,2025
2025-09-28,Northeast,26.0,91.7,1.9558478593826296,78,101,31.674068450927734,18,24,23.22106170654297,18,24,8.453006744384766,78.34534311128733,271,-1.0,-1.8369701987210294e-16,1.0837855333522874,8.453006744384766,1,5,2025
2025-09-29,Northeast,26.0,91.7,0.0,78,101,32.24422836303711,18,24,23.337060928344727,18,24,8.907167434692383,74.18566513061523,272,-1.0,-1.8369701987210294e-16,0.0,8.907167434692383,1,5,2025
2025-09-30,Northeast,26.0,91.7,4.281962871551514,78,101,33.2088737487793,18,24,23.60852813720703,18,24,9.600345611572266,77.79220213068459,273,-1.0,-1.8369701987210294e-16,1.664297784609704,9.600345611572266,1,5,2025
2025-10-01,Northeast,26.0,91.7,1.6206566095352173,78,101,27.1365966796875,18,24,23.214611053466797,18,24,3.921985626220703,87.0463034496613,274,-0.8660254037844386,0.5000000000000001,0.9634249007008998,3.921985626220703,1,5,2025
2025-10-02,Northeast,26.0,91.7,23.544143676757812,78,101,28.356678009033203,18,24,22.44502639770508,18,24,5.9116516113281214,89.7781166143802,275,-0.8660254037844386,0.5000000000000001,3.200473279012147,5.9116516113281214,1,5,2025
2025-10-03,Northeast,26.0,91.7,15.739887237548828,78,101,28.93196678161621,18,24,23.0556640625,18,24,5.876302719116211,88.70077754855892,276,-0.8660254037844386,0.5000000000000001,2.8177943289304475,5.876302719116211,1,5,2025
2025-10-04,Northeast,26.0,91.7,0.0,78,101,29.12822532653809,18,24,23.432104110717773,18,24,5.696121215820316,80.60775756835938,277,-0.8660254037844386,0.5000000000000001,0.0,5.696121215820316,1,5,2025
2025-10-05,Northeast,26.0,91.7,7.564329147338867,78,101,27.22869110107422,18,24,22.430795669555664,18,24,4.797895431518555,88.84702654842609,278,-0.8660254037844386,0.5000000000000001,2.147605803821065,4.797895431518555,1,5,2025
2025-10-06,Northeast,26.0,91.7,23.145986557006836,78,101,28.25132942199707,18,24,21.501699447631836,18,24,6.749629974365234,88.05309458578597,279,-0.8660254037844386,0.5000000000000001,3.1841181781721475,6.749629974365234,1,5,2025
2025-10-07,Northeast,26.0,91.7,0.3503423929214477,78,101,30.062734603881836,18,24,21.76482582092285,18,24,8.297908782958984,76.30525698812014,280,-0.8660254037844386,0.5000000000000001,0.3003581846793681,8.297908782958984,1,5,2025
2025-10-08,Northeast,26.0,91.7,4.583244323730469,78,101,29.387128829956055,18,24,22.43976402282715,18,24,6.947364807128906,83.26458046811459,281,-0.8660254037844386,0.5000000000000001,1.719770027457467,6.947364807128906,1,5,2025
2025-10-09,Northeast,26.0,91.7,6.70846700668335,78,101,30.0410213470459,18,24,22.647062301635746,18,24,7.393959045410153,83.33903991714246,282,-0.8660254037844386,0.5000000000000001,2.0423193359875884,7.393959045410153,1,5,2025
2025-10-10,Northeast,26.0,91.7,5.379985809326172,78,101,30.543638229370117,18,24,22.424972534179688,18,24,8.11866569519043,81.32216622895118,283,-0.8660254037844386,0.5000000000000001,1.8531658731106784,8.11866569519043,1,5,2025
2025-10-11,Northeast,26.0,91.7,18.256568908691406,78,101,28.19071578979492,18,24,22.57004737854004,18,24,5.620668411254879,89.63221991109201,284,-0.8660254037844386,0.5000000000000001,2.9578522445339237,5.620668411254879,1,5,2025
2025-10-12,Northeast,26.0,91.7,2.56233549118042,78,101,29.678373336791992,18,24,22.174880981445312,18,24,7.50349235534668,80.80426438914944,285,-0.8660254037844386,0.5000000000000001,1.270416366614268,7.50349235534668,1,5,2025
2025-10-13,Northeast,26.0,91.7,0.0,78,101,30.520824432373047,18,24,21.950061798095703,18,24,8.570762634277344,74.85847473144531,286,-0.8660254037844386,0.5000000000000001,0.0,8.570762634277344,1,5,2025
2025-10-14,Northeast,26.0,91.7,9.731732368469238,78,101,30.41940689086914,18,24,21.00834846496582,18,24,9.41105842590332,80.29749813181309,287,-0.8660254037844386,0.5000000000000001,2.373204994539908,9.41105842590332,1,5,2025
2025-10-15,Northeast,26.0,91.7,0.2335616052150726,78,101,31.674755096435547,18,24,21.428049087524418,18,24,10.24670600891113,72.13630477967398,288,-0.8660254037844386,0.5000000000000001,0.2099055991654146,10.24670600891113,1,5,2025
2025-10-16,Northeast,26.0,91.7,0.0,78,101,30.7955379486084,18,24,21.151424407958984,18,24,9.644113540649414,72.71177291870117,289,-0.8660254037844386,0.5000000000000001,0.0,9.644113540649414,1,5,2025
2025-10-17,Northeast,26.0,91.7,0.0,78,101,31.7791805267334,18,24,21.40259552001953,18,24,10.376585006713867,71.24682998657227,290,-0.8660254037844386,0.5000000000000001,0.0,10.376585006713867,1,5,2025
2025-10-18,Northeast,26.0,91.7,0.0,78,101,31.585426330566406,18,24,21.28990364074707,18,24,10.295522689819336,71.40895462036133,291,-0.8660254037844386,0.5000000000000001,0.0,10.295522689819336,1,5,2025
2025-10-19,Northeast,26.0,91.7,0.0,78,101,32.18518829345703,18,24,21.7950439453125,18,24,10.390144348144531,71.21971130371094,292,-0.8660254037844386,0.5000000000000001,0.0,10.390144348144531,1,5,2025
2025-10-20,Northeast,26.0,91.7,0.0,78,101,31.532751083374023,18,24,20.792076110839844,18,24,10.74067497253418,70.51865005493164,293,-0.8660254037844386,0.5000000000000001,0.0,10.74067497253418,1,5,2025
2025-10-21,Northeast,26.0,91.7,0.0,78,101,31.277423858642575,18,24,20.671592712402344,18,24,10.60583114624023,70.78833770751953,294,-0.8660254037844386,0.5000000000000001,0.0,10.60583114624023,1,5,2025
2025-10-22,Northeast,26.0,91.7,0.0,78,101,31.96210670471191,18,24,20.756235122680664,18,24,11.205871582031246,69.5882568359375,295,-0.8660254037844386,0.5000000000000001,0.0,11.205871582031246,1,5,2025
2025-10-23,Northeast,26.0,91.7,0.0,78,101,31.511150360107425,18,24,21.125961303710938,18,24,10.385189056396488,71.22962188720703,296,-0.8660254037844386,0.5000000000000001,0.0,10.385189056396488,1,5,2025
2025-10-24,Northeast,26.0,91.7,20.475566864013672,78,101,31.553300857543945,18,24,20.704151153564453,18,24,10.849149703979492,79.50244818399175,297,-0.8660254037844386,0.5000000000000001,3.0669158639835765,10.849149703979492,1,5,2025
2025-10-25,Northeast,26.0,91.7,0.0,78,101,30.54997444152832,18,24,20.2065372467041,18,24,10.34343719482422,71.31312561035156,298,-0.8660254037844386,0.5000000000000001,0.0,10.34343719482422,1,5,2025
2025-10-26,Northeast,26.0,91.7,0.0,78,101,30.221744537353516,18,24,20.483219146728516,18,24,9.738525390625,72.52294921875,299,-0.8660254037844386,0.5000000000000001,0.0,9.738525390625,1,5,2025
2025-10-27,Northeast,26.0,91.7,0.0,78,101,30.535415649414062,18,24,20.775493621826172,18,24,9.75992202758789,72.48015594482422,300,-0.8660254037844386,0.5000000000000001,0.0,9.75992202758789,1,5,2025
2025-10-28,Northeast,26.0,91.7,0.0,78,101,30.365787506103516,18,24,20.249099731445312,18,24,10.116687774658203,71.7666244506836,301,-0.8660254037844386,0.5000000000000001,0.0,10.116687774658203,1,5,2025
2025-10-29,Northeast,26.0,91.7,0.0,78,101,27.499778747558594,18,24,21.129180908203125,18,24,6.370597839355469,79.25880432128906,302,-0.8660254037844386,0.5000000000000001,0.0,6.370597839355469,1,5,2025
2025-10-30,Northeast,26.0,91.7,2.569177627563477,78,101,26.71713638305664,18,24,21.93338203430176,18,24,4.783754348754879,86.24949694098214,303,-0.8660254037844386,0.5000000000000001,1.2723352128306349,4.783754348754879,1,5,2025
2025-10-31,Northeast,26.0,91.7,15.6500244140625,78,101,23.842077255249023,18,24,21.126787185668945,18,24,2.715290069580078,95.00665490904616,304,-0.8660254037844386,0.5000000000000001,2.812411682735438,2.715290069580078,1,5,2025
2025-11-01,Northeast,26.0,91.7,3.2368602752685547,78,101,24.068321228027344,18,24,20.863605499267575,18,24,3.204715728759769,89.92203602394522,305,-0.5000000000000004,0.8660254037844384,1.4438224938215836,3.204715728759769,1,5,2025
2025-11-02,Northeast,26.0,91.7,8.236355781555176,78,101,24.975555419921875,18,24,20.391857147216797,18,24,4.583698272705078,89.50204569036026,306,-0.5000000000000004,0.8660254037844384,2.2231474119234735,4.583698272705078,1,5,2025
2025-11-03,Northeast,26.0,91.7,0.0,78,101,27.97161865234375,18,24,20.038251876831055,18,24,7.933366775512695,76.13326644897461,307,-0.5000000000000004,0.8660254037844384,0.0,7.933366775512695,1,5,2025
2025-11-04,Northeast,26.0,91.7,0.0,78,101,29.604244232177734,18,24,19.555500030517575,18,24,10.04874420166016,71.90251159667969,308,-0.5000000000000004,0.8660254037844384,0.0,10.04874420166016,1,5,2025
2025-11-05,Northeast,26.0,91.7,0.0,78,101,28.43604850769043,18,24,20.210235595703125,18,24,8.225812911987305,75.54837417602539,309,-0.5000000000000004,0.8660254037844384,0.0,8.225812911987305,1,5,2025
2025-11-06,Northeast,26.0,91.7,3.3104255199432373,78,101,28.571186065673828,18,24,20.506370544433594,18,24,8.064815521240234,80.25347884082181,310,-0.5000000000000004,0.8660254037844384,1.4610366277674294,8.064815521240234,1,5,2025
2025-11-07,Northeast,26.0,91.7,0.0,78,101,28.969934463500977,18,24,19.25560760498047,18,24,9.714326858520508,72.57134628295898,311,-0.5000000000000004,0.8660254037844384,0.0,9.714326858520508,1,5,2025
2025-11-08,Northeast,26.0,91.7,0.0,78,101,29.45563316345215,18,24,18.808652877807617,18,24,10.646980285644531,70.70603942871094,312,-0.5000000000000004,0.8660254037844384,0.0,10.646980285644531,1,5,2025
2025-11-09,Northeast,26.0,91.7,0.0,78,101,28.89635848999023,18,24,17.635560989379883,18,24,11.260797500610348,69.4784049987793,313,-0.5000000000000004,0.8660254037844384,0.0,11.260797500610348,1,5,2025
2025-11-10,Northeast,26.0,91.7,0.0,78,101,27.62876892089844,18,24,16.99365997314453,18,24,10.63510894775391,70.72978210449219,314,-0.5000000000000004,0.8660254037844384,0.0,10.63510894775391,1,5,2025
2025-11-11,Northeast,26.0,91.7,0.0,78,101,27.300281524658203,18,24,16.87416648864746,18,24,10.426115036010742,71.14776992797852,315,-0.5000000000000004,0.8660254037844384,0.0,10.426115036010742,1,5,2025
2025-11-12,Northeast,26.0,91.7,0.0,78,101,27.108448028564453,18,24,15.83497142791748,18,24,11.273476600646973,69.45304679870605,316,-0.5000000000000004,0.8660254037844384,0.0,11.273476600646973,1,5,2025
2025-11-13,Northeast,26.0,91.7,0.0,78,101,27.229154586791992,18,24,15.6337890625,18,24,11.595365524291992,68.80926895141602,317,-0.5000000000000004,0.8660254037844384,0.0,11.595365524291992,1,5,2025
2025-11-14,Northeast,26.0,91.7,0.0,78,101,27.04974365234375,18,24,15.652650833129885,18,24,11.397092819213864,69.20581436157227,318,-0.5000000000000004,0.8660254037844384,0.0,11.397092819213864,1,5,2025
2025-11-15,Northeast,26.0,91.7,0.0,78,101,27.114709854125977,18,24,14.06418514251709,18,24,13.050524711608888,65.89895057678223,319,-0.5000000000000004,0.8660254037844384,0.0,13.050524711608888,1,5,2025
2025-11-16,Northeast,26.0,91.7,0.0,78,101,28.30107879638672,18,24,14.39076805114746,18,24,13.91031074523926,64.17937850952148,320,-0.5000000000000004,0.8660254037844384,0.0,13.91031074523926,1,5,2025
2025-11-17,Northeast,26.0,91.7,0.0,78,101,28.907960891723633,18,24,14.37132167816162,18,24,14.536639213562012,62.92672157287598,321,-0.5000000000000004,0.8660254037844384,0.0,14.536639213562012,1,5,2025
2025-11-18,Northeast,26.0,91.7,0.0,78,101,27.522876739501953,18,24,13.536136627197266,18,24,13.986740112304688,64.02651977539062,322,-0.5000000000000004,0.8660254037844384,0.0,13.986740112304688,1,5,2025
2025-11-19,Northeast,26.0,91.7,0.0,78,101,28.8046817779541,18,24,14.529720306396484,18,24,14.274961471557615,63.450077056884766,323,-0.5000000000000004,0.8660254037844384,0.0,14.274961471557615,1,5,2025
2025-11-20,Northeast,26.0,91.7,0.0,78,101,27.467594146728516,18,24,14.84500503540039,18,24,12.622589111328123,66.75482177734375,324,-0.5000000000000004,0.8660254037844384,0.0,12.622589111328123,1,5,2025
2025-11-21,Northeast,26.0,91.7,0.0,78,101,27.197044372558594,18,24,14.364862442016602,18,24,12.832181930541992,66.33563613891602,325,-0.5000000000000004,0.8660254037844384,0.0,12.832181930541992,1,5,2025
2025-11-22,Northeast,26.0,91.7,0.2482819259166717,78,101,25.66362190246582,18,24,15.361488342285156,18,24,10.302133560180664,72.06103731947468,326,-0.5000000000000004,0.8660254037844384,0.2217681466120015,10.302133560180664,1,5,2025
2025-11-23,Northeast,26.0,91.7,0.0,78,101,25.04033470153809,18,24,14.177501678466797,18,24,10.862833023071293,70.27433395385742,327,-0.5000000000000004,0.8660254037844384,0.0,10.862833023071293,1,5,2025
2025-11-24,Northeast,26.0,91.7,0.0,78,101,25.491945266723633,18,24,13.53442668914795,18,24,11.957518577575684,68.08496284484863,328,-0.5000000000000004,0.8660254037844384,0.0,11.957518577575684,1,5,2025
2025-11-25,Northeast,26.0,91.7,0.0,78,101,25.743322372436523,18,24,13.193462371826172,18,24,12.549860000610352,66.9002799987793,329,-0.5000000000000004,0.8660254037844384,0.0,12.549860000610352,1,5,2025
2025-11-26,Northeast,26.0,91.7,0.0,78,101,25.997467041015625,18,24,13.52275562286377,18,24,12.474711418151855,67.05057716369629,330,-0.5000000000000004,0.8660254037844384,0.0,12.474711418151855,1,5,2025
2025-11-27,Northeast,26.0,91.7,0.0,78,101,26.601533889770508,18,24,13.32569408416748,18,24,13.275839805603027,65.44832038879395,331,-0.5000000000000004,0.8660254037844384,0.0,13.275839805603027,1,5,2025
2025-11-28,Northeast,26.0,91.7,0.0,78,101,26.44989013671875,18,24,13.102438926696776,18,24,13.347451210021974,65.30509757995605,332,-0.5000000000000004,0.8660254037844384,0.0,13.347451210021974,1,5,2025
2025-11-29,Northeast,26.0,91.7,0.0,78,101,25.696258544921875,18,24,12.536994934082031,18,24,13.159263610839844,65.68147277832031,333,-0.5000000000000004,0.8660254037844384,0.0,13.159263610839844,1,5,2025
2025-11-30,Northeast,26.0,91.7,0.0,78,101,25.899152755737305,18,24,13.328588485717772,18,24,12.570564270019531,66.85887145996094,334,-0.5000000000000004,0.8660254037844384,0.0,12.570564270019531,1,5,2025
2025-12-01,Northeast,26.0,91.7,0.0,78,101,24.663799285888672,18,24,13.569087982177734,18,24,11.094711303710938,69.81057739257812,335,-2.4492935982947064e-16,1.0,0.0,11.094711303710938,1,5,2025
2025-12-02,Northeast,26.0,91.7,0.0,78,101,24.11126136779785,18,24,13.44345474243164,18,24,10.667806625366213,70.66438674926758,336,-2.4492935982947064e-16,1.0,0.0,10.667806625366213,1,5,2025
2025-12-03,Northeast,26.0,91.7,0.0,78,101,24.447269439697266,18,24,12.218622207641602,18,24,12.228647232055664,67.54270553588867,337,-2.4492935982947064e-16,1.0,0.0,12.228647232055664,1,5,2025
2025-12-04,Northeast,26.0,91.7,0.0,78,101,25.55420684814453,18,24,12.181190490722656,18,24,13.373016357421877,65.25396728515625,338,-2.4492935982947064e-16,1.0,0.0,13.373016357421877,1,5,2025
2025-12-05,Northeast,26.0,91.7,0.0,78,101,24.86334800720215,18,24,11.610325813293455,18,24,13.253022193908691,65.49395561218262,339,-2.4492935982947064e-16,1.0,0.0,13.253022193908691,1,5,2025
2025-12-06,Northeast,26.0,91.7,0.0,78,101,25.09014320373535,18,24,11.336172103881836,18,24,13.753971099853516,64.49205780029297,340,-2.4492935982947064e-16,1.0,0.0,13.753971099853516,1,5,2025
2025-12-07,Northeast,26.0,91.7,0.0,78,101,25.102136611938477,18,24,10.921520233154297,18,24,14.18061637878418,63.63876724243164,341,-2.4492935982947064e-16,1.0,0.0,14.18061637878418,1,5,2025
2025-12-08,Northeast,26.0,91.7,0.0,78,101,25.349132537841797,18,24,11.03122901916504,18,24,14.317903518676756,63.36419296264648,342,-2.4492935982947064e-16,1.0,0.0,14.317903518676756,1,5,2025
2025-12-09,Northeast,26.0,91.7,0.0,78,101,25.27568244934082,18,24,10.918058395385742,18,24,14.357624053955078,63.28475189208984,343,-2.4492935982947064e-16,1.0,0.0,14.357624053955078,1,5,2025
2025-12-10,Northeast,26.0,91.7,0.0,78,101,26.041128158569336,18,24,10.368484497070312,18,24,15.672643661499023,60.65471267700195,344,-2.4492935982947064e-16,1.0,0.0,15.672643661499023,1,5,2025
2025-12-11,Northeast,26.0,91.7,0.0,78,101,24.919097900390625,18,24,9.346163749694824,18,24,15.5729341506958,60.8541316986084,345,-2.4492935982947064e-16,1.0,0.0,15.5729341506958,1,5,2025
2025-12-12,Northeast,26.0,91.7,0.0,78,101,25.512161254882812,18,24,9.356017112731934,18,24,16.15614414215088,59.68771171569824,346,-2.4492935982947064e-16,1.0,0.0,16.15614414215088,1,5,2025
2025-12-13,Northeast,26.0,91.7,0.0,78,101,26.50859832763672,18,24,10.19480800628662,18,24,16.313790321350098,59.372419357299805,347,-2.4492935982947064e-16,1.0,0.0,16.313790321350098,1,5,2025
2025-12-14,Northeast,26.0,91.7,0.0,78,101,26.187210083007812,18,24,9.876394271850586,18,24,16.310815811157227,59.37836837768555,348,-2.4492935982947064e-16,1.0,0.0,16.310815811157227,1,5,2025
2025-12-15,Northeast,26.0,91.7,0.0,78,101,25.71210670471191,18,24,10.692611694335938,18,24,15.019495010375971,61.961009979248054,349,-2.4492935982947064e-16,1.0,0.0,15.019495010375971,1,5,2025
2025-12-16,Northeast,26.0,91.7,0.0,78,101,25.492515563964844,18,24,10.427648544311523,18,24,15.06486701965332,61.87026596069336,350,-2.4492935982947064e-16,1.0,0.0,15.06486701965332,1,5,2025
2025-12-17,Northeast,26.0,91.7,0.0,78,101,26.093839645385746,18,24,10.569205284118652,18,24,15.524634361267092,60.95073127746581,351,-2.4492935982947064e-16,1.0,0.0,15.524634361267092,1,5,2025
2025-12-18,Northeast,26.0,91.7,0.0,78,101,26.8210391998291,18,24,10.762176513671877,18,24,16.058862686157227,59.88227462768555,352,-2.4492935982947064e-16,1.0,0.0,16.058862686157227,1,5,2025
2025-12-19,Northeast,26.0,91.7,0.0,78,101,25.71862411499023,18,24,11.005500793457031,18,24,14.7131233215332,62.5737533569336,353,-2.4492935982947064e-16,1.0,0.0,14.7131233215332,1,5,2025
2025-12-20,Northeast,26.0,91.7,0.0,78,101,24.95683860778809,18,24,11.423686027526855,18,24,13.533152580261234,64.93369483947754,354,-2.4492935982947064e-16,1.0,0.0,13.533152580261234,1,5,2025
2025-12-21,Northeast,26.0,91.7,0.125971108675003,78,101,25.210102081298828,18,24,11.289295196533203,18,24,13.920806884765623,64.5143238435227,355,-2.4492935982947064e-16,1.0,0.1186458710179822,13.920806884765623,1,5,2025
2025-12-22,Northeast,26.0,91.7,0.0,78,101,25.487171173095703,18,24,11.247512817382812,18,24,14.23965835571289,63.52068328857422,356,-2.4492935982947064e-16,1.0,0.0,14.23965835571289,1,5,2025
2025-12-23,Northeast,26.0,91.7,0.0,78,101,22.72170066833496,18,24,11.743178367614746,18,24,10.978522300720217,70.04295539855957,357,-2.4492935982947064e-16,1.0,0.0,10.978522300720217,1,5,2025
2025-12-24,Northeast,26.0,91.7,0.0,78,101,21.739444732666016,18,24,12.88726043701172,18,24,8.852184295654295,74.2956314086914,358,-2.4492935982947064e-16,1.0,0.0,8.852184295654295,1,5,2025
2025-12-25,Northeast,26.0,91.7,0.0,78,101,21.841938018798828,18,24,11.806382179260254,18,24,10.035555839538574,71.92888832092285,359,-2.4492935982947064e-16,1.0,0.0,10.035555839538574,1,5,2025
2025-12-26,Northeast,26.0,91.7,0.0,78,101,22.926830291748047,18,24,11.276932716369627,18,24,11.64989757537842,68.70020484924316,360,-2.4492935982947064e-16,1.0,0.0,11.64989757537842,1,5,2025
2025-12-27,Northeast,26.0,91.7,0.0,78,101,21.018156051635746,18,24,11.207592010498049,18,24,9.810564041137695,72.37887191772461,361,-2.4492935982947064e-16,1.0,0.0,9.810564041137695,1,5,2025
2025-12-28,Northeast,26.0,91.7,0.0,78,101,18.51630973815918,18,24,11.830745697021484,18,24,6.685564041137695,78.62887191772461,362,-2.4492935982947064e-16,1.0,0.0,6.685564041137695,1,5,2025
2025-12-29,Northeast,26.0,91.7,0.0,78,101,18.65163803100586,18,24,12.394786834716797,18,24,6.2568511962890625,79.48629760742188,363,-2.4492935982947064e-16,1.0,0.0,6.2568511962890625,1,5,2025
2025-12-30,Northeast,26.0,91.7,0.0,78,101,15.91601848602295,18,24,11.776426315307615,18,24,4.139592170715334,83.72081565856934,364,-2.4492935982947064e-16,1.0,0.0,4.139592170715334,1,5,2025
2025-12-31,Northeast,26.0,91.7,0.0,78,101,19.38104248046875,18,24,10.320290565490724,18,24,9.060751914978026,73.87849617004395,365,-2.4492935982947064e-16,1.0,0.0,9.060751914978026,1,5,2025
2025-01-01,Rajasthan Desert,27.0,73.0,0.0,82,26,20.59670639038086,20,6,6.242471694946289,20,6,14.35423469543457,63.29153060913086,1,0.4999999999999999,0.8660254037844387,0.0,14.35423469543457,1,6,2025
2025-01-02,Rajasthan Desert,27.0,73.0,0.0,82,26,23.601776123046875,20,6,6.609051704406738,20,6,16.992724418640137,58.01455116271973,2,0.4999999999999999,0.8660254037844387,0.0,16.992724418640137,1,6,2025
2025-01-03,Rajasthan Desert,27.0,73.0,0.0,82,26,26.065692901611328,20,6,8.062052726745605,20,6,18.003640174865723,55.992719650268555,3,0.4999999999999999,0.8660254037844387,0.0,18.003640174865723,1,6,2025
2025-01-04,Rajasthan Desert,27.0,73.0,0.0,82,26,27.942934036254883,20,6,9.9384765625,20,6,18.004457473754883,55.991085052490234,4,0.4999999999999999,0.8660254037844387,0.0,18.004457473754883,1,6,2025
2025-01-05,Rajasthan Desert,27.0,73.0,0.0,82,26,22.928125381469727,20,6,9.900472640991213,20,6,13.027652740478514,65.94469451904297,5,0.4999999999999999,0.8660254037844387,0.0,13.027652740478514,1,6,2025
2025-01-06,Rajasthan Desert,27.0,73.0,0.0,82,26,21.032386779785156,20,6,9.451991081237791,20,6,11.580395698547363,68.83920860290527,6,0.4999999999999999,0.8660254037844387,0.0,11.580395698547363,1,6,2025
2025-01-07,Rajasthan Desert,27.0,73.0,0.0,82,26,21.430063247680664,20,6,7.133767604827881,20,6,14.296295642852783,63.407408714294434,7,0.4999999999999999,0.8660254037844387,0.0,14.296295642852783,1,6,2025
2025-01-08,Rajasthan Desert,27.0,73.0,0.0,82,26,24.619815826416016,20,6,5.966975688934326,20,6,18.65284013748169,54.69431972503662,8,0.4999999999999999,0.8660254037844387,0.0,18.65284013748169,1,6,2025
2025-01-09,Rajasthan Desert,27.0,73.0,0.0,82,26,26.16558265686035,20,6,7.37660026550293,20,6,18.788982391357425,54.42203521728515,9,0.4999999999999999,0.8660254037844387,0.0,18.788982391357425,1,6,2025
2025-01-10,Rajasthan Desert,27.0,73.0,0.0,82,26,24.735671997070312,20,6,9.050540924072266,20,6,15.685131072998049,60.629737854003906,10,0.4999999999999999,0.8660254037844387,0.0,15.685131072998049,1,6,2025
2025-01-11,Rajasthan Desert,27.0,73.0,2.1073036193847656,82,26,17.103256225585938,20,6,10.24493408203125,20,6,6.8583221435546875,81.68462175302976,11,0.4999999999999999,0.8660254037844387,1.1337553467130428,6.8583221435546875,1,6,2025
2025-01-12,Rajasthan Desert,27.0,73.0,0.120007038116455,82,26,16.182945251464844,20,6,9.623909950256348,20,6,6.559035301208496,79.22193430554243,12,0.4999999999999999,0.8660254037844387,0.1133349693198078,6.559035301208496,1,6,2025
2025-01-13,Rajasthan Desert,27.0,73.0,0.0,82,26,17.769664764404297,20,6,7.847716808319092,20,6,9.921947956085203,72.15610408782959,13,0.4999999999999999,0.8660254037844387,0.0,9.921947956085203,1,6,2025
2025-01-14,Rajasthan Desert,27.0,73.0,0.0,82,26,20.338226318359375,20,6,7.305778503417969,20,6,13.032447814941406,65.93510437011719,14,0.4999999999999999,0.8660254037844387,0.0,13.032447814941406,1,6,2025
2025-01-15,Rajasthan Desert,27.0,73.0,0.0,82,26,20.48432159423828,20,6,7.585658550262451,20,6,12.89866304397583,66.20267391204834,15,0.4999999999999999,0.8660254037844387,0.0,12.89866304397583,1,6,2025
2025-01-16,Rajasthan Desert,27.0,73.0,0.0,82,26,20.38398551940918,20,6,7.83931303024292,20,6,12.54467248916626,66.91065502166748,16,0.4999999999999999,0.8660254037844387,0.0,12.54467248916626,1,6,2025
2025-01-17,Rajasthan Desert,27.0,73.0,0.0,82,26,19.00344467163086,20,6,6.992356777191162,20,6,12.011087894439695,67.9778242111206,17,0.4999999999999999,0.8660254037844387,0.0,12.011087894439695,1,6,2025
2025-01-18,Rajasthan Desert,27.0,73.0,0.0,82,26,21.326007843017575,20,6,7.570284843444824,20,6,13.75572299957275,64.48855400085449,18,0.4999999999999999,0.8660254037844387,0.0,13.75572299957275,1,6,2025
2025-01-19,Rajasthan Desert,27.0,73.0,0.0,82,26,24.979476928710938,20,6,10.31699562072754,20,6,14.662481307983397,62.6750373840332,19,0.4999999999999999,0.8660254037844387,0.0,14.662481307983397,1,6,2025
2025-01-20,Rajasthan Desert,27.0,73.0,0.0,82,26,24.778667449951172,20,6,11.190597534179688,20,6,13.588069915771484,64.82386016845703,20,0.4999999999999999,0.8660254037844387,0.0,13.588069915771484,1,6,2025
2025-01-21,Rajasthan Desert,27.0,73.0,0.0,82,26,25.6671199798584,20,6,10.39535140991211,20,6,15.271768569946287,61.45646286010742,21,0.4999999999999999,0.8660254037844387,0.0,15.271768569946287,1,6,2025
2025-01-22,Rajasthan Desert,27.0,73.0,0.0,82,26,25.35348320007324,20,6,10.52760887145996,20,6,14.82587432861328,62.34825134277344,22,0.4999999999999999,0.8660254037844387,0.0,14.82587432861328,1,6,2025
2025-01-23,Rajasthan Desert,27.0,73.0,0.0,82,26,24.444517135620117,20,6,10.590956687927246,20,6,13.853560447692873,64.29287910461426,23,0.4999999999999999,0.8660254037844387,0.0,13.853560447692873,1,6,2025
2025-01-24,Rajasthan Desert,27.0,73.0,0.0,82,26,24.708141326904297,20,6,9.327404022216797,20,6,15.3807373046875,61.238525390625,24,0.4999999999999999,0.8660254037844387,0.0,15.3807373046875,1,6,2025
2025-01-25,Rajasthan Desert,27.0,73.0,0.0,82,26,25.32139015197754,20,6,7.599165916442871,20,6,17.722224235534668,56.555551528930664,25,0.4999999999999999,0.8660254037844387,0.0,17.722224235534668,1,6,2025
2025-01-26,Rajasthan Desert,27.0,73.0,0.0,82,26,26.721811294555664,20,6,6.2379279136657715,20,6,20.483883380889893,51.032233238220215,26,0.4999999999999999,0.8660254037844387,0.0,20.483883380889893,1,6,2025
2025-01-27,Rajasthan Desert,27.0,73.0,0.0,82,26,27.349748611450195,20,6,6.5753326416015625,20,6,20.774415969848633,50.451168060302734,27,0.4999999999999999,0.8660254037844387,0.0,20.774415969848633,1,6,2025
2025-01-28,Rajasthan Desert,27.0,73.0,0.0,82,26,28.280548095703125,20,6,7.260717391967773,20,6,21.01983070373535,49.9603385925293,28,0.4999999999999999,0.8660254037844387,0.0,21.01983070373535,1,6,2025
2025-01-29,Rajasthan Desert,27.0,73.0,0.0,82,26,29.15032196044922,20,6,10.914198875427246,20,6,18.236123085021973,55.527753829956055,29,0.4999999999999999,0.8660254037844387,0.0,18.236123085021973,1,6,2025
2025-01-30,Rajasthan Desert,27.0,73.0,0.0,82,26,27.087726593017575,20,6,11.096649169921877,20,6,15.991077423095698,60.01784515380861,30,0.4999999999999999,0.8660254037844387,0.0,15.991077423095698,1,6,2025
2025-01-31,Rajasthan Desert,27.0,73.0,0.0,82,26,25.566068649291992,20,6,10.11522102355957,20,6,15.450847625732422,61.09830474853515,31,0.4999999999999999,0.8660254037844387,0.0,15.450847625732422,1,6,2025
2025-02-01,Rajasthan Desert,27.0,73.0,0.0,82,26,25.62938117980957,20,6,10.639185905456545,20,6,14.990195274353026,62.019609451293945,32,0.8660254037844386,0.5000000000000001,0.0,14.990195274353026,1,6,2025
2025-02-02,Rajasthan Desert,27.0,73.0,0.0,82,26,24.35546112060547,20,6,10.999098777770996,20,6,13.356362342834473,65.28727531433105,33,0.8660254037844386,0.5000000000000001,0.0,13.356362342834473,1,6,2025
2025-02-03,Rajasthan Desert,27.0,73.0,0.0,82,26,25.06593132019043,20,6,9.38376235961914,20,6,15.682168960571287,60.63566207885742,34,0.8660254037844386,0.5000000000000001,0.0,15.682168960571287,1,6,2025
2025-02-04,Rajasthan Desert,27.0,73.0,0.0,82,26,25.249168395996097,20,6,11.736504554748535,20,6,13.512663841247562,64.97467231750488,35,0.8660254037844386,0.5000000000000001,0.0,13.512663841247562,1,6,2025
2025-02-05,Rajasthan Desert,27.0,73.0,0.0,82,26,25.414203643798828,20,6,9.002681732177734,20,6,16.411521911621094,59.17695617675781,36,0.8660254037844386,0.5000000000000001,0.0,16.411521911621094,1,6,2025
2025-02-06,Rajasthan Desert,27.0,73.0,0.0,82,26,24.971128463745117,20,6,8.170858383178711,20,6,16.800270080566406,58.39945983886719,37,0.8660254037844386,0.5000000000000001,0.0,16.800270080566406,1,6,2025
2025-02-07,Rajasthan Desert,27.0,73.0,0.0,82,26,25.72406959533691,20,6,9.111983299255373,20,6,16.612086296081536,58.77582740783693,38,0.8660254037844386,0.5000000000000001,0.0,16.612086296081536,1,6,2025
2025-02-08,Rajasthan Desert,27.0,73.0,0.0,82,26,27.990385055541992,20,6,9.49356746673584,20,6,18.496817588806152,55.006364822387695,39,0.8660254037844386,0.5000000000000001,0.0,18.496817588806152,1,6,2025
2025-02-09,Rajasthan Desert,27.0,73.0,0.0,82,26,28.961681365966797,20,6,10.955790519714355,20,6,18.00589084625244,55.98821830749512,40,0.8660254037844386,0.5000000000000001,0.0,18.00589084625244,1,6,2025
2025-02-10,Rajasthan Desert,27.0,73.0,0.0,82,26,30.64177703857422,20,6,11.74893569946289,20,6,18.892841339111328,54.214317321777344,41,0.8660254037844386,0.5000000000000001,0.0,18.892841339111328,1,6,2025
2025-02-11,Rajasthan Desert,27.0,73.0,0.0,82,26,30.277803421020508,20,6,11.313852310180664,20,6,18.963951110839844,54.07209777832031,42,0.8660254037844386,0.5000000000000001,0.0,18.963951110839844,1,6,2025
2025-02-12,Rajasthan Desert,27.0,73.0,0.0,82,26,27.872852325439453,20,6,11.901853561401367,20,6,15.970998764038086,60.05800247192383,43,0.8660254037844386,0.5000000000000001,0.0,15.970998764038086,1,6,2025
2025-02-13,Rajasthan Desert,27.0,73.0,0.0,82,26,28.66375160217285,20,6,10.087350845336914,20,6,18.576400756835938,54.847198486328125,44,0.8660254037844386,0.5000000000000001,0.0,18.576400756835938,1,6,2025
2025-02-14,Rajasthan Desert,27.0,73.0,0.0,82,26,30.39378547668457,20,6,11.326562881469728,20,6,19.067222595214844,53.86555480957031,45,0.8660254037844386,0.5000000000000001,0.0,19.067222595214844,1,6,2025
2025-02-15,Rajasthan Desert,27.0,73.0,0.0,82,26,30.25910758972168,20,6,14.806089401245115,20,6,15.453018188476564,61.093963623046875,46,0.8660254037844386,0.5000000000000001,0.0,15.453018188476564,1,6,2025
2025-02-16,Rajasthan Desert,27.0,73.0,0.0,82,26,30.224361419677734,20,6,13.578593254089355,20,6,16.64576816558838,58.70846366882324,47,0.8660254037844386,0.5000000000000001,0.0,16.64576816558838,1,6,2025
2025-02-17,Rajasthan Desert,27.0,73.0,0.0,82,26,30.325515747070312,20,6,15.525259017944336,20,6,14.800256729125977,62.39948654174805,48,0.8660254037844386,0.5000000000000001,0.0,14.800256729125977,1,6,2025
2025-02-18,Rajasthan Desert,27.0,73.0,0.0,82,26,29.739561080932617,20,6,16.652719497680664,20,6,13.086841583251951,65.8263168334961,49,0.8660254037844386,0.5000000000000001,0.0,13.086841583251951,1,6,2025
2025-02-19,Rajasthan Desert,27.0,73.0,0.0,82,26,29.13799285888672,20,6,15.097234725952148,20,6,14.04075813293457,63.91848373413086,50,0.8660254037844386,0.5000000000000001,0.0,14.04075813293457,1,6,2025
2025-02-20,Rajasthan Desert,27.0,73.0,0.118293322622776,82,26,28.55807876586914,20,6,13.73723030090332,20,6,14.82084846496582,62.69371418214964,51,0.8660254037844386,0.5000000000000001,0.1118037040270933,14.82084846496582,1,6,2025
2025-02-21,Rajasthan Desert,27.0,73.0,0.0,82,26,27.03594398498535,20,6,12.424513816833496,20,6,14.611430168151855,62.77713966369629,52,0.8660254037844386,0.5000000000000001,0.0,14.611430168151855,1,6,2025
2025-02-22,Rajasthan Desert,27.0,73.0,0.0,82,26,27.739606857299805,20,6,12.273028373718262,20,6,15.466578483581545,61.066843032836914,53,0.8660254037844386,0.5000000000000001,0.0,15.466578483581545,1,6,2025
2025-02-23,Rajasthan Desert,27.0,73.0,0.0,82,26,29.615489959716797,20,6,12.749302864074709,20,6,16.86618709564209,58.26762580871582,54,0.8660254037844386,0.5000000000000001,0.0,16.86618709564209,1,6,2025
2025-02-24,Rajasthan Desert,27.0,73.0,0.0,82,26,31.03080368041992,20,6,13.708216667175291,20,6,17.32258701324463,57.35482597351074,55,0.8660254037844386,0.5000000000000001,0.0,17.32258701324463,1,6,2025
2025-02-25,Rajasthan Desert,27.0,73.0,0.0,82,26,30.54279136657715,20,6,15.8528470993042,20,6,14.68994426727295,62.6201114654541,56,0.8660254037844386,0.5000000000000001,0.0,14.68994426727295,1,6,2025
2025-02-26,Rajasthan Desert,27.0,73.0,0.0,82,26,32.50855255126953,20,6,17.501039505004883,20,6,15.007513046264648,61.9849739074707,57,0.8660254037844386,0.5000000000000001,0.0,15.007513046264648,1,6,2025
2025-02-27,Rajasthan Desert,27.0,73.0,0.0,82,26,29.03046417236328,20,6,18.64141845703125,20,6,10.389045715332031,71.22190856933594,58,0.8660254037844386,0.5000000000000001,0.0,10.389045715332031,1,6,2025
2025-02-28,Rajasthan Desert,27.0,73.0,0.0,82,26,29.4681453704834,20,6,17.91927719116211,20,6,11.548868179321287,68.90226364135742,59,0.8660254037844386,0.5000000000000001,0.0,11.548868179321287,1,6,2025
2025-03-01,Rajasthan Desert,27.0,73.0,0.0,82,26,28.8244571685791,20,6,17.092430114746094,20,6,11.732027053833008,68.53594589233398,60,1.0,6.123233995736766e-17,0.0,11.732027053833008,1,6,2025
2025-03-02,Rajasthan Desert,27.0,73.0,0.0,82,26,28.61139488220215,20,6,15.910035133361816,20,6,12.701359748840332,66.59728050231934,61,1.0,6.123233995736766e-17,0.0,12.701359748840332,1,6,2025
2025-03-03,Rajasthan Desert,27.0,73.0,0.0,82,26,31.15865707397461,20,6,15.134361267089844,20,6,16.024295806884766,59.95140838623047,62,1.0,6.123233995736766e-17,0.0,16.024295806884766,1,6,2025
2025-03-04,Rajasthan Desert,27.0,73.0,0.0,82,26,26.154016494750977,20,6,14.73235034942627,20,6,11.421666145324709,69.15666770935059,63,1.0,6.123233995736766e-17,0.0,11.421666145324709,1,6,2025
2025-03-05,Rajasthan Desert,27.0,73.0,0.0,82,26,28.000991821289062,20,6,10.64524269104004,20,6,17.355749130249023,57.28850173950195,64,1.0,6.123233995736766e-17,0.0,17.355749130249023,1,6,2025
2025-03-06,Rajasthan Desert,27.0,73.0,0.0,82,26,32.16672897338867,20,6,12.269207000732422,20,6,19.89752197265625,52.2049560546875,65,1.0,6.123233995736766e-17,0.0,19.89752197265625,1,6,2025
2025-03-07,Rajasthan Desert,27.0,73.0,0.0,82,26,33.57918167114258,20,6,13.6299467086792,20,6,19.94923496246338,52.10153007507324,66,1.0,6.123233995736766e-17,0.0,19.94923496246338,1,6,2025
2025-03-08,Rajasthan Desert,27.0,73.0,0.0,82,26,33.873321533203125,20,6,14.614001274108888,20,6,19.25932025909424,53.48135948181152,67,1.0,6.123233995736766e-17,0.0,19.25932025909424,1,6,2025
2025-03-09,Rajasthan Desert,27.0,73.0,0.0,82,26,35.223995208740234,20,6,16.96932029724121,20,6,18.254674911499023,55.49065017700195,68,1.0,6.123233995736766e-17,0.0,18.254674911499023,1,6,2025
2025-03-10,Rajasthan Desert,27.0,73.0,0.0,82,26,36.25489044189453,20,6,18.603946685791016,20,6,17.650943756103516,56.69811248779297,69,1.0,6.123233995736766e-17,0.0,17.650943756103516,1,6,2025
2025-03-11,Rajasthan Desert,27.0,73.0,0.0,82,26,36.383419036865234,20,6,19.207399368286133,20,6,17.1760196685791,57.6479606628418,70,1.0,6.123233995736766e-17,0.0,17.1760196685791,1,6,2025
2025-03-12,Rajasthan Desert,27.0,73.0,0.0,82,26,35.38819122314453,20,6,18.41139030456543,20,6,16.9768009185791,58.0463981628418,71,1.0,6.123233995736766e-17,0.0,16.9768009185791,1,6,2025
2025-03-13,Rajasthan Desert,27.0,73.0,0.0,82,26,36.17966842651367,20,6,20.77863311767578,20,6,15.40103530883789,61.19792938232422,72,1.0,6.123233995736766e-17,0.0,15.40103530883789,1,6,2025
2025-03-14,Rajasthan Desert,27.0,73.0,0.0,82,26,34.88334274291992,20,6,19.39633560180664,20,6,15.48700714111328,61.02598571777344,73,1.0,6.123233995736766e-17,0.0,15.48700714111328,1,6,2025
2025-03-15,Rajasthan Desert,27.0,73.0,0.0,82,26,32.19352340698242,20,6,18.077436447143555,20,6,14.116086959838867,63.767826080322266,74,1.0,6.123233995736766e-17,0.0,14.116086959838867,1,6,2025
2025-03-16,Rajasthan Desert,27.0,73.0,0.0,82,26,31.068389892578125,20,6,17.737695693969727,20,6,13.330694198608398,65.3386116027832,75,1.0,6.123233995736766e-17,0.0,13.330694198608398,1,6,2025
2025-03-17,Rajasthan Desert,27.0,73.0,0.0,82,26,31.53106689453125,20,6,16.1904239654541,20,6,15.340642929077148,61.3187141418457,76,1.0,6.123233995736766e-17,0.0,15.340642929077148,1,6,2025
2025-03-18,Rajasthan Desert,27.0,73.0,0.0,82,26,32.91695022583008,20,6,15.72870635986328,20,6,17.188243865966797,57.623512268066406,77,1.0,6.123233995736766e-17,0.0,17.188243865966797,1,6,2025
2025-03-19,Rajasthan Desert,27.0,73.0,0.0,82,26,34.66964340209961,20,6,16.841245651245117,20,6,17.828397750854492,56.343204498291016,78,1.0,6.123233995736766e-17,0.0,17.828397750854492,1,6,2025
2025-03-20,Rajasthan Desert,27.0,73.0,0.0,82,26,34.753456115722656,20,6,19.03693962097168,20,6,15.716516494750977,60.56696701049805,79,1.0,6.123233995736766e-17,0.0,15.716516494750977,1,6,2025
2025-03-21,Rajasthan Desert,27.0,73.0,0.0,82,26,34.570011138916016,20,6,19.036470413208008,20,6,15.533540725708008,60.932918548583984,80,1.0,6.123233995736766e-17,0.0,15.533540725708008,1,6,2025
2025-03-22,Rajasthan Desert,27.0,73.0,0.0,82,26,35.453372955322266,20,6,17.520910263061523,20,6,17.932462692260742,56.13507461547851,81,1.0,6.123233995736766e-17,0.0,17.932462692260742,1,6,2025
2025-03-23,Rajasthan Desert,27.0,73.0,0.0,82,26,36.5616340637207,20,6,17.672964096069336,20,6,18.888669967651367,54.222660064697266,82,1.0,6.123233995736766e-17,0.0,18.888669967651367,1,6,2025
2025-03-24,Rajasthan Desert,27.0,73.0,0.0,82,26,38.00909423828125,20,6,19.431133270263672,20,6,18.577960968017575,54.84407806396485,83,1.0,6.123233995736766e-17,0.0,18.577960968017575,1,6,2025
2025-03-25,Rajasthan Desert,27.0,73.0,0.0,82,26,38.35309219360352,20,6,20.382984161376953,20,6,17.97010803222657,56.05978393554686,84,1.0,6.123233995736766e-17,0.0,17.97010803222657,1,6,2025
2025-03-26,Rajasthan Desert,27.0,73.0,0.0,82,26,38.09589767456055,20,6,20.60015296936035,20,6,17.495744705200195,57.00851058959961,85,1.0,6.123233995736766e-17,0.0,17.495744705200195,1,6,2025
2025-03-27,Rajasthan Desert,27.0,73.0,0.0,82,26,35.568607330322266,20,6,21.895523071289062,20,6,13.673084259033203,64.6538314819336,86,1.0,6.123233995736766e-17,0.0,13.673084259033203,1,6,2025
2025-03-28,Rajasthan Desert,27.0,73.0,0.0,82,26,31.316131591796875,20,6,17.39841651916504,20,6,13.917715072631836,64.16456985473633,87,1.0,6.123233995736766e-17,0.0,13.917715072631836,1,6,2025
2025-03-29,Rajasthan Desert,27.0,73.0,0.0,82,26,31.688566207885746,20,6,14.950235366821287,20,6,16.73833084106446,58.52333831787108,88,1.0,6.123233995736766e-17,0.0,16.73833084106446,1,6,2025
2025-03-30,Rajasthan Desert,27.0,73.0,0.0,82,26,34.28346633911133,20,6,15.114229202270508,20,6,19.16923713684082,53.66152572631836,89,1.0,6.123233995736766e-17,0.0,19.16923713684082,1,6,2025
2025-03-31,Rajasthan Desert,27.0,73.0,0.0,82,26,35.68315124511719,20,6,15.0279541015625,20,6,20.655197143554688,50.689605712890625,90,1.0,6.123233995736766e-17,0.0,20.655197143554688,1,6,2025
2025-04-01,Rajasthan Desert,27.0,73.0,0.0,82,26,36.4153938293457,20,6,17.8048038482666,20,6,18.6105899810791,54.7788200378418,91,0.8660254037844387,-0.4999999999999998,0.0,18.6105899810791,1,6,2025
2025-04-02,Rajasthan Desert,27.0,73.0,0.0,82,26,37.80854034423828,20,6,18.392202377319336,20,6,19.416337966918945,53.16732406616211,92,0.8660254037844387,-0.4999999999999998,0.0,19.416337966918945,1,6,2025
2025-04-03,Rajasthan Desert,27.0,73.0,0.0,82,26,38.309810638427734,20,6,21.06755828857422,20,6,17.242252349853516,57.51549530029297,93,0.8660254037844387,-0.4999999999999998,0.0,17.242252349853516,1,6,2025
2025-04-04,Rajasthan Desert,27.0,73.0,0.0,82,26,38.26678085327149,20,6,19.920381546020508,20,6,18.346399307250984,55.30720138549803,94,0.8660254037844387,-0.4999999999999998,0.0,18.346399307250984,1,6,2025
2025-04-05,Rajasthan Desert,27.0,73.0,0.0,82,26,38.65666961669922,20,6,20.94005584716797,20,6,17.71661376953125,56.5667724609375,95,0.8660254037844387,-0.4999999999999998,0.0,17.71661376953125,1,6,2025
2025-04-06,Rajasthan Desert,27.0,73.0,0.0,82,26,41.88878631591797,20,6,21.878604888916016,20,6,20.010181427001953,51.979637145996094,96,0.8660254037844387,-0.4999999999999998,0.0,20.010181427001953,1,6,2025
2025-04-07,Rajasthan Desert,27.0,73.0,0.0,82,26,43.05434799194336,20,6,24.630035400390625,20,6,18.424312591552734,55.15137481689453,97,0.8660254037844387,-0.4999999999999998,0.0,18.424312591552734,1,6,2025
2025-04-08,Rajasthan Desert,27.0,73.0,0.0,82,26,43.32649993896485,20,6,26.13139915466309,20,6,17.19510078430176,57.60979843139648,98,0.8660254037844387,-0.4999999999999998,0.0,17.19510078430176,1,6,2025
2025-04-09,Rajasthan Desert,27.0,73.0,0.0,82,26,42.8266716003418,20,6,26.53375244140625,20,6,16.292919158935547,59.414161682128906,99,0.8660254037844387,-0.4999999999999998,0.0,16.292919158935547,1,6,2025
2025-04-10,Rajasthan Desert,27.0,73.0,0.0,82,26,41.510276794433594,20,6,25.485782623291016,20,6,16.024494171142578,59.95101165771485,100,0.8660254037844387,-0.4999999999999998,0.0,16.024494171142578,1,6,2025
2025-04-11,Rajasthan Desert,27.0,73.0,0.0,82,26,39.32352066040039,20,6,24.729877471923828,20,6,14.593643188476562,62.812713623046875,101,0.8660254037844387,-0.4999999999999998,0.0,14.593643188476562,1,6,2025
2025-04-12,Rajasthan Desert,27.0,73.0,13.185161590576172,82,26,37.76467514038086,20,6,22.11859130859375,20,6,15.64608383178711,68.66442171596799,102,0.8660254037844387,-0.4999999999999998,2.652196459847405,15.64608383178711,1,6,2025
2025-04-13,Rajasthan Desert,27.0,73.0,0.7200421690940857,82,26,39.47637176513672,20,6,23.668432235717773,20,6,15.807939529418944,62.01116736348209,103,0.8660254037844387,-0.4999999999999998,0.5423488074399931,15.807939529418944,1,6,2025
2025-04-14,Rajasthan Desert,27.0,73.0,0.0,82,26,40.703857421875,20,6,24.447282791137695,20,6,16.256574630737305,59.48685073852539,104,0.8660254037844387,-0.4999999999999998,0.0,16.256574630737305,1,6,2025
2025-04-15,Rajasthan Desert,27.0,73.0,0.0,82,26,41.13446044921875,20,6,25.636512756347656,20,6,15.497947692871094,61.00410461425781,105,0.8660254037844387,-0.4999999999999998,0.0,15.497947692871094,1,6,2025
2025-04-16,Rajasthan Desert,27.0,73.0,0.0,82,26,42.363651275634766,20,6,25.91288375854492,20,6,16.450767517089847,59.098464965820305,106,0.8660254037844387,-0.4999999999999998,0.0,16.450767517089847,1,6,2025
2025-04-17,Rajasthan Desert,27.0,73.0,0.0,82,26,43.36592102050781,20,6,27.132184982299805,20,6,16.233736038208008,59.532527923583984,107,0.8660254037844387,-0.4999999999999998,0.0,16.233736038208008,1,6,2025
2025-04-18,Rajasthan Desert,27.0,73.0,0.0,82,26,43.337528228759766,20,6,26.977886199951172,20,6,16.359642028808594,59.28071594238281,108,0.8660254037844387,-0.4999999999999998,0.0,16.359642028808594,1,6,2025
2025-04-19,Rajasthan Desert,27.0,73.0,0.0,82,26,40.31666946411133,20,6,25.93672752380371,20,6,14.379941940307615,63.240116119384766,109,0.8660254037844387,-0.4999999999999998,0.0,14.379941940307615,1,6,2025
2025-04-20,Rajasthan Desert,27.0,73.0,0.0,82,26,39.96394729614258,20,6,26.685585021972656,20,6,13.278362274169922,65.44327545166016,110,0.8660254037844387,-0.4999999999999998,0.0,13.278362274169922,1,6,2025
2025-04-21,Rajasthan Desert,27.0,73.0,0.0,82,26,39.54477310180664,20,6,23.45358085632324,20,6,16.091192245483402,59.8176155090332,111,0.8660254037844387,-0.4999999999999998,0.0,16.091192245483402,1,6,2025
2025-04-22,Rajasthan Desert,27.0,73.0,0.0,82,26,40.28863906860352,20,6,20.871366500854492,20,6,19.41727256774903,53.16545486450194,112,0.8660254037844387,-0.4999999999999998,0.0,19.41727256774903,1,6,2025
2025-04-23,Rajasthan Desert,27.0,73.0,0.0,82,26,41.0259895324707,20,6,20.464616775512695,20,6,20.561372756958008,50.877254486083984,113,0.8660254037844387,-0.4999999999999998,0.0,20.561372756958008,1,6,2025
2025-04-24,Rajasthan Desert,27.0,73.0,0.0,82,26,41.948707580566406,20,6,22.117359161376953,20,6,19.831348419189453,52.337303161621094,114,0.8660254037844387,-0.4999999999999998,0.0,19.831348419189453,1,6,2025
2025-04-25,Rajasthan Desert,27.0,73.0,0.0,82,26,42.34317779541016,20,6,23.828433990478516,20,6,18.514743804931648,54.970512390136705,115,0.8660254037844387,-0.4999999999999998,0.0,18.514743804931648,1,6,2025
2025-04-26,Rajasthan Desert,27.0,73.0,0.0,82,26,41.06502914428711,20,6,26.525352478027344,20,6,14.539676666259766,62.92064666748047,116,0.8660254037844387,-0.4999999999999998,0.0,14.539676666259766,1,6,2025
2025-04-27,Rajasthan Desert,27.0,73.0,0.0,82,26,42.3488883972168,20,6,24.59176254272461,20,6,17.757125854492188,56.485748291015625,117,0.8660254037844387,-0.4999999999999998,0.0,17.757125854492188,1,6,2025
2025-04-28,Rajasthan Desert,27.0,73.0,0.0,82,26,43.087791442871094,20,6,24.79549789428711,20,6,18.292293548583984,55.41541290283203,118,0.8660254037844387,-0.4999999999999998,0.0,18.292293548583984,1,6,2025
2025-04-29,Rajasthan Desert,27.0,73.0,0.0,82,26,42.99529266357422,20,6,25.703235626220703,20,6,17.292057037353516,57.41588592529297,119,0.8660254037844387,-0.4999999999999998,0.0,17.292057037353516,1,6,2025
2025-04-30,Rajasthan Desert,27.0,73.0,0.0,82,26,43.42560577392578,20,6,26.409603118896484,20,6,17.016002655029297,57.967994689941406,120,0.8660254037844387,-0.4999999999999998,0.0,17.016002655029297,1,6,2025
2025-05-01,Rajasthan Desert,27.0,73.0,0.0,82,26,43.02547836303711,20,6,27.790864944458008,20,6,15.234613418579102,61.5307731628418,121,0.4999999999999999,-0.8660254037844387,0.0,15.234613418579102,1,6,2025
2025-05-02,Rajasthan Desert,27.0,73.0,0.0,82,26,38.100223541259766,20,6,23.718000411987305,20,6,14.38222312927246,63.23555374145508,122,0.4999999999999999,-0.8660254037844387,0.0,14.38222312927246,1,6,2025
2025-05-03,Rajasthan Desert,27.0,73.0,1.2000703811645508,82,26,40.53505325317383,20,6,25.815893173217773,20,6,14.719160079956056,64.92714789396085,123,0.4999999999999999,-0.8660254037844387,0.7884893512909872,14.719160079956056,1,6,2025
2025-05-04,Rajasthan Desert,27.0,73.0,8.094804763793945,82,26,36.6426887512207,20,6,22.892194747924805,20,6,13.750494003295898,71.12212202965878,124,0.4999999999999999,-0.8660254037844387,2.20770334541686,13.750494003295898,1,6,2025
2025-05-05,Rajasthan Desert,27.0,73.0,8.974593162536621,82,26,32.38309097290039,20,6,21.118682861328125,20,6,11.264408111572266,76.37130730555613,125,0.4999999999999999,-0.8660254037844387,2.300041176233553,11.264408111572266,1,6,2025
2025-05-06,Rajasthan Desert,27.0,73.0,0.120007038116455,82,26,33.563621520996094,20,6,22.05233383178711,20,6,11.511287689208984,69.31742952954146,126,0.4999999999999999,-0.8660254037844387,0.1133349693198078,11.511287689208984,1,6,2025
2025-05-07,Rajasthan Desert,27.0,73.0,0.0,82,26,35.96318435668945,20,6,23.020034790039062,20,6,12.94314956665039,66.11370086669922,127,0.4999999999999999,-0.8660254037844387,0.0,12.94314956665039,1,6,2025
2025-05-08,Rajasthan Desert,27.0,73.0,0.0,82,26,37.14339828491211,20,6,25.617965698242188,20,6,11.525432586669922,68.94913482666016,128,0.4999999999999999,-0.8660254037844387,0.0,11.525432586669922,1,6,2025
2025-05-09,Rajasthan Desert,27.0,73.0,0.0,82,26,35.755558013916016,20,6,22.82828712463379,20,6,12.927270889282228,66.14545822143555,129,0.4999999999999999,-0.8660254037844387,0.0,12.927270889282228,1,6,2025
2025-05-10,Rajasthan Desert,27.0,73.0,0.120007038116455,82,26,38.25284957885742,20,6,25.455551147460938,20,6,12.797298431396484,66.74540804516646,130,0.4999999999999999,-0.8660254037844387,0.1133349693198078,12.797298431396484,1,6,2025
2025-05-11,Rajasthan Desert,27.0,73.0,0.0,82,26,40.47331237792969,20,6,26.74833297729492,20,6,13.72497940063477,64.55004119873047,131,0.4999999999999999,-0.8660254037844387,0.0,13.72497940063477,1,6,2025
2025-05-12,Rajasthan Desert,27.0,73.0,0.780045747756958,82,26,40.50423812866211,20,6,25.92591667175293,20,6,14.57832145690918,64.57327428106399,132,0.4999999999999999,-0.8660254037844387,0.5766390649607841,14.57832145690918,1,6,2025
2025-05-13,Rajasthan Desert,27.0,73.0,0.0,82,26,41.19240951538086,20,6,25.725187301635746,20,6,15.467222213745114,61.06555557250977,133,0.4999999999999999,-0.8660254037844387,0.0,15.467222213745114,1,6,2025
2025-05-14,Rajasthan Desert,27.0,73.0,0.0,82,26,42.25355911254883,20,6,25.72705078125,20,6,16.526508331298828,58.946983337402344,134,0.4999999999999999,-0.8660254037844387,0.0,16.526508331298828,1,6,2025
2025-05-15,Rajasthan Desert,27.0,73.0,0.0,82,26,43.05096054077149,20,6,27.36779403686523,20,6,15.68316650390626,60.63366699218748,135,0.4999999999999999,-0.8660254037844387,0.0,15.68316650390626,1,6,2025
2025-05-16,Rajasthan Desert,27.0,73.0,0.0,82,26,43.732635498046875,20,6,28.555994033813477,20,6,15.176641464233398,61.6467170715332,136,0.4999999999999999,-0.8660254037844387,0.0,15.176641464233398,1,6,2025
2025-05-17,Rajasthan Desert,27.0,73.0,0.0,82,26,43.10187530517578,20,6,29.150840759277344,20,6,13.951034545898438,64.09793090820312,137,0.4999999999999999,-0.8660254037844387,0.0,13.951034545898438,1,6,2025
2025-05-18,Rajasthan Desert,27.0,73.0,0.0,82,26,43.34554672241211,20,6,29.322858810424805,20,6,14.022687911987305,63.95462417602539,138,0.4999999999999999,-0.8660254037844387,0.0,14.022687911987305,1,6,2025
2025-05-19,Rajasthan Desert,27.0,73.0,0.0,82,26,43.842254638671875,20,6,29.92054557800293,20,6,13.921709060668944,64.15658187866211,139,0.4999999999999999,-0.8660254037844387,0.0,13.921709060668944,1,6,2025
2025-05-20,Rajasthan Desert,27.0,73.0,0.0,82,26,44.04994201660156,20,6,29.914579391479492,20,6,14.13536262512207,63.72927474975586,140,0.4999999999999999,-0.8660254037844387,0.0,14.13536262512207,1,6,2025
2025-05-21,Rajasthan Desert,27.0,73.0,0.0,82,26,44.8144416809082,20,6,29.799205780029297,20,6,15.015235900878906,61.96952819824219,141,0.4999999999999999,-0.8660254037844387,0.0,15.015235900878906,1,6,2025
2025-05-22,Rajasthan Desert,27.0,73.0,0.0,82,26,44.044734954833984,20,6,28.725513458251953,20,6,15.319221496582031,61.36155700683594,142,0.4999999999999999,-0.8660254037844387,0.0,15.319221496582031,1,6,2025
2025-05-23,Rajasthan Desert,27.0,73.0,0.0,82,26,44.62745666503906,20,6,28.6969051361084,20,6,15.930551528930664,60.13889694213867,143,0.4999999999999999,-0.8660254037844387,0.0,15.930551528930664,1,6,2025
2025-05-24,Rajasthan Desert,27.0,73.0,0.0,82,26,44.54448318481445,20,6,30.41944122314453,20,6,14.125041961669922,63.74991607666016,144,0.4999999999999999,-0.8660254037844387,0.0,14.125041961669922,1,6,2025
2025-05-25,Rajasthan Desert,27.0,73.0,0.0,82,26,39.53001403808594,20,6,25.568429946899418,20,6,13.96158409118652,64.07683181762695,145,0.4999999999999999,-0.8660254037844387,0.0,13.96158409118652,1,6,2025
2025-05-26,Rajasthan Desert,27.0,73.0,0.0,82,26,40.15892028808594,20,6,27.540836334228516,20,6,12.618083953857422,66.76383209228516,146,0.4999999999999999,-0.8660254037844387,0.0,12.618083953857422,1,6,2025
2025-05-27,Rajasthan Desert,27.0,73.0,0.0,82,26,42.07976150512695,20,6,28.89326286315918,20,6,13.186498641967772,65.62700271606445,147,0.4999999999999999,-0.8660254037844387,0.0,13.186498641967772,1,6,2025
2025-05-28,Rajasthan Desert,27.0,73.0,0.0,82,26,42.64059066772461,20,6,30.54921531677246,20,6,12.091375350952148,67.8172492980957,148,0.4999999999999999,-0.8660254037844387,0.0,12.091375350952148,1,6,2025
2025-05-29,Rajasthan Desert,27.0,73.0,0.0,82,26,41.51230239868164,20,6,28.3216609954834,20,6,13.190641403198242,65.61871719360352,149,0.4999999999999999,-0.8660254037844387,0.0,13.190641403198242,1,6,2025
2025-05-30,Rajasthan Desert,27.0,73.0,0.0,82,26,39.74941635131836,20,6,27.990001678466797,20,6,11.759414672851562,68.48117065429688,150,0.4999999999999999,-0.8660254037844387,0.0,11.759414672851562,1,6,2025
2025-05-31,Rajasthan Desert,27.0,73.0,0.0,82,26,41.25922775268555,20,6,27.270769119262695,20,6,13.988458633422852,64.0230827331543,151,0.4999999999999999,-0.8660254037844387,0.0,13.988458633422852,1,6,2025
2025-06-01,Rajasthan Desert,27.0,73.0,0.0,82,26,39.488956451416016,20,6,27.789825439453125,20,6,11.69913101196289,68.60173797607422,152,1.2246467991473532e-16,-1.0,0.0,11.69913101196289,1,6,2025
2025-06-02,Rajasthan Desert,27.0,73.0,2.4909210205078125,82,26,38.64509201049805,20,6,25.652986526489254,20,6,12.992105484008793,69.76628584434974,153,1.2246467991473532e-16,-1.0,1.2501656041224387,12.992105484008793,1,6,2025
2025-06-03,Rajasthan Desert,27.0,73.0,0.0,82,26,34.528892517089844,20,6,23.628774642944336,20,6,10.900117874145508,70.19976425170898,154,1.2246467991473532e-16,-1.0,0.0,10.900117874145508,1,6,2025
2025-06-04,Rajasthan Desert,27.0,73.0,0.0,82,26,34.05755615234375,20,6,22.718608856201172,20,6,11.338947296142578,69.32210540771484,155,1.2246467991473532e-16,-1.0,0.0,11.338947296142578,1,6,2025
2025-06-05,Rajasthan Desert,27.0,73.0,0.0,82,26,37.74041748046875,20,6,23.323572158813477,20,6,14.416845321655272,63.16630935668945,156,1.2246467991473532e-16,-1.0,0.0,14.416845321655272,1,6,2025
2025-06-06,Rajasthan Desert,27.0,73.0,0.236586645245552,82,26,40.93864059448242,20,6,26.81790542602539,20,6,14.120735168457031,64.39559429861298,157,1.2246467991473532e-16,-1.0,0.212354878509013,14.120735168457031,1,6,2025
2025-06-07,Rajasthan Desert,27.0,73.0,0.0,82,26,43.03266525268555,20,6,28.3721923828125,20,6,14.660472869873049,62.679054260253906,158,1.2246467991473532e-16,-1.0,0.0,14.660472869873049,1,6,2025
2025-06-08,Rajasthan Desert,27.0,73.0,0.0,82,26,44.46620559692383,20,6,29.040239334106445,20,6,15.425966262817385,61.148067474365234,159,1.2246467991473532e-16,-1.0,0.0,15.425966262817385,1,6,2025
2025-06-09,Rajasthan Desert,27.0,73.0,0.0,82,26,44.54974365234375,20,6,29.20770835876465,20,6,15.342035293579102,61.3159294128418,160,1.2246467991473532e-16,-1.0,0.0,15.342035293579102,1,6,2025
2025-06-10,Rajasthan Desert,27.0,73.0,0.0,82,26,44.27923202514648,20,6,28.866161346435547,20,6,15.41307067871093,61.17385864257814,161,1.2246467991473532e-16,-1.0,0.0,15.41307067871093,1,6,2025
2025-06-11,Rajasthan Desert,27.0,73.0,0.0,82,26,44.549190521240234,20,6,29.613176345825195,20,6,14.93601417541504,62.12797164916992,162,1.2246467991473532e-16,-1.0,0.0,14.93601417541504,1,6,2025
2025-06-12,Rajasthan Desert,27.0,73.0,0.0,82,26,44.990577697753906,20,6,29.1798095703125,20,6,15.810768127441406,60.37846374511719,163,1.2246467991473532e-16,-1.0,0.0,15.810768127441406,1,6,2025
2025-06-13,Rajasthan Desert,27.0,73.0,0.0,82,26,45.86567687988281,20,6,30.7096004486084,20,6,15.156076431274414,61.68784713745117,164,1.2246467991473532e-16,-1.0,0.0,15.156076431274414,1,6,2025
2025-06-14,Rajasthan Desert,27.0,73.0,0.0,82,26,42.62848663330078,20,6,30.21860694885254,20,6,12.409879684448242,67.18024063110352,165,1.2246467991473532e-16,-1.0,0.0,12.409879684448242,1,6,2025
2025-06-15,Rajasthan Desert,27.0,73.0,0.0,82,26,38.8863525390625,20,6,28.695072174072266,20,6,10.191280364990234,71.61743927001953,166,1.2246467991473532e-16,-1.0,0.0,10.191280364990234,1,6,2025
2025-06-16,Rajasthan Desert,27.0,73.0,5.2277045249938965,82,26,37.545928955078125,20,6,26.181541442871097,20,6,11.364387512207028,74.75824840512382,167,1.2246467991473532e-16,-1.0,1.8290078098459597,11.364387512207028,1,6,2025
2025-06-17,Rajasthan Desert,27.0,73.0,0.2383003681898117,82,26,35.343910217285156,20,6,26.526344299316406,20,6,8.81756591796875,75.00608746978382,168,1.2246467991473532e-16,-1.0,0.2137397685737757,8.81756591796875,1,6,2025
2025-06-18,Rajasthan Desert,27.0,73.0,0.972366988658905,82,26,37.15777969360352,20,6,26.18796157836914,20,6,10.969818115234382,72.09806678530619,169,1.2246467991473532e-16,-1.0,0.679234338591649,10.969818115234382,1,6,2025
2025-06-19,Rajasthan Desert,27.0,73.0,0.4800281524658203,82,26,39.04542922973633,20,6,27.486448287963867,20,6,11.55898094177246,70.0582214450495,170,1.2246467991473532e-16,-1.0,0.392061109531474,11.55898094177246,1,6,2025
2025-06-20,Rajasthan Desert,27.0,73.0,0.4800281524658203,82,26,36.73395538330078,20,6,27.048986434936523,20,6,9.684968948364258,73.8062454318659,171,1.2246467991473532e-16,-1.0,0.392061109531474,9.684968948364258,1,6,2025
2025-06-21,Rajasthan Desert,27.0,73.0,13.782100677490234,82,26,35.442344665527344,20,6,27.082109451293945,20,6,8.360235214233398,83.35978067700135,172,1.2246467991473532e-16,-1.0,2.693417035156051,8.360235214233398,1,6,2025
2025-06-22,Rajasthan Desert,27.0,73.0,18.257953643798828,82,26,38.747581481933594,20,6,26.48123550415039,20,6,12.266345977783203,76.34108049953721,173,1.2246467991473532e-16,-1.0,2.9579241517012074,12.266345977783203,1,6,2025
2025-06-23,Rajasthan Desert,27.0,73.0,0.0,82,26,36.390323638916016,20,6,27.28013610839844,20,6,9.110187530517576,73.77962493896484,174,1.2246467991473532e-16,-1.0,0.0,9.110187530517576,1,6,2025
2025-06-24,Rajasthan Desert,27.0,73.0,0.0,82,26,38.16143798828125,20,6,27.492225646972656,20,6,10.669212341308594,70.66157531738281,175,1.2246467991473532e-16,-1.0,0.0,10.669212341308594,1,6,2025
2025-06-25,Rajasthan Desert,27.0,73.0,1.9571415185928345,82,26,36.79280090332031,20,6,27.93516731262207,20,6,8.857633590698242,77.53740211430194,176,1.2246467991473532e-16,-1.0,1.0842230985661414,8.857633590698242,1,6,2025
2025-06-26,Rajasthan Desert,27.0,73.0,2.4772891998291016,82,26,36.43817901611328,20,6,27.18416404724121,20,6,9.25401496887207,77.23072913626198,177,1.2246467991473532e-16,-1.0,1.2462530246687085,9.25401496887207,1,6,2025
2025-06-27,Rajasthan Desert,27.0,73.0,14.339957237243652,82,26,35.7332649230957,20,6,25.886747360229492,20,6,9.846517562866213,80.49834789908309,178,1.2246467991473532e-16,-1.0,2.7304610082718384,9.846517562866213,1,6,2025
2025-06-28,Rajasthan Desert,27.0,73.0,7.460452079772949,82,26,36.15445327758789,20,6,26.71857261657715,20,6,9.435880661010742,79.53444650652597,179,1.2246467991473532e-16,-1.0,2.1354026095158165,9.435880661010742,1,6,2025
2025-06-29,Rajasthan Desert,27.0,73.0,0.0,82,26,37.216793060302734,20,6,27.18470573425293,20,6,10.032087326049805,71.93582534790039,180,1.2246467991473532e-16,-1.0,0.0,10.032087326049805,1,6,2025
2025-06-30,Rajasthan Desert,27.0,73.0,0.0,82,26,36.01851272583008,20,6,25.089336395263672,20,6,10.929176330566406,70.14164733886719,181,1.2246467991473532e-16,-1.0,0.0,10.929176330566406,1,6,2025
2025-07-01,Rajasthan Desert,27.0,73.0,0.0,82,26,35.20822525024414,20,6,26.850988388061523,20,6,8.357236862182617,75.28552627563477,182,-0.4999999999999998,-0.8660254037844388,0.0,8.357236862182617,1,6,2025
2025-07-02,Rajasthan Desert,27.0,73.0,1.2148021459579468,82,26,34.94853210449219,20,6,26.46446990966797,20,6,8.484062194824219,77.41736483500196,183,-0.4999999999999998,-0.8660254037844388,0.7951630748834654,8.484062194824219,1,6,2025
2025-07-03,Rajasthan Desert,27.0,73.0,6.70814847946167,82,26,35.08140563964844,20,6,26.143577575683594,20,6,8.937828063964844,80.25117791227036,184,-0.4999999999999998,-0.8660254037844388,2.042278013400019,8.937828063964844,1,6,2025
2025-07-04,Rajasthan Desert,27.0,73.0,26.682504653930664,82,26,36.43398666381836,20,6,26.33466529846191,20,6,10.099321365356449,81.76375910741189,185,-0.4999999999999998,-0.8660254037844388,3.320800612708261,10.099321365356449,1,6,2025
2025-07-05,Rajasthan Desert,27.0,73.0,0.0,82,26,35.517738342285156,20,6,26.986234664916992,20,6,8.531503677368164,74.93699264526367,186,-0.4999999999999998,-0.8660254037844388,0.0,8.531503677368164,1,6,2025
2025-07-06,Rajasthan Desert,27.0,73.0,0.0,82,26,35.77519607543945,20,6,26.292102813720703,20,6,9.48309326171875,73.0338134765625,187,-0.4999999999999998,-0.8660254037844388,0.0,9.48309326171875,1,6,2025
2025-07-07,Rajasthan Desert,27.0,73.0,0.0,82,26,35.08662414550781,20,6,25.09686279296875,20,6,9.989761352539062,72.02047729492188,188,-0.4999999999999998,-0.8660254037844388,0.0,9.989761352539062,1,6,2025
2025-07-08,Rajasthan Desert,27.0,73.0,0.0,82,26,36.22254943847656,20,6,25.966968536376953,20,6,10.25558090209961,71.48883819580078,189,-0.4999999999999998,-0.8660254037844388,0.0,10.25558090209961,1,6,2025
2025-07-09,Rajasthan Desert,27.0,73.0,0.0,82,26,35.26677703857422,20,6,26.1968936920166,20,6,9.069883346557615,73.86023330688477,190,-0.4999999999999998,-0.8660254037844388,0.0,9.069883346557615,1,6,2025
2025-07-10,Rajasthan Desert,27.0,73.0,0.0,82,26,32.75385665893555,20,6,25.394472122192383,20,6,7.359384536743164,77.28123092651367,191,-0.4999999999999998,-0.8660254037844388,0.0,7.359384536743164,1,6,2025
2025-07-11,Rajasthan Desert,27.0,73.0,0.0,82,26,32.46063995361328,20,6,25.94341468811035,20,6,6.51722526550293,78.96554946899414,192,-0.4999999999999998,-0.8660254037844388,0.0,6.51722526550293,1,6,2025
2025-07-12,Rajasthan Desert,27.0,73.0,37.12779235839844,82,26,33.1142692565918,20,6,23.800331115722656,20,6,9.31393814086914,84.29495414156071,193,-0.4999999999999998,-0.8660254037844388,3.640943474432998,9.31393814086914,1,6,2025
2025-07-13,Rajasthan Desert,27.0,73.0,0.0,82,26,34.392601013183594,20,6,26.256601333618164,20,6,8.13599967956543,75.72800064086914,194,-0.4999999999999998,-0.8660254037844388,0.0,8.13599967956543,1,6,2025
2025-07-14,Rajasthan Desert,27.0,73.0,18.87755584716797,82,26,31.990943908691406,20,6,24.953882217407227,20,6,7.03706169128418,86.8946503625013,195,-0.4999999999999998,-0.8660254037844388,2.9895912483565508,7.03706169128418,1,6,2025
2025-07-15,Rajasthan Desert,27.0,73.0,19.306678771972656,82,26,32.31086730957031,20,6,24.582660675048828,20,6,7.728206634521484,85.57643623740721,196,-0.4999999999999998,-0.8660254037844388,3.010949835483394,7.728206634521484,1,6,2025
2025-07-16,Rajasthan Desert,27.0,73.0,1.0687777996063232,82,26,33.13896179199219,20,6,24.77326774597168,20,6,8.365694046020508,77.44948590174633,197,-0.4999999999999998,-0.8660254037844388,0.7269579979291169,8.365694046020508,1,6,2025
2025-07-17,Rajasthan Desert,27.0,73.0,6.336126327514648,82,26,32.51536560058594,20,6,26.196348190307617,20,6,6.31901741027832,85.34039804451317,198,-0.4999999999999998,-0.8660254037844388,1.9928109550232704,6.31901741027832,1,6,2025
2025-07-18,Rajasthan Desert,27.0,73.0,5.729397296905518,82,26,32.517642974853516,20,6,25.55065155029297,20,6,6.966991424560547,83.7854739057343,199,-0.4999999999999998,-0.8660254037844388,1.9064855849518016,6.966991424560547,1,6,2025
2025-07-19,Rajasthan Desert,27.0,73.0,85.44395446777344,82,26,30.482484817504883,20,6,24.713722229003903,20,6,5.76876258850098,93.8409636591446,200,-0.4999999999999998,-0.8660254037844388,4.459496278715519,5.76876258850098,1,6,2025
2025-07-20,Rajasthan Desert,27.0,73.0,79.6569595336914,82,26,31.64472007751465,20,6,24.25308609008789,20,6,7.391633987426758,90.38734730681162,201,-0.4999999999999998,-0.8660254037844388,4.390205093888379,7.391633987426758,1,6,2025
2025-07-21,Rajasthan Desert,27.0,73.0,2.31091046333313,82,26,32.99259948730469,20,6,25.643386840820312,20,6,7.349212646484375,80.89324435508158,202,-0.4999999999999998,-0.8660254037844388,1.1972232160167775,7.349212646484375,1,6,2025
2025-07-22,Rajasthan Desert,27.0,73.0,0.0,82,26,33.76197052001953,20,6,26.809907913208008,20,6,6.952062606811523,78.09587478637695,203,-0.4999999999999998,-0.8660254037844388,0.0,6.952062606811523,1,6,2025
2025-07-23,Rajasthan Desert,27.0,73.0,0.0,82,26,33.58448028564453,20,6,26.250083923339844,20,6,7.334396362304688,77.33120727539062,204,-0.4999999999999998,-0.8660254037844388,0.0,7.334396362304688,1,6,2025
2025-07-24,Rajasthan Desert,27.0,73.0,0.0,82,26,35.30906295776367,20,6,26.435148239135746,20,6,8.873914718627926,74.25217056274414,205,-0.4999999999999998,-0.8660254037844388,0.0,8.873914718627926,1,6,2025
2025-07-25,Rajasthan Desert,27.0,73.0,0.0,82,26,35.91778564453125,20,6,26.724842071533203,20,6,9.192943572998049,73.6141128540039,206,-0.4999999999999998,-0.8660254037844388,0.0,9.192943572998049,1,6,2025
2025-07-26,Rajasthan Desert,27.0,73.0,0.0,82,26,34.05027770996094,20,6,26.127534866333008,20,6,7.92274284362793,76.15451431274414,207,-0.4999999999999998,-0.8660254037844388,0.0,7.92274284362793,1,6,2025
2025-07-27,Rajasthan Desert,27.0,73.0,1.2000703811645508,82,26,33.96316909790039,20,6,25.62802505493164,20,6,8.33514404296875,77.69517996793546,208,-0.4999999999999998,-0.8660254037844388,0.7884893512909872,8.33514404296875,1,6,2025
2025-07-28,Rajasthan Desert,27.0,73.0,0.0,82,26,33.87419509887695,20,6,26.60828971862793,20,6,7.265905380249023,77.46818923950195,209,-0.4999999999999998,-0.8660254037844388,0.0,7.265905380249023,1,6,2025
2025-07-29,Rajasthan Desert,27.0,73.0,0.0,82,26,34.076812744140625,20,6,26.25392723083496,20,6,7.822885513305664,76.35422897338867,210,-0.4999999999999998,-0.8660254037844388,0.0,7.822885513305664,1,6,2025
2025-07-30,Rajasthan Desert,27.0,73.0,0.0,82,26,31.361780166625977,20,6,25.702863693237305,20,6,5.658916473388672,80.68216705322266,211,-0.4999999999999998,-0.8660254037844388,0.0,5.658916473388672,1,6,2025
2025-07-31,Rajasthan Desert,27.0,73.0,0.0,82,26,29.18210792541504,20,6,24.89116477966309,20,6,4.29094314575195,83.4181137084961,212,-0.4999999999999998,-0.8660254037844388,0.0,4.29094314575195,1,6,2025
2025-08-01,Rajasthan Desert,27.0,73.0,0.7886222004890442,82,26,29.911394119262695,20,6,24.498451232910156,20,6,5.412942886352539,82.91845103650083,213,-0.8660254037844384,-0.5000000000000004,0.5814456030686369,5.412942886352539,1,6,2025
2025-08-02,Rajasthan Desert,27.0,73.0,0.0,82,26,33.10222244262695,20,6,25.057477951049805,20,6,8.044744491577148,75.9105110168457,214,-0.8660254037844384,-0.5000000000000004,0.0,8.044744491577148,1,6,2025
2025-08-03,Rajasthan Desert,27.0,73.0,0.0,82,26,34.183780670166016,20,6,25.606895446777344,20,6,8.576885223388672,74.84622955322266,215,-0.8660254037844384,-0.5000000000000004,0.0,8.576885223388672,1,6,2025
2025-08-04,Rajasthan Desert,27.0,73.0,0.0,82,26,33.58031463623047,20,6,26.1013240814209,20,6,7.47899055480957,77.04201889038086,216,-0.8660254037844384,-0.5000000000000004,0.0,7.47899055480957,1,6,2025
2025-08-05,Rajasthan Desert,27.0,73.0,0.0,82,26,33.915321350097656,20,6,25.687808990478516,20,6,8.22751235961914,75.54497528076172,217,-0.8660254037844384,-0.5000000000000004,0.0,8.22751235961914,1,6,2025
2025-08-06,Rajasthan Desert,27.0,73.0,0.0,82,26,34.399131774902344,20,6,25.349180221557617,20,6,9.049951553344728,73.90009689331055,218,-0.8660254037844384,-0.5000000000000004,0.0,9.049951553344728,1,6,2025
2025-08-07,Rajasthan Desert,27.0,73.0,0.0,82,26,34.98476028442383,20,6,25.221920013427734,20,6,9.762840270996094,72.47431945800781,219,-0.8660254037844384,-0.5000000000000004,0.0,9.762840270996094,1,6,2025
2025-08-08,Rajasthan Desert,27.0,73.0,0.0,82,26,35.18878936767578,20,6,25.68397331237793,20,6,9.504816055297852,72.9903678894043,220,-0.8660254037844384,-0.5000000000000004,0.0,9.504816055297852,1,6,2025
2025-08-09,Rajasthan Desert,27.0,73.0,0.0,82,26,33.91148376464844,20,6,25.693893432617188,20,6,8.21759033203125,75.5648193359375,221,-0.8660254037844384,-0.5000000000000004,0.0,8.21759033203125,1,6,2025
2025-08-10,Rajasthan Desert,27.0,73.0,0.0,82,26,34.41123962402344,20,6,25.853729248046875,20,6,8.557510375976562,74.88497924804688,222,-0.8660254037844384,-0.5000000000000004,0.0,8.557510375976562,1,6,2025
2025-08-11,Rajasthan Desert,27.0,73.0,0.0,82,26,35.52846908569336,20,6,26.050689697265625,20,6,9.477779388427734,73.04444122314453,223,-0.8660254037844384,-0.5000000000000004,0.0,9.477779388427734,1,6,2025
2025-08-12,Rajasthan Desert,27.0,73.0,0.0,82,26,34.361873626708984,20,6,26.27957344055176,20,6,8.082300186157223,75.83539962768555,224,-0.8660254037844384,-0.5000000000000004,0.0,8.082300186157223,1,6,2025
2025-08-13,Rajasthan Desert,27.0,73.0,0.0,82,26,34.89555358886719,20,6,26.117372512817383,20,6,8.778181076049805,74.44363784790039,225,-0.8660254037844384,-0.5000000000000004,0.0,8.778181076049805,1,6,2025
2025-08-14,Rajasthan Desert,27.0,73.0,0.0,82,26,32.43770217895508,20,6,27.249679565429688,20,6,5.188022613525391,81.62395477294922,226,-0.8660254037844384,-0.5000000000000004,0.0,5.188022613525391,1,6,2025
2025-08-15,Rajasthan Desert,27.0,73.0,0.0,82,26,35.635746002197266,20,6,25.90752410888672,20,6,9.728221893310549,72.5435562133789,227,-0.8660254037844384,-0.5000000000000004,0.0,9.728221893310549,1,6,2025
2025-08-16,Rajasthan Desert,27.0,73.0,0.0,82,26,35.84236145019531,20,6,27.316652297973633,20,6,8.52570915222168,74.94858169555664,228,-0.8660254037844384,-0.5000000000000004,0.0,8.52570915222168,1,6,2025
2025-08-17,Rajasthan Desert,27.0,73.0,5.5521135330200195,82,26,36.74208068847656,20,6,27.508161544799805,20,6,9.233919143676758,79.17152473583192,229,-0.8660254037844384,-0.5000000000000004,1.8797876743951487,9.233919143676758,1,6,2025
2025-08-18,Rajasthan Desert,27.0,73.0,0.0,82,26,36.365718841552734,20,6,27.47425651550293,20,6,8.891462326049805,74.21707534790039,230,-0.8660254037844384,-0.5000000000000004,0.0,8.891462326049805,1,6,2025
2025-08-19,Rajasthan Desert,27.0,73.0,0.0,82,26,35.67478561401367,20,6,27.071060180664062,20,6,8.60372543334961,74.79254913330078,231,-0.8660254037844384,-0.5000000000000004,0.0,8.60372543334961,1,6,2025
2025-08-20,Rajasthan Desert,27.0,73.0,6.630110263824463,82,26,36.03031921386719,20,6,26.710474014282227,20,6,9.31984519958496,79.45661649046534,232,-0.8660254037844384,-0.5000000000000004,2.0321022965450863,9.31984519958496,1,6,2025
2025-08-21,Rajasthan Desert,27.0,73.0,0.0,82,26,34.373504638671875,20,6,26.53435516357422,20,6,7.839149475097656,76.32170104980469,233,-0.8660254037844384,-0.5000000000000004,0.0,7.839149475097656,1,6,2025
2025-08-22,Rajasthan Desert,27.0,73.0,0.0,82,26,33.71696472167969,20,6,25.42645835876465,20,6,8.290506362915039,75.41898727416992,234,-0.8660254037844384,-0.5000000000000004,0.0,8.290506362915039,1,6,2025
2025-08-23,Rajasthan Desert,27.0,73.0,1.4195199012756348,82,26,31.038307189941406,20,6,25.27453231811523,20,6,5.763774871826175,83.1231576541011,235,-0.8660254037844384,-0.5000000000000004,0.8835691325844818,5.763774871826175,1,6,2025
2025-08-24,Rajasthan Desert,27.0,73.0,14.77761173248291,82,26,29.94658851623535,20,6,24.431455612182617,20,6,5.515132904052734,89.24551006053083,236,-0.8660254037844384,-0.5000000000000004,2.7585919562121015,5.515132904052734,1,6,2025
2025-08-25,Rajasthan Desert,27.0,73.0,54.63115692138672,82,26,30.90994453430176,20,6,24.084827423095703,20,6,6.825117111206058,90.40599603935284,237,-0.8660254037844384,-0.5000000000000004,4.018743420588312,6.825117111206058,1,6,2025
2025-08-26,Rajasthan Desert,27.0,73.0,0.5461869835853577,82,26,32.453575134277344,20,6,24.833070755004883,20,6,7.620504379272461,78.06636691008546,238,-0.8660254037844384,-0.5000000000000004,0.435791889543462,7.620504379272461,1,6,2025
2025-08-27,Rajasthan Desert,27.0,73.0,1.6575275659561155,82,26,33.65889358520508,20,6,24.735803604125977,20,6,8.923089981079102,77.08600865005336,239,-0.8660254037844384,-0.5000000000000004,0.9773962040705216,8.923089981079102,1,6,2025
2025-08-28,Rajasthan Desert,27.0,73.0,0.0,82,26,34.675899505615234,20,6,25.404685974121097,20,6,9.271213531494135,73.45757293701172,240,-0.8660254037844384,-0.5000000000000004,0.0,9.271213531494135,1,6,2025
2025-08-29,Rajasthan Desert,27.0,73.0,1.7758208513259888,82,26,33.72837829589844,20,6,26.547273635864254,20,6,7.181104660034183,80.70063019714314,241,-0.8660254037844384,-0.5000000000000004,1.0209465057371647,7.181104660034183,1,6,2025
2025-08-30,Rajasthan Desert,27.0,73.0,7.077444553375244,82,26,32.60175323486328,20,6,25.60894203186035,20,6,6.99281120300293,84.28160425708332,242,-0.8660254037844384,-0.5000000000000004,2.089075554363058,6.99281120300293,1,6,2025
2025-08-31,Rajasthan Desert,27.0,73.0,18.64718437194824,82,26,31.17646217346191,20,6,23.89473342895508,20,6,7.281728744506829,86.37034462825349,243,-0.8660254037844384,-0.5000000000000004,2.977934039089049,7.281728744506829,1,6,2025
2025-09-01,Rajasthan Desert,27.0,73.0,16.713520050048828,82,26,29.87786293029785,20,6,23.363561630249023,20,6,6.514301300048828,87.59438197780575,244,-1.0,-1.8369701987210294e-16,2.874328192634469,6.514301300048828,1,6,2025
2025-09-02,Rajasthan Desert,27.0,73.0,3.4016783237457275,82,26,32.13768768310547,20,6,24.28916358947754,20,6,7.84852409362793,80.74890952897556,245,-1.0,-1.8369701987210294e-16,1.4819859054104727,7.84852409362793,1,6,2025
2025-09-03,Rajasthan Desert,27.0,73.0,2.1507716178894043,82,26,32.6806526184082,20,6,25.188692092895508,20,6,7.491960525512695,80.45902109167564,246,-1.0,-1.8369701987210294e-16,1.1476473809003431,7.491960525512695,1,6,2025
2025-09-04,Rajasthan Desert,27.0,73.0,22.731548309326172,82,26,31.5561580657959,20,6,24.985050201416016,20,6,6.571107864379883,88.35820021694698,247,-1.0,-1.8369701987210294e-16,3.166805315235585,6.571107864379883,1,6,2025
2025-09-05,Rajasthan Desert,27.0,73.0,2.1566991806030273,82,26,32.86048126220703,20,6,24.80961036682129,20,6,8.050870895385742,79.34683896491532,248,-1.0,-1.8369701987210294e-16,1.149526918562268,8.050870895385742,1,6,2025
2025-09-06,Rajasthan Desert,27.0,73.0,4.086623191833496,82,26,31.58740997314453,20,6,25.04305076599121,20,6,6.54435920715332,83.79112415668322,249,-1.0,-1.8369701987210294e-16,1.6266141903299527,6.54435920715332,1,6,2025
2025-09-07,Rajasthan Desert,27.0,73.0,32.32406997680664,82,26,32.17781066894531,20,6,24.49702835083008,20,6,7.680782318115231,87.15727523777741,250,-1.0,-1.8369701987210294e-16,3.506279958002627,7.680782318115231,1,6,2025
2025-09-08,Rajasthan Desert,27.0,73.0,4.724887371063232,82,26,31.51811408996582,20,6,23.85819435119629,20,6,7.659919738769531,81.9146291506711,251,-1.0,-1.8369701987210294e-16,1.744822876070056,7.659919738769531,1,6,2025
2025-09-09,Rajasthan Desert,27.0,73.0,0.0,82,26,32.86005401611328,20,6,24.128684997558594,20,6,8.731369018554688,74.53726196289062,252,-1.0,-1.8369701987210294e-16,0.0,8.731369018554688,1,6,2025
2025-09-10,Rajasthan Desert,27.0,73.0,0.0,82,26,33.0014762878418,20,6,24.109107971191406,20,6,8.89236831665039,74.21526336669922,253,-1.0,-1.8369701987210294e-16,0.0,8.89236831665039,1,6,2025
2025-09-11,Rajasthan Desert,27.0,73.0,0.0,82,26,32.95272445678711,20,6,23.525957107543945,20,6,9.426767349243164,73.14646530151367,254,-1.0,-1.8369701987210294e-16,0.0,9.426767349243164,1,6,2025
2025-09-12,Rajasthan Desert,27.0,73.0,0.0,82,26,33.96772003173828,20,6,23.6960506439209,20,6,10.271669387817385,71.45666122436523,255,-1.0,-1.8369701987210294e-16,0.0,10.271669387817385,1,6,2025
2025-09-13,Rajasthan Desert,27.0,73.0,0.0,82,26,34.84983825683594,20,6,24.0172176361084,20,6,10.83262062072754,70.33475875854492,256,-1.0,-1.8369701987210294e-16,0.0,10.83262062072754,1,6,2025
2025-09-14,Rajasthan Desert,27.0,73.0,0.0,82,26,35.44566345214844,20,6,24.97586250305176,20,6,10.469800949096676,71.06039810180664,257,-1.0,-1.8369701987210294e-16,0.0,10.469800949096676,1,6,2025
2025-09-15,Rajasthan Desert,27.0,73.0,0.0,82,26,34.8076286315918,20,6,24.820945739746097,20,6,9.9866828918457,72.0266342163086,258,-1.0,-1.8369701987210294e-16,0.0,9.9866828918457,1,6,2025
2025-09-16,Rajasthan Desert,27.0,73.0,0.0,82,26,34.54338073730469,20,6,24.4158878326416,20,6,10.127492904663086,71.74501419067383,259,-1.0,-1.8369701987210294e-16,0.0,10.127492904663086,1,6,2025
2025-09-17,Rajasthan Desert,27.0,73.0,0.0,82,26,35.32319641113281,20,6,24.59615707397461,20,6,10.727039337158203,70.5459213256836,260,-1.0,-1.8369701987210294e-16,0.0,10.727039337158203,1,6,2025
2025-09-18,Rajasthan Desert,27.0,73.0,0.0,82,26,35.9953727722168,20,6,25.38400077819824,20,6,10.611371994018558,70.77725601196289,261,-1.0,-1.8369701987210294e-16,0.0,10.611371994018558,1,6,2025
2025-09-19,Rajasthan Desert,27.0,73.0,0.0,82,26,36.10480880737305,20,6,25.390913009643555,20,6,10.713895797729492,70.57220840454102,262,-1.0,-1.8369701987210294e-16,0.0,10.713895797729492,1,6,2025
2025-09-20,Rajasthan Desert,27.0,73.0,0.0,82,26,36.03434371948242,20,6,25.410400390625,20,6,10.623943328857422,70.75211334228516,263,-1.0,-1.8369701987210294e-16,0.0,10.623943328857422,1,6,2025
2025-09-21,Rajasthan Desert,27.0,73.0,0.0,82,26,36.66983413696289,20,6,24.574790954589844,20,6,12.095043182373049,67.8099136352539,264,-1.0,-1.8369701987210294e-16,0.0,12.095043182373049,1,6,2025
2025-09-22,Rajasthan Desert,27.0,73.0,0.0,82,26,36.85049057006836,20,6,24.4656982421875,20,6,12.38479232788086,67.23041534423828,265,-1.0,-1.8369701987210294e-16,0.0,12.38479232788086,1,6,2025
2025-09-23,Rajasthan Desert,27.0,73.0,0.0,82,26,36.531593322753906,20,6,23.85208511352539,20,6,12.679508209228516,66.64098358154297,266,-1.0,-1.8369701987210294e-16,0.0,12.679508209228516,1,6,2025
2025-09-24,Rajasthan Desert,27.0,73.0,0.0,82,26,35.729583740234375,20,6,23.778156280517575,20,6,11.9514274597168,68.0971450805664,267,-1.0,-1.8369701987210294e-16,0.0,11.9514274597168,1,6,2025
2025-09-25,Rajasthan Desert,27.0,73.0,0.0,82,26,35.959991455078125,20,6,23.41506004333496,20,6,12.544931411743164,66.91013717651367,268,-1.0,-1.8369701987210294e-16,0.0,12.544931411743164,1,6,2025
2025-09-26,Rajasthan Desert,27.0,73.0,0.0,82,26,37.02146530151367,20,6,24.11460876464844,20,6,12.90685653686523,66.18628692626953,269,-1.0,-1.8369701987210294e-16,0.0,12.90685653686523,1,6,2025
2025-09-27,Rajasthan Desert,27.0,73.0,0.0,82,26,37.38304901123047,20,6,24.17149543762207,20,6,13.211553573608398,65.5768928527832,270,-1.0,-1.8369701987210294e-16,0.0,13.211553573608398,1,6,2025
2025-09-28,Rajasthan Desert,27.0,73.0,0.0,82,26,37.204200744628906,20,6,25.762720108032227,20,6,11.44148063659668,69.11703872680664,271,-1.0,-1.8369701987210294e-16,0.0,11.44148063659668,1,6,2025
2025-09-29,Rajasthan Desert,27.0,73.0,0.0,82,26,36.223114013671875,20,6,26.735580444335938,20,6,9.487533569335938,73.02493286132812,272,-1.0,-1.8369701987210294e-16,0.0,9.487533569335938,1,6,2025
2025-09-30,Rajasthan Desert,27.0,73.0,4.818976402282715,82,26,32.54322814941406,20,6,24.953771591186523,20,6,7.589456558227539,82.1044599946817,273,-1.0,-1.8369701987210294e-16,1.7611243703789266,7.589456558227539,1,6,2025
2025-10-01,Rajasthan Desert,27.0,73.0,3.961475372314453,82,26,32.94623947143555,20,6,23.501617431640625,20,6,9.444622039794922,77.91586537221553,274,-0.8660254037844386,0.5000000000000001,1.6017031506017934,9.444622039794922,1,6,2025
2025-10-02,Rajasthan Desert,27.0,73.0,0.0,82,26,34.48115158081055,20,6,24.190570831298828,20,6,10.29058074951172,71.41883850097656,275,-0.8660254037844386,0.5000000000000001,0.0,10.29058074951172,1,6,2025
2025-10-03,Rajasthan Desert,27.0,73.0,0.0,82,26,34.03971481323242,20,6,24.518146514892575,20,6,9.521568298339847,72.95686340332031,276,-0.8660254037844386,0.5000000000000001,0.0,9.521568298339847,1,6,2025
2025-10-04,Rajasthan Desert,27.0,73.0,31.229429244995117,82,26,35.14162826538086,20,6,23.58785629272461,20,6,11.55377197265625,79.31109601526367,277,-0.8660254037844386,0.5000000000000001,3.472879986858726,11.55377197265625,1,6,2025
2025-10-05,Rajasthan Desert,27.0,73.0,0.0,82,26,34.12269973754883,20,6,23.64001083374023,20,6,10.482688903808596,71.03462219238281,278,-0.8660254037844386,0.5000000000000001,0.0,10.482688903808596,1,6,2025
2025-10-06,Rajasthan Desert,27.0,73.0,0.0,82,26,27.844621658325195,20,6,21.552040100097656,20,6,6.292581558227539,79.41483688354492,279,-0.8660254037844386,0.5000000000000001,0.0,6.292581558227539,1,6,2025
2025-10-07,Rajasthan Desert,27.0,73.0,1.025208830833435,82,26,28.59688186645508,20,6,20.158517837524418,20,6,8.438364028930664,77.2402904068752,280,-0.8660254037844386,0.5000000000000001,0.705672821578846,8.438364028930664,1,6,2025
2025-10-08,Rajasthan Desert,27.0,73.0,0.0,82,26,29.049806594848633,20,6,19.675195693969727,20,6,9.374610900878906,73.25077819824219,281,-0.8660254037844386,0.5000000000000001,0.0,9.374610900878906,1,6,2025
2025-10-09,Rajasthan Desert,27.0,73.0,0.0,82,26,30.380239486694336,20,6,18.794269561767575,20,6,11.58596992492676,68.82806015014648,282,-0.8660254037844386,0.5000000000000001,0.0,11.58596992492676,1,6,2025
2025-10-10,Rajasthan Desert,27.0,73.0,0.0,82,26,31.585922241210938,20,6,17.83159637451172,20,6,13.75432586669922,64.49134826660156,283,-0.8660254037844386,0.5000000000000001,0.0,13.75432586669922,1,6,2025
2025-10-11,Rajasthan Desert,27.0,73.0,0.0,82,26,32.385353088378906,20,6,19.28911590576172,20,6,13.096237182617188,65.80752563476562,284,-0.8660254037844386,0.5000000000000001,0.0,13.096237182617188,1,6,2025
2025-10-12,Rajasthan Desert,27.0,73.0,0.0,82,26,33.113216400146484,20,6,18.529556274414062,20,6,14.583660125732422,62.83267974853515,285,-0.8660254037844386,0.5000000000000001,0.0,14.583660125732422,1,6,2025
2025-10-13,Rajasthan Desert,27.0,73.0,0.0,82,26,33.49325942993164,20,6,18.204517364501953,20,6,15.288742065429688,61.422515869140625,286,-0.8660254037844386,0.5000000000000001,0.0,15.288742065429688,1,6,2025
2025-10-14,Rajasthan Desert,27.0,73.0,0.0,82,26,33.961029052734375,20,6,17.363048553466797,20,6,16.597980499267578,58.80403900146485,287,-0.8660254037844386,0.5000000000000001,0.0,16.597980499267578,1,6,2025
2025-10-15,Rajasthan Desert,27.0,73.0,0.0,82,26,33.58943557739258,20,6,18.30160903930664,20,6,15.287826538085938,61.424346923828125,288,-0.8660254037844386,0.5000000000000001,0.0,15.287826538085938,1,6,2025
2025-10-16,Rajasthan Desert,27.0,73.0,0.0,82,26,33.78502655029297,20,6,17.769201278686523,20,6,16.015825271606445,59.96834945678711,289,-0.8660254037844386,0.5000000000000001,0.0,16.015825271606445,1,6,2025
2025-10-17,Rajasthan Desert,27.0,73.0,0.0,82,26,34.18642807006836,20,6,17.560333251953125,20,6,16.626094818115234,58.74781036376953,290,-0.8660254037844386,0.5000000000000001,0.0,16.626094818115234,1,6,2025
2025-10-18,Rajasthan Desert,27.0,73.0,0.0,82,26,34.223487854003906,20,6,18.151033401489254,20,6,16.072454452514652,59.855091094970696,291,-0.8660254037844386,0.5000000000000001,0.0,16.072454452514652,1,6,2025
2025-10-19,Rajasthan Desert,27.0,73.0,0.0,82,26,34.05173873901367,20,6,18.408687591552734,20,6,15.643051147460938,60.713897705078125,292,-0.8660254037844386,0.5000000000000001,0.0,15.643051147460938,1,6,2025
2025-10-20,Rajasthan Desert,27.0,73.0,0.0,82,26,33.64223098754883,20,6,18.735742568969727,20,6,14.906488418579102,62.1870231628418,293,-0.8660254037844386,0.5000000000000001,0.0,14.906488418579102,1,6,2025
2025-10-21,Rajasthan Desert,27.0,73.0,0.0,82,26,33.867733001708984,20,6,20.73347282409668,20,6,13.134260177612305,65.73147964477539,294,-0.8660254037844386,0.5000000000000001,0.0,13.134260177612305,1,6,2025
2025-10-22,Rajasthan Desert,27.0,73.0,0.0,82,26,33.665931701660156,20,6,19.21570205688477,20,6,14.450229644775389,63.099540710449226,295,-0.8660254037844386,0.5000000000000001,0.0,14.450229644775389,1,6,2025
2025-10-23,Rajasthan Desert,27.0,73.0,0.0,82,26,34.127098083496094,20,6,17.537370681762695,20,6,16.5897274017334,58.8205451965332,296,-0.8660254037844386,0.5000000000000001,0.0,16.5897274017334,1,6,2025
2025-10-24,Rajasthan Desert,27.0,73.0,0.0,82,26,33.74441146850586,20,6,17.08045768737793,20,6,16.66395378112793,58.67209243774414,297,-0.8660254037844386,0.5000000000000001,0.0,16.66395378112793,1,6,2025
2025-10-25,Rajasthan Desert,27.0,73.0,0.0,82,26,34.14271926879883,20,6,17.1812744140625,20,6,16.961444854736328,58.077110290527344,298,-0.8660254037844386,0.5000000000000001,0.0,16.961444854736328,1,6,2025
2025-10-26,Rajasthan Desert,27.0,73.0,0.0,82,26,33.592742919921875,20,6,18.276037216186523,20,6,15.316705703735352,61.3665885925293,299,-0.8660254037844386,0.5000000000000001,0.0,15.316705703735352,1,6,2025
2025-10-27,Rajasthan Desert,27.0,73.0,0.0,82,26,30.37327766418457,20,6,18.916824340820312,20,6,11.456453323364258,69.08709335327148,300,-0.8660254037844386,0.5000000000000001,0.0,11.456453323364258,1,6,2025
2025-10-28,Rajasthan Desert,27.0,73.0,0.0,82,26,27.344970703125,20,6,18.45673561096191,20,6,8.88823509216309,74.22352981567383,301,-0.8660254037844386,0.5000000000000001,0.0,8.88823509216309,1,6,2025
2025-10-29,Rajasthan Desert,27.0,73.0,0.0,82,26,29.77825164794922,20,6,18.20550537109375,20,6,11.572746276855469,68.85450744628906,302,-0.8660254037844386,0.5000000000000001,0.0,11.572746276855469,1,6,2025
2025-10-30,Rajasthan Desert,27.0,73.0,0.0,82,26,29.78341484069824,20,6,19.51942443847656,20,6,10.26399040222168,71.47201919555664,303,-0.8660254037844386,0.5000000000000001,0.0,10.26399040222168,1,6,2025
2025-10-31,Rajasthan Desert,27.0,73.0,0.0,82,26,31.280012130737305,20,6,19.99255752563477,20,6,11.287454605102536,69.42509078979492,304,-0.8660254037844386,0.5000000000000001,0.0,11.287454605102536,1,6,2025
2025-11-01,Rajasthan Desert,27.0,73.0,0.0,82,26,32.46493911743164,20,6,17.836084365844727,20,6,14.628854751586914,62.74229049682617,305,-0.5000000000000004,0.8660254037844384,0.0,14.628854751586914,1,6,2025
2025-11-02,Rajasthan Desert,27.0,73.0,0.0,82,26,33.624568939208984,20,6,17.043235778808594,20,6,16.58133316040039,58.83733367919922,306,-0.5000000000000004,0.8660254037844384,0.0,16.58133316040039,1,6,2025
2025-11-03,Rajasthan Desert,27.0,73.0,0.0,82,26,34.22614288330078,20,6,15.97398281097412,20,6,18.25216007232666,55.49567985534668,307,-0.5000000000000004,0.8660254037844384,0.0,18.25216007232666,1,6,2025
2025-11-04,Rajasthan Desert,27.0,73.0,0.0,82,26,31.84113121032715,20,6,18.736114501953125,20,6,13.105016708374023,65.78996658325195,308,-0.5000000000000004,0.8660254037844384,0.0,13.105016708374023,1,6,2025
2025-11-05,Rajasthan Desert,27.0,73.0,0.0,82,26,30.66932678222656,20,6,16.750242233276367,20,6,13.919084548950192,64.16183090209961,309,-0.5000000000000004,0.8660254037844384,0.0,13.919084548950192,1,6,2025
2025-11-06,Rajasthan Desert,27.0,73.0,0.0,82,26,29.736438751220703,20,6,13.480557441711426,20,6,16.255881309509277,59.488237380981445,310,-0.5000000000000004,0.8660254037844384,0.0,16.255881309509277,1,6,2025
2025-11-07,Rajasthan Desert,27.0,73.0,0.0,82,26,30.273780822753903,20,6,11.666202545166016,20,6,18.607578277587887,54.784843444824226,311,-0.5000000000000004,0.8660254037844384,0.0,18.607578277587887,1,6,2025
2025-11-08,Rajasthan Desert,27.0,73.0,0.0,82,26,30.606111526489254,20,6,11.72504711151123,20,6,18.881064414978024,54.23787117004395,312,-0.5000000000000004,0.8660254037844384,0.0,18.881064414978024,1,6,2025
2025-11-09,Rajasthan Desert,27.0,73.0,0.0,82,26,30.283641815185547,20,6,11.536892890930176,20,6,18.74674892425537,54.50650215148926,313,-0.5000000000000004,0.8660254037844384,0.0,18.74674892425537,1,6,2025
2025-11-10,Rajasthan Desert,27.0,73.0,0.0,82,26,30.13435173034668,20,6,12.109060287475586,20,6,18.025291442871097,55.94941711425781,314,-0.5000000000000004,0.8660254037844384,0.0,18.025291442871097,1,6,2025
2025-11-11,Rajasthan Desert,27.0,73.0,0.0,82,26,30.29804229736328,20,6,11.898442268371582,20,6,18.3996000289917,55.2007999420166,315,-0.5000000000000004,0.8660254037844384,0.0,18.3996000289917,1,6,2025
2025-11-12,Rajasthan Desert,27.0,73.0,0.0,82,26,30.180469512939453,20,6,12.014204978942873,20,6,18.166264533996586,55.66747093200683,316,-0.5000000000000004,0.8660254037844384,0.0,18.166264533996586,1,6,2025
2025-11-13,Rajasthan Desert,27.0,73.0,0.0,82,26,29.578763961791992,20,6,12.154545783996582,20,6,17.42421817779541,57.15156364440918,317,-0.5000000000000004,0.8660254037844384,0.0,17.42421817779541,1,6,2025
2025-11-14,Rajasthan Desert,27.0,73.0,0.0,82,26,30.04911994934082,20,6,10.697765350341797,20,6,19.351354598999023,53.29729080200195,318,-0.5000000000000004,0.8660254037844384,0.0,19.351354598999023,1,6,2025
2025-11-15,Rajasthan Desert,27.0,73.0,0.0,82,26,29.954818725585938,20,6,10.522403717041016,20,6,19.43241500854492,53.13516998291016,319,-0.5000000000000004,0.8660254037844384,0.0,19.43241500854492,1,6,2025
2025-11-16,Rajasthan Desert,27.0,73.0,0.0,82,26,29.590925216674805,20,6,9.57335090637207,20,6,20.017574310302734,51.96485137939453,320,-0.5000000000000004,0.8660254037844384,0.0,20.017574310302734,1,6,2025
2025-11-17,Rajasthan Desert,27.0,73.0,0.0,82,26,29.89851188659668,20,6,10.281973838806152,20,6,19.616538047790527,52.766923904418945,321,-0.5000000000000004,0.8660254037844384,0.0,19.616538047790527,1,6,2025
2025-11-18,Rajasthan Desert,27.0,73.0,0.0,82,26,29.41071319580078,20,6,10.585664749145508,20,6,18.825048446655273,54.34990310668945,322,-0.5000000000000004,0.8660254037844384,0.0,18.825048446655273,1,6,2025
2025-11-19,Rajasthan Desert,27.0,73.0,0.0,82,26,29.6456241607666,20,6,10.08156394958496,20,6,19.56406021118164,52.87187957763672,323,-0.5000000000000004,0.8660254037844384,0.0,19.56406021118164,1,6,2025
2025-11-20,Rajasthan Desert,27.0,73.0,0.0,82,26,29.65612030029297,20,6,11.309164047241213,20,6,18.34695625305176,55.30608749389648,324,-0.5000000000000004,0.8660254037844384,0.0,18.34695625305176,1,6,2025
2025-11-21,Rajasthan Desert,27.0,73.0,0.0,82,26,29.633974075317383,20,6,11.456792831420898,20,6,18.177181243896484,55.64563751220703,325,-0.5000000000000004,0.8660254037844384,0.0,18.177181243896484,1,6,2025
2025-11-22,Rajasthan Desert,27.0,73.0,0.0,82,26,28.940832138061523,20,6,11.135157585144045,20,6,17.80567455291748,56.38865089416504,326,-0.5000000000000004,0.8660254037844384,0.0,17.80567455291748,1,6,2025
2025-11-23,Rajasthan Desert,27.0,73.0,0.0,82,26,28.222272872924805,20,6,10.71338176727295,20,6,17.508891105651855,56.98221778869629,327,-0.5000000000000004,0.8660254037844384,0.0,17.508891105651855,1,6,2025
2025-11-24,Rajasthan Desert,27.0,73.0,0.0,82,26,27.9028263092041,20,6,11.141684532165527,20,6,16.761141777038574,58.47771644592285,328,-0.5000000000000004,0.8660254037844384,0.0,16.761141777038574,1,6,2025
2025-11-25,Rajasthan Desert,27.0,73.0,0.0,82,26,26.936494827270508,20,6,11.01895809173584,20,6,15.917536735534668,60.164926528930664,329,-0.5000000000000004,0.8660254037844384,0.0,15.917536735534668,1,6,2025
2025-11-26,Rajasthan Desert,27.0,73.0,0.0,82,26,26.131092071533203,20,6,10.01901626586914,20,6,16.112075805664062,59.775848388671875,330,-0.5000000000000004,0.8660254037844384,0.0,16.112075805664062,1,6,2025
2025-11-27,Rajasthan Desert,27.0,73.0,0.0,82,26,26.12252616882324,20,6,12.653879165649414,20,6,13.468647003173825,65.06270599365234,331,-0.5000000000000004,0.8660254037844384,0.0,13.468647003173825,1,6,2025
2025-11-28,Rajasthan Desert,27.0,73.0,0.0,82,26,26.068378448486328,20,6,12.879874229431152,20,6,13.188504219055176,65.62299156188965,332,-0.5000000000000004,0.8660254037844384,0.0,13.188504219055176,1,6,2025
2025-11-29,Rajasthan Desert,27.0,73.0,0.0,82,26,26.402511596679688,20,6,12.597847938537598,20,6,13.80466365814209,64.39067268371582,333,-0.5000000000000004,0.8660254037844384,0.0,13.80466365814209,1,6,2025
2025-11-30,Rajasthan Desert,27.0,73.0,0.0,82,26,26.68749237060547,20,6,11.14956760406494,20,6,15.53792476654053,60.924150466918945,334,-0.5000000000000004,0.8660254037844384,0.0,15.53792476654053,1,6,2025
2025-12-01,Rajasthan Desert,27.0,73.0,0.0,82,26,27.059301376342773,20,6,11.045276641845703,20,6,16.01402473449707,59.97195053100586,335,-2.4492935982947064e-16,1.0,0.0,16.01402473449707,1,6,2025
2025-12-02,Rajasthan Desert,27.0,73.0,0.0,82,26,26.548980712890625,20,6,10.68061637878418,20,6,15.868364334106444,60.26327133178711,336,-2.4492935982947064e-16,1.0,0.0,15.868364334106444,1,6,2025
2025-12-03,Rajasthan Desert,27.0,73.0,0.0,82,26,25.589275360107425,20,6,9.551823616027832,20,6,16.037451744079593,59.92509651184081,337,-2.4492935982947064e-16,1.0,0.0,16.037451744079593,1,6,2025
2025-12-04,Rajasthan Desert,27.0,73.0,0.0,82,26,25.355554580688477,20,6,8.304028511047363,20,6,17.051526069641113,57.89694786071777,338,-2.4492935982947064e-16,1.0,0.0,17.051526069641113,1,6,2025
2025-12-05,Rajasthan Desert,27.0,73.0,0.0,82,26,26.122859954833984,20,6,8.286652565002441,20,6,17.836207389831543,56.327585220336914,339,-2.4492935982947064e-16,1.0,0.0,17.836207389831543,1,6,2025
2025-12-06,Rajasthan Desert,27.0,73.0,0.0,82,26,25.82802391052246,20,6,8.045040130615234,20,6,17.782983779907227,56.43403244018555,340,-2.4492935982947064e-16,1.0,0.0,17.782983779907227,1,6,2025
2025-12-07,Rajasthan Desert,27.0,73.0,0.0,82,26,28.278797149658203,20,6,9.357083320617676,20,6,18.921713829040527,54.156572341918945,341,-2.4492935982947064e-16,1.0,0.0,18.921713829040527,1,6,2025
2025-12-08,Rajasthan Desert,27.0,73.0,0.0,82,26,28.487619400024418,20,6,10.012725830078123,20,6,18.474893569946296,55.05021286010741,342,-2.4492935982947064e-16,1.0,0.0,18.474893569946296,1,6,2025
2025-12-09,Rajasthan Desert,27.0,73.0,0.0,82,26,29.13247299194336,20,6,9.034272193908691,20,6,20.098200798034668,51.803598403930664,343,-2.4492935982947064e-16,1.0,0.0,20.098200798034668,1,6,2025
2025-12-10,Rajasthan Desert,27.0,73.0,0.0,82,26,29.401920318603516,20,6,9.374101638793944,20,6,20.02781867980957,51.94436264038086,344,-2.4492935982947064e-16,1.0,0.0,20.02781867980957,1,6,2025
2025-12-11,Rajasthan Desert,27.0,73.0,0.0,82,26,29.17635726928711,20,6,9.161081314086914,20,6,20.015275955200195,51.96944808959961,345,-2.4492935982947064e-16,1.0,0.0,20.015275955200195,1,6,2025
2025-12-12,Rajasthan Desert,27.0,73.0,0.0,82,26,29.117950439453125,20,6,9.728675842285156,20,6,19.38927459716797,53.22145080566406,346,-2.4492935982947064e-16,1.0,0.0,19.38927459716797,1,6,2025
2025-12-13,Rajasthan Desert,27.0,73.0,0.0,82,26,28.809385299682617,20,6,10.269536972045898,20,6,18.53984832763672,54.92030334472656,347,-2.4492935982947064e-16,1.0,0.0,18.53984832763672,1,6,2025
2025-12-14,Rajasthan Desert,27.0,73.0,0.0,82,26,27.936071395874023,20,6,10.791963577270508,20,6,17.144107818603516,57.71178436279297,348,-2.4492935982947064e-16,1.0,0.0,17.144107818603516,1,6,2025
2025-12-15,Rajasthan Desert,27.0,73.0,0.0,82,26,27.670948028564453,20,6,10.027830123901367,20,6,17.643117904663086,56.71376419067383,349,-2.4492935982947064e-16,1.0,0.0,17.643117904663086,1,6,2025
2025-12-16,Rajasthan Desert,27.0,73.0,0.0,82,26,26.882478713989254,20,6,9.550460815429688,20,6,17.332017898559567,57.33596420288087,350,-2.4492935982947064e-16,1.0,0.0,17.332017898559567,1,6,2025
2025-12-17,Rajasthan Desert,27.0,73.0,0.0,82,26,28.635059356689453,20,6,8.584919929504395,20,6,20.05013942718506,51.89972114562988,351,-2.4492935982947064e-16,1.0,0.0,20.05013942718506,1,6,2025
2025-12-18,Rajasthan Desert,27.0,73.0,0.0,82,26,28.557353973388672,20,6,9.197393417358398,20,6,19.359960556030273,53.28007888793945,352,-2.4492935982947064e-16,1.0,0.0,19.359960556030273,1,6,2025
2025-12-19,Rajasthan Desert,27.0,73.0,0.0,82,26,28.984561920166016,20,6,9.523774147033691,20,6,19.460787773132324,53.07842445373535,353,-2.4492935982947064e-16,1.0,0.0,19.460787773132324,1,6,2025
2025-12-20,Rajasthan Desert,27.0,73.0,0.0,82,26,29.920276641845703,20,6,9.431528091430664,20,6,20.48874855041504,51.02250289916992,354,-2.4492935982947064e-16,1.0,0.0,20.48874855041504,1,6,2025
2025-12-21,Rajasthan Desert,27.0,73.0,0.0,82,26,28.878170013427734,20,6,12.788082122802734,20,6,16.090087890625,59.81982421875,355,-2.4492935982947064e-16,1.0,0.0,16.090087890625,1,6,2025
2025-12-22,Rajasthan Desert,27.0,73.0,0.0,82,26,27.556461334228516,20,6,12.335176467895508,20,6,15.221284866333008,61.557430267333984,356,-2.4492935982947064e-16,1.0,0.0,15.221284866333008,1,6,2025
2025-12-23,Rajasthan Desert,27.0,73.0,0.0,82,26,25.05603408813477,20,6,12.084983825683594,20,6,12.971050262451175,66.05789947509766,357,-2.4492935982947064e-16,1.0,0.0,12.971050262451175,1,6,2025
2025-12-24,Rajasthan Desert,27.0,73.0,0.0,82,26,24.489730834960938,20,6,9.141447067260742,20,6,15.348283767700195,61.30343246459961,358,-2.4492935982947064e-16,1.0,0.0,15.348283767700195,1,6,2025
2025-12-25,Rajasthan Desert,27.0,73.0,0.0,82,26,25.476591110229492,20,6,7.851340293884277,20,6,17.625250816345215,56.74949836730957,359,-2.4492935982947064e-16,1.0,0.0,17.625250816345215,1,6,2025
2025-12-26,Rajasthan Desert,27.0,73.0,0.0,82,26,25.86481475830078,20,6,8.949512481689453,20,6,16.915302276611328,58.169395446777344,360,-2.4492935982947064e-16,1.0,0.0,16.915302276611328,1,6,2025
2025-12-27,Rajasthan Desert,27.0,73.0,0.0,82,26,25.932327270507812,20,6,9.299104690551758,20,6,16.633222579956055,58.73355484008789,361,-2.4492935982947064e-16,1.0,0.0,16.633222579956055,1,6,2025
2025-12-28,Rajasthan Desert,27.0,73.0,0.0,82,26,26.24774932861328,20,6,8.260820388793945,20,6,17.986928939819336,56.02614212036133,362,-2.4492935982947064e-16,1.0,0.0,17.986928939819336,1,6,2025
2025-12-29,Rajasthan Desert,27.0,73.0,0.0,82,26,26.491802215576172,20,6,8.921497344970703,20,6,17.57030487060547,56.85939025878906,363,-2.4492935982947064e-16,1.0,0.0,17.57030487060547,1,6,2025
2025-12-30,Rajasthan Desert,27.0,73.0,0.0,82,26,26.628992080688477,20,6,9.27836799621582,20,6,17.350624084472656,57.29875183105469,364,-2.4492935982947064e-16,1.0,0.0,17.350624084472656,1,6,2025
2025-12-31,Rajasthan Desert,27.0,73.0,0.0,82,26,24.47881126403809,20,6,11.408296585083008,20,6,13.070514678955082,65.85897064208984,365,-2.4492935982947064e-16,1.0,0.0,13.070514678955082,1,6,2025
