observation_date,latitude_deg,longitude_deg,imd_rainfall_mm,imd_max_temperature_C,imd_min_temperature_C,insat_lst_mean_K,insat_lst_min_K,insat_lst_max_K,insat_rainfall_daily_mm,insat_sst_mean_K
2024-01-01,9.5,76.5,,,22.63933753967285,,,,,
2024-01-01,17.75,78.5,,,17.153636932373047,,,,,
2024-01-01,20.5,85.5,,,15.446147918701172,,,,,
2024-01-01,22.0,79.0,,,12.769930839538574,,,,,
2024-01-01,26.0,91.75,,,10.333640098571776,,,,,
2024-01-01,26.5,81.0,,,9.60140323638916,,,,,
2024-01-01,27.0,73.0,,,7.8069963455200195,,,,,
2024-01-02,9.5,76.5,,,23.18917655944824,,,,,
2024-01-02,17.75,78.5,,,16.473400115966797,,,,,
2024-01-02,20.5,85.5,,,14.784353256225586,,,,,
2024-01-02,22.0,79.0,,,12.59477424621582,,,,,
2024-01-02,26.0,91.75,,,10.398913383483888,,,,,
2024-01-02,26.5,81.0,,,9.362483978271484,,,,,
2024-01-02,27.0,73.0,,,6.673609733581543,,,,,
2024-01-03,9.5,76.5,,,22.6181640625,,,,,
2024-01-03,17.75,78.5,,,17.461166381835938,,,,,
2024-01-03,20.5,85.5,,,14.10182285308838,,,,,
2024-01-03,22.0,79.0,,,12.975885391235352,,,,,
2024-01-03,26.0,91.75,,,10.423891067504885,,,,,
2024-01-03,26.5,81.0,,,10.695723533630373,,,,,
2024-01-03,27.0,73.0,,,5.426599502563477,,,,,
2024-01-04,9.5,76.5,,,23.44029426574707,,,,,
2024-01-04,17.75,78.5,,,18.03458595275879,,,,,
2024-01-04,20.5,85.5,,,14.31255340576172,,,,,
2024-01-04,22.0,79.0,,,14.527961730957031,,,,,
2024-01-04,26.0,91.75,,,9.56241512298584,,,,,
2024-01-04,26.5,81.0,,,11.501245498657228,,,,,
2024-01-04,27.0,73.0,,,5.562399864196777,,,,,
2024-01-05,9.5,76.5,,,22.603809356689453,,,,,
2024-01-05,17.75,78.5,,,17.8794002532959,,,,,
2024-01-05,20.5,85.5,,,15.05906581878662,,,,,
2024-01-05,22.0,79.0,,,14.010171890258787,,,,,
2024-01-05,26.0,91.75,,,9.590290069580078,,,,,
2024-01-05,26.5,81.0,,,12.555779457092283,,,,,
2024-01-05,27.0,73.0,,,5.292516231536865,,,,,
2024-01-06,9.5,76.5,,,23.35974884033203,,,,,
2024-01-06,17.75,78.5,,,17.37835693359375,,,,,
2024-01-06,20.5,85.5,,,15.01923942565918,,,,,
2024-01-06,22.0,79.0,,,15.643421173095703,,,,,
2024-01-06,26.0,91.75,,,9.69399070739746,,,,,
2024-01-06,26.5,81.0,,,12.862825393676758,,,,,
2024-01-06,27.0,73.0,,,6.513104438781738,,,,,
2024-01-07,9.5,76.5,,,23.50260734558105,,,,,
2024-01-07,17.75,78.5,,,18.07571029663086,,,,,
2024-01-07,20.5,85.5,,,15.597265243530272,,,,,
2024-01-07,22.0,79.0,,,14.963733673095703,,,,,
2024-01-07,26.0,91.75,,,10.083995819091797,,,,,
2024-01-07,26.5,81.0,,,12.158609390258787,,,,,
2024-01-07,27.0,73.0,,,7.080931663513184,,,,,
2024-01-08,9.5,76.5,,,23.46979141235352,,,,,
2024-01-08,17.75,78.5,,,18.062030792236328,,,,,
2024-01-08,20.5,85.5,,,16.098941802978516,,,,,
2024-01-08,22.0,79.0,,,14.6392240524292,,,,,
2024-01-08,26.0,91.75,,,10.931328773498535,,,,,
2024-01-08,26.5,81.0,,,10.289947509765623,,,,,
2024-01-08,27.0,73.0,,,6.78394889831543,,,,,
2024-01-09,9.5,76.5,,,23.250537872314453,,,,,
2024-01-09,17.75,78.5,,,18.683542251586918,,,,,
2024-01-09,20.5,85.5,,,16.252168655395508,,,,,
2024-01-09,22.0,79.0,,,15.925517082214355,,,,,
2024-01-09,26.0,91.75,,,10.985525131225586,,,,,
2024-01-09,26.5,81.0,,,10.47713851928711,,,,,
2024-01-09,27.0,73.0,,,8.600488662719727,,,,,
2024-01-10,9.5,76.5,,,22.58099937438965,,,,,
2024-01-10,17.75,78.5,,,19.132057189941406,,,,,
2024-01-10,20.5,85.5,,,16.48821258544922,,,,,
2024-01-10,22.0,79.0,,,16.20148468017578,,,,,
2024-01-10,26.0,91.75,,,11.00327968597412,,,,,
2024-01-10,26.5,81.0,,,11.581804275512695,,,,,
2024-01-10,27.0,73.0,,,6.185084342956543,,,,,
2024-01-11,9.5,76.5,,,22.609909057617188,,,,,
2024-01-11,17.75,78.5,,,19.509279251098636,,,,,
2024-01-11,20.5,85.5,,,18.50330352783203,,,,,
2024-01-11,22.0,79.0,,,14.838851928710938,,,,,
2024-01-11,26.0,91.75,,,10.606277465820312,,,,,
2024-01-11,26.5,81.0,,,8.351014137268066,,,,,
2024-01-11,27.0,73.0,,,4.283445358276367,,,,,
2024-01-12,9.5,76.5,,,22.47748565673828,,,,,
2024-01-12,17.75,78.5,,,18.497961044311523,,,,,
2024-01-12,20.5,85.5,,,16.688636779785156,,,,,
2024-01-12,22.0,79.0,,,14.22279930114746,,,,,
2024-01-12,26.0,91.75,,,11.160785675048828,,,,,
2024-01-12,26.5,81.0,,,7.285201549530029,,,,,
2024-01-12,27.0,73.0,,,5.477148056030273,,,,,
2024-01-13,9.5,76.5,,,21.37812805175781,,,,,
2024-01-13,17.75,78.5,,,19.588703155517575,,,,,
2024-01-13,20.5,85.5,,,14.924943923950195,,,,,
2024-01-13,22.0,79.0,,,13.43455696105957,,,,,
2024-01-13,26.0,91.75,,,10.47252368927002,,,,,
2024-01-13,26.5,81.0,,,6.359851360321045,,,,,
2024-01-13,27.0,73.0,,,8.007163047790527,,,,,
2024-01-14,9.5,76.5,,,21.82042121887207,,,,,
2024-01-14,17.75,78.5,,,18.90012550354004,,,,,
2024-01-14,20.5,85.5,,,15.11020565032959,,,,,
2024-01-14,22.0,79.0,,,13.80262565612793,,,,,
2024-01-14,26.0,91.75,,,9.886041641235352,,,,,
2024-01-14,26.5,81.0,,,7.635706901550293,,,,,
2024-01-14,27.0,73.0,,,6.193552017211914,,,,,
2024-01-15,9.5,76.5,,,21.59295654296875,,,,,
2024-01-15,17.75,78.5,,,18.80759048461914,,,,,
2024-01-15,20.5,85.5,,,15.756807327270508,,,,,
2024-01-15,22.0,79.0,,,11.579509735107422,,,,,
2024-01-15,26.0,91.75,,,10.4824857711792,,,,,
2024-01-15,26.5,81.0,,,8.477225303649902,,,,,
2024-01-15,27.0,73.0,,,6.37366247177124,,,,,
2024-01-16,9.5,76.5,,,21.22847366333008,,,,,
2024-01-16,17.75,78.5,,,18.66456794738769,,,,,
2024-01-16,20.5,85.5,,,16.238004684448242,,,,,
2024-01-16,22.0,79.0,,,10.195713996887209,,,,,
2024-01-16,26.0,91.75,,,11.31550407409668,,,,,
2024-01-16,26.5,81.0,,,6.577136039733887,,,,,
2024-01-16,27.0,73.0,,,7.431419849395752,,,,,
2024-01-17,9.5,76.5,,,20.61397933959961,,,,,
2024-01-17,17.75,78.5,,,18.97080612182617,,,,,
2024-01-17,20.5,85.5,,,17.635906219482422,,,,,
2024-01-17,22.0,79.0,,,11.6495943069458,,,,,
2024-01-17,26.0,91.75,,,11.016515731811523,,,,,
2024-01-17,26.5,81.0,,,7.306475162506103,,,,,
2024-01-17,27.0,73.0,,,7.054784297943115,,,,,
2024-01-18,9.5,76.5,,,20.80486869812012,,,,,
2024-01-18,17.75,78.5,,,19.29157257080078,,,,,
2024-01-18,20.5,85.5,,,18.34221839904785,,,,,
2024-01-18,22.0,79.0,,,13.602584838867188,,,,,
2024-01-18,26.0,91.75,,,8.496715545654297,,,,,
2024-01-18,26.5,81.0,,,7.618931293487549,,,,,
2024-01-18,27.0,73.0,,,6.73057222366333,,,,,
2024-01-19,9.5,76.5,,,22.53400039672852,,,,,
2024-01-19,17.75,78.5,,,18.71889305114746,,,,,
2024-01-19,20.5,85.5,,,17.83340072631836,,,,,
2024-01-19,22.0,79.0,,,12.102195739746094,,,,,
2024-01-19,26.0,91.75,,,8.145727157592773,,,,,
2024-01-19,26.5,81.0,,,6.242879390716553,,,,,
2024-01-19,27.0,73.0,,,6.068583965301514,,,,,
2024-01-20,9.5,76.5,,,22.90801239013672,,,,,
2024-01-20,17.75,78.5,,,19.369525909423828,,,,,
2024-01-20,20.5,85.5,,,17.161462783813477,,,,,
2024-01-20,22.0,79.0,,,13.07949161529541,,,,,
2024-01-20,26.0,91.75,,,8.32785701751709,,,,,
2024-01-20,26.5,81.0,,,6.995545387268066,,,,,
2024-01-20,27.0,73.0,,,6.732751369476318,,,,,
2024-01-21,9.5,76.5,,,22.56346702575684,,,,,
2024-01-21,17.75,78.5,,,19.663780212402344,,,,,
2024-01-21,20.5,85.5,,,18.107866287231445,,,,,
2024-01-21,22.0,79.0,,,11.281257629394531,,,,,
2024-01-21,26.0,91.75,,,9.15858268737793,,,,,
2024-01-21,26.5,81.0,,,7.361363410949707,,,,,
2024-01-21,27.0,73.0,,,6.013939380645752,,,,,
2024-01-22,9.5,76.5,,,22.480194091796875,,,,,
2024-01-22,17.75,78.5,,,19.86828994750977,,,,,
2024-01-22,20.5,85.5,,,16.03356170654297,,,,,
2024-01-22,22.0,79.0,,,10.50637435913086,,,,,
2024-01-22,26.0,91.75,,,9.426767349243164,,,,,
2024-01-22,26.5,81.0,,,6.7252960205078125,,,,,
2024-01-22,27.0,73.0,,,6.24774169921875,,,,,
2024-01-23,9.5,76.5,,,22.371395111083984,,,,,
2024-01-23,17.75,78.5,,,20.41361618041992,,,,,
2024-01-23,20.5,85.5,,,15.8932466506958,,,,,
2024-01-23,22.0,79.0,,,13.718711853027344,,,,,
2024-01-23,26.0,91.75,,,7.817108154296875,,,,,
2024-01-23,26.5,81.0,,,5.0920915603637695,,,,,
2024-01-23,27.0,73.0,,,6.864994049072266,,,,,
2024-01-24,9.5,76.5,,,22.33438873291016,,,,,
2024-01-24,17.75,78.5,,,20.037879943847656,,,,,
2024-01-24,20.5,85.5,,,16.76842498779297,,,,,
2024-01-24,22.0,79.0,,,10.277878761291504,,,,,
2024-01-24,26.0,91.75,,,8.555468559265137,,,,,
2024-01-24,26.5,81.0,,,6.184182167053223,,,,,
2024-01-24,27.0,73.0,,,6.815280437469482,,,,,
2024-01-25,9.5,76.5,,,21.566133499145508,,,,,
2024-01-25,17.75,78.5,,,18.88725852966309,,,,,
2024-01-25,20.5,85.5,,,15.50918674468994,,,,,
2024-01-25,22.0,79.0,,,7.161304473876953,,,,,
2024-01-25,26.0,91.75,,,10.270682334899902,,,,,
2024-01-25,26.5,81.0,,,6.074892044067383,,,,,
2024-01-25,27.0,73.0,,,6.692662239074707,,,,,
2024-01-26,9.5,76.5,,,21.568225860595703,,,,,
2024-01-26,17.75,78.5,,,18.108028411865234,,,,,
2024-01-26,20.5,85.5,,,13.466631889343262,,,,,
2024-01-26,22.0,79.0,,,8.727500915527344,,,,,
2024-01-26,26.0,91.75,,,8.759300231933594,,,,,
2024-01-26,26.5,81.0,,,7.140265941619873,,,,,
2024-01-26,27.0,73.0,,,6.494032859802246,,,,,
2024-01-27,9.5,76.5,,,21.399608612060547,,,,,
2024-01-27,17.75,78.5,,,18.641010284423828,,,,,
2024-01-27,20.5,85.5,,,13.706796646118164,,,,,
2024-01-27,22.0,79.0,,,9.35142993927002,,,,,
2024-01-27,26.0,91.75,,,9.36251735687256,,,,,
2024-01-27,26.5,81.0,,,6.742164611816406,,,,,
2024-01-27,27.0,73.0,,,7.966555118560791,,,,,
2024-01-28,9.5,76.5,,,21.58879280090332,,,,,
2024-01-28,17.75,78.5,,,17.33893394470215,,,,,
2024-01-28,20.5,85.5,,,13.845233917236328,,,,,
2024-01-28,22.0,79.0,,,11.003808975219728,,,,,
2024-01-28,26.0,91.75,,,8.567493438720703,,,,,
2024-01-28,26.5,81.0,,,8.67337417602539,,,,,
2024-01-28,27.0,73.0,,,11.198919296264648,,,,,
2024-01-29,9.5,76.5,,,21.820940017700195,,,,,
2024-01-29,17.75,78.5,,,17.399995803833008,,,,,
2024-01-29,20.5,85.5,,,14.347149848937988,,,,,
2024-01-29,22.0,79.0,,,12.585524559020996,,,,,
2024-01-29,26.0,91.75,,,9.558345794677734,,,,,
2024-01-29,26.5,81.0,,,10.03962230682373,,,,,
2024-01-29,27.0,73.0,,,10.864221572875977,,,,,
2024-01-30,9.5,76.5,,,21.70549201965332,,,,,
2024-01-30,17.75,78.5,,,17.197490692138672,,,,,
2024-01-30,20.5,85.5,,,16.232812881469727,,,,,
2024-01-30,22.0,79.0,,,12.825200080871582,,,,,
2024-01-30,26.0,91.75,,,10.43969440460205,,,,,
2024-01-30,26.5,81.0,,,9.206884384155272,,,,,
2024-01-30,27.0,73.0,,,11.251945495605469,,,,,
2024-01-31,9.5,76.5,,,22.676424026489254,,,,,
2024-01-31,17.75,78.5,,,17.437177658081055,,,,,
2024-01-31,20.5,85.5,,,17.303159713745117,,,,,
2024-01-31,22.0,79.0,,,13.78026294708252,,,,,
2024-01-31,26.0,91.75,,,10.66672134399414,,,,,
2024-01-31,26.5,81.0,,,10.671358108520508,,,,,
2024-01-31,27.0,73.0,,,12.86767578125,,,,,
2024-02-01,9.5,76.5,,,22.860361099243164,,,,,
2024-02-01,17.75,78.5,,,19.2868709564209,,,,,
2024-02-01,20.5,85.5,,,19.380165100097656,,,,,
2024-02-01,22.0,79.0,,,14.446401596069336,,,,,
2024-02-01,26.0,91.75,,,12.090174674987791,,,,,
2024-02-01,26.5,81.0,,,12.578207015991213,,,,,
2024-02-01,27.0,73.0,,,13.28176212310791,,,,,
2024-02-02,9.5,76.5,,,22.982322692871094,,,,,
2024-02-02,17.75,78.5,,,19.643537521362305,,,,,
2024-02-02,20.5,85.5,,,19.99594116210937,,,,,
2024-02-02,22.0,79.0,,,14.497790336608888,,,,,
2024-02-02,26.0,91.75,,,12.577472686767578,,,,,
2024-02-02,26.5,81.0,,,11.35931396484375,,,,,
2024-02-02,27.0,73.0,,,12.342156410217283,,,,,
2024-02-03,9.5,76.5,,,23.16482734680176,,,,,
2024-02-03,17.75,78.5,,,20.443771362304688,,,,,
2024-02-03,20.5,85.5,,,18.84271049499512,,,,,
2024-02-03,22.0,79.0,,,12.816333770751951,,,,,
2024-02-03,26.0,91.75,,,11.539860725402832,,,,,
2024-02-03,26.5,81.0,,,10.597658157348633,,,,,
2024-02-03,27.0,73.0,,,12.053548812866213,,,,,
2024-02-04,9.5,76.5,,,23.12452507019043,,,,,
2024-02-04,17.75,78.5,,,19.90827751159668,,,,,
2024-02-04,20.5,85.5,,,17.74004364013672,,,,,
2024-02-04,22.0,79.0,,,13.074824333190918,,,,,
2024-02-04,26.0,91.75,,,10.43087387084961,,,,,
2024-02-04,26.5,81.0,,,12.064321517944336,,,,,
2024-02-04,27.0,73.0,,,14.010555267333984,,,,,
2024-02-05,9.5,76.5,,,22.47139549255371,,,,,
2024-02-05,17.75,78.5,,,20.3433780670166,,,,,
2024-02-05,20.5,85.5,,,18.77409553527832,,,,,
2024-02-05,22.0,79.0,,,15.234973907470703,,,,,
2024-02-05,26.0,91.75,,,11.550833702087402,,,,,
2024-02-05,26.5,81.0,,,14.067313194274902,,,,,
2024-02-05,27.0,73.0,,,11.023950576782228,,,,,
2024-02-06,9.5,76.5,,,22.044132232666016,,,,,
2024-02-06,17.75,78.5,,,21.869388580322266,,,,,
2024-02-06,20.5,85.5,,,20.561182022094727,,,,,
2024-02-06,22.0,79.0,,,15.813669204711914,,,,,
2024-02-06,26.0,91.75,,,12.177964210510254,,,,,
2024-02-06,26.5,81.0,,,13.593073844909668,,,,,
2024-02-06,27.0,73.0,,,10.000065803527832,,,,,
2024-02-07,9.5,76.5,,,22.329418182373047,,,,,
2024-02-07,17.75,78.5,,,20.67894172668457,,,,,
2024-02-07,20.5,85.5,,,20.79938507080078,,,,,
2024-02-07,22.0,79.0,,,14.853317260742188,,,,,
2024-02-07,26.0,91.75,,,12.463909149169922,,,,,
2024-02-07,26.5,81.0,,,9.618688583374023,,,,,
2024-02-07,27.0,73.0,,,10.921241760253906,,,,,
2024-02-08,9.5,76.5,,,21.96739196777344,,,,,
2024-02-08,17.75,78.5,,,21.51190948486328,,,,,
2024-02-08,20.5,85.5,,,19.107816696166992,,,,,
2024-02-08,22.0,79.0,,,12.694570541381836,,,,,
2024-02-08,26.0,91.75,,,8.977591514587402,,,,,
2024-02-08,26.5,81.0,,,9.33471393585205,,,,,
2024-02-08,27.0,73.0,,,8.600064277648926,,,,,
2024-02-09,9.5,76.5,,,21.653573989868164,,,,,
2024-02-09,17.75,78.5,,,19.71511650085449,,,,,
2024-02-09,20.5,85.5,,,15.45693588256836,,,,,
2024-02-09,22.0,79.0,,,10.725656509399414,,,,,
2024-02-09,26.0,91.75,,,7.947881698608398,,,,,
2024-02-09,26.5,81.0,,,7.780344009399414,,,,,
2024-02-09,27.0,73.0,,,7.534087181091309,,,,,
2024-02-10,9.5,76.5,,,22.396114349365234,,,,,
2024-02-10,17.75,78.5,,,21.153059005737305,,,,,
2024-02-10,20.5,85.5,,,14.812515258789062,,,,,
2024-02-10,22.0,79.0,,,12.563130378723145,,,,,
2024-02-10,26.0,91.75,,,8.598225593566895,,,,,
2024-02-10,26.5,81.0,,,7.809374332427978,,,,,
2024-02-10,27.0,73.0,,,8.594804763793945,,,,,
2024-02-11,9.5,76.5,,,22.80178451538086,,,,,
2024-02-11,17.75,78.5,,,21.189435958862305,,,,,
2024-02-11,20.5,85.5,,,16.058313369750977,,,,,
2024-02-11,22.0,79.0,,,15.499427795410156,,,,,
2024-02-11,26.0,91.75,,,9.413634300231934,,,,,
2024-02-11,26.5,81.0,,,9.813390731811523,,,,,
2024-02-11,27.0,73.0,,,8.499968528747559,,,,,
2024-02-12,9.5,76.5,,,22.237424850463867,,,,,
2024-02-12,17.75,78.5,,,20.30492401123047,,,,,
2024-02-12,20.5,85.5,,,18.000762939453125,,,,,
2024-02-12,22.0,79.0,,,16.988584518432617,,,,,
2024-02-12,26.0,91.75,,,9.914691925048828,,,,,
2024-02-12,26.5,81.0,,,10.48365592956543,,,,,
2024-02-12,27.0,73.0,,,8.924613952636719,,,,,
2024-02-13,9.5,76.5,,,22.61077880859375,,,,,
2024-02-13,17.75,78.5,,,19.36334609985352,,,,,
2024-02-13,20.5,85.5,,,18.2429256439209,,,,,
2024-02-13,22.0,79.0,,,17.2850341796875,,,,,
2024-02-13,26.0,91.75,,,10.452479362487791,,,,,
2024-02-13,26.5,81.0,,,13.814249992370604,,,,,
2024-02-13,27.0,73.0,,,9.58933925628662,,,,,
2024-02-14,9.5,76.5,,,23.35460090637207,,,,,
2024-02-14,17.75,78.5,,,19.938720703125,,,,,
2024-02-14,20.5,85.5,,,18.173622131347656,,,,,
2024-02-14,22.0,79.0,,,15.667786598205566,,,,,
2024-02-14,26.0,91.75,,,11.219064712524414,,,,,
2024-02-14,26.5,81.0,,,14.8975830078125,,,,,
2024-02-14,27.0,73.0,,,9.785301208496094,,,,,
2024-02-15,9.5,76.5,,,22.57491874694824,,,,,
2024-02-15,17.75,78.5,,,19.669130325317383,,,,,
2024-02-15,20.5,85.5,,,18.68379592895508,,,,,
2024-02-15,22.0,79.0,,,15.88771629333496,,,,,
2024-02-15,26.0,91.75,,,13.548321723937988,,,,,
2024-02-15,26.5,81.0,,,13.256146430969238,,,,,
2024-02-15,27.0,73.0,,,9.65131378173828,,,,,
2024-02-16,9.5,76.5,,,22.721513748168945,,,,,
2024-02-16,17.75,78.5,,,17.995073318481445,,,,,
2024-02-16,20.5,85.5,,,18.801307678222656,,,,,
2024-02-16,22.0,79.0,,,15.779584884643556,,,,,
2024-02-16,26.0,91.75,,,12.37617301940918,,,,,
2024-02-16,26.5,81.0,,,12.612004280090332,,,,,
2024-02-16,27.0,73.0,,,10.72750186920166,,,,,
2024-02-17,9.5,76.5,,,23.363252639770508,,,,,
2024-02-17,17.75,78.5,,,17.758699417114258,,,,,
2024-02-17,20.5,85.5,,,19.430004119873047,,,,,
2024-02-17,22.0,79.0,,,15.691802024841309,,,,,
2024-02-17,26.0,91.75,,,11.858893394470217,,,,,
2024-02-17,26.5,81.0,,,11.83913803100586,,,,,
2024-02-17,27.0,73.0,,,11.400030136108398,,,,,
2024-02-18,9.5,76.5,,,23.320045471191406,,,,,
2024-02-18,17.75,78.5,,,18.400453567504883,,,,,
2024-02-18,20.5,85.5,,,20.28156089782715,,,,,
2024-02-18,22.0,79.0,,,17.590837478637695,,,,,
2024-02-18,26.0,91.75,,,11.28111457824707,,,,,
2024-02-18,26.5,81.0,,,11.104613304138184,,,,,
2024-02-18,27.0,73.0,,,12.20767593383789,,,,,
2024-02-19,9.5,76.5,,,23.37826156616211,,,,,
2024-02-19,17.75,78.5,,,18.96605491638184,,,,,
2024-02-19,20.5,85.5,,,21.51898193359375,,,,,
2024-02-19,22.0,79.0,,,18.320558547973636,,,,,
2024-02-19,26.0,91.75,,,11.200541496276855,,,,,
2024-02-19,26.5,81.0,,,14.127408027648926,,,,,
2024-02-19,27.0,73.0,,,14.772209167480469,,,,,
2024-02-20,9.5,76.5,,,23.38408660888672,,,,,
2024-02-20,17.75,78.5,,,19.56036949157715,,,,,
2024-02-20,20.5,85.5,,,21.621938705444336,,,,,
2024-02-20,22.0,79.0,,,17.01353645324707,,,,,
2024-02-20,26.0,91.75,,,11.1702299118042,,,,,
2024-02-20,26.5,81.0,,,15.361188888549805,,,,,
2024-02-20,27.0,73.0,,,15.182857513427734,,,,,
2024-02-21,9.5,76.5,,,23.277286529541016,,,,,
2024-02-21,17.75,78.5,,,20.00697898864746,,,,,
2024-02-21,20.5,85.5,,,21.188213348388672,,,,,
2024-02-21,22.0,79.0,,,16.524795532226562,,,,,
2024-02-21,26.0,91.75,,,15.062455177307127,,,,,
2024-02-21,26.5,81.0,,,15.520408630371094,,,,,
2024-02-21,27.0,73.0,,,13.603845596313477,,,,,
2024-02-22,9.5,76.5,,,23.919923782348636,,,,,
2024-02-22,17.75,78.5,,,19.906238555908203,,,,,
2024-02-22,20.5,85.5,,,21.862060546875,,,,,
2024-02-22,22.0,79.0,,,15.886704444885254,,,,,
2024-02-22,26.0,91.75,,,14.75718116760254,,,,,
2024-02-22,26.5,81.0,,,14.826663970947266,,,,,
2024-02-22,27.0,73.0,,,11.676331520080566,,,,,
2024-02-23,9.5,76.5,,,23.58841323852539,,,,,
2024-02-23,17.75,78.5,,,19.95267868041992,,,,,
2024-02-23,20.5,85.5,,,21.201770782470703,,,,,
2024-02-23,22.0,79.0,,,14.712885856628418,,,,,
2024-02-23,26.0,91.75,,,14.632501602172852,,,,,
2024-02-23,26.5,81.0,,,11.58441925048828,,,,,
2024-02-23,27.0,73.0,,,10.59457778930664,,,,,
2024-02-24,9.5,76.5,,,23.93773651123047,,,,,
2024-02-24,17.75,78.5,,,20.914833068847656,,,,,
2024-02-24,20.5,85.5,,,20.37833023071289,,,,,
2024-02-24,22.0,79.0,,,13.290233612060549,,,,,
2024-02-24,26.0,91.75,,,10.981325149536133,,,,,
2024-02-24,26.5,81.0,,,10.635014533996582,,,,,
2024-02-24,27.0,73.0,,,12.166051864624023,,,,,
2024-02-25,9.5,76.5,,,24.22691345214844,,,,,
2024-02-25,17.75,78.5,,,22.90237617492676,,,,,
2024-02-25,20.5,85.5,,,20.46964454650879,,,,,
2024-02-25,22.0,79.0,,,13.399514198303224,,,,,
2024-02-25,26.0,91.75,,,11.70533275604248,,,,,
2024-02-25,26.5,81.0,,,10.919034004211426,,,,,
2024-02-25,27.0,73.0,,,12.216275215148926,,,,,
2024-02-26,9.5,76.5,,,23.45788955688477,,,,,
2024-02-26,17.75,78.5,,,21.617748260498047,,,,,
2024-02-26,20.5,85.5,,,19.088794708251957,,,,,
2024-02-26,22.0,79.0,,,16.465919494628906,,,,,
2024-02-26,26.0,91.75,,,9.354321479797363,,,,,
2024-02-26,26.5,81.0,,,11.434209823608398,,,,,
2024-02-26,27.0,73.0,,,13.912981033325195,,,,,
2024-02-27,9.5,76.5,,,23.927549362182617,,,,,
2024-02-27,17.75,78.5,,,20.837587356567383,,,,,
2024-02-27,20.5,85.5,,,19.65711212158203,,,,,
2024-02-27,22.0,79.0,,,18.285280227661133,,,,,
2024-02-27,26.0,91.75,,,10.40622329711914,,,,,
2024-02-27,26.5,81.0,,,13.031365394592283,,,,,
2024-02-27,27.0,73.0,,,13.651857376098633,,,,,
2024-02-28,9.5,76.5,,,23.300273895263672,,,,,
2024-02-28,17.75,78.5,,,21.2025146484375,,,,,
2024-02-28,20.5,85.5,,,20.56085968017578,,,,,
2024-02-28,22.0,79.0,,,16.720415115356445,,,,,
2024-02-28,26.0,91.75,,,11.602126121520996,,,,,
2024-02-28,26.5,81.0,,,12.419305801391602,,,,,
2024-02-28,27.0,73.0,,,11.767786979675291,,,,,
2024-02-29,9.5,76.5,,,23.43753242492676,,,,,
2024-02-29,17.75,78.5,,,21.106090545654297,,,,,
2024-02-29,20.5,85.5,,,21.37825584411621,,,,,
2024-02-29,22.0,79.0,,,13.417596817016602,,,,,
2024-02-29,26.0,91.75,,,12.57505702972412,,,,,
2024-02-29,26.5,81.0,,,13.0185546875,,,,,
2024-02-29,27.0,73.0,,,12.917852401733398,,,,,
2024-03-01,9.5,76.5,,,23.38957023620605,,,,,
2024-03-01,17.75,78.5,,,21.932735443115234,,,,,
2024-03-01,20.5,85.5,,,20.63687515258789,,,,,
2024-03-01,22.0,79.0,,,17.38872718811035,,,,,
2024-03-01,26.0,91.75,,,13.20957088470459,,,,,
2024-03-01,26.5,81.0,,,12.883869171142578,,,,,
2024-03-01,27.0,73.0,,,17.154993057250977,,,,,
2024-03-02,9.5,76.5,,,23.09795570373535,,,,,
2024-03-02,17.75,78.5,,,22.561939239501957,,,,,
2024-03-02,20.5,85.5,,,21.341501235961918,,,,,
2024-03-02,22.0,79.0,,,18.582164764404297,,,,,
2024-03-02,26.0,91.75,,,12.875187873840332,,,,,
2024-03-02,26.5,81.0,,,17.001617431640625,,,,,
2024-03-02,27.0,73.0,,,17.83148193359375,,,,,
2024-03-03,9.5,76.5,,,22.75168800354004,,,,,
2024-03-03,17.75,78.5,,,22.36703872680664,,,,,
2024-03-03,20.5,85.5,,,22.310134887695312,,,,,
2024-03-03,22.0,79.0,,,18.050689697265625,,,,,
2024-03-03,26.0,91.75,,,14.194533348083496,,,,,
2024-03-03,26.5,81.0,,,16.80640411376953,,,,,
2024-03-03,27.0,73.0,,,9.910711288452148,,,,,
2024-03-04,9.5,76.5,,,23.272123336791992,,,,,
2024-03-04,17.75,78.5,,,22.258344650268555,,,,,
2024-03-04,20.5,85.5,,,22.36026763916016,,,,,
2024-03-04,22.0,79.0,,,16.098743438720703,,,,,
2024-03-04,26.0,91.75,,,14.752734184265137,,,,,
2024-03-04,26.5,81.0,,,15.396247863769531,,,,,
2024-03-04,27.0,73.0,,,8.777399063110352,,,,,
2024-03-05,9.5,76.5,,,23.431371688842773,,,,,
2024-03-05,17.75,78.5,,,22.077110290527344,,,,,
2024-03-05,20.5,85.5,,,21.83216857910156,,,,,
2024-03-05,22.0,79.0,,,13.641732215881348,,,,,
2024-03-05,26.0,91.75,,,15.205662727355955,,,,,
2024-03-05,26.5,81.0,,,12.096491813659668,,,,,
2024-03-05,27.0,73.0,,,9.574121475219728,,,,,
2024-03-06,9.5,76.5,,,23.626651763916016,,,,,
2024-03-06,17.75,78.5,,,23.097400665283203,,,,,
2024-03-06,20.5,85.5,,,21.540115356445312,,,,,
2024-03-06,22.0,79.0,,,14.694769859313965,,,,,
2024-03-06,26.0,91.75,,,13.542314529418944,,,,,
2024-03-06,26.5,81.0,,,11.10834503173828,,,,,
2024-03-06,27.0,73.0,,,11.206598281860352,,,,,
2024-03-07,9.5,76.5,,,23.473390579223636,,,,,
2024-03-07,17.75,78.5,,,23.6018180847168,,,,,
2024-03-07,20.5,85.5,,,22.35083770751953,,,,,
2024-03-07,22.0,79.0,,,15.124078750610352,,,,,
2024-03-07,26.0,91.75,,,12.67587184906006,,,,,
2024-03-07,26.5,81.0,,,11.172574996948242,,,,,
2024-03-07,27.0,73.0,,,11.700225830078123,,,,,
2024-03-08,9.5,76.5,,,23.360795974731445,,,,,
2024-03-08,17.75,78.5,,,22.335248947143555,,,,,
2024-03-08,20.5,85.5,,,20.9100341796875,,,,,
2024-03-08,22.0,79.0,,,15.276033401489258,,,,,
2024-03-08,26.0,91.75,,,12.84295654296875,,,,,
2024-03-08,26.5,81.0,,,12.737384796142578,,,,,
2024-03-08,27.0,73.0,,,12.482783317565918,,,,,
2024-03-09,9.5,76.5,,,23.65806770324707,,,,,
2024-03-09,17.75,78.5,,,22.04985618591309,,,,,
2024-03-09,20.5,85.5,,,19.67107963562012,,,,,
2024-03-09,22.0,79.0,,,15.361388206481934,,,,,
2024-03-09,26.0,91.75,,,11.907569885253906,,,,,
2024-03-09,26.5,81.0,,,12.910440444946287,,,,,
2024-03-09,27.0,73.0,,,13.354253768920898,,,,,
2024-03-10,9.5,76.5,,,24.271995544433597,,,,,
2024-03-10,17.75,78.5,,,23.738327026367188,,,,,
2024-03-10,20.5,85.5,,,19.94122886657715,,,,,
2024-03-10,22.0,79.0,,,15.994223594665527,,,,,
2024-03-10,26.0,91.75,,,12.773393630981444,,,,,
2024-03-10,26.5,81.0,,,12.61825466156006,,,,,
2024-03-10,27.0,73.0,,,14.059317588806152,,,,,
2024-03-11,9.5,76.5,,,24.261375427246094,,,,,
2024-03-11,17.75,78.5,,,23.7227840423584,,,,,
2024-03-11,20.5,85.5,,,21.662567138671875,,,,,
2024-03-11,22.0,79.0,,,17.439302444458008,,,,,
2024-03-11,26.0,91.75,,,13.439804077148438,,,,,
2024-03-11,26.5,81.0,,,14.39663028717041,,,,,
2024-03-11,27.0,73.0,,,16.611921310424805,,,,,
2024-03-12,9.5,76.5,,,23.60939598083496,,,,,
2024-03-12,17.75,78.5,,,23.461864471435547,,,,,
2024-03-12,20.5,85.5,,,23.152908325195312,,,,,
2024-03-12,22.0,79.0,,,17.57653045654297,,,,,
2024-03-12,26.0,91.75,,,14.806695938110352,,,,,
2024-03-12,26.5,81.0,,,15.572181701660156,,,,,
2024-03-12,27.0,73.0,,,16.91395378112793,,,,,
2024-03-13,9.5,76.5,,,23.761831283569336,,,,,
2024-03-13,17.75,78.5,,,25.18230438232422,,,,,
2024-03-13,20.5,85.5,,,23.582490921020508,,,,,
2024-03-13,22.0,79.0,,,18.07621383666992,,,,,
2024-03-13,26.0,91.75,,,15.949853897094728,,,,,
2024-03-13,26.5,81.0,,,16.794105529785156,,,,,
2024-03-13,27.0,73.0,,,17.175334930419922,,,,,
2024-03-14,9.5,76.5,,,24.06903839111328,,,,,
2024-03-14,17.75,78.5,,,24.444190979003903,,,,,
2024-03-14,20.5,85.5,,,23.670509338378903,,,,,
2024-03-14,22.0,79.0,,,17.092927932739258,,,,,
2024-03-14,26.0,91.75,,,16.894262313842773,,,,,
2024-03-14,26.5,81.0,,,16.544885635375977,,,,,
2024-03-14,27.0,73.0,,,15.935458183288574,,,,,
2024-03-15,9.5,76.5,,,24.696008682250977,,,,,
2024-03-15,17.75,78.5,,,23.8630428314209,,,,,
2024-03-15,20.5,85.5,,,23.33807373046875,,,,,
2024-03-15,22.0,79.0,,,16.387826919555664,,,,,
2024-03-15,26.0,91.75,,,16.80466079711914,,,,,
2024-03-15,26.5,81.0,,,16.500429153442383,,,,,
2024-03-15,27.0,73.0,,,16.588542938232422,,,,,
2024-03-16,9.5,76.5,,,24.590511322021484,,,,,
2024-03-16,17.75,78.5,,,24.440549850463867,,,,,
2024-03-16,20.5,85.5,,,24.50471305847168,,,,,
2024-03-16,22.0,79.0,,,18.719655990600582,,,,,
2024-03-16,26.0,91.75,,,15.89421272277832,,,,,
2024-03-16,26.5,81.0,,,15.16623306274414,,,,,
2024-03-16,27.0,73.0,,,15.443434715270996,,,,,
2024-03-17,9.5,76.5,,,24.07310485839844,,,,,
2024-03-17,17.75,78.5,,,24.17225456237793,,,,,
2024-03-17,20.5,85.5,,,22.74041175842285,,,,,
2024-03-17,22.0,79.0,,,18.999631881713867,,,,,
2024-03-17,26.0,91.75,,,16.293306350708008,,,,,
2024-03-17,26.5,81.0,,,14.739302635192873,,,,,
2024-03-17,27.0,73.0,,,14.995817184448242,,,,,
2024-03-18,9.5,76.5,,,23.937597274780277,,,,,
2024-03-18,17.75,78.5,,,23.988475799560547,,,,,
2024-03-18,20.5,85.5,,,23.04286193847656,,,,,
2024-03-18,22.0,79.0,,,19.004148483276367,,,,,
2024-03-18,26.0,91.75,,,16.038658142089844,,,,,
2024-03-18,26.5,81.0,,,15.002628326416016,,,,,
2024-03-18,27.0,73.0,,,15.752696990966797,,,,,
2024-03-19,9.5,76.5,,,23.540624618530277,,,,,
2024-03-19,17.75,78.5,,,24.18330764770508,,,,,
2024-03-19,20.5,85.5,,,20.923816680908203,,,,,
2024-03-19,22.0,79.0,,,18.31256103515625,,,,,
2024-03-19,26.0,91.75,,,15.81937313079834,,,,,
2024-03-19,26.5,81.0,,,14.844874382019045,,,,,
2024-03-19,27.0,73.0,,,16.598188400268555,,,,,
2024-03-20,9.5,76.5,,,23.22373962402344,,,,,
2024-03-20,17.75,78.5,,,22.81326675415039,,,,,
2024-03-20,20.5,85.5,,,17.06539535522461,,,,,
2024-03-20,22.0,79.0,,,15.282766342163086,,,,,
2024-03-20,26.0,91.75,,,16.880573272705078,,,,,
2024-03-20,26.5,81.0,,,15.09557819366455,,,,,
2024-03-20,27.0,73.0,,,17.786121368408203,,,,,
2024-03-21,9.5,76.5,,,24.013551712036133,,,,,
2024-03-21,17.75,78.5,,,22.21858787536621,,,,,
2024-03-21,20.5,85.5,,,15.57503890991211,,,,,
2024-03-21,22.0,79.0,,,16.015085220336914,,,,,
2024-03-21,26.0,91.75,,,16.422073364257812,,,,,
2024-03-21,26.5,81.0,,,15.14344596862793,,,,,
2024-03-21,27.0,73.0,,,19.85587882995605,,,,,
2024-03-22,9.5,76.5,,,24.486970901489254,,,,,
2024-03-22,17.75,78.5,,,22.34971237182617,,,,,
2024-03-22,20.5,85.5,,,19.48756599426269,,,,,
2024-03-22,22.0,79.0,,,17.2111873626709,,,,,
2024-03-22,26.0,91.75,,,14.61786651611328,,,,,
2024-03-22,26.5,81.0,,,15.512850761413574,,,,,
2024-03-22,27.0,73.0,,,18.683040618896484,,,,,
2024-03-23,9.5,76.5,,,23.841960906982425,,,,,
2024-03-23,17.75,78.5,,,23.154586791992188,,,,,
2024-03-23,20.5,85.5,,,21.26531410217285,,,,,
2024-03-23,22.0,79.0,,,18.34332656860352,,,,,
2024-03-23,26.0,91.75,,,15.333297729492188,,,,,
2024-03-23,26.5,81.0,,,17.36055564880371,,,,,
2024-03-23,27.0,73.0,,,19.36827087402344,,,,,
2024-03-24,9.5,76.5,,,24.271982192993164,,,,,
2024-03-24,17.75,78.5,,,24.8509521484375,,,,,
2024-03-24,20.5,85.5,,,22.69702911376953,,,,,
2024-03-24,22.0,79.0,,,19.288209915161133,,,,,
2024-03-24,26.0,91.75,,,15.95402717590332,,,,,
2024-03-24,26.5,81.0,,,17.213342666625977,,,,,
2024-03-24,27.0,73.0,,,22.5487003326416,,,,,
2024-03-25,9.5,76.5,,,23.75121116638184,,,,,
2024-03-25,17.75,78.5,,,24.40751266479492,,,,,
2024-03-25,20.5,85.5,,,22.93488121032715,,,,,
2024-03-25,22.0,79.0,,,20.340621948242188,,,,,
2024-03-25,26.0,91.75,,,17.616445541381836,,,,,
2024-03-25,26.5,81.0,,,19.15667533874512,,,,,
2024-03-25,27.0,73.0,,,19.042221069335938,,,,,
2024-03-26,9.5,76.5,,,23.945402145385746,,,,,
2024-03-26,17.75,78.5,,,23.696956634521484,,,,,
2024-03-26,20.5,85.5,,,21.37177276611328,,,,,
2024-03-26,22.0,79.0,,,20.01669692993164,,,,,
2024-03-26,26.0,91.75,,,16.370222091674805,,,,,
2024-03-26,26.5,81.0,,,17.953550338745117,,,,,
2024-03-26,27.0,73.0,,,20.960773468017575,,,,,
2024-03-27,9.5,76.5,,,24.272926330566406,,,,,
2024-03-27,17.75,78.5,,,23.619430541992188,,,,,
2024-03-27,20.5,85.5,,,23.25504493713379,,,,,
2024-03-27,22.0,79.0,,,21.56856155395508,,,,,
2024-03-27,26.0,91.75,,,16.913196563720703,,,,,
2024-03-27,26.5,81.0,,,18.439815521240234,,,,,
2024-03-27,27.0,73.0,,,23.33160400390625,,,,,
2024-03-28,9.5,76.5,,,24.830093383789062,,,,,
2024-03-28,17.75,78.5,,,24.16298484802246,,,,,
2024-03-28,20.5,85.5,,,23.72537612915039,,,,,
2024-03-28,22.0,79.0,,,22.56689453125,,,,,
2024-03-28,26.0,91.75,,,17.700363159179688,,,,,
2024-03-28,26.5,81.0,,,19.9344539642334,,,,,
2024-03-28,27.0,73.0,,,22.785621643066406,,,,,
2024-03-29,9.5,76.5,,,24.27485466003418,,,,,
2024-03-29,17.75,78.5,,,25.01229858398437,,,,,
2024-03-29,20.5,85.5,,,24.2511043548584,,,,,
2024-03-29,22.0,79.0,,,23.32738304138184,,,,,
2024-03-29,26.0,91.75,,,17.54378318786621,,,,,
2024-03-29,26.5,81.0,,,21.664514541625977,,,,,
2024-03-29,27.0,73.0,,,21.71243095397949,,,,,
2024-03-30,9.5,76.5,,,24.429672241210938,,,,,
2024-03-30,17.75,78.5,,,25.220762252807617,,,,,
2024-03-30,20.5,85.5,,,24.67041778564453,,,,,
2024-03-30,22.0,79.0,,,23.136568069458008,,,,,
2024-03-30,26.0,91.75,,,18.72368431091309,,,,,
2024-03-30,26.5,81.0,,,22.648727416992188,,,,,
2024-03-30,27.0,73.0,,,22.66257095336914,,,,,
2024-03-31,9.5,76.5,,,24.152729034423828,,,,,
2024-03-31,17.75,78.5,,,24.64082908630371,,,,,
2024-03-31,20.5,85.5,,,25.002674102783203,,,,,
2024-03-31,22.0,79.0,,,22.73507308959961,,,,,
2024-03-31,26.0,91.75,,,20.50229835510254,,,,,
2024-03-31,26.5,81.0,,,22.45157814025879,,,,,
2024-03-31,27.0,73.0,,,21.374141693115234,,,,,
2024-04-01,9.5,76.5,,,24.76457023620605,,,,,
2024-04-01,17.75,78.5,,,24.273059844970703,,,,,
2024-04-01,20.5,85.5,,,24.71641159057617,,,,,
2024-04-01,22.0,79.0,,,22.018068313598636,,,,,
2024-04-01,26.0,91.75,,,19.154939651489254,,,,,
2024-04-01,26.5,81.0,,,21.17807388305664,,,,,
2024-04-01,27.0,73.0,,,20.199405670166016,,,,,
2024-04-02,9.5,76.5,,,25.28082275390625,,,,,
2024-04-02,17.75,78.5,,,25.06048393249512,,,,,
2024-04-02,20.5,85.5,,,24.867351531982425,,,,,
2024-04-02,22.0,79.0,,,20.10060691833496,,,,,
2024-04-02,26.0,91.75,,,19.103151321411133,,,,,
2024-04-02,26.5,81.0,,,19.46868896484375,,,,,
2024-04-02,27.0,73.0,,,18.12019920349121,,,,,
2024-04-03,9.5,76.5,,,25.55336570739746,,,,,
2024-04-03,17.75,78.5,,,26.526010513305664,,,,,
2024-04-03,20.5,85.5,,,24.52064323425293,,,,,
2024-04-03,22.0,79.0,,,21.816030502319336,,,,,
2024-04-03,26.0,91.75,,,19.41722679138184,,,,,
2024-04-03,26.5,81.0,,,19.237268447875977,,,,,
2024-04-03,27.0,73.0,,,22.33768844604492,,,,,
2024-04-04,9.5,76.5,,,25.16828155517578,,,,,
2024-04-04,17.75,78.5,,,26.282773971557617,,,,,
2024-04-04,20.5,85.5,,,25.35898971557617,,,,,
2024-04-04,22.0,79.0,,,23.304611206054688,,,,,
2024-04-04,26.0,91.75,,,20.01850891113281,,,,,
2024-04-04,26.5,81.0,,,21.160539627075195,,,,,
2024-04-04,27.0,73.0,,,22.260629653930664,,,,,
2024-04-05,9.5,76.5,,,24.839433670043945,,,,,
2024-04-05,17.75,78.5,,,26.34950828552246,,,,,
2024-04-05,20.5,85.5,,,25.660545349121094,,,,,
2024-04-05,22.0,79.0,,,22.27764129638672,,,,,
2024-04-05,26.0,91.75,,,20.69651222229004,,,,,
2024-04-05,26.5,81.0,,,21.75825881958008,,,,,
2024-04-05,27.0,73.0,,,23.24138832092285,,,,,
2024-04-06,9.5,76.5,,,25.085132598876957,,,,,
2024-04-06,17.75,78.5,,,26.544906616210938,,,,,
2024-04-06,20.5,85.5,,,25.713462829589844,,,,,
2024-04-06,22.0,79.0,,,23.249738693237305,,,,,
2024-04-06,26.0,91.75,,,21.512487411499023,,,,,
2024-04-06,26.5,81.0,,,22.569902420043945,,,,,
2024-04-06,27.0,73.0,,,20.88717460632324,,,,,
2024-04-07,9.5,76.5,,,25.702415466308597,,,,,
2024-04-07,17.75,78.5,,,26.7860164642334,,,,,
2024-04-07,20.5,85.5,,,26.678050994873047,,,,,
2024-04-07,22.0,79.0,,,23.648822784423828,,,,,
2024-04-07,26.0,91.75,,,20.16507339477539,,,,,
2024-04-07,26.5,81.0,,,20.323341369628903,,,,,
2024-04-07,27.0,73.0,,,19.40964698791504,,,,,
2024-04-08,9.5,76.5,,,25.64950561523437,,,,,
2024-04-08,17.75,78.5,,,26.6488094329834,,,,,
2024-04-08,20.5,85.5,,,23.22824478149414,,,,,
2024-04-08,22.0,79.0,,,20.762393951416016,,,,,
2024-04-08,26.0,91.75,,,19.51345443725586,,,,,
2024-04-08,26.5,81.0,,,19.93982696533203,,,,,
2024-04-08,27.0,73.0,,,21.928112030029297,,,,,
2024-04-09,9.5,76.5,,,25.529067993164062,,,,,
2024-04-09,17.75,78.5,,,25.305923461914062,,,,,
2024-04-09,20.5,85.5,,,22.653154373168945,,,,,
2024-04-09,22.0,79.0,,,20.629413604736328,,,,,
2024-04-09,26.0,91.75,,,18.679712295532227,,,,,
2024-04-09,26.5,81.0,,,19.6894474029541,,,,,
2024-04-09,27.0,73.0,,,23.70343399047852,,,,,
2024-04-10,9.5,76.5,,,25.31064796447754,,,,,
2024-04-10,17.75,78.5,,,25.19058990478516,,,,,
2024-04-10,20.5,85.5,,,23.35093307495117,,,,,
2024-04-10,22.0,79.0,,,20.01957130432129,,,,,
2024-04-10,26.0,91.75,,,19.00955581665039,,,,,
2024-04-10,26.5,81.0,,,20.64048194885254,,,,,
2024-04-10,27.0,73.0,,,24.01864624023437,,,,,
2024-04-11,9.5,76.5,,,25.532224655151367,,,,,
2024-04-11,17.75,78.5,,,24.9600887298584,,,,,
2024-04-11,20.5,85.5,,,23.78374290466309,,,,,
2024-04-11,22.0,79.0,,,19.14528083801269,,,,,
2024-04-11,26.0,91.75,,,19.344905853271484,,,,,
2024-04-11,26.5,81.0,,,21.16767692565918,,,,,
2024-04-11,27.0,73.0,,,23.27689552307129,,,,,
2024-04-12,9.5,76.5,,,25.07572364807129,,,,,
2024-04-12,17.75,78.5,,,24.73169708251953,,,,,
2024-04-12,20.5,85.5,,,21.25934410095215,,,,,
2024-04-12,22.0,79.0,,,20.636186599731445,,,,,
2024-04-12,26.0,91.75,,,20.873090744018555,,,,,
2024-04-12,26.5,81.0,,,21.88945770263672,,,,,
2024-04-12,27.0,73.0,,,23.444522857666016,,,,,
2024-04-13,9.5,76.5,,,24.04753303527832,,,,,
2024-04-13,17.75,78.5,,,24.945554733276367,,,,,
2024-04-13,20.5,85.5,,,21.621597290039062,,,,,
2024-04-13,22.0,79.0,,,19.683019638061523,,,,,
2024-04-13,26.0,91.75,,,20.92666244506836,,,,,
2024-04-13,26.5,81.0,,,21.582351684570312,,,,,
2024-04-13,27.0,73.0,,,24.006277084350582,,,,,
2024-04-14,9.5,76.5,,,24.72565650939941,,,,,
2024-04-14,17.75,78.5,,,24.81114959716797,,,,,
2024-04-14,20.5,85.5,,,24.432172775268555,,,,,
2024-04-14,22.0,79.0,,,20.657136917114254,,,,,
2024-04-14,26.0,91.75,,,20.08834648132324,,,,,
2024-04-14,26.5,81.0,,,23.517127990722656,,,,,
2024-04-14,27.0,73.0,,,21.310476303100582,,,,,
2024-04-15,9.5,76.5,,,24.571319580078125,,,,,
2024-04-15,17.75,78.5,,,25.85491371154785,,,,,
2024-04-15,20.5,85.5,,,25.042348861694336,,,,,
2024-04-15,22.0,79.0,,,22.44573211669922,,,,,
2024-04-15,26.0,91.75,,,20.431241989135746,,,,,
2024-04-15,26.5,81.0,,,23.208539962768555,,,,,
2024-04-15,27.0,73.0,,,23.501100540161133,,,,,
2024-04-16,9.5,76.5,,,26.029916763305664,,,,,
2024-04-16,17.75,78.5,,,26.935077667236328,,,,,
2024-04-16,20.5,85.5,,,27.23401641845703,,,,,
2024-04-16,22.0,79.0,,,22.95224952697754,,,,,
2024-04-16,26.0,91.75,,,22.158954620361328,,,,,
2024-04-16,26.5,81.0,,,25.500043869018555,,,,,
2024-04-16,27.0,73.0,,,24.86628150939941,,,,,
2024-04-17,9.5,76.5,,,25.15654945373535,,,,,
2024-04-17,17.75,78.5,,,27.20526885986328,,,,,
2024-04-17,20.5,85.5,,,26.20460700988769,,,,,
2024-04-17,22.0,79.0,,,22.2305908203125,,,,,
2024-04-17,26.0,91.75,,,21.876998901367188,,,,,
2024-04-17,26.5,81.0,,,23.109664916992188,,,,,
2024-04-17,27.0,73.0,,,22.86556053161621,,,,,
2024-04-18,9.5,76.5,,,25.800596237182617,,,,,
2024-04-18,17.75,78.5,,,27.34214401245117,,,,,
2024-04-18,20.5,85.5,,,25.007495880126957,,,,,
2024-04-18,22.0,79.0,,,21.93999290466309,,,,,
2024-04-18,26.0,91.75,,,20.27349090576172,,,,,
2024-04-18,26.5,81.0,,,22.200902938842773,,,,,
2024-04-18,27.0,73.0,,,22.6141357421875,,,,,
2024-04-19,9.5,76.5,,,26.14563751220703,,,,,
2024-04-19,17.75,78.5,,,27.931018829345703,,,,,
2024-04-19,20.5,85.5,,,25.20503616333008,,,,,
2024-04-19,22.0,79.0,,,22.600431442260746,,,,,
2024-04-19,26.0,91.75,,,20.07570075988769,,,,,
2024-04-19,26.5,81.0,,,24.120197296142575,,,,,
2024-04-19,27.0,73.0,,,22.87477302551269,,,,,
2024-04-20,9.5,76.5,,,26.278947830200195,,,,,
2024-04-20,17.75,78.5,,,26.888504028320312,,,,,
2024-04-20,20.5,85.5,,,25.962160110473636,,,,,
2024-04-20,22.0,79.0,,,24.3127555847168,,,,,
2024-04-20,26.0,91.75,,,20.123510360717773,,,,,
2024-04-20,26.5,81.0,,,24.83174514770508,,,,,
2024-04-20,27.0,73.0,,,23.14094352722168,,,,,
2024-04-21,9.5,76.5,,,26.05699157714844,,,,,
2024-04-21,17.75,78.5,,,25.3133544921875,,,,,
2024-04-21,20.5,85.5,,,26.21163558959961,,,,,
2024-04-21,22.0,79.0,,,24.1533317565918,,,,,
2024-04-21,26.0,91.75,,,20.24409866333008,,,,,
2024-04-21,26.5,81.0,,,23.484642028808597,,,,,
2024-04-21,27.0,73.0,,,24.118183135986328,,,,,
2024-04-22,9.5,76.5,,,25.5291805267334,,,,,
2024-04-22,17.75,78.5,,,26.420276641845703,,,,,
2024-04-22,20.5,85.5,,,26.967796325683597,,,,,
2024-04-22,22.0,79.0,,,23.429039001464844,,,,,
2024-04-22,26.0,91.75,,,21.65008354187012,,,,,
2024-04-22,26.5,81.0,,,23.439258575439453,,,,,
2024-04-22,27.0,73.0,,,23.071840286254883,,,,,
2024-04-23,9.5,76.5,,,25.89957046508789,,,,,
2024-04-23,17.75,78.5,,,25.391563415527344,,,,,
2024-04-23,20.5,85.5,,,25.68044090270996,,,,,
2024-04-23,22.0,79.0,,,23.10072898864746,,,,,
2024-04-23,26.0,91.75,,,21.347553253173828,,,,,
2024-04-23,26.5,81.0,,,24.349056243896484,,,,,
2024-04-23,27.0,73.0,,,23.28775978088379,,,,,
2024-04-24,9.5,76.5,,,25.446508407592773,,,,,
2024-04-24,17.75,78.5,,,25.913816452026367,,,,,
2024-04-24,20.5,85.5,,,25.843860626220703,,,,,
2024-04-24,22.0,79.0,,,22.001314163208008,,,,,
2024-04-24,26.0,91.75,,,21.203441619873047,,,,,
2024-04-24,26.5,81.0,,,23.01947593688965,,,,,
2024-04-24,27.0,73.0,,,22.98094749450684,,,,,
2024-04-25,9.5,76.5,,,25.108810424804688,,,,,
2024-04-25,17.75,78.5,,,26.268962860107425,,,,,
2024-04-25,20.5,85.5,,,25.02922821044922,,,,,
2024-04-25,22.0,79.0,,,22.46847152709961,,,,,
2024-04-25,26.0,91.75,,,20.036733627319336,,,,,
2024-04-25,26.5,81.0,,,22.71428680419922,,,,,
2024-04-25,27.0,73.0,,,23.740272521972656,,,,,
2024-04-26,9.5,76.5,,,25.97701835632324,,,,,
2024-04-26,17.75,78.5,,,26.093000411987305,,,,,
2024-04-26,20.5,85.5,,,26.52031135559082,,,,,
2024-04-26,22.0,79.0,,,23.16007423400879,,,,,
2024-04-26,26.0,91.75,,,20.93268585205078,,,,,
2024-04-26,26.5,81.0,,,24.18527603149414,,,,,
2024-04-26,27.0,73.0,,,25.14873313903809,,,,,
2024-04-27,9.5,76.5,,,25.309568405151367,,,,,
2024-04-27,17.75,78.5,,,27.284481048583984,,,,,
2024-04-27,20.5,85.5,,,26.24898338317871,,,,,
2024-04-27,22.0,79.0,,,23.238431930541992,,,,,
2024-04-27,26.0,91.75,,,20.66628074645996,,,,,
2024-04-27,26.5,81.0,,,26.454294204711918,,,,,
2024-04-27,27.0,73.0,,,24.090755462646484,,,,,
2024-04-28,9.5,76.5,,,26.336475372314453,,,,,
2024-04-28,17.75,78.5,,,27.97433280944824,,,,,
2024-04-28,20.5,85.5,,,26.001224517822266,,,,,
2024-04-28,22.0,79.0,,,23.62928771972656,,,,,
2024-04-28,26.0,91.75,,,21.67218589782715,,,,,
2024-04-28,26.5,81.0,,,24.62109375,,,,,
2024-04-28,27.0,73.0,,,24.905900955200195,,,,,
2024-04-29,9.5,76.5,,,26.34650230407715,,,,,
2024-04-29,17.75,78.5,,,28.367475509643555,,,,,
2024-04-29,20.5,85.5,,,25.399452209472656,,,,,
2024-04-29,22.0,79.0,,,23.44399070739746,,,,,
2024-04-29,26.0,91.75,,,21.63079071044922,,,,,
2024-04-29,26.5,81.0,,,23.81583595275879,,,,,
2024-04-29,27.0,73.0,,,24.70260429382324,,,,,
2024-04-30,9.5,76.5,,,26.70868492126465,,,,,
2024-04-30,17.75,78.5,,,27.572751998901367,,,,,
2024-04-30,20.5,85.5,,,26.49432373046875,,,,,
2024-04-30,22.0,79.0,,,25.38936996459961,,,,,
2024-04-30,26.0,91.75,,,21.76174545288086,,,,,
2024-04-30,26.5,81.0,,,24.47978401184082,,,,,
2024-04-30,27.0,73.0,,,21.96560478210449,,,,,
2024-05-01,9.5,76.5,,,25.57457160949707,,,,,
2024-05-01,17.75,78.5,,,28.450803756713867,,,,,
2024-05-01,20.5,85.5,,,27.47268295288086,,,,,
2024-05-01,22.0,79.0,,,23.496477127075195,,,,,
2024-05-01,26.0,91.75,,,21.766132354736328,,,,,
2024-05-01,26.5,81.0,,,22.13441276550293,,,,,
2024-05-01,27.0,73.0,,,20.419700622558597,,,,,
2024-05-02,9.5,76.5,,,26.83191680908203,,,,,
2024-05-02,17.75,78.5,,,27.90816307067871,,,,,
2024-05-02,20.5,85.5,,,25.96010971069336,,,,,
2024-05-02,22.0,79.0,,,21.60074615478516,,,,,
2024-05-02,26.0,91.75,,,19.879194259643555,,,,,
2024-05-02,26.5,81.0,,,21.066484451293945,,,,,
2024-05-02,27.0,73.0,,,19.860286712646484,,,,,
2024-05-03,9.5,76.5,,,27.611064910888672,,,,,
2024-05-03,17.75,78.5,,,26.065601348876957,,,,,
2024-05-03,20.5,85.5,,,25.368732452392575,,,,,
2024-05-03,22.0,79.0,,,21.02556800842285,,,,,
2024-05-03,26.0,91.75,,,17.699716567993164,,,,,
2024-05-03,26.5,81.0,,,20.34637260437012,,,,,
2024-05-03,27.0,73.0,,,20.387916564941406,,,,,
2024-05-04,9.5,76.5,,,27.07537651062012,,,,,
2024-05-04,17.75,78.5,,,27.014497756958008,,,,,
2024-05-04,20.5,85.5,,,25.65972328186035,,,,,
2024-05-04,22.0,79.0,,,21.251972198486328,,,,,
2024-05-04,26.0,91.75,,,19.36983871459961,,,,,
2024-05-04,26.5,81.0,,,22.56575965881348,,,,,
2024-05-04,27.0,73.0,,,26.21749496459961,,,,,
2024-05-05,9.5,76.5,,,27.38095474243164,,,,,
2024-05-05,17.75,78.5,,,28.574241638183597,,,,,
2024-05-05,20.5,85.5,,,26.082624435424805,,,,,
2024-05-05,22.0,79.0,,,23.61739730834961,,,,,
2024-05-05,26.0,91.75,,,19.760284423828125,,,,,
2024-05-05,26.5,81.0,,,22.48758125305176,,,,,
2024-05-05,27.0,73.0,,,26.907907485961918,,,,,
2024-05-06,9.5,76.5,,,26.762508392333984,,,,,
2024-05-06,17.75,78.5,,,27.257511138916016,,,,,
2024-05-06,20.5,85.5,,,28.01450538635254,,,,,
2024-05-06,22.0,79.0,,,25.400972366333008,,,,,
2024-05-06,26.0,91.75,,,17.786422729492188,,,,,
2024-05-06,26.5,81.0,,,25.84879875183105,,,,,
2024-05-06,27.0,73.0,,,26.07894515991211,,,,,
2024-05-07,9.5,76.5,,,26.015554428100582,,,,,
2024-05-07,17.75,78.5,,,28.247188568115234,,,,,
2024-05-07,20.5,85.5,,,24.42374038696289,,,,,
2024-05-07,22.0,79.0,,,24.66831398010254,,,,,
2024-05-07,26.0,91.75,,,17.980480194091797,,,,,
2024-05-07,26.5,81.0,,,26.308025360107425,,,,,
2024-05-07,27.0,73.0,,,26.60047912597656,,,,,
2024-05-08,9.5,76.5,,,26.50373268127441,,,,,
2024-05-08,17.75,78.5,,,22.83589172363281,,,,,
2024-05-08,20.5,85.5,,,23.74934196472168,,,,,
2024-05-08,22.0,79.0,,,22.961265563964844,,,,,
2024-05-08,26.0,91.75,,,18.308015823364254,,,,,
2024-05-08,26.5,81.0,,,24.319623947143555,,,,,
2024-05-08,27.0,73.0,,,28.71113586425781,,,,,
2024-05-09,9.5,76.5,,,25.255971908569336,,,,,
2024-05-09,17.75,78.5,,,24.492965698242188,,,,,
2024-05-09,20.5,85.5,,,23.520248413085938,,,,,
2024-05-09,22.0,79.0,,,24.2528076171875,,,,,
2024-05-09,26.0,91.75,,,19.979066848754883,,,,,
2024-05-09,26.5,81.0,,,24.62701988220215,,,,,
2024-05-09,27.0,73.0,,,28.773042678833008,,,,,
2024-05-10,9.5,76.5,,,24.5504093170166,,,,,
2024-05-10,17.75,78.5,,,25.649311065673828,,,,,
2024-05-10,20.5,85.5,,,23.323375701904297,,,,,
2024-05-10,22.0,79.0,,,23.11463928222656,,,,,
2024-05-10,26.0,91.75,,,19.903728485107425,,,,,
2024-05-10,26.5,81.0,,,24.11127281188965,,,,,
2024-05-10,27.0,73.0,,,29.7410831451416,,,,,
2024-05-11,9.5,76.5,,,25.085901260375977,,,,,
2024-05-11,17.75,78.5,,,26.119985580444336,,,,,
2024-05-11,20.5,85.5,,,24.93299674987793,,,,,
2024-05-11,22.0,79.0,,,24.70907592773437,,,,,
2024-05-11,26.0,91.75,,,19.7287712097168,,,,,
2024-05-11,26.5,81.0,,,25.14840316772461,,,,,
2024-05-11,27.0,73.0,,,25.060041427612305,,,,,
2024-05-12,9.5,76.5,,,24.45297622680664,,,,,
2024-05-12,17.75,78.5,,,27.015443801879883,,,,,
2024-05-12,20.5,85.5,,,22.33818244934082,,,,,
2024-05-12,22.0,79.0,,,24.654151916503903,,,,,
2024-05-12,26.0,91.75,,,20.28888511657715,,,,,
2024-05-12,26.5,81.0,,,24.62132835388184,,,,,
2024-05-12,27.0,73.0,,,24.575815200805664,,,,,
2024-05-13,9.5,76.5,,,24.489673614501957,,,,,
2024-05-13,17.75,78.5,,,23.021589279174805,,,,,
2024-05-13,20.5,85.5,,,23.414043426513672,,,,,
2024-05-13,22.0,79.0,,,22.93408966064453,,,,,
2024-05-13,26.0,91.75,,,21.022815704345703,,,,,
2024-05-13,26.5,81.0,,,25.871755599975582,,,,,
2024-05-13,27.0,73.0,,,28.12262344360352,,,,,
2024-05-14,9.5,76.5,,,23.95844268798828,,,,,
2024-05-14,17.75,78.5,,,25.804431915283203,,,,,
2024-05-14,20.5,85.5,,,23.883440017700195,,,,,
2024-05-14,22.0,79.0,,,23.617128372192383,,,,,
2024-05-14,26.0,91.75,,,22.39678001403809,,,,,
2024-05-14,26.5,81.0,,,26.01705551147461,,,,,
2024-05-14,27.0,73.0,,,26.04814910888672,,,,,
2024-05-15,9.5,76.5,,,23.913637161254883,,,,,
2024-05-15,17.75,78.5,,,23.55175018310547,,,,,
2024-05-15,20.5,85.5,,,25.16712188720703,,,,,
2024-05-15,22.0,79.0,,,22.56281471252441,,,,,
2024-05-15,26.0,91.75,,,22.96532249450684,,,,,
2024-05-15,26.5,81.0,,,25.443927764892575,,,,,
2024-05-15,27.0,73.0,,,26.62418556213379,,,,,
2024-05-16,9.5,76.5,,,23.69218635559082,,,,,
2024-05-16,17.75,78.5,,,26.299375534057617,,,,,
2024-05-16,20.5,85.5,,,26.800498962402344,,,,,
2024-05-16,22.0,79.0,,,23.92881965637207,,,,,
2024-05-16,26.0,91.75,,,22.14681625366211,,,,,
2024-05-16,26.5,81.0,,,24.749515533447266,,,,,
2024-05-16,27.0,73.0,,,28.48367691040039,,,,,
2024-05-17,9.5,76.5,,,24.19066047668457,,,,,
2024-05-17,17.75,78.5,,,22.921998977661133,,,,,
2024-05-17,20.5,85.5,,,27.192590713500977,,,,,
2024-05-17,22.0,79.0,,,23.943117141723636,,,,,
2024-05-17,26.0,91.75,,,22.712207794189453,,,,,
2024-05-17,26.5,81.0,,,25.85268211364746,,,,,
2024-05-17,27.0,73.0,,,28.77813148498535,,,,,
2024-05-18,9.5,76.5,,,23.63326644897461,,,,,
2024-05-18,17.75,78.5,,,24.469789505004883,,,,,
2024-05-18,20.5,85.5,,,26.821969985961918,,,,,
2024-05-18,22.0,79.0,,,24.06855010986328,,,,,
2024-05-18,26.0,91.75,,,21.65324592590332,,,,,
2024-05-18,26.5,81.0,,,27.82377243041992,,,,,
2024-05-18,27.0,73.0,,,29.17033576965332,,,,,
2024-05-19,9.5,76.5,,,23.72507667541504,,,,,
2024-05-19,17.75,78.5,,,25.3052978515625,,,,,
2024-05-19,20.5,85.5,,,26.608646392822266,,,,,
2024-05-19,22.0,79.0,,,25.721893310546875,,,,,
2024-05-19,26.0,91.75,,,21.312896728515625,,,,,
2024-05-19,26.5,81.0,,,27.981948852539062,,,,,
2024-05-19,27.0,73.0,,,29.6290340423584,,,,,
2024-05-20,9.5,76.5,,,23.237913131713867,,,,,
2024-05-20,17.75,78.5,,,25.565353393554688,,,,,
2024-05-20,20.5,85.5,,,26.78648567199707,,,,,
2024-05-20,22.0,79.0,,,24.7215518951416,,,,,
2024-05-20,26.0,91.75,,,21.16171646118164,,,,,
2024-05-20,26.5,81.0,,,28.696231842041016,,,,,
2024-05-20,27.0,73.0,,,30.20302963256836,,,,,
2024-05-21,9.5,76.5,,,22.93233108520508,,,,,
2024-05-21,17.75,78.5,,,27.061695098876957,,,,,
2024-05-21,20.5,85.5,,,24.559236526489254,,,,,
2024-05-21,22.0,79.0,,,25.270973205566406,,,,,
2024-05-21,26.0,91.75,,,21.912691116333008,,,,,
2024-05-21,26.5,81.0,,,26.75616836547852,,,,,
2024-05-21,27.0,73.0,,,30.300561904907227,,,,,
2024-05-22,9.5,76.5,,,23.704349517822266,,,,,
2024-05-22,17.75,78.5,,,27.091522216796875,,,,,
2024-05-22,20.5,85.5,,,27.039730072021484,,,,,
2024-05-22,22.0,79.0,,,26.94519805908203,,,,,
2024-05-22,26.0,91.75,,,22.313793182373047,,,,,
2024-05-22,26.5,81.0,,,28.22119903564453,,,,,
2024-05-22,27.0,73.0,,,30.804096221923828,,,,,
2024-05-23,9.5,76.5,,,23.4134578704834,,,,,
2024-05-23,17.75,78.5,,,26.10445022583008,,,,,
2024-05-23,20.5,85.5,,,26.31214904785156,,,,,
2024-05-23,22.0,79.0,,,25.877954483032227,,,,,
2024-05-23,26.0,91.75,,,22.030275344848636,,,,,
2024-05-23,26.5,81.0,,,27.9105281829834,,,,,
2024-05-23,27.0,73.0,,,30.98573875427246,,,,,
2024-05-24,9.5,76.5,,,23.5642147064209,,,,,
2024-05-24,17.75,78.5,,,26.603784561157227,,,,,
2024-05-24,20.5,85.5,,,26.391393661499023,,,,,
2024-05-24,22.0,79.0,,,26.726318359375,,,,,
2024-05-24,26.0,91.75,,,23.160255432128903,,,,,
2024-05-24,26.5,81.0,,,28.0802001953125,,,,,
2024-05-24,27.0,73.0,,,31.37943649291992,,,,,
2024-05-25,9.5,76.5,,,22.84364128112793,,,,,
2024-05-25,17.75,78.5,,,26.573373794555664,,,,,
2024-05-25,20.5,85.5,,,26.396448135375977,,,,,
2024-05-25,22.0,79.0,,,27.14147186279297,,,,,
2024-05-25,26.0,91.75,,,24.143110275268555,,,,,
2024-05-25,26.5,81.0,,,29.306419372558597,,,,,
2024-05-25,27.0,73.0,,,30.85768318176269,,,,,
2024-05-26,9.5,76.5,,,23.85906410217285,,,,,
2024-05-26,17.75,78.5,,,27.133642196655277,,,,,
2024-05-26,20.5,85.5,,,26.894407272338867,,,,,
2024-05-26,22.0,79.0,,,27.488624572753903,,,,,
2024-05-26,26.0,91.75,,,25.164525985717773,,,,,
2024-05-26,26.5,81.0,,,29.789077758789062,,,,,
2024-05-26,27.0,73.0,,,29.96492958068848,,,,,
2024-05-27,9.5,76.5,,,23.494956970214844,,,,,
2024-05-27,17.75,78.5,,,26.47692108154297,,,,,
2024-05-27,20.5,85.5,,,26.714813232421875,,,,,
2024-05-27,22.0,79.0,,,27.744796752929688,,,,,
2024-05-27,26.0,91.75,,,23.22349548339844,,,,,
2024-05-27,26.5,81.0,,,30.256641387939453,,,,,
2024-05-27,27.0,73.0,,,29.838510513305664,,,,,
2024-05-28,9.5,76.5,,,23.96718978881836,,,,,
2024-05-28,17.75,78.5,,,27.740646362304688,,,,,
2024-05-28,20.5,85.5,,,28.455810546875,,,,,
2024-05-28,22.0,79.0,,,28.16317749023437,,,,,
2024-05-28,26.0,91.75,,,23.59809875488281,,,,,
2024-05-28,26.5,81.0,,,29.66730499267578,,,,,
2024-05-28,27.0,73.0,,,29.231220245361328,,,,,
2024-05-29,9.5,76.5,,,24.24334144592285,,,,,
2024-05-29,17.75,78.5,,,27.62946319580078,,,,,
2024-05-29,20.5,85.5,,,29.678192138671875,,,,,
2024-05-29,22.0,79.0,,,29.0662899017334,,,,,
2024-05-29,26.0,91.75,,,22.564105987548828,,,,,
2024-05-29,26.5,81.0,,,30.0906982421875,,,,,
2024-05-29,27.0,73.0,,,29.96682929992676,,,,,
2024-05-30,9.5,76.5,,,24.103803634643555,,,,,
2024-05-30,17.75,78.5,,,28.510498046875,,,,,
2024-05-30,20.5,85.5,,,29.33427047729492,,,,,
2024-05-30,22.0,79.0,,,27.89568519592285,,,,,
2024-05-30,26.0,91.75,,,22.37407875061035,,,,,
2024-05-30,26.5,81.0,,,32.07094192504883,,,,,
2024-05-30,27.0,73.0,,,31.0363826751709,,,,,
2024-05-31,9.5,76.5,,,24.5653133392334,,,,,
2024-05-31,17.75,78.5,,,28.759788513183597,,,,,
2024-05-31,20.5,85.5,,,28.94639587402344,,,,,
2024-05-31,22.0,79.0,,,29.1232967376709,,,,,
2024-05-31,26.0,91.75,,,22.294937133789062,,,,,
2024-05-31,26.5,81.0,,,29.535400390625,,,,,
2024-05-31,27.0,73.0,,,30.408985137939453,,,,,
2024-06-01,9.5,76.5,,,25.09348487854004,,,,,
2024-06-01,17.75,78.5,,,30.05925750732422,,,,,
2024-06-01,20.5,85.5,,,26.516477584838867,,,,,
2024-06-01,22.0,79.0,,,28.40169334411621,,,,,
2024-06-01,26.0,91.75,,,23.44124412536621,,,,,
2024-06-01,26.5,81.0,,,29.861270904541016,,,,,
2024-06-01,27.0,73.0,,,30.793581008911133,,,,,
2024-06-02,9.5,76.5,,,24.699657440185547,,,,,
2024-06-02,17.75,78.5,,,29.211793899536133,,,,,
2024-06-02,20.5,85.5,,,26.453882217407227,,,,,
2024-06-02,22.0,79.0,,,28.10370635986328,,,,,
2024-06-02,26.0,91.75,,,21.77406883239746,,,,,
2024-06-02,26.5,81.0,,,28.81800079345703,,,,,
2024-06-02,27.0,73.0,,,28.695520401000977,,,,,
2024-06-03,9.5,76.5,,,23.94810485839844,,,,,
2024-06-03,17.75,78.5,,,24.243539810180664,,,,,
2024-06-03,20.5,85.5,,,23.88607215881348,,,,,
2024-06-03,22.0,79.0,,,26.728883743286133,,,,,
2024-06-03,26.0,91.75,,,22.395313262939453,,,,,
2024-06-03,26.5,81.0,,,27.0940055847168,,,,,
2024-06-03,27.0,73.0,,,27.787315368652344,,,,,
2024-06-04,9.5,76.5,,,24.290340423583984,,,,,
2024-06-04,17.75,78.5,,,25.813722610473636,,,,,
2024-06-04,20.5,85.5,,,25.81035041809082,,,,,
2024-06-04,22.0,79.0,,,26.479154586791992,,,,,
2024-06-04,26.0,91.75,,,22.45158576965332,,,,,
2024-06-04,26.5,81.0,,,28.23057174682617,,,,,
2024-06-04,27.0,73.0,,,30.61460494995117,,,,,
2024-06-05,9.5,76.5,,,24.6585636138916,,,,,
2024-06-05,17.75,78.5,,,25.63109397888184,,,,,
2024-06-05,20.5,85.5,,,24.79149627685547,,,,,
2024-06-05,22.0,79.0,,,26.552562713623047,,,,,
2024-06-05,26.0,91.75,,,22.326860427856445,,,,,
2024-06-05,26.5,81.0,,,28.940265655517575,,,,,
2024-06-05,27.0,73.0,,,30.26757049560547,,,,,
2024-06-06,9.5,76.5,,,24.70469665527344,,,,,
2024-06-06,17.75,78.5,,,24.945453643798828,,,,,
2024-06-06,20.5,85.5,,,26.37273406982422,,,,,
2024-06-06,22.0,79.0,,,27.410627365112305,,,,,
2024-06-06,26.0,91.75,,,22.61653709411621,,,,,
2024-06-06,26.5,81.0,,,25.14422035217285,,,,,
2024-06-06,27.0,73.0,,,28.30092430114746,,,,,
2024-06-07,9.5,76.5,,,23.30597305297852,,,,,
2024-06-07,17.75,78.5,,,24.54305076599121,,,,,
2024-06-07,20.5,85.5,,,26.64089584350586,,,,,
2024-06-07,22.0,79.0,,,27.0701961517334,,,,,
2024-06-07,26.0,91.75,,,23.220157623291016,,,,,
2024-06-07,26.5,81.0,,,27.14288902282715,,,,,
2024-06-07,27.0,73.0,,,28.27224922180176,,,,,
2024-06-08,9.5,76.5,,,24.096458435058597,,,,,
2024-06-08,17.75,78.5,,,24.612781524658203,,,,,
2024-06-08,20.5,85.5,,,25.852354049682617,,,,,
2024-06-08,22.0,79.0,,,27.72004127502441,,,,,
2024-06-08,26.0,91.75,,,23.055315017700195,,,,,
2024-06-08,26.5,81.0,,,28.149208068847656,,,,,
2024-06-08,27.0,73.0,,,25.353248596191406,,,,,
2024-06-09,9.5,76.5,,,23.020265579223636,,,,,
2024-06-09,17.75,78.5,,,25.060768127441406,,,,,
2024-06-09,20.5,85.5,,,26.865467071533203,,,,,
2024-06-09,22.0,79.0,,,27.043798446655277,,,,,
2024-06-09,26.0,91.75,,,23.8206844329834,,,,,
2024-06-09,26.5,81.0,,,28.85975646972656,,,,,
2024-06-09,27.0,73.0,,,27.41645812988281,,,,,
2024-06-10,9.5,76.5,,,23.61874771118164,,,,,
2024-06-10,17.75,78.5,,,25.168643951416016,,,,,
2024-06-10,20.5,85.5,,,28.20975112915039,,,,,
2024-06-10,22.0,79.0,,,25.995576858520508,,,,,
2024-06-10,26.0,91.75,,,23.1739501953125,,,,,
2024-06-10,26.5,81.0,,,27.716466903686523,,,,,
2024-06-10,27.0,73.0,,,28.59719467163086,,,,,
2024-06-11,9.5,76.5,,,23.98780059814453,,,,,
2024-06-11,17.75,78.5,,,25.1519718170166,,,,,
2024-06-11,20.5,85.5,,,27.61817741394043,,,,,
2024-06-11,22.0,79.0,,,26.34900665283203,,,,,
2024-06-11,26.0,91.75,,,23.768089294433597,,,,,
2024-06-11,26.5,81.0,,,30.20858764648437,,,,,
2024-06-11,27.0,73.0,,,29.035383224487305,,,,,
2024-06-12,9.5,76.5,,,24.49614524841309,,,,,
2024-06-12,17.75,78.5,,,24.363603591918945,,,,,
2024-06-12,20.5,85.5,,,27.396221160888672,,,,,
2024-06-12,22.0,79.0,,,25.04767417907715,,,,,
2024-06-12,26.0,91.75,,,23.14073181152344,,,,,
2024-06-12,26.5,81.0,,,29.443498611450195,,,,,
2024-06-12,27.0,73.0,,,29.344144821166992,,,,,
2024-06-13,9.5,76.5,,,24.03031349182129,,,,,
2024-06-13,17.75,78.5,,,25.17817497253418,,,,,
2024-06-13,20.5,85.5,,,28.25881576538086,,,,,
2024-06-13,22.0,79.0,,,25.92930030822754,,,,,
2024-06-13,26.0,91.75,,,22.827964782714844,,,,,
2024-06-13,26.5,81.0,,,30.007322311401367,,,,,
2024-06-13,27.0,73.0,,,30.48419189453125,,,,,
2024-06-14,9.5,76.5,,,24.10162734985352,,,,,
2024-06-14,17.75,78.5,,,24.761476516723636,,,,,
2024-06-14,20.5,85.5,,,26.80366516113281,,,,,
2024-06-14,22.0,79.0,,,27.252302169799805,,,,,
2024-06-14,26.0,91.75,,,22.53828430175781,,,,,
2024-06-14,26.5,81.0,,,31.29950714111328,,,,,
2024-06-14,27.0,73.0,,,30.36357307434082,,,,,
2024-06-15,9.5,76.5,,,24.28133201599121,,,,,
2024-06-15,17.75,78.5,,,25.370943069458008,,,,,
2024-06-15,20.5,85.5,,,27.973295211791992,,,,,
2024-06-15,22.0,79.0,,,25.120325088500977,,,,,
2024-06-15,26.0,91.75,,,23.067630767822266,,,,,
2024-06-15,26.5,81.0,,,30.90327835083008,,,,,
2024-06-15,27.0,73.0,,,29.441524505615234,,,,,
2024-06-16,9.5,76.5,,,23.914512634277344,,,,,
2024-06-16,17.75,78.5,,,26.147315979003903,,,,,
2024-06-16,20.5,85.5,,,25.318058013916016,,,,,
2024-06-16,22.0,79.0,,,26.732778549194336,,,,,
2024-06-16,26.0,91.75,,,22.80970764160156,,,,,
2024-06-16,26.5,81.0,,,31.623374938964844,,,,,
2024-06-16,27.0,73.0,,,30.972436904907227,,,,,
2024-06-17,9.5,76.5,,,24.48674774169922,,,,,
2024-06-17,17.75,78.5,,,25.60371780395508,,,,,
2024-06-17,20.5,85.5,,,27.82195281982422,,,,,
2024-06-17,22.0,79.0,,,26.762042999267575,,,,,
2024-06-17,26.0,91.75,,,22.131357192993164,,,,,
2024-06-17,26.5,81.0,,,31.36553382873535,,,,,
2024-06-17,27.0,73.0,,,31.977458953857425,,,,,
2024-06-18,9.5,76.5,,,24.53690528869629,,,,,
2024-06-18,17.75,78.5,,,25.62505340576172,,,,,
2024-06-18,20.5,85.5,,,28.06816864013672,,,,,
2024-06-18,22.0,79.0,,,25.94137954711914,,,,,
2024-06-18,26.0,91.75,,,21.725805282592773,,,,,
2024-06-18,26.5,81.0,,,30.674787521362305,,,,,
2024-06-18,27.0,73.0,,,32.53441619873047,,,,,
2024-06-19,9.5,76.5,,,24.06071662902832,,,,,
2024-06-19,17.75,78.5,,,25.67828369140625,,,,,
2024-06-19,20.5,85.5,,,27.311975479125977,,,,,
2024-06-19,22.0,79.0,,,24.59709358215332,,,,,
2024-06-19,26.0,91.75,,,21.121240615844727,,,,,
2024-06-19,26.5,81.0,,,29.56753158569336,,,,,
2024-06-19,27.0,73.0,,,31.344846725463867,,,,,
2024-06-20,9.5,76.5,,,23.401180267333984,,,,,
2024-06-20,17.75,78.5,,,25.168231964111328,,,,,
2024-06-20,20.5,85.5,,,27.17099380493164,,,,,
2024-06-20,22.0,79.0,,,25.34696388244629,,,,,
2024-06-20,26.0,91.75,,,21.620586395263672,,,,,
2024-06-20,26.5,81.0,,,26.32755470275879,,,,,
2024-06-20,27.0,73.0,,,29.963998794555664,,,,,
2024-06-21,9.5,76.5,,,23.422231674194336,,,,,
2024-06-21,17.75,78.5,,,25.452226638793945,,,,,
2024-06-21,20.5,85.5,,,25.369707107543945,,,,,
2024-06-21,22.0,79.0,,,23.800212860107425,,,,,
2024-06-21,26.0,91.75,,,22.23631477355957,,,,,
2024-06-21,26.5,81.0,,,26.683950424194336,,,,,
2024-06-21,27.0,73.0,,,26.68610954284668,,,,,
2024-06-22,9.5,76.5,,,23.236652374267575,,,,,
2024-06-22,17.75,78.5,,,24.39914894104004,,,,,
2024-06-22,20.5,85.5,,,25.36368751525879,,,,,
2024-06-22,22.0,79.0,,,23.59526824951172,,,,,
2024-06-22,26.0,91.75,,,24.249662399291992,,,,,
2024-06-22,26.5,81.0,,,27.06662368774414,,,,,
2024-06-22,27.0,73.0,,,26.68343544006348,,,,,
2024-06-23,9.5,76.5,,,23.61507797241211,,,,,
2024-06-23,17.75,78.5,,,24.810701370239254,,,,,
2024-06-23,20.5,85.5,,,25.908809661865234,,,,,
2024-06-23,22.0,79.0,,,24.28528213500977,,,,,
2024-06-23,26.0,91.75,,,24.489370346069336,,,,,
2024-06-23,26.5,81.0,,,27.3862419128418,,,,,
2024-06-23,27.0,73.0,,,29.14094352722168,,,,,
2024-06-24,9.5,76.5,,,23.579551696777344,,,,,
2024-06-24,17.75,78.5,,,24.488096237182617,,,,,
2024-06-24,20.5,85.5,,,25.976713180541992,,,,,
2024-06-24,22.0,79.0,,,24.49599266052246,,,,,
2024-06-24,26.0,91.75,,,24.653972625732425,,,,,
2024-06-24,26.5,81.0,,,27.92082405090332,,,,,
2024-06-24,27.0,73.0,,,30.563451766967773,,,,,
2024-06-25,9.5,76.5,,,22.907569885253903,,,,,
2024-06-25,17.75,78.5,,,25.497264862060547,,,,,
2024-06-25,20.5,85.5,,,26.99587631225586,,,,,
2024-06-25,22.0,79.0,,,25.54920959472656,,,,,
2024-06-25,26.0,91.75,,,24.317533493041992,,,,,
2024-06-25,26.5,81.0,,,28.220434188842773,,,,,
2024-06-25,27.0,73.0,,,29.40549087524414,,,,,
2024-06-26,9.5,76.5,,,23.16222381591797,,,,,
2024-06-26,17.75,78.5,,,26.058250427246094,,,,,
2024-06-26,20.5,85.5,,,26.27166748046875,,,,,
2024-06-26,22.0,79.0,,,26.00452995300293,,,,,
2024-06-26,26.0,91.75,,,24.405107498168945,,,,,
2024-06-26,26.5,81.0,,,27.568113327026367,,,,,
2024-06-26,27.0,73.0,,,28.72470092773437,,,,,
2024-06-27,9.5,76.5,,,22.93524169921875,,,,,
2024-06-27,17.75,78.5,,,25.022703170776367,,,,,
2024-06-27,20.5,85.5,,,25.92428398132324,,,,,
2024-06-27,22.0,79.0,,,25.43232536315918,,,,,
2024-06-27,26.0,91.75,,,24.270055770874023,,,,,
2024-06-27,26.5,81.0,,,26.40966033935547,,,,,
2024-06-27,27.0,73.0,,,27.35878562927246,,,,,
2024-06-28,9.5,76.5,,,23.11746406555176,,,,,
2024-06-28,17.75,78.5,,,23.930042266845703,,,,,
2024-06-28,20.5,85.5,,,25.98719024658203,,,,,
2024-06-28,22.0,79.0,,,24.74991798400879,,,,,
2024-06-28,26.0,91.75,,,24.101173400878903,,,,,
2024-06-28,26.5,81.0,,,26.57703018188477,,,,,
2024-06-28,27.0,73.0,,,26.59796905517578,,,,,
2024-06-29,9.5,76.5,,,23.6053409576416,,,,,
2024-06-29,17.75,78.5,,,24.917049407958984,,,,,
2024-06-29,20.5,85.5,,,26.119638442993164,,,,,
2024-06-29,22.0,79.0,,,24.3173942565918,,,,,
2024-06-29,26.0,91.75,,,24.12734031677246,,,,,
2024-06-29,26.5,81.0,,,25.97789001464844,,,,,
2024-06-29,27.0,73.0,,,27.907041549682617,,,,,
2024-06-30,9.5,76.5,,,23.93228530883789,,,,,
2024-06-30,17.75,78.5,,,24.560937881469727,,,,,
2024-06-30,20.5,85.5,,,25.320106506347656,,,,,
2024-06-30,22.0,79.0,,,23.228914260864254,,,,,
2024-06-30,26.0,91.75,,,24.38154602050781,,,,,
2024-06-30,26.5,81.0,,,25.37967300415039,,,,,
2024-06-30,27.0,73.0,,,27.54739570617676,,,,,
2024-07-01,9.5,76.5,,,23.738208770751957,,,,,
2024-07-01,17.75,78.5,,,23.96396827697754,,,,,
2024-07-01,20.5,85.5,,,25.990034103393555,,,,,
2024-07-01,22.0,79.0,,,23.196407318115234,,,,,
2024-07-01,26.0,91.75,,,23.98949432373047,,,,,
2024-07-01,26.5,81.0,,,26.24954032897949,,,,,
2024-07-01,27.0,73.0,,,27.738401412963867,,,,,
2024-07-02,9.5,76.5,,,23.708932876586918,,,,,
2024-07-02,17.75,78.5,,,25.00648307800293,,,,,
2024-07-02,20.5,85.5,,,25.59626007080078,,,,,
2024-07-02,22.0,79.0,,,23.254541397094727,,,,,
2024-07-02,26.0,91.75,,,23.25009155273437,,,,,
2024-07-02,26.5,81.0,,,26.26564598083496,,,,,
2024-07-02,27.0,73.0,,,28.34771728515625,,,,,
2024-07-03,9.5,76.5,,,24.164690017700195,,,,,
2024-07-03,17.75,78.5,,,23.537687301635746,,,,,
2024-07-03,20.5,85.5,,,25.51403045654297,,,,,
2024-07-03,22.0,79.0,,,23.33286666870117,,,,,
2024-07-03,26.0,91.75,,,23.812875747680664,,,,,
2024-07-03,26.5,81.0,,,26.177770614624023,,,,,
2024-07-03,27.0,73.0,,,28.63779640197754,,,,,
2024-07-04,9.5,76.5,,,23.856311798095703,,,,,
2024-07-04,17.75,78.5,,,25.37799835205078,,,,,
2024-07-04,20.5,85.5,,,25.74393081665039,,,,,
2024-07-04,22.0,79.0,,,24.29197120666504,,,,,
2024-07-04,26.0,91.75,,,23.59717559814453,,,,,
2024-07-04,26.5,81.0,,,25.86542510986328,,,,,
2024-07-04,27.0,73.0,,,27.840660095214844,,,,,
2024-07-05,9.5,76.5,,,24.87271499633789,,,,,
2024-07-05,17.75,78.5,,,25.19659805297852,,,,,
2024-07-05,20.5,85.5,,,24.631122589111328,,,,,
2024-07-05,22.0,79.0,,,23.60672950744629,,,,,
2024-07-05,26.0,91.75,,,23.44144821166992,,,,,
2024-07-05,26.5,81.0,,,25.707555770874023,,,,,
2024-07-05,27.0,73.0,,,27.13270378112793,,,,,
2024-07-06,9.5,76.5,,,22.183185577392575,,,,,
2024-07-06,17.75,78.5,,,24.20495986938477,,,,,
2024-07-06,20.5,85.5,,,25.33370018005371,,,,,
2024-07-06,22.0,79.0,,,23.95550346374512,,,,,
2024-07-06,26.0,91.75,,,23.111207962036133,,,,,
2024-07-06,26.5,81.0,,,25.61490821838379,,,,,
2024-07-06,27.0,73.0,,,25.26786994934082,,,,,
2024-07-07,9.5,76.5,,,23.19564437866211,,,,,
2024-07-07,17.75,78.5,,,23.788368225097656,,,,,
2024-07-07,20.5,85.5,,,25.478090286254883,,,,,
2024-07-07,22.0,79.0,,,24.065927505493164,,,,,
2024-07-07,26.0,91.75,,,23.926315307617188,,,,,
2024-07-07,26.5,81.0,,,24.52728080749512,,,,,
2024-07-07,27.0,73.0,,,26.411998748779297,,,,,
2024-07-08,9.5,76.5,,,23.063304901123047,,,,,
2024-07-08,17.75,78.5,,,23.94688606262207,,,,,
2024-07-08,20.5,85.5,,,25.3580379486084,,,,,
2024-07-08,22.0,79.0,,,23.78838157653809,,,,,
2024-07-08,26.0,91.75,,,23.7921085357666,,,,,
2024-07-08,26.5,81.0,,,25.421045303344727,,,,,
2024-07-08,27.0,73.0,,,27.582876205444336,,,,,
2024-07-09,9.5,76.5,,,23.29787254333496,,,,,
2024-07-09,17.75,78.5,,,24.37720489501953,,,,,
2024-07-09,20.5,85.5,,,25.851009368896484,,,,,
2024-07-09,22.0,79.0,,,23.186717987060547,,,,,
2024-07-09,26.0,91.75,,,24.325469970703125,,,,,
2024-07-09,26.5,81.0,,,26.61802864074707,,,,,
2024-07-09,27.0,73.0,,,27.35532569885254,,,,,
2024-07-10,9.5,76.5,,,23.34567642211914,,,,,
2024-07-10,17.75,78.5,,,23.88169860839844,,,,,
2024-07-10,20.5,85.5,,,26.3540153503418,,,,,
2024-07-10,22.0,79.0,,,24.100482940673828,,,,,
2024-07-10,26.0,91.75,,,24.593738555908203,,,,,
2024-07-10,26.5,81.0,,,27.74703598022461,,,,,
2024-07-10,27.0,73.0,,,28.47356414794922,,,,,
2024-07-11,9.5,76.5,,,23.83247375488281,,,,,
2024-07-11,17.75,78.5,,,24.9909725189209,,,,,
2024-07-11,20.5,85.5,,,27.16715431213379,,,,,
2024-07-11,22.0,79.0,,,24.70108413696289,,,,,
2024-07-11,26.0,91.75,,,23.68770980834961,,,,,
2024-07-11,26.5,81.0,,,27.02432632446289,,,,,
2024-07-11,27.0,73.0,,,28.97970962524414,,,,,
2024-07-12,9.5,76.5,,,24.501909255981445,,,,,
2024-07-12,17.75,78.5,,,24.92470932006836,,,,,
2024-07-12,20.5,85.5,,,26.58457946777344,,,,,
2024-07-12,22.0,79.0,,,23.53922843933105,,,,,
2024-07-12,26.0,91.75,,,23.71535873413086,,,,,
2024-07-12,26.5,81.0,,,25.34606170654297,,,,,
2024-07-12,27.0,73.0,,,24.38221549987793,,,,,
2024-07-13,9.5,76.5,,,22.852319717407227,,,,,
2024-07-13,17.75,78.5,,,24.44585609436035,,,,,
2024-07-13,20.5,85.5,,,25.436866760253903,,,,,
2024-07-13,22.0,79.0,,,23.409990310668945,,,,,
2024-07-13,26.0,91.75,,,24.094202041625977,,,,,
2024-07-13,26.5,81.0,,,26.011310577392575,,,,,
2024-07-13,27.0,73.0,,,24.85214614868164,,,,,
2024-07-14,9.5,76.5,,,22.913646697998047,,,,,
2024-07-14,17.75,78.5,,,24.082496643066406,,,,,
2024-07-14,20.5,85.5,,,25.355131149291992,,,,,
2024-07-14,22.0,79.0,,,23.88064765930176,,,,,
2024-07-14,26.0,91.75,,,24.497289657592773,,,,,
2024-07-14,26.5,81.0,,,26.176841735839844,,,,,
2024-07-14,27.0,73.0,,,26.39892578125,,,,,
2024-07-15,9.5,76.5,,,22.594350814819336,,,,,
2024-07-15,17.75,78.5,,,23.68538856506348,,,,,
2024-07-15,20.5,85.5,,,25.03401756286621,,,,,
2024-07-15,22.0,79.0,,,23.573604583740234,,,,,
2024-07-15,26.0,91.75,,,24.99034118652344,,,,,
2024-07-15,26.5,81.0,,,27.30739021301269,,,,,
2024-07-15,27.0,73.0,,,27.909046173095703,,,,,
2024-07-16,9.5,76.5,,,22.47022247314453,,,,,
2024-07-16,17.75,78.5,,,24.019893646240234,,,,,
2024-07-16,20.5,85.5,,,25.967220306396484,,,,,
2024-07-16,22.0,79.0,,,24.503936767578125,,,,,
2024-07-16,26.0,91.75,,,24.314849853515625,,,,,
2024-07-16,26.5,81.0,,,28.42566680908203,,,,,
2024-07-16,27.0,73.0,,,28.92177391052246,,,,,
2024-07-17,9.5,76.5,,,23.31270217895508,,,,,
2024-07-17,17.75,78.5,,,23.97537422180176,,,,,
2024-07-17,20.5,85.5,,,26.099668502807617,,,,,
2024-07-17,22.0,79.0,,,24.021215438842773,,,,,
2024-07-17,26.0,91.75,,,24.678754806518555,,,,,
2024-07-17,26.5,81.0,,,28.33211326599121,,,,,
2024-07-17,27.0,73.0,,,29.73403549194336,,,,,
2024-07-18,9.5,76.5,,,23.10726356506348,,,,,
2024-07-18,17.75,78.5,,,24.77449607849121,,,,,
2024-07-18,20.5,85.5,,,26.03089141845703,,,,,
2024-07-18,22.0,79.0,,,23.55739402770996,,,,,
2024-07-18,26.0,91.75,,,24.71038246154785,,,,,
2024-07-18,26.5,81.0,,,29.142431259155277,,,,,
2024-07-18,27.0,73.0,,,28.919458389282227,,,,,
2024-07-19,9.5,76.5,,,23.231172561645508,,,,,
2024-07-19,17.75,78.5,,,23.52280616760254,,,,,
2024-07-19,20.5,85.5,,,26.00815200805664,,,,,
2024-07-19,22.0,79.0,,,22.92947578430176,,,,,
2024-07-19,26.0,91.75,,,25.030742645263672,,,,,
2024-07-19,26.5,81.0,,,27.53573226928711,,,,,
2024-07-19,27.0,73.0,,,27.72880744934082,,,,,
2024-07-20,9.5,76.5,,,23.95300674438477,,,,,
2024-07-20,17.75,78.5,,,23.145421981811523,,,,,
2024-07-20,20.5,85.5,,,25.51803398132324,,,,,
2024-07-20,22.0,79.0,,,23.57875061035156,,,,,
2024-07-20,26.0,91.75,,,24.742828369140625,,,,,
2024-07-20,26.5,81.0,,,27.58598899841309,,,,,
2024-07-20,27.0,73.0,,,28.58389663696289,,,,,
2024-07-21,9.5,76.5,,,24.195783615112305,,,,,
2024-07-21,17.75,78.5,,,22.67679977416992,,,,,
2024-07-21,20.5,85.5,,,25.69414710998535,,,,,
2024-07-21,22.0,79.0,,,23.380664825439453,,,,,
2024-07-21,26.0,91.75,,,24.989431381225582,,,,,
2024-07-21,26.5,81.0,,,28.22475242614746,,,,,
2024-07-21,27.0,73.0,,,29.247846603393555,,,,,
2024-07-22,9.5,76.5,,,24.40562057495117,,,,,
2024-07-22,17.75,78.5,,,23.292224884033203,,,,,
2024-07-22,20.5,85.5,,,25.26066398620605,,,,,
2024-07-22,22.0,79.0,,,23.11671638488769,,,,,
2024-07-22,26.0,91.75,,,24.39217567443848,,,,,
2024-07-22,26.5,81.0,,,28.580162048339844,,,,,
2024-07-22,27.0,73.0,,,29.44770622253418,,,,,
2024-07-23,9.5,76.5,,,23.77158737182617,,,,,
2024-07-23,17.75,78.5,,,24.008798599243164,,,,,
2024-07-23,20.5,85.5,,,25.05221176147461,,,,,
2024-07-23,22.0,79.0,,,23.13031768798828,,,,,
2024-07-23,26.0,91.75,,,24.569887161254883,,,,,
2024-07-23,26.5,81.0,,,27.67682266235352,,,,,
2024-07-23,27.0,73.0,,,27.344560623168945,,,,,
2024-07-24,9.5,76.5,,,23.684999465942383,,,,,
2024-07-24,17.75,78.5,,,23.55216217041016,,,,,
2024-07-24,20.5,85.5,,,25.052040100097656,,,,,
2024-07-24,22.0,79.0,,,22.57865333557129,,,,,
2024-07-24,26.0,91.75,,,26.221906661987305,,,,,
2024-07-24,26.5,81.0,,,27.39566802978516,,,,,
2024-07-24,27.0,73.0,,,27.85448837280273,,,,,
2024-07-25,9.5,76.5,,,23.53024673461914,,,,,
2024-07-25,17.75,78.5,,,23.309646606445312,,,,,
2024-07-25,20.5,85.5,,,24.603330612182617,,,,,
2024-07-25,22.0,79.0,,,22.638355255126957,,,,,
2024-07-25,26.0,91.75,,,25.572185516357425,,,,,
2024-07-25,26.5,81.0,,,26.9817008972168,,,,,
2024-07-25,27.0,73.0,,,27.288249969482425,,,,,
2024-07-26,9.5,76.5,,,23.58110237121582,,,,,
2024-07-26,17.75,78.5,,,23.49030113220215,,,,,
2024-07-26,20.5,85.5,,,25.103145599365234,,,,,
2024-07-26,22.0,79.0,,,23.141571044921875,,,,,
2024-07-26,26.0,91.75,,,25.379735946655277,,,,,
2024-07-26,26.5,81.0,,,27.434404373168945,,,,,
2024-07-26,27.0,73.0,,,26.89031791687012,,,,,
2024-07-27,9.5,76.5,,,24.30872344970703,,,,,
2024-07-27,17.75,78.5,,,24.465377807617188,,,,,
2024-07-27,20.5,85.5,,,25.199678421020508,,,,,
2024-07-27,22.0,79.0,,,23.42374420166016,,,,,
2024-07-27,26.0,91.75,,,26.4493408203125,,,,,
2024-07-27,26.5,81.0,,,27.147764205932617,,,,,
2024-07-27,27.0,73.0,,,27.63265037536621,,,,,
2024-07-28,9.5,76.5,,,23.588762283325195,,,,,
2024-07-28,17.75,78.5,,,24.47759437561035,,,,,
2024-07-28,20.5,85.5,,,25.39271354675293,,,,,
2024-07-28,22.0,79.0,,,23.037059783935547,,,,,
2024-07-28,26.0,91.75,,,25.2733154296875,,,,,
2024-07-28,26.5,81.0,,,27.88988304138184,,,,,
2024-07-28,27.0,73.0,,,27.241363525390625,,,,,
2024-07-29,9.5,76.5,,,23.32350349426269,,,,,
2024-07-29,17.75,78.5,,,24.28064346313477,,,,,
2024-07-29,20.5,85.5,,,25.610897064208984,,,,,
2024-07-29,22.0,79.0,,,23.05983161926269,,,,,
2024-07-29,26.0,91.75,,,25.72406578063965,,,,,
2024-07-29,26.5,81.0,,,28.15794944763184,,,,,
2024-07-29,27.0,73.0,,,29.17657470703125,,,,,
2024-07-30,9.5,76.5,,,22.57877922058105,,,,,
2024-07-30,17.75,78.5,,,24.27694129943848,,,,,
2024-07-30,20.5,85.5,,,25.53759002685547,,,,,
2024-07-30,22.0,79.0,,,23.54633140563965,,,,,
2024-07-30,26.0,91.75,,,25.25467872619629,,,,,
2024-07-30,26.5,81.0,,,28.089773178100582,,,,,
2024-07-30,27.0,73.0,,,28.623022079467773,,,,,
2024-07-31,9.5,76.5,,,23.31364250183105,,,,,
2024-07-31,17.75,78.5,,,24.232776641845703,,,,,
2024-07-31,20.5,85.5,,,26.518695831298828,,,,,
2024-07-31,22.0,79.0,,,23.52289581298828,,,,,
2024-07-31,26.0,91.75,,,24.87373924255371,,,,,
2024-07-31,26.5,81.0,,,26.895751953125,,,,,
2024-07-31,27.0,73.0,,,28.4187068939209,,,,,
2024-08-01,9.5,76.5,,,22.83531951904297,,,,,
2024-08-01,17.75,78.5,,,24.86385726928711,,,,,
2024-08-01,20.5,85.5,,,25.172948837280277,,,,,
2024-08-01,22.0,79.0,,,23.27444839477539,,,,,
2024-08-01,26.0,91.75,,,24.006053924560547,,,,,
2024-08-01,26.5,81.0,,,25.459726333618164,,,,,
2024-08-01,27.0,73.0,,,25.859498977661133,,,,,
2024-08-02,9.5,76.5,,,23.535308837890625,,,,,
2024-08-02,17.75,78.5,,,24.466318130493164,,,,,
2024-08-02,20.5,85.5,,,24.847314834594727,,,,,
2024-08-02,22.0,79.0,,,23.10871124267578,,,,,
2024-08-02,26.0,91.75,,,23.791614532470703,,,,,
2024-08-02,26.5,81.0,,,25.094676971435547,,,,,
2024-08-02,27.0,73.0,,,25.048572540283203,,,,,
2024-08-03,9.5,76.5,,,23.49034881591797,,,,,
2024-08-03,17.75,78.5,,,24.470273971557617,,,,,
2024-08-03,20.5,85.5,,,24.31934928894043,,,,,
2024-08-03,22.0,79.0,,,22.372947692871094,,,,,
2024-08-03,26.0,91.75,,,23.53715705871582,,,,,
2024-08-03,26.5,81.0,,,26.136993408203125,,,,,
2024-08-03,27.0,73.0,,,24.95863151550293,,,,,
2024-08-04,9.5,76.5,,,23.950963973999023,,,,,
2024-08-04,17.75,78.5,,,24.634157180786133,,,,,
2024-08-04,20.5,85.5,,,24.950559616088867,,,,,
2024-08-04,22.0,79.0,,,22.6158447265625,,,,,
2024-08-04,26.0,91.75,,,23.56856346130371,,,,,
2024-08-04,26.5,81.0,,,25.792688369750977,,,,,
2024-08-04,27.0,73.0,,,25.933204650878903,,,,,
2024-08-05,9.5,76.5,,,23.333616256713867,,,,,
2024-08-05,17.75,78.5,,,24.04850196838379,,,,,
2024-08-05,20.5,85.5,,,24.949254989624023,,,,,
2024-08-05,22.0,79.0,,,23.164796829223636,,,,,
2024-08-05,26.0,91.75,,,24.23894691467285,,,,,
2024-08-05,26.5,81.0,,,26.05404090881348,,,,,
2024-08-05,27.0,73.0,,,25.580921173095703,,,,,
2024-08-06,9.5,76.5,,,23.447328567504883,,,,,
2024-08-06,17.75,78.5,,,23.957908630371094,,,,,
2024-08-06,20.5,85.5,,,25.024951934814453,,,,,
2024-08-06,22.0,79.0,,,23.515871047973636,,,,,
2024-08-06,26.0,91.75,,,23.489330291748047,,,,,
2024-08-06,26.5,81.0,,,26.582990646362305,,,,,
2024-08-06,27.0,73.0,,,24.369220733642575,,,,,
2024-08-07,9.5,76.5,,,23.2648983001709,,,,,
2024-08-07,17.75,78.5,,,23.57306671142578,,,,,
2024-08-07,20.5,85.5,,,24.103256225585938,,,,,
2024-08-07,22.0,79.0,,,23.70574951171875,,,,,
2024-08-07,26.0,91.75,,,23.823225021362305,,,,,
2024-08-07,26.5,81.0,,,25.505285263061523,,,,,
2024-08-07,27.0,73.0,,,24.43820571899414,,,,,
2024-08-08,9.5,76.5,,,23.46671295166016,,,,,
2024-08-08,17.75,78.5,,,22.76709747314453,,,,,
2024-08-08,20.5,85.5,,,24.55108642578125,,,,,
2024-08-08,22.0,79.0,,,23.13168334960937,,,,,
2024-08-08,26.0,91.75,,,23.96123313903809,,,,,
2024-08-08,26.5,81.0,,,26.023651123046875,,,,,
2024-08-08,27.0,73.0,,,25.029441833496094,,,,,
2024-08-09,9.5,76.5,,,23.22870635986328,,,,,
2024-08-09,17.75,78.5,,,24.230451583862305,,,,,
2024-08-09,20.5,85.5,,,25.21299743652344,,,,,
2024-08-09,22.0,79.0,,,22.76721572875977,,,,,
2024-08-09,26.0,91.75,,,23.49059295654297,,,,,
2024-08-09,26.5,81.0,,,25.58757209777832,,,,,
2024-08-09,27.0,73.0,,,25.48448944091797,,,,,
2024-08-10,9.5,76.5,,,24.06658744812012,,,,,
2024-08-10,17.75,78.5,,,24.4816837310791,,,,,
2024-08-10,20.5,85.5,,,25.631328582763672,,,,,
2024-08-10,22.0,79.0,,,22.879154205322266,,,,,
2024-08-10,26.0,91.75,,,24.23824119567871,,,,,
2024-08-10,26.5,81.0,,,25.082630157470703,,,,,
2024-08-10,27.0,73.0,,,25.76542091369629,,,,,
2024-08-11,9.5,76.5,,,24.063793182373047,,,,,
2024-08-11,17.75,78.5,,,23.874452590942383,,,,,
2024-08-11,20.5,85.5,,,25.52600860595703,,,,,
2024-08-11,22.0,79.0,,,23.10997772216797,,,,,
2024-08-11,26.0,91.75,,,24.3526668548584,,,,,
2024-08-11,26.5,81.0,,,25.48277282714844,,,,,
2024-08-11,27.0,73.0,,,25.79062843322754,,,,,
2024-08-12,9.5,76.5,,,23.74411392211914,,,,,
2024-08-12,17.75,78.5,,,24.533201217651367,,,,,
2024-08-12,20.5,85.5,,,25.44979286193848,,,,,
2024-08-12,22.0,79.0,,,23.223234176635746,,,,,
2024-08-12,26.0,91.75,,,24.07605743408203,,,,,
2024-08-12,26.5,81.0,,,25.77974319458008,,,,,
2024-08-12,27.0,73.0,,,25.91190528869629,,,,,
2024-08-13,9.5,76.5,,,23.736263275146484,,,,,
2024-08-13,17.75,78.5,,,25.38603401184082,,,,,
2024-08-13,20.5,85.5,,,26.17281913757324,,,,,
2024-08-13,22.0,79.0,,,23.208370208740234,,,,,
2024-08-13,26.0,91.75,,,24.90513610839844,,,,,
2024-08-13,26.5,81.0,,,25.935365676879883,,,,,
2024-08-13,27.0,73.0,,,25.767353057861328,,,,,
2024-08-14,9.5,76.5,,,23.010892868041992,,,,,
2024-08-14,17.75,78.5,,,25.87156867980957,,,,,
2024-08-14,20.5,85.5,,,25.36068153381348,,,,,
2024-08-14,22.0,79.0,,,24.509639739990234,,,,,
2024-08-14,26.0,91.75,,,25.38951110839844,,,,,
2024-08-14,26.5,81.0,,,26.53868865966797,,,,,
2024-08-14,27.0,73.0,,,26.12548446655273,,,,,
2024-08-15,9.5,76.5,,,23.812833786010746,,,,,
2024-08-15,17.75,78.5,,,25.872373580932617,,,,,
2024-08-15,20.5,85.5,,,25.70088768005371,,,,,
2024-08-15,22.0,79.0,,,24.14839744567871,,,,,
2024-08-15,26.0,91.75,,,24.4859619140625,,,,,
2024-08-15,26.5,81.0,,,26.20555686950684,,,,,
2024-08-15,27.0,73.0,,,26.010215759277344,,,,,
2024-08-16,9.5,76.5,,,24.304147720336918,,,,,
2024-08-16,17.75,78.5,,,25.048717498779297,,,,,
2024-08-16,20.5,85.5,,,24.481163024902344,,,,,
2024-08-16,22.0,79.0,,,24.03619384765625,,,,,
2024-08-16,26.0,91.75,,,23.478466033935547,,,,,
2024-08-16,26.5,81.0,,,26.418916702270508,,,,,
2024-08-16,27.0,73.0,,,25.06868934631348,,,,,
2024-08-17,9.5,76.5,,,24.086570739746094,,,,,
2024-08-17,17.75,78.5,,,24.70640754699707,,,,,
2024-08-17,20.5,85.5,,,24.80047416687012,,,,,
2024-08-17,22.0,79.0,,,24.26430892944336,,,,,
2024-08-17,26.0,91.75,,,24.840486526489254,,,,,
2024-08-17,26.5,81.0,,,26.62795639038086,,,,,
2024-08-17,27.0,73.0,,,24.521902084350582,,,,,
2024-08-18,9.5,76.5,,,23.674352645874023,,,,,
2024-08-18,17.75,78.5,,,24.820390701293945,,,,,
2024-08-18,20.5,85.5,,,25.73192405700684,,,,,
2024-08-18,22.0,79.0,,,24.3413200378418,,,,,
2024-08-18,26.0,91.75,,,24.29936790466309,,,,,
2024-08-18,26.5,81.0,,,25.62302589416504,,,,,
2024-08-18,27.0,73.0,,,25.8527889251709,,,,,
2024-08-19,9.5,76.5,,,24.371824264526367,,,,,
2024-08-19,17.75,78.5,,,25.43157196044922,,,,,
2024-08-19,20.5,85.5,,,24.903942108154297,,,,,
2024-08-19,22.0,79.0,,,24.054489135742188,,,,,
2024-08-19,26.0,91.75,,,24.52928352355957,,,,,
2024-08-19,26.5,81.0,,,25.90732955932617,,,,,
2024-08-19,27.0,73.0,,,25.82200813293457,,,,,
2024-08-20,9.5,76.5,,,23.691478729248047,,,,,
2024-08-20,17.75,78.5,,,23.094621658325195,,,,,
2024-08-20,20.5,85.5,,,25.06825256347656,,,,,
2024-08-20,22.0,79.0,,,23.11434936523437,,,,,
2024-08-20,26.0,91.75,,,23.7047061920166,,,,,
2024-08-20,26.5,81.0,,,25.94646644592285,,,,,
2024-08-20,27.0,73.0,,,26.29805564880371,,,,,
2024-08-21,9.5,76.5,,,22.6977596282959,,,,,
2024-08-21,17.75,78.5,,,24.875545501708984,,,,,
2024-08-21,20.5,85.5,,,25.825334548950195,,,,,
2024-08-21,22.0,79.0,,,24.05034446716309,,,,,
2024-08-21,26.0,91.75,,,23.2036190032959,,,,,
2024-08-21,26.5,81.0,,,26.18738174438477,,,,,
2024-08-21,27.0,73.0,,,25.53410148620605,,,,,
2024-08-22,9.5,76.5,,,23.38415908813477,,,,,
2024-08-22,17.75,78.5,,,24.34441375732422,,,,,
2024-08-22,20.5,85.5,,,25.006288528442383,,,,,
2024-08-22,22.0,79.0,,,24.904373168945312,,,,,
2024-08-22,26.0,91.75,,,23.93724632263184,,,,,
2024-08-22,26.5,81.0,,,25.948823928833008,,,,,
2024-08-22,27.0,73.0,,,26.09363174438477,,,,,
2024-08-23,9.5,76.5,,,23.570650100708008,,,,,
2024-08-23,17.75,78.5,,,24.26651382446289,,,,,
2024-08-23,20.5,85.5,,,24.830509185791016,,,,,
2024-08-23,22.0,79.0,,,23.24094009399414,,,,,
2024-08-23,26.0,91.75,,,24.032901763916016,,,,,
2024-08-23,26.5,81.0,,,25.880342483520508,,,,,
2024-08-23,27.0,73.0,,,25.990840911865234,,,,,
2024-08-24,9.5,76.5,,,24.299558639526367,,,,,
2024-08-24,17.75,78.5,,,24.00386428833008,,,,,
2024-08-24,20.5,85.5,,,24.527048110961918,,,,,
2024-08-24,22.0,79.0,,,23.234758377075195,,,,,
2024-08-24,26.0,91.75,,,23.77274703979492,,,,,
2024-08-24,26.5,81.0,,,26.06601333618164,,,,,
2024-08-24,27.0,73.0,,,25.425800323486328,,,,,
2024-08-25,9.5,76.5,,,23.75122833251953,,,,,
2024-08-25,17.75,78.5,,,23.17371940612793,,,,,
2024-08-25,20.5,85.5,,,24.485109329223636,,,,,
2024-08-25,22.0,79.0,,,22.754711151123047,,,,,
2024-08-25,26.0,91.75,,,23.97268867492676,,,,,
2024-08-25,26.5,81.0,,,26.109832763671875,,,,,
2024-08-25,27.0,73.0,,,25.58699989318848,,,,,
2024-08-26,9.5,76.5,,,23.33978843688965,,,,,
2024-08-26,17.75,78.5,,,23.74748992919922,,,,,
2024-08-26,20.5,85.5,,,24.84839630126953,,,,,
2024-08-26,22.0,79.0,,,23.02363586425781,,,,,
2024-08-26,26.0,91.75,,,23.444900512695312,,,,,
2024-08-26,26.5,81.0,,,25.98984146118164,,,,,
2024-08-26,27.0,73.0,,,26.249181747436523,,,,,
2024-08-27,9.5,76.5,,,23.73682403564453,,,,,
2024-08-27,17.75,78.5,,,23.70423889160156,,,,,
2024-08-27,20.5,85.5,,,24.47283935546875,,,,,
2024-08-27,22.0,79.0,,,22.81396102905273,,,,,
2024-08-27,26.0,91.75,,,23.91261482238769,,,,,
2024-08-27,26.5,81.0,,,25.53653717041016,,,,,
2024-08-27,27.0,73.0,,,24.858274459838867,,,,,
2024-08-28,9.5,76.5,,,23.74091339111328,,,,,
2024-08-28,17.75,78.5,,,23.361217498779297,,,,,
2024-08-28,20.5,85.5,,,24.74510955810547,,,,,
2024-08-28,22.0,79.0,,,23.50025177001953,,,,,
2024-08-28,26.0,91.75,,,23.73103904724121,,,,,
2024-08-28,26.5,81.0,,,25.08259010314941,,,,,
2024-08-28,27.0,73.0,,,24.36188507080078,,,,,
2024-08-29,9.5,76.5,,,24.1451473236084,,,,,
2024-08-29,17.75,78.5,,,23.97732162475586,,,,,
2024-08-29,20.5,85.5,,,24.20627784729004,,,,,
2024-08-29,22.0,79.0,,,23.5668888092041,,,,,
2024-08-29,26.0,91.75,,,25.06333923339844,,,,,
2024-08-29,26.5,81.0,,,25.748544692993164,,,,,
2024-08-29,27.0,73.0,,,24.902816772460938,,,,,
2024-08-30,9.5,76.5,,,22.71046638488769,,,,,
2024-08-30,17.75,78.5,,,23.759504318237305,,,,,
2024-08-30,20.5,85.5,,,24.757492065429688,,,,,
2024-08-30,22.0,79.0,,,23.538658142089844,,,,,
2024-08-30,26.0,91.75,,,24.82866096496582,,,,,
2024-08-30,26.5,81.0,,,26.05426597595215,,,,,
2024-08-30,27.0,73.0,,,25.43375015258789,,,,,
2024-08-31,9.5,76.5,,,23.32594871520996,,,,,
2024-08-31,17.75,78.5,,,22.872501373291016,,,,,
2024-08-31,20.5,85.5,,,25.00078392028809,,,,,
2024-08-31,22.0,79.0,,,23.68129539489746,,,,,
2024-08-31,26.0,91.75,,,24.31122589111328,,,,,
2024-08-31,26.5,81.0,,,26.234758377075195,,,,,
2024-08-31,27.0,73.0,,,25.11911392211914,,,,,
2024-09-01,9.5,76.5,,,23.43167495727539,,,,,
2024-09-01,17.75,78.5,,,23.00033950805664,,,,,
2024-09-01,20.5,85.5,,,25.351730346679688,,,,,
2024-09-01,22.0,79.0,,,23.97040367126465,,,,,
2024-09-01,26.0,91.75,,,23.446428298950195,,,,,
2024-09-01,26.5,81.0,,,27.1368408203125,,,,,
2024-09-01,27.0,73.0,,,25.684764862060547,,,,,
2024-09-02,9.5,76.5,,,23.54146385192871,,,,,
2024-09-02,17.75,78.5,,,22.359302520751957,,,,,
2024-09-02,20.5,85.5,,,25.38639259338379,,,,,
2024-09-02,22.0,79.0,,,23.829010009765625,,,,,
2024-09-02,26.0,91.75,,,24.17527198791504,,,,,
2024-09-02,26.5,81.0,,,26.133373260498047,,,,,
2024-09-02,27.0,73.0,,,25.92937660217285,,,,,
2024-09-03,9.5,76.5,,,23.55598258972168,,,,,
2024-09-03,17.75,78.5,,,22.798036575317383,,,,,
2024-09-03,20.5,85.5,,,25.39043426513672,,,,,
2024-09-03,22.0,79.0,,,23.759262084960938,,,,,
2024-09-03,26.0,91.75,,,24.59598922729492,,,,,
2024-09-03,26.5,81.0,,,26.773242950439453,,,,,
2024-09-03,27.0,73.0,,,26.124998092651367,,,,,
2024-09-04,9.5,76.5,,,23.6226863861084,,,,,
2024-09-04,17.75,78.5,,,22.91151428222656,,,,,
2024-09-04,20.5,85.5,,,25.380544662475582,,,,,
2024-09-04,22.0,79.0,,,23.935651779174805,,,,,
2024-09-04,26.0,91.75,,,23.560771942138672,,,,,
2024-09-04,26.5,81.0,,,27.01738548278809,,,,,
2024-09-04,27.0,73.0,,,24.08961296081543,,,,,
2024-09-05,9.5,76.5,,,23.92278480529785,,,,,
2024-09-05,17.75,78.5,,,23.607681274414062,,,,,
2024-09-05,20.5,85.5,,,25.76774024963379,,,,,
2024-09-05,22.0,79.0,,,23.775264739990234,,,,,
2024-09-05,26.0,91.75,,,23.558406829833984,,,,,
2024-09-05,26.5,81.0,,,25.53736686706543,,,,,
2024-09-05,27.0,73.0,,,24.57923698425293,,,,,
2024-09-06,9.5,76.5,,,23.86833381652832,,,,,
2024-09-06,17.75,78.5,,,23.82109642028809,,,,,
2024-09-06,20.5,85.5,,,25.565004348754883,,,,,
2024-09-06,22.0,79.0,,,23.833871841430664,,,,,
2024-09-06,26.0,91.75,,,23.763761520385746,,,,,
2024-09-06,26.5,81.0,,,25.48259925842285,,,,,
2024-09-06,27.0,73.0,,,25.468883514404297,,,,,
2024-09-07,9.5,76.5,,,23.92498779296875,,,,,
2024-09-07,17.75,78.5,,,23.51762962341309,,,,,
2024-09-07,20.5,85.5,,,25.525394439697266,,,,,
2024-09-07,22.0,79.0,,,23.70024681091309,,,,,
2024-09-07,26.0,91.75,,,24.381515502929688,,,,,
2024-09-07,26.5,81.0,,,26.21699333190918,,,,,
2024-09-07,27.0,73.0,,,24.98884010314941,,,,,
2024-09-08,9.5,76.5,,,23.959060668945312,,,,,
2024-09-08,17.75,78.5,,,23.452112197875977,,,,,
2024-09-08,20.5,85.5,,,25.240631103515625,,,,,
2024-09-08,22.0,79.0,,,23.712677001953125,,,,,
2024-09-08,26.0,91.75,,,24.657670974731445,,,,,
2024-09-08,26.5,81.0,,,26.62165069580078,,,,,
2024-09-08,27.0,73.0,,,25.723878860473636,,,,,
2024-09-09,9.5,76.5,,,23.725509643554688,,,,,
2024-09-09,17.75,78.5,,,23.638931274414062,,,,,
2024-09-09,20.5,85.5,,,25.096105575561523,,,,,
2024-09-09,22.0,79.0,,,24.001619338989254,,,,,
2024-09-09,26.0,91.75,,,24.325733184814453,,,,,
2024-09-09,26.5,81.0,,,26.49436378479004,,,,,
2024-09-09,27.0,73.0,,,26.115129470825195,,,,,
2024-09-10,9.5,76.5,,,23.738073348999023,,,,,
2024-09-10,17.75,78.5,,,23.744909286499023,,,,,
2024-09-10,20.5,85.5,,,24.99559211730957,,,,,
2024-09-10,22.0,79.0,,,24.06663703918457,,,,,
2024-09-10,26.0,91.75,,,24.701208114624023,,,,,
2024-09-10,26.5,81.0,,,26.160202026367188,,,,,
2024-09-10,27.0,73.0,,,26.109241485595703,,,,,
2024-09-11,9.5,76.5,,,23.696060180664062,,,,,
2024-09-11,17.75,78.5,,,23.25705909729004,,,,,
2024-09-11,20.5,85.5,,,25.730892181396484,,,,,
2024-09-11,22.0,79.0,,,22.885892868041992,,,,,
2024-09-11,26.0,91.75,,,24.41929626464844,,,,,
2024-09-11,26.5,81.0,,,26.118972778320312,,,,,
2024-09-11,27.0,73.0,,,25.783218383789062,,,,,
2024-09-12,9.5,76.5,,,23.3669490814209,,,,,
2024-09-12,17.75,78.5,,,23.549074172973636,,,,,
2024-09-12,20.5,85.5,,,25.764209747314453,,,,,
2024-09-12,22.0,79.0,,,23.32294273376465,,,,,
2024-09-12,26.0,91.75,,,23.849889755249023,,,,,
2024-09-12,26.5,81.0,,,25.185930252075195,,,,,
2024-09-12,27.0,73.0,,,26.040966033935547,,,,,
2024-09-13,9.5,76.5,,,23.87596321105957,,,,,
2024-09-13,17.75,78.5,,,23.28688621520996,,,,,
2024-09-13,20.5,85.5,,,25.851810455322266,,,,,
2024-09-13,22.0,79.0,,,22.72990226745605,,,,,
2024-09-13,26.0,91.75,,,24.73937225341797,,,,,
2024-09-13,26.5,81.0,,,24.798309326171875,,,,,
2024-09-13,27.0,73.0,,,25.20475959777832,,,,,
2024-09-14,9.5,76.5,,,23.950389862060547,,,,,
2024-09-14,17.75,78.5,,,22.981279373168945,,,,,
2024-09-14,20.5,85.5,,,24.58525276184082,,,,,
2024-09-14,22.0,79.0,,,22.3140926361084,,,,,
2024-09-14,26.0,91.75,,,24.40384292602539,,,,,
2024-09-14,26.5,81.0,,,24.36788558959961,,,,,
2024-09-14,27.0,73.0,,,24.355070114135746,,,,,
2024-09-15,9.5,76.5,,,23.786327362060547,,,,,
2024-09-15,17.75,78.5,,,22.92781639099121,,,,,
2024-09-15,20.5,85.5,,,23.819185256958008,,,,,
2024-09-15,22.0,79.0,,,21.660869598388672,,,,,
2024-09-15,26.0,91.75,,,23.49834442138672,,,,,
2024-09-15,26.5,81.0,,,24.778736114501957,,,,,
2024-09-15,27.0,73.0,,,23.56443977355957,,,,,
2024-09-16,9.5,76.5,,,24.655405044555664,,,,,
2024-09-16,17.75,78.5,,,23.36226272583008,,,,,
2024-09-16,20.5,85.5,,,23.95396041870117,,,,,
2024-09-16,22.0,79.0,,,22.576066970825195,,,,,
2024-09-16,26.0,91.75,,,23.90923500061035,,,,,
2024-09-16,26.5,81.0,,,25.766605377197266,,,,,
2024-09-16,27.0,73.0,,,23.417430877685547,,,,,
2024-09-17,9.5,76.5,,,24.3176212310791,,,,,
2024-09-17,17.75,78.5,,,23.627647399902344,,,,,
2024-09-17,20.5,85.5,,,23.980424880981445,,,,,
2024-09-17,22.0,79.0,,,22.687240600585938,,,,,
2024-09-17,26.0,91.75,,,23.032079696655277,,,,,
2024-09-17,26.5,81.0,,,25.38459205627441,,,,,
2024-09-17,27.0,73.0,,,23.523357391357425,,,,,
2024-09-18,9.5,76.5,,,23.992366790771484,,,,,
2024-09-18,17.75,78.5,,,23.99499893188477,,,,,
2024-09-18,20.5,85.5,,,24.85704040527344,,,,,
2024-09-18,22.0,79.0,,,21.885927200317383,,,,,
2024-09-18,26.0,91.75,,,23.83147430419922,,,,,
2024-09-18,26.5,81.0,,,24.34579086303711,,,,,
2024-09-18,27.0,73.0,,,25.47293472290039,,,,,
2024-09-19,9.5,76.5,,,23.247676849365234,,,,,
2024-09-19,17.75,78.5,,,23.307809829711918,,,,,
2024-09-19,20.5,85.5,,,24.69924545288086,,,,,
2024-09-19,22.0,79.0,,,22.11284637451172,,,,,
2024-09-19,26.0,91.75,,,24.568239212036133,,,,,
2024-09-19,26.5,81.0,,,23.965476989746094,,,,,
2024-09-19,27.0,73.0,,,23.53850555419922,,,,,
2024-09-20,9.5,76.5,,,23.48928642272949,,,,,
2024-09-20,17.75,78.5,,,24.34108543395996,,,,,
2024-09-20,20.5,85.5,,,25.75204086303711,,,,,
2024-09-20,22.0,79.0,,,22.999629974365234,,,,,
2024-09-20,26.0,91.75,,,24.889368057250977,,,,,
2024-09-20,26.5,81.0,,,24.54108428955078,,,,,
2024-09-20,27.0,73.0,,,24.49329376220703,,,,,
2024-09-21,9.5,76.5,,,23.546131134033203,,,,,
2024-09-21,17.75,78.5,,,23.73645782470703,,,,,
2024-09-21,20.5,85.5,,,25.307661056518555,,,,,
2024-09-21,22.0,79.0,,,23.894344329833984,,,,,
2024-09-21,26.0,91.75,,,25.393207550048828,,,,,
2024-09-21,26.5,81.0,,,25.397794723510746,,,,,
2024-09-21,27.0,73.0,,,25.18641662597656,,,,,
2024-09-22,9.5,76.5,,,23.513072967529297,,,,,
2024-09-22,17.75,78.5,,,22.819110870361328,,,,,
2024-09-22,20.5,85.5,,,25.45941734313965,,,,,
2024-09-22,22.0,79.0,,,23.83847045898437,,,,,
2024-09-22,26.0,91.75,,,24.56578063964844,,,,,
2024-09-22,26.5,81.0,,,26.12089729309082,,,,,
2024-09-22,27.0,73.0,,,25.773468017578125,,,,,
2024-09-23,9.5,76.5,,,23.44550323486328,,,,,
2024-09-23,17.75,78.5,,,24.015464782714844,,,,,
2024-09-23,20.5,85.5,,,25.952896118164062,,,,,
2024-09-23,22.0,79.0,,,24.068767547607425,,,,,
2024-09-23,26.0,91.75,,,25.21495056152344,,,,,
2024-09-23,26.5,81.0,,,26.415098190307617,,,,,
2024-09-23,27.0,73.0,,,26.27779960632324,,,,,
2024-09-24,9.5,76.5,,,23.658336639404297,,,,,
2024-09-24,17.75,78.5,,,23.710451126098636,,,,,
2024-09-24,20.5,85.5,,,24.419702529907227,,,,,
2024-09-24,22.0,79.0,,,23.600719451904297,,,,,
2024-09-24,26.0,91.75,,,24.507869720458984,,,,,
2024-09-24,26.5,81.0,,,26.63753890991211,,,,,
2024-09-24,27.0,73.0,,,26.436790466308597,,,,,
2024-09-25,9.5,76.5,,,23.53656005859375,,,,,
2024-09-25,17.75,78.5,,,24.01012420654297,,,,,
2024-09-25,20.5,85.5,,,24.59380340576172,,,,,
2024-09-25,22.0,79.0,,,23.37862777709961,,,,,
2024-09-25,26.0,91.75,,,23.33181381225586,,,,,
2024-09-25,26.5,81.0,,,26.44862365722656,,,,,
2024-09-25,27.0,73.0,,,27.63177299499512,,,,,
2024-09-26,9.5,76.5,,,24.10776138305664,,,,,
2024-09-26,17.75,78.5,,,24.017038345336918,,,,,
2024-09-26,20.5,85.5,,,24.480388641357425,,,,,
2024-09-26,22.0,79.0,,,23.51375961303711,,,,,
2024-09-26,26.0,91.75,,,22.213626861572266,,,,,
2024-09-26,26.5,81.0,,,25.49734878540039,,,,,
2024-09-26,27.0,73.0,,,27.56422996520996,,,,,
2024-09-27,9.5,76.5,,,23.791662216186523,,,,,
2024-09-27,17.75,78.5,,,23.82320213317871,,,,,
2024-09-27,20.5,85.5,,,24.22354888916016,,,,,
2024-09-27,22.0,79.0,,,23.37917137145996,,,,,
2024-09-27,26.0,91.75,,,22.46152877807617,,,,,
2024-09-27,26.5,81.0,,,24.469484329223636,,,,,
2024-09-27,27.0,73.0,,,25.85036277770996,,,,,
2024-09-28,9.5,76.5,,,24.2833309173584,,,,,
2024-09-28,17.75,78.5,,,23.86133575439453,,,,,
2024-09-28,20.5,85.5,,,24.990890502929688,,,,,
2024-09-28,22.0,79.0,,,23.44125366210937,,,,,
2024-09-28,26.0,91.75,,,21.955135345458984,,,,,
2024-09-28,26.5,81.0,,,23.970876693725582,,,,,
2024-09-28,27.0,73.0,,,25.694026947021484,,,,,
2024-09-29,9.5,76.5,,,23.8377685546875,,,,,
2024-09-29,17.75,78.5,,,24.71137809753418,,,,,
2024-09-29,20.5,85.5,,,25.559484481811523,,,,,
2024-09-29,22.0,79.0,,,23.56850242614746,,,,,
2024-09-29,26.0,91.75,,,22.20948982238769,,,,,
2024-09-29,26.5,81.0,,,23.989227294921875,,,,,
2024-09-29,27.0,73.0,,,24.71686553955078,,,,,
2024-09-30,9.5,76.5,,,22.754409790039062,,,,,
2024-09-30,17.75,78.5,,,24.921798706054688,,,,,
2024-09-30,20.5,85.5,,,25.59860038757324,,,,,
2024-09-30,22.0,79.0,,,23.85655403137207,,,,,
2024-09-30,26.0,91.75,,,23.313575744628903,,,,,
2024-09-30,26.5,81.0,,,24.653343200683597,,,,,
2024-09-30,27.0,73.0,,,26.22889709472656,,,,,
2024-10-01,9.5,76.5,,,23.973777770996094,,,,,
2024-10-01,17.75,78.5,,,24.3188591003418,,,,,
2024-10-01,20.5,85.5,,,26.28360748291016,,,,,
2024-10-01,22.0,79.0,,,23.86997985839844,,,,,
2024-10-01,26.0,91.75,,,24.158212661743164,,,,,
2024-10-01,26.5,81.0,,,24.527812957763672,,,,,
2024-10-01,27.0,73.0,,,26.04895401000977,,,,,
2024-10-02,9.5,76.5,,,23.904041290283203,,,,,
2024-10-02,17.75,78.5,,,24.129600524902344,,,,,
2024-10-02,20.5,85.5,,,26.6233024597168,,,,,
2024-10-02,22.0,79.0,,,23.902189254760746,,,,,
2024-10-02,26.0,91.75,,,23.78466415405273,,,,,
2024-10-02,26.5,81.0,,,24.726882934570312,,,,,
2024-10-02,27.0,73.0,,,25.85360336303711,,,,,
2024-10-03,9.5,76.5,,,23.9209098815918,,,,,
2024-10-03,17.75,78.5,,,24.214866638183597,,,,,
2024-10-03,20.5,85.5,,,25.488773345947266,,,,,
2024-10-03,22.0,79.0,,,23.901073455810547,,,,,
2024-10-03,26.0,91.75,,,23.69119453430176,,,,,
2024-10-03,26.5,81.0,,,24.406450271606445,,,,,
2024-10-03,27.0,73.0,,,24.85384750366211,,,,,
2024-10-04,9.5,76.5,,,24.155736923217773,,,,,
2024-10-04,17.75,78.5,,,23.597566604614254,,,,,
2024-10-04,20.5,85.5,,,25.35784149169922,,,,,
2024-10-04,22.0,79.0,,,23.81319236755371,,,,,
2024-10-04,26.0,91.75,,,22.33713150024414,,,,,
2024-10-04,26.5,81.0,,,25.02975082397461,,,,,
2024-10-04,27.0,73.0,,,24.76133346557617,,,,,
2024-10-05,9.5,76.5,,,23.56806182861328,,,,,
2024-10-05,17.75,78.5,,,23.670391082763672,,,,,
2024-10-05,20.5,85.5,,,24.837650299072266,,,,,
2024-10-05,22.0,79.0,,,23.34415626525879,,,,,
2024-10-05,26.0,91.75,,,22.04705047607422,,,,,
2024-10-05,26.5,81.0,,,24.60938262939453,,,,,
2024-10-05,27.0,73.0,,,24.56260108947754,,,,,
2024-10-06,9.5,76.5,,,23.77243995666504,,,,,
2024-10-06,17.75,78.5,,,24.082643508911133,,,,,
2024-10-06,20.5,85.5,,,25.026769638061523,,,,,
2024-10-06,22.0,79.0,,,22.23639678955078,,,,,
2024-10-06,26.0,91.75,,,22.11017799377441,,,,,
2024-10-06,26.5,81.0,,,24.21390724182129,,,,,
2024-10-06,27.0,73.0,,,23.59090614318848,,,,,
2024-10-07,9.5,76.5,,,22.89665412902832,,,,,
2024-10-07,17.75,78.5,,,23.630407333374023,,,,,
2024-10-07,20.5,85.5,,,24.6511287689209,,,,,
2024-10-07,22.0,79.0,,,21.34435272216797,,,,,
2024-10-07,26.0,91.75,,,22.186561584472656,,,,,
2024-10-07,26.5,81.0,,,24.084644317626957,,,,,
2024-10-07,27.0,73.0,,,23.558269500732425,,,,,
2024-10-08,9.5,76.5,,,23.050756454467773,,,,,
2024-10-08,17.75,78.5,,,23.968582153320312,,,,,
2024-10-08,20.5,85.5,,,24.96404457092285,,,,,
2024-10-08,22.0,79.0,,,22.75124931335449,,,,,
2024-10-08,26.0,91.75,,,22.60181999206543,,,,,
2024-10-08,26.5,81.0,,,24.36714744567871,,,,,
2024-10-08,27.0,73.0,,,23.6590518951416,,,,,
2024-10-09,9.5,76.5,,,23.57633209228516,,,,,
2024-10-09,17.75,78.5,,,23.751100540161133,,,,,
2024-10-09,20.5,85.5,,,24.86516761779785,,,,,
2024-10-09,22.0,79.0,,,22.69305419921875,,,,,
2024-10-09,26.0,91.75,,,22.492713928222656,,,,,
2024-10-09,26.5,81.0,,,24.232067108154297,,,,,
2024-10-09,27.0,73.0,,,23.24134635925293,,,,,
2024-10-10,9.5,76.5,,,22.49715614318848,,,,,
2024-10-10,17.75,78.5,,,23.73746490478516,,,,,
2024-10-10,20.5,85.5,,,24.498598098754883,,,,,
2024-10-10,22.0,79.0,,,22.619285583496094,,,,,
2024-10-10,26.0,91.75,,,22.163175582885746,,,,,
2024-10-10,26.5,81.0,,,23.33698272705078,,,,,
2024-10-10,27.0,73.0,,,21.98123550415039,,,,,
2024-10-11,9.5,76.5,,,22.81368064880371,,,,,
2024-10-11,17.75,78.5,,,23.81783866882324,,,,,
2024-10-11,20.5,85.5,,,25.01862525939941,,,,,
2024-10-11,22.0,79.0,,,22.152070999145508,,,,,
2024-10-11,26.0,91.75,,,22.44938468933105,,,,,
2024-10-11,26.5,81.0,,,22.57082939147949,,,,,
2024-10-11,27.0,73.0,,,21.09913825988769,,,,,
2024-10-12,9.5,76.5,,,22.20073699951172,,,,,
2024-10-12,17.75,78.5,,,23.484146118164062,,,,,
2024-10-12,20.5,85.5,,,25.244361877441406,,,,,
2024-10-12,22.0,79.0,,,22.671743392944336,,,,,
2024-10-12,26.0,91.75,,,21.952808380126957,,,,,
2024-10-12,26.5,81.0,,,22.71668243408203,,,,,
2024-10-12,27.0,73.0,,,20.578887939453125,,,,,
2024-10-13,9.5,76.5,,,23.005443572998047,,,,,
2024-10-13,17.75,78.5,,,23.64249420166016,,,,,
2024-10-13,20.5,85.5,,,24.891529083251957,,,,,
2024-10-13,22.0,79.0,,,23.106279373168945,,,,,
2024-10-13,26.0,91.75,,,20.827363967895508,,,,,
2024-10-13,26.5,81.0,,,21.66315460205078,,,,,
2024-10-13,27.0,73.0,,,21.62442398071289,,,,,
2024-10-14,9.5,76.5,,,22.94790267944336,,,,,
2024-10-14,17.75,78.5,,,23.79151153564453,,,,,
2024-10-14,20.5,85.5,,,24.602149963378903,,,,,
2024-10-14,22.0,79.0,,,22.43623161315918,,,,,
2024-10-14,26.0,91.75,,,20.09346580505371,,,,,
2024-10-14,26.5,81.0,,,22.753204345703125,,,,,
2024-10-14,27.0,73.0,,,22.02794075012207,,,,,
2024-10-15,9.5,76.5,,,22.47339630126953,,,,,
2024-10-15,17.75,78.5,,,23.90263557434082,,,,,
2024-10-15,20.5,85.5,,,24.847612380981445,,,,,
2024-10-15,22.0,79.0,,,22.39957427978516,,,,,
2024-10-15,26.0,91.75,,,21.05391311645508,,,,,
2024-10-15,26.5,81.0,,,20.921876907348636,,,,,
2024-10-15,27.0,73.0,,,21.06216049194336,,,,,
2024-10-16,9.5,76.5,,,22.944795608520508,,,,,
2024-10-16,17.75,78.5,,,23.731956481933597,,,,,
2024-10-16,20.5,85.5,,,25.329423904418945,,,,,
2024-10-16,22.0,79.0,,,22.74147224426269,,,,,
2024-10-16,26.0,91.75,,,20.127910614013672,,,,,
2024-10-16,26.5,81.0,,,19.96370887756348,,,,,
2024-10-16,27.0,73.0,,,20.937700271606445,,,,,
2024-10-17,9.5,76.5,,,22.92149543762207,,,,,
2024-10-17,17.75,78.5,,,24.13509178161621,,,,,
2024-10-17,20.5,85.5,,,25.21316337585449,,,,,
2024-10-17,22.0,79.0,,,22.581016540527344,,,,,
2024-10-17,26.0,91.75,,,19.75730323791504,,,,,
2024-10-17,26.5,81.0,,,20.158954620361328,,,,,
2024-10-17,27.0,73.0,,,21.648174285888672,,,,,
2024-10-18,9.5,76.5,,,23.144207000732425,,,,,
2024-10-18,17.75,78.5,,,24.069732666015625,,,,,
2024-10-18,20.5,85.5,,,24.960119247436523,,,,,
2024-10-18,22.0,79.0,,,22.2260856628418,,,,,
2024-10-18,26.0,91.75,,,20.960317611694336,,,,,
2024-10-18,26.5,81.0,,,20.65595245361328,,,,,
2024-10-18,27.0,73.0,,,21.81505584716797,,,,,
2024-10-19,9.5,76.5,,,23.547510147094727,,,,,
2024-10-19,17.75,78.5,,,23.77589607238769,,,,,
2024-10-19,20.5,85.5,,,25.17256736755371,,,,,
2024-10-19,22.0,79.0,,,21.28011703491211,,,,,
2024-10-19,26.0,91.75,,,21.08238220214844,,,,,
2024-10-19,26.5,81.0,,,20.3557071685791,,,,,
2024-10-19,27.0,73.0,,,21.633155822753903,,,,,
2024-10-20,9.5,76.5,,,23.728063583374023,,,,,
2024-10-20,17.75,78.5,,,23.30869483947754,,,,,
2024-10-20,20.5,85.5,,,23.711803436279297,,,,,
2024-10-20,22.0,79.0,,,20.964609146118164,,,,,
2024-10-20,26.0,91.75,,,19.4666690826416,,,,,
2024-10-20,26.5,81.0,,,20.64022445678711,,,,,
2024-10-20,27.0,73.0,,,22.05243682861328,,,,,
2024-10-21,9.5,76.5,,,23.445289611816406,,,,,
2024-10-21,17.75,78.5,,,23.464887619018555,,,,,
2024-10-21,20.5,85.5,,,23.589466094970703,,,,,
2024-10-21,22.0,79.0,,,19.989843368530277,,,,,
2024-10-21,26.0,91.75,,,19.789255142211918,,,,,
2024-10-21,26.5,81.0,,,20.917463302612305,,,,,
2024-10-21,27.0,73.0,,,22.079160690307617,,,,,
2024-10-22,9.5,76.5,,,24.09100914001465,,,,,
2024-10-22,17.75,78.5,,,22.909936904907227,,,,,
2024-10-22,20.5,85.5,,,22.847246170043945,,,,,
2024-10-22,22.0,79.0,,,20.651348114013672,,,,,
2024-10-22,26.0,91.75,,,20.063934326171875,,,,,
2024-10-22,26.5,81.0,,,21.057151794433597,,,,,
2024-10-22,27.0,73.0,,,21.090639114379883,,,,,
2024-10-23,9.5,76.5,,,22.93035316467285,,,,,
2024-10-23,17.75,78.5,,,22.650239944458008,,,,,
2024-10-23,20.5,85.5,,,22.36620140075684,,,,,
2024-10-23,22.0,79.0,,,20.004377365112305,,,,,
2024-10-23,26.0,91.75,,,21.02751350402832,,,,,
2024-10-23,26.5,81.0,,,20.61716651916504,,,,,
2024-10-23,27.0,73.0,,,21.524169921875,,,,,
2024-10-24,9.5,76.5,,,23.045759201049805,,,,,
2024-10-24,17.75,78.5,,,21.287654876708984,,,,,
2024-10-24,20.5,85.5,,,23.146059036254883,,,,,
2024-10-24,22.0,79.0,,,18.82768440246582,,,,,
2024-10-24,26.0,91.75,,,20.80422019958496,,,,,
2024-10-24,26.5,81.0,,,21.26567268371582,,,,,
2024-10-24,27.0,73.0,,,19.811771392822266,,,,,
2024-10-25,9.5,76.5,,,23.040876388549805,,,,,
2024-10-25,17.75,78.5,,,20.380409240722656,,,,,
2024-10-25,20.5,85.5,,,23.15241813659668,,,,,
2024-10-25,22.0,79.0,,,19.389970779418945,,,,,
2024-10-25,26.0,91.75,,,20.03035545349121,,,,,
2024-10-25,26.5,81.0,,,21.219945907592773,,,,,
2024-10-25,27.0,73.0,,,20.004207611083984,,,,,
2024-10-26,9.5,76.5,,,22.41031265258789,,,,,
2024-10-26,17.75,78.5,,,21.13701057434082,,,,,
2024-10-26,20.5,85.5,,,23.14004898071289,,,,,
2024-10-26,22.0,79.0,,,19.603599548339844,,,,,
2024-10-26,26.0,91.75,,,20.15682411193848,,,,,
2024-10-26,26.5,81.0,,,20.995643615722656,,,,,
2024-10-26,27.0,73.0,,,20.28307342529297,,,,,
2024-10-27,9.5,76.5,,,22.645532608032227,,,,,
2024-10-27,17.75,78.5,,,20.28643798828125,,,,,
2024-10-27,20.5,85.5,,,23.675132751464844,,,,,
2024-10-27,22.0,79.0,,,18.63598251342773,,,,,
2024-10-27,26.0,91.75,,,20.35676002502441,,,,,
2024-10-27,26.5,81.0,,,21.2554988861084,,,,,
2024-10-27,27.0,73.0,,,21.016725540161133,,,,,
2024-10-28,9.5,76.5,,,23.03182029724121,,,,,
2024-10-28,17.75,78.5,,,20.960176467895508,,,,,
2024-10-28,20.5,85.5,,,24.02651023864746,,,,,
2024-10-28,22.0,79.0,,,19.885047912597656,,,,,
2024-10-28,26.0,91.75,,,19.78670883178711,,,,,
2024-10-28,26.5,81.0,,,21.92335319519043,,,,,
2024-10-28,27.0,73.0,,,22.06555557250977,,,,,
2024-10-29,9.5,76.5,,,23.453125,,,,,
2024-10-29,17.75,78.5,,,21.947208404541016,,,,,
2024-10-29,20.5,85.5,,,24.38470268249512,,,,,
2024-10-29,22.0,79.0,,,20.637283325195312,,,,,
2024-10-29,26.0,91.75,,,20.434579849243164,,,,,
2024-10-29,26.5,81.0,,,22.53872299194336,,,,,
2024-10-29,27.0,73.0,,,21.50949478149414,,,,,
2024-10-30,9.5,76.5,,,23.534502029418945,,,,,
2024-10-30,17.75,78.5,,,23.303024291992188,,,,,
2024-10-30,20.5,85.5,,,24.831188201904297,,,,,
2024-10-30,22.0,79.0,,,20.599464416503903,,,,,
2024-10-30,26.0,91.75,,,21.399816513061523,,,,,
2024-10-30,26.5,81.0,,,22.02281379699707,,,,,
2024-10-30,27.0,73.0,,,20.90127944946289,,,,,
2024-10-31,9.5,76.5,,,24.16489028930664,,,,,
2024-10-31,17.75,78.5,,,23.215065002441406,,,,,
2024-10-31,20.5,85.5,,,24.42004776000977,,,,,
2024-10-31,22.0,79.0,,,20.152929306030277,,,,,
2024-10-31,26.0,91.75,,,20.67241477966309,,,,,
2024-10-31,26.5,81.0,,,21.07792091369629,,,,,
2024-10-31,27.0,73.0,,,20.924829483032227,,,,,
2024-11-01,9.5,76.5,,,23.116060256958008,,,,,
2024-11-01,17.75,78.5,,,23.239181518554688,,,,,
2024-11-01,20.5,85.5,,,24.21896171569824,,,,,
2024-11-01,22.0,79.0,,,19.20110893249512,,,,,
2024-11-01,26.0,91.75,,,20.26206970214844,,,,,
2024-11-01,26.5,81.0,,,20.047828674316406,,,,,
2024-11-01,27.0,73.0,,,19.854331970214844,,,,,
2024-11-02,9.5,76.5,,,23.46420669555664,,,,,
2024-11-02,17.75,78.5,,,22.688814163208008,,,,,
2024-11-02,20.5,85.5,,,22.97833251953125,,,,,
2024-11-02,22.0,79.0,,,18.381452560424805,,,,,
2024-11-02,26.0,91.75,,,19.233861923217773,,,,,
2024-11-02,26.5,81.0,,,17.649642944335938,,,,,
2024-11-02,27.0,73.0,,,19.126861572265625,,,,,
2024-11-03,9.5,76.5,,,22.081098556518555,,,,,
2024-11-03,17.75,78.5,,,22.043441772460938,,,,,
2024-11-03,20.5,85.5,,,21.82090377807617,,,,,
2024-11-03,22.0,79.0,,,18.92120742797852,,,,,
2024-11-03,26.0,91.75,,,18.605587005615234,,,,,
2024-11-03,26.5,81.0,,,18.08091926574707,,,,,
2024-11-03,27.0,73.0,,,19.039966583251957,,,,,
2024-11-04,9.5,76.5,,,22.88127899169922,,,,,
2024-11-04,17.75,78.5,,,21.43647003173828,,,,,
2024-11-04,20.5,85.5,,,21.133846282958984,,,,,
2024-11-04,22.0,79.0,,,18.101505279541016,,,,,
2024-11-04,26.0,91.75,,,18.44426727294922,,,,,
2024-11-04,26.5,81.0,,,18.590118408203125,,,,,
2024-11-04,27.0,73.0,,,18.38879776000977,,,,,
2024-11-05,9.5,76.5,,,22.42515754699707,,,,,
2024-11-05,17.75,78.5,,,20.14399719238281,,,,,
2024-11-05,20.5,85.5,,,20.316444396972656,,,,,
2024-11-05,22.0,79.0,,,17.34590721130371,,,,,
2024-11-05,26.0,91.75,,,18.53680229187012,,,,,
2024-11-05,26.5,81.0,,,18.97739028930664,,,,,
2024-11-05,27.0,73.0,,,19.4008903503418,,,,,
2024-11-06,9.5,76.5,,,22.41123390197754,,,,,
2024-11-06,17.75,78.5,,,19.44149780273437,,,,,
2024-11-06,20.5,85.5,,,21.54595184326172,,,,,
2024-11-06,22.0,79.0,,,17.26940155029297,,,,,
2024-11-06,26.0,91.75,,,18.081653594970703,,,,,
2024-11-06,26.5,81.0,,,18.874977111816406,,,,,
2024-11-06,27.0,73.0,,,19.310096740722656,,,,,
2024-11-07,9.5,76.5,,,23.34775733947754,,,,,
2024-11-07,17.75,78.5,,,19.37343406677246,,,,,
2024-11-07,20.5,85.5,,,21.981395721435547,,,,,
2024-11-07,22.0,79.0,,,17.445236206054688,,,,,
2024-11-07,26.0,91.75,,,17.48025894165039,,,,,
2024-11-07,26.5,81.0,,,19.31374168395996,,,,,
2024-11-07,27.0,73.0,,,19.104473114013672,,,,,
2024-11-08,9.5,76.5,,,23.99964141845703,,,,,
2024-11-08,17.75,78.5,,,20.145322799682617,,,,,
2024-11-08,20.5,85.5,,,22.036800384521484,,,,,
2024-11-08,22.0,79.0,,,17.37759780883789,,,,,
2024-11-08,26.0,91.75,,,17.700807571411133,,,,,
2024-11-08,26.5,81.0,,,19.168550491333008,,,,,
2024-11-08,27.0,73.0,,,19.370874404907227,,,,,
2024-11-09,9.5,76.5,,,22.857181549072266,,,,,
2024-11-09,17.75,78.5,,,20.409643173217773,,,,,
2024-11-09,20.5,85.5,,,21.742267608642575,,,,,
2024-11-09,22.0,79.0,,,18.146991729736328,,,,,
2024-11-09,26.0,91.75,,,17.04494285583496,,,,,
2024-11-09,26.5,81.0,,,18.760194778442383,,,,,
2024-11-09,27.0,73.0,,,18.68853187561035,,,,,
2024-11-10,9.5,76.5,,,23.11095428466797,,,,,
2024-11-10,17.75,78.5,,,20.046186447143555,,,,,
2024-11-10,20.5,85.5,,,21.480417251586918,,,,,
2024-11-10,22.0,79.0,,,17.580902099609375,,,,,
2024-11-10,26.0,91.75,,,16.413652420043945,,,,,
2024-11-10,26.5,81.0,,,18.25505256652832,,,,,
2024-11-10,27.0,73.0,,,18.27346420288086,,,,,
2024-11-11,9.5,76.5,,,22.920379638671875,,,,,
2024-11-11,17.75,78.5,,,18.791576385498047,,,,,
2024-11-11,20.5,85.5,,,21.092119216918945,,,,,
2024-11-11,22.0,79.0,,,16.365163803100586,,,,,
2024-11-11,26.0,91.75,,,17.095949172973633,,,,,
2024-11-11,26.5,81.0,,,18.242774963378903,,,,,
2024-11-11,27.0,73.0,,,17.69089126586914,,,,,
2024-11-12,9.5,76.5,,,23.02066802978516,,,,,
2024-11-12,17.75,78.5,,,19.489770889282227,,,,,
2024-11-12,20.5,85.5,,,20.997821807861328,,,,,
2024-11-12,22.0,79.0,,,15.71785831451416,,,,,
2024-11-12,26.0,91.75,,,17.112226486206055,,,,,
2024-11-12,26.5,81.0,,,17.565935134887695,,,,,
2024-11-12,27.0,73.0,,,16.482206344604492,,,,,
2024-11-13,9.5,76.5,,,23.829668045043945,,,,,
2024-11-13,17.75,78.5,,,21.749303817749023,,,,,
2024-11-13,20.5,85.5,,,20.31390190124512,,,,,
2024-11-13,22.0,79.0,,,14.507661819458008,,,,,
2024-11-13,26.0,91.75,,,16.446712493896484,,,,,
2024-11-13,26.5,81.0,,,16.967435836791992,,,,,
2024-11-13,27.0,73.0,,,16.390310287475586,,,,,
2024-11-14,9.5,76.5,,,23.942052841186523,,,,,
2024-11-14,17.75,78.5,,,21.900110244750977,,,,,
2024-11-14,20.5,85.5,,,19.851890563964844,,,,,
2024-11-14,22.0,79.0,,,14.015666007995604,,,,,
2024-11-14,26.0,91.75,,,16.537778854370117,,,,,
2024-11-14,26.5,81.0,,,15.869384765625,,,,,
2024-11-14,27.0,73.0,,,17.14930534362793,,,,,
2024-11-15,9.5,76.5,,,23.47846794128418,,,,,
2024-11-15,17.75,78.5,,,21.213809967041016,,,,,
2024-11-15,20.5,85.5,,,18.633441925048828,,,,,
2024-11-15,22.0,79.0,,,14.299019813537598,,,,,
2024-11-15,26.0,91.75,,,15.017004013061523,,,,,
2024-11-15,26.5,81.0,,,15.279756546020508,,,,,
2024-11-15,27.0,73.0,,,16.743547439575195,,,,,
2024-11-16,9.5,76.5,,,23.33930015563965,,,,,
2024-11-16,17.75,78.5,,,20.76033592224121,,,,,
2024-11-16,20.5,85.5,,,17.053329467773438,,,,,
2024-11-16,22.0,79.0,,,13.963245391845703,,,,,
2024-11-16,26.0,91.75,,,14.96589469909668,,,,,
2024-11-16,26.5,81.0,,,14.392423629760742,,,,,
2024-11-16,27.0,73.0,,,16.26529312133789,,,,,
2024-11-17,9.5,76.5,,,23.1422119140625,,,,,
2024-11-17,17.75,78.5,,,19.595922470092773,,,,,
2024-11-17,20.5,85.5,,,16.39198875427246,,,,,
2024-11-17,22.0,79.0,,,14.001859664916992,,,,,
2024-11-17,26.0,91.75,,,15.166803359985352,,,,,
2024-11-17,26.5,81.0,,,14.789185523986816,,,,,
2024-11-17,27.0,73.0,,,15.905494689941406,,,,,
2024-11-18,9.5,76.5,,,22.887025833129883,,,,,
2024-11-18,17.75,78.5,,,17.477054595947266,,,,,
2024-11-18,20.5,85.5,,,16.00185203552246,,,,,
2024-11-18,22.0,79.0,,,13.655509948730469,,,,,
2024-11-18,26.0,91.75,,,14.499513626098633,,,,,
2024-11-18,26.5,81.0,,,13.991639137268066,,,,,
2024-11-18,27.0,73.0,,,13.495731353759766,,,,,
2024-11-19,9.5,76.5,,,23.39658546447754,,,,,
2024-11-19,17.75,78.5,,,16.73790168762207,,,,,
2024-11-19,20.5,85.5,,,15.676729202270508,,,,,
2024-11-19,22.0,79.0,,,12.65695095062256,,,,,
2024-11-19,26.0,91.75,,,14.830140113830566,,,,,
2024-11-19,26.5,81.0,,,14.410205841064451,,,,,
2024-11-19,27.0,73.0,,,12.553792953491213,,,,,
2024-11-20,9.5,76.5,,,22.120594024658203,,,,,
2024-11-20,17.75,78.5,,,15.79539966583252,,,,,
2024-11-20,20.5,85.5,,,15.419268608093262,,,,,
2024-11-20,22.0,79.0,,,12.339709281921388,,,,,
2024-11-20,26.0,91.75,,,14.762885093688965,,,,,
2024-11-20,26.5,81.0,,,12.629156112670898,,,,,
2024-11-20,27.0,73.0,,,12.1671142578125,,,,,
2024-11-21,9.5,76.5,,,22.4951114654541,,,,,
2024-11-21,17.75,78.5,,,15.97331714630127,,,,,
2024-11-21,20.5,85.5,,,16.590063095092773,,,,,
2024-11-21,22.0,79.0,,,12.548242568969728,,,,,
2024-11-21,26.0,91.75,,,13.778499603271484,,,,,
2024-11-21,26.5,81.0,,,11.949729919433594,,,,,
2024-11-21,27.0,73.0,,,11.859776496887209,,,,,
2024-11-22,9.5,76.5,,,22.482648849487305,,,,,
2024-11-22,17.75,78.5,,,15.814085006713867,,,,,
2024-11-22,20.5,85.5,,,16.208044052124023,,,,,
2024-11-22,22.0,79.0,,,12.25380802154541,,,,,
2024-11-22,26.0,91.75,,,13.6478853225708,,,,,
2024-11-22,26.5,81.0,,,11.920677185058594,,,,,
2024-11-22,27.0,73.0,,,12.143731117248535,,,,,
2024-11-23,9.5,76.5,,,22.929309844970703,,,,,
2024-11-23,17.75,78.5,,,15.685680389404297,,,,,
2024-11-23,20.5,85.5,,,16.223745346069336,,,,,
2024-11-23,22.0,79.0,,,11.907774925231934,,,,,
2024-11-23,26.0,91.75,,,13.972481727600098,,,,,
2024-11-23,26.5,81.0,,,12.251298904418944,,,,,
2024-11-23,27.0,73.0,,,12.843955039978027,,,,,
2024-11-24,9.5,76.5,,,23.214326858520508,,,,,
2024-11-24,17.75,78.5,,,16.100845336914062,,,,,
2024-11-24,20.5,85.5,,,15.994860649108888,,,,,
2024-11-24,22.0,79.0,,,11.87774658203125,,,,,
2024-11-24,26.0,91.75,,,14.32293701171875,,,,,
2024-11-24,26.5,81.0,,,12.33908748626709,,,,,
2024-11-24,27.0,73.0,,,12.949419975280762,,,,,
2024-11-25,9.5,76.5,,,23.046974182128903,,,,,
2024-11-25,17.75,78.5,,,15.584611892700195,,,,,
2024-11-25,20.5,85.5,,,16.34063148498535,,,,,
2024-11-25,22.0,79.0,,,11.494332313537598,,,,,
2024-11-25,26.0,91.75,,,13.92253303527832,,,,,
2024-11-25,26.5,81.0,,,13.175943374633787,,,,,
2024-11-25,27.0,73.0,,,13.190141677856444,,,,,
2024-11-26,9.5,76.5,,,23.233198165893555,,,,,
2024-11-26,17.75,78.5,,,15.355524063110352,,,,,
2024-11-26,20.5,85.5,,,15.324819564819336,,,,,
2024-11-26,22.0,79.0,,,11.173364639282228,,,,,
2024-11-26,26.0,91.75,,,13.43359375,,,,,
2024-11-26,26.5,81.0,,,12.564741134643556,,,,,
2024-11-26,27.0,73.0,,,12.459189414978027,,,,,
2024-11-27,9.5,76.5,,,22.28690719604492,,,,,
2024-11-27,17.75,78.5,,,15.85086727142334,,,,,
2024-11-27,20.5,85.5,,,15.152498245239258,,,,,
2024-11-27,22.0,79.0,,,10.23941135406494,,,,,
2024-11-27,26.0,91.75,,,12.799772262573242,,,,,
2024-11-27,26.5,81.0,,,11.475624084472656,,,,,
2024-11-27,27.0,73.0,,,12.952500343322754,,,,,
2024-11-28,9.5,76.5,,,22.1514835357666,,,,,
2024-11-28,17.75,78.5,,,15.093043327331545,,,,,
2024-11-28,20.5,85.5,,,15.417804718017578,,,,,
2024-11-28,22.0,79.0,,,10.455432891845703,,,,,
2024-11-28,26.0,91.75,,,12.19697093963623,,,,,
2024-11-28,26.5,81.0,,,10.570361137390137,,,,,
2024-11-28,27.0,73.0,,,12.48531436920166,,,,,
2024-11-29,9.5,76.5,,,22.886215209960938,,,,,
2024-11-29,17.75,78.5,,,16.13319969177246,,,,,
2024-11-29,20.5,85.5,,,18.05831527709961,,,,,
2024-11-29,22.0,79.0,,,10.46261215209961,,,,,
2024-11-29,26.0,91.75,,,12.187973022460938,,,,,
2024-11-29,26.5,81.0,,,10.293163299560549,,,,,
2024-11-29,27.0,73.0,,,11.49804973602295,,,,,
2024-11-30,9.5,76.5,,,23.163068771362305,,,,,
2024-11-30,17.75,78.5,,,19.59608268737793,,,,,
2024-11-30,20.5,85.5,,,19.236652374267575,,,,,
2024-11-30,22.0,79.0,,,10.453996658325195,,,,,
2024-11-30,26.0,91.75,,,12.748739242553713,,,,,
2024-11-30,26.5,81.0,,,10.339418411254885,,,,,
2024-11-30,27.0,73.0,,,11.77281665802002,,,,,
2024-12-01,9.5,76.5,,,23.91207504272461,,,,,
2024-12-01,17.75,78.5,,,21.431833267211918,,,,,
2024-12-01,20.5,85.5,,,19.35583877563477,,,,,
2024-12-01,22.0,79.0,,,12.305559158325195,,,,,
2024-12-01,26.0,91.75,,,12.738396644592283,,,,,
2024-12-01,26.5,81.0,,,10.15241241455078,,,,,
2024-12-01,27.0,73.0,,,12.677823066711426,,,,,
2024-12-02,9.5,76.5,,,23.47525978088379,,,,,
2024-12-02,17.75,78.5,,,21.768800735473636,,,,,
2024-12-02,20.5,85.5,,,19.12912940979004,,,,,
2024-12-02,22.0,79.0,,,13.80387020111084,,,,,
2024-12-02,26.0,91.75,,,11.935029983520508,,,,,
2024-12-02,26.5,81.0,,,10.463567733764648,,,,,
2024-12-02,27.0,73.0,,,12.77347469329834,,,,,
2024-12-03,9.5,76.5,,,22.91375732421875,,,,,
2024-12-03,17.75,78.5,,,22.1324520111084,,,,,
2024-12-03,20.5,85.5,,,19.12407684326172,,,,,
2024-12-03,22.0,79.0,,,15.495855331420898,,,,,
2024-12-03,26.0,91.75,,,11.287813186645508,,,,,
2024-12-03,26.5,81.0,,,10.855597496032717,,,,,
2024-12-03,27.0,73.0,,,12.531421661376951,,,,,
2024-12-04,9.5,76.5,,,23.922548294067383,,,,,
2024-12-04,17.75,78.5,,,21.794641494750977,,,,,
2024-12-04,20.5,85.5,,,19.39690589904785,,,,,
2024-12-04,22.0,79.0,,,15.611536979675291,,,,,
2024-12-04,26.0,91.75,,,11.841204643249512,,,,,
2024-12-04,26.5,81.0,,,11.68805694580078,,,,,
2024-12-04,27.0,73.0,,,12.613614082336426,,,,,
2024-12-05,9.5,76.5,,,23.22856330871582,,,,,
2024-12-05,17.75,78.5,,,21.87655067443848,,,,,
2024-12-05,20.5,85.5,,,18.568435668945312,,,,,
2024-12-05,22.0,79.0,,,15.52439308166504,,,,,
2024-12-05,26.0,91.75,,,11.294999122619627,,,,,
2024-12-05,26.5,81.0,,,11.201895713806152,,,,,
2024-12-05,27.0,73.0,,,10.403508186340332,,,,,
2024-12-06,9.5,76.5,,,22.741973876953125,,,,,
2024-12-06,17.75,78.5,,,22.390905380249023,,,,,
2024-12-06,20.5,85.5,,,18.41345596313477,,,,,
2024-12-06,22.0,79.0,,,15.364795684814451,,,,,
2024-12-06,26.0,91.75,,,12.324014663696287,,,,,
2024-12-06,26.5,81.0,,,9.65802001953125,,,,,
2024-12-06,27.0,73.0,,,10.32181453704834,,,,,
2024-12-07,9.5,76.5,,,23.04850959777832,,,,,
2024-12-07,17.75,78.5,,,22.43133544921875,,,,,
2024-12-07,20.5,85.5,,,17.981719970703125,,,,,
2024-12-07,22.0,79.0,,,14.510709762573242,,,,,
2024-12-07,26.0,91.75,,,12.39277458190918,,,,,
2024-12-07,26.5,81.0,,,8.477781295776367,,,,,
2024-12-07,27.0,73.0,,,8.591609954833984,,,,,
2024-12-08,9.5,76.5,,,23.122989654541016,,,,,
2024-12-08,17.75,78.5,,,22.40609741210937,,,,,
2024-12-08,20.5,85.5,,,18.65077018737793,,,,,
2024-12-08,22.0,79.0,,,14.924086570739746,,,,,
2024-12-08,26.0,91.75,,,11.12480354309082,,,,,
2024-12-08,26.5,81.0,,,9.266069412231444,,,,,
2024-12-08,27.0,73.0,,,10.100939750671388,,,,,
2024-12-09,9.5,76.5,,,22.320463180541992,,,,,
2024-12-09,17.75,78.5,,,21.28945541381836,,,,,
2024-12-09,20.5,85.5,,,19.575101852416992,,,,,
2024-12-09,22.0,79.0,,,13.039423942565918,,,,,
2024-12-09,26.0,91.75,,,10.251420021057127,,,,,
2024-12-09,26.5,81.0,,,10.943717002868652,,,,,
2024-12-09,27.0,73.0,,,8.870285034179688,,,,,
2024-12-10,9.5,76.5,,,22.86501693725586,,,,,
2024-12-10,17.75,78.5,,,20.02151870727539,,,,,
2024-12-10,20.5,85.5,,,18.83161735534668,,,,,
2024-12-10,22.0,79.0,,,8.55307388305664,,,,,
2024-12-10,26.0,91.75,,,12.475801467895508,,,,,
2024-12-10,26.5,81.0,,,9.032072067260742,,,,,
2024-12-10,27.0,73.0,,,7.279091835021973,,,,,
2024-12-11,9.5,76.5,,,22.900177001953125,,,,,
2024-12-11,17.75,78.5,,,17.566450119018555,,,,,
2024-12-11,20.5,85.5,,,15.344103813171388,,,,,
2024-12-11,22.0,79.0,,,7.6860504150390625,,,,,
2024-12-11,26.0,91.75,,,9.695419311523438,,,,,
2024-12-11,26.5,81.0,,,7.796316146850586,,,,,
2024-12-11,27.0,73.0,,,6.308820724487305,,,,,
2024-12-12,9.5,76.5,,,22.89839553833008,,,,,
2024-12-12,17.75,78.5,,,14.932116508483888,,,,,
2024-12-12,20.5,85.5,,,13.32610034942627,,,,,
2024-12-12,22.0,79.0,,,7.862375736236572,,,,,
2024-12-12,26.0,91.75,,,9.91631031036377,,,,,
2024-12-12,26.5,81.0,,,5.740520477294922,,,,,
2024-12-12,27.0,73.0,,,5.682975769042969,,,,,
2024-12-13,9.5,76.5,,,22.88581085205078,,,,,
2024-12-13,17.75,78.5,,,16.703369140625,,,,,
2024-12-13,20.5,85.5,,,12.818490028381348,,,,,
2024-12-13,22.0,79.0,,,7.506755828857422,,,,,
2024-12-13,26.0,91.75,,,9.789079666137695,,,,,
2024-12-13,26.5,81.0,,,6.223676681518555,,,,,
2024-12-13,27.0,73.0,,,6.622090816497803,,,,,
2024-12-14,9.5,76.5,,,21.70097541809082,,,,,
2024-12-14,17.75,78.5,,,16.124486923217773,,,,,
2024-12-14,20.5,85.5,,,12.27039909362793,,,,,
2024-12-14,22.0,79.0,,,5.985806465148926,,,,,
2024-12-14,26.0,91.75,,,9.792713165283203,,,,,
2024-12-14,26.5,81.0,,,5.800003528594971,,,,,
2024-12-14,27.0,73.0,,,5.937012672424316,,,,,
2024-12-15,9.5,76.5,,,20.702720642089844,,,,,
2024-12-15,17.75,78.5,,,14.358443260192873,,,,,
2024-12-15,20.5,85.5,,,11.609122276306152,,,,,
2024-12-15,22.0,79.0,,,5.532874584197998,,,,,
2024-12-15,26.0,91.75,,,10.058988571166992,,,,,
2024-12-15,26.5,81.0,,,5.351705074310303,,,,,
2024-12-15,27.0,73.0,,,4.782503128051758,,,,,
2024-12-16,9.5,76.5,,,21.428390502929688,,,,,
2024-12-16,17.75,78.5,,,11.60504913330078,,,,,
2024-12-16,20.5,85.5,,,10.93804931640625,,,,,
2024-12-16,22.0,79.0,,,6.512157440185547,,,,,
2024-12-16,26.0,91.75,,,9.26010799407959,,,,,
2024-12-16,26.5,81.0,,,6.502939224243164,,,,,
2024-12-16,27.0,73.0,,,5.630653858184815,,,,,
2024-12-17,9.5,76.5,,,21.2163143157959,,,,,
2024-12-17,17.75,78.5,,,12.09708023071289,,,,,
2024-12-17,20.5,85.5,,,12.165000915527344,,,,,
2024-12-17,22.0,79.0,,,6.319659233093262,,,,,
2024-12-17,26.0,91.75,,,9.284510612487791,,,,,
2024-12-17,26.5,81.0,,,7.026847362518311,,,,,
2024-12-17,27.0,73.0,,,5.90050220489502,,,,,
2024-12-18,9.5,76.5,,,21.5788516998291,,,,,
2024-12-18,17.75,78.5,,,14.252030372619627,,,,,
2024-12-18,20.5,85.5,,,15.31320095062256,,,,,
2024-12-18,22.0,79.0,,,7.388555526733398,,,,,
2024-12-18,26.0,91.75,,,10.7482271194458,,,,,
2024-12-18,26.5,81.0,,,7.974437713623047,,,,,
2024-12-18,27.0,73.0,,,6.134468078613281,,,,,
2024-12-19,9.5,76.5,,,22.81072807312012,,,,,
2024-12-19,17.75,78.5,,,16.236774444580078,,,,,
2024-12-19,20.5,85.5,,,17.168941497802734,,,,,
2024-12-19,22.0,79.0,,,8.239864349365234,,,,,
2024-12-19,26.0,91.75,,,11.120101928710938,,,,,
2024-12-19,26.5,81.0,,,8.189031600952148,,,,,
2024-12-19,27.0,73.0,,,6.995535850524902,,,,,
2024-12-20,9.5,76.5,,,23.118602752685547,,,,,
2024-12-20,17.75,78.5,,,21.215518951416016,,,,,
2024-12-20,20.5,85.5,,,18.38898468017578,,,,,
2024-12-20,22.0,79.0,,,11.410178184509276,,,,,
2024-12-20,26.0,91.75,,,10.647685050964355,,,,,
2024-12-20,26.5,81.0,,,8.46512508392334,,,,,
2024-12-20,27.0,73.0,,,9.129852294921877,,,,,
2024-12-21,9.5,76.5,,,23.17017364501953,,,,,
2024-12-21,17.75,78.5,,,20.18096923828125,,,,,
2024-12-21,20.5,85.5,,,17.2021541595459,,,,,
2024-12-21,22.0,79.0,,,12.484339714050291,,,,,
2024-12-21,26.0,91.75,,,11.098864555358888,,,,,
2024-12-21,26.5,81.0,,,9.00618839263916,,,,,
2024-12-21,27.0,73.0,,,7.905712127685547,,,,,
2024-12-22,9.5,76.5,,,22.601198196411133,,,,,
2024-12-22,17.75,78.5,,,20.255001068115234,,,,,
2024-12-22,20.5,85.5,,,17.10760498046875,,,,,
2024-12-22,22.0,79.0,,,10.39655590057373,,,,,
2024-12-22,26.0,91.75,,,10.560049057006836,,,,,
2024-12-22,26.5,81.0,,,8.225391387939453,,,,,
2024-12-22,27.0,73.0,,,9.458234786987305,,,,,
2024-12-23,9.5,76.5,,,21.49125862121582,,,,,
2024-12-23,17.75,78.5,,,18.6591796875,,,,,
2024-12-23,20.5,85.5,,,16.7686710357666,,,,,
2024-12-23,22.0,79.0,,,12.080557823181152,,,,,
2024-12-23,26.0,91.75,,,10.024576187133787,,,,,
2024-12-23,26.5,81.0,,,9.096136093139648,,,,,
2024-12-23,27.0,73.0,,,12.533586502075195,,,,,
2024-12-24,9.5,76.5,,,21.28060913085937,,,,,
2024-12-24,17.75,78.5,,,19.28521728515625,,,,,
2024-12-24,20.5,85.5,,,17.980417251586914,,,,,
2024-12-24,22.0,79.0,,,14.686341285705566,,,,,
2024-12-24,26.0,91.75,,,9.484492301940918,,,,,
2024-12-24,26.5,81.0,,,12.939604759216309,,,,,
2024-12-24,27.0,73.0,,,9.69680118560791,,,,,
2024-12-25,9.5,76.5,,,20.84400177001953,,,,,
2024-12-25,17.75,78.5,,,19.237422943115234,,,,,
2024-12-25,20.5,85.5,,,17.7490177154541,,,,,
2024-12-25,22.0,79.0,,,15.026132583618164,,,,,
2024-12-25,26.0,91.75,,,10.177363395690918,,,,,
2024-12-25,26.5,81.0,,,13.124587059020996,,,,,
2024-12-25,27.0,73.0,,,8.784954071044922,,,,,
2024-12-26,9.5,76.5,,,22.24472427368164,,,,,
2024-12-26,17.75,78.5,,,20.20111846923828,,,,,
2024-12-26,20.5,85.5,,,19.032508850097656,,,,,
2024-12-26,22.0,79.0,,,15.219724655151367,,,,,
2024-12-26,26.0,91.75,,,10.038602828979492,,,,,
2024-12-26,26.5,81.0,,,12.468300819396973,,,,,
2024-12-26,27.0,73.0,,,8.643153190612793,,,,,
2024-12-27,9.5,76.5,,,23.32192611694336,,,,,
2024-12-27,17.75,78.5,,,20.70720672607422,,,,,
2024-12-27,20.5,85.5,,,18.09688186645508,,,,,
2024-12-27,22.0,79.0,,,16.2786865234375,,,,,
2024-12-27,26.0,91.75,,,10.213007926940918,,,,,
2024-12-27,26.5,81.0,,,12.921758651733398,,,,,
2024-12-27,27.0,73.0,,,12.27206802368164,,,,,
2024-12-28,9.5,76.5,,,22.57599830627441,,,,,
2024-12-28,17.75,78.5,,,18.27690315246582,,,,,
2024-12-28,20.5,85.5,,,16.21337127685547,,,,,
2024-12-28,22.0,79.0,,,18.306827545166016,,,,,
2024-12-28,26.0,91.75,,,10.28335666656494,,,,,
2024-12-28,26.5,81.0,,,14.672402381896973,,,,,
2024-12-28,27.0,73.0,,,10.826342582702637,,,,,
2024-12-29,9.5,76.5,,,22.437368392944336,,,,,
2024-12-29,17.75,78.5,,,18.72039031982422,,,,,
2024-12-29,20.5,85.5,,,17.579130172729492,,,,,
2024-12-29,22.0,79.0,,,16.366512298583984,,,,,
2024-12-29,26.0,91.75,,,11.301434516906738,,,,,
2024-12-29,26.5,81.0,,,13.04484748840332,,,,,
2024-12-29,27.0,73.0,,,7.271812915802002,,,,,
2024-12-30,9.5,76.5,,,23.49625015258789,,,,,
2024-12-30,17.75,78.5,,,17.025461196899414,,,,,
2024-12-30,20.5,85.5,,,17.966678619384766,,,,,
2024-12-30,22.0,79.0,,,14.364585876464844,,,,,
2024-12-30,26.0,91.75,,,10.22581958770752,,,,,
2024-12-30,26.5,81.0,,,12.359432220458984,,,,,
2024-12-30,27.0,73.0,,,7.344830513000488,,,,,
2024-12-31,9.5,76.5,,,22.83116340637207,,,,,
2024-12-31,17.75,78.5,,,18.03550720214844,,,,,
2024-12-31,20.5,85.5,,,16.774967193603516,,,,,
2024-12-31,22.0,79.0,,,11.581548690795898,,,,,
2024-12-31,26.0,91.75,,,10.43626308441162,,,,,
2024-12-31,26.5,81.0,,,11.95240592956543,,,,,
2024-12-31,27.0,73.0,,,6.350553035736084,,,,,
2025-01-01,9.5,76.5,,,21.58481788635254,,,,,
2025-01-01,17.75,78.5,,,17.96442222595215,,,,,
2025-01-01,20.5,85.5,,,14.68418312072754,,,,,
2025-01-01,22.0,79.0,,,11.002135276794434,,,,,
2025-01-01,26.0,91.75,,,10.173830032348633,,,,,
2025-01-01,26.5,81.0,,,9.788004875183104,,,,,
2025-01-01,27.0,73.0,,,6.242471694946289,,,,,
2025-01-02,9.5,76.5,,,21.26635360717773,,,,,
2025-01-02,17.75,78.5,,,15.209162712097168,,,,,
2025-01-02,20.5,85.5,,,12.488369941711426,,,,,
2025-01-02,22.0,79.0,,,7.885927200317383,,,,,
2025-01-02,26.0,91.75,,,10.458582878112791,,,,,
2025-01-02,26.5,81.0,,,7.189832210540772,,,,,
2025-01-02,27.0,73.0,,,6.609051704406738,,,,,
2025-01-03,9.5,76.5,,,21.11136817932129,,,,,
2025-01-03,17.75,78.5,,,13.697214126586914,,,,,
2025-01-03,20.5,85.5,,,12.385697364807127,,,,,
2025-01-03,22.0,79.0,,,7.982396125793457,,,,,
2025-01-03,26.0,91.75,,,9.781819343566896,,,,,
2025-01-03,26.5,81.0,,,7.464691162109375,,,,,
2025-01-03,27.0,73.0,,,8.062052726745605,,,,,
2025-01-04,9.5,76.5,,,21.094213485717773,,,,,
2025-01-04,17.75,78.5,,,13.279081344604492,,,,,
2025-01-04,20.5,85.5,,,12.429447174072266,,,,,
2025-01-04,22.0,79.0,,,8.665719985961914,,,,,
2025-01-04,26.0,91.75,,,10.032992362976074,,,,,
2025-01-04,26.5,81.0,,,8.907242774963379,,,,,
2025-01-04,27.0,73.0,,,9.9384765625,,,,,
2025-01-05,9.5,76.5,,,21.102140426635746,,,,,
2025-01-05,17.75,78.5,,,14.37479305267334,,,,,
2025-01-05,20.5,85.5,,,13.393860816955566,,,,,
2025-01-05,22.0,79.0,,,8.931136131286621,,,,,
2025-01-05,26.0,91.75,,,10.53099536895752,,,,,
2025-01-05,26.5,81.0,,,8.414214134216309,,,,,
2025-01-05,27.0,73.0,,,9.900472640991213,,,,,
2025-01-06,9.5,76.5,,,20.513526916503903,,,,,
2025-01-06,17.75,78.5,,,15.310370445251465,,,,,
2025-01-06,20.5,85.5,,,13.932110786437988,,,,,
2025-01-06,22.0,79.0,,,11.941917419433594,,,,,
2025-01-06,26.0,91.75,,,11.33828067779541,,,,,
2025-01-06,26.5,81.0,,,9.244221687316896,,,,,
2025-01-06,27.0,73.0,,,9.451991081237791,,,,,
2025-01-07,9.5,76.5,,,20.39080238342285,,,,,
2025-01-07,17.75,78.5,,,15.033746719360352,,,,,
2025-01-07,20.5,85.5,,,15.059684753417969,,,,,
2025-01-07,22.0,79.0,,,11.302411079406738,,,,,
2025-01-07,26.0,91.75,,,12.95215892791748,,,,,
2025-01-07,26.5,81.0,,,10.773036003112791,,,,,
2025-01-07,27.0,73.0,,,7.133767604827881,,,,,
2025-01-08,9.5,76.5,,,21.591651916503903,,,,,
2025-01-08,17.75,78.5,,,15.224424362182615,,,,,
2025-01-08,20.5,85.5,,,14.656172752380373,,,,,
2025-01-08,22.0,79.0,,,7.466798782348633,,,,,
2025-01-08,26.0,91.75,,,13.474336624145508,,,,,
2025-01-08,26.5,81.0,,,10.16446018218994,,,,,
2025-01-08,27.0,73.0,,,5.966975688934326,,,,,
2025-01-09,9.5,76.5,,,21.203548431396484,,,,,
2025-01-09,17.75,78.5,,,13.600241661071776,,,,,
2025-01-09,20.5,85.5,,,13.169733047485352,,,,,
2025-01-09,22.0,79.0,,,7.314558506011963,,,,,
2025-01-09,26.0,91.75,,,10.985648155212402,,,,,
2025-01-09,26.5,81.0,,,6.543593406677246,,,,,
2025-01-09,27.0,73.0,,,7.37660026550293,,,,,
2025-01-10,9.5,76.5,,,21.519323348999023,,,,,
2025-01-10,17.75,78.5,,,15.406404495239258,,,,,
2025-01-10,20.5,85.5,,,12.810699462890623,,,,,
2025-01-10,22.0,79.0,,,8.819029808044434,,,,,
2025-01-10,26.0,91.75,,,10.013402938842772,,,,,
2025-01-10,26.5,81.0,,,6.337192535400391,,,,,
2025-01-10,27.0,73.0,,,9.050540924072266,,,,,
2025-01-11,9.5,76.5,,,22.55289459228516,,,,,
2025-01-11,17.75,78.5,,,17.30646324157715,,,,,
2025-01-11,20.5,85.5,,,13.485705375671388,,,,,
2025-01-11,22.0,79.0,,,10.73769760131836,,,,,
2025-01-11,26.0,91.75,,,10.111873626708984,,,,,
2025-01-11,26.5,81.0,,,6.7621049880981445,,,,,
2025-01-11,27.0,73.0,,,10.24493408203125,,,,,
2025-01-12,9.5,76.5,,,22.306053161621094,,,,,
2025-01-12,17.75,78.5,,,17.942903518676758,,,,,
2025-01-12,20.5,85.5,,,13.785893440246582,,,,,
2025-01-12,22.0,79.0,,,14.288503646850586,,,,,
2025-01-12,26.0,91.75,,,10.673295021057127,,,,,
2025-01-12,26.5,81.0,,,9.847748756408691,,,,,
2025-01-12,27.0,73.0,,,9.623909950256348,,,,,
2025-01-13,9.5,76.5,,,22.93843460083008,,,,,
2025-01-13,17.75,78.5,,,17.7509765625,,,,,
2025-01-13,20.5,85.5,,,14.710588455200195,,,,,
2025-01-13,22.0,79.0,,,13.321910858154297,,,,,
2025-01-13,26.0,91.75,,,12.601037979125977,,,,,
2025-01-13,26.5,81.0,,,10.413708686828612,,,,,
2025-01-13,27.0,73.0,,,7.847716808319092,,,,,
2025-01-14,9.5,76.5,,,23.37479591369629,,,,,
2025-01-14,17.75,78.5,,,18.336219787597656,,,,,
2025-01-14,20.5,85.5,,,16.658201217651367,,,,,
2025-01-14,22.0,79.0,,,10.26116943359375,,,,,
2025-01-14,26.0,91.75,,,10.93271255493164,,,,,
2025-01-14,26.5,81.0,,,10.106718063354492,,,,,
2025-01-14,27.0,73.0,,,7.305778503417969,,,,,
2025-01-15,9.5,76.5,,,23.26653861999512,,,,,
2025-01-15,17.75,78.5,,,18.597923278808597,,,,,
2025-01-15,20.5,85.5,,,16.406158447265625,,,,,
2025-01-15,22.0,79.0,,,11.435920715332031,,,,,
2025-01-15,26.0,91.75,,,10.346312522888184,,,,,
2025-01-15,26.5,81.0,,,10.408856391906738,,,,,
2025-01-15,27.0,73.0,,,7.585658550262451,,,,,
2025-01-16,9.5,76.5,,,22.301855087280277,,,,,
2025-01-16,17.75,78.5,,,19.340106964111328,,,,,
2025-01-16,20.5,85.5,,,15.301335334777832,,,,,
2025-01-16,22.0,79.0,,,12.92221450805664,,,,,
2025-01-16,26.0,91.75,,,10.59711456298828,,,,,
2025-01-16,26.5,81.0,,,10.347404479980469,,,,,
2025-01-16,27.0,73.0,,,7.83931303024292,,,,,
2025-01-17,9.5,76.5,,,21.75611114501953,,,,,
2025-01-17,17.75,78.5,,,18.554378509521484,,,,,
2025-01-17,20.5,85.5,,,13.844106674194336,,,,,
2025-01-17,22.0,79.0,,,13.084229469299316,,,,,
2025-01-17,26.0,91.75,,,11.599565505981444,,,,,
2025-01-17,26.5,81.0,,,9.034377098083496,,,,,
2025-01-17,27.0,73.0,,,6.992356777191162,,,,,
2025-01-18,9.5,76.5,,,21.743654251098636,,,,,
2025-01-18,17.75,78.5,,,17.18307876586914,,,,,
2025-01-18,20.5,85.5,,,13.995197296142578,,,,,
2025-01-18,22.0,79.0,,,10.913698196411133,,,,,
2025-01-18,26.0,91.75,,,11.573204040527344,,,,,
2025-01-18,26.5,81.0,,,8.749226570129395,,,,,
2025-01-18,27.0,73.0,,,7.570284843444824,,,,,
2025-01-19,9.5,76.5,,,22.95316696166992,,,,,
2025-01-19,17.75,78.5,,,15.835740089416504,,,,,
2025-01-19,20.5,85.5,,,13.68600368499756,,,,,
2025-01-19,22.0,79.0,,,10.879589080810549,,,,,
2025-01-19,26.0,91.75,,,10.14765453338623,,,,,
2025-01-19,26.5,81.0,,,8.511000633239746,,,,,
2025-01-19,27.0,73.0,,,10.31699562072754,,,,,
2025-01-20,9.5,76.5,,,22.323699951171875,,,,,
2025-01-20,17.75,78.5,,,15.710187911987305,,,,,
2025-01-20,20.5,85.5,,,13.231809616088867,,,,,
2025-01-20,22.0,79.0,,,10.971742630004885,,,,,
2025-01-20,26.0,91.75,,,10.61756706237793,,,,,
2025-01-20,26.5,81.0,,,10.014256477355955,,,,,
2025-01-20,27.0,73.0,,,11.190597534179688,,,,,
2025-01-21,9.5,76.5,,,21.58505630493164,,,,,
2025-01-21,17.75,78.5,,,14.31186294555664,,,,,
2025-01-21,20.5,85.5,,,14.33193588256836,,,,,
2025-01-21,22.0,79.0,,,11.985952377319336,,,,,
2025-01-21,26.0,91.75,,,11.409584999084473,,,,,
2025-01-21,26.5,81.0,,,11.686552047729492,,,,,
2025-01-21,27.0,73.0,,,10.39535140991211,,,,,
2025-01-22,9.5,76.5,,,21.52484893798828,,,,,
2025-01-22,17.75,78.5,,,15.182010650634766,,,,,
2025-01-22,20.5,85.5,,,15.318832397460938,,,,,
2025-01-22,22.0,79.0,,,12.662803649902344,,,,,
2025-01-22,26.0,91.75,,,11.870899200439451,,,,,
2025-01-22,26.5,81.0,,,10.89931297302246,,,,,
2025-01-22,27.0,73.0,,,10.52760887145996,,,,,
2025-01-23,9.5,76.5,,,23.186466217041016,,,,,
2025-01-23,17.75,78.5,,,16.945547103881836,,,,,
2025-01-23,20.5,85.5,,,17.166942596435547,,,,,
2025-01-23,22.0,79.0,,,13.91457176208496,,,,,
2025-01-23,26.0,91.75,,,12.323685646057127,,,,,
2025-01-23,26.5,81.0,,,11.200835227966309,,,,,
2025-01-23,27.0,73.0,,,10.590956687927246,,,,,
2025-01-24,9.5,76.5,,,22.582496643066406,,,,,
2025-01-24,17.75,78.5,,,17.17633056640625,,,,,
2025-01-24,20.5,85.5,,,18.30911636352539,,,,,
2025-01-24,22.0,79.0,,,14.269124031066896,,,,,
2025-01-24,26.0,91.75,,,12.245645523071287,,,,,
2025-01-24,26.5,81.0,,,12.067147254943848,,,,,
2025-01-24,27.0,73.0,,,9.327404022216797,,,,,
2025-01-25,9.5,76.5,,,22.69736099243164,,,,,
2025-01-25,17.75,78.5,,,16.349721908569336,,,,,
2025-01-25,20.5,85.5,,,18.559362411499023,,,,,
2025-01-25,22.0,79.0,,,12.841631889343262,,,,,
2025-01-25,26.0,91.75,,,12.937158584594728,,,,,
2025-01-25,26.5,81.0,,,9.797983169555664,,,,,
2025-01-25,27.0,73.0,,,7.599165916442871,,,,,
2025-01-26,9.5,76.5,,,22.21113586425781,,,,,
2025-01-26,17.75,78.5,,,15.94947624206543,,,,,
2025-01-26,20.5,85.5,,,17.687402725219727,,,,,
2025-01-26,22.0,79.0,,,12.20932960510254,,,,,
2025-01-26,26.0,91.75,,,10.635855674743652,,,,,
2025-01-26,26.5,81.0,,,7.604123115539551,,,,,
2025-01-26,27.0,73.0,,,6.237927913665772,,,,,
2025-01-27,9.5,76.5,,,20.81842803955078,,,,,
2025-01-27,17.75,78.5,,,16.4476261138916,,,,,
2025-01-27,20.5,85.5,,,15.244494438171388,,,,,
2025-01-27,22.0,79.0,,,11.160311698913574,,,,,
2025-01-27,26.0,91.75,,,10.894274711608888,,,,,
2025-01-27,26.5,81.0,,,7.918504238128662,,,,,
2025-01-27,27.0,73.0,,,6.5753326416015625,,,,,
2025-01-28,9.5,76.5,,,21.15960502624512,,,,,
2025-01-28,17.75,78.5,,,16.844423294067383,,,,,
2025-01-28,20.5,85.5,,,15.63169288635254,,,,,
2025-01-28,22.0,79.0,,,11.746112823486328,,,,,
2025-01-28,26.0,91.75,,,12.456429481506348,,,,,
2025-01-28,26.5,81.0,,,7.91431188583374,,,,,
2025-01-28,27.0,73.0,,,7.260717391967773,,,,,
2025-01-29,9.5,76.5,,,21.912267684936523,,,,,
2025-01-29,17.75,78.5,,,18.251710891723636,,,,,
2025-01-29,20.5,85.5,,,17.509611129760742,,,,,
2025-01-29,22.0,79.0,,,13.491172790527344,,,,,
2025-01-29,26.0,91.75,,,12.993002891540527,,,,,
2025-01-29,26.5,81.0,,,9.554606437683104,,,,,
2025-01-29,27.0,73.0,,,10.914198875427246,,,,,
2025-01-30,9.5,76.5,,,22.278003692626957,,,,,
2025-01-30,17.75,78.5,,,18.065792083740234,,,,,
2025-01-30,20.5,85.5,,,18.7867431640625,,,,,
2025-01-30,22.0,79.0,,,15.515311241149902,,,,,
2025-01-30,26.0,91.75,,,12.443525314331056,,,,,
2025-01-30,26.5,81.0,,,9.380352020263672,,,,,
2025-01-30,27.0,73.0,,,11.096649169921877,,,,,
2025-01-31,9.5,76.5,,,23.32859992980957,,,,,
2025-01-31,17.75,78.5,,,17.224979400634766,,,,,
2025-01-31,20.5,85.5,,,20.13483047485352,,,,,
2025-01-31,22.0,79.0,,,13.672658920288086,,,,,
2025-01-31,26.0,91.75,,,13.386396408081056,,,,,
2025-01-31,26.5,81.0,,,10.55664348602295,,,,,
2025-01-31,27.0,73.0,,,10.11522102355957,,,,,
2025-02-01,9.5,76.5,,,23.126680374145508,,,,,
2025-02-01,17.75,78.5,,,18.144939422607425,,,,,
2025-02-01,20.5,85.5,,,21.605073928833008,,,,,
2025-02-01,22.0,79.0,,,15.901618957519531,,,,,
2025-02-01,26.0,91.75,,,13.703570365905762,,,,,
2025-02-01,26.5,81.0,,,11.481308937072754,,,,,
2025-02-01,27.0,73.0,,,10.639185905456545,,,,,
2025-02-02,9.5,76.5,,,23.27573776245117,,,,,
2025-02-02,17.75,78.5,,,18.40147399902344,,,,,
2025-02-02,20.5,85.5,,,21.736066818237305,,,,,
2025-02-02,22.0,79.0,,,16.185441970825195,,,,,
2025-02-02,26.0,91.75,,,12.56328582763672,,,,,
2025-02-02,26.5,81.0,,,12.358254432678224,,,,,
2025-02-02,27.0,73.0,,,10.999098777770996,,,,,
2025-02-03,9.5,76.5,,,22.502744674682617,,,,,
2025-02-03,17.75,78.5,,,17.972043991088867,,,,,
2025-02-03,20.5,85.5,,,21.01432228088379,,,,,
2025-02-03,22.0,79.0,,,15.979446411132812,,,,,
2025-02-03,26.0,91.75,,,12.72262477874756,,,,,
2025-02-03,26.5,81.0,,,12.6648530960083,,,,,
2025-02-03,27.0,73.0,,,9.38376235961914,,,,,
2025-02-04,9.5,76.5,,,20.953733444213867,,,,,
2025-02-04,17.75,78.5,,,17.58818244934082,,,,,
2025-02-04,20.5,85.5,,,20.5910758972168,,,,,
2025-02-04,22.0,79.0,,,16.93701171875,,,,,
2025-02-04,26.0,91.75,,,11.454142570495604,,,,,
2025-02-04,26.5,81.0,,,12.672826766967772,,,,,
2025-02-04,27.0,73.0,,,11.736504554748535,,,,,
2025-02-05,9.5,76.5,,,20.9830322265625,,,,,
2025-02-05,17.75,78.5,,,18.40193748474121,,,,,
2025-02-05,20.5,85.5,,,21.22516441345215,,,,,
2025-02-05,22.0,79.0,,,16.67013168334961,,,,,
2025-02-05,26.0,91.75,,,12.504645347595217,,,,,
2025-02-05,26.5,81.0,,,14.31482982635498,,,,,
2025-02-05,27.0,73.0,,,9.002681732177734,,,,,
2025-02-06,9.5,76.5,,,21.60480499267578,,,,,
2025-02-06,17.75,78.5,,,19.53546142578125,,,,,
2025-02-06,20.5,85.5,,,21.969379425048828,,,,,
2025-02-06,22.0,79.0,,,14.31441879272461,,,,,
2025-02-06,26.0,91.75,,,13.648125648498535,,,,,
2025-02-06,26.5,81.0,,,10.644859313964844,,,,,
2025-02-06,27.0,73.0,,,8.170858383178711,,,,,
2025-02-07,9.5,76.5,,,20.738750457763672,,,,,
2025-02-07,17.75,78.5,,,19.316177368164062,,,,,
2025-02-07,20.5,85.5,,,18.342514038085938,,,,,
2025-02-07,22.0,79.0,,,12.524085998535156,,,,,
2025-02-07,26.0,91.75,,,12.152563095092772,,,,,
2025-02-07,26.5,81.0,,,8.875855445861816,,,,,
2025-02-07,27.0,73.0,,,9.111983299255373,,,,,
2025-02-08,9.5,76.5,,,20.788728713989254,,,,,
2025-02-08,17.75,78.5,,,19.329843521118164,,,,,
2025-02-08,20.5,85.5,,,16.831846237182617,,,,,
2025-02-08,22.0,79.0,,,12.217549324035645,,,,,
2025-02-08,26.0,91.75,,,9.997971534729004,,,,,
2025-02-08,26.5,81.0,,,8.932536125183105,,,,,
2025-02-08,27.0,73.0,,,9.49356746673584,,,,,
2025-02-09,9.5,76.5,,,21.46104431152344,,,,,
2025-02-09,17.75,78.5,,,19.36408424377441,,,,,
2025-02-09,20.5,85.5,,,15.651681900024414,,,,,
2025-02-09,22.0,79.0,,,13.067399978637695,,,,,
2025-02-09,26.0,91.75,,,10.024473190307615,,,,,
2025-02-09,26.5,81.0,,,9.630979537963867,,,,,
2025-02-09,27.0,73.0,,,10.955790519714355,,,,,
2025-02-10,9.5,76.5,,,21.38779640197754,,,,,
2025-02-10,17.75,78.5,,,19.77482795715332,,,,,
2025-02-10,20.5,85.5,,,16.380678176879883,,,,,
2025-02-10,22.0,79.0,,,15.113946914672852,,,,,
2025-02-10,26.0,91.75,,,11.33890151977539,,,,,
2025-02-10,26.5,81.0,,,10.518104553222656,,,,,
2025-02-10,27.0,73.0,,,11.74893569946289,,,,,
2025-02-11,9.5,76.5,,,21.72354507446289,,,,,
2025-02-11,17.75,78.5,,,19.99630355834961,,,,,
2025-02-11,20.5,85.5,,,18.845458984375,,,,,
2025-02-11,22.0,79.0,,,15.926867485046388,,,,,
2025-02-11,26.0,91.75,,,12.104732513427734,,,,,
2025-02-11,26.5,81.0,,,12.309222221374512,,,,,
2025-02-11,27.0,73.0,,,11.313852310180664,,,,,
2025-02-12,9.5,76.5,,,22.03333282470703,,,,,
2025-02-12,17.75,78.5,,,19.461992263793945,,,,,
2025-02-12,20.5,85.5,,,20.383739471435547,,,,,
2025-02-12,22.0,79.0,,,15.215867042541504,,,,,
2025-02-12,26.0,91.75,,,13.175610542297363,,,,,
2025-02-12,26.5,81.0,,,13.159378051757812,,,,,
2025-02-12,27.0,73.0,,,11.901853561401367,,,,,
2025-02-13,9.5,76.5,,,21.72835922241211,,,,,
2025-02-13,17.75,78.5,,,19.048776626586918,,,,,
2025-02-13,20.5,85.5,,,20.449642181396484,,,,,
2025-02-13,22.0,79.0,,,13.021363258361816,,,,,
2025-02-13,26.0,91.75,,,13.018211364746094,,,,,
2025-02-13,26.5,81.0,,,12.252516746520996,,,,,
2025-02-13,27.0,73.0,,,10.087350845336914,,,,,
2025-02-14,9.5,76.5,,,20.634218215942383,,,,,
2025-02-14,17.75,78.5,,,18.2681884765625,,,,,
2025-02-14,20.5,85.5,,,17.636146545410156,,,,,
2025-02-14,22.0,79.0,,,11.357626914978027,,,,,
2025-02-14,26.0,91.75,,,12.2149658203125,,,,,
2025-02-14,26.5,81.0,,,10.11615753173828,,,,,
2025-02-14,27.0,73.0,,,11.326562881469728,,,,,
2025-02-15,9.5,76.5,,,21.23391532897949,,,,,
2025-02-15,17.75,78.5,,,16.97893524169922,,,,,
2025-02-15,20.5,85.5,,,16.302339553833008,,,,,
2025-02-15,22.0,79.0,,,11.903223037719728,,,,,
2025-02-15,26.0,91.75,,,11.74284553527832,,,,,
2025-02-15,26.5,81.0,,,10.725144386291504,,,,,
2025-02-15,27.0,73.0,,,14.806089401245115,,,,,
2025-02-16,9.5,76.5,,,21.74901580810547,,,,,
2025-02-16,17.75,78.5,,,16.988317489624023,,,,,
2025-02-16,20.5,85.5,,,17.383821487426758,,,,,
2025-02-16,22.0,79.0,,,14.23366355895996,,,,,
2025-02-16,26.0,91.75,,,11.17758846282959,,,,,
2025-02-16,26.5,81.0,,,11.895880699157717,,,,,
2025-02-16,27.0,73.0,,,13.578593254089355,,,,,
2025-02-17,9.5,76.5,,,21.769672393798828,,,,,
2025-02-17,17.75,78.5,,,18.5667724609375,,,,,
2025-02-17,20.5,85.5,,,20.12389373779297,,,,,
2025-02-17,22.0,79.0,,,15.5108642578125,,,,,
2025-02-17,26.0,91.75,,,11.517189025878906,,,,,
2025-02-17,26.5,81.0,,,13.709294319152832,,,,,
2025-02-17,27.0,73.0,,,15.525259017944336,,,,,
2025-02-18,9.5,76.5,,,21.456676483154297,,,,,
2025-02-18,17.75,78.5,,,19.54446792602539,,,,,
2025-02-18,20.5,85.5,,,20.34427261352539,,,,,
2025-02-18,22.0,79.0,,,16.082046508789062,,,,,
2025-02-18,26.0,91.75,,,12.570440292358398,,,,,
2025-02-18,26.5,81.0,,,13.738968849182127,,,,,
2025-02-18,27.0,73.0,,,16.652719497680664,,,,,
2025-02-19,9.5,76.5,,,21.23743057250977,,,,,
2025-02-19,17.75,78.5,,,20.32252693176269,,,,,
2025-02-19,20.5,85.5,,,21.66004753112793,,,,,
2025-02-19,22.0,79.0,,,16.59857749938965,,,,,
2025-02-19,26.0,91.75,,,12.290056228637695,,,,,
2025-02-19,26.5,81.0,,,13.031935691833496,,,,,
2025-02-19,27.0,73.0,,,15.097234725952148,,,,,
2025-02-20,9.5,76.5,,,22.1906795501709,,,,,
2025-02-20,17.75,78.5,,,20.90598487854004,,,,,
2025-02-20,20.5,85.5,,,22.80293273925781,,,,,
2025-02-20,22.0,79.0,,,16.28632164001465,,,,,
2025-02-20,26.0,91.75,,,12.309089660644531,,,,,
2025-02-20,26.5,81.0,,,13.674942016601562,,,,,
2025-02-20,27.0,73.0,,,13.73723030090332,,,,,
2025-02-21,9.5,76.5,,,22.44019889831543,,,,,
2025-02-21,17.75,78.5,,,21.304777145385746,,,,,
2025-02-21,20.5,85.5,,,19.891305923461918,,,,,
2025-02-21,22.0,79.0,,,14.77216339111328,,,,,
2025-02-21,26.0,91.75,,,12.872523307800291,,,,,
2025-02-21,26.5,81.0,,,13.399624824523926,,,,,
2025-02-21,27.0,73.0,,,12.424513816833496,,,,,
2025-02-22,9.5,76.5,,,22.959226608276367,,,,,
2025-02-22,17.75,78.5,,,20.166868209838867,,,,,
2025-02-22,20.5,85.5,,,21.12477302551269,,,,,
2025-02-22,22.0,79.0,,,14.730630874633787,,,,,
2025-02-22,26.0,91.75,,,14.153238296508787,,,,,
2025-02-22,26.5,81.0,,,14.011027336120604,,,,,
2025-02-22,27.0,73.0,,,12.273028373718262,,,,,
2025-02-23,9.5,76.5,,,22.850116729736328,,,,,
2025-02-23,17.75,78.5,,,18.987140655517575,,,,,
2025-02-23,20.5,85.5,,,20.586292266845703,,,,,
2025-02-23,22.0,79.0,,,13.49837875366211,,,,,
2025-02-23,26.0,91.75,,,14.364225387573242,,,,,
2025-02-23,26.5,81.0,,,13.313461303710938,,,,,
2025-02-23,27.0,73.0,,,12.749302864074709,,,,,
2025-02-24,9.5,76.5,,,22.9074649810791,,,,,
2025-02-24,17.75,78.5,,,18.605619430541992,,,,,
2025-02-24,20.5,85.5,,,19.363496780395508,,,,,
2025-02-24,22.0,79.0,,,13.683446884155272,,,,,
2025-02-24,26.0,91.75,,,11.947322845458984,,,,,
2025-02-24,26.5,81.0,,,12.555039405822754,,,,,
2025-02-24,27.0,73.0,,,13.708216667175291,,,,,
2025-02-25,9.5,76.5,,,22.39978408813477,,,,,
2025-02-25,17.75,78.5,,,19.765085220336918,,,,,
2025-02-25,20.5,85.5,,,19.67399406433105,,,,,
2025-02-25,22.0,79.0,,,14.58135223388672,,,,,
2025-02-25,26.0,91.75,,,12.168295860290527,,,,,
2025-02-25,26.5,81.0,,,12.232101440429688,,,,,
2025-02-25,27.0,73.0,,,15.8528470993042,,,,,
2025-02-26,9.5,76.5,,,23.207826614379883,,,,,
2025-02-26,17.75,78.5,,,19.97746086120605,,,,,
2025-02-26,20.5,85.5,,,19.744876861572266,,,,,
2025-02-26,22.0,79.0,,,14.414613723754885,,,,,
2025-02-26,26.0,91.75,,,11.445708274841309,,,,,
2025-02-26,26.5,81.0,,,13.00133228302002,,,,,
2025-02-26,27.0,73.0,,,17.501039505004883,,,,,
2025-02-27,9.5,76.5,,,22.821876525878903,,,,,
2025-02-27,17.75,78.5,,,19.859006881713867,,,,,
2025-02-27,20.5,85.5,,,19.839231491088867,,,,,
2025-02-27,22.0,79.0,,,15.008790969848633,,,,,
2025-02-27,26.0,91.75,,,12.118478775024414,,,,,
2025-02-27,26.5,81.0,,,14.507054328918455,,,,,
2025-02-27,27.0,73.0,,,18.64141845703125,,,,,
2025-02-28,9.5,76.5,,,23.3065185546875,,,,,
2025-02-28,17.75,78.5,,,20.31692123413086,,,,,
2025-02-28,20.5,85.5,,,20.09073638916016,,,,,
2025-02-28,22.0,79.0,,,17.530174255371094,,,,,
2025-02-28,26.0,91.75,,,14.044862747192385,,,,,
2025-02-28,26.5,81.0,,,17.12174415588379,,,,,
2025-02-28,27.0,73.0,,,17.91927719116211,,,,,
2025-03-01,9.5,76.5,,,24.24844741821289,,,,,
2025-03-01,17.75,78.5,,,20.49785041809082,,,,,
2025-03-01,20.5,85.5,,,21.30126571655273,,,,,
2025-03-01,22.0,79.0,,,18.51509475708008,,,,,
2025-03-01,26.0,91.75,,,15.54942512512207,,,,,
2025-03-01,26.5,81.0,,,17.67801284790039,,,,,
2025-03-01,27.0,73.0,,,17.092430114746094,,,,,
2025-03-02,9.5,76.5,,,24.194454193115234,,,,,
2025-03-02,17.75,78.5,,,20.524263381958008,,,,,
2025-03-02,20.5,85.5,,,21.48101234436035,,,,,
2025-03-02,22.0,79.0,,,18.49049186706543,,,,,
2025-03-02,26.0,91.75,,,15.133496284484863,,,,,
2025-03-02,26.5,81.0,,,15.947142601013184,,,,,
2025-03-02,27.0,73.0,,,15.910035133361816,,,,,
2025-03-03,9.5,76.5,,,23.458044052124023,,,,,
2025-03-03,17.75,78.5,,,20.587656021118164,,,,,
2025-03-03,20.5,85.5,,,22.085241317749023,,,,,
2025-03-03,22.0,79.0,,,16.99968719482422,,,,,
2025-03-03,26.0,91.75,,,15.143274307250977,,,,,
2025-03-03,26.5,81.0,,,13.880845069885254,,,,,
2025-03-03,27.0,73.0,,,15.134361267089844,,,,,
2025-03-04,9.5,76.5,,,23.6940860748291,,,,,
2025-03-04,17.75,78.5,,,20.397964477539062,,,,,
2025-03-04,20.5,85.5,,,21.258405685424805,,,,,
2025-03-04,22.0,79.0,,,16.995431900024414,,,,,
2025-03-04,26.0,91.75,,,13.053576469421388,,,,,
2025-03-04,26.5,81.0,,,15.309314727783203,,,,,
2025-03-04,27.0,73.0,,,14.73235034942627,,,,,
2025-03-05,9.5,76.5,,,23.0073356628418,,,,,
2025-03-05,17.75,78.5,,,20.87592315673828,,,,,
2025-03-05,20.5,85.5,,,21.21504592895508,,,,,
2025-03-05,22.0,79.0,,,14.448481559753418,,,,,
2025-03-05,26.0,91.75,,,14.300265312194824,,,,,
2025-03-05,26.5,81.0,,,13.536428451538086,,,,,
2025-03-05,27.0,73.0,,,10.64524269104004,,,,,
2025-03-06,9.5,76.5,,,23.30195617675781,,,,,
2025-03-06,17.75,78.5,,,17.572603225708008,,,,,
2025-03-06,20.5,85.5,,,17.31459617614746,,,,,
2025-03-06,22.0,79.0,,,11.638821601867676,,,,,
2025-03-06,26.0,91.75,,,13.022489547729492,,,,,
2025-03-06,26.5,81.0,,,10.97686004638672,,,,,
2025-03-06,27.0,73.0,,,12.269207000732422,,,,,
2025-03-07,9.5,76.5,,,23.410633087158203,,,,,
2025-03-07,17.75,78.5,,,15.380474090576172,,,,,
2025-03-07,20.5,85.5,,,16.192041397094727,,,,,
2025-03-07,22.0,79.0,,,12.26063632965088,,,,,
2025-03-07,26.0,91.75,,,13.394779205322266,,,,,
2025-03-07,26.5,81.0,,,10.675514221191406,,,,,
2025-03-07,27.0,73.0,,,13.6299467086792,,,,,
2025-03-08,9.5,76.5,,,23.50389289855957,,,,,
2025-03-08,17.75,78.5,,,17.340343475341797,,,,,
2025-03-08,20.5,85.5,,,17.85145378112793,,,,,
2025-03-08,22.0,79.0,,,14.492018699645996,,,,,
2025-03-08,26.0,91.75,,,14.367684364318848,,,,,
2025-03-08,26.5,81.0,,,12.458723068237305,,,,,
2025-03-08,27.0,73.0,,,14.614001274108888,,,,,
2025-03-09,9.5,76.5,,,23.94875907897949,,,,,
2025-03-09,17.75,78.5,,,19.73106384277344,,,,,
2025-03-09,20.5,85.5,,,20.028091430664062,,,,,
2025-03-09,22.0,79.0,,,15.645485877990724,,,,,
2025-03-09,26.0,91.75,,,14.50334930419922,,,,,
2025-03-09,26.5,81.0,,,13.115386009216309,,,,,
2025-03-09,27.0,73.0,,,16.96932029724121,,,,,
2025-03-10,9.5,76.5,,,22.32466697692871,,,,,
2025-03-10,17.75,78.5,,,20.481184005737305,,,,,
2025-03-10,20.5,85.5,,,20.467941284179688,,,,,
2025-03-10,22.0,79.0,,,17.001543045043945,,,,,
2025-03-10,26.0,91.75,,,13.918678283691406,,,,,
2025-03-10,26.5,81.0,,,15.508376121520996,,,,,
2025-03-10,27.0,73.0,,,18.603946685791016,,,,,
2025-03-11,9.5,76.5,,,23.805561065673828,,,,,
2025-03-11,17.75,78.5,,,20.854883193969727,,,,,
2025-03-11,20.5,85.5,,,20.021333694458008,,,,,
2025-03-11,22.0,79.0,,,17.031179428100586,,,,,
2025-03-11,26.0,91.75,,,15.280142784118652,,,,,
2025-03-11,26.5,81.0,,,15.366580963134766,,,,,
2025-03-11,27.0,73.0,,,19.207399368286133,,,,,
2025-03-12,9.5,76.5,,,22.83755111694336,,,,,
2025-03-12,17.75,78.5,,,20.69463348388672,,,,,
2025-03-12,20.5,85.5,,,20.080251693725582,,,,,
2025-03-12,22.0,79.0,,,18.309967041015625,,,,,
2025-03-12,26.0,91.75,,,17.46996307373047,,,,,
2025-03-12,26.5,81.0,,,16.996488571166992,,,,,
2025-03-12,27.0,73.0,,,18.41139030456543,,,,,
2025-03-13,9.5,76.5,,,21.992477416992188,,,,,
2025-03-13,17.75,78.5,,,22.06490898132324,,,,,
2025-03-13,20.5,85.5,,,22.013675689697266,,,,,
2025-03-13,22.0,79.0,,,19.085840225219727,,,,,
2025-03-13,26.0,91.75,,,17.535297393798828,,,,,
2025-03-13,26.5,81.0,,,17.80855369567871,,,,,
2025-03-13,27.0,73.0,,,20.77863311767578,,,,,
2025-03-14,9.5,76.5,,,23.05244827270508,,,,,
2025-03-14,17.75,78.5,,,22.8614444732666,,,,,
2025-03-14,20.5,85.5,,,23.244041442871094,,,,,
2025-03-14,22.0,79.0,,,19.46060943603516,,,,,
2025-03-14,26.0,91.75,,,18.02006149291992,,,,,
2025-03-14,26.5,81.0,,,18.132244110107425,,,,,
2025-03-14,27.0,73.0,,,19.39633560180664,,,,,
2025-03-15,9.5,76.5,,,23.36005401611328,,,,,
2025-03-15,17.75,78.5,,,22.653696060180664,,,,,
2025-03-15,20.5,85.5,,,23.56327247619629,,,,,
2025-03-15,22.0,79.0,,,19.78042984008789,,,,,
2025-03-15,26.0,91.75,,,19.24427032470703,,,,,
2025-03-15,26.5,81.0,,,18.626880645751957,,,,,
2025-03-15,27.0,73.0,,,18.077436447143555,,,,,
2025-03-16,9.5,76.5,,,24.354610443115234,,,,,
2025-03-16,17.75,78.5,,,22.186559677124023,,,,,
2025-03-16,20.5,85.5,,,23.84383773803711,,,,,
2025-03-16,22.0,79.0,,,21.78721237182617,,,,,
2025-03-16,26.0,91.75,,,19.02880477905273,,,,,
2025-03-16,26.5,81.0,,,20.551685333251957,,,,,
2025-03-16,27.0,73.0,,,17.737695693969727,,,,,
2025-03-17,9.5,76.5,,,23.663864135742188,,,,,
2025-03-17,17.75,78.5,,,21.45443725585937,,,,,
2025-03-17,20.5,85.5,,,24.18718910217285,,,,,
2025-03-17,22.0,79.0,,,20.312286376953125,,,,,
2025-03-17,26.0,91.75,,,18.10318756103516,,,,,
2025-03-17,26.5,81.0,,,19.83566093444824,,,,,
2025-03-17,27.0,73.0,,,16.1904239654541,,,,,
2025-03-18,9.5,76.5,,,23.1723690032959,,,,,
2025-03-18,17.75,78.5,,,22.42116928100586,,,,,
2025-03-18,20.5,85.5,,,23.5463809967041,,,,,
2025-03-18,22.0,79.0,,,18.348365783691406,,,,,
2025-03-18,26.0,91.75,,,19.434783935546875,,,,,
2025-03-18,26.5,81.0,,,16.615550994873047,,,,,
2025-03-18,27.0,73.0,,,15.72870635986328,,,,,
2025-03-19,9.5,76.5,,,23.74724769592285,,,,,
2025-03-19,17.75,78.5,,,22.704076766967773,,,,,
2025-03-19,20.5,85.5,,,23.44369125366211,,,,,
2025-03-19,22.0,79.0,,,19.05270195007324,,,,,
2025-03-19,26.0,91.75,,,15.859596252441406,,,,,
2025-03-19,26.5,81.0,,,15.550935745239258,,,,,
2025-03-19,27.0,73.0,,,16.841245651245117,,,,,
2025-03-20,9.5,76.5,,,24.418842315673828,,,,,
2025-03-20,17.75,78.5,,,23.000343322753903,,,,,
2025-03-20,20.5,85.5,,,24.385446548461918,,,,,
2025-03-20,22.0,79.0,,,20.637868881225582,,,,,
2025-03-20,26.0,91.75,,,16.503131866455078,,,,,
2025-03-20,26.5,81.0,,,16.129070281982422,,,,,
2025-03-20,27.0,73.0,,,19.03693962097168,,,,,
2025-03-21,9.5,76.5,,,24.68589782714844,,,,,
2025-03-21,17.75,78.5,,,23.42588996887207,,,,,
2025-03-21,20.5,85.5,,,23.73361587524414,,,,,
2025-03-21,22.0,79.0,,,20.547452926635746,,,,,
2025-03-21,26.0,91.75,,,17.495073318481445,,,,,
2025-03-21,26.5,81.0,,,17.55304527282715,,,,,
2025-03-21,27.0,73.0,,,19.036470413208008,,,,,
2025-03-22,9.5,76.5,,,24.225658416748047,,,,,
2025-03-22,17.75,78.5,,,22.255661010742188,,,,,
2025-03-22,20.5,85.5,,,20.60981750488281,,,,,
2025-03-22,22.0,79.0,,,18.68627548217773,,,,,
2025-03-22,26.0,91.75,,,17.536033630371094,,,,,
2025-03-22,26.5,81.0,,,15.61998462677002,,,,,
2025-03-22,27.0,73.0,,,17.520910263061523,,,,,
2025-03-23,9.5,76.5,,,23.23354721069336,,,,,
2025-03-23,17.75,78.5,,,23.71088218688965,,,,,
2025-03-23,20.5,85.5,,,19.885223388671875,,,,,
2025-03-23,22.0,79.0,,,18.16370964050293,,,,,
2025-03-23,26.0,91.75,,,15.424931526184082,,,,,
2025-03-23,26.5,81.0,,,16.110279083251953,,,,,
2025-03-23,27.0,73.0,,,17.672964096069336,,,,,
2025-03-24,9.5,76.5,,,23.82402992248535,,,,,
2025-03-24,17.75,78.5,,,23.82582092285156,,,,,
2025-03-24,20.5,85.5,,,20.8720703125,,,,,
2025-03-24,22.0,79.0,,,17.377626419067383,,,,,
2025-03-24,26.0,91.75,,,14.588296890258787,,,,,
2025-03-24,26.5,81.0,,,15.141817092895508,,,,,
2025-03-24,27.0,73.0,,,19.431133270263672,,,,,
2025-03-25,9.5,76.5,,,24.06970596313477,,,,,
2025-03-25,17.75,78.5,,,23.12122344970703,,,,,
2025-03-25,20.5,85.5,,,21.58270072937012,,,,,
2025-03-25,22.0,79.0,,,17.545909881591797,,,,,
2025-03-25,26.0,91.75,,,15.862009048461914,,,,,
2025-03-25,26.5,81.0,,,16.20298194885254,,,,,
2025-03-25,27.0,73.0,,,20.382984161376957,,,,,
2025-03-26,9.5,76.5,,,23.91685676574707,,,,,
2025-03-26,17.75,78.5,,,22.888166427612305,,,,,
2025-03-26,20.5,85.5,,,22.403553009033203,,,,,
2025-03-26,22.0,79.0,,,17.87216567993164,,,,,
2025-03-26,26.0,91.75,,,16.66323471069336,,,,,
2025-03-26,26.5,81.0,,,16.96227264404297,,,,,
2025-03-26,27.0,73.0,,,20.60015296936035,,,,,
2025-03-27,9.5,76.5,,,23.7266902923584,,,,,
2025-03-27,17.75,78.5,,,23.340614318847656,,,,,
2025-03-27,20.5,85.5,,,22.79162979125977,,,,,
2025-03-27,22.0,79.0,,,19.80294609069824,,,,,
2025-03-27,26.0,91.75,,,17.613054275512695,,,,,
2025-03-27,26.5,81.0,,,18.769920349121094,,,,,
2025-03-27,27.0,73.0,,,21.895523071289062,,,,,
2025-03-28,9.5,76.5,,,24.193601608276367,,,,,
2025-03-28,17.75,78.5,,,23.66726493835449,,,,,
2025-03-28,20.5,85.5,,,23.10182762145996,,,,,
2025-03-28,22.0,79.0,,,21.80574607849121,,,,,
2025-03-28,26.0,91.75,,,19.860580444335938,,,,,
2025-03-28,26.5,81.0,,,20.124462127685547,,,,,
2025-03-28,27.0,73.0,,,17.39841651916504,,,,,
2025-03-29,9.5,76.5,,,24.07392883300781,,,,,
2025-03-29,17.75,78.5,,,24.847702026367188,,,,,
2025-03-29,20.5,85.5,,,23.891387939453125,,,,,
2025-03-29,22.0,79.0,,,20.121980667114254,,,,,
2025-03-29,26.0,91.75,,,20.635129928588867,,,,,
2025-03-29,26.5,81.0,,,16.151161193847656,,,,,
2025-03-29,27.0,73.0,,,14.950235366821287,,,,,
2025-03-30,9.5,76.5,,,23.658153533935547,,,,,
2025-03-30,17.75,78.5,,,24.441823959350582,,,,,
2025-03-30,20.5,85.5,,,24.05667304992676,,,,,
2025-03-30,22.0,79.0,,,18.147647857666016,,,,,
2025-03-30,26.0,91.75,,,19.021188735961918,,,,,
2025-03-30,26.5,81.0,,,15.886491775512695,,,,,
2025-03-30,27.0,73.0,,,15.114229202270508,,,,,
2025-03-31,9.5,76.5,,,23.38315963745117,,,,,
2025-03-31,17.75,78.5,,,24.346519470214844,,,,,
2025-03-31,20.5,85.5,,,21.96751594543457,,,,,
2025-03-31,22.0,79.0,,,19.643341064453125,,,,,
2025-03-31,26.0,91.75,,,18.023174285888672,,,,,
2025-03-31,26.5,81.0,,,15.76284122467041,,,,,
2025-03-31,27.0,73.0,,,15.0279541015625,,,,,
2025-04-01,9.5,76.5,,,24.271411895751957,,,,,
2025-04-01,17.75,78.5,,,23.71250915527344,,,,,
2025-04-01,20.5,85.5,,,24.57465362548828,,,,,
2025-04-01,22.0,79.0,,,22.474294662475582,,,,,
2025-04-01,26.0,91.75,,,18.971189498901367,,,,,
2025-04-01,26.5,81.0,,,16.41043472290039,,,,,
2025-04-01,27.0,73.0,,,17.8048038482666,,,,,
2025-04-02,9.5,76.5,,,23.536603927612305,,,,,
2025-04-02,17.75,78.5,,,23.42793655395508,,,,,
2025-04-02,20.5,85.5,,,24.508346557617188,,,,,
2025-04-02,22.0,79.0,,,20.95099830627441,,,,,
2025-04-02,26.0,91.75,,,19.59873580932617,,,,,
2025-04-02,26.5,81.0,,,18.69808578491211,,,,,
2025-04-02,27.0,73.0,,,18.392202377319336,,,,,
2025-04-03,9.5,76.5,,,23.163164138793945,,,,,
2025-04-03,17.75,78.5,,,24.83791923522949,,,,,
2025-04-03,20.5,85.5,,,24.08475112915039,,,,,
2025-04-03,22.0,79.0,,,20.288915634155277,,,,,
2025-04-03,26.0,91.75,,,19.62090301513672,,,,,
2025-04-03,26.5,81.0,,,17.5078125,,,,,
2025-04-03,27.0,73.0,,,21.06755828857422,,,,,
2025-04-04,9.5,76.5,,,23.15352439880371,,,,,
2025-04-04,17.75,78.5,,,22.169851303100582,,,,,
2025-04-04,20.5,85.5,,,24.234996795654297,,,,,
2025-04-04,22.0,79.0,,,21.23780632019043,,,,,
2025-04-04,26.0,91.75,,,19.636133193969727,,,,,
2025-04-04,26.5,81.0,,,19.17402648925781,,,,,
2025-04-04,27.0,73.0,,,19.920381546020508,,,,,
2025-04-05,9.5,76.5,,,22.549165725708008,,,,,
2025-04-05,17.75,78.5,,,23.548173904418945,,,,,
2025-04-05,20.5,85.5,,,24.007495880126957,,,,,
2025-04-05,22.0,79.0,,,20.50812149047852,,,,,
2025-04-05,26.0,91.75,,,19.434141159057617,,,,,
2025-04-05,26.5,81.0,,,18.568971633911133,,,,,
2025-04-05,27.0,73.0,,,20.94005584716797,,,,,
2025-04-06,9.5,76.5,,,23.63967704772949,,,,,
2025-04-06,17.75,78.5,,,24.329944610595703,,,,,
2025-04-06,20.5,85.5,,,25.03462219238281,,,,,
2025-04-06,22.0,79.0,,,20.49173164367676,,,,,
2025-04-06,26.0,91.75,,,19.711503982543945,,,,,
2025-04-06,26.5,81.0,,,19.039207458496094,,,,,
2025-04-06,27.0,73.0,,,21.878604888916016,,,,,
2025-04-07,9.5,76.5,,,22.23220634460449,,,,,
2025-04-07,17.75,78.5,,,24.061939239501957,,,,,
2025-04-07,20.5,85.5,,,25.03782844543457,,,,,
2025-04-07,22.0,79.0,,,20.879169464111328,,,,,
2025-04-07,26.0,91.75,,,18.32753562927246,,,,,
2025-04-07,26.5,81.0,,,19.851924896240234,,,,,
2025-04-07,27.0,73.0,,,24.630035400390625,,,,,
2025-04-08,9.5,76.5,,,24.22021484375,,,,,
2025-04-08,17.75,78.5,,,24.21492958068848,,,,,
2025-04-08,20.5,85.5,,,25.480690002441406,,,,,
2025-04-08,22.0,79.0,,,22.115196228027344,,,,,
2025-04-08,26.0,91.75,,,18.77395439147949,,,,,
2025-04-08,26.5,81.0,,,23.6177978515625,,,,,
2025-04-08,27.0,73.0,,,26.13139915466309,,,,,
2025-04-09,9.5,76.5,,,23.972291946411133,,,,,
2025-04-09,17.75,78.5,,,23.02878761291504,,,,,
2025-04-09,20.5,85.5,,,24.64773178100586,,,,,
2025-04-09,22.0,79.0,,,24.962329864501957,,,,,
2025-04-09,26.0,91.75,,,20.4327449798584,,,,,
2025-04-09,26.5,81.0,,,24.954734802246094,,,,,
2025-04-09,27.0,73.0,,,26.53375244140625,,,,,
2025-04-10,9.5,76.5,,,23.49494361877441,,,,,
2025-04-10,17.75,78.5,,,24.784896850585938,,,,,
2025-04-10,20.5,85.5,,,24.974008560180664,,,,,
2025-04-10,22.0,79.0,,,23.06690788269043,,,,,
2025-04-10,26.0,91.75,,,19.515777587890625,,,,,
2025-04-10,26.5,81.0,,,22.89194107055664,,,,,
2025-04-10,27.0,73.0,,,25.485782623291016,,,,,
2025-04-11,9.5,76.5,,,23.605621337890625,,,,,
2025-04-11,17.75,78.5,,,23.556171417236328,,,,,
2025-04-11,20.5,85.5,,,21.432098388671875,,,,,
2025-04-11,22.0,79.0,,,23.289838790893555,,,,,
2025-04-11,26.0,91.75,,,20.280012130737305,,,,,
2025-04-11,26.5,81.0,,,19.83509635925293,,,,,
2025-04-11,27.0,73.0,,,24.729877471923828,,,,,
2025-04-12,9.5,76.5,,,23.25985336303711,,,,,
2025-04-12,17.75,78.5,,,24.703372955322266,,,,,
2025-04-12,20.5,85.5,,,24.71101951599121,,,,,
2025-04-12,22.0,79.0,,,23.85493278503418,,,,,
2025-04-12,26.0,91.75,,,20.21503257751465,,,,,
2025-04-12,26.5,81.0,,,22.199222564697266,,,,,
2025-04-12,27.0,73.0,,,22.11859130859375,,,,,
2025-04-13,9.5,76.5,,,23.68976593017578,,,,,
2025-04-13,17.75,78.5,,,24.61354637145996,,,,,
2025-04-13,20.5,85.5,,,22.126298904418945,,,,,
2025-04-13,22.0,79.0,,,22.26023292541504,,,,,
2025-04-13,26.0,91.75,,,20.373279571533203,,,,,
2025-04-13,26.5,81.0,,,20.94125366210937,,,,,
2025-04-13,27.0,73.0,,,23.668432235717773,,,,,
2025-04-14,9.5,76.5,,,24.11760711669922,,,,,
2025-04-14,17.75,78.5,,,23.284839630126957,,,,,
2025-04-14,20.5,85.5,,,23.887924194335938,,,,,
2025-04-14,22.0,79.0,,,21.69273376464844,,,,,
2025-04-14,26.0,91.75,,,19.76328659057617,,,,,
2025-04-14,26.5,81.0,,,20.04071044921875,,,,,
2025-04-14,27.0,73.0,,,24.44728279113769,,,,,
2025-04-15,9.5,76.5,,,22.95681953430176,,,,,
2025-04-15,17.75,78.5,,,24.483278274536133,,,,,
2025-04-15,20.5,85.5,,,23.63677215576172,,,,,
2025-04-15,22.0,79.0,,,23.0854606628418,,,,,
2025-04-15,26.0,91.75,,,21.30935287475586,,,,,
2025-04-15,26.5,81.0,,,21.55998039245605,,,,,
2025-04-15,27.0,73.0,,,25.636512756347656,,,,,
2025-04-16,9.5,76.5,,,24.07525062561035,,,,,
2025-04-16,17.75,78.5,,,23.111160278320312,,,,,
2025-04-16,20.5,85.5,,,22.871461868286133,,,,,
2025-04-16,22.0,79.0,,,23.089031219482425,,,,,
2025-04-16,26.0,91.75,,,20.33306312561035,,,,,
2025-04-16,26.5,81.0,,,22.76165008544922,,,,,
2025-04-16,27.0,73.0,,,25.91288375854492,,,,,
2025-04-17,9.5,76.5,,,24.333404541015625,,,,,
2025-04-17,17.75,78.5,,,25.173547744750977,,,,,
2025-04-17,20.5,85.5,,,24.671430587768555,,,,,
2025-04-17,22.0,79.0,,,23.46588897705078,,,,,
2025-04-17,26.0,91.75,,,20.033178329467773,,,,,
2025-04-17,26.5,81.0,,,23.04260635375977,,,,,
2025-04-17,27.0,73.0,,,27.132184982299805,,,,,
2025-04-18,9.5,76.5,,,24.930992126464844,,,,,
2025-04-18,17.75,78.5,,,25.815956115722656,,,,,
2025-04-18,20.5,85.5,,,24.36361312866211,,,,,
2025-04-18,22.0,79.0,,,24.515804290771484,,,,,
2025-04-18,26.0,91.75,,,19.178667068481445,,,,,
2025-04-18,26.5,81.0,,,24.11491584777832,,,,,
2025-04-18,27.0,73.0,,,26.97788619995117,,,,,
2025-04-19,9.5,76.5,,,24.442161560058597,,,,,
2025-04-19,17.75,78.5,,,25.287939071655277,,,,,
2025-04-19,20.5,85.5,,,22.84834289550781,,,,,
2025-04-19,22.0,79.0,,,25.13364791870117,,,,,
2025-04-19,26.0,91.75,,,19.68132209777832,,,,,
2025-04-19,26.5,81.0,,,23.04763984680176,,,,,
2025-04-19,27.0,73.0,,,25.93672752380371,,,,,
2025-04-20,9.5,76.5,,,24.87782096862793,,,,,
2025-04-20,17.75,78.5,,,26.474313735961918,,,,,
2025-04-20,20.5,85.5,,,26.330982208251957,,,,,
2025-04-20,22.0,79.0,,,24.617202758789062,,,,,
2025-04-20,26.0,91.75,,,19.735759735107425,,,,,
2025-04-20,26.5,81.0,,,24.92033195495605,,,,,
2025-04-20,27.0,73.0,,,26.685585021972656,,,,,
2025-04-21,9.5,76.5,,,25.080331802368164,,,,,
2025-04-21,17.75,78.5,,,25.87527084350586,,,,,
2025-04-21,20.5,85.5,,,26.17951202392578,,,,,
2025-04-21,22.0,79.0,,,23.964881896972656,,,,,
2025-04-21,26.0,91.75,,,19.94194221496582,,,,,
2025-04-21,26.5,81.0,,,25.083066940307617,,,,,
2025-04-21,27.0,73.0,,,23.45358085632324,,,,,
2025-04-22,9.5,76.5,,,24.620119094848636,,,,,
2025-04-22,17.75,78.5,,,26.844945907592773,,,,,
2025-04-22,20.5,85.5,,,27.29172706604004,,,,,
2025-04-22,22.0,79.0,,,24.26322364807129,,,,,
2025-04-22,26.0,91.75,,,21.924440383911133,,,,,
2025-04-22,26.5,81.0,,,24.553075790405277,,,,,
2025-04-22,27.0,73.0,,,20.87136650085449,,,,,
2025-04-23,9.5,76.5,,,23.81228256225586,,,,,
2025-04-23,17.75,78.5,,,26.583250045776367,,,,,
2025-04-23,20.5,85.5,,,26.47903251647949,,,,,
2025-04-23,22.0,79.0,,,23.767662048339844,,,,,
2025-04-23,26.0,91.75,,,21.549715042114254,,,,,
2025-04-23,26.5,81.0,,,22.72547149658203,,,,,
2025-04-23,27.0,73.0,,,20.46461677551269,,,,,
2025-04-24,9.5,76.5,,,24.12021255493164,,,,,
2025-04-24,17.75,78.5,,,26.452863693237305,,,,,
2025-04-24,20.5,85.5,,,26.89350128173828,,,,,
2025-04-24,22.0,79.0,,,23.22969627380371,,,,,
2025-04-24,26.0,91.75,,,21.183408737182617,,,,,
2025-04-24,26.5,81.0,,,21.738500595092773,,,,,
2025-04-24,27.0,73.0,,,22.117359161376957,,,,,
2025-04-25,9.5,76.5,,,25.22272491455078,,,,,
2025-04-25,17.75,78.5,,,26.71136474609375,,,,,
2025-04-25,20.5,85.5,,,26.82261657714844,,,,,
2025-04-25,22.0,79.0,,,23.972949981689453,,,,,
2025-04-25,26.0,91.75,,,20.919801712036133,,,,,
2025-04-25,26.5,81.0,,,21.46873664855957,,,,,
2025-04-25,27.0,73.0,,,23.82843399047852,,,,,
2025-04-26,9.5,76.5,,,24.921142578125,,,,,
2025-04-26,17.75,78.5,,,25.55328941345215,,,,,
2025-04-26,20.5,85.5,,,27.218873977661133,,,,,
2025-04-26,22.0,79.0,,,25.647140502929688,,,,,
2025-04-26,26.0,91.75,,,20.95103454589844,,,,,
2025-04-26,26.5,81.0,,,22.07254981994629,,,,,
2025-04-26,27.0,73.0,,,26.525352478027344,,,,,
2025-04-27,9.5,76.5,,,24.4794979095459,,,,,
2025-04-27,17.75,78.5,,,25.51303482055664,,,,,
2025-04-27,20.5,85.5,,,24.807695388793945,,,,,
2025-04-27,22.0,79.0,,,25.66880416870117,,,,,
2025-04-27,26.0,91.75,,,19.118865966796875,,,,,
2025-04-27,26.5,81.0,,,24.98400115966797,,,,,
2025-04-27,27.0,73.0,,,24.59176254272461,,,,,
2025-04-28,9.5,76.5,,,24.162702560424805,,,,,
2025-04-28,17.75,78.5,,,25.26565933227539,,,,,
2025-04-28,20.5,85.5,,,24.330551147460938,,,,,
2025-04-28,22.0,79.0,,,22.69723892211914,,,,,
2025-04-28,26.0,91.75,,,18.81364250183105,,,,,
2025-04-28,26.5,81.0,,,21.707250595092773,,,,,
2025-04-28,27.0,73.0,,,24.79549789428711,,,,,
2025-04-29,9.5,76.5,,,23.931421279907227,,,,,
2025-04-29,17.75,78.5,,,26.33184242248535,,,,,
2025-04-29,20.5,85.5,,,21.08614730834961,,,,,
2025-04-29,22.0,79.0,,,24.20786476135254,,,,,
2025-04-29,26.0,91.75,,,18.62181282043457,,,,,
2025-04-29,26.5,81.0,,,22.978166580200195,,,,,
2025-04-29,27.0,73.0,,,25.703235626220703,,,,,
2025-04-30,9.5,76.5,,,24.74340438842773,,,,,
2025-04-30,17.75,78.5,,,26.436851501464844,,,,,
2025-04-30,20.5,85.5,,,20.18270301818848,,,,,
2025-04-30,22.0,79.0,,,23.146141052246094,,,,,
2025-04-30,26.0,91.75,,,18.812440872192383,,,,,
2025-04-30,26.5,81.0,,,23.58419609069824,,,,,
2025-04-30,27.0,73.0,,,26.409603118896484,,,,,
2025-05-01,9.5,76.5,,,24.638978958129883,,,,,
2025-05-01,17.75,78.5,,,25.863664627075195,,,,,
2025-05-01,20.5,85.5,,,22.701873779296875,,,,,
2025-05-01,22.0,79.0,,,24.41307258605957,,,,,
2025-05-01,26.0,91.75,,,20.209840774536133,,,,,
2025-05-01,26.5,81.0,,,24.78472328186035,,,,,
2025-05-01,27.0,73.0,,,27.790864944458008,,,,,
2025-05-02,9.5,76.5,,,24.72236633300781,,,,,
2025-05-02,17.75,78.5,,,24.6533145904541,,,,,
2025-05-02,20.5,85.5,,,21.02143096923828,,,,,
2025-05-02,22.0,79.0,,,23.16783332824707,,,,,
2025-05-02,26.0,91.75,,,18.672616958618164,,,,,
2025-05-02,26.5,81.0,,,23.899822235107425,,,,,
2025-05-02,27.0,73.0,,,23.718000411987305,,,,,
2025-05-03,9.5,76.5,,,23.494220733642575,,,,,
2025-05-03,17.75,78.5,,,26.1037654876709,,,,,
2025-05-03,20.5,85.5,,,24.55523109436035,,,,,
2025-05-03,22.0,79.0,,,24.751651763916016,,,,,
2025-05-03,26.0,91.75,,,18.595436096191406,,,,,
2025-05-03,26.5,81.0,,,24.483169555664062,,,,,
2025-05-03,27.0,73.0,,,25.815893173217773,,,,,
2025-05-04,9.5,76.5,,,24.34343910217285,,,,,
2025-05-04,17.75,78.5,,,26.33073616027832,,,,,
2025-05-04,20.5,85.5,,,21.07489013671875,,,,,
2025-05-04,22.0,79.0,,,22.06035614013672,,,,,
2025-05-04,26.0,91.75,,,20.094587326049805,,,,,
2025-05-04,26.5,81.0,,,24.180158615112305,,,,,
2025-05-04,27.0,73.0,,,22.892194747924805,,,,,
2025-05-05,9.5,76.5,,,23.71243476867676,,,,,
2025-05-05,17.75,78.5,,,24.251155853271484,,,,,
2025-05-05,20.5,85.5,,,24.547550201416016,,,,,
2025-05-05,22.0,79.0,,,21.971221923828125,,,,,
2025-05-05,26.0,91.75,,,19.979536056518555,,,,,
2025-05-05,26.5,81.0,,,23.479162216186523,,,,,
2025-05-05,27.0,73.0,,,21.118682861328125,,,,,
2025-05-06,9.5,76.5,,,24.34379768371582,,,,,
2025-05-06,17.75,78.5,,,23.73472595214844,,,,,
2025-05-06,20.5,85.5,,,25.874216079711918,,,,,
2025-05-06,22.0,79.0,,,20.892597198486328,,,,,
2025-05-06,26.0,91.75,,,20.26179313659668,,,,,
2025-05-06,26.5,81.0,,,22.216419219970703,,,,,
2025-05-06,27.0,73.0,,,22.05233383178711,,,,,
2025-05-07,9.5,76.5,,,24.022375106811523,,,,,
2025-05-07,17.75,78.5,,,23.87846946716309,,,,,
2025-05-07,20.5,85.5,,,24.575515747070312,,,,,
2025-05-07,22.0,79.0,,,21.76995849609375,,,,,
2025-05-07,26.0,91.75,,,20.0992488861084,,,,,
2025-05-07,26.5,81.0,,,23.863285064697266,,,,,
2025-05-07,27.0,73.0,,,23.020034790039062,,,,,
2025-05-08,9.5,76.5,,,22.906129837036133,,,,,
2025-05-08,17.75,78.5,,,25.5668888092041,,,,,
2025-05-08,20.5,85.5,,,25.018285751342773,,,,,
2025-05-08,22.0,79.0,,,23.029247283935547,,,,,
2025-05-08,26.0,91.75,,,21.3542594909668,,,,,
2025-05-08,26.5,81.0,,,23.731298446655277,,,,,
2025-05-08,27.0,73.0,,,25.617965698242188,,,,,
2025-05-09,9.5,76.5,,,23.972414016723636,,,,,
2025-05-09,17.75,78.5,,,24.86821937561035,,,,,
2025-05-09,20.5,85.5,,,25.673507690429688,,,,,
2025-05-09,22.0,79.0,,,23.320327758789062,,,,,
2025-05-09,26.0,91.75,,,21.709596633911133,,,,,
2025-05-09,26.5,81.0,,,25.11576461791992,,,,,
2025-05-09,27.0,73.0,,,22.82828712463379,,,,,
2025-05-10,9.5,76.5,,,24.5050106048584,,,,,
2025-05-10,17.75,78.5,,,25.97107696533203,,,,,
2025-05-10,20.5,85.5,,,26.009918212890625,,,,,
2025-05-10,22.0,79.0,,,24.05698776245117,,,,,
2025-05-10,26.0,91.75,,,23.28966522216797,,,,,
2025-05-10,26.5,81.0,,,25.26944351196289,,,,,
2025-05-10,27.0,73.0,,,25.455551147460938,,,,,
2025-05-11,9.5,76.5,,,23.437559127807617,,,,,
2025-05-11,17.75,78.5,,,26.475505828857425,,,,,
2025-05-11,20.5,85.5,,,26.370512008666992,,,,,
2025-05-11,22.0,79.0,,,25.089879989624023,,,,,
2025-05-11,26.0,91.75,,,21.77186584472656,,,,,
2025-05-11,26.5,81.0,,,26.41490173339844,,,,,
2025-05-11,27.0,73.0,,,26.74833297729492,,,,,
2025-05-12,9.5,76.5,,,24.07149124145508,,,,,
2025-05-12,17.75,78.5,,,26.465351104736328,,,,,
2025-05-12,20.5,85.5,,,26.932985305786133,,,,,
2025-05-12,22.0,79.0,,,24.506616592407227,,,,,
2025-05-12,26.0,91.75,,,21.11125946044922,,,,,
2025-05-12,26.5,81.0,,,26.033504486083984,,,,,
2025-05-12,27.0,73.0,,,25.92591667175293,,,,,
2025-05-13,9.5,76.5,,,24.686336517333984,,,,,
2025-05-13,17.75,78.5,,,26.21343040466309,,,,,
2025-05-13,20.5,85.5,,,25.710803985595703,,,,,
2025-05-13,22.0,79.0,,,25.96735572814941,,,,,
2025-05-13,26.0,91.75,,,21.65073013305664,,,,,
2025-05-13,26.5,81.0,,,24.98917961120605,,,,,
2025-05-13,27.0,73.0,,,25.725187301635746,,,,,
2025-05-14,9.5,76.5,,,24.586009979248047,,,,,
2025-05-14,17.75,78.5,,,24.72270393371582,,,,,
2025-05-14,20.5,85.5,,,26.22379302978516,,,,,
2025-05-14,22.0,79.0,,,25.97615623474121,,,,,
2025-05-14,26.0,91.75,,,21.541522979736328,,,,,
2025-05-14,26.5,81.0,,,26.10054016113281,,,,,
2025-05-14,27.0,73.0,,,25.72705078125,,,,,
2025-05-15,9.5,76.5,,,24.50369453430176,,,,,
2025-05-15,17.75,78.5,,,25.675634384155277,,,,,
2025-05-15,20.5,85.5,,,26.636329650878903,,,,,
2025-05-15,22.0,79.0,,,26.40260124206543,,,,,
2025-05-15,26.0,91.75,,,20.37019920349121,,,,,
2025-05-15,26.5,81.0,,,25.772048950195312,,,,,
2025-05-15,27.0,73.0,,,27.367794036865234,,,,,
2025-05-16,9.5,76.5,,,23.8798942565918,,,,,
2025-05-16,17.75,78.5,,,24.50178337097168,,,,,
2025-05-16,20.5,85.5,,,26.393341064453125,,,,,
2025-05-16,22.0,79.0,,,25.510986328125,,,,,
2025-05-16,26.0,91.75,,,20.24371719360352,,,,,
2025-05-16,26.5,81.0,,,26.656700134277344,,,,,
2025-05-16,27.0,73.0,,,28.55599403381348,,,,,
2025-05-17,9.5,76.5,,,24.471599578857425,,,,,
2025-05-17,17.75,78.5,,,24.435590744018555,,,,,
2025-05-17,20.5,85.5,,,26.161609649658203,,,,,
2025-05-17,22.0,79.0,,,25.6817569732666,,,,,
2025-05-17,26.0,91.75,,,19.783891677856445,,,,,
2025-05-17,26.5,81.0,,,26.36248207092285,,,,,
2025-05-17,27.0,73.0,,,29.150840759277344,,,,,
2025-05-18,9.5,76.5,,,24.115928649902344,,,,,
2025-05-18,17.75,78.5,,,25.28511047363281,,,,,
2025-05-18,20.5,85.5,,,26.15717315673828,,,,,
2025-05-18,22.0,79.0,,,25.35623359680176,,,,,
2025-05-18,26.0,91.75,,,19.774009704589844,,,,,
2025-05-18,26.5,81.0,,,27.05372428894043,,,,,
2025-05-18,27.0,73.0,,,29.322858810424805,,,,,
2025-05-19,9.5,76.5,,,23.702714920043945,,,,,
2025-05-19,17.75,78.5,,,24.90847587585449,,,,,
2025-05-19,20.5,85.5,,,26.272336959838867,,,,,
2025-05-19,22.0,79.0,,,26.341567993164062,,,,,
2025-05-19,26.0,91.75,,,20.11522483825684,,,,,
2025-05-19,26.5,81.0,,,26.91108512878418,,,,,
2025-05-19,27.0,73.0,,,29.92054557800293,,,,,
2025-05-20,9.5,76.5,,,22.586484909057617,,,,,
2025-05-20,17.75,78.5,,,25.990142822265625,,,,,
2025-05-20,20.5,85.5,,,26.69089698791504,,,,,
2025-05-20,22.0,79.0,,,26.13473320007324,,,,,
2025-05-20,26.0,91.75,,,20.82685089111328,,,,,
2025-05-20,26.5,81.0,,,26.375141143798828,,,,,
2025-05-20,27.0,73.0,,,29.91457939147949,,,,,
2025-05-21,9.5,76.5,,,23.544099807739254,,,,,
2025-05-21,17.75,78.5,,,24.385643005371094,,,,,
2025-05-21,20.5,85.5,,,26.2551326751709,,,,,
2025-05-21,22.0,79.0,,,24.73699378967285,,,,,
2025-05-21,26.0,91.75,,,20.62331962585449,,,,,
2025-05-21,26.5,81.0,,,26.858339309692383,,,,,
2025-05-21,27.0,73.0,,,29.799205780029297,,,,,
2025-05-22,9.5,76.5,,,24.044336318969727,,,,,
2025-05-22,17.75,78.5,,,23.688587188720703,,,,,
2025-05-22,20.5,85.5,,,24.717670440673828,,,,,
2025-05-22,22.0,79.0,,,22.85427665710449,,,,,
2025-05-22,26.0,91.75,,,20.946439743041992,,,,,
2025-05-22,26.5,81.0,,,22.45926284790039,,,,,
2025-05-22,27.0,73.0,,,28.725513458251957,,,,,
2025-05-23,9.5,76.5,,,24.465904235839844,,,,,
2025-05-23,17.75,78.5,,,24.229949951171875,,,,,
2025-05-23,20.5,85.5,,,23.842863082885746,,,,,
2025-05-23,22.0,79.0,,,24.31773376464844,,,,,
2025-05-23,26.0,91.75,,,20.6987361907959,,,,,
2025-05-23,26.5,81.0,,,25.54863548278809,,,,,
2025-05-23,27.0,73.0,,,28.6969051361084,,,,,
2025-05-24,9.5,76.5,,,22.24789428710937,,,,,
2025-05-24,17.75,78.5,,,24.36964225769043,,,,,
2025-05-24,20.5,85.5,,,25.58403205871582,,,,,
2025-05-24,22.0,79.0,,,25.11294174194336,,,,,
2025-05-24,26.0,91.75,,,22.109743118286133,,,,,
2025-05-24,26.5,81.0,,,26.91945457458496,,,,,
2025-05-24,27.0,73.0,,,30.41944122314453,,,,,
2025-05-25,9.5,76.5,,,22.590145111083984,,,,,
2025-05-25,17.75,78.5,,,23.854297637939453,,,,,
2025-05-25,20.5,85.5,,,24.48680686950684,,,,,
2025-05-25,22.0,79.0,,,24.274030685424805,,,,,
2025-05-25,26.0,91.75,,,23.409385681152344,,,,,
2025-05-25,26.5,81.0,,,26.125532150268555,,,,,
2025-05-25,27.0,73.0,,,25.56842994689941,,,,,
2025-05-26,9.5,76.5,,,22.09258270263672,,,,,
2025-05-26,17.75,78.5,,,23.97653579711914,,,,,
2025-05-26,20.5,85.5,,,25.310958862304688,,,,,
2025-05-26,22.0,79.0,,,24.099899291992188,,,,,
2025-05-26,26.0,91.75,,,22.66288185119629,,,,,
2025-05-26,26.5,81.0,,,27.06856918334961,,,,,
2025-05-26,27.0,73.0,,,27.54083633422852,,,,,
2025-05-27,9.5,76.5,,,22.327075958251957,,,,,
2025-05-27,17.75,78.5,,,24.18515396118164,,,,,
2025-05-27,20.5,85.5,,,25.93916702270508,,,,,
2025-05-27,22.0,79.0,,,25.8885498046875,,,,,
2025-05-27,26.0,91.75,,,22.545825958251957,,,,,
2025-05-27,26.5,81.0,,,27.2675838470459,,,,,
2025-05-27,27.0,73.0,,,28.89326286315918,,,,,
2025-05-28,9.5,76.5,,,23.75882339477539,,,,,
2025-05-28,17.75,78.5,,,23.428117752075195,,,,,
2025-05-28,20.5,85.5,,,25.24099922180176,,,,,
2025-05-28,22.0,79.0,,,23.823707580566406,,,,,
2025-05-28,26.0,91.75,,,24.049585342407227,,,,,
2025-05-28,26.5,81.0,,,28.60653114318848,,,,,
2025-05-28,27.0,73.0,,,30.54921531677246,,,,,
2025-05-29,9.5,76.5,,,23.37958526611328,,,,,
2025-05-29,17.75,78.5,,,24.548234939575195,,,,,
2025-05-29,20.5,85.5,,,24.988359451293945,,,,,
2025-05-29,22.0,79.0,,,24.201908111572266,,,,,
2025-05-29,26.0,91.75,,,24.01955795288086,,,,,
2025-05-29,26.5,81.0,,,28.13986587524414,,,,,
2025-05-29,27.0,73.0,,,28.3216609954834,,,,,
2025-05-30,9.5,76.5,,,22.11127471923828,,,,,
2025-05-30,17.75,78.5,,,24.506486892700195,,,,,
2025-05-30,20.5,85.5,,,25.946725845336918,,,,,
2025-05-30,22.0,79.0,,,25.178783416748047,,,,,
2025-05-30,26.0,91.75,,,23.272579193115234,,,,,
2025-05-30,26.5,81.0,,,27.394420623779297,,,,,
2025-05-30,27.0,73.0,,,27.9900016784668,,,,,
2025-05-31,9.5,76.5,,,22.196128845214844,,,,,
2025-05-31,17.75,78.5,,,24.262622833251957,,,,,
2025-05-31,20.5,85.5,,,25.02011108398437,,,,,
2025-05-31,22.0,79.0,,,25.239093780517575,,,,,
2025-05-31,26.0,91.75,,,23.122316360473636,,,,,
2025-05-31,26.5,81.0,,,27.787452697753903,,,,,
2025-05-31,27.0,73.0,,,27.27076911926269,,,,,
2025-06-01,9.5,76.5,,,23.541698455810547,,,,,
2025-06-01,17.75,78.5,,,25.518552780151367,,,,,
2025-06-01,20.5,85.5,,,25.941057205200195,,,,,
2025-06-01,22.0,79.0,,,25.039226531982425,,,,,
2025-06-01,26.0,91.75,,,23.73713111877441,,,,,
2025-06-01,26.5,81.0,,,27.512733459472656,,,,,
2025-06-01,27.0,73.0,,,27.789825439453125,,,,,
2025-06-02,9.5,76.5,,,23.45124244689941,,,,,
2025-06-02,17.75,78.5,,,25.199357986450195,,,,,
2025-06-02,20.5,85.5,,,26.833776473999023,,,,,
2025-06-02,22.0,79.0,,,24.565393447875977,,,,,
2025-06-02,26.0,91.75,,,22.982349395751957,,,,,
2025-06-02,26.5,81.0,,,27.25830078125,,,,,
2025-06-02,27.0,73.0,,,25.652986526489254,,,,,
2025-06-03,9.5,76.5,,,23.574710845947266,,,,,
2025-06-03,17.75,78.5,,,25.2010498046875,,,,,
2025-06-03,20.5,85.5,,,27.619916915893555,,,,,
2025-06-03,22.0,79.0,,,24.4608154296875,,,,,
2025-06-03,26.0,91.75,,,21.79874038696289,,,,,
2025-06-03,26.5,81.0,,,26.6397647857666,,,,,
2025-06-03,27.0,73.0,,,23.628774642944336,,,,,
2025-06-04,9.5,76.5,,,22.9355525970459,,,,,
2025-06-04,17.75,78.5,,,25.25244903564453,,,,,
2025-06-04,20.5,85.5,,,26.114089965820312,,,,,
2025-06-04,22.0,79.0,,,23.84825897216797,,,,,
2025-06-04,26.0,91.75,,,22.76360511779785,,,,,
2025-06-04,26.5,81.0,,,23.860633850097656,,,,,
2025-06-04,27.0,73.0,,,22.71860885620117,,,,,
2025-06-05,9.5,76.5,,,23.38015556335449,,,,,
2025-06-05,17.75,78.5,,,24.577465057373047,,,,,
2025-06-05,20.5,85.5,,,24.371810913085938,,,,,
2025-06-05,22.0,79.0,,,23.307825088500977,,,,,
2025-06-05,26.0,91.75,,,22.64804077148437,,,,,
2025-06-05,26.5,81.0,,,23.71860122680664,,,,,
2025-06-05,27.0,73.0,,,23.32357215881348,,,,,
2025-06-06,9.5,76.5,,,24.178062438964844,,,,,
2025-06-06,17.75,78.5,,,25.17109680175781,,,,,
2025-06-06,20.5,85.5,,,25.182565689086918,,,,,
2025-06-06,22.0,79.0,,,24.44906044006348,,,,,
2025-06-06,26.0,91.75,,,22.645376205444336,,,,,
2025-06-06,26.5,81.0,,,24.43596649169922,,,,,
2025-06-06,27.0,73.0,,,26.81790542602539,,,,,
2025-06-07,9.5,76.5,,,23.935806274414062,,,,,
2025-06-07,17.75,78.5,,,25.998828887939453,,,,,
2025-06-07,20.5,85.5,,,24.290407180786133,,,,,
2025-06-07,22.0,79.0,,,26.062898635864254,,,,,
2025-06-07,26.0,91.75,,,23.26908493041992,,,,,
2025-06-07,26.5,81.0,,,25.44118309020996,,,,,
2025-06-07,27.0,73.0,,,28.3721923828125,,,,,
2025-06-08,9.5,76.5,,,23.59543800354004,,,,,
2025-06-08,17.75,78.5,,,25.813085556030277,,,,,
2025-06-08,20.5,85.5,,,25.3095703125,,,,,
2025-06-08,22.0,79.0,,,27.516565322875977,,,,,
2025-06-08,26.0,91.75,,,23.838720321655277,,,,,
2025-06-08,26.5,81.0,,,27.53581428527832,,,,,
2025-06-08,27.0,73.0,,,29.040239334106445,,,,,
2025-06-09,9.5,76.5,,,23.22525978088379,,,,,
2025-06-09,17.75,78.5,,,24.692462921142575,,,,,
2025-06-09,20.5,85.5,,,26.983871459960938,,,,,
2025-06-09,22.0,79.0,,,27.13733673095703,,,,,
2025-06-09,26.0,91.75,,,24.590211868286133,,,,,
2025-06-09,26.5,81.0,,,28.79202651977539,,,,,
2025-06-09,27.0,73.0,,,29.20770835876465,,,,,
2025-06-10,9.5,76.5,,,24.098365783691406,,,,,
2025-06-10,17.75,78.5,,,23.79718780517578,,,,,
2025-06-10,20.5,85.5,,,25.262895584106445,,,,,
2025-06-10,22.0,79.0,,,26.647085189819336,,,,,
2025-06-10,26.0,91.75,,,25.08580780029297,,,,,
2025-06-10,26.5,81.0,,,29.397964477539062,,,,,
2025-06-10,27.0,73.0,,,28.866161346435547,,,,,
2025-06-11,9.5,76.5,,,23.80551147460937,,,,,
2025-06-11,17.75,78.5,,,23.67546272277832,,,,,
2025-06-11,20.5,85.5,,,25.77178382873535,,,,,
2025-06-11,22.0,79.0,,,26.386934280395508,,,,,
2025-06-11,26.0,91.75,,,25.10445976257324,,,,,
2025-06-11,26.5,81.0,,,30.38839530944824,,,,,
2025-06-11,27.0,73.0,,,29.613176345825195,,,,,
2025-06-12,9.5,76.5,,,23.00602912902832,,,,,
2025-06-12,17.75,78.5,,,24.556232452392575,,,,,
2025-06-12,20.5,85.5,,,25.779394149780277,,,,,
2025-06-12,22.0,79.0,,,26.669113159179688,,,,,
2025-06-12,26.0,91.75,,,23.43625831604004,,,,,
2025-06-12,26.5,81.0,,,29.905242919921875,,,,,
2025-06-12,27.0,73.0,,,29.1798095703125,,,,,
2025-06-13,9.5,76.5,,,23.140851974487305,,,,,
2025-06-13,17.75,78.5,,,24.50651359558105,,,,,
2025-06-13,20.5,85.5,,,26.49850845336914,,,,,
2025-06-13,22.0,79.0,,,26.246856689453125,,,,,
2025-06-13,26.0,91.75,,,24.503480911254883,,,,,
2025-06-13,26.5,81.0,,,29.98540496826172,,,,,
2025-06-13,27.0,73.0,,,30.7096004486084,,,,,
2025-06-14,9.5,76.5,,,22.961488723754883,,,,,
2025-06-14,17.75,78.5,,,25.215559005737305,,,,,
2025-06-14,20.5,85.5,,,26.86996841430664,,,,,
2025-06-14,22.0,79.0,,,26.65469741821289,,,,,
2025-06-14,26.0,91.75,,,25.752351760864254,,,,,
2025-06-14,26.5,81.0,,,29.304035186767575,,,,,
2025-06-14,27.0,73.0,,,30.21860694885254,,,,,
2025-06-15,9.5,76.5,,,22.274015426635746,,,,,
2025-06-15,17.75,78.5,,,24.7988395690918,,,,,
2025-06-15,20.5,85.5,,,27.234193801879883,,,,,
2025-06-15,22.0,79.0,,,24.95809555053711,,,,,
2025-06-15,26.0,91.75,,,24.32420539855957,,,,,
2025-06-15,26.5,81.0,,,26.750431060791016,,,,,
2025-06-15,27.0,73.0,,,28.695072174072266,,,,,
2025-06-16,9.5,76.5,,,21.96835708618164,,,,,
2025-06-16,17.75,78.5,,,24.09437561035156,,,,,
2025-06-16,20.5,85.5,,,24.97513198852539,,,,,
2025-06-16,22.0,79.0,,,25.437265396118164,,,,,
2025-06-16,26.0,91.75,,,23.943683624267575,,,,,
2025-06-16,26.5,81.0,,,26.43790054321289,,,,,
2025-06-16,27.0,73.0,,,26.181541442871094,,,,,
2025-06-17,9.5,76.5,,,22.41842269897461,,,,,
2025-06-17,17.75,78.5,,,24.422197341918945,,,,,
2025-06-17,20.5,85.5,,,24.91899871826172,,,,,
2025-06-17,22.0,79.0,,,24.41338348388672,,,,,
2025-06-17,26.0,91.75,,,23.740142822265625,,,,,
2025-06-17,26.5,81.0,,,26.364051818847656,,,,,
2025-06-17,27.0,73.0,,,26.526344299316406,,,,,
2025-06-18,9.5,76.5,,,22.9342098236084,,,,,
2025-06-18,17.75,78.5,,,24.94506454467773,,,,,
2025-06-18,20.5,85.5,,,25.13389587402344,,,,,
2025-06-18,22.0,79.0,,,25.130416870117188,,,,,
2025-06-18,26.0,91.75,,,23.50594139099121,,,,,
2025-06-18,26.5,81.0,,,25.567716598510746,,,,,
2025-06-18,27.0,73.0,,,26.18796157836914,,,,,
2025-06-19,9.5,76.5,,,23.359106063842773,,,,,
2025-06-19,17.75,78.5,,,25.611093521118164,,,,,
2025-06-19,20.5,85.5,,,25.04608917236328,,,,,
2025-06-19,22.0,79.0,,,24.82611846923828,,,,,
2025-06-19,26.0,91.75,,,23.844295501708984,,,,,
2025-06-19,26.5,81.0,,,27.43177795410156,,,,,
2025-06-19,27.0,73.0,,,27.486448287963867,,,,,
2025-06-20,9.5,76.5,,,23.40399932861328,,,,,
2025-06-20,17.75,78.5,,,25.313825607299805,,,,,
2025-06-20,20.5,85.5,,,25.20992660522461,,,,,
2025-06-20,22.0,79.0,,,22.922313690185547,,,,,
2025-06-20,26.0,91.75,,,23.54670143127441,,,,,
2025-06-20,26.5,81.0,,,25.442995071411133,,,,,
2025-06-20,27.0,73.0,,,27.048986434936523,,,,,
2025-06-21,9.5,76.5,,,23.87647819519043,,,,,
2025-06-21,17.75,78.5,,,25.008411407470703,,,,,
2025-06-21,20.5,85.5,,,26.225404739379883,,,,,
2025-06-21,22.0,79.0,,,24.140005111694336,,,,,
2025-06-21,26.0,91.75,,,24.034103393554688,,,,,
2025-06-21,26.5,81.0,,,25.948894500732425,,,,,
2025-06-21,27.0,73.0,,,27.082109451293945,,,,,
2025-06-22,9.5,76.5,,,23.792619705200195,,,,,
2025-06-22,17.75,78.5,,,24.752779006958008,,,,,
2025-06-22,20.5,85.5,,,26.132232666015625,,,,,
2025-06-22,22.0,79.0,,,23.227123260498047,,,,,
2025-06-22,26.0,91.75,,,24.6705322265625,,,,,
2025-06-22,26.5,81.0,,,26.128360748291016,,,,,
2025-06-22,27.0,73.0,,,26.48123550415039,,,,,
2025-06-23,9.5,76.5,,,22.43279266357422,,,,,
2025-06-23,17.75,78.5,,,24.484018325805664,,,,,
2025-06-23,20.5,85.5,,,24.83178329467773,,,,,
2025-06-23,22.0,79.0,,,23.431337356567383,,,,,
2025-06-23,26.0,91.75,,,24.57655143737793,,,,,
2025-06-23,26.5,81.0,,,24.90789222717285,,,,,
2025-06-23,27.0,73.0,,,27.28013610839844,,,,,
2025-06-24,9.5,76.5,,,23.2241325378418,,,,,
2025-06-24,17.75,78.5,,,24.24692726135254,,,,,
2025-06-24,20.5,85.5,,,24.730758666992188,,,,,
2025-06-24,22.0,79.0,,,22.769269943237305,,,,,
2025-06-24,26.0,91.75,,,23.516084671020508,,,,,
2025-06-24,26.5,81.0,,,25.913972854614254,,,,,
2025-06-24,27.0,73.0,,,27.492225646972656,,,,,
2025-06-25,9.5,76.5,,,23.39523124694824,,,,,
2025-06-25,17.75,78.5,,,24.011140823364254,,,,,
2025-06-25,20.5,85.5,,,25.432849884033203,,,,,
2025-06-25,22.0,79.0,,,22.83573341369629,,,,,
2025-06-25,26.0,91.75,,,23.589534759521484,,,,,
2025-06-25,26.5,81.0,,,26.889354705810547,,,,,
2025-06-25,27.0,73.0,,,27.93516731262207,,,,,
2025-06-26,9.5,76.5,,,23.507963180541992,,,,,
2025-06-26,17.75,78.5,,,23.31444358825684,,,,,
2025-06-26,20.5,85.5,,,24.490131378173828,,,,,
2025-06-26,22.0,79.0,,,23.125526428222656,,,,,
2025-06-26,26.0,91.75,,,24.97466087341309,,,,,
2025-06-26,26.5,81.0,,,26.08030128479004,,,,,
2025-06-26,27.0,73.0,,,27.18416404724121,,,,,
2025-06-27,9.5,76.5,,,22.714448928833008,,,,,
2025-06-27,17.75,78.5,,,23.493000030517575,,,,,
2025-06-27,20.5,85.5,,,25.237424850463867,,,,,
2025-06-27,22.0,79.0,,,22.63887023925781,,,,,
2025-06-27,26.0,91.75,,,24.269264221191406,,,,,
2025-06-27,26.5,81.0,,,27.15997695922852,,,,,
2025-06-27,27.0,73.0,,,25.88674736022949,,,,,
2025-06-28,9.5,76.5,,,23.13202476501465,,,,,
2025-06-28,17.75,78.5,,,24.191781997680664,,,,,
2025-06-28,20.5,85.5,,,25.079748153686523,,,,,
2025-06-28,22.0,79.0,,,23.289772033691406,,,,,
2025-06-28,26.0,91.75,,,24.85330009460449,,,,,
2025-06-28,26.5,81.0,,,25.8268985748291,,,,,
2025-06-28,27.0,73.0,,,26.71857261657715,,,,,
2025-06-29,9.5,76.5,,,22.70747947692871,,,,,
2025-06-29,17.75,78.5,,,25.039396286010746,,,,,
2025-06-29,20.5,85.5,,,24.000904083251957,,,,,
2025-06-29,22.0,79.0,,,22.607196807861328,,,,,
2025-06-29,26.0,91.75,,,25.012487411499023,,,,,
2025-06-29,26.5,81.0,,,25.62299346923828,,,,,
2025-06-29,27.0,73.0,,,27.18470573425293,,,,,
2025-06-30,9.5,76.5,,,23.113296508789062,,,,,
2025-06-30,17.75,78.5,,,23.1350154876709,,,,,
2025-06-30,20.5,85.5,,,24.09918975830078,,,,,
2025-06-30,22.0,79.0,,,21.434803009033203,,,,,
2025-06-30,26.0,91.75,,,25.18168830871582,,,,,
2025-06-30,26.5,81.0,,,25.281593322753903,,,,,
2025-06-30,27.0,73.0,,,25.089336395263672,,,,,
2025-07-01,9.5,76.5,,,23.05252265930176,,,,,
2025-07-01,17.75,78.5,,,22.522926330566406,,,,,
2025-07-01,20.5,85.5,,,24.67782211303711,,,,,
2025-07-01,22.0,79.0,,,22.34945106506348,,,,,
2025-07-01,26.0,91.75,,,25.073070526123047,,,,,
2025-07-01,26.5,81.0,,,24.496654510498047,,,,,
2025-07-01,27.0,73.0,,,26.850988388061523,,,,,
2025-07-02,9.5,76.5,,,22.96933937072754,,,,,
2025-07-02,17.75,78.5,,,22.215171813964844,,,,,
2025-07-02,20.5,85.5,,,24.98443603515625,,,,,
2025-07-02,22.0,79.0,,,22.61153984069824,,,,,
2025-07-02,26.0,91.75,,,24.67340850830078,,,,,
2025-07-02,26.5,81.0,,,25.602035522460938,,,,,
2025-07-02,27.0,73.0,,,26.46446990966797,,,,,
2025-07-03,9.5,76.5,,,22.68585205078125,,,,,
2025-07-03,17.75,78.5,,,23.09506607055664,,,,,
2025-07-03,20.5,85.5,,,24.5452880859375,,,,,
2025-07-03,22.0,79.0,,,23.135713577270508,,,,,
2025-07-03,26.0,91.75,,,24.6463565826416,,,,,
2025-07-03,26.5,81.0,,,26.08652877807617,,,,,
2025-07-03,27.0,73.0,,,26.143577575683597,,,,,
2025-07-04,9.5,76.5,,,22.02492332458496,,,,,
2025-07-04,17.75,78.5,,,23.62959671020508,,,,,
2025-07-04,20.5,85.5,,,24.625452041625977,,,,,
2025-07-04,22.0,79.0,,,23.180253982543945,,,,,
2025-07-04,26.0,91.75,,,23.907554626464844,,,,,
2025-07-04,26.5,81.0,,,26.430158615112305,,,,,
2025-07-04,27.0,73.0,,,26.334665298461918,,,,,
2025-07-05,9.5,76.5,,,22.841670989990234,,,,,
2025-07-05,17.75,78.5,,,23.72729110717773,,,,,
2025-07-05,20.5,85.5,,,24.44296264648437,,,,,
2025-07-05,22.0,79.0,,,22.26693344116211,,,,,
2025-07-05,26.0,91.75,,,23.693016052246094,,,,,
2025-07-05,26.5,81.0,,,25.86524772644043,,,,,
2025-07-05,27.0,73.0,,,26.986234664916992,,,,,
2025-07-06,9.5,76.5,,,23.02378845214844,,,,,
2025-07-06,17.75,78.5,,,23.8671989440918,,,,,
2025-07-06,20.5,85.5,,,24.348350524902344,,,,,
2025-07-06,22.0,79.0,,,22.753921508789062,,,,,
2025-07-06,26.0,91.75,,,23.900293350219727,,,,,
2025-07-06,26.5,81.0,,,26.19840812683105,,,,,
2025-07-06,27.0,73.0,,,26.292102813720703,,,,,
2025-07-07,9.5,76.5,,,23.092870712280277,,,,,
2025-07-07,17.75,78.5,,,23.478443145751957,,,,,
2025-07-07,20.5,85.5,,,24.402719497680664,,,,,
2025-07-07,22.0,79.0,,,22.259206771850582,,,,,
2025-07-07,26.0,91.75,,,24.489028930664062,,,,,
2025-07-07,26.5,81.0,,,26.579429626464844,,,,,
2025-07-07,27.0,73.0,,,25.09686279296875,,,,,
2025-07-08,9.5,76.5,,,23.179426193237305,,,,,
2025-07-08,17.75,78.5,,,23.487472534179688,,,,,
2025-07-08,20.5,85.5,,,24.213153839111328,,,,,
2025-07-08,22.0,79.0,,,21.977806091308597,,,,,
2025-07-08,26.0,91.75,,,23.69708824157715,,,,,
2025-07-08,26.5,81.0,,,27.066621780395508,,,,,
2025-07-08,27.0,73.0,,,25.966968536376957,,,,,
2025-07-09,9.5,76.5,,,23.433029174804688,,,,,
2025-07-09,17.75,78.5,,,23.51960563659668,,,,,
2025-07-09,20.5,85.5,,,24.45315933227539,,,,,
2025-07-09,22.0,79.0,,,22.04791641235352,,,,,
2025-07-09,26.0,91.75,,,24.030689239501957,,,,,
2025-07-09,26.5,81.0,,,25.358333587646484,,,,,
2025-07-09,27.0,73.0,,,26.1968936920166,,,,,
2025-07-10,9.5,76.5,,,23.36990165710449,,,,,
2025-07-10,17.75,78.5,,,23.60137176513672,,,,,
2025-07-10,20.5,85.5,,,24.668184280395508,,,,,
2025-07-10,22.0,79.0,,,22.050561904907227,,,,,
2025-07-10,26.0,91.75,,,23.758209228515625,,,,,
2025-07-10,26.5,81.0,,,24.82247543334961,,,,,
2025-07-10,27.0,73.0,,,25.394472122192383,,,,,
2025-07-11,9.5,76.5,,,24.003273010253903,,,,,
2025-07-11,17.75,78.5,,,23.75297164916992,,,,,
2025-07-11,20.5,85.5,,,25.605388641357425,,,,,
2025-07-11,22.0,79.0,,,22.402587890625,,,,,
2025-07-11,26.0,91.75,,,23.9020938873291,,,,,
2025-07-11,26.5,81.0,,,25.41080093383789,,,,,
2025-07-11,27.0,73.0,,,25.94341468811035,,,,,
2025-07-12,9.5,76.5,,,23.223243713378903,,,,,
2025-07-12,17.75,78.5,,,24.010332107543945,,,,,
2025-07-12,20.5,85.5,,,25.809314727783203,,,,,
2025-07-12,22.0,79.0,,,22.739532470703125,,,,,
2025-07-12,26.0,91.75,,,25.25261688232422,,,,,
2025-07-12,26.5,81.0,,,24.97005271911621,,,,,
2025-07-12,27.0,73.0,,,23.800331115722656,,,,,
2025-07-13,9.5,76.5,,,23.07478141784668,,,,,
2025-07-13,17.75,78.5,,,24.2816162109375,,,,,
2025-07-13,20.5,85.5,,,25.81348991394043,,,,,
2025-07-13,22.0,79.0,,,22.686359405517575,,,,,
2025-07-13,26.0,91.75,,,25.90973472595215,,,,,
2025-07-13,26.5,81.0,,,25.146255493164062,,,,,
2025-07-13,27.0,73.0,,,26.256601333618164,,,,,
2025-07-14,9.5,76.5,,,22.75606346130371,,,,,
2025-07-14,17.75,78.5,,,24.56500625610352,,,,,
2025-07-14,20.5,85.5,,,24.77501678466797,,,,,
2025-07-14,22.0,79.0,,,23.34164428710937,,,,,
2025-07-14,26.0,91.75,,,25.076026916503903,,,,,
2025-07-14,26.5,81.0,,,24.649066925048828,,,,,
2025-07-14,27.0,73.0,,,24.953882217407227,,,,,
2025-07-15,9.5,76.5,,,22.755163192749023,,,,,
2025-07-15,17.75,78.5,,,24.32509422302246,,,,,
2025-07-15,20.5,85.5,,,24.71837615966797,,,,,
2025-07-15,22.0,79.0,,,23.655031204223636,,,,,
2025-07-15,26.0,91.75,,,23.85968399047852,,,,,
2025-07-15,26.5,81.0,,,25.24287986755371,,,,,
2025-07-15,27.0,73.0,,,24.582660675048828,,,,,
2025-07-16,9.5,76.5,,,23.22481155395508,,,,,
2025-07-16,17.75,78.5,,,24.944541931152344,,,,,
2025-07-16,20.5,85.5,,,24.825363159179688,,,,,
2025-07-16,22.0,79.0,,,23.961109161376957,,,,,
2025-07-16,26.0,91.75,,,23.73051643371582,,,,,
2025-07-16,26.5,81.0,,,25.09581184387207,,,,,
2025-07-16,27.0,73.0,,,24.77326774597168,,,,,
2025-07-17,9.5,76.5,,,22.47012710571289,,,,,
2025-07-17,17.75,78.5,,,24.899940490722656,,,,,
2025-07-17,20.5,85.5,,,25.879638671875,,,,,
2025-07-17,22.0,79.0,,,23.440895080566406,,,,,
2025-07-17,26.0,91.75,,,23.90218544006348,,,,,
2025-07-17,26.5,81.0,,,25.027008056640625,,,,,
2025-07-17,27.0,73.0,,,26.196348190307617,,,,,
2025-07-18,9.5,76.5,,,22.9624080657959,,,,,
2025-07-18,17.75,78.5,,,23.857759475708008,,,,,
2025-07-18,20.5,85.5,,,25.981245040893555,,,,,
2025-07-18,22.0,79.0,,,23.031404495239254,,,,,
2025-07-18,26.0,91.75,,,24.442153930664062,,,,,
2025-07-18,26.5,81.0,,,24.595457077026367,,,,,
2025-07-18,27.0,73.0,,,25.55065155029297,,,,,
2025-07-19,9.5,76.5,,,22.476299285888672,,,,,
2025-07-19,17.75,78.5,,,23.58234596252441,,,,,
2025-07-19,20.5,85.5,,,26.191699981689453,,,,,
2025-07-19,22.0,79.0,,,22.805458068847656,,,,,
2025-07-19,26.0,91.75,,,25.06502723693848,,,,,
2025-07-19,26.5,81.0,,,25.81709289550781,,,,,
2025-07-19,27.0,73.0,,,24.713722229003903,,,,,
2025-07-20,9.5,76.5,,,22.2307243347168,,,,,
2025-07-20,17.75,78.5,,,23.88127326965332,,,,,
2025-07-20,20.5,85.5,,,24.96299743652344,,,,,
2025-07-20,22.0,79.0,,,23.998987197875977,,,,,
2025-07-20,26.0,91.75,,,24.293968200683597,,,,,
2025-07-20,26.5,81.0,,,26.930343627929688,,,,,
2025-07-20,27.0,73.0,,,24.25308609008789,,,,,
2025-07-21,9.5,76.5,,,21.952741622924805,,,,,
2025-07-21,17.75,78.5,,,24.189573287963867,,,,,
2025-07-21,20.5,85.5,,,25.904783248901367,,,,,
2025-07-21,22.0,79.0,,,24.134605407714844,,,,,
2025-07-21,26.0,91.75,,,24.3291130065918,,,,,
2025-07-21,26.5,81.0,,,26.520862579345703,,,,,
2025-07-21,27.0,73.0,,,25.643386840820312,,,,,
2025-07-22,9.5,76.5,,,22.16084289550781,,,,,
2025-07-22,17.75,78.5,,,23.136512756347656,,,,,
2025-07-22,20.5,85.5,,,26.26690101623535,,,,,
2025-07-22,22.0,79.0,,,24.213808059692383,,,,,
2025-07-22,26.0,91.75,,,24.629865646362305,,,,,
2025-07-22,26.5,81.0,,,26.74839401245117,,,,,
2025-07-22,27.0,73.0,,,26.809907913208008,,,,,
2025-07-23,9.5,76.5,,,22.27923011779785,,,,,
2025-07-23,17.75,78.5,,,23.173383712768555,,,,,
2025-07-23,20.5,85.5,,,26.72997283935547,,,,,
2025-07-23,22.0,79.0,,,23.916112899780277,,,,,
2025-07-23,26.0,91.75,,,25.68810272216797,,,,,
2025-07-23,26.5,81.0,,,27.235265731811523,,,,,
2025-07-23,27.0,73.0,,,26.250083923339844,,,,,
2025-07-24,9.5,76.5,,,22.19539451599121,,,,,
2025-07-24,17.75,78.5,,,22.38731384277344,,,,,
2025-07-24,20.5,85.5,,,25.53109741210937,,,,,
2025-07-24,22.0,79.0,,,23.30449676513672,,,,,
2025-07-24,26.0,91.75,,,27.05555534362793,,,,,
2025-07-24,26.5,81.0,,,26.88808250427246,,,,,
2025-07-24,27.0,73.0,,,26.435148239135746,,,,,
2025-07-25,9.5,76.5,,,22.03763198852539,,,,,
2025-07-25,17.75,78.5,,,22.79105758666992,,,,,
2025-07-25,20.5,85.5,,,25.13640785217285,,,,,
2025-07-25,22.0,79.0,,,23.25635528564453,,,,,
2025-07-25,26.0,91.75,,,25.01323890686035,,,,,
2025-07-25,26.5,81.0,,,27.06177520751953,,,,,
2025-07-25,27.0,73.0,,,26.724842071533203,,,,,
2025-07-26,9.5,76.5,,,21.467304229736328,,,,,
2025-07-26,17.75,78.5,,,22.570158004760746,,,,,
2025-07-26,20.5,85.5,,,25.27720642089844,,,,,
2025-07-26,22.0,79.0,,,23.26075553894043,,,,,
2025-07-26,26.0,91.75,,,25.21870994567871,,,,,
2025-07-26,26.5,81.0,,,25.12440490722656,,,,,
2025-07-26,27.0,73.0,,,26.127534866333008,,,,,
2025-07-27,9.5,76.5,,,21.851327896118164,,,,,
2025-07-27,17.75,78.5,,,23.01192855834961,,,,,
2025-07-27,20.5,85.5,,,25.78958320617676,,,,,
2025-07-27,22.0,79.0,,,22.77614402770996,,,,,
2025-07-27,26.0,91.75,,,24.546085357666016,,,,,
2025-07-27,26.5,81.0,,,25.91409683227539,,,,,
2025-07-27,27.0,73.0,,,25.62802505493164,,,,,
2025-07-28,9.5,76.5,,,22.692819595336918,,,,,
2025-07-28,17.75,78.5,,,23.322168350219727,,,,,
2025-07-28,20.5,85.5,,,25.53790664672852,,,,,
2025-07-28,22.0,79.0,,,23.04022216796875,,,,,
2025-07-28,26.0,91.75,,,23.98445701599121,,,,,
2025-07-28,26.5,81.0,,,26.43142509460449,,,,,
2025-07-28,27.0,73.0,,,26.60828971862793,,,,,
2025-07-29,9.5,76.5,,,22.406635284423828,,,,,
2025-07-29,17.75,78.5,,,23.78142738342285,,,,,
2025-07-29,20.5,85.5,,,25.0664176940918,,,,,
2025-07-29,22.0,79.0,,,22.492033004760746,,,,,
2025-07-29,26.0,91.75,,,24.343168258666992,,,,,
2025-07-29,26.5,81.0,,,25.817256927490234,,,,,
2025-07-29,27.0,73.0,,,26.25392723083496,,,,,
2025-07-30,9.5,76.5,,,23.16277313232422,,,,,
2025-07-30,17.75,78.5,,,23.471378326416016,,,,,
2025-07-30,20.5,85.5,,,24.478099822998047,,,,,
2025-07-30,22.0,79.0,,,22.54524040222168,,,,,
2025-07-30,26.0,91.75,,,24.32771873474121,,,,,
2025-07-30,26.5,81.0,,,25.187360763549805,,,,,
2025-07-30,27.0,73.0,,,25.702863693237305,,,,,
2025-07-31,9.5,76.5,,,23.23331642150879,,,,,
2025-07-31,17.75,78.5,,,23.539241790771484,,,,,
2025-07-31,20.5,85.5,,,25.253854751586918,,,,,
2025-07-31,22.0,79.0,,,22.490402221679688,,,,,
2025-07-31,26.0,91.75,,,24.03922271728516,,,,,
2025-07-31,26.5,81.0,,,25.33182716369629,,,,,
2025-07-31,27.0,73.0,,,24.89116477966309,,,,,
2025-08-01,9.5,76.5,,,23.45033836364746,,,,,
2025-08-01,17.75,78.5,,,24.075538635253903,,,,,
2025-08-01,20.5,85.5,,,25.123306274414062,,,,,
2025-08-01,22.0,79.0,,,23.146183013916016,,,,,
2025-08-01,26.0,91.75,,,24.49158477783203,,,,,
2025-08-01,26.5,81.0,,,25.186023712158203,,,,,
2025-08-01,27.0,73.0,,,24.49845123291016,,,,,
2025-08-02,9.5,76.5,,,23.274433135986328,,,,,
2025-08-02,17.75,78.5,,,23.848630905151367,,,,,
2025-08-02,20.5,85.5,,,25.772708892822266,,,,,
2025-08-02,22.0,79.0,,,23.53236198425293,,,,,
2025-08-02,26.0,91.75,,,24.62650680541992,,,,,
2025-08-02,26.5,81.0,,,25.855810165405277,,,,,
2025-08-02,27.0,73.0,,,25.057477951049805,,,,,
2025-08-03,9.5,76.5,,,22.497669219970703,,,,,
2025-08-03,17.75,78.5,,,24.13444709777832,,,,,
2025-08-03,20.5,85.5,,,25.93714141845703,,,,,
2025-08-03,22.0,79.0,,,23.678634643554688,,,,,
2025-08-03,26.0,91.75,,,24.35138702392578,,,,,
2025-08-03,26.5,81.0,,,25.51648712158203,,,,,
2025-08-03,27.0,73.0,,,25.606895446777344,,,,,
2025-08-04,9.5,76.5,,,22.693777084350582,,,,,
2025-08-04,17.75,78.5,,,23.98921585083008,,,,,
2025-08-04,20.5,85.5,,,26.03287506103516,,,,,
2025-08-04,22.0,79.0,,,23.590410232543945,,,,,
2025-08-04,26.0,91.75,,,23.55792236328125,,,,,
2025-08-04,26.5,81.0,,,24.422813415527344,,,,,
2025-08-04,27.0,73.0,,,26.1013240814209,,,,,
2025-08-05,9.5,76.5,,,22.946990966796875,,,,,
2025-08-05,17.75,78.5,,,24.43556022644043,,,,,
2025-08-05,20.5,85.5,,,25.943626403808597,,,,,
2025-08-05,22.0,79.0,,,23.831134796142575,,,,,
2025-08-05,26.0,91.75,,,24.144189834594727,,,,,
2025-08-05,26.5,81.0,,,24.76077461242676,,,,,
2025-08-05,27.0,73.0,,,25.68780899047852,,,,,
2025-08-06,9.5,76.5,,,22.235713958740234,,,,,
2025-08-06,17.75,78.5,,,24.367769241333008,,,,,
2025-08-06,20.5,85.5,,,26.195209503173828,,,,,
2025-08-06,22.0,79.0,,,24.510440826416016,,,,,
2025-08-06,26.0,91.75,,,24.13361930847168,,,,,
2025-08-06,26.5,81.0,,,24.755104064941406,,,,,
2025-08-06,27.0,73.0,,,25.349180221557617,,,,,
2025-08-07,9.5,76.5,,,22.964431762695312,,,,,
2025-08-07,17.75,78.5,,,24.608442306518555,,,,,
2025-08-07,20.5,85.5,,,25.44870948791504,,,,,
2025-08-07,22.0,79.0,,,24.593402862548828,,,,,
2025-08-07,26.0,91.75,,,24.52635383605957,,,,,
2025-08-07,26.5,81.0,,,25.32913017272949,,,,,
2025-08-07,27.0,73.0,,,25.22192001342773,,,,,
2025-08-08,9.5,76.5,,,23.05189514160156,,,,,
2025-08-08,17.75,78.5,,,21.896564483642575,,,,,
2025-08-08,20.5,85.5,,,24.61220359802246,,,,,
2025-08-08,22.0,79.0,,,23.94549560546875,,,,,
2025-08-08,26.0,91.75,,,23.94170379638672,,,,,
2025-08-08,26.5,81.0,,,26.069660186767575,,,,,
2025-08-08,27.0,73.0,,,25.68397331237793,,,,,
2025-08-09,9.5,76.5,,,23.320877075195312,,,,,
2025-08-09,17.75,78.5,,,23.465309143066406,,,,,
2025-08-09,20.5,85.5,,,24.32588768005371,,,,,
2025-08-09,22.0,79.0,,,23.350574493408203,,,,,
2025-08-09,26.0,91.75,,,23.678186416625977,,,,,
2025-08-09,26.5,81.0,,,24.963409423828125,,,,,
2025-08-09,27.0,73.0,,,25.693893432617188,,,,,
2025-08-10,9.5,76.5,,,23.33522605895996,,,,,
2025-08-10,17.75,78.5,,,23.002965927124023,,,,,
2025-08-10,20.5,85.5,,,25.9732666015625,,,,,
2025-08-10,22.0,79.0,,,23.112871170043945,,,,,
2025-08-10,26.0,91.75,,,24.565229415893555,,,,,
2025-08-10,26.5,81.0,,,25.68259048461914,,,,,
2025-08-10,27.0,73.0,,,25.853729248046875,,,,,
2025-08-11,9.5,76.5,,,22.618179321289062,,,,,
2025-08-11,17.75,78.5,,,22.96981239318848,,,,,
2025-08-11,20.5,85.5,,,25.343965530395508,,,,,
2025-08-11,22.0,79.0,,,23.452089309692383,,,,,
2025-08-11,26.0,91.75,,,24.43338966369629,,,,,
2025-08-11,26.5,81.0,,,26.16717529296875,,,,,
2025-08-11,27.0,73.0,,,26.050689697265625,,,,,
2025-08-12,9.5,76.5,,,22.54496383666992,,,,,
2025-08-12,17.75,78.5,,,22.463302612304688,,,,,
2025-08-12,20.5,85.5,,,26.12601661682129,,,,,
2025-08-12,22.0,79.0,,,23.721832275390625,,,,,
2025-08-12,26.0,91.75,,,24.60479164123535,,,,,
2025-08-12,26.5,81.0,,,25.860780715942383,,,,,
2025-08-12,27.0,73.0,,,26.27957344055176,,,,,
2025-08-13,9.5,76.5,,,22.52459716796875,,,,,
2025-08-13,17.75,78.5,,,22.403091430664062,,,,,
2025-08-13,20.5,85.5,,,26.29047966003418,,,,,
2025-08-13,22.0,79.0,,,23.21029281616211,,,,,
2025-08-13,26.0,91.75,,,23.947898864746094,,,,,
2025-08-13,26.5,81.0,,,26.50456428527832,,,,,
2025-08-13,27.0,73.0,,,26.117372512817383,,,,,
2025-08-14,9.5,76.5,,,22.285907745361328,,,,,
2025-08-14,17.75,78.5,,,22.59044647216797,,,,,
2025-08-14,20.5,85.5,,,25.13028335571289,,,,,
2025-08-14,22.0,79.0,,,23.06937026977539,,,,,
2025-08-14,26.0,91.75,,,23.833879470825195,,,,,
2025-08-14,26.5,81.0,,,25.202136993408203,,,,,
2025-08-14,27.0,73.0,,,27.249679565429688,,,,,
2025-08-15,9.5,76.5,,,22.34037399291992,,,,,
2025-08-15,17.75,78.5,,,22.719715118408203,,,,,
2025-08-15,20.5,85.5,,,25.097410202026367,,,,,
2025-08-15,22.0,79.0,,,24.04792594909668,,,,,
2025-08-15,26.0,91.75,,,24.06290054321289,,,,,
2025-08-15,26.5,81.0,,,25.888402938842773,,,,,
2025-08-15,27.0,73.0,,,25.90752410888672,,,,,
2025-08-16,9.5,76.5,,,22.548158645629883,,,,,
2025-08-16,17.75,78.5,,,22.94796371459961,,,,,
2025-08-16,20.5,85.5,,,24.91360282897949,,,,,
2025-08-16,22.0,79.0,,,23.593669891357425,,,,,
2025-08-16,26.0,91.75,,,24.43065643310547,,,,,
2025-08-16,26.5,81.0,,,26.50101661682129,,,,,
2025-08-16,27.0,73.0,,,27.316652297973636,,,,,
2025-08-17,9.5,76.5,,,22.49687767028809,,,,,
2025-08-17,17.75,78.5,,,22.874984741210938,,,,,
2025-08-17,20.5,85.5,,,25.06035804748535,,,,,
2025-08-17,22.0,79.0,,,23.55935287475586,,,,,
2025-08-17,26.0,91.75,,,24.30492401123047,,,,,
2025-08-17,26.5,81.0,,,27.27852249145508,,,,,
2025-08-17,27.0,73.0,,,27.508161544799805,,,,,
2025-08-18,9.5,76.5,,,22.48237609863281,,,,,
2025-08-18,17.75,78.5,,,22.109638214111328,,,,,
2025-08-18,20.5,85.5,,,25.06325340270996,,,,,
2025-08-18,22.0,79.0,,,23.99648094177246,,,,,
2025-08-18,26.0,91.75,,,25.240123748779297,,,,,
2025-08-18,26.5,81.0,,,26.451181411743164,,,,,
2025-08-18,27.0,73.0,,,27.47425651550293,,,,,
2025-08-19,9.5,76.5,,,22.85946273803711,,,,,
2025-08-19,17.75,78.5,,,22.132295608520508,,,,,
2025-08-19,20.5,85.5,,,25.146821975708008,,,,,
2025-08-19,22.0,79.0,,,23.28032875061035,,,,,
2025-08-19,26.0,91.75,,,24.110036849975582,,,,,
2025-08-19,26.5,81.0,,,26.65304183959961,,,,,
2025-08-19,27.0,73.0,,,27.071060180664062,,,,,
2025-08-20,9.5,76.5,,,22.64473533630371,,,,,
2025-08-20,17.75,78.5,,,22.33354949951172,,,,,
2025-08-20,20.5,85.5,,,24.99862670898437,,,,,
2025-08-20,22.0,79.0,,,23.304821014404297,,,,,
2025-08-20,26.0,91.75,,,23.953489303588867,,,,,
2025-08-20,26.5,81.0,,,26.61994171142578,,,,,
2025-08-20,27.0,73.0,,,26.710474014282227,,,,,
2025-08-21,9.5,76.5,,,22.25231170654297,,,,,
2025-08-21,17.75,78.5,,,22.620206832885746,,,,,
2025-08-21,20.5,85.5,,,25.013526916503903,,,,,
2025-08-21,22.0,79.0,,,23.0961856842041,,,,,
2025-08-21,26.0,91.75,,,23.82462882995605,,,,,
2025-08-21,26.5,81.0,,,26.25926780700684,,,,,
2025-08-21,27.0,73.0,,,26.53435516357422,,,,,
2025-08-22,9.5,76.5,,,23.859235763549805,,,,,
2025-08-22,17.75,78.5,,,23.186717987060547,,,,,
2025-08-22,20.5,85.5,,,24.769227981567383,,,,,
2025-08-22,22.0,79.0,,,23.47860717773437,,,,,
2025-08-22,26.0,91.75,,,23.76471519470215,,,,,
2025-08-22,26.5,81.0,,,25.765907287597656,,,,,
2025-08-22,27.0,73.0,,,25.42645835876465,,,,,
2025-08-23,9.5,76.5,,,23.64757537841797,,,,,
2025-08-23,17.75,78.5,,,22.84825134277344,,,,,
2025-08-23,20.5,85.5,,,24.169189453125,,,,,
2025-08-23,22.0,79.0,,,22.884601593017575,,,,,
2025-08-23,26.0,91.75,,,23.806957244873047,,,,,
2025-08-23,26.5,81.0,,,25.30619430541992,,,,,
2025-08-23,27.0,73.0,,,25.274532318115234,,,,,
2025-08-24,9.5,76.5,,,22.938852310180664,,,,,
2025-08-24,17.75,78.5,,,23.459291458129883,,,,,
2025-08-24,20.5,85.5,,,24.66619873046875,,,,,
2025-08-24,22.0,79.0,,,22.31302070617676,,,,,
2025-08-24,26.0,91.75,,,23.79902458190918,,,,,
2025-08-24,26.5,81.0,,,25.459508895874023,,,,,
2025-08-24,27.0,73.0,,,24.431455612182617,,,,,
2025-08-25,9.5,76.5,,,22.42396545410156,,,,,
2025-08-25,17.75,78.5,,,22.812576293945312,,,,,
2025-08-25,20.5,85.5,,,24.27584648132324,,,,,
2025-08-25,22.0,79.0,,,22.65900421142578,,,,,
2025-08-25,26.0,91.75,,,23.813915252685547,,,,,
2025-08-25,26.5,81.0,,,25.201358795166016,,,,,
2025-08-25,27.0,73.0,,,24.084827423095703,,,,,
2025-08-26,9.5,76.5,,,23.15229034423828,,,,,
2025-08-26,17.75,78.5,,,23.62406349182129,,,,,
2025-08-26,20.5,85.5,,,24.846343994140625,,,,,
2025-08-26,22.0,79.0,,,23.309955596923828,,,,,
2025-08-26,26.0,91.75,,,24.07490539550781,,,,,
2025-08-26,26.5,81.0,,,25.16748046875,,,,,
2025-08-26,27.0,73.0,,,24.833070755004883,,,,,
2025-08-27,9.5,76.5,,,23.04812812805176,,,,,
2025-08-27,17.75,78.5,,,22.593324661254883,,,,,
2025-08-27,20.5,85.5,,,24.763500213623047,,,,,
2025-08-27,22.0,79.0,,,23.723876953125,,,,,
2025-08-27,26.0,91.75,,,24.301925659179688,,,,,
2025-08-27,26.5,81.0,,,25.941783905029297,,,,,
2025-08-27,27.0,73.0,,,24.735803604125977,,,,,
2025-08-28,9.5,76.5,,,22.50374412536621,,,,,
2025-08-28,17.75,78.5,,,22.390281677246094,,,,,
2025-08-28,20.5,85.5,,,24.635316848754883,,,,,
2025-08-28,22.0,79.0,,,23.82423591613769,,,,,
2025-08-28,26.0,91.75,,,23.460073471069336,,,,,
2025-08-28,26.5,81.0,,,26.60395622253418,,,,,
2025-08-28,27.0,73.0,,,25.404685974121094,,,,,
2025-08-29,9.5,76.5,,,22.86791229248047,,,,,
2025-08-29,17.75,78.5,,,22.53544235229492,,,,,
2025-08-29,20.5,85.5,,,24.970020294189453,,,,,
2025-08-29,22.0,79.0,,,24.02522087097168,,,,,
2025-08-29,26.0,91.75,,,23.820484161376957,,,,,
2025-08-29,26.5,81.0,,,26.785497665405277,,,,,
2025-08-29,27.0,73.0,,,26.547273635864254,,,,,
2025-08-30,9.5,76.5,,,23.07603454589844,,,,,
2025-08-30,17.75,78.5,,,22.77510070800781,,,,,
2025-08-30,20.5,85.5,,,25.508249282836918,,,,,
2025-08-30,22.0,79.0,,,23.632022857666016,,,,,
2025-08-30,26.0,91.75,,,23.445613861083984,,,,,
2025-08-30,26.5,81.0,,,26.492525100708008,,,,,
2025-08-30,27.0,73.0,,,25.60894203186035,,,,,
2025-08-31,9.5,76.5,,,23.117572784423828,,,,,
2025-08-31,17.75,78.5,,,23.42972183227539,,,,,
2025-08-31,20.5,85.5,,,25.2725830078125,,,,,
2025-08-31,22.0,79.0,,,24.063703536987305,,,,,
2025-08-31,26.0,91.75,,,23.62825584411621,,,,,
2025-08-31,26.5,81.0,,,26.19230461120605,,,,,
2025-08-31,27.0,73.0,,,23.89473342895508,,,,,
2025-09-01,9.5,76.5,,,23.44149780273437,,,,,
2025-09-01,17.75,78.5,,,22.95496940612793,,,,,
2025-09-01,20.5,85.5,,,25.111574172973636,,,,,
2025-09-01,22.0,79.0,,,23.404544830322266,,,,,
2025-09-01,26.0,91.75,,,24.48027610778809,,,,,
2025-09-01,26.5,81.0,,,24.275094985961918,,,,,
2025-09-01,27.0,73.0,,,23.363561630249023,,,,,
2025-09-02,9.5,76.5,,,23.35335350036621,,,,,
2025-09-02,17.75,78.5,,,22.725133895874023,,,,,
2025-09-02,20.5,85.5,,,24.794952392578125,,,,,
2025-09-02,22.0,79.0,,,23.68330764770508,,,,,
2025-09-02,26.0,91.75,,,24.697322845458984,,,,,
2025-09-02,26.5,81.0,,,24.26914405822754,,,,,
2025-09-02,27.0,73.0,,,24.28916358947754,,,,,
2025-09-03,9.5,76.5,,,23.526914596557617,,,,,
2025-09-03,17.75,78.5,,,23.06389808654785,,,,,
2025-09-03,20.5,85.5,,,24.181764602661133,,,,,
2025-09-03,22.0,79.0,,,22.964519500732425,,,,,
2025-09-03,26.0,91.75,,,24.533615112304688,,,,,
2025-09-03,26.5,81.0,,,24.89950180053711,,,,,
2025-09-03,27.0,73.0,,,25.188692092895508,,,,,
2025-09-04,9.5,76.5,,,22.72881126403809,,,,,
2025-09-04,17.75,78.5,,,22.701190948486328,,,,,
2025-09-04,20.5,85.5,,,24.1947021484375,,,,,
2025-09-04,22.0,79.0,,,23.014148712158203,,,,,
2025-09-04,26.0,91.75,,,24.28037643432617,,,,,
2025-09-04,26.5,81.0,,,25.703569412231445,,,,,
2025-09-04,27.0,73.0,,,24.985050201416016,,,,,
2025-09-05,9.5,76.5,,,23.100351333618164,,,,,
2025-09-05,17.75,78.5,,,23.145299911499023,,,,,
2025-09-05,20.5,85.5,,,25.185596466064453,,,,,
2025-09-05,22.0,79.0,,,22.73959350585937,,,,,
2025-09-05,26.0,91.75,,,24.430063247680664,,,,,
2025-09-05,26.5,81.0,,,25.248071670532227,,,,,
2025-09-05,27.0,73.0,,,24.80961036682129,,,,,
2025-09-06,9.5,76.5,,,23.560035705566406,,,,,
2025-09-06,17.75,78.5,,,23.416053771972656,,,,,
2025-09-06,20.5,85.5,,,25.070756912231445,,,,,
2025-09-06,22.0,79.0,,,22.85852432250977,,,,,
2025-09-06,26.0,91.75,,,24.50454330444336,,,,,
2025-09-06,26.5,81.0,,,25.9112606048584,,,,,
2025-09-06,27.0,73.0,,,25.04305076599121,,,,,
2025-09-07,9.5,76.5,,,23.419994354248047,,,,,
2025-09-07,17.75,78.5,,,22.65679931640625,,,,,
2025-09-07,20.5,85.5,,,24.86222267150879,,,,,
2025-09-07,22.0,79.0,,,23.055709838867188,,,,,
2025-09-07,26.0,91.75,,,24.266069412231445,,,,,
2025-09-07,26.5,81.0,,,25.459735870361328,,,,,
2025-09-07,27.0,73.0,,,24.49702835083008,,,,,
2025-09-08,9.5,76.5,,,23.63831901550293,,,,,
2025-09-08,17.75,78.5,,,22.780738830566406,,,,,
2025-09-08,20.5,85.5,,,25.205013275146484,,,,,
2025-09-08,22.0,79.0,,,23.271217346191406,,,,,
2025-09-08,26.0,91.75,,,24.34317970275879,,,,,
2025-09-08,26.5,81.0,,,25.699222564697266,,,,,
2025-09-08,27.0,73.0,,,23.85819435119629,,,,,
2025-09-09,9.5,76.5,,,23.874164581298828,,,,,
2025-09-09,17.75,78.5,,,23.239221572875977,,,,,
2025-09-09,20.5,85.5,,,25.74418258666992,,,,,
2025-09-09,22.0,79.0,,,23.157236099243164,,,,,
2025-09-09,26.0,91.75,,,24.138351440429688,,,,,
2025-09-09,26.5,81.0,,,25.350074768066406,,,,,
2025-09-09,27.0,73.0,,,24.128684997558597,,,,,
2025-09-10,9.5,76.5,,,23.91814422607422,,,,,
2025-09-10,17.75,78.5,,,24.084627151489254,,,,,
2025-09-10,20.5,85.5,,,25.758686065673828,,,,,
2025-09-10,22.0,79.0,,,23.630380630493164,,,,,
2025-09-10,26.0,91.75,,,24.51614761352539,,,,,
2025-09-10,26.5,81.0,,,26.123369216918945,,,,,
2025-09-10,27.0,73.0,,,24.109107971191406,,,,,
2025-09-11,9.5,76.5,,,23.25128555297852,,,,,
2025-09-11,17.75,78.5,,,22.976537704467773,,,,,
2025-09-11,20.5,85.5,,,25.89325523376465,,,,,
2025-09-11,22.0,79.0,,,23.423982620239254,,,,,
2025-09-11,26.0,91.75,,,24.179275512695312,,,,,
2025-09-11,26.5,81.0,,,26.2971305847168,,,,,
2025-09-11,27.0,73.0,,,23.525957107543945,,,,,
2025-09-12,9.5,76.5,,,22.915225982666016,,,,,
2025-09-12,17.75,78.5,,,22.25182342529297,,,,,
2025-09-12,20.5,85.5,,,25.05059051513672,,,,,
2025-09-12,22.0,79.0,,,22.836584091186523,,,,,
2025-09-12,26.0,91.75,,,24.262767791748047,,,,,
2025-09-12,26.5,81.0,,,26.026580810546875,,,,,
2025-09-12,27.0,73.0,,,23.6960506439209,,,,,
2025-09-13,9.5,76.5,,,23.041627883911133,,,,,
2025-09-13,17.75,78.5,,,23.216285705566406,,,,,
2025-09-13,20.5,85.5,,,25.277437210083008,,,,,
2025-09-13,22.0,79.0,,,22.942371368408203,,,,,
2025-09-13,26.0,91.75,,,24.15889358520508,,,,,
2025-09-13,26.5,81.0,,,26.31720924377441,,,,,
2025-09-13,27.0,73.0,,,24.0172176361084,,,,,
2025-09-14,9.5,76.5,,,22.86194610595703,,,,,
2025-09-14,17.75,78.5,,,23.200551986694336,,,,,
2025-09-14,20.5,85.5,,,25.079233169555664,,,,,
2025-09-14,22.0,79.0,,,23.406959533691406,,,,,
2025-09-14,26.0,91.75,,,23.35171890258789,,,,,
2025-09-14,26.5,81.0,,,26.467363357543945,,,,,
2025-09-14,27.0,73.0,,,24.97586250305176,,,,,
2025-09-15,9.5,76.5,,,23.394086837768555,,,,,
2025-09-15,17.75,78.5,,,23.28674697875977,,,,,
2025-09-15,20.5,85.5,,,25.477134704589844,,,,,
2025-09-15,22.0,79.0,,,23.597240447998047,,,,,
2025-09-15,26.0,91.75,,,23.093812942504883,,,,,
2025-09-15,26.5,81.0,,,26.20193099975586,,,,,
2025-09-15,27.0,73.0,,,24.820945739746094,,,,,
2025-09-16,9.5,76.5,,,23.39373588562012,,,,,
2025-09-16,17.75,78.5,,,23.265783309936523,,,,,
2025-09-16,20.5,85.5,,,24.349781036376957,,,,,
2025-09-16,22.0,79.0,,,23.118968963623047,,,,,
2025-09-16,26.0,91.75,,,23.22122001647949,,,,,
2025-09-16,26.5,81.0,,,24.98153686523437,,,,,
2025-09-16,27.0,73.0,,,24.4158878326416,,,,,
2025-09-17,9.5,76.5,,,23.614124298095703,,,,,
2025-09-17,17.75,78.5,,,23.370250701904297,,,,,
2025-09-17,20.5,85.5,,,24.629976272583008,,,,,
2025-09-17,22.0,79.0,,,23.088769912719727,,,,,
2025-09-17,26.0,91.75,,,22.53715133666992,,,,,
2025-09-17,26.5,81.0,,,24.954620361328125,,,,,
2025-09-17,27.0,73.0,,,24.59615707397461,,,,,
2025-09-18,9.5,76.5,,,23.178760528564453,,,,,
2025-09-18,17.75,78.5,,,23.052827835083008,,,,,
2025-09-18,20.5,85.5,,,25.02435111999512,,,,,
2025-09-18,22.0,79.0,,,23.18097305297852,,,,,
2025-09-18,26.0,91.75,,,23.49920463562012,,,,,
2025-09-18,26.5,81.0,,,24.75351905822754,,,,,
2025-09-18,27.0,73.0,,,25.38400077819824,,,,,
2025-09-19,9.5,76.5,,,23.643224716186523,,,,,
2025-09-19,17.75,78.5,,,23.308320999145508,,,,,
2025-09-19,20.5,85.5,,,25.553203582763672,,,,,
2025-09-19,22.0,79.0,,,23.166240692138672,,,,,
2025-09-19,26.0,91.75,,,22.936532974243164,,,,,
2025-09-19,26.5,81.0,,,24.611553192138672,,,,,
2025-09-19,27.0,73.0,,,25.390913009643555,,,,,
2025-09-20,9.5,76.5,,,23.40309715270996,,,,,
2025-09-20,17.75,78.5,,,23.71553421020508,,,,,
2025-09-20,20.5,85.5,,,26.221736907958984,,,,,
2025-09-20,22.0,79.0,,,23.289417266845703,,,,,
2025-09-20,26.0,91.75,,,23.775094985961918,,,,,
2025-09-20,26.5,81.0,,,25.300460815429688,,,,,
2025-09-20,27.0,73.0,,,25.410400390625,,,,,
2025-09-21,9.5,76.5,,,23.075382232666016,,,,,
2025-09-21,17.75,78.5,,,22.56146049499512,,,,,
2025-09-21,20.5,85.5,,,25.01328659057617,,,,,
2025-09-21,22.0,79.0,,,23.505306243896484,,,,,
2025-09-21,26.0,91.75,,,23.756954193115234,,,,,
2025-09-21,26.5,81.0,,,25.55533218383789,,,,,
2025-09-21,27.0,73.0,,,24.574790954589844,,,,,
2025-09-22,9.5,76.5,,,22.8861026763916,,,,,
2025-09-22,17.75,78.5,,,22.43185234069824,,,,,
2025-09-22,20.5,85.5,,,24.44624137878418,,,,,
2025-09-22,22.0,79.0,,,23.75425910949707,,,,,
2025-09-22,26.0,91.75,,,24.19251823425293,,,,,
2025-09-22,26.5,81.0,,,25.555307388305664,,,,,
2025-09-22,27.0,73.0,,,24.4656982421875,,,,,
2025-09-23,9.5,76.5,,,22.70205307006836,,,,,
2025-09-23,17.75,78.5,,,22.787052154541016,,,,,
2025-09-23,20.5,85.5,,,24.56896209716797,,,,,
2025-09-23,22.0,79.0,,,23.46403312683105,,,,,
2025-09-23,26.0,91.75,,,23.810583114624023,,,,,
2025-09-23,26.5,81.0,,,25.88761711120605,,,,,
2025-09-23,27.0,73.0,,,23.85208511352539,,,,,
2025-09-24,9.5,76.5,,,23.23660659790039,,,,,
2025-09-24,17.75,78.5,,,22.20805549621582,,,,,
2025-09-24,20.5,85.5,,,23.67876434326172,,,,,
2025-09-24,22.0,79.0,,,23.31735610961914,,,,,
2025-09-24,26.0,91.75,,,24.530759811401367,,,,,
2025-09-24,26.5,81.0,,,25.774797439575195,,,,,
2025-09-24,27.0,73.0,,,23.778156280517575,,,,,
2025-09-25,9.5,76.5,,,22.71891593933105,,,,,
2025-09-25,17.75,78.5,,,22.793500900268555,,,,,
2025-09-25,20.5,85.5,,,24.354829788208008,,,,,
2025-09-25,22.0,79.0,,,23.364479064941406,,,,,
2025-09-25,26.0,91.75,,,23.902027130126957,,,,,
2025-09-25,26.5,81.0,,,24.85892868041992,,,,,
2025-09-25,27.0,73.0,,,23.41506004333496,,,,,
2025-09-26,9.5,76.5,,,22.413619995117188,,,,,
2025-09-26,17.75,78.5,,,21.656469345092773,,,,,
2025-09-26,20.5,85.5,,,24.882722854614254,,,,,
2025-09-26,22.0,79.0,,,23.640893936157227,,,,,
2025-09-26,26.0,91.75,,,23.839916229248047,,,,,
2025-09-26,26.5,81.0,,,25.811338424682617,,,,,
2025-09-26,27.0,73.0,,,24.11460876464844,,,,,
2025-09-27,9.5,76.5,,,22.782739639282227,,,,,
2025-09-27,17.75,78.5,,,21.865798950195312,,,,,
2025-09-27,20.5,85.5,,,24.526308059692383,,,,,
2025-09-27,22.0,79.0,,,23.2226676940918,,,,,
2025-09-27,26.0,91.75,,,24.61723518371582,,,,,
2025-09-27,26.5,81.0,,,25.513233184814453,,,,,
2025-09-27,27.0,73.0,,,24.17149543762207,,,,,
2025-09-28,9.5,76.5,,,23.23104286193848,,,,,
2025-09-28,17.75,78.5,,,21.75257110595703,,,,,
2025-09-28,20.5,85.5,,,24.63802719116211,,,,,
2025-09-28,22.0,79.0,,,23.166229248046875,,,,,
2025-09-28,26.0,91.75,,,23.22106170654297,,,,,
2025-09-28,26.5,81.0,,,25.93696594238281,,,,,
2025-09-28,27.0,73.0,,,25.762720108032227,,,,,
2025-09-29,9.5,76.5,,,23.02971839904785,,,,,
2025-09-29,17.75,78.5,,,21.83685874938965,,,,,
2025-09-29,20.5,85.5,,,25.019142150878903,,,,,
2025-09-29,22.0,79.0,,,23.103986740112305,,,,,
2025-09-29,26.0,91.75,,,23.337060928344727,,,,,
2025-09-29,26.5,81.0,,,26.168922424316406,,,,,
2025-09-29,27.0,73.0,,,26.735580444335938,,,,,
2025-09-30,9.5,76.5,,,22.87792015075684,,,,,
2025-09-30,17.75,78.5,,,22.50648498535156,,,,,
2025-09-30,20.5,85.5,,,24.686792373657227,,,,,
2025-09-30,22.0,79.0,,,23.12244987487793,,,,,
2025-09-30,26.0,91.75,,,23.60852813720703,,,,,
2025-09-30,26.5,81.0,,,25.91508674621582,,,,,
2025-09-30,27.0,73.0,,,24.953771591186523,,,,,
2025-10-01,9.5,76.5,,,23.05031013488769,,,,,
2025-10-01,17.75,78.5,,,22.406614303588867,,,,,
2025-10-01,20.5,85.5,,,25.147476196289062,,,,,
2025-10-01,22.0,79.0,,,22.5380973815918,,,,,
2025-10-01,26.0,91.75,,,23.2146110534668,,,,,
2025-10-01,26.5,81.0,,,24.18857955932617,,,,,
2025-10-01,27.0,73.0,,,23.501617431640625,,,,,
2025-10-02,9.5,76.5,,,23.45905303955078,,,,,
2025-10-02,17.75,78.5,,,22.91202735900879,,,,,
2025-10-02,20.5,85.5,,,23.943117141723636,,,,,
2025-10-02,22.0,79.0,,,22.574174880981445,,,,,
2025-10-02,26.0,91.75,,,22.44502639770508,,,,,
2025-10-02,26.5,81.0,,,24.03976249694824,,,,,
2025-10-02,27.0,73.0,,,24.190570831298828,,,,,
2025-10-03,9.5,76.5,,,23.46393775939941,,,,,
2025-10-03,17.75,78.5,,,22.80838966369629,,,,,
2025-10-03,20.5,85.5,,,24.43586158752441,,,,,
2025-10-03,22.0,79.0,,,23.565719604492188,,,,,
2025-10-03,26.0,91.75,,,23.0556640625,,,,,
2025-10-03,26.5,81.0,,,24.008522033691406,,,,,
2025-10-03,27.0,73.0,,,24.518146514892575,,,,,
2025-10-04,9.5,76.5,,,23.976701736450195,,,,,
2025-10-04,17.75,78.5,,,23.21990966796875,,,,,
2025-10-04,20.5,85.5,,,24.879135131835938,,,,,
2025-10-04,22.0,79.0,,,23.4825382232666,,,,,
2025-10-04,26.0,91.75,,,23.432104110717773,,,,,
2025-10-04,26.5,81.0,,,23.758560180664062,,,,,
2025-10-04,27.0,73.0,,,23.58785629272461,,,,,
2025-10-05,9.5,76.5,,,23.11705017089844,,,,,
2025-10-05,17.75,78.5,,,23.25927734375,,,,,
2025-10-05,20.5,85.5,,,25.017166137695312,,,,,
2025-10-05,22.0,79.0,,,23.032114028930664,,,,,
2025-10-05,26.0,91.75,,,22.430795669555664,,,,,
2025-10-05,26.5,81.0,,,23.321571350097656,,,,,
2025-10-05,27.0,73.0,,,23.640010833740234,,,,,
2025-10-06,9.5,76.5,,,22.582029342651367,,,,,
2025-10-06,17.75,78.5,,,21.89986991882324,,,,,
2025-10-06,20.5,85.5,,,23.570640563964844,,,,,
2025-10-06,22.0,79.0,,,22.550029754638672,,,,,
2025-10-06,26.0,91.75,,,21.50169944763184,,,,,
2025-10-06,26.5,81.0,,,23.89999389648437,,,,,
2025-10-06,27.0,73.0,,,21.552040100097656,,,,,
2025-10-07,9.5,76.5,,,22.98488426208496,,,,,
2025-10-07,17.75,78.5,,,22.29612159729004,,,,,
2025-10-07,20.5,85.5,,,23.618837356567383,,,,,
2025-10-07,22.0,79.0,,,21.58478546142578,,,,,
2025-10-07,26.0,91.75,,,21.76482582092285,,,,,
2025-10-07,26.5,81.0,,,22.599931716918945,,,,,
2025-10-07,27.0,73.0,,,20.15851783752441,,,,,
2025-10-08,9.5,76.5,,,23.22270774841309,,,,,
2025-10-08,17.75,78.5,,,22.805620193481445,,,,,
2025-10-08,20.5,85.5,,,23.571840286254883,,,,,
2025-10-08,22.0,79.0,,,21.86764335632324,,,,,
2025-10-08,26.0,91.75,,,22.43976402282715,,,,,
2025-10-08,26.5,81.0,,,22.58636283874512,,,,,
2025-10-08,27.0,73.0,,,19.675195693969727,,,,,
2025-10-09,9.5,76.5,,,23.124216079711918,,,,,
2025-10-09,17.75,78.5,,,22.71380424499512,,,,,
2025-10-09,20.5,85.5,,,23.462968826293945,,,,,
2025-10-09,22.0,79.0,,,21.206335067749023,,,,,
2025-10-09,26.0,91.75,,,22.647062301635746,,,,,
2025-10-09,26.5,81.0,,,22.04267120361328,,,,,
2025-10-09,27.0,73.0,,,18.794269561767575,,,,,
2025-10-10,9.5,76.5,,,23.048240661621094,,,,,
2025-10-10,17.75,78.5,,,21.853769302368164,,,,,
2025-10-10,20.5,85.5,,,23.768461227416992,,,,,
2025-10-10,22.0,79.0,,,20.451953887939453,,,,,
2025-10-10,26.0,91.75,,,22.424972534179688,,,,,
2025-10-10,26.5,81.0,,,20.05203056335449,,,,,
2025-10-10,27.0,73.0,,,17.83159637451172,,,,,
2025-10-11,9.5,76.5,,,22.778343200683597,,,,,
2025-10-11,17.75,78.5,,,21.16697120666504,,,,,
2025-10-11,20.5,85.5,,,23.495237350463867,,,,,
2025-10-11,22.0,79.0,,,20.165136337280277,,,,,
2025-10-11,26.0,91.75,,,22.57004737854004,,,,,
2025-10-11,26.5,81.0,,,19.05558013916016,,,,,
2025-10-11,27.0,73.0,,,19.28911590576172,,,,,
2025-10-12,9.5,76.5,,,23.09797477722168,,,,,
2025-10-12,17.75,78.5,,,20.920541763305664,,,,,
2025-10-12,20.5,85.5,,,23.2028751373291,,,,,
2025-10-12,22.0,79.0,,,19.407018661499023,,,,,
2025-10-12,26.0,91.75,,,22.174880981445312,,,,,
2025-10-12,26.5,81.0,,,17.85996437072754,,,,,
2025-10-12,27.0,73.0,,,18.529556274414062,,,,,
2025-10-13,9.5,76.5,,,22.80816650390625,,,,,
2025-10-13,17.75,78.5,,,21.8654899597168,,,,,
2025-10-13,20.5,85.5,,,22.79535675048828,,,,,
2025-10-13,22.0,79.0,,,19.65209197998047,,,,,
2025-10-13,26.0,91.75,,,21.950061798095703,,,,,
2025-10-13,26.5,81.0,,,17.61003303527832,,,,,
2025-10-13,27.0,73.0,,,18.204517364501957,,,,,
2025-10-14,9.5,76.5,,,23.18854331970215,,,,,
2025-10-14,17.75,78.5,,,22.07558250427246,,,,,
2025-10-14,20.5,85.5,,,22.726713180541992,,,,,
2025-10-14,22.0,79.0,,,19.978626251220703,,,,,
2025-10-14,26.0,91.75,,,21.00834846496582,,,,,
2025-10-14,26.5,81.0,,,17.514892578125,,,,,
2025-10-14,27.0,73.0,,,17.363048553466797,,,,,
2025-10-15,9.5,76.5,,,22.59581756591797,,,,,
2025-10-15,17.75,78.5,,,22.72920227050781,,,,,
2025-10-15,20.5,85.5,,,22.568546295166016,,,,,
2025-10-15,22.0,79.0,,,21.813343048095703,,,,,
2025-10-15,26.0,91.75,,,21.42804908752441,,,,,
2025-10-15,26.5,81.0,,,18.195453643798828,,,,,
2025-10-15,27.0,73.0,,,18.30160903930664,,,,,
2025-10-16,9.5,76.5,,,22.558069229125977,,,,,
2025-10-16,17.75,78.5,,,21.971324920654297,,,,,
2025-10-16,20.5,85.5,,,23.000926971435547,,,,,
2025-10-16,22.0,79.0,,,21.540828704833984,,,,,
2025-10-16,26.0,91.75,,,21.151424407958984,,,,,
2025-10-16,26.5,81.0,,,18.33956718444824,,,,,
2025-10-16,27.0,73.0,,,17.769201278686523,,,,,
2025-10-17,9.5,76.5,,,22.743919372558597,,,,,
2025-10-17,17.75,78.5,,,21.9870548248291,,,,,
2025-10-17,20.5,85.5,,,22.25137710571289,,,,,
2025-10-17,22.0,79.0,,,21.44487190246582,,,,,
2025-10-17,26.0,91.75,,,21.40259552001953,,,,,
2025-10-17,26.5,81.0,,,18.12820625305176,,,,,
2025-10-17,27.0,73.0,,,17.560333251953125,,,,,
2025-10-18,9.5,76.5,,,22.85668563842773,,,,,
2025-10-18,17.75,78.5,,,21.86964988708496,,,,,
2025-10-18,20.5,85.5,,,22.21384048461914,,,,,
2025-10-18,22.0,79.0,,,20.67888069152832,,,,,
2025-10-18,26.0,91.75,,,21.28990364074707,,,,,
2025-10-18,26.5,81.0,,,18.777069091796875,,,,,
2025-10-18,27.0,73.0,,,18.151033401489254,,,,,
2025-10-19,9.5,76.5,,,22.46481704711914,,,,,
2025-10-19,17.75,78.5,,,21.884138107299805,,,,,
2025-10-19,20.5,85.5,,,23.239362716674805,,,,,
2025-10-19,22.0,79.0,,,19.90936088562012,,,,,
2025-10-19,26.0,91.75,,,21.7950439453125,,,,,
2025-10-19,26.5,81.0,,,19.185169219970703,,,,,
2025-10-19,27.0,73.0,,,18.40868759155273,,,,,
2025-10-20,9.5,76.5,,,22.56160926818848,,,,,
2025-10-20,17.75,78.5,,,22.222679138183597,,,,,
2025-10-20,20.5,85.5,,,23.395397186279297,,,,,
2025-10-20,22.0,79.0,,,19.66922378540039,,,,,
2025-10-20,26.0,91.75,,,20.792076110839844,,,,,
2025-10-20,26.5,81.0,,,19.46011734008789,,,,,
2025-10-20,27.0,73.0,,,18.735742568969727,,,,,
2025-10-21,9.5,76.5,,,22.73066711425781,,,,,
2025-10-21,17.75,78.5,,,22.408950805664062,,,,,
2025-10-21,20.5,85.5,,,23.123592376708984,,,,,
2025-10-21,22.0,79.0,,,21.59134101867676,,,,,
2025-10-21,26.0,91.75,,,20.671592712402344,,,,,
2025-10-21,26.5,81.0,,,20.72871398925781,,,,,
2025-10-21,27.0,73.0,,,20.73347282409668,,,,,
2025-10-22,9.5,76.5,,,22.75440788269043,,,,,
2025-10-22,17.75,78.5,,,21.96005249023437,,,,,
2025-10-22,20.5,85.5,,,22.842588424682617,,,,,
2025-10-22,22.0,79.0,,,21.62531280517578,,,,,
2025-10-22,26.0,91.75,,,20.756235122680664,,,,,
2025-10-22,26.5,81.0,,,22.03148078918457,,,,,
2025-10-22,27.0,73.0,,,19.21570205688477,,,,,
2025-10-23,9.5,76.5,,,22.44361686706543,,,,,
2025-10-23,17.75,78.5,,,22.86428451538086,,,,,
2025-10-23,20.5,85.5,,,23.066225051879883,,,,,
2025-10-23,22.0,79.0,,,22.336137771606445,,,,,
2025-10-23,26.0,91.75,,,21.125961303710938,,,,,
2025-10-23,26.5,81.0,,,21.94256591796875,,,,,
2025-10-23,27.0,73.0,,,17.537370681762695,,,,,
2025-10-24,9.5,76.5,,,21.957386016845703,,,,,
2025-10-24,17.75,78.5,,,22.324188232421875,,,,,
2025-10-24,20.5,85.5,,,23.378910064697266,,,,,
2025-10-24,22.0,79.0,,,21.982074737548828,,,,,
2025-10-24,26.0,91.75,,,20.704151153564453,,,,,
2025-10-24,26.5,81.0,,,20.82516860961914,,,,,
2025-10-24,27.0,73.0,,,17.08045768737793,,,,,
2025-10-25,9.5,76.5,,,22.673267364501957,,,,,
2025-10-25,17.75,78.5,,,21.961429595947266,,,,,
2025-10-25,20.5,85.5,,,23.7788028717041,,,,,
2025-10-25,22.0,79.0,,,22.04911422729492,,,,,
2025-10-25,26.0,91.75,,,20.2065372467041,,,,,
2025-10-25,26.5,81.0,,,20.33260726928711,,,,,
2025-10-25,27.0,73.0,,,17.1812744140625,,,,,
2025-10-26,9.5,76.5,,,22.394250869750977,,,,,
2025-10-26,17.75,78.5,,,22.108247756958008,,,,,
2025-10-26,20.5,85.5,,,24.00162696838379,,,,,
2025-10-26,22.0,79.0,,,21.331661224365234,,,,,
2025-10-26,26.0,91.75,,,20.48321914672852,,,,,
2025-10-26,26.5,81.0,,,20.39375686645508,,,,,
2025-10-26,27.0,73.0,,,18.276037216186523,,,,,
2025-10-27,9.5,76.5,,,23.03632926940918,,,,,
2025-10-27,17.75,78.5,,,22.47665023803711,,,,,
2025-10-27,20.5,85.5,,,24.03175544738769,,,,,
2025-10-27,22.0,79.0,,,21.42816162109375,,,,,
2025-10-27,26.0,91.75,,,20.77549362182617,,,,,
2025-10-27,26.5,81.0,,,20.994327545166016,,,,,
2025-10-27,27.0,73.0,,,18.916824340820312,,,,,
2025-10-28,9.5,76.5,,,21.90037727355957,,,,,
2025-10-28,17.75,78.5,,,22.7596378326416,,,,,
2025-10-28,20.5,85.5,,,24.119279861450195,,,,,
2025-10-28,22.0,79.0,,,22.04498672485352,,,,,
2025-10-28,26.0,91.75,,,20.249099731445312,,,,,
2025-10-28,26.5,81.0,,,20.195362091064453,,,,,
2025-10-28,27.0,73.0,,,18.456735610961918,,,,,
2025-10-29,9.5,76.5,,,22.85573005676269,,,,,
2025-10-29,17.75,78.5,,,21.83068084716797,,,,,
2025-10-29,20.5,85.5,,,24.10883903503418,,,,,
2025-10-29,22.0,79.0,,,22.657588958740234,,,,,
2025-10-29,26.0,91.75,,,21.129180908203125,,,,,
2025-10-29,26.5,81.0,,,20.002878189086918,,,,,
2025-10-29,27.0,73.0,,,18.20550537109375,,,,,
2025-10-30,9.5,76.5,,,22.477861404418945,,,,,
2025-10-30,17.75,78.5,,,21.586959838867188,,,,,
2025-10-30,20.5,85.5,,,24.12047004699707,,,,,
2025-10-30,22.0,79.0,,,22.15028190612793,,,,,
2025-10-30,26.0,91.75,,,21.93338203430176,,,,,
2025-10-30,26.5,81.0,,,21.80530548095703,,,,,
2025-10-30,27.0,73.0,,,19.51942443847656,,,,,
2025-10-31,9.5,76.5,,,21.87875747680664,,,,,
2025-10-31,17.75,78.5,,,20.35566711425781,,,,,
2025-10-31,20.5,85.5,,,24.228891372680664,,,,,
2025-10-31,22.0,79.0,,,21.872116088867188,,,,,
2025-10-31,26.0,91.75,,,21.126787185668945,,,,,
2025-10-31,26.5,81.0,,,20.379138946533203,,,,,
2025-10-31,27.0,73.0,,,19.99255752563477,,,,,
2025-11-01,9.5,76.5,,,21.712797164916992,,,,,
2025-11-01,17.75,78.5,,,21.80239486694336,,,,,
2025-11-01,20.5,85.5,,,24.36515998840332,,,,,
2025-11-01,22.0,79.0,,,21.69488525390625,,,,,
2025-11-01,26.0,91.75,,,20.863605499267575,,,,,
2025-11-01,26.5,81.0,,,20.63614845275879,,,,,
2025-11-01,27.0,73.0,,,17.836084365844727,,,,,
2025-11-02,9.5,76.5,,,22.253122329711918,,,,,
2025-11-02,17.75,78.5,,,22.865524291992188,,,,,
2025-11-02,20.5,85.5,,,24.303955078125,,,,,
2025-11-02,22.0,79.0,,,22.54414367675781,,,,,
2025-11-02,26.0,91.75,,,20.3918571472168,,,,,
2025-11-02,26.5,81.0,,,19.54751205444336,,,,,
2025-11-02,27.0,73.0,,,17.043235778808594,,,,,
2025-11-03,9.5,76.5,,,21.87714195251465,,,,,
2025-11-03,17.75,78.5,,,22.75057411193848,,,,,
2025-11-03,20.5,85.5,,,22.85674285888672,,,,,
2025-11-03,22.0,79.0,,,21.081344604492188,,,,,
2025-11-03,26.0,91.75,,,20.03825187683105,,,,,
2025-11-03,26.5,81.0,,,18.106523513793945,,,,,
2025-11-03,27.0,73.0,,,15.97398281097412,,,,,
2025-11-04,9.5,76.5,,,22.72677993774414,,,,,
2025-11-04,17.75,78.5,,,22.780811309814453,,,,,
2025-11-04,20.5,85.5,,,20.89311981201172,,,,,
2025-11-04,22.0,79.0,,,19.811935424804688,,,,,
2025-11-04,26.0,91.75,,,19.555500030517575,,,,,
2025-11-04,26.5,81.0,,,15.930792808532717,,,,,
2025-11-04,27.0,73.0,,,18.736114501953125,,,,,
2025-11-05,9.5,76.5,,,22.973190307617188,,,,,
2025-11-05,17.75,78.5,,,21.97262191772461,,,,,
2025-11-05,20.5,85.5,,,18.161170959472656,,,,,
2025-11-05,22.0,79.0,,,19.433677673339844,,,,,
2025-11-05,26.0,91.75,,,20.210235595703125,,,,,
2025-11-05,26.5,81.0,,,18.13774871826172,,,,,
2025-11-05,27.0,73.0,,,16.750242233276367,,,,,
2025-11-06,9.5,76.5,,,22.818592071533203,,,,,
2025-11-06,17.75,78.5,,,21.47696304321289,,,,,
2025-11-06,20.5,85.5,,,19.75277709960937,,,,,
2025-11-06,22.0,79.0,,,18.624277114868164,,,,,
2025-11-06,26.0,91.75,,,20.506370544433597,,,,,
2025-11-06,26.5,81.0,,,17.59250831604004,,,,,
2025-11-06,27.0,73.0,,,13.480557441711426,,,,,
2025-11-07,9.5,76.5,,,22.026588439941406,,,,,
2025-11-07,17.75,78.5,,,20.33868789672852,,,,,
2025-11-07,20.5,85.5,,,20.500659942626957,,,,,
2025-11-07,22.0,79.0,,,16.057613372802734,,,,,
2025-11-07,26.0,91.75,,,19.25560760498047,,,,,
2025-11-07,26.5,81.0,,,14.034225463867188,,,,,
2025-11-07,27.0,73.0,,,11.666202545166016,,,,,
2025-11-08,9.5,76.5,,,22.947132110595703,,,,,
2025-11-08,17.75,78.5,,,18.555776596069336,,,,,
2025-11-08,20.5,85.5,,,19.46383476257324,,,,,
2025-11-08,22.0,79.0,,,14.56899070739746,,,,,
2025-11-08,26.0,91.75,,,18.808652877807617,,,,,
2025-11-08,26.5,81.0,,,13.080327987670898,,,,,
2025-11-08,27.0,73.0,,,11.72504711151123,,,,,
2025-11-09,9.5,76.5,,,22.20829391479492,,,,,
2025-11-09,17.75,78.5,,,16.855104446411133,,,,,
2025-11-09,20.5,85.5,,,17.66663360595703,,,,,
2025-11-09,22.0,79.0,,,13.354863166809082,,,,,
2025-11-09,26.0,91.75,,,17.635560989379883,,,,,
2025-11-09,26.5,81.0,,,12.257877349853516,,,,,
2025-11-09,27.0,73.0,,,11.536892890930176,,,,,
2025-11-10,9.5,76.5,,,22.3582706451416,,,,,
2025-11-10,17.75,78.5,,,15.645933151245115,,,,,
2025-11-10,20.5,85.5,,,16.720129013061523,,,,,
2025-11-10,22.0,79.0,,,12.004312515258787,,,,,
2025-11-10,26.0,91.75,,,16.99365997314453,,,,,
2025-11-10,26.5,81.0,,,11.544869422912598,,,,,
2025-11-10,27.0,73.0,,,12.109060287475586,,,,,
2025-11-11,9.5,76.5,,,22.904359817504883,,,,,
2025-11-11,17.75,78.5,,,16.691665649414062,,,,,
2025-11-11,20.5,85.5,,,16.551509857177734,,,,,
2025-11-11,22.0,79.0,,,11.75302505493164,,,,,
2025-11-11,26.0,91.75,,,16.87416648864746,,,,,
2025-11-11,26.5,81.0,,,11.022382736206056,,,,,
2025-11-11,27.0,73.0,,,11.898442268371582,,,,,
2025-11-12,9.5,76.5,,,22.841827392578125,,,,,
2025-11-12,17.75,78.5,,,16.401363372802734,,,,,
2025-11-12,20.5,85.5,,,15.498421669006348,,,,,
2025-11-12,22.0,79.0,,,11.481658935546877,,,,,
2025-11-12,26.0,91.75,,,15.83497142791748,,,,,
2025-11-12,26.5,81.0,,,10.94904899597168,,,,,
2025-11-12,27.0,73.0,,,12.014204978942873,,,,,
2025-11-13,9.5,76.5,,,22.572132110595703,,,,,
2025-11-13,17.75,78.5,,,15.733758926391602,,,,,
2025-11-13,20.5,85.5,,,14.810592651367188,,,,,
2025-11-13,22.0,79.0,,,11.122288703918455,,,,,
2025-11-13,26.0,91.75,,,15.6337890625,,,,,
2025-11-13,26.5,81.0,,,10.47713565826416,,,,,
2025-11-13,27.0,73.0,,,12.154545783996582,,,,,
2025-11-14,9.5,76.5,,,22.77298927307129,,,,,
2025-11-14,17.75,78.5,,,14.365325927734377,,,,,
2025-11-14,20.5,85.5,,,14.707094192504885,,,,,
2025-11-14,22.0,79.0,,,11.284509658813477,,,,,
2025-11-14,26.0,91.75,,,15.652650833129885,,,,,
2025-11-14,26.5,81.0,,,10.325102806091309,,,,,
2025-11-14,27.0,73.0,,,10.697765350341797,,,,,
2025-11-15,9.5,76.5,,,21.90478515625,,,,,
2025-11-15,17.75,78.5,,,13.959546089172363,,,,,
2025-11-15,20.5,85.5,,,14.335018157958984,,,,,
2025-11-15,22.0,79.0,,,11.135127067565918,,,,,
2025-11-15,26.0,91.75,,,14.06418514251709,,,,,
2025-11-15,26.5,81.0,,,9.66777801513672,,,,,
2025-11-15,27.0,73.0,,,10.522403717041016,,,,,
2025-11-16,9.5,76.5,,,22.03202247619629,,,,,
2025-11-16,17.75,78.5,,,14.528841018676758,,,,,
2025-11-16,20.5,85.5,,,13.969793319702148,,,,,
2025-11-16,22.0,79.0,,,9.872629165649414,,,,,
2025-11-16,26.0,91.75,,,14.39076805114746,,,,,
2025-11-16,26.5,81.0,,,9.884629249572754,,,,,
2025-11-16,27.0,73.0,,,9.57335090637207,,,,,
2025-11-17,9.5,76.5,,,23.02976417541504,,,,,
2025-11-17,17.75,78.5,,,12.978328704833984,,,,,
2025-11-17,20.5,85.5,,,13.7275972366333,,,,,
2025-11-17,22.0,79.0,,,9.2367582321167,,,,,
2025-11-17,26.0,91.75,,,14.37132167816162,,,,,
2025-11-17,26.5,81.0,,,10.389799118041992,,,,,
2025-11-17,27.0,73.0,,,10.281973838806152,,,,,
2025-11-18,9.5,76.5,,,22.294801712036133,,,,,
2025-11-18,17.75,78.5,,,13.721132278442385,,,,,
2025-11-18,20.5,85.5,,,14.478270530700684,,,,,
2025-11-18,22.0,79.0,,,9.730648040771484,,,,,
2025-11-18,26.0,91.75,,,13.536136627197266,,,,,
2025-11-18,26.5,81.0,,,10.706676483154297,,,,,
2025-11-18,27.0,73.0,,,10.585664749145508,,,,,
2025-11-19,9.5,76.5,,,21.40314292907715,,,,,
2025-11-19,17.75,78.5,,,14.487401008605955,,,,,
2025-11-19,20.5,85.5,,,15.4066743850708,,,,,
2025-11-19,22.0,79.0,,,10.425653457641602,,,,,
2025-11-19,26.0,91.75,,,14.529720306396484,,,,,
2025-11-19,26.5,81.0,,,11.743382453918455,,,,,
2025-11-19,27.0,73.0,,,10.08156394958496,,,,,
2025-11-20,9.5,76.5,,,22.11002540588379,,,,,
2025-11-20,17.75,78.5,,,13.634934425354004,,,,,
2025-11-20,20.5,85.5,,,17.49925994873047,,,,,
2025-11-20,22.0,79.0,,,10.89924144744873,,,,,
2025-11-20,26.0,91.75,,,14.84500503540039,,,,,
2025-11-20,26.5,81.0,,,12.24752426147461,,,,,
2025-11-20,27.0,73.0,,,11.309164047241213,,,,,
2025-11-21,9.5,76.5,,,22.92008209228516,,,,,
2025-11-21,17.75,78.5,,,15.6715087890625,,,,,
2025-11-21,20.5,85.5,,,18.58821678161621,,,,,
2025-11-21,22.0,79.0,,,11.604375839233398,,,,,
2025-11-21,26.0,91.75,,,14.364862442016602,,,,,
2025-11-21,26.5,81.0,,,13.03074073791504,,,,,
2025-11-21,27.0,73.0,,,11.456792831420898,,,,,
2025-11-22,9.5,76.5,,,23.049097061157227,,,,,
2025-11-22,17.75,78.5,,,18.82271194458008,,,,,
2025-11-22,20.5,85.5,,,18.507862091064453,,,,,
2025-11-22,22.0,79.0,,,12.196544647216797,,,,,
2025-11-22,26.0,91.75,,,15.361488342285156,,,,,
2025-11-22,26.5,81.0,,,13.104223251342772,,,,,
2025-11-22,27.0,73.0,,,11.135157585144045,,,,,
2025-11-23,9.5,76.5,,,22.295804977416992,,,,,
2025-11-23,17.75,78.5,,,18.82484245300293,,,,,
2025-11-23,20.5,85.5,,,18.85308074951172,,,,,
2025-11-23,22.0,79.0,,,13.311807632446287,,,,,
2025-11-23,26.0,91.75,,,14.177501678466797,,,,,
2025-11-23,26.5,81.0,,,12.459442138671877,,,,,
2025-11-23,27.0,73.0,,,10.71338176727295,,,,,
2025-11-24,9.5,76.5,,,21.659034729003903,,,,,
2025-11-24,17.75,78.5,,,18.752269744873047,,,,,
2025-11-24,20.5,85.5,,,18.29793357849121,,,,,
2025-11-24,22.0,79.0,,,15.218403816223145,,,,,
2025-11-24,26.0,91.75,,,13.53442668914795,,,,,
2025-11-24,26.5,81.0,,,11.489974975585938,,,,,
2025-11-24,27.0,73.0,,,11.141684532165527,,,,,
2025-11-25,9.5,76.5,,,22.23395538330078,,,,,
2025-11-25,17.75,78.5,,,18.195106506347656,,,,,
2025-11-25,20.5,85.5,,,16.9493408203125,,,,,
2025-11-25,22.0,79.0,,,15.912723541259766,,,,,
2025-11-25,26.0,91.75,,,13.193462371826172,,,,,
2025-11-25,26.5,81.0,,,10.999456405639648,,,,,
2025-11-25,27.0,73.0,,,11.01895809173584,,,,,
2025-11-26,9.5,76.5,,,22.53737449645996,,,,,
2025-11-26,17.75,78.5,,,17.088014602661133,,,,,
2025-11-26,20.5,85.5,,,15.946271896362305,,,,,
2025-11-26,22.0,79.0,,,16.123092651367188,,,,,
2025-11-26,26.0,91.75,,,13.52275562286377,,,,,
2025-11-26,26.5,81.0,,,9.72213649749756,,,,,
2025-11-26,27.0,73.0,,,10.01901626586914,,,,,
2025-11-27,9.5,76.5,,,21.713912963867188,,,,,
2025-11-27,17.75,78.5,,,16.670265197753906,,,,,
2025-11-27,20.5,85.5,,,14.128812789916992,,,,,
2025-11-27,22.0,79.0,,,15.118486404418944,,,,,
2025-11-27,26.0,91.75,,,13.32569408416748,,,,,
2025-11-27,26.5,81.0,,,10.605405807495115,,,,,
2025-11-27,27.0,73.0,,,12.653879165649414,,,,,
2025-11-28,9.5,76.5,,,20.683504104614254,,,,,
2025-11-28,17.75,78.5,,,16.028438568115234,,,,,
2025-11-28,20.5,85.5,,,14.088638305664062,,,,,
2025-11-28,22.0,79.0,,,11.976634979248049,,,,,
2025-11-28,26.0,91.75,,,13.102438926696776,,,,,
2025-11-28,26.5,81.0,,,9.486726760864258,,,,,
2025-11-28,27.0,73.0,,,12.879874229431152,,,,,
2025-11-29,9.5,76.5,,,20.184410095214844,,,,,
2025-11-29,17.75,78.5,,,14.150758743286133,,,,,
2025-11-29,20.5,85.5,,,15.651140213012695,,,,,
2025-11-29,22.0,79.0,,,9.911367416381836,,,,,
2025-11-29,26.0,91.75,,,12.536994934082031,,,,,
2025-11-29,26.5,81.0,,,10.034791946411133,,,,,
2025-11-29,27.0,73.0,,,12.597847938537598,,,,,
2025-11-30,9.5,76.5,,,20.023080825805664,,,,,
2025-11-30,17.75,78.5,,,16.472335815429688,,,,,
2025-11-30,20.5,85.5,,,16.432039260864258,,,,,
2025-11-30,22.0,79.0,,,10.3180513381958,,,,,
2025-11-30,26.0,91.75,,,13.328588485717772,,,,,
2025-11-30,26.5,81.0,,,10.792988777160645,,,,,
2025-11-30,27.0,73.0,,,11.14956760406494,,,,,
2025-12-01,9.5,76.5,,,22.567834854125977,,,,,
2025-12-01,17.75,78.5,,,18.248241424560547,,,,,
2025-12-01,20.5,85.5,,,16.89322280883789,,,,,
2025-12-01,22.0,79.0,,,11.533746719360352,,,,,
2025-12-01,26.0,91.75,,,13.569087982177734,,,,,
2025-12-01,26.5,81.0,,,10.013813972473145,,,,,
2025-12-01,27.0,73.0,,,11.045276641845703,,,,,
2025-12-02,9.5,76.5,,,22.69914436340332,,,,,
2025-12-02,17.75,78.5,,,17.120210647583008,,,,,
2025-12-02,20.5,85.5,,,17.12271499633789,,,,,
2025-12-02,22.0,79.0,,,11.19871711730957,,,,,
2025-12-02,26.0,91.75,,,13.44345474243164,,,,,
2025-12-02,26.5,81.0,,,9.366358757019045,,,,,
2025-12-02,27.0,73.0,,,10.68061637878418,,,,,
2025-12-03,9.5,76.5,,,22.954326629638672,,,,,
2025-12-03,17.75,78.5,,,16.97283172607422,,,,,
2025-12-03,20.5,85.5,,,15.970501899719238,,,,,
2025-12-03,22.0,79.0,,,10.842662811279297,,,,,
2025-12-03,26.0,91.75,,,12.218622207641602,,,,,
2025-12-03,26.5,81.0,,,10.845046043395996,,,,,
2025-12-03,27.0,73.0,,,9.551823616027832,,,,,
2025-12-04,9.5,76.5,,,22.743093490600582,,,,,
2025-12-04,17.75,78.5,,,19.301328659057617,,,,,
2025-12-04,20.5,85.5,,,15.265545845031738,,,,,
2025-12-04,22.0,79.0,,,10.538860321044922,,,,,
2025-12-04,26.0,91.75,,,12.181190490722656,,,,,
2025-12-04,26.5,81.0,,,9.789527893066406,,,,,
2025-12-04,27.0,73.0,,,8.304028511047363,,,,,
2025-12-05,9.5,76.5,,,22.648107528686523,,,,,
2025-12-05,17.75,78.5,,,17.600378036499023,,,,,
2025-12-05,20.5,85.5,,,14.16526985168457,,,,,
2025-12-05,22.0,79.0,,,10.431148529052734,,,,,
2025-12-05,26.0,91.75,,,11.610325813293455,,,,,
2025-12-05,26.5,81.0,,,7.400743961334228,,,,,
2025-12-05,27.0,73.0,,,8.286652565002441,,,,,
2025-12-06,9.5,76.5,,,22.86673355102539,,,,,
2025-12-06,17.75,78.5,,,15.35561466217041,,,,,
2025-12-06,20.5,85.5,,,12.913189888000488,,,,,
2025-12-06,22.0,79.0,,,8.55392074584961,,,,,
2025-12-06,26.0,91.75,,,11.336172103881836,,,,,
2025-12-06,26.5,81.0,,,7.278260231018066,,,,,
2025-12-06,27.0,73.0,,,8.045040130615234,,,,,
2025-12-07,9.5,76.5,,,22.521337509155277,,,,,
2025-12-07,17.75,78.5,,,15.412637710571287,,,,,
2025-12-07,20.5,85.5,,,12.304402351379396,,,,,
2025-12-07,22.0,79.0,,,8.92317008972168,,,,,
2025-12-07,26.0,91.75,,,10.921520233154297,,,,,
2025-12-07,26.5,81.0,,,8.972101211547852,,,,,
2025-12-07,27.0,73.0,,,9.357083320617676,,,,,
2025-12-08,9.5,76.5,,,21.7745304107666,,,,,
2025-12-08,17.75,78.5,,,13.32499885559082,,,,,
2025-12-08,20.5,85.5,,,12.682137489318848,,,,,
2025-12-08,22.0,79.0,,,8.446833610534668,,,,,
2025-12-08,26.0,91.75,,,11.03122901916504,,,,,
2025-12-08,26.5,81.0,,,9.009014129638672,,,,,
2025-12-08,27.0,73.0,,,10.012725830078123,,,,,
2025-12-09,9.5,76.5,,,20.620458602905277,,,,,
2025-12-09,17.75,78.5,,,12.725749969482422,,,,,
2025-12-09,20.5,85.5,,,13.40088939666748,,,,,
2025-12-09,22.0,79.0,,,8.40610122680664,,,,,
2025-12-09,26.0,91.75,,,10.918058395385742,,,,,
2025-12-09,26.5,81.0,,,8.936773300170898,,,,,
2025-12-09,27.0,73.0,,,9.034272193908691,,,,,
2025-12-10,9.5,76.5,,,22.369516372680664,,,,,
2025-12-10,17.75,78.5,,,12.384326934814451,,,,,
2025-12-10,20.5,85.5,,,13.035893440246582,,,,,
2025-12-10,22.0,79.0,,,8.156303405761719,,,,,
2025-12-10,26.0,91.75,,,10.368484497070312,,,,,
2025-12-10,26.5,81.0,,,8.257375717163086,,,,,
2025-12-10,27.0,73.0,,,9.374101638793944,,,,,
2025-12-11,9.5,76.5,,,21.28543281555176,,,,,
2025-12-11,17.75,78.5,,,11.119781494140623,,,,,
2025-12-11,20.5,85.5,,,11.98731803894043,,,,,
2025-12-11,22.0,79.0,,,7.91445779800415,,,,,
2025-12-11,26.0,91.75,,,9.346163749694824,,,,,
2025-12-11,26.5,81.0,,,8.462932586669922,,,,,
2025-12-11,27.0,73.0,,,9.161081314086914,,,,,
2025-12-12,9.5,76.5,,,21.446252822875977,,,,,
2025-12-12,17.75,78.5,,,10.445030212402344,,,,,
2025-12-12,20.5,85.5,,,11.93320369720459,,,,,
2025-12-12,22.0,79.0,,,8.286972999572754,,,,,
2025-12-12,26.0,91.75,,,9.356017112731934,,,,,
2025-12-12,26.5,81.0,,,8.458192825317383,,,,,
2025-12-12,27.0,73.0,,,9.728675842285156,,,,,
2025-12-13,9.5,76.5,,,21.334625244140625,,,,,
2025-12-13,17.75,78.5,,,11.079484939575195,,,,,
2025-12-13,20.5,85.5,,,12.266633987426758,,,,,
2025-12-13,22.0,79.0,,,8.7672758102417,,,,,
2025-12-13,26.0,91.75,,,10.19480800628662,,,,,
2025-12-13,26.5,81.0,,,8.812776565551758,,,,,
2025-12-13,27.0,73.0,,,10.269536972045898,,,,,
2025-12-14,9.5,76.5,,,19.93416404724121,,,,,
2025-12-14,17.75,78.5,,,12.208911895751951,,,,,
2025-12-14,20.5,85.5,,,12.628284454345703,,,,,
2025-12-14,22.0,79.0,,,8.367606163024902,,,,,
2025-12-14,26.0,91.75,,,9.876394271850586,,,,,
2025-12-14,26.5,81.0,,,9.238112449645996,,,,,
2025-12-14,27.0,73.0,,,10.791963577270508,,,,,
2025-12-15,9.5,76.5,,,19.14295768737793,,,,,
2025-12-15,17.75,78.5,,,13.14129638671875,,,,,
2025-12-15,20.5,85.5,,,13.19788932800293,,,,,
2025-12-15,22.0,79.0,,,8.290313720703125,,,,,
2025-12-15,26.0,91.75,,,10.692611694335938,,,,,
2025-12-15,26.5,81.0,,,9.189980506896973,,,,,
2025-12-15,27.0,73.0,,,10.027830123901367,,,,,
2025-12-16,9.5,76.5,,,20.29070281982422,,,,,
2025-12-16,17.75,78.5,,,12.719974517822266,,,,,
2025-12-16,20.5,85.5,,,14.003850936889648,,,,,
2025-12-16,22.0,79.0,,,8.647601127624512,,,,,
2025-12-16,26.0,91.75,,,10.427648544311523,,,,,
2025-12-16,26.5,81.0,,,9.504287719726562,,,,,
2025-12-16,27.0,73.0,,,9.550460815429688,,,,,
2025-12-17,9.5,76.5,,,22.03986167907715,,,,,
2025-12-17,17.75,78.5,,,13.741840362548828,,,,,
2025-12-17,20.5,85.5,,,13.76064682006836,,,,,
2025-12-17,22.0,79.0,,,8.453336715698242,,,,,
2025-12-17,26.0,91.75,,,10.569205284118652,,,,,
2025-12-17,26.5,81.0,,,9.082235336303713,,,,,
2025-12-17,27.0,73.0,,,8.584919929504395,,,,,
2025-12-18,9.5,76.5,,,20.382200241088867,,,,,
2025-12-18,17.75,78.5,,,12.073772430419922,,,,,
2025-12-18,20.5,85.5,,,14.02834129333496,,,,,
2025-12-18,22.0,79.0,,,8.726603507995605,,,,,
2025-12-18,26.0,91.75,,,10.762176513671877,,,,,
2025-12-18,26.5,81.0,,,10.575128555297852,,,,,
2025-12-18,27.0,73.0,,,9.197393417358398,,,,,
2025-12-19,9.5,76.5,,,19.970613479614254,,,,,
2025-12-19,17.75,78.5,,,11.3892822265625,,,,,
2025-12-19,20.5,85.5,,,14.163543701171877,,,,,
2025-12-19,22.0,79.0,,,8.824339866638184,,,,,
2025-12-19,26.0,91.75,,,11.005500793457031,,,,,
2025-12-19,26.5,81.0,,,11.109885215759276,,,,,
2025-12-19,27.0,73.0,,,9.523774147033691,,,,,
2025-12-20,9.5,76.5,,,18.77687263488769,,,,,
2025-12-20,17.75,78.5,,,10.871097564697266,,,,,
2025-12-20,20.5,85.5,,,14.803101539611816,,,,,
2025-12-20,22.0,79.0,,,8.019587516784668,,,,,
2025-12-20,26.0,91.75,,,11.423686027526855,,,,,
2025-12-20,26.5,81.0,,,9.555743217468262,,,,,
2025-12-20,27.0,73.0,,,9.431528091430664,,,,,
2025-12-21,9.5,76.5,,,18.59553337097168,,,,,
2025-12-21,17.75,78.5,,,11.419896125793455,,,,,
2025-12-21,20.5,85.5,,,14.178975105285645,,,,,
2025-12-21,22.0,79.0,,,8.305980682373047,,,,,
2025-12-21,26.0,91.75,,,11.289295196533203,,,,,
2025-12-21,26.5,81.0,,,9.34349250793457,,,,,
2025-12-21,27.0,73.0,,,12.788082122802734,,,,,
2025-12-22,9.5,76.5,,,20.00560569763184,,,,,
2025-12-22,17.75,78.5,,,12.62017059326172,,,,,
2025-12-22,20.5,85.5,,,13.993042945861816,,,,,
2025-12-22,22.0,79.0,,,8.949220657348633,,,,,
2025-12-22,26.0,91.75,,,11.247512817382812,,,,,
2025-12-22,26.5,81.0,,,8.578335762023926,,,,,
2025-12-22,27.0,73.0,,,12.335176467895508,,,,,
2025-12-23,9.5,76.5,,,19.447864532470703,,,,,
2025-12-23,17.75,78.5,,,12.588593482971191,,,,,
2025-12-23,20.5,85.5,,,13.987714767456056,,,,,
2025-12-23,22.0,79.0,,,9.272960662841797,,,,,
2025-12-23,26.0,91.75,,,11.743178367614746,,,,,
2025-12-23,26.5,81.0,,,9.544191360473633,,,,,
2025-12-23,27.0,73.0,,,12.084983825683594,,,,,
2025-12-24,9.5,76.5,,,20.14264678955078,,,,,
2025-12-24,17.75,78.5,,,12.372488975524902,,,,,
2025-12-24,20.5,85.5,,,13.601049423217772,,,,,
2025-12-24,22.0,79.0,,,10.25210952758789,,,,,
2025-12-24,26.0,91.75,,,12.88726043701172,,,,,
2025-12-24,26.5,81.0,,,10.92844009399414,,,,,
2025-12-24,27.0,73.0,,,9.141447067260742,,,,,
2025-12-25,9.5,76.5,,,20.0247802734375,,,,,
2025-12-25,17.75,78.5,,,12.324625015258787,,,,,
2025-12-25,20.5,85.5,,,13.920273780822754,,,,,
2025-12-25,22.0,79.0,,,9.665802001953123,,,,,
2025-12-25,26.0,91.75,,,11.806382179260254,,,,,
2025-12-25,26.5,81.0,,,8.845084190368652,,,,,
2025-12-25,27.0,73.0,,,7.851340293884277,,,,,
2025-12-26,9.5,76.5,,,20.04816436767578,,,,,
2025-12-26,17.75,78.5,,,12.951053619384766,,,,,
2025-12-26,20.5,85.5,,,13.726311683654783,,,,,
2025-12-26,22.0,79.0,,,9.116704940795898,,,,,
2025-12-26,26.0,91.75,,,11.276932716369627,,,,,
2025-12-26,26.5,81.0,,,8.956605911254883,,,,,
2025-12-26,27.0,73.0,,,8.949512481689453,,,,,
2025-12-27,9.5,76.5,,,20.75433158874512,,,,,
2025-12-27,17.75,78.5,,,13.075884819030762,,,,,
2025-12-27,20.5,85.5,,,13.372678756713867,,,,,
2025-12-27,22.0,79.0,,,8.810275077819824,,,,,
2025-12-27,26.0,91.75,,,11.207592010498049,,,,,
2025-12-27,26.5,81.0,,,9.596402168273926,,,,,
2025-12-27,27.0,73.0,,,9.299104690551758,,,,,
2025-12-28,9.5,76.5,,,20.769515991210938,,,,,
2025-12-28,17.75,78.5,,,12.707649230957031,,,,,
2025-12-28,20.5,85.5,,,13.436446189880373,,,,,
2025-12-28,22.0,79.0,,,8.826150894165039,,,,,
2025-12-28,26.0,91.75,,,11.830745697021484,,,,,
2025-12-28,26.5,81.0,,,9.197032928466797,,,,,
2025-12-28,27.0,73.0,,,8.260820388793945,,,,,
2025-12-29,9.5,76.5,,,20.83008575439453,,,,,
2025-12-29,17.75,78.5,,,12.51752471923828,,,,,
2025-12-29,20.5,85.5,,,12.864908218383787,,,,,
2025-12-29,22.0,79.0,,,8.789518356323242,,,,,
2025-12-29,26.0,91.75,,,12.394786834716797,,,,,
2025-12-29,26.5,81.0,,,9.938583374023438,,,,,
2025-12-29,27.0,73.0,,,8.921497344970703,,,,,
2025-12-30,9.5,76.5,,,21.025117874145508,,,,,
2025-12-30,17.75,78.5,,,12.633691787719728,,,,,
2025-12-30,20.5,85.5,,,11.876646995544434,,,,,
2025-12-30,22.0,79.0,,,7.960472106933594,,,,,
2025-12-30,26.0,91.75,,,11.776426315307615,,,,,
2025-12-30,26.5,81.0,,,7.109012126922607,,,,,
2025-12-30,27.0,73.0,,,9.27836799621582,,,,,
2025-12-31,9.5,76.5,,,21.64113044738769,,,,,
2025-12-31,17.75,78.5,,,13.24094581604004,,,,,
2025-12-31,20.5,85.5,,,12.01179313659668,,,,,
2025-12-31,22.0,79.0,,,8.6322021484375,,,,,
2025-12-31,26.0,91.75,,,10.320290565490724,,,,,
2025-12-31,26.5,81.0,,,7.567973613739014,,,,,
2025-12-31,27.0,73.0,,,11.408296585083008,,,,,
