date,region,latitude,longitude,tmax_c,grid_row,grid_col
2025-01-01,Central India,22.0,79.0,25.408740997314453,14,12
2025-01-02,Central India,22.0,79.0,27.513755798339844,14,12
2025-01-03,Central India,22.0,79.0,28.012006759643555,14,12
2025-01-04,Central India,22.0,79.0,28.490861892700195,14,12
2025-01-05,Central India,22.0,79.0,27.23472785949707,14,12
2025-01-06,Central India,22.0,79.0,28.19185447692871,14,12
2025-01-07,Central India,22.0,79.0,25.057296752929688,14,12
2025-01-08,Central India,22.0,79.0,24.938037872314453,14,12
2025-01-09,Central India,22.0,79.0,26.262052536010742,14,12
2025-01-10,Central India,22.0,79.0,26.979896545410156,14,12
2025-01-11,Central India,22.0,79.0,27.447490692138672,14,12
2025-01-12,Central India,22.0,79.0,24.602218627929688,14,12
2025-01-13,Central India,22.0,79.0,22.89881706237793,14,12
2025-01-14,Central India,22.0,79.0,25.061647415161133,14,12
2025-01-15,Central India,22.0,79.0,25.996509552001953,14,12
2025-01-16,Central India,22.0,79.0,26.63808822631836,14,12
2025-01-17,Central India,22.0,79.0,25.572593688964844,14,12
2025-01-18,Central India,22.0,79.0,27.14933967590332,14,12
2025-01-19,Central India,22.0,79.0,28.0885066986084,14,12
2025-01-20,Central India,22.0,79.0,29.03968620300293,14,12
2025-01-21,Central India,22.0,79.0,29.33281707763672,14,12
2025-01-22,Central India,22.0,79.0,30.827133178710938,14,12
2025-01-23,Central India,22.0,79.0,30.101879119873047,14,12
2025-01-24,Central India,22.0,79.0,29.760053634643555,14,12
2025-01-25,Central India,22.0,79.0,29.45572280883789,14,12
2025-01-26,Central India,22.0,79.0,29.544631958007812,14,12
2025-01-27,Central India,22.0,79.0,30.06468963623047,14,12
2025-01-28,Central India,22.0,79.0,30.834644317626953,14,12
2025-01-29,Central India,22.0,79.0,31.416688919067383,14,12
2025-01-30,Central India,22.0,79.0,31.73839569091797,14,12
2025-01-31,Central India,22.0,79.0,31.66421127319336,14,12
2025-02-01,Central India,22.0,79.0,31.5778865814209,14,12
2025-02-02,Central India,22.0,79.0,32.1231689453125,14,12
2025-02-03,Central India,22.0,79.0,32.68022155761719,14,12
2025-02-04,Central India,22.0,79.0,33.80506134033203,14,12
2025-02-05,Central India,22.0,79.0,31.213525772094727,14,12
2025-02-06,Central India,22.0,79.0,27.12954330444336,14,12
2025-02-07,Central India,22.0,79.0,28.475465774536133,14,12
2025-02-08,Central India,22.0,79.0,30.501405715942383,14,12
2025-02-09,Central India,22.0,79.0,32.32599639892578,14,12
2025-02-10,Central India,22.0,79.0,32.61250305175781,14,12
2025-02-11,Central India,22.0,79.0,32.93272018432617,14,12
2025-02-12,Central India,22.0,79.0,32.68634796142578,14,12
2025-02-13,Central India,22.0,79.0,29.439388275146484,14,12
2025-02-14,Central India,22.0,79.0,30.481937408447266,14,12
2025-02-15,Central India,22.0,79.0,32.9538688659668,14,12
2025-02-16,Central India,22.0,79.0,33.61826705932617,14,12
2025-02-17,Central India,22.0,79.0,33.21540069580078,14,12
2025-02-18,Central India,22.0,79.0,33.459869384765625,14,12
2025-02-19,Central India,22.0,79.0,32.394187927246094,14,12
2025-02-20,Central India,22.0,79.0,33.08723831176758,14,12
2025-02-21,Central India,22.0,79.0,33.2351188659668,14,12
2025-02-22,Central India,22.0,79.0,31.287338256835938,14,12
2025-02-23,Central India,22.0,79.0,31.743322372436523,14,12
2025-02-24,Central India,22.0,79.0,31.763916015625,14,12
2025-02-25,Central India,22.0,79.0,31.724130630493164,14,12
2025-02-26,Central India,22.0,79.0,33.041534423828125,14,12
2025-02-27,Central India,22.0,79.0,34.104801177978516,14,12
2025-02-28,Central India,22.0,79.0,34.450897216796875,14,12
2025-03-01,Central India,22.0,79.0,35.297950744628906,14,12
2025-03-02,Central India,22.0,79.0,34.91018295288086,14,12
2025-03-03,Central India,22.0,79.0,34.04649353027344,14,12
2025-03-04,Central India,22.0,79.0,34.17913055419922,14,12
2025-03-05,Central India,22.0,79.0,30.684146881103516,14,12
2025-03-06,Central India,22.0,79.0,31.04958724975586,14,12
2025-03-07,Central India,22.0,79.0,33.40296173095703,14,12
2025-03-08,Central India,22.0,79.0,34.887306213378906,14,12
2025-03-09,Central India,22.0,79.0,34.96833419799805,14,12
2025-03-10,Central India,22.0,79.0,35.461002349853516,14,12
2025-03-11,Central India,22.0,79.0,35.38347244262695,14,12
2025-03-12,Central India,22.0,79.0,37.57130432128906,14,12
2025-03-13,Central India,22.0,79.0,38.32093811035156,14,12
2025-03-14,Central India,22.0,79.0,38.19157028198242,14,12
2025-03-15,Central India,22.0,79.0,38.50074768066406,14,12
2025-03-16,Central India,22.0,79.0,36.586631774902344,14,12
2025-03-17,Central India,22.0,79.0,35.000606536865234,14,12
2025-03-18,Central India,22.0,79.0,35.69139862060547,14,12
2025-03-19,Central India,22.0,79.0,36.35646057128906,14,12
2025-03-20,Central India,22.0,79.0,36.033180236816406,14,12
2025-03-21,Central India,22.0,79.0,34.289207458496094,14,12
2025-03-22,Central India,22.0,79.0,35.510868072509766,14,12
2025-03-23,Central India,22.0,79.0,35.98806381225586,14,12
2025-03-24,Central India,22.0,79.0,35.54442596435547,14,12
2025-03-25,Central India,22.0,79.0,37.038021087646484,14,12
2025-03-26,Central India,22.0,79.0,38.51111602783203,14,12
2025-03-27,Central India,22.0,79.0,39.15306091308594,14,12
2025-03-28,Central India,22.0,79.0,37.981868743896484,14,12
2025-03-29,Central India,22.0,79.0,36.44710922241211,14,12
2025-03-30,Central India,22.0,79.0,37.73628616333008,14,12
2025-03-31,Central India,22.0,79.0,37.68963623046875,14,12
2025-04-01,Central India,22.0,79.0,34.33014678955078,14,12
2025-04-02,Central India,22.0,79.0,32.3018798828125,14,12
2025-04-03,Central India,22.0,79.0,31.926408767700195,14,12
2025-04-04,Central India,22.0,79.0,36.25249481201172,14,12
2025-04-05,Central India,22.0,79.0,38.579158782958984,14,12
2025-04-06,Central India,22.0,79.0,39.97252655029297,14,12
2025-04-07,Central India,22.0,79.0,41.05556869506836,14,12
2025-04-08,Central India,22.0,79.0,40.488441467285156,14,12
2025-04-09,Central India,22.0,79.0,39.68058395385742,14,12
2025-04-10,Central India,22.0,79.0,40.37812042236328,14,12
2025-04-11,Central India,22.0,79.0,40.103946685791016,14,12
2025-04-12,Central India,22.0,79.0,38.19746398925781,14,12
2025-04-13,Central India,22.0,79.0,38.275672912597656,14,12
2025-04-14,Central India,22.0,79.0,38.31766128540039,14,12
2025-04-15,Central India,22.0,79.0,39.13669967651367,14,12
2025-04-16,Central India,22.0,79.0,38.88020706176758,14,12
2025-04-17,Central India,22.0,79.0,39.495975494384766,14,12
2025-04-18,Central India,22.0,79.0,41.263458251953125,14,12
2025-04-19,Central India,22.0,79.0,41.217872619628906,14,12
2025-04-20,Central India,22.0,79.0,40.978694915771484,14,12
2025-04-21,Central India,22.0,79.0,41.54841232299805,14,12
2025-04-22,Central India,22.0,79.0,42.40843200683594,14,12
2025-04-23,Central India,22.0,79.0,42.325443267822266,14,12
2025-04-24,Central India,22.0,79.0,42.06389617919922,14,12
2025-04-25,Central India,22.0,79.0,41.96662902832031,14,12
2025-04-26,Central India,22.0,79.0,39.540985107421875,14,12
2025-04-27,Central India,22.0,79.0,37.8422737121582,14,12
2025-04-28,Central India,22.0,79.0,39.492637634277344,14,12
2025-04-29,Central India,22.0,79.0,40.50926971435547,14,12
2025-04-30,Central India,22.0,79.0,40.24709701538086,14,12
2025-05-01,Central India,22.0,79.0,39.24356460571289,14,12
2025-05-02,Central India,22.0,79.0,39.67155075073242,14,12
2025-05-03,Central India,22.0,79.0,40.40547561645508,14,12
2025-05-04,Central India,22.0,79.0,38.49943542480469,14,12
2025-05-05,Central India,22.0,79.0,37.69842529296875,14,12
2025-05-06,Central India,22.0,79.0,37.41809844970703,14,12
2025-05-07,Central India,22.0,79.0,36.35129165649414,14,12
2025-05-08,Central India,22.0,79.0,35.85452651977539,14,12
2025-05-09,Central India,22.0,79.0,37.569698333740234,14,12
2025-05-10,Central India,22.0,79.0,37.150550842285156,14,12
2025-05-11,Central India,22.0,79.0,37.84815979003906,14,12
2025-05-12,Central India,22.0,79.0,37.08399963378906,14,12
2025-05-13,Central India,22.0,79.0,37.4893913269043,14,12
2025-05-14,Central India,22.0,79.0,38.72085189819336,14,12
2025-05-15,Central India,22.0,79.0,37.373924255371094,14,12
2025-05-16,Central India,22.0,79.0,37.779502868652344,14,12
2025-05-17,Central India,22.0,79.0,38.04633712768555,14,12
2025-05-18,Central India,22.0,79.0,38.48290252685547,14,12
2025-05-19,Central India,22.0,79.0,39.176204681396484,14,12
2025-05-20,Central India,22.0,79.0,39.2456169128418,14,12
2025-05-21,Central India,22.0,79.0,38.233497619628906,14,12
2025-05-22,Central India,22.0,79.0,33.109954833984375,14,12
2025-05-23,Central India,22.0,79.0,34.04975128173828,14,12
2025-05-24,Central India,22.0,79.0,31.72538185119629,14,12
2025-05-25,Central India,22.0,79.0,32.943504333496094,14,12
2025-05-26,Central India,22.0,79.0,35.60872268676758,14,12
2025-05-27,Central India,22.0,79.0,36.622314453125,14,12
2025-05-28,Central India,22.0,79.0,34.02946853637695,14,12
2025-05-29,Central India,22.0,79.0,36.05310821533203,14,12
2025-05-30,Central India,22.0,79.0,34.55338668823242,14,12
2025-05-31,Central India,22.0,79.0,35.558250427246094,14,12
2025-06-01,Central India,22.0,79.0,35.32575607299805,14,12
2025-06-02,Central India,22.0,79.0,36.1503791809082,14,12
2025-06-03,Central India,22.0,79.0,35.02656936645508,14,12
2025-06-04,Central India,22.0,79.0,35.472347259521484,14,12
2025-06-05,Central India,22.0,79.0,36.26389694213867,14,12
2025-06-06,Central India,22.0,79.0,38.752506256103516,14,12
2025-06-07,Central India,22.0,79.0,38.077205657958984,14,12
2025-06-08,Central India,22.0,79.0,40.61033248901367,14,12
2025-06-09,Central India,22.0,79.0,41.1603889465332,14,12
2025-06-10,Central India,22.0,79.0,40.852352142333984,14,12
2025-06-11,Central India,22.0,79.0,39.07509994506836,14,12
2025-06-12,Central India,22.0,79.0,38.686134338378906,14,12
2025-06-13,Central India,22.0,79.0,38.40187072753906,14,12
2025-06-14,Central India,22.0,79.0,38.69424057006836,14,12
2025-06-15,Central India,22.0,79.0,36.674339294433594,14,12
2025-06-16,Central India,22.0,79.0,35.61152648925781,14,12
2025-06-17,Central India,22.0,79.0,34.16791534423828,14,12
2025-06-18,Central India,22.0,79.0,35.13256072998047,14,12
2025-06-19,Central India,22.0,79.0,32.1656379699707,14,12
2025-06-20,Central India,22.0,79.0,29.315834045410156,14,12
2025-06-21,Central India,22.0,79.0,30.99350929260254,14,12
2025-06-22,Central India,22.0,79.0,29.204944610595703,14,12
2025-06-23,Central India,22.0,79.0,28.16905975341797,14,12
2025-06-24,Central India,22.0,79.0,28.093151092529297,14,12
2025-06-25,Central India,22.0,79.0,29.292495727539062,14,12
2025-06-26,Central India,22.0,79.0,28.07406997680664,14,12
2025-06-27,Central India,22.0,79.0,29.522228240966797,14,12
2025-06-28,Central India,22.0,79.0,30.066064834594727,14,12
2025-06-29,Central India,22.0,79.0,26.596845626831055,14,12
2025-06-30,Central India,22.0,79.0,26.58277702331543,14,12
2025-07-01,Central India,22.0,79.0,26.3170108795166,14,12
2025-07-02,Central India,22.0,79.0,28.241313934326172,14,12
2025-07-03,Central India,22.0,79.0,29.64397621154785,14,12
2025-07-04,Central India,22.0,79.0,26.919166564941406,14,12
2025-07-05,Central India,22.0,79.0,27.295969009399414,14,12
2025-07-06,Central India,22.0,79.0,26.925107955932617,14,12
2025-07-07,Central India,22.0,79.0,27.222564697265625,14,12
2025-07-08,Central India,22.0,79.0,26.90655517578125,14,12
2025-07-09,Central India,22.0,79.0,26.460315704345703,14,12
2025-07-10,Central India,22.0,79.0,28.372957229614258,14,12
2025-07-11,Central India,22.0,79.0,29.47999382019043,14,12
2025-07-12,Central India,22.0,79.0,29.511516571044922,14,12
2025-07-13,Central India,22.0,79.0,29.5560302734375,14,12
2025-07-14,Central India,22.0,79.0,30.98641014099121,14,12
2025-07-15,Central India,22.0,79.0,31.23329734802246,14,12
2025-07-16,Central India,22.0,79.0,30.39453887939453,14,12
2025-07-17,Central India,22.0,79.0,28.434871673583984,14,12
2025-07-18,Central India,22.0,79.0,29.47489356994629,14,12
2025-07-19,Central India,22.0,79.0,32.080413818359375,14,12
2025-07-20,Central India,22.0,79.0,31.752363204956055,14,12
2025-07-21,Central India,22.0,79.0,32.46406173706055,14,12
2025-07-22,Central India,22.0,79.0,31.392751693725586,14,12
2025-07-23,Central India,22.0,79.0,30.74225616455078,14,12
2025-07-24,Central India,22.0,79.0,27.599233627319336,14,12
2025-07-25,Central India,22.0,79.0,27.393953323364258,14,12
2025-07-26,Central India,22.0,79.0,27.066076278686523,14,12
2025-07-27,Central India,22.0,79.0,28.146499633789062,14,12
2025-07-28,Central India,22.0,79.0,26.647876739501953,14,12
2025-07-29,Central India,22.0,79.0,25.887237548828125,14,12
2025-07-30,Central India,22.0,79.0,26.981285095214844,14,12
2025-07-31,Central India,22.0,79.0,28.813373565673828,14,12
2025-08-01,Central India,22.0,79.0,29.814863204956055,14,12
2025-08-02,Central India,22.0,79.0,30.547977447509766,14,12
2025-08-03,Central India,22.0,79.0,30.967763900756836,14,12
2025-08-04,Central India,22.0,79.0,32.32834243774414,14,12
2025-08-05,Central India,22.0,79.0,33.33729934692383,14,12
2025-08-06,Central India,22.0,79.0,33.231590270996094,14,12
2025-08-07,Central India,22.0,79.0,32.681671142578125,14,12
2025-08-08,Central India,22.0,79.0,29.453689575195312,14,12
2025-08-09,Central India,22.0,79.0,30.079853057861328,14,12
2025-08-10,Central India,22.0,79.0,31.473878860473633,14,12
2025-08-11,Central India,22.0,79.0,31.271495819091797,14,12
2025-08-12,Central India,22.0,79.0,30.781131744384766,14,12
2025-08-13,Central India,22.0,79.0,27.631160736083984,14,12
2025-08-14,Central India,22.0,79.0,30.458261489868164,14,12
2025-08-15,Central India,22.0,79.0,30.90155792236328,14,12
2025-08-16,Central India,22.0,79.0,29.765567779541016,14,12
2025-08-17,Central India,22.0,79.0,30.90374755859375,14,12
2025-08-18,Central India,22.0,79.0,30.865550994873047,14,12
2025-08-19,Central India,22.0,79.0,29.31831932067871,14,12
2025-08-20,Central India,22.0,79.0,28.64739990234375,14,12
2025-08-21,Central India,22.0,79.0,30.035747528076172,14,12
2025-08-22,Central India,22.0,79.0,29.02128791809082,14,12
2025-08-23,Central India,22.0,79.0,28.236589431762695,14,12
2025-08-24,Central India,22.0,79.0,26.995630264282227,14,12
2025-08-25,Central India,22.0,79.0,28.11831283569336,14,12
2025-08-26,Central India,22.0,79.0,30.32901954650879,14,12
2025-08-27,Central India,22.0,79.0,30.839923858642578,14,12
2025-08-28,Central India,22.0,79.0,30.811649322509766,14,12
2025-08-29,Central India,22.0,79.0,30.38618278503418,14,12
2025-08-30,Central India,22.0,79.0,30.548852920532227,14,12
2025-08-31,Central India,22.0,79.0,29.698963165283203,14,12
2025-09-01,Central India,22.0,79.0,28.978717803955078,14,12
2025-09-02,Central India,22.0,79.0,29.142501831054688,14,12
2025-09-03,Central India,22.0,79.0,28.232383728027344,14,12
2025-09-04,Central India,22.0,79.0,27.765438079833984,14,12
2025-09-05,Central India,22.0,79.0,28.59317398071289,14,12
2025-09-06,Central India,22.0,79.0,29.308263778686523,14,12
2025-09-07,Central India,22.0,79.0,30.624650955200195,14,12
2025-09-08,Central India,22.0,79.0,30.72403335571289,14,12
2025-09-09,Central India,22.0,79.0,31.457271575927734,14,12
2025-09-10,Central India,22.0,79.0,31.591217041015625,14,12
2025-09-11,Central India,22.0,79.0,30.503543853759766,14,12
2025-09-12,Central India,22.0,79.0,30.184011459350586,14,12
2025-09-13,Central India,22.0,79.0,30.528553009033203,14,12
2025-09-14,Central India,22.0,79.0,30.890087127685547,14,12
2025-09-15,Central India,22.0,79.0,30.109359741210938,14,12
2025-09-16,Central India,22.0,79.0,29.4735164642334,14,12
2025-09-17,Central India,22.0,79.0,30.096712112426758,14,12
2025-09-18,Central India,22.0,79.0,30.62736701965332,14,12
2025-09-19,Central India,22.0,79.0,31.449462890625,14,12
2025-09-20,Central India,22.0,79.0,32.398704528808594,14,12
2025-09-21,Central India,22.0,79.0,32.86469268798828,14,12
2025-09-22,Central India,22.0,79.0,32.04731750488281,14,12
2025-09-23,Central India,22.0,79.0,32.413551330566406,14,12
2025-09-24,Central India,22.0,79.0,31.35136604309082,14,12
2025-09-25,Central India,22.0,79.0,29.455257415771484,14,12
2025-09-26,Central India,22.0,79.0,31.69709014892578,14,12
2025-09-27,Central India,22.0,79.0,28.57328987121582,14,12
2025-09-28,Central India,22.0,79.0,28.930728912353516,14,12
2025-09-29,Central India,22.0,79.0,29.90494728088379,14,12
2025-09-30,Central India,22.0,79.0,30.659536361694336,14,12
2025-10-01,Central India,22.0,79.0,30.069089889526367,14,12
2025-10-02,Central India,22.0,79.0,30.663209915161133,14,12
2025-10-03,Central India,22.0,79.0,30.167165756225586,14,12
2025-10-04,Central India,22.0,79.0,30.194387435913086,14,12
2025-10-05,Central India,22.0,79.0,30.311050415039062,14,12
2025-10-06,Central India,22.0,79.0,29.51579475402832,14,12
2025-10-07,Central India,22.0,79.0,30.369712829589844,14,12
2025-10-08,Central India,22.0,79.0,31.071155548095703,14,12
2025-10-09,Central India,22.0,79.0,30.706947326660156,14,12
2025-10-10,Central India,22.0,79.0,29.352346420288086,14,12
2025-10-11,Central India,22.0,79.0,29.63115882873535,14,12
2025-10-12,Central India,22.0,79.0,29.45734977722168,14,12
2025-10-13,Central India,22.0,79.0,30.122350692749023,14,12
2025-10-14,Central India,22.0,79.0,30.310489654541016,14,12
2025-10-15,Central India,22.0,79.0,31.025697708129883,14,12
2025-10-16,Central India,22.0,79.0,31.07979965209961,14,12
2025-10-17,Central India,22.0,79.0,30.709762573242188,14,12
2025-10-18,Central India,22.0,79.0,30.17580223083496,14,12
2025-10-19,Central India,22.0,79.0,30.36475372314453,14,12
2025-10-20,Central India,22.0,79.0,30.788799285888672,14,12
2025-10-21,Central India,22.0,79.0,30.42779541015625,14,12
2025-10-22,Central India,22.0,79.0,31.33519744873047,14,12
2025-10-23,Central India,22.0,79.0,30.89305877685547,14,12
2025-10-24,Central India,22.0,79.0,30.678613662719727,14,12
2025-10-25,Central India,22.0,79.0,28.23959732055664,14,12
2025-10-26,Central India,22.0,79.0,27.557111740112305,14,12
2025-10-27,Central India,22.0,79.0,29.70954132080078,14,12
2025-10-28,Central India,22.0,79.0,27.91072654724121,14,12
2025-10-29,Central India,22.0,79.0,27.39444351196289,14,12
2025-10-30,Central India,22.0,79.0,26.322710037231445,14,12
2025-10-31,Central India,22.0,79.0,27.39597511291504,14,12
2025-11-01,Central India,22.0,79.0,28.989055633544922,14,12
2025-11-02,Central India,22.0,79.0,29.65166473388672,14,12
2025-11-03,Central India,22.0,79.0,30.01326560974121,14,12
2025-11-04,Central India,22.0,79.0,29.9826602935791,14,12
2025-11-05,Central India,22.0,79.0,29.56999969482422,14,12
2025-11-06,Central India,22.0,79.0,29.80150604248047,14,12
2025-11-07,Central India,22.0,79.0,28.805011749267578,14,12
2025-11-08,Central India,22.0,79.0,28.163131713867188,14,12
2025-11-09,Central India,22.0,79.0,27.976940155029297,14,12
2025-11-10,Central India,22.0,79.0,27.84088134765625,14,12
2025-11-11,Central India,22.0,79.0,27.77830696105957,14,12
2025-11-12,Central India,22.0,79.0,27.653900146484375,14,12
2025-11-13,Central India,22.0,79.0,27.259883880615234,14,12
2025-11-14,Central India,22.0,79.0,27.222484588623047,14,12
2025-11-15,Central India,22.0,79.0,26.946075439453125,14,12
2025-11-16,Central India,22.0,79.0,26.72042465209961,14,12
2025-11-17,Central India,22.0,79.0,26.436750411987305,14,12
2025-11-18,Central India,22.0,79.0,26.434370040893555,14,12
2025-11-19,Central India,22.0,79.0,26.54796028137207,14,12
2025-11-20,Central India,22.0,79.0,27.43548011779785,14,12
2025-11-21,Central India,22.0,79.0,28.764942169189453,14,12
2025-11-22,Central India,22.0,79.0,28.84583854675293,14,12
2025-11-23,Central India,22.0,79.0,28.992816925048828,14,12
2025-11-24,Central India,22.0,79.0,28.881103515625,14,12
2025-11-25,Central India,22.0,79.0,28.189910888671875,14,12
2025-11-26,Central India,22.0,79.0,27.65120506286621,14,12
2025-11-27,Central India,22.0,79.0,27.669010162353516,14,12
2025-11-28,Central India,22.0,79.0,26.88297462463379,14,12
2025-11-29,Central India,22.0,79.0,26.633506774902344,14,12
2025-11-30,Central India,22.0,79.0,26.853214263916016,14,12
2025-12-01,Central India,22.0,79.0,26.777116775512695,14,12
2025-12-02,Central India,22.0,79.0,26.491811752319336,14,12
2025-12-03,Central India,22.0,79.0,26.934314727783203,14,12
2025-12-04,Central India,22.0,79.0,26.610990524291992,14,12
2025-12-05,Central India,22.0,79.0,26.233057022094727,14,12
2025-12-06,Central India,22.0,79.0,26.093685150146484,14,12
2025-12-07,Central India,22.0,79.0,27.218164443969727,14,12
2025-12-08,Central India,22.0,79.0,28.407188415527344,14,12
2025-12-09,Central India,22.0,79.0,28.12342643737793,14,12
2025-12-10,Central India,22.0,79.0,27.988903045654297,14,12
2025-12-11,Central India,22.0,79.0,27.656532287597656,14,12
2025-12-12,Central India,22.0,79.0,28.438060760498047,14,12
2025-12-13,Central India,22.0,79.0,28.575641632080078,14,12
2025-12-14,Central India,22.0,79.0,27.697341918945312,14,12
2025-12-15,Central India,22.0,79.0,27.288122177124023,14,12
2025-12-16,Central India,22.0,79.0,28.1674747467041,14,12
2025-12-17,Central India,22.0,79.0,28.76253318786621,14,12
2025-12-18,Central India,22.0,79.0,28.93856430053711,14,12
2025-12-19,Central India,22.0,79.0,27.34878921508789,14,12
2025-12-20,Central India,22.0,79.0,27.109039306640625,14,12
2025-12-21,Central India,22.0,79.0,27.191055297851562,14,12
2025-12-22,Central India,22.0,79.0,26.66759490966797,14,12
2025-12-23,Central India,22.0,79.0,27.799991607666016,14,12
2025-12-24,Central India,22.0,79.0,27.15961456298828,14,12
2025-12-25,Central India,22.0,79.0,26.939409255981445,14,12
2025-12-26,Central India,22.0,79.0,26.691408157348633,14,12
2025-12-27,Central India,22.0,79.0,26.27134895324707,14,12
2025-12-28,Central India,22.0,79.0,26.26470947265625,14,12
2025-12-29,Central India,22.0,79.0,26.968046188354492,14,12
2025-12-30,Central India,22.0,79.0,27.69635009765625,14,12
2025-12-31,Central India,22.0,79.0,27.41333770751953,14,12
2025-01-01,Coastal Odisha,20.5,85.5,26.222007751464844,13,18
2025-01-02,Coastal Odisha,20.5,85.5,26.321460723876953,13,18
2025-01-03,Coastal Odisha,20.5,85.5,26.177427291870117,13,18
2025-01-04,Coastal Odisha,20.5,85.5,26.325971603393555,13,18
2025-01-05,Coastal Odisha,20.5,85.5,26.96869659423828,13,18
2025-01-06,Coastal Odisha,20.5,85.5,26.96391487121582,13,18
2025-01-07,Coastal Odisha,20.5,85.5,28.31785774230957,13,18
2025-01-08,Coastal Odisha,20.5,85.5,26.88151741027832,13,18
2025-01-09,Coastal Odisha,20.5,85.5,26.1617431640625,13,18
2025-01-10,Coastal Odisha,20.5,85.5,26.25002098083496,13,18
2025-01-11,Coastal Odisha,20.5,85.5,26.65828514099121,13,18
2025-01-12,Coastal Odisha,20.5,85.5,27.10881233215332,13,18
2025-01-13,Coastal Odisha,20.5,85.5,28.133106231689453,13,18
2025-01-14,Coastal Odisha,20.5,85.5,27.293245315551758,13,18
2025-01-15,Coastal Odisha,20.5,85.5,26.957176208496094,13,18
2025-01-16,Coastal Odisha,20.5,85.5,26.97593116760254,13,18
2025-01-17,Coastal Odisha,20.5,85.5,26.710439682006836,13,18
2025-01-18,Coastal Odisha,20.5,85.5,27.34217643737793,13,18
2025-01-19,Coastal Odisha,20.5,85.5,28.469926834106445,13,18
2025-01-20,Coastal Odisha,20.5,85.5,29.862245559692383,13,18
2025-01-21,Coastal Odisha,20.5,85.5,30.576580047607422,13,18
2025-01-22,Coastal Odisha,20.5,85.5,31.01103973388672,13,18
2025-01-23,Coastal Odisha,20.5,85.5,31.113088607788086,13,18
2025-01-24,Coastal Odisha,20.5,85.5,29.99386215209961,13,18
2025-01-25,Coastal Odisha,20.5,85.5,28.964061737060547,13,18
2025-01-26,Coastal Odisha,20.5,85.5,27.976123809814453,13,18
2025-01-27,Coastal Odisha,20.5,85.5,28.542959213256836,13,18
2025-01-28,Coastal Odisha,20.5,85.5,29.334739685058594,13,18
2025-01-29,Coastal Odisha,20.5,85.5,30.26945686340332,13,18
2025-01-30,Coastal Odisha,20.5,85.5,30.88489532470703,13,18
2025-01-31,Coastal Odisha,20.5,85.5,31.52983283996582,13,18
2025-02-01,Coastal Odisha,20.5,85.5,31.458969116210938,13,18
2025-02-02,Coastal Odisha,20.5,85.5,32.52983093261719,13,18
2025-02-03,Coastal Odisha,20.5,85.5,31.861286163330078,13,18
2025-02-04,Coastal Odisha,20.5,85.5,31.87213134765625,13,18
2025-02-05,Coastal Odisha,20.5,85.5,32.94436264038086,13,18
2025-02-06,Coastal Odisha,20.5,85.5,31.83930206298828,13,18
2025-02-07,Coastal Odisha,20.5,85.5,30.940956115722656,13,18
2025-02-08,Coastal Odisha,20.5,85.5,30.665096282958984,13,18
2025-02-09,Coastal Odisha,20.5,85.5,31.020492553710938,13,18
2025-02-10,Coastal Odisha,20.5,85.5,32.243839263916016,13,18
2025-02-11,Coastal Odisha,20.5,85.5,32.911434173583984,13,18
2025-02-12,Coastal Odisha,20.5,85.5,33.5850715637207,13,18
2025-02-13,Coastal Odisha,20.5,85.5,33.05137634277344,13,18
2025-02-14,Coastal Odisha,20.5,85.5,31.346115112304688,13,18
2025-02-15,Coastal Odisha,20.5,85.5,32.10968017578125,13,18
2025-02-16,Coastal Odisha,20.5,85.5,33.96695327758789,13,18
2025-02-17,Coastal Odisha,20.5,85.5,33.82510757446289,13,18
2025-02-18,Coastal Odisha,20.5,85.5,33.329471588134766,13,18
2025-02-19,Coastal Odisha,20.5,85.5,32.772125244140625,13,18
2025-02-20,Coastal Odisha,20.5,85.5,31.45001792907715,13,18
2025-02-21,Coastal Odisha,20.5,85.5,32.140384674072266,13,18
2025-02-22,Coastal Odisha,20.5,85.5,32.32141876220703,13,18
2025-02-23,Coastal Odisha,20.5,85.5,32.00306701660156,13,18
2025-02-24,Coastal Odisha,20.5,85.5,31.849647521972656,13,18
2025-02-25,Coastal Odisha,20.5,85.5,32.2745475769043,13,18
2025-02-26,Coastal Odisha,20.5,85.5,32.29887008666992,13,18
2025-02-27,Coastal Odisha,20.5,85.5,32.83395004272461,13,18
2025-02-28,Coastal Odisha,20.5,85.5,33.95469665527344,13,18
2025-03-01,Coastal Odisha,20.5,85.5,35.29212951660156,13,18
2025-03-02,Coastal Odisha,20.5,85.5,35.08683776855469,13,18
2025-03-03,Coastal Odisha,20.5,85.5,34.51573944091797,13,18
2025-03-04,Coastal Odisha,20.5,85.5,35.3505859375,13,18
2025-03-05,Coastal Odisha,20.5,85.5,34.336814880371094,13,18
2025-03-06,Coastal Odisha,20.5,85.5,32.84116744995117,13,18
2025-03-07,Coastal Odisha,20.5,85.5,32.502296447753906,13,18
2025-03-08,Coastal Odisha,20.5,85.5,33.8603401184082,13,18
2025-03-09,Coastal Odisha,20.5,85.5,34.05317687988281,13,18
2025-03-10,Coastal Odisha,20.5,85.5,33.95502471923828,13,18
2025-03-11,Coastal Odisha,20.5,85.5,34.92620086669922,13,18
2025-03-12,Coastal Odisha,20.5,85.5,35.82286834716797,13,18
2025-03-13,Coastal Odisha,20.5,85.5,36.973175048828125,13,18
2025-03-14,Coastal Odisha,20.5,85.5,37.439857482910156,13,18
2025-03-15,Coastal Odisha,20.5,85.5,37.89631652832031,13,18
2025-03-16,Coastal Odisha,20.5,85.5,36.85137176513672,13,18
2025-03-17,Coastal Odisha,20.5,85.5,35.76104736328125,13,18
2025-03-18,Coastal Odisha,20.5,85.5,35.338623046875,13,18
2025-03-19,Coastal Odisha,20.5,85.5,35.8581428527832,13,18
2025-03-20,Coastal Odisha,20.5,85.5,35.32392883300781,13,18
2025-03-21,Coastal Odisha,20.5,85.5,33.06356430053711,13,18
2025-03-22,Coastal Odisha,20.5,85.5,28.363739013671875,13,18
2025-03-23,Coastal Odisha,20.5,85.5,30.323455810546875,13,18
2025-03-24,Coastal Odisha,20.5,85.5,32.720672607421875,13,18
2025-03-25,Coastal Odisha,20.5,85.5,34.28789520263672,13,18
2025-03-26,Coastal Odisha,20.5,85.5,35.262046813964844,13,18
2025-03-27,Coastal Odisha,20.5,85.5,36.5136604309082,13,18
2025-03-28,Coastal Odisha,20.5,85.5,37.88475799560547,13,18
2025-03-29,Coastal Odisha,20.5,85.5,36.967777252197266,13,18
2025-03-30,Coastal Odisha,20.5,85.5,35.79285430908203,13,18
2025-03-31,Coastal Odisha,20.5,85.5,36.41875076293945,13,18
2025-04-01,Coastal Odisha,20.5,85.5,35.677284240722656,13,18
2025-04-02,Coastal Odisha,20.5,85.5,35.006473541259766,13,18
2025-04-03,Coastal Odisha,20.5,85.5,34.63616943359375,13,18
2025-04-04,Coastal Odisha,20.5,85.5,33.49481964111328,13,18
2025-04-05,Coastal Odisha,20.5,85.5,37.035987854003906,13,18
2025-04-06,Coastal Odisha,20.5,85.5,37.09278869628906,13,18
2025-04-07,Coastal Odisha,20.5,85.5,35.92878341674805,13,18
2025-04-08,Coastal Odisha,20.5,85.5,35.47245407104492,13,18
2025-04-09,Coastal Odisha,20.5,85.5,34.71495819091797,13,18
2025-04-10,Coastal Odisha,20.5,85.5,34.83551025390625,13,18
2025-04-11,Coastal Odisha,20.5,85.5,34.174137115478516,13,18
2025-04-12,Coastal Odisha,20.5,85.5,35.92368698120117,13,18
2025-04-13,Coastal Odisha,20.5,85.5,34.97983169555664,13,18
2025-04-14,Coastal Odisha,20.5,85.5,34.628990173339844,13,18
2025-04-15,Coastal Odisha,20.5,85.5,34.47460174560547,13,18
2025-04-16,Coastal Odisha,20.5,85.5,34.085853576660156,13,18
2025-04-17,Coastal Odisha,20.5,85.5,35.17489242553711,13,18
2025-04-18,Coastal Odisha,20.5,85.5,34.569969177246094,13,18
2025-04-19,Coastal Odisha,20.5,85.5,35.507408142089844,13,18
2025-04-20,Coastal Odisha,20.5,85.5,36.94437026977539,13,18
2025-04-21,Coastal Odisha,20.5,85.5,37.460845947265625,13,18
2025-04-22,Coastal Odisha,20.5,85.5,37.82277297973633,13,18
2025-04-23,Coastal Odisha,20.5,85.5,38.178016662597656,13,18
2025-04-24,Coastal Odisha,20.5,85.5,38.103126525878906,13,18
2025-04-25,Coastal Odisha,20.5,85.5,37.91462326049805,13,18
2025-04-26,Coastal Odisha,20.5,85.5,37.589176177978516,13,18
2025-04-27,Coastal Odisha,20.5,85.5,34.30298614501953,13,18
2025-04-28,Coastal Odisha,20.5,85.5,35.274471282958984,13,18
2025-04-29,Coastal Odisha,20.5,85.5,34.193878173828125,13,18
2025-04-30,Coastal Odisha,20.5,85.5,31.16250991821289,13,18
2025-05-01,Coastal Odisha,20.5,85.5,33.87086486816406,13,18
2025-05-02,Coastal Odisha,20.5,85.5,33.443267822265625,13,18
2025-05-03,Coastal Odisha,20.5,85.5,35.625282287597656,13,18
2025-05-04,Coastal Odisha,20.5,85.5,33.484230041503906,13,18
2025-05-05,Coastal Odisha,20.5,85.5,35.74091339111328,13,18
2025-05-06,Coastal Odisha,20.5,85.5,35.8089599609375,13,18
2025-05-07,Coastal Odisha,20.5,85.5,36.431697845458984,13,18
2025-05-08,Coastal Odisha,20.5,85.5,36.39915466308594,13,18
2025-05-09,Coastal Odisha,20.5,85.5,36.969486236572266,13,18
2025-05-10,Coastal Odisha,20.5,85.5,37.820518493652344,13,18
2025-05-11,Coastal Odisha,20.5,85.5,37.897640228271484,13,18
2025-05-12,Coastal Odisha,20.5,85.5,37.512046813964844,13,18
2025-05-13,Coastal Odisha,20.5,85.5,36.67351150512695,13,18
2025-05-14,Coastal Odisha,20.5,85.5,36.44091033935547,13,18
2025-05-15,Coastal Odisha,20.5,85.5,37.10809326171875,13,18
2025-05-16,Coastal Odisha,20.5,85.5,36.343868255615234,13,18
2025-05-17,Coastal Odisha,20.5,85.5,35.69891357421875,13,18
2025-05-18,Coastal Odisha,20.5,85.5,35.329124450683594,13,18
2025-05-19,Coastal Odisha,20.5,85.5,36.09236145019531,13,18
2025-05-20,Coastal Odisha,20.5,85.5,36.75629425048828,13,18
2025-05-21,Coastal Odisha,20.5,85.5,35.81172180175781,13,18
2025-05-22,Coastal Odisha,20.5,85.5,33.69324493408203,13,18
2025-05-23,Coastal Odisha,20.5,85.5,32.9649543762207,13,18
2025-05-24,Coastal Odisha,20.5,85.5,32.25544738769531,13,18
2025-05-25,Coastal Odisha,20.5,85.5,32.237037658691406,13,18
2025-05-26,Coastal Odisha,20.5,85.5,32.77907180786133,13,18
2025-05-27,Coastal Odisha,20.5,85.5,31.33899688720703,13,18
2025-05-28,Coastal Odisha,20.5,85.5,31.226131439208984,13,18
2025-05-29,Coastal Odisha,20.5,85.5,32.52094268798828,13,18
2025-05-30,Coastal Odisha,20.5,85.5,34.44639587402344,13,18
2025-05-31,Coastal Odisha,20.5,85.5,33.27462387084961,13,18
2025-06-01,Coastal Odisha,20.5,85.5,36.029075622558594,13,18
2025-06-02,Coastal Odisha,20.5,85.5,37.14921569824219,13,18
2025-06-03,Coastal Odisha,20.5,85.5,37.112892150878906,13,18
2025-06-04,Coastal Odisha,20.5,85.5,36.1345329284668,13,18
2025-06-05,Coastal Odisha,20.5,85.5,33.72887420654297,13,18
2025-06-06,Coastal Odisha,20.5,85.5,34.81066131591797,13,18
2025-06-07,Coastal Odisha,20.5,85.5,35.84296798706055,13,18
2025-06-08,Coastal Odisha,20.5,85.5,36.42163848876953,13,18
2025-06-09,Coastal Odisha,20.5,85.5,35.992637634277344,13,18
2025-06-10,Coastal Odisha,20.5,85.5,33.151206970214844,13,18
2025-06-11,Coastal Odisha,20.5,85.5,33.37529754638672,13,18
2025-06-12,Coastal Odisha,20.5,85.5,32.78446578979492,13,18
2025-06-13,Coastal Odisha,20.5,85.5,34.67201614379883,13,18
2025-06-14,Coastal Odisha,20.5,85.5,35.74052429199219,13,18
2025-06-15,Coastal Odisha,20.5,85.5,34.840999603271484,13,18
2025-06-16,Coastal Odisha,20.5,85.5,32.320396423339844,13,18
2025-06-17,Coastal Odisha,20.5,85.5,29.928224563598633,13,18
2025-06-18,Coastal Odisha,20.5,85.5,28.154621124267578,13,18
2025-06-19,Coastal Odisha,20.5,85.5,28.90841293334961,13,18
2025-06-20,Coastal Odisha,20.5,85.5,30.985563278198242,13,18
2025-06-21,Coastal Odisha,20.5,85.5,33.84504699707031,13,18
2025-06-22,Coastal Odisha,20.5,85.5,33.592201232910156,13,18
2025-06-23,Coastal Odisha,20.5,85.5,30.35149383544922,13,18
2025-06-24,Coastal Odisha,20.5,85.5,31.830406188964844,13,18
2025-06-25,Coastal Odisha,20.5,85.5,29.96688461303711,13,18
2025-06-26,Coastal Odisha,20.5,85.5,31.502704620361328,13,18
2025-06-27,Coastal Odisha,20.5,85.5,29.73494529724121,13,18
2025-06-28,Coastal Odisha,20.5,85.5,28.193578720092773,13,18
2025-06-29,Coastal Odisha,20.5,85.5,27.640851974487305,13,18
2025-06-30,Coastal Odisha,20.5,85.5,29.106006622314453,13,18
2025-07-01,Coastal Odisha,20.5,85.5,29.865846633911133,13,18
2025-07-02,Coastal Odisha,20.5,85.5,29.846534729003906,13,18
2025-07-03,Coastal Odisha,20.5,85.5,30.233135223388672,13,18
2025-07-04,Coastal Odisha,20.5,85.5,29.05440330505371,13,18
2025-07-05,Coastal Odisha,20.5,85.5,28.63747215270996,13,18
2025-07-06,Coastal Odisha,20.5,85.5,29.1739501953125,13,18
2025-07-07,Coastal Odisha,20.5,85.5,29.241226196289062,13,18
2025-07-08,Coastal Odisha,20.5,85.5,29.464282989501953,13,18
2025-07-09,Coastal Odisha,20.5,85.5,29.797531127929688,13,18
2025-07-10,Coastal Odisha,20.5,85.5,31.64625358581543,13,18
2025-07-11,Coastal Odisha,20.5,85.5,33.142913818359375,13,18
2025-07-12,Coastal Odisha,20.5,85.5,33.908843994140625,13,18
2025-07-13,Coastal Odisha,20.5,85.5,33.137393951416016,13,18
2025-07-14,Coastal Odisha,20.5,85.5,29.559749603271484,13,18
2025-07-15,Coastal Odisha,20.5,85.5,31.746816635131836,13,18
2025-07-16,Coastal Odisha,20.5,85.5,32.314022064208984,13,18
2025-07-17,Coastal Odisha,20.5,85.5,33.182525634765625,13,18
2025-07-18,Coastal Odisha,20.5,85.5,33.435279846191406,13,18
2025-07-19,Coastal Odisha,20.5,85.5,33.875572204589844,13,18
2025-07-20,Coastal Odisha,20.5,85.5,32.996212005615234,13,18
2025-07-21,Coastal Odisha,20.5,85.5,33.460205078125,13,18
2025-07-22,Coastal Odisha,20.5,85.5,34.31394958496094,13,18
2025-07-23,Coastal Odisha,20.5,85.5,35.01006317138672,13,18
2025-07-24,Coastal Odisha,20.5,85.5,32.32646560668945,13,18
2025-07-25,Coastal Odisha,20.5,85.5,29.636882781982422,13,18
2025-07-26,Coastal Odisha,20.5,85.5,30.651105880737305,13,18
2025-07-27,Coastal Odisha,20.5,85.5,31.860502243041992,13,18
2025-07-28,Coastal Odisha,20.5,85.5,31.46248435974121,13,18
2025-07-29,Coastal Odisha,20.5,85.5,29.098360061645508,13,18
2025-07-30,Coastal Odisha,20.5,85.5,29.596195220947266,13,18
2025-07-31,Coastal Odisha,20.5,85.5,32.270565032958984,13,18
2025-08-01,Coastal Odisha,20.5,85.5,34.01120376586914,13,18
2025-08-02,Coastal Odisha,20.5,85.5,33.64863967895508,13,18
2025-08-03,Coastal Odisha,20.5,85.5,33.09095001220703,13,18
2025-08-04,Coastal Odisha,20.5,85.5,33.06876754760742,13,18
2025-08-05,Coastal Odisha,20.5,85.5,34.40122604370117,13,18
2025-08-06,Coastal Odisha,20.5,85.5,33.17250442504883,13,18
2025-08-07,Coastal Odisha,20.5,85.5,33.0926399230957,13,18
2025-08-08,Coastal Odisha,20.5,85.5,29.308412551879883,13,18
2025-08-09,Coastal Odisha,20.5,85.5,33.70724105834961,13,18
2025-08-10,Coastal Odisha,20.5,85.5,34.09333038330078,13,18
2025-08-11,Coastal Odisha,20.5,85.5,34.5098991394043,13,18
2025-08-12,Coastal Odisha,20.5,85.5,34.744895935058594,13,18
2025-08-13,Coastal Odisha,20.5,85.5,33.42128372192383,13,18
2025-08-14,Coastal Odisha,20.5,85.5,31.550535202026367,13,18
2025-08-15,Coastal Odisha,20.5,85.5,31.859678268432617,13,18
2025-08-16,Coastal Odisha,20.5,85.5,32.37563705444336,13,18
2025-08-17,Coastal Odisha,20.5,85.5,32.39090347290039,13,18
2025-08-18,Coastal Odisha,20.5,85.5,31.127731323242188,13,18
2025-08-19,Coastal Odisha,20.5,85.5,30.74180030822754,13,18
2025-08-20,Coastal Odisha,20.5,85.5,31.171615600585938,13,18
2025-08-21,Coastal Odisha,20.5,85.5,29.692996978759766,13,18
2025-08-22,Coastal Odisha,20.5,85.5,27.68985939025879,13,18
2025-08-23,Coastal Odisha,20.5,85.5,29.19106101989746,13,18
2025-08-24,Coastal Odisha,20.5,85.5,28.484661102294922,13,18
2025-08-25,Coastal Odisha,20.5,85.5,29.82271957397461,13,18
2025-08-26,Coastal Odisha,20.5,85.5,31.503498077392578,13,18
2025-08-27,Coastal Odisha,20.5,85.5,31.28172492980957,13,18
2025-08-28,Coastal Odisha,20.5,85.5,30.877735137939453,13,18
2025-08-29,Coastal Odisha,20.5,85.5,31.437990188598633,13,18
2025-08-30,Coastal Odisha,20.5,85.5,32.274295806884766,13,18
2025-08-31,Coastal Odisha,20.5,85.5,32.46599578857422,13,18
2025-09-01,Coastal Odisha,20.5,85.5,33.24698257446289,13,18
2025-09-02,Coastal Odisha,20.5,85.5,29.668720245361328,13,18
2025-09-03,Coastal Odisha,20.5,85.5,29.57512092590332,13,18
2025-09-04,Coastal Odisha,20.5,85.5,30.963138580322266,13,18
2025-09-05,Coastal Odisha,20.5,85.5,32.005767822265625,13,18
2025-09-06,Coastal Odisha,20.5,85.5,32.748558044433594,13,18
2025-09-07,Coastal Odisha,20.5,85.5,32.8763427734375,13,18
2025-09-08,Coastal Odisha,20.5,85.5,33.579227447509766,13,18
2025-09-09,Coastal Odisha,20.5,85.5,33.969810485839844,13,18
2025-09-10,Coastal Odisha,20.5,85.5,34.59650421142578,13,18
2025-09-11,Coastal Odisha,20.5,85.5,34.105533599853516,13,18
2025-09-12,Coastal Odisha,20.5,85.5,31.864643096923828,13,18
2025-09-13,Coastal Odisha,20.5,85.5,32.074249267578125,13,18
2025-09-14,Coastal Odisha,20.5,85.5,32.47858810424805,13,18
2025-09-15,Coastal Odisha,20.5,85.5,31.143131256103516,13,18
2025-09-16,Coastal Odisha,20.5,85.5,30.989500045776367,13,18
2025-09-17,Coastal Odisha,20.5,85.5,32.85049819946289,13,18
2025-09-18,Coastal Odisha,20.5,85.5,34.139801025390625,13,18
2025-09-19,Coastal Odisha,20.5,85.5,34.69174575805664,13,18
2025-09-20,Coastal Odisha,20.5,85.5,35.050418853759766,13,18
2025-09-21,Coastal Odisha,20.5,85.5,33.82610321044922,13,18
2025-09-22,Coastal Odisha,20.5,85.5,32.95664978027344,13,18
2025-09-23,Coastal Odisha,20.5,85.5,29.84685707092285,13,18
2025-09-24,Coastal Odisha,20.5,85.5,30.618003845214844,13,18
2025-09-25,Coastal Odisha,20.5,85.5,32.39814758300781,13,18
2025-09-26,Coastal Odisha,20.5,85.5,28.951190948486328,13,18
2025-09-27,Coastal Odisha,20.5,85.5,30.50038719177246,13,18
2025-09-28,Coastal Odisha,20.5,85.5,31.98900604248047,13,18
2025-09-29,Coastal Odisha,20.5,85.5,32.6705436706543,13,18
2025-09-30,Coastal Odisha,20.5,85.5,33.85755920410156,13,18
2025-10-01,Coastal Odisha,20.5,85.5,33.905025482177734,13,18
2025-10-02,Coastal Odisha,20.5,85.5,29.686357498168945,13,18
2025-10-03,Coastal Odisha,20.5,85.5,30.034515380859375,13,18
2025-10-04,Coastal Odisha,20.5,85.5,31.664148330688477,13,18
2025-10-05,Coastal Odisha,20.5,85.5,29.168594360351562,13,18
2025-10-06,Coastal Odisha,20.5,85.5,30.610811233520508,13,18
2025-10-07,Coastal Odisha,20.5,85.5,31.889739990234375,13,18
2025-10-08,Coastal Odisha,20.5,85.5,32.3348503112793,13,18
2025-10-09,Coastal Odisha,20.5,85.5,32.396053314208984,13,18
2025-10-10,Coastal Odisha,20.5,85.5,31.987377166748047,13,18
2025-10-11,Coastal Odisha,20.5,85.5,32.08850860595703,13,18
2025-10-12,Coastal Odisha,20.5,85.5,32.31695556640625,13,18
2025-10-13,Coastal Odisha,20.5,85.5,31.198545455932617,13,18
2025-10-14,Coastal Odisha,20.5,85.5,32.269989013671875,13,18
2025-10-15,Coastal Odisha,20.5,85.5,32.42006301879883,13,18
2025-10-16,Coastal Odisha,20.5,85.5,32.105018615722656,13,18
2025-10-17,Coastal Odisha,20.5,85.5,32.05696487426758,13,18
2025-10-18,Coastal Odisha,20.5,85.5,31.781259536743164,13,18
2025-10-19,Coastal Odisha,20.5,85.5,31.649574279785156,13,18
2025-10-20,Coastal Odisha,20.5,85.5,31.79994773864746,13,18
2025-10-21,Coastal Odisha,20.5,85.5,32.59535217285156,13,18
2025-10-22,Coastal Odisha,20.5,85.5,32.6077766418457,13,18
2025-10-23,Coastal Odisha,20.5,85.5,32.8581428527832,13,18
2025-10-24,Coastal Odisha,20.5,85.5,32.813621520996094,13,18
2025-10-25,Coastal Odisha,20.5,85.5,32.83230972290039,13,18
2025-10-26,Coastal Odisha,20.5,85.5,32.87427520751953,13,18
2025-10-27,Coastal Odisha,20.5,85.5,32.39088439941406,13,18
2025-10-28,Coastal Odisha,20.5,85.5,29.348766326904297,13,18
2025-10-29,Coastal Odisha,20.5,85.5,29.22829818725586,13,18
2025-10-30,Coastal Odisha,20.5,85.5,30.241159439086914,13,18
2025-10-31,Coastal Odisha,20.5,85.5,31.160999298095703,13,18
2025-11-01,Coastal Odisha,20.5,85.5,32.187522888183594,13,18
2025-11-02,Coastal Odisha,20.5,85.5,32.21918487548828,13,18
2025-11-03,Coastal Odisha,20.5,85.5,31.4742374420166,13,18
2025-11-04,Coastal Odisha,20.5,85.5,30.69672966003418,13,18
2025-11-05,Coastal Odisha,20.5,85.5,31.57680892944336,13,18
2025-11-06,Coastal Odisha,20.5,85.5,31.47384262084961,13,18
2025-11-07,Coastal Odisha,20.5,85.5,30.903886795043945,13,18
2025-11-08,Coastal Odisha,20.5,85.5,30.42108917236328,13,18
2025-11-09,Coastal Odisha,20.5,85.5,29.747743606567383,13,18
2025-11-10,Coastal Odisha,20.5,85.5,29.399181365966797,13,18
2025-11-11,Coastal Odisha,20.5,85.5,29.254505157470703,13,18
2025-11-12,Coastal Odisha,20.5,85.5,28.407291412353516,13,18
2025-11-13,Coastal Odisha,20.5,85.5,28.45612335205078,13,18
2025-11-14,Coastal Odisha,20.5,85.5,28.17407989501953,13,18
2025-11-15,Coastal Odisha,20.5,85.5,28.206573486328125,13,18
2025-11-16,Coastal Odisha,20.5,85.5,28.067995071411133,13,18
2025-11-17,Coastal Odisha,20.5,85.5,28.550678253173828,13,18
2025-11-18,Coastal Odisha,20.5,85.5,28.524473190307617,13,18
2025-11-19,Coastal Odisha,20.5,85.5,29.422008514404297,13,18
2025-11-20,Coastal Odisha,20.5,85.5,30.371944427490234,13,18
2025-11-21,Coastal Odisha,20.5,85.5,30.72850227355957,13,18
2025-11-22,Coastal Odisha,20.5,85.5,30.20627784729004,13,18
2025-11-23,Coastal Odisha,20.5,85.5,29.92045783996582,13,18
2025-11-24,Coastal Odisha,20.5,85.5,28.511423110961914,13,18
2025-11-25,Coastal Odisha,20.5,85.5,28.025226593017578,13,18
2025-11-26,Coastal Odisha,20.5,85.5,27.610937118530273,13,18
2025-11-27,Coastal Odisha,20.5,85.5,27.003515243530273,13,18
2025-11-28,Coastal Odisha,20.5,85.5,28.45943832397461,13,18
2025-11-29,Coastal Odisha,20.5,85.5,28.684667587280273,13,18
2025-11-30,Coastal Odisha,20.5,85.5,28.046466827392578,13,18
2025-12-01,Coastal Odisha,20.5,85.5,25.639997482299805,13,18
2025-12-02,Coastal Odisha,20.5,85.5,27.860897064208984,13,18
2025-12-03,Coastal Odisha,20.5,85.5,28.18036651611328,13,18
2025-12-04,Coastal Odisha,20.5,85.5,27.477848052978516,13,18
2025-12-05,Coastal Odisha,20.5,85.5,27.39812469482422,13,18
2025-12-06,Coastal Odisha,20.5,85.5,27.630186080932617,13,18
2025-12-07,Coastal Odisha,20.5,85.5,27.323078155517578,13,18
2025-12-08,Coastal Odisha,20.5,85.5,27.742572784423828,13,18
2025-12-09,Coastal Odisha,20.5,85.5,27.682886123657227,13,18
2025-12-10,Coastal Odisha,20.5,85.5,27.807193756103516,13,18
2025-12-11,Coastal Odisha,20.5,85.5,27.88260841369629,13,18
2025-12-12,Coastal Odisha,20.5,85.5,28.158517837524414,13,18
2025-12-13,Coastal Odisha,20.5,85.5,27.6403865814209,13,18
2025-12-14,Coastal Odisha,20.5,85.5,27.03835105895996,13,18
2025-12-15,Coastal Odisha,20.5,85.5,27.72222328186035,13,18
2025-12-16,Coastal Odisha,20.5,85.5,27.91274070739746,13,18
2025-12-17,Coastal Odisha,20.5,85.5,27.80867576599121,13,18
2025-12-18,Coastal Odisha,20.5,85.5,27.586963653564453,13,18
2025-12-19,Coastal Odisha,20.5,85.5,27.281570434570312,13,18
2025-12-20,Coastal Odisha,20.5,85.5,26.65591049194336,13,18
2025-12-21,Coastal Odisha,20.5,85.5,26.190757751464844,13,18
2025-12-22,Coastal Odisha,20.5,85.5,26.198448181152344,13,18
2025-12-23,Coastal Odisha,20.5,85.5,27.297510147094727,13,18
2025-12-24,Coastal Odisha,20.5,85.5,27.43349266052246,13,18
2025-12-25,Coastal Odisha,20.5,85.5,26.326807022094727,13,18
2025-12-26,Coastal Odisha,20.5,85.5,26.454586029052734,13,18
2025-12-27,Coastal Odisha,20.5,85.5,26.89153289794922,13,18
2025-12-28,Coastal Odisha,20.5,85.5,26.902830123901367,13,18
2025-12-29,Coastal Odisha,20.5,85.5,26.210166931152344,13,18
2025-12-30,Coastal Odisha,20.5,85.5,24.84218406677246,13,18
2025-12-31,Coastal Odisha,20.5,85.5,25.426849365234375,13,18
2025-01-01,Deccan Plateau,17.8,78.5,30.42784309387207,10,11
2025-01-02,Deccan Plateau,17.8,78.5,30.16855239868164,10,11
2025-01-03,Deccan Plateau,17.8,78.5,30.878604888916016,10,11
2025-01-04,Deccan Plateau,17.8,78.5,30.82441520690918,10,11
2025-01-05,Deccan Plateau,17.8,78.5,30.640457153320312,10,11
2025-01-06,Deccan Plateau,17.8,78.5,30.05222511291504,10,11
2025-01-07,Deccan Plateau,17.8,78.5,30.369400024414062,10,11
2025-01-08,Deccan Plateau,17.8,78.5,29.282974243164062,10,11
2025-01-09,Deccan Plateau,17.8,78.5,28.618328094482422,10,11
2025-01-10,Deccan Plateau,17.8,78.5,28.98896026611328,10,11
2025-01-11,Deccan Plateau,17.8,78.5,29.312744140625,10,11
2025-01-12,Deccan Plateau,17.8,78.5,29.653873443603516,10,11
2025-01-13,Deccan Plateau,17.8,78.5,30.19684410095215,10,11
2025-01-14,Deccan Plateau,17.8,78.5,30.426122665405273,10,11
2025-01-15,Deccan Plateau,17.8,78.5,29.67715835571289,10,11
2025-01-16,Deccan Plateau,17.8,78.5,29.639087677001953,10,11
2025-01-17,Deccan Plateau,17.8,78.5,29.57615852355957,10,11
2025-01-18,Deccan Plateau,17.8,78.5,29.33970832824707,10,11
2025-01-19,Deccan Plateau,17.8,78.5,31.130386352539062,10,11
2025-01-20,Deccan Plateau,17.8,78.5,31.42335319519043,10,11
2025-01-21,Deccan Plateau,17.8,78.5,32.64821243286133,10,11
2025-01-22,Deccan Plateau,17.8,78.5,32.8714599609375,10,11
2025-01-23,Deccan Plateau,17.8,78.5,32.29311752319336,10,11
2025-01-24,Deccan Plateau,17.8,78.5,32.612709045410156,10,11
2025-01-25,Deccan Plateau,17.8,78.5,33.01582717895508,10,11
2025-01-26,Deccan Plateau,17.8,78.5,33.264835357666016,10,11
2025-01-27,Deccan Plateau,17.8,78.5,33.29903030395508,10,11
2025-01-28,Deccan Plateau,17.8,78.5,32.97359848022461,10,11
2025-01-29,Deccan Plateau,17.8,78.5,32.1999397277832,10,11
2025-01-30,Deccan Plateau,17.8,78.5,32.05867385864258,10,11
2025-01-31,Deccan Plateau,17.8,78.5,34.00712966918945,10,11
2025-02-01,Deccan Plateau,17.8,78.5,34.12730407714844,10,11
2025-02-02,Deccan Plateau,17.8,78.5,34.33600997924805,10,11
2025-02-03,Deccan Plateau,17.8,78.5,35.15229034423828,10,11
2025-02-04,Deccan Plateau,17.8,78.5,35.41914749145508,10,11
2025-02-05,Deccan Plateau,17.8,78.5,35.027435302734375,10,11
2025-02-06,Deccan Plateau,17.8,78.5,34.392574310302734,10,11
2025-02-07,Deccan Plateau,17.8,78.5,34.00575256347656,10,11
2025-02-08,Deccan Plateau,17.8,78.5,34.311832427978516,10,11
2025-02-09,Deccan Plateau,17.8,78.5,33.9686279296875,10,11
2025-02-10,Deccan Plateau,17.8,78.5,33.663970947265625,10,11
2025-02-11,Deccan Plateau,17.8,78.5,34.33832931518555,10,11
2025-02-12,Deccan Plateau,17.8,78.5,35.402374267578125,10,11
2025-02-13,Deccan Plateau,17.8,78.5,35.236480712890625,10,11
2025-02-14,Deccan Plateau,17.8,78.5,34.71011734008789,10,11
2025-02-15,Deccan Plateau,17.8,78.5,35.00746536254883,10,11
2025-02-16,Deccan Plateau,17.8,78.5,35.70054626464844,10,11
2025-02-17,Deccan Plateau,17.8,78.5,35.13491439819336,10,11
2025-02-18,Deccan Plateau,17.8,78.5,35.3377571105957,10,11
2025-02-19,Deccan Plateau,17.8,78.5,35.4980354309082,10,11
2025-02-20,Deccan Plateau,17.8,78.5,35.1305046081543,10,11
2025-02-21,Deccan Plateau,17.8,78.5,34.86784362792969,10,11
2025-02-22,Deccan Plateau,17.8,78.5,34.99839782714844,10,11
2025-02-23,Deccan Plateau,17.8,78.5,34.808143615722656,10,11
2025-02-24,Deccan Plateau,17.8,78.5,34.99733352661133,10,11
2025-02-25,Deccan Plateau,17.8,78.5,34.085479736328125,10,11
2025-02-26,Deccan Plateau,17.8,78.5,34.00075149536133,10,11
2025-02-27,Deccan Plateau,17.8,78.5,34.13707733154297,10,11
2025-02-28,Deccan Plateau,17.8,78.5,34.583736419677734,10,11
2025-03-01,Deccan Plateau,17.8,78.5,35.05210494995117,10,11
2025-03-02,Deccan Plateau,17.8,78.5,36.0418701171875,10,11
2025-03-03,Deccan Plateau,17.8,78.5,37.133670806884766,10,11
2025-03-04,Deccan Plateau,17.8,78.5,37.552490234375,10,11
2025-03-05,Deccan Plateau,17.8,78.5,35.56740188598633,10,11
2025-03-06,Deccan Plateau,17.8,78.5,34.84220886230469,10,11
2025-03-07,Deccan Plateau,17.8,78.5,36.076263427734375,10,11
2025-03-08,Deccan Plateau,17.8,78.5,36.791690826416016,10,11
2025-03-09,Deccan Plateau,17.8,78.5,35.78382873535156,10,11
2025-03-10,Deccan Plateau,17.8,78.5,34.33789825439453,10,11
2025-03-11,Deccan Plateau,17.8,78.5,35.45868682861328,10,11
2025-03-12,Deccan Plateau,17.8,78.5,37.45881652832031,10,11
2025-03-13,Deccan Plateau,17.8,78.5,38.41532516479492,10,11
2025-03-14,Deccan Plateau,17.8,78.5,38.917762756347656,10,11
2025-03-15,Deccan Plateau,17.8,78.5,38.1784553527832,10,11
2025-03-16,Deccan Plateau,17.8,78.5,38.853553771972656,10,11
2025-03-17,Deccan Plateau,17.8,78.5,38.4533576965332,10,11
2025-03-18,Deccan Plateau,17.8,78.5,38.274723052978516,10,11
2025-03-19,Deccan Plateau,17.8,78.5,37.47551727294922,10,11
2025-03-20,Deccan Plateau,17.8,78.5,36.895145416259766,10,11
2025-03-21,Deccan Plateau,17.8,78.5,36.26738739013672,10,11
2025-03-22,Deccan Plateau,17.8,78.5,35.64527893066406,10,11
2025-03-23,Deccan Plateau,17.8,78.5,35.913185119628906,10,11
2025-03-24,Deccan Plateau,17.8,78.5,35.89644241333008,10,11
2025-03-25,Deccan Plateau,17.8,78.5,36.86404800415039,10,11
2025-03-26,Deccan Plateau,17.8,78.5,37.51008987426758,10,11
2025-03-27,Deccan Plateau,17.8,78.5,38.523780822753906,10,11
2025-03-28,Deccan Plateau,17.8,78.5,39.38396453857422,10,11
2025-03-29,Deccan Plateau,17.8,78.5,39.00345993041992,10,11
2025-03-30,Deccan Plateau,17.8,78.5,38.82828903198242,10,11
2025-03-31,Deccan Plateau,17.8,78.5,37.637332916259766,10,11
2025-04-01,Deccan Plateau,17.8,78.5,36.718109130859375,10,11
2025-04-02,Deccan Plateau,17.8,78.5,35.43198013305664,10,11
2025-04-03,Deccan Plateau,17.8,78.5,35.75596237182617,10,11
2025-04-04,Deccan Plateau,17.8,78.5,35.3453254699707,10,11
2025-04-05,Deccan Plateau,17.8,78.5,37.425716400146484,10,11
2025-04-06,Deccan Plateau,17.8,78.5,38.86909484863281,10,11
2025-04-07,Deccan Plateau,17.8,78.5,39.233802795410156,10,11
2025-04-08,Deccan Plateau,17.8,78.5,38.12717819213867,10,11
2025-04-09,Deccan Plateau,17.8,78.5,38.04520034790039,10,11
2025-04-10,Deccan Plateau,17.8,78.5,39.07868194580078,10,11
2025-04-11,Deccan Plateau,17.8,78.5,38.72210693359375,10,11
2025-04-12,Deccan Plateau,17.8,78.5,39.53392791748047,10,11
2025-04-13,Deccan Plateau,17.8,78.5,39.28675079345703,10,11
2025-04-14,Deccan Plateau,17.8,78.5,38.816246032714844,10,11
2025-04-15,Deccan Plateau,17.8,78.5,39.21051788330078,10,11
2025-04-16,Deccan Plateau,17.8,78.5,38.23173904418945,10,11
2025-04-17,Deccan Plateau,17.8,78.5,38.23401641845703,10,11
2025-04-18,Deccan Plateau,17.8,78.5,38.960777282714844,10,11
2025-04-19,Deccan Plateau,17.8,78.5,39.467769622802734,10,11
2025-04-20,Deccan Plateau,17.8,78.5,40.58799743652344,10,11
2025-04-21,Deccan Plateau,17.8,78.5,40.42155838012695,10,11
2025-04-22,Deccan Plateau,17.8,78.5,41.42073440551758,10,11
2025-04-23,Deccan Plateau,17.8,78.5,41.855628967285156,10,11
2025-04-24,Deccan Plateau,17.8,78.5,41.63621139526367,10,11
2025-04-25,Deccan Plateau,17.8,78.5,40.654666900634766,10,11
2025-04-26,Deccan Plateau,17.8,78.5,39.724151611328125,10,11
2025-04-27,Deccan Plateau,17.8,78.5,37.48358154296875,10,11
2025-04-28,Deccan Plateau,17.8,78.5,39.12118911743164,10,11
2025-04-29,Deccan Plateau,17.8,78.5,39.84980392456055,10,11
2025-04-30,Deccan Plateau,17.8,78.5,40.878170013427734,10,11
2025-05-01,Deccan Plateau,17.8,78.5,39.8204460144043,10,11
2025-05-02,Deccan Plateau,17.8,78.5,39.81146240234375,10,11
2025-05-03,Deccan Plateau,17.8,78.5,40.99036407470703,10,11
2025-05-04,Deccan Plateau,17.8,78.5,38.962947845458984,10,11
2025-05-05,Deccan Plateau,17.8,78.5,40.72362518310547,10,11
2025-05-06,Deccan Plateau,17.8,78.5,38.797271728515625,10,11
2025-05-07,Deccan Plateau,17.8,78.5,38.504215240478516,10,11
2025-05-08,Deccan Plateau,17.8,78.5,38.52479934692383,10,11
2025-05-09,Deccan Plateau,17.8,78.5,38.870391845703125,10,11
2025-05-10,Deccan Plateau,17.8,78.5,38.984039306640625,10,11
2025-05-11,Deccan Plateau,17.8,78.5,39.754520416259766,10,11
2025-05-12,Deccan Plateau,17.8,78.5,39.507049560546875,10,11
2025-05-13,Deccan Plateau,17.8,78.5,39.70774459838867,10,11
2025-05-14,Deccan Plateau,17.8,78.5,37.82561492919922,10,11
2025-05-15,Deccan Plateau,17.8,78.5,38.29597473144531,10,11
2025-05-16,Deccan Plateau,17.8,78.5,37.186683654785156,10,11
2025-05-17,Deccan Plateau,17.8,78.5,36.92844009399414,10,11
2025-05-18,Deccan Plateau,17.8,78.5,37.46284866333008,10,11
2025-05-19,Deccan Plateau,17.8,78.5,36.185546875,10,11
2025-05-20,Deccan Plateau,17.8,78.5,35.93978500366211,10,11
2025-05-21,Deccan Plateau,17.8,78.5,32.60907745361328,10,11
2025-05-22,Deccan Plateau,17.8,78.5,33.11565399169922,10,11
2025-05-23,Deccan Plateau,17.8,78.5,33.62385177612305,10,11
2025-05-24,Deccan Plateau,17.8,78.5,33.30446243286133,10,11
2025-05-25,Deccan Plateau,17.8,78.5,33.30149459838867,10,11
2025-05-26,Deccan Plateau,17.8,78.5,31.30181121826172,10,11
2025-05-27,Deccan Plateau,17.8,78.5,32.82322311401367,10,11
2025-05-28,Deccan Plateau,17.8,78.5,31.950149536132812,10,11
2025-05-29,Deccan Plateau,17.8,78.5,32.84503173828125,10,11
2025-05-30,Deccan Plateau,17.8,78.5,34.3752326965332,10,11
2025-05-31,Deccan Plateau,17.8,78.5,35.58940124511719,10,11
2025-06-01,Deccan Plateau,17.8,78.5,36.29115676879883,10,11
2025-06-02,Deccan Plateau,17.8,78.5,35.20533752441406,10,11
2025-06-03,Deccan Plateau,17.8,78.5,35.5184326171875,10,11
2025-06-04,Deccan Plateau,17.8,78.5,36.69532012939453,10,11
2025-06-05,Deccan Plateau,17.8,78.5,35.02891540527344,10,11
2025-06-06,Deccan Plateau,17.8,78.5,37.50148391723633,10,11
2025-06-07,Deccan Plateau,17.8,78.5,38.11753845214844,10,11
2025-06-08,Deccan Plateau,17.8,78.5,37.68717956542969,10,11
2025-06-09,Deccan Plateau,17.8,78.5,32.246307373046875,10,11
2025-06-10,Deccan Plateau,17.8,78.5,32.50743103027344,10,11
2025-06-11,Deccan Plateau,17.8,78.5,31.662315368652344,10,11
2025-06-12,Deccan Plateau,17.8,78.5,32.89514923095703,10,11
2025-06-13,Deccan Plateau,17.8,78.5,33.15071487426758,10,11
2025-06-14,Deccan Plateau,17.8,78.5,33.41449737548828,10,11
2025-06-15,Deccan Plateau,17.8,78.5,32.66578674316406,10,11
2025-06-16,Deccan Plateau,17.8,78.5,32.41344451904297,10,11
2025-06-17,Deccan Plateau,17.8,78.5,34.76337432861328,10,11
2025-06-18,Deccan Plateau,17.8,78.5,35.08168411254883,10,11
2025-06-19,Deccan Plateau,17.8,78.5,34.0322151184082,10,11
2025-06-20,Deccan Plateau,17.8,78.5,34.8620491027832,10,11
2025-06-21,Deccan Plateau,17.8,78.5,35.5925178527832,10,11
2025-06-22,Deccan Plateau,17.8,78.5,35.06357192993164,10,11
2025-06-23,Deccan Plateau,17.8,78.5,32.874752044677734,10,11
2025-06-24,Deccan Plateau,17.8,78.5,31.794946670532227,10,11
2025-06-25,Deccan Plateau,17.8,78.5,32.00076675415039,10,11
2025-06-26,Deccan Plateau,17.8,78.5,31.603431701660156,10,11
2025-06-27,Deccan Plateau,17.8,78.5,33.909996032714844,10,11
2025-06-28,Deccan Plateau,17.8,78.5,34.39221954345703,10,11
2025-06-29,Deccan Plateau,17.8,78.5,32.828590393066406,10,11
2025-06-30,Deccan Plateau,17.8,78.5,30.59541130065918,10,11
2025-07-01,Deccan Plateau,17.8,78.5,28.479122161865234,10,11
2025-07-02,Deccan Plateau,17.8,78.5,28.23118782043457,10,11
2025-07-03,Deccan Plateau,17.8,78.5,31.29947280883789,10,11
2025-07-04,Deccan Plateau,17.8,78.5,32.05377960205078,10,11
2025-07-05,Deccan Plateau,17.8,78.5,32.445125579833984,10,11
2025-07-06,Deccan Plateau,17.8,78.5,31.94753074645996,10,11
2025-07-07,Deccan Plateau,17.8,78.5,31.11105728149414,10,11
2025-07-08,Deccan Plateau,17.8,78.5,31.63705825805664,10,11
2025-07-09,Deccan Plateau,17.8,78.5,31.40467071533203,10,11
2025-07-10,Deccan Plateau,17.8,78.5,32.30363845825195,10,11
2025-07-11,Deccan Plateau,17.8,78.5,33.78179931640625,10,11
2025-07-12,Deccan Plateau,17.8,78.5,33.61415100097656,10,11
2025-07-13,Deccan Plateau,17.8,78.5,33.930904388427734,10,11
2025-07-14,Deccan Plateau,17.8,78.5,34.788543701171875,10,11
2025-07-15,Deccan Plateau,17.8,78.5,33.08852005004883,10,11
2025-07-16,Deccan Plateau,17.8,78.5,33.90764236450195,10,11
2025-07-17,Deccan Plateau,17.8,78.5,33.86720657348633,10,11
2025-07-18,Deccan Plateau,17.8,78.5,32.40681838989258,10,11
2025-07-19,Deccan Plateau,17.8,78.5,33.3873291015625,10,11
2025-07-20,Deccan Plateau,17.8,78.5,32.84148406982422,10,11
2025-07-21,Deccan Plateau,17.8,78.5,31.640586853027344,10,11
2025-07-22,Deccan Plateau,17.8,78.5,30.948102951049805,10,11
2025-07-23,Deccan Plateau,17.8,78.5,28.69230079650879,10,11
2025-07-24,Deccan Plateau,17.8,78.5,26.06771469116211,10,11
2025-07-25,Deccan Plateau,17.8,78.5,28.19034194946289,10,11
2025-07-26,Deccan Plateau,17.8,78.5,26.545011520385742,10,11
2025-07-27,Deccan Plateau,17.8,78.5,30.839731216430664,10,11
2025-07-28,Deccan Plateau,17.8,78.5,31.289087295532227,10,11
2025-07-29,Deccan Plateau,17.8,78.5,30.77758026123047,10,11
2025-07-30,Deccan Plateau,17.8,78.5,29.851511001586914,10,11
2025-07-31,Deccan Plateau,17.8,78.5,32.07490921020508,10,11
2025-08-01,Deccan Plateau,17.8,78.5,32.80491256713867,10,11
2025-08-02,Deccan Plateau,17.8,78.5,32.817169189453125,10,11
2025-08-03,Deccan Plateau,17.8,78.5,33.35791778564453,10,11
2025-08-04,Deccan Plateau,17.8,78.5,33.74717330932617,10,11
2025-08-05,Deccan Plateau,17.8,78.5,33.16057586669922,10,11
2025-08-06,Deccan Plateau,17.8,78.5,33.65557098388672,10,11
2025-08-07,Deccan Plateau,17.8,78.5,32.123844146728516,10,11
2025-08-08,Deccan Plateau,17.8,78.5,29.820316314697266,10,11
2025-08-09,Deccan Plateau,17.8,78.5,30.90601348876953,10,11
2025-08-10,Deccan Plateau,17.8,78.5,31.0257511138916,10,11
2025-08-11,Deccan Plateau,17.8,78.5,30.26140022277832,10,11
2025-08-12,Deccan Plateau,17.8,78.5,29.62373161315918,10,11
2025-08-13,Deccan Plateau,17.8,78.5,28.05695915222168,10,11
2025-08-14,Deccan Plateau,17.8,78.5,28.028989791870117,10,11
2025-08-15,Deccan Plateau,17.8,78.5,30.240537643432617,10,11
2025-08-16,Deccan Plateau,17.8,78.5,27.994081497192383,10,11
2025-08-17,Deccan Plateau,17.8,78.5,28.820404052734375,10,11
2025-08-18,Deccan Plateau,17.8,78.5,25.91816520690918,10,11
2025-08-19,Deccan Plateau,17.8,78.5,26.469648361206055,10,11
2025-08-20,Deccan Plateau,17.8,78.5,29.487794876098633,10,11
2025-08-21,Deccan Plateau,17.8,78.5,30.920764923095703,10,11
2025-08-22,Deccan Plateau,17.8,78.5,31.085275650024414,10,11
2025-08-23,Deccan Plateau,17.8,78.5,31.29175567626953,10,11
2025-08-24,Deccan Plateau,17.8,78.5,31.306184768676758,10,11
2025-08-25,Deccan Plateau,17.8,78.5,31.690690994262695,10,11
2025-08-26,Deccan Plateau,17.8,78.5,28.876201629638672,10,11
2025-08-27,Deccan Plateau,17.8,78.5,26.596302032470703,10,11
2025-08-28,Deccan Plateau,17.8,78.5,27.031970977783203,10,11
2025-08-29,Deccan Plateau,17.8,78.5,29.782367706298828,10,11
2025-08-30,Deccan Plateau,17.8,78.5,30.980548858642578,10,11
2025-08-31,Deccan Plateau,17.8,78.5,30.974388122558594,10,11
2025-09-01,Deccan Plateau,17.8,78.5,29.705459594726562,10,11
2025-09-02,Deccan Plateau,17.8,78.5,28.98578643798828,10,11
2025-09-03,Deccan Plateau,17.8,78.5,30.491313934326172,10,11
2025-09-04,Deccan Plateau,17.8,78.5,31.390066146850586,10,11
2025-09-05,Deccan Plateau,17.8,78.5,31.58342170715332,10,11
2025-09-06,Deccan Plateau,17.8,78.5,32.19474792480469,10,11
2025-09-07,Deccan Plateau,17.8,78.5,32.04508590698242,10,11
2025-09-08,Deccan Plateau,17.8,78.5,33.17599105834961,10,11
2025-09-09,Deccan Plateau,17.8,78.5,33.47239303588867,10,11
2025-09-10,Deccan Plateau,17.8,78.5,32.4819221496582,10,11
2025-09-11,Deccan Plateau,17.8,78.5,29.03119659423828,10,11
2025-09-12,Deccan Plateau,17.8,78.5,28.687015533447266,10,11
2025-09-13,Deccan Plateau,17.8,78.5,29.313846588134766,10,11
2025-09-14,Deccan Plateau,17.8,78.5,30.878662109375,10,11
2025-09-15,Deccan Plateau,17.8,78.5,31.243213653564453,10,11
2025-09-16,Deccan Plateau,17.8,78.5,30.332191467285156,10,11
2025-09-17,Deccan Plateau,17.8,78.5,30.96988868713379,10,11
2025-09-18,Deccan Plateau,17.8,78.5,32.46411895751953,10,11
2025-09-19,Deccan Plateau,17.8,78.5,32.388671875,10,11
2025-09-20,Deccan Plateau,17.8,78.5,32.86412811279297,10,11
2025-09-21,Deccan Plateau,17.8,78.5,32.26058578491211,10,11
2025-09-22,Deccan Plateau,17.8,78.5,31.08721351623535,10,11
2025-09-23,Deccan Plateau,17.8,78.5,29.371082305908203,10,11
2025-09-24,Deccan Plateau,17.8,78.5,30.652555465698242,10,11
2025-09-25,Deccan Plateau,17.8,78.5,27.5019588470459,10,11
2025-09-26,Deccan Plateau,17.8,78.5,26.70594596862793,10,11
2025-09-27,Deccan Plateau,17.8,78.5,26.2198543548584,10,11
2025-09-28,Deccan Plateau,17.8,78.5,28.45572853088379,10,11
2025-09-29,Deccan Plateau,17.8,78.5,31.23546028137207,10,11
2025-09-30,Deccan Plateau,17.8,78.5,31.515844345092773,10,11
2025-10-01,Deccan Plateau,17.8,78.5,31.537569046020508,10,11
2025-10-02,Deccan Plateau,17.8,78.5,30.375595092773438,10,11
2025-10-03,Deccan Plateau,17.8,78.5,31.87543487548828,10,11
2025-10-04,Deccan Plateau,17.8,78.5,32.65768051147461,10,11
2025-10-05,Deccan Plateau,17.8,78.5,31.39115333557129,10,11
2025-10-06,Deccan Plateau,17.8,78.5,31.0811710357666,10,11
2025-10-07,Deccan Plateau,17.8,78.5,31.648847579956055,10,11
2025-10-08,Deccan Plateau,17.8,78.5,32.68067169189453,10,11
2025-10-09,Deccan Plateau,17.8,78.5,32.339927673339844,10,11
2025-10-10,Deccan Plateau,17.8,78.5,32.4002571105957,10,11
2025-10-11,Deccan Plateau,17.8,78.5,32.27448272705078,10,11
2025-10-12,Deccan Plateau,17.8,78.5,32.33085632324219,10,11
2025-10-13,Deccan Plateau,17.8,78.5,29.576929092407227,10,11
2025-10-14,Deccan Plateau,17.8,78.5,31.211641311645508,10,11
2025-10-15,Deccan Plateau,17.8,78.5,32.317054748535156,10,11
2025-10-16,Deccan Plateau,17.8,78.5,32.30859375,10,11
2025-10-17,Deccan Plateau,17.8,78.5,32.45115280151367,10,11
2025-10-18,Deccan Plateau,17.8,78.5,32.10581588745117,10,11
2025-10-19,Deccan Plateau,17.8,78.5,31.566511154174805,10,11
2025-10-20,Deccan Plateau,17.8,78.5,31.426910400390625,10,11
2025-10-21,Deccan Plateau,17.8,78.5,31.811161041259766,10,11
2025-10-22,Deccan Plateau,17.8,78.5,31.300779342651367,10,11
2025-10-23,Deccan Plateau,17.8,78.5,30.413358688354492,10,11
2025-10-24,Deccan Plateau,17.8,78.5,29.46480941772461,10,11
2025-10-25,Deccan Plateau,17.8,78.5,30.331451416015625,10,11
2025-10-26,Deccan Plateau,17.8,78.5,31.164640426635742,10,11
2025-10-27,Deccan Plateau,17.8,78.5,31.790790557861328,10,11
2025-10-28,Deccan Plateau,17.8,78.5,28.605392456054688,10,11
2025-10-29,Deccan Plateau,17.8,78.5,25.42013168334961,10,11
2025-10-30,Deccan Plateau,17.8,78.5,30.66402816772461,10,11
2025-10-31,Deccan Plateau,17.8,78.5,31.66836166381836,10,11
2025-11-01,Deccan Plateau,17.8,78.5,32.124881744384766,10,11
2025-11-02,Deccan Plateau,17.8,78.5,31.621654510498047,10,11
2025-11-03,Deccan Plateau,17.8,78.5,32.10591506958008,10,11
2025-11-04,Deccan Plateau,17.8,78.5,29.687740325927734,10,11
2025-11-05,Deccan Plateau,17.8,78.5,31.492937088012695,10,11
2025-11-06,Deccan Plateau,17.8,78.5,30.51935386657715,10,11
2025-11-07,Deccan Plateau,17.8,78.5,31.35158348083496,10,11
2025-11-08,Deccan Plateau,17.8,78.5,31.227792739868164,10,11
2025-11-09,Deccan Plateau,17.8,78.5,30.03101348876953,10,11
2025-11-10,Deccan Plateau,17.8,78.5,30.198036193847656,10,11
2025-11-11,Deccan Plateau,17.8,78.5,30.85108184814453,10,11
2025-11-12,Deccan Plateau,17.8,78.5,30.64761734008789,10,11
2025-11-13,Deccan Plateau,17.8,78.5,30.470184326171875,10,11
2025-11-14,Deccan Plateau,17.8,78.5,29.893644332885742,10,11
2025-11-15,Deccan Plateau,17.8,78.5,29.50484275817871,10,11
2025-11-16,Deccan Plateau,17.8,78.5,29.264921188354492,10,11
2025-11-17,Deccan Plateau,17.8,78.5,28.816965103149414,10,11
2025-11-18,Deccan Plateau,17.8,78.5,29.980998992919922,10,11
2025-11-19,Deccan Plateau,17.8,78.5,29.79928207397461,10,11
2025-11-20,Deccan Plateau,17.8,78.5,30.42793846130371,10,11
2025-11-21,Deccan Plateau,17.8,78.5,31.318357467651367,10,11
2025-11-22,Deccan Plateau,17.8,78.5,31.67527198791504,10,11
2025-11-23,Deccan Plateau,17.8,78.5,31.82994842529297,10,11
2025-11-24,Deccan Plateau,17.8,78.5,31.331653594970703,10,11
2025-11-25,Deccan Plateau,17.8,78.5,30.492834091186523,10,11
2025-11-26,Deccan Plateau,17.8,78.5,30.574016571044922,10,11
2025-11-27,Deccan Plateau,17.8,78.5,29.17072868347168,10,11
2025-11-28,Deccan Plateau,17.8,78.5,29.163902282714844,10,11
2025-11-29,Deccan Plateau,17.8,78.5,28.373037338256836,10,11
2025-11-30,Deccan Plateau,17.8,78.5,28.600875854492188,10,11
2025-12-01,Deccan Plateau,17.8,78.5,29.496549606323242,10,11
2025-12-02,Deccan Plateau,17.8,78.5,29.715185165405273,10,11
2025-12-03,Deccan Plateau,17.8,78.5,29.053627014160156,10,11
2025-12-04,Deccan Plateau,17.8,78.5,29.902109146118164,10,11
2025-12-05,Deccan Plateau,17.8,78.5,29.360002517700195,10,11
2025-12-06,Deccan Plateau,17.8,78.5,29.318784713745117,10,11
2025-12-07,Deccan Plateau,17.8,78.5,29.966949462890625,10,11
2025-12-08,Deccan Plateau,17.8,78.5,29.503293991088867,10,11
2025-12-09,Deccan Plateau,17.8,78.5,30.29991912841797,10,11
2025-12-10,Deccan Plateau,17.8,78.5,30.179269790649414,10,11
2025-12-11,Deccan Plateau,17.8,78.5,29.820823669433594,10,11
2025-12-12,Deccan Plateau,17.8,78.5,29.93061065673828,10,11
2025-12-13,Deccan Plateau,17.8,78.5,29.84397315979004,10,11
2025-12-14,Deccan Plateau,17.8,78.5,29.6179141998291,10,11
2025-12-15,Deccan Plateau,17.8,78.5,29.374113082885742,10,11
2025-12-16,Deccan Plateau,17.8,78.5,29.819658279418945,10,11
2025-12-17,Deccan Plateau,17.8,78.5,30.549028396606445,10,11
2025-12-18,Deccan Plateau,17.8,78.5,30.398597717285156,10,11
2025-12-19,Deccan Plateau,17.8,78.5,29.554628372192383,10,11
2025-12-20,Deccan Plateau,17.8,78.5,29.373981475830078,10,11
2025-12-21,Deccan Plateau,17.8,78.5,28.807249069213867,10,11
2025-12-22,Deccan Plateau,17.8,78.5,29.284536361694336,10,11
2025-12-23,Deccan Plateau,17.8,78.5,29.46541976928711,10,11
2025-12-24,Deccan Plateau,17.8,78.5,29.018442153930664,10,11
2025-12-25,Deccan Plateau,17.8,78.5,29.204509735107422,10,11
2025-12-26,Deccan Plateau,17.8,78.5,28.853172302246094,10,11
2025-12-27,Deccan Plateau,17.8,78.5,28.690813064575195,10,11
2025-12-28,Deccan Plateau,17.8,78.5,28.902467727661133,10,11
2025-12-29,Deccan Plateau,17.8,78.5,28.596094131469727,10,11
2025-12-30,Deccan Plateau,17.8,78.5,29.743755340576172,10,11
2025-12-31,Deccan Plateau,17.8,78.5,30.16171646118164,10,11
2025-01-01,Indo-Gangetic Plain,26.5,81.0,16.427425384521484,19,14
2025-01-02,Indo-Gangetic Plain,26.5,81.0,18.34581756591797,19,14
2025-01-03,Indo-Gangetic Plain,26.5,81.0,17.94519805908203,19,14
2025-01-04,Indo-Gangetic Plain,26.5,81.0,17.614356994628906,19,14
2025-01-05,Indo-Gangetic Plain,26.5,81.0,15.631450653076172,19,14
2025-01-06,Indo-Gangetic Plain,26.5,81.0,17.477705001831055,19,14
2025-01-07,Indo-Gangetic Plain,26.5,81.0,15.129400253295898,19,14
2025-01-08,Indo-Gangetic Plain,26.5,81.0,17.054420471191406,19,14
2025-01-09,Indo-Gangetic Plain,26.5,81.0,20.618144989013672,19,14
2025-01-10,Indo-Gangetic Plain,26.5,81.0,21.84195899963379,19,14
2025-01-11,Indo-Gangetic Plain,26.5,81.0,23.063871383666992,19,14
2025-01-12,Indo-Gangetic Plain,26.5,81.0,20.78679656982422,19,14
2025-01-13,Indo-Gangetic Plain,26.5,81.0,20.262964248657227,19,14
2025-01-14,Indo-Gangetic Plain,26.5,81.0,17.936155319213867,19,14
2025-01-15,Indo-Gangetic Plain,26.5,81.0,16.57452964782715,19,14
2025-01-16,Indo-Gangetic Plain,26.5,81.0,17.180862426757812,19,14
2025-01-17,Indo-Gangetic Plain,26.5,81.0,22.346315383911133,19,14
2025-01-18,Indo-Gangetic Plain,26.5,81.0,20.112680435180664,19,14
2025-01-19,Indo-Gangetic Plain,26.5,81.0,22.412338256835938,19,14
2025-01-20,Indo-Gangetic Plain,26.5,81.0,24.981185913085938,19,14
2025-01-21,Indo-Gangetic Plain,26.5,81.0,24.57063102722168,19,14
2025-01-22,Indo-Gangetic Plain,26.5,81.0,24.616607666015625,19,14
2025-01-23,Indo-Gangetic Plain,26.5,81.0,24.21076202392578,19,14
2025-01-24,Indo-Gangetic Plain,26.5,81.0,24.082332611083984,19,14
2025-01-25,Indo-Gangetic Plain,26.5,81.0,24.679115295410156,19,14
2025-01-26,Indo-Gangetic Plain,26.5,81.0,23.85335922241211,19,14
2025-01-27,Indo-Gangetic Plain,26.5,81.0,23.736791610717773,19,14
2025-01-28,Indo-Gangetic Plain,26.5,81.0,23.790307998657227,19,14
2025-01-29,Indo-Gangetic Plain,26.5,81.0,24.997089385986328,19,14
2025-01-30,Indo-Gangetic Plain,26.5,81.0,26.756174087524414,19,14
2025-01-31,Indo-Gangetic Plain,26.5,81.0,27.897510528564453,19,14
2025-02-01,Indo-Gangetic Plain,26.5,81.0,28.259353637695312,19,14
2025-02-02,Indo-Gangetic Plain,26.5,81.0,28.17053985595703,19,14
2025-02-03,Indo-Gangetic Plain,26.5,81.0,26.413192749023438,19,14
2025-02-04,Indo-Gangetic Plain,26.5,81.0,27.04823112487793,19,14
2025-02-05,Indo-Gangetic Plain,26.5,81.0,26.41617202758789,19,14
2025-02-06,Indo-Gangetic Plain,26.5,81.0,24.34562110900879,19,14
2025-02-07,Indo-Gangetic Plain,26.5,81.0,24.39204216003418,19,14
2025-02-08,Indo-Gangetic Plain,26.5,81.0,25.138822555541992,19,14
2025-02-09,Indo-Gangetic Plain,26.5,81.0,27.78164291381836,19,14
2025-02-10,Indo-Gangetic Plain,26.5,81.0,28.912702560424805,19,14
2025-02-11,Indo-Gangetic Plain,26.5,81.0,28.780677795410156,19,14
2025-02-12,Indo-Gangetic Plain,26.5,81.0,29.32632827758789,19,14
2025-02-13,Indo-Gangetic Plain,26.5,81.0,25.822021484375,19,14
2025-02-14,Indo-Gangetic Plain,26.5,81.0,26.167333602905273,19,14
2025-02-15,Indo-Gangetic Plain,26.5,81.0,29.040252685546875,19,14
2025-02-16,Indo-Gangetic Plain,26.5,81.0,29.366931915283203,19,14
2025-02-17,Indo-Gangetic Plain,26.5,81.0,29.21807861328125,19,14
2025-02-18,Indo-Gangetic Plain,26.5,81.0,28.547420501708984,19,14
2025-02-19,Indo-Gangetic Plain,26.5,81.0,29.003568649291992,19,14
2025-02-20,Indo-Gangetic Plain,26.5,81.0,28.095937728881836,19,14
2025-02-21,Indo-Gangetic Plain,26.5,81.0,29.97876739501953,19,14
2025-02-22,Indo-Gangetic Plain,26.5,81.0,28.257841110229492,19,14
2025-02-23,Indo-Gangetic Plain,26.5,81.0,27.09665298461914,19,14
2025-02-24,Indo-Gangetic Plain,26.5,81.0,28.25486183166504,19,14
2025-02-25,Indo-Gangetic Plain,26.5,81.0,28.154096603393555,19,14
2025-02-26,Indo-Gangetic Plain,26.5,81.0,28.971590042114258,19,14
2025-02-27,Indo-Gangetic Plain,26.5,81.0,30.822742462158203,19,14
2025-02-28,Indo-Gangetic Plain,26.5,81.0,29.690576553344727,19,14
2025-03-01,Indo-Gangetic Plain,26.5,81.0,29.927457809448242,19,14
2025-03-02,Indo-Gangetic Plain,26.5,81.0,30.32231330871582,19,14
2025-03-03,Indo-Gangetic Plain,26.5,81.0,29.551889419555664,19,14
2025-03-04,Indo-Gangetic Plain,26.5,81.0,30.3653621673584,19,14
2025-03-05,Indo-Gangetic Plain,26.5,81.0,26.093860626220703,19,14
2025-03-06,Indo-Gangetic Plain,26.5,81.0,27.627552032470703,19,14
2025-03-07,Indo-Gangetic Plain,26.5,81.0,30.059675216674805,19,14
2025-03-08,Indo-Gangetic Plain,26.5,81.0,30.935523986816406,19,14
2025-03-09,Indo-Gangetic Plain,26.5,81.0,32.000892639160156,19,14
2025-03-10,Indo-Gangetic Plain,26.5,81.0,32.13907241821289,19,14
2025-03-11,Indo-Gangetic Plain,26.5,81.0,33.693458557128906,19,14
2025-03-12,Indo-Gangetic Plain,26.5,81.0,35.32899856567383,19,14
2025-03-13,Indo-Gangetic Plain,26.5,81.0,34.53131866455078,19,14
2025-03-14,Indo-Gangetic Plain,26.5,81.0,35.48744583129883,19,14
2025-03-15,Indo-Gangetic Plain,26.5,81.0,36.57295608520508,19,14
2025-03-16,Indo-Gangetic Plain,26.5,81.0,34.679412841796875,19,14
2025-03-17,Indo-Gangetic Plain,26.5,81.0,33.5093994140625,19,14
2025-03-18,Indo-Gangetic Plain,26.5,81.0,32.11643981933594,19,14
2025-03-19,Indo-Gangetic Plain,26.5,81.0,33.3222770690918,19,14
2025-03-20,Indo-Gangetic Plain,26.5,81.0,32.701969146728516,19,14
2025-03-21,Indo-Gangetic Plain,26.5,81.0,33.6683349609375,19,14
2025-03-22,Indo-Gangetic Plain,26.5,81.0,33.431488037109375,19,14
2025-03-23,Indo-Gangetic Plain,26.5,81.0,32.73748779296875,19,14
2025-03-24,Indo-Gangetic Plain,26.5,81.0,33.77315902709961,19,14
2025-03-25,Indo-Gangetic Plain,26.5,81.0,35.602386474609375,19,14
2025-03-26,Indo-Gangetic Plain,26.5,81.0,38.25804138183594,19,14
2025-03-27,Indo-Gangetic Plain,26.5,81.0,38.9388427734375,19,14
2025-03-28,Indo-Gangetic Plain,26.5,81.0,36.967079162597656,19,14
2025-03-29,Indo-Gangetic Plain,26.5,81.0,34.243595123291016,19,14
2025-03-30,Indo-Gangetic Plain,26.5,81.0,35.090728759765625,19,14
2025-03-31,Indo-Gangetic Plain,26.5,81.0,37.03606414794922,19,14
2025-04-01,Indo-Gangetic Plain,26.5,81.0,37.23455810546875,19,14
2025-04-02,Indo-Gangetic Plain,26.5,81.0,35.23460006713867,19,14
2025-04-03,Indo-Gangetic Plain,26.5,81.0,37.112831115722656,19,14
2025-04-04,Indo-Gangetic Plain,26.5,81.0,38.53635787963867,19,14
2025-04-05,Indo-Gangetic Plain,26.5,81.0,39.16050720214844,19,14
2025-04-06,Indo-Gangetic Plain,26.5,81.0,39.56452941894531,19,14
2025-04-07,Indo-Gangetic Plain,26.5,81.0,40.0142936706543,19,14
2025-04-08,Indo-Gangetic Plain,26.5,81.0,39.70288848876953,19,14
2025-04-09,Indo-Gangetic Plain,26.5,81.0,39.5074348449707,19,14
2025-04-10,Indo-Gangetic Plain,26.5,81.0,32.597660064697266,19,14
2025-04-11,Indo-Gangetic Plain,26.5,81.0,36.075931549072266,19,14
2025-04-12,Indo-Gangetic Plain,26.5,81.0,36.5754508972168,19,14
2025-04-13,Indo-Gangetic Plain,26.5,81.0,34.91240692138672,19,14
2025-04-14,Indo-Gangetic Plain,26.5,81.0,35.455570220947266,19,14
2025-04-15,Indo-Gangetic Plain,26.5,81.0,35.879024505615234,19,14
2025-04-16,Indo-Gangetic Plain,26.5,81.0,37.48991394042969,19,14
2025-04-17,Indo-Gangetic Plain,26.5,81.0,38.69008255004883,19,14
2025-04-18,Indo-Gangetic Plain,26.5,81.0,38.03627395629883,19,14
2025-04-19,Indo-Gangetic Plain,26.5,81.0,37.123130798339844,19,14
2025-04-20,Indo-Gangetic Plain,26.5,81.0,39.381465911865234,19,14
2025-04-21,Indo-Gangetic Plain,26.5,81.0,41.76001739501953,19,14
2025-04-22,Indo-Gangetic Plain,26.5,81.0,42.17213821411133,19,14
2025-04-23,Indo-Gangetic Plain,26.5,81.0,41.36454391479492,19,14
2025-04-24,Indo-Gangetic Plain,26.5,81.0,42.36773681640625,19,14
2025-04-25,Indo-Gangetic Plain,26.5,81.0,42.815616607666016,19,14
2025-04-26,Indo-Gangetic Plain,26.5,81.0,42.62099075317383,19,14
2025-04-27,Indo-Gangetic Plain,26.5,81.0,38.54633331298828,19,14
2025-04-28,Indo-Gangetic Plain,26.5,81.0,37.12033462524414,19,14
2025-04-29,Indo-Gangetic Plain,26.5,81.0,36.35441207885742,19,14
2025-04-30,Indo-Gangetic Plain,26.5,81.0,36.32913589477539,19,14
2025-05-01,Indo-Gangetic Plain,26.5,81.0,37.23124694824219,19,14
2025-05-02,Indo-Gangetic Plain,26.5,81.0,35.76982879638672,19,14
2025-05-03,Indo-Gangetic Plain,26.5,81.0,38.06098556518555,19,14
2025-05-04,Indo-Gangetic Plain,26.5,81.0,37.078125,19,14
2025-05-05,Indo-Gangetic Plain,26.5,81.0,35.72322082519531,19,14
2025-05-06,Indo-Gangetic Plain,26.5,81.0,35.122779846191406,19,14
2025-05-07,Indo-Gangetic Plain,26.5,81.0,37.755699157714844,19,14
2025-05-08,Indo-Gangetic Plain,26.5,81.0,37.575801849365234,19,14
2025-05-09,Indo-Gangetic Plain,26.5,81.0,38.88063430786133,19,14
2025-05-10,Indo-Gangetic Plain,26.5,81.0,39.32724380493164,19,14
2025-05-11,Indo-Gangetic Plain,26.5,81.0,40.237979888916016,19,14
2025-05-12,Indo-Gangetic Plain,26.5,81.0,39.76158142089844,19,14
2025-05-13,Indo-Gangetic Plain,26.5,81.0,40.55939483642578,19,14
2025-05-14,Indo-Gangetic Plain,26.5,81.0,40.67559814453125,19,14
2025-05-15,Indo-Gangetic Plain,26.5,81.0,41.516265869140625,19,14
2025-05-16,Indo-Gangetic Plain,26.5,81.0,41.543643951416016,19,14
2025-05-17,Indo-Gangetic Plain,26.5,81.0,39.88556671142578,19,14
2025-05-18,Indo-Gangetic Plain,26.5,81.0,39.02854919433594,19,14
2025-05-19,Indo-Gangetic Plain,26.5,81.0,37.85981369018555,19,14
2025-05-20,Indo-Gangetic Plain,26.5,81.0,39.109947204589844,19,14
2025-05-21,Indo-Gangetic Plain,26.5,81.0,38.034751892089844,19,14
2025-05-22,Indo-Gangetic Plain,26.5,81.0,33.956932067871094,19,14
2025-05-23,Indo-Gangetic Plain,26.5,81.0,37.46953201293945,19,14
2025-05-24,Indo-Gangetic Plain,26.5,81.0,36.78145217895508,19,14
2025-05-25,Indo-Gangetic Plain,26.5,81.0,36.936676025390625,19,14
2025-05-26,Indo-Gangetic Plain,26.5,81.0,37.781005859375,19,14
2025-05-27,Indo-Gangetic Plain,26.5,81.0,37.7355842590332,19,14
2025-05-28,Indo-Gangetic Plain,26.5,81.0,39.01038360595703,19,14
2025-05-29,Indo-Gangetic Plain,26.5,81.0,39.51607894897461,19,14
2025-05-30,Indo-Gangetic Plain,26.5,81.0,39.54420852661133,19,14
2025-05-31,Indo-Gangetic Plain,26.5,81.0,39.3654899597168,19,14
2025-06-01,Indo-Gangetic Plain,26.5,81.0,40.27720260620117,19,14
2025-06-02,Indo-Gangetic Plain,26.5,81.0,38.971961975097656,19,14
2025-06-03,Indo-Gangetic Plain,26.5,81.0,35.00087356567383,19,14
2025-06-04,Indo-Gangetic Plain,26.5,81.0,37.364925384521484,19,14
2025-06-05,Indo-Gangetic Plain,26.5,81.0,38.03995132446289,19,14
2025-06-06,Indo-Gangetic Plain,26.5,81.0,39.09701156616211,19,14
2025-06-07,Indo-Gangetic Plain,26.5,81.0,40.9156379699707,19,14
2025-06-08,Indo-Gangetic Plain,26.5,81.0,41.82661056518555,19,14
2025-06-09,Indo-Gangetic Plain,26.5,81.0,42.45654296875,19,14
2025-06-10,Indo-Gangetic Plain,26.5,81.0,42.54864501953125,19,14
2025-06-11,Indo-Gangetic Plain,26.5,81.0,41.79507064819336,19,14
2025-06-12,Indo-Gangetic Plain,26.5,81.0,41.975807189941406,19,14
2025-06-13,Indo-Gangetic Plain,26.5,81.0,40.669429779052734,19,14
2025-06-14,Indo-Gangetic Plain,26.5,81.0,42.50659942626953,19,14
2025-06-15,Indo-Gangetic Plain,26.5,81.0,38.721153259277344,19,14
2025-06-16,Indo-Gangetic Plain,26.5,81.0,35.41509246826172,19,14
2025-06-17,Indo-Gangetic Plain,26.5,81.0,36.937034606933594,19,14
2025-06-18,Indo-Gangetic Plain,26.5,81.0,35.788883209228516,19,14
2025-06-19,Indo-Gangetic Plain,26.5,81.0,36.438777923583984,19,14
2025-06-20,Indo-Gangetic Plain,26.5,81.0,32.72216796875,19,14
2025-06-21,Indo-Gangetic Plain,26.5,81.0,33.22706604003906,19,14
2025-06-22,Indo-Gangetic Plain,26.5,81.0,32.60365676879883,19,14
2025-06-23,Indo-Gangetic Plain,26.5,81.0,31.316619873046875,19,14
2025-06-24,Indo-Gangetic Plain,26.5,81.0,33.76432418823242,19,14
2025-06-25,Indo-Gangetic Plain,26.5,81.0,34.036827087402344,19,14
2025-06-26,Indo-Gangetic Plain,26.5,81.0,34.68428421020508,19,14
2025-06-27,Indo-Gangetic Plain,26.5,81.0,34.5910758972168,19,14
2025-06-28,Indo-Gangetic Plain,26.5,81.0,33.17216110229492,19,14
2025-06-29,Indo-Gangetic Plain,26.5,81.0,33.084739685058594,19,14
2025-06-30,Indo-Gangetic Plain,26.5,81.0,31.305076599121094,19,14
2025-07-01,Indo-Gangetic Plain,26.5,81.0,32.775455474853516,19,14
2025-07-02,Indo-Gangetic Plain,26.5,81.0,34.1483039855957,19,14
2025-07-03,Indo-Gangetic Plain,26.5,81.0,33.92109680175781,19,14
2025-07-04,Indo-Gangetic Plain,26.5,81.0,34.286983489990234,19,14
2025-07-05,Indo-Gangetic Plain,26.5,81.0,33.73411178588867,19,14
2025-07-06,Indo-Gangetic Plain,26.5,81.0,34.81352615356445,19,14
2025-07-07,Indo-Gangetic Plain,26.5,81.0,35.62179183959961,19,14
2025-07-08,Indo-Gangetic Plain,26.5,81.0,36.58283615112305,19,14
2025-07-09,Indo-Gangetic Plain,26.5,81.0,31.798830032348633,19,14
2025-07-10,Indo-Gangetic Plain,26.5,81.0,32.97893524169922,19,14
2025-07-11,Indo-Gangetic Plain,26.5,81.0,32.13792037963867,19,14
2025-07-12,Indo-Gangetic Plain,26.5,81.0,31.76543426513672,19,14
2025-07-13,Indo-Gangetic Plain,26.5,81.0,33.890647888183594,19,14
2025-07-14,Indo-Gangetic Plain,26.5,81.0,33.4710578918457,19,14
2025-07-15,Indo-Gangetic Plain,26.5,81.0,34.044918060302734,19,14
2025-07-16,Indo-Gangetic Plain,26.5,81.0,33.07600402832031,19,14
2025-07-17,Indo-Gangetic Plain,26.5,81.0,30.93648910522461,19,14
2025-07-18,Indo-Gangetic Plain,26.5,81.0,33.80076599121094,19,14
2025-07-19,Indo-Gangetic Plain,26.5,81.0,35.14743423461914,19,14
2025-07-20,Indo-Gangetic Plain,26.5,81.0,34.45643615722656,19,14
2025-07-21,Indo-Gangetic Plain,26.5,81.0,35.60055160522461,19,14
2025-07-22,Indo-Gangetic Plain,26.5,81.0,36.01750183105469,19,14
2025-07-23,Indo-Gangetic Plain,26.5,81.0,36.151123046875,19,14
2025-07-24,Indo-Gangetic Plain,26.5,81.0,35.32672882080078,19,14
2025-07-25,Indo-Gangetic Plain,26.5,81.0,35.26103591918945,19,14
2025-07-26,Indo-Gangetic Plain,26.5,81.0,32.774532318115234,19,14
2025-07-27,Indo-Gangetic Plain,26.5,81.0,32.6671028137207,19,14
2025-07-28,Indo-Gangetic Plain,26.5,81.0,31.405149459838867,19,14
2025-07-29,Indo-Gangetic Plain,26.5,81.0,32.48888397216797,19,14
2025-07-30,Indo-Gangetic Plain,26.5,81.0,32.4303092956543,19,14
2025-07-31,Indo-Gangetic Plain,26.5,81.0,30.87437629699707,19,14
2025-08-01,Indo-Gangetic Plain,26.5,81.0,32.208003997802734,19,14
2025-08-02,Indo-Gangetic Plain,26.5,81.0,31.5284481048584,19,14
2025-08-03,Indo-Gangetic Plain,26.5,81.0,29.30943489074707,19,14
2025-08-04,Indo-Gangetic Plain,26.5,81.0,28.455089569091797,19,14
2025-08-05,Indo-Gangetic Plain,26.5,81.0,32.67717742919922,19,14
2025-08-06,Indo-Gangetic Plain,26.5,81.0,33.499794006347656,19,14
2025-08-07,Indo-Gangetic Plain,26.5,81.0,35.36532974243164,19,14
2025-08-08,Indo-Gangetic Plain,26.5,81.0,30.441186904907227,19,14
2025-08-09,Indo-Gangetic Plain,26.5,81.0,32.39033508300781,19,14
2025-08-10,Indo-Gangetic Plain,26.5,81.0,33.871620178222656,19,14
2025-08-11,Indo-Gangetic Plain,26.5,81.0,32.27796936035156,19,14
2025-08-12,Indo-Gangetic Plain,26.5,81.0,34.29780960083008,19,14
2025-08-13,Indo-Gangetic Plain,26.5,81.0,32.542381286621094,19,14
2025-08-14,Indo-Gangetic Plain,26.5,81.0,33.22053146362305,19,14
2025-08-15,Indo-Gangetic Plain,26.5,81.0,34.95329284667969,19,14
2025-08-16,Indo-Gangetic Plain,26.5,81.0,35.16937255859375,19,14
2025-08-17,Indo-Gangetic Plain,26.5,81.0,36.05110549926758,19,14
2025-08-18,Indo-Gangetic Plain,26.5,81.0,34.28509521484375,19,14
2025-08-19,Indo-Gangetic Plain,26.5,81.0,34.419071197509766,19,14
2025-08-20,Indo-Gangetic Plain,26.5,81.0,33.83016586303711,19,14
2025-08-21,Indo-Gangetic Plain,26.5,81.0,33.113136291503906,19,14
2025-08-22,Indo-Gangetic Plain,26.5,81.0,32.76434326171875,19,14
2025-08-23,Indo-Gangetic Plain,26.5,81.0,32.54701614379883,19,14
2025-08-24,Indo-Gangetic Plain,26.5,81.0,31.055278778076172,19,14
2025-08-25,Indo-Gangetic Plain,26.5,81.0,31.674396514892578,19,14
2025-08-26,Indo-Gangetic Plain,26.5,81.0,33.37152099609375,19,14
2025-08-27,Indo-Gangetic Plain,26.5,81.0,35.0203857421875,19,14
2025-08-28,Indo-Gangetic Plain,26.5,81.0,34.08476638793945,19,14
2025-08-29,Indo-Gangetic Plain,26.5,81.0,33.57325744628906,19,14
2025-08-30,Indo-Gangetic Plain,26.5,81.0,33.96913528442383,19,14
2025-08-31,Indo-Gangetic Plain,26.5,81.0,33.31010818481445,19,14
2025-09-01,Indo-Gangetic Plain,26.5,81.0,30.53896713256836,19,14
2025-09-02,Indo-Gangetic Plain,26.5,81.0,32.07566833496094,19,14
2025-09-03,Indo-Gangetic Plain,26.5,81.0,33.4076042175293,19,14
2025-09-04,Indo-Gangetic Plain,26.5,81.0,32.616703033447266,19,14
2025-09-05,Indo-Gangetic Plain,26.5,81.0,33.20231246948242,19,14
2025-09-06,Indo-Gangetic Plain,26.5,81.0,34.31959915161133,19,14
2025-09-07,Indo-Gangetic Plain,26.5,81.0,34.76670455932617,19,14
2025-09-08,Indo-Gangetic Plain,26.5,81.0,34.39115905761719,19,14
2025-09-09,Indo-Gangetic Plain,26.5,81.0,33.79679489135742,19,14
2025-09-10,Indo-Gangetic Plain,26.5,81.0,34.8389892578125,19,14
2025-09-11,Indo-Gangetic Plain,26.5,81.0,33.85268783569336,19,14
2025-09-12,Indo-Gangetic Plain,26.5,81.0,34.31563186645508,19,14
2025-09-13,Indo-Gangetic Plain,26.5,81.0,35.562278747558594,19,14
2025-09-14,Indo-Gangetic Plain,26.5,81.0,35.09735107421875,19,14
2025-09-15,Indo-Gangetic Plain,26.5,81.0,32.699134826660156,19,14
2025-09-16,Indo-Gangetic Plain,26.5,81.0,31.228315353393555,19,14
2025-09-17,Indo-Gangetic Plain,26.5,81.0,32.064090728759766,19,14
2025-09-18,Indo-Gangetic Plain,26.5,81.0,31.562055587768555,19,14
2025-09-19,Indo-Gangetic Plain,26.5,81.0,32.58723449707031,19,14
2025-09-20,Indo-Gangetic Plain,26.5,81.0,33.85634231567383,19,14
2025-09-21,Indo-Gangetic Plain,26.5,81.0,35.0194091796875,19,14
2025-09-22,Indo-Gangetic Plain,26.5,81.0,35.42090606689453,19,14
2025-09-23,Indo-Gangetic Plain,26.5,81.0,35.810237884521484,19,14
2025-09-24,Indo-Gangetic Plain,26.5,81.0,35.467369079589844,19,14
2025-09-25,Indo-Gangetic Plain,26.5,81.0,34.622745513916016,19,14
2025-09-26,Indo-Gangetic Plain,26.5,81.0,35.59248733520508,19,14
2025-09-27,Indo-Gangetic Plain,26.5,81.0,33.00246810913086,19,14
2025-09-28,Indo-Gangetic Plain,26.5,81.0,33.92262649536133,19,14
2025-09-29,Indo-Gangetic Plain,26.5,81.0,34.963287353515625,19,14
2025-09-30,Indo-Gangetic Plain,26.5,81.0,33.641929626464844,19,14
2025-10-01,Indo-Gangetic Plain,26.5,81.0,32.837867736816406,19,14
2025-10-02,Indo-Gangetic Plain,26.5,81.0,31.314302444458008,19,14
2025-10-03,Indo-Gangetic Plain,26.5,81.0,30.460269927978516,19,14
2025-10-04,Indo-Gangetic Plain,26.5,81.0,30.227611541748047,19,14
2025-10-05,Indo-Gangetic Plain,26.5,81.0,33.69328308105469,19,14
2025-10-06,Indo-Gangetic Plain,26.5,81.0,33.62739181518555,19,14
2025-10-07,Indo-Gangetic Plain,26.5,81.0,32.027042388916016,19,14
2025-10-08,Indo-Gangetic Plain,26.5,81.0,31.98225975036621,19,14
2025-10-09,Indo-Gangetic Plain,26.5,81.0,31.356781005859375,19,14
2025-10-10,Indo-Gangetic Plain,26.5,81.0,31.246559143066406,19,14
2025-10-11,Indo-Gangetic Plain,26.5,81.0,31.454856872558594,19,14
2025-10-12,Indo-Gangetic Plain,26.5,81.0,31.634571075439453,19,14
2025-10-13,Indo-Gangetic Plain,26.5,81.0,32.31169509887695,19,14
2025-10-14,Indo-Gangetic Plain,26.5,81.0,32.679874420166016,19,14
2025-10-15,Indo-Gangetic Plain,26.5,81.0,32.53242111206055,19,14
2025-10-16,Indo-Gangetic Plain,26.5,81.0,32.849308013916016,19,14
2025-10-17,Indo-Gangetic Plain,26.5,81.0,33.25563049316406,19,14
2025-10-18,Indo-Gangetic Plain,26.5,81.0,32.96669006347656,19,14
2025-10-19,Indo-Gangetic Plain,26.5,81.0,32.65816879272461,19,14
2025-10-20,Indo-Gangetic Plain,26.5,81.0,32.70117950439453,19,14
2025-10-21,Indo-Gangetic Plain,26.5,81.0,32.31203079223633,19,14
2025-10-22,Indo-Gangetic Plain,26.5,81.0,32.59772491455078,19,14
2025-10-23,Indo-Gangetic Plain,26.5,81.0,33.28603744506836,19,14
2025-10-24,Indo-Gangetic Plain,26.5,81.0,33.308799743652344,19,14
2025-10-25,Indo-Gangetic Plain,26.5,81.0,32.47127151489258,19,14
2025-10-26,Indo-Gangetic Plain,26.5,81.0,32.04298782348633,19,14
2025-10-27,Indo-Gangetic Plain,26.5,81.0,27.639745712280273,19,14
2025-10-28,Indo-Gangetic Plain,26.5,81.0,26.093408584594727,19,14
2025-10-29,Indo-Gangetic Plain,26.5,81.0,28.433074951171875,19,14
2025-10-30,Indo-Gangetic Plain,26.5,81.0,24.346942901611328,19,14
2025-10-31,Indo-Gangetic Plain,26.5,81.0,24.91387939453125,19,14
2025-11-01,Indo-Gangetic Plain,26.5,81.0,28.57223892211914,19,14
2025-11-02,Indo-Gangetic Plain,26.5,81.0,29.974409103393555,19,14
2025-11-03,Indo-Gangetic Plain,26.5,81.0,30.498579025268555,19,14
2025-11-04,Indo-Gangetic Plain,26.5,81.0,31.074365615844727,19,14
2025-11-05,Indo-Gangetic Plain,26.5,81.0,31.357494354248047,19,14
2025-11-06,Indo-Gangetic Plain,26.5,81.0,30.19954490661621,19,14
2025-11-07,Indo-Gangetic Plain,26.5,81.0,29.189720153808594,19,14
2025-11-08,Indo-Gangetic Plain,26.5,81.0,29.259689331054688,19,14
2025-11-09,Indo-Gangetic Plain,26.5,81.0,28.951318740844727,19,14
2025-11-10,Indo-Gangetic Plain,26.5,81.0,28.421804428100586,19,14
2025-11-11,Indo-Gangetic Plain,26.5,81.0,28.602458953857422,19,14
2025-11-12,Indo-Gangetic Plain,26.5,81.0,28.637714385986328,19,14
2025-11-13,Indo-Gangetic Plain,26.5,81.0,28.79477310180664,19,14
2025-11-14,Indo-Gangetic Plain,26.5,81.0,27.683134078979492,19,14
2025-11-15,Indo-Gangetic Plain,26.5,81.0,27.785356521606445,19,14
2025-11-16,Indo-Gangetic Plain,26.5,81.0,27.956117630004883,19,14
2025-11-17,Indo-Gangetic Plain,26.5,81.0,27.79497528076172,19,14
2025-11-18,Indo-Gangetic Plain,26.5,81.0,28.301530838012695,19,14
2025-11-19,Indo-Gangetic Plain,26.5,81.0,27.83574676513672,19,14
2025-11-20,Indo-Gangetic Plain,26.5,81.0,27.809860229492188,19,14
2025-11-21,Indo-Gangetic Plain,26.5,81.0,27.443256378173828,19,14
2025-11-22,Indo-Gangetic Plain,26.5,81.0,27.249818801879883,19,14
2025-11-23,Indo-Gangetic Plain,26.5,81.0,27.119661331176758,19,14
2025-11-24,Indo-Gangetic Plain,26.5,81.0,27.073856353759766,19,14
2025-11-25,Indo-Gangetic Plain,26.5,81.0,25.499046325683594,19,14
2025-11-26,Indo-Gangetic Plain,26.5,81.0,26.023313522338867,19,14
2025-11-27,Indo-Gangetic Plain,26.5,81.0,26.685827255249023,19,14
2025-11-28,Indo-Gangetic Plain,26.5,81.0,27.04094123840332,19,14
2025-11-29,Indo-Gangetic Plain,26.5,81.0,27.008651733398438,19,14
2025-11-30,Indo-Gangetic Plain,26.5,81.0,26.72760772705078,19,14
2025-12-01,Indo-Gangetic Plain,26.5,81.0,26.169116973876953,19,14
2025-12-02,Indo-Gangetic Plain,26.5,81.0,26.251508712768555,19,14
2025-12-03,Indo-Gangetic Plain,26.5,81.0,26.35845184326172,19,14
2025-12-04,Indo-Gangetic Plain,26.5,81.0,24.851701736450195,19,14
2025-12-05,Indo-Gangetic Plain,26.5,81.0,24.583606719970703,19,14
2025-12-06,Indo-Gangetic Plain,26.5,81.0,24.587081909179688,19,14
2025-12-07,Indo-Gangetic Plain,26.5,81.0,24.504167556762695,19,14
2025-12-08,Indo-Gangetic Plain,26.5,81.0,25.43531608581543,19,14
2025-12-09,Indo-Gangetic Plain,26.5,81.0,25.55895233154297,19,14
2025-12-10,Indo-Gangetic Plain,26.5,81.0,25.56547737121582,19,14
2025-12-11,Indo-Gangetic Plain,26.5,81.0,25.471752166748047,19,14
2025-12-12,Indo-Gangetic Plain,26.5,81.0,25.73394012451172,19,14
2025-12-13,Indo-Gangetic Plain,26.5,81.0,25.651172637939453,19,14
2025-12-14,Indo-Gangetic Plain,26.5,81.0,24.997041702270508,19,14
2025-12-15,Indo-Gangetic Plain,26.5,81.0,24.434589385986328,19,14
2025-12-16,Indo-Gangetic Plain,26.5,81.0,22.43216323852539,19,14
2025-12-17,Indo-Gangetic Plain,26.5,81.0,21.66678810119629,19,14
2025-12-18,Indo-Gangetic Plain,26.5,81.0,19.673694610595703,19,14
2025-12-19,Indo-Gangetic Plain,26.5,81.0,18.02246856689453,19,14
2025-12-20,Indo-Gangetic Plain,26.5,81.0,19.13275718688965,19,14
2025-12-21,Indo-Gangetic Plain,26.5,81.0,17.996112823486328,19,14
2025-12-22,Indo-Gangetic Plain,26.5,81.0,18.96109390258789,19,14
2025-12-23,Indo-Gangetic Plain,26.5,81.0,20.244869232177734,19,14
2025-12-24,Indo-Gangetic Plain,26.5,81.0,20.025714874267578,19,14
2025-12-25,Indo-Gangetic Plain,26.5,81.0,20.629459381103516,19,14
2025-12-26,Indo-Gangetic Plain,26.5,81.0,19.496265411376953,19,14
2025-12-27,Indo-Gangetic Plain,26.5,81.0,18.446279525756836,19,14
2025-12-28,Indo-Gangetic Plain,26.5,81.0,16.993122100830078,19,14
2025-12-29,Indo-Gangetic Plain,26.5,81.0,16.295223236083984,19,14
2025-12-30,Indo-Gangetic Plain,26.5,81.0,18.53286361694336,19,14
2025-12-31,Indo-Gangetic Plain,26.5,81.0,18.79467010498047,19,14
2025-01-01,Kerala Coast,9.5,76.5,31.40780258178711,2,9
2025-01-02,Kerala Coast,9.5,76.5,30.44171142578125,2,9
2025-01-03,Kerala Coast,9.5,76.5,30.778785705566406,2,9
2025-01-04,Kerala Coast,9.5,76.5,31.18257713317871,2,9
2025-01-05,Kerala Coast,9.5,76.5,30.840959548950195,2,9
2025-01-06,Kerala Coast,9.5,76.5,30.97513198852539,2,9
2025-01-07,Kerala Coast,9.5,76.5,31.585439682006836,2,9
2025-01-08,Kerala Coast,9.5,76.5,31.19373321533203,2,9
2025-01-09,Kerala Coast,9.5,76.5,30.666744232177734,2,9
2025-01-10,Kerala Coast,9.5,76.5,31.428359985351562,2,9
2025-01-11,Kerala Coast,9.5,76.5,31.407756805419922,2,9
2025-01-12,Kerala Coast,9.5,76.5,31.15085792541504,2,9
2025-01-13,Kerala Coast,9.5,76.5,31.05406379699707,2,9
2025-01-14,Kerala Coast,9.5,76.5,29.536638259887695,2,9
2025-01-15,Kerala Coast,9.5,76.5,29.95305633544922,2,9
2025-01-16,Kerala Coast,9.5,76.5,30.78291893005371,2,9
2025-01-17,Kerala Coast,9.5,76.5,31.20449447631836,2,9
2025-01-18,Kerala Coast,9.5,76.5,29.89837646484375,2,9
2025-01-19,Kerala Coast,9.5,76.5,28.449113845825195,2,9
2025-01-20,Kerala Coast,9.5,76.5,30.8537540435791,2,9
2025-01-21,Kerala Coast,9.5,76.5,30.95355987548828,2,9
2025-01-22,Kerala Coast,9.5,76.5,30.297204971313477,2,9
2025-01-23,Kerala Coast,9.5,76.5,30.28673553466797,2,9
2025-01-24,Kerala Coast,9.5,76.5,31.15703010559082,2,9
2025-01-25,Kerala Coast,9.5,76.5,31.552011489868164,2,9
2025-01-26,Kerala Coast,9.5,76.5,31.93718910217285,2,9
2025-01-27,Kerala Coast,9.5,76.5,31.316463470458984,2,9
2025-01-28,Kerala Coast,9.5,76.5,31.33230972290039,2,9
2025-01-29,Kerala Coast,9.5,76.5,30.959993362426758,2,9
2025-01-30,Kerala Coast,9.5,76.5,31.585668563842773,2,9
2025-01-31,Kerala Coast,9.5,76.5,32.087059020996094,2,9
2025-02-01,Kerala Coast,9.5,76.5,32.51324462890625,2,9
2025-02-02,Kerala Coast,9.5,76.5,33.26665115356445,2,9
2025-02-03,Kerala Coast,9.5,76.5,32.44002151489258,2,9
2025-02-04,Kerala Coast,9.5,76.5,32.33679962158203,2,9
2025-02-05,Kerala Coast,9.5,76.5,32.22807693481445,2,9
2025-02-06,Kerala Coast,9.5,76.5,32.060184478759766,2,9
2025-02-07,Kerala Coast,9.5,76.5,32.374298095703125,2,9
2025-02-08,Kerala Coast,9.5,76.5,32.442138671875,2,9
2025-02-09,Kerala Coast,9.5,76.5,32.168243408203125,2,9
2025-02-10,Kerala Coast,9.5,76.5,32.01013946533203,2,9
2025-02-11,Kerala Coast,9.5,76.5,32.672088623046875,2,9
2025-02-12,Kerala Coast,9.5,76.5,32.94816970825195,2,9
2025-02-13,Kerala Coast,9.5,76.5,32.85503005981445,2,9
2025-02-14,Kerala Coast,9.5,76.5,33.62411117553711,2,9
2025-02-15,Kerala Coast,9.5,76.5,33.60524368286133,2,9
2025-02-16,Kerala Coast,9.5,76.5,33.658607482910156,2,9
2025-02-17,Kerala Coast,9.5,76.5,32.55931091308594,2,9
2025-02-18,Kerala Coast,9.5,76.5,32.80667495727539,2,9
2025-02-19,Kerala Coast,9.5,76.5,33.58431625366211,2,9
2025-02-20,Kerala Coast,9.5,76.5,33.195919036865234,2,9
2025-02-21,Kerala Coast,9.5,76.5,33.30715560913086,2,9
2025-02-22,Kerala Coast,9.5,76.5,32.9212646484375,2,9
2025-02-23,Kerala Coast,9.5,76.5,33.54156494140625,2,9
2025-02-24,Kerala Coast,9.5,76.5,33.09000778198242,2,9
2025-02-25,Kerala Coast,9.5,76.5,32.97624206542969,2,9
2025-02-26,Kerala Coast,9.5,76.5,32.91386413574219,2,9
2025-02-27,Kerala Coast,9.5,76.5,33.599647521972656,2,9
2025-02-28,Kerala Coast,9.5,76.5,32.77135467529297,2,9
2025-03-01,Kerala Coast,9.5,76.5,32.17304992675781,2,9
2025-03-02,Kerala Coast,9.5,76.5,31.985153198242188,2,9
2025-03-03,Kerala Coast,9.5,76.5,32.82014083862305,2,9
2025-03-04,Kerala Coast,9.5,76.5,33.61369705200195,2,9
2025-03-05,Kerala Coast,9.5,76.5,33.899600982666016,2,9
2025-03-06,Kerala Coast,9.5,76.5,34.40358352661133,2,9
2025-03-07,Kerala Coast,9.5,76.5,34.25349807739258,2,9
2025-03-08,Kerala Coast,9.5,76.5,34.11294174194336,2,9
2025-03-09,Kerala Coast,9.5,76.5,34.19920349121094,2,9
2025-03-10,Kerala Coast,9.5,76.5,33.792076110839844,2,9
2025-03-11,Kerala Coast,9.5,76.5,30.228195190429688,2,9
2025-03-12,Kerala Coast,9.5,76.5,30.15479278564453,2,9
2025-03-13,Kerala Coast,9.5,76.5,33.24098205566406,2,9
2025-03-14,Kerala Coast,9.5,76.5,33.570831298828125,2,9
2025-03-15,Kerala Coast,9.5,76.5,34.324424743652344,2,9
2025-03-16,Kerala Coast,9.5,76.5,33.144073486328125,2,9
2025-03-17,Kerala Coast,9.5,76.5,33.907352447509766,2,9
2025-03-18,Kerala Coast,9.5,76.5,34.021148681640625,2,9
2025-03-19,Kerala Coast,9.5,76.5,33.57188415527344,2,9
2025-03-20,Kerala Coast,9.5,76.5,33.46247100830078,2,9
2025-03-21,Kerala Coast,9.5,76.5,33.46086883544922,2,9
2025-03-22,Kerala Coast,9.5,76.5,33.1845588684082,2,9
2025-03-23,Kerala Coast,9.5,76.5,33.158790588378906,2,9
2025-03-24,Kerala Coast,9.5,76.5,33.437442779541016,2,9
2025-03-25,Kerala Coast,9.5,76.5,34.0534553527832,2,9
2025-03-26,Kerala Coast,9.5,76.5,33.86283874511719,2,9
2025-03-27,Kerala Coast,9.5,76.5,33.70711898803711,2,9
2025-03-28,Kerala Coast,9.5,76.5,34.59857177734375,2,9
2025-03-29,Kerala Coast,9.5,76.5,35.36739730834961,2,9
2025-03-30,Kerala Coast,9.5,76.5,35.007164001464844,2,9
2025-03-31,Kerala Coast,9.5,76.5,34.55832290649414,2,9
2025-04-01,Kerala Coast,9.5,76.5,33.692176818847656,2,9
2025-04-02,Kerala Coast,9.5,76.5,32.488677978515625,2,9
2025-04-03,Kerala Coast,9.5,76.5,32.55005645751953,2,9
2025-04-04,Kerala Coast,9.5,76.5,32.473270416259766,2,9
2025-04-05,Kerala Coast,9.5,76.5,31.823881149291992,2,9
2025-04-06,Kerala Coast,9.5,76.5,33.4099006652832,2,9
2025-04-07,Kerala Coast,9.5,76.5,33.08464813232422,2,9
2025-04-08,Kerala Coast,9.5,76.5,33.73495101928711,2,9
2025-04-09,Kerala Coast,9.5,76.5,33.544857025146484,2,9
2025-04-10,Kerala Coast,9.5,76.5,32.94963836669922,2,9
2025-04-11,Kerala Coast,9.5,76.5,33.49655532836914,2,9
2025-04-12,Kerala Coast,9.5,76.5,31.998733520507812,2,9
2025-04-13,Kerala Coast,9.5,76.5,32.2779541015625,2,9
2025-04-14,Kerala Coast,9.5,76.5,33.71195602416992,2,9
2025-04-15,Kerala Coast,9.5,76.5,34.07103729248047,2,9
2025-04-16,Kerala Coast,9.5,76.5,34.206661224365234,2,9
2025-04-17,Kerala Coast,9.5,76.5,34.037357330322266,2,9
2025-04-18,Kerala Coast,9.5,76.5,33.61454772949219,2,9
2025-04-19,Kerala Coast,9.5,76.5,33.899925231933594,2,9
2025-04-20,Kerala Coast,9.5,76.5,34.452423095703125,2,9
2025-04-21,Kerala Coast,9.5,76.5,34.29188537597656,2,9
2025-04-22,Kerala Coast,9.5,76.5,33.664154052734375,2,9
2025-04-23,Kerala Coast,9.5,76.5,33.65437316894531,2,9
2025-04-24,Kerala Coast,9.5,76.5,34.26816940307617,2,9
2025-04-25,Kerala Coast,9.5,76.5,34.09904861450195,2,9
2025-04-26,Kerala Coast,9.5,76.5,33.95841979980469,2,9
2025-04-27,Kerala Coast,9.5,76.5,33.81700897216797,2,9
2025-04-28,Kerala Coast,9.5,76.5,33.7158203125,2,9
2025-04-29,Kerala Coast,9.5,76.5,33.758888244628906,2,9
2025-04-30,Kerala Coast,9.5,76.5,33.537269592285156,2,9
2025-05-01,Kerala Coast,9.5,76.5,33.41127395629883,2,9
2025-05-02,Kerala Coast,9.5,76.5,34.12060546875,2,9
2025-05-03,Kerala Coast,9.5,76.5,33.89741516113281,2,9
2025-05-04,Kerala Coast,9.5,76.5,34.76000213623047,2,9
2025-05-05,Kerala Coast,9.5,76.5,33.011356353759766,2,9
2025-05-06,Kerala Coast,9.5,76.5,34.4802131652832,2,9
2025-05-07,Kerala Coast,9.5,76.5,33.71854782104492,2,9
2025-05-08,Kerala Coast,9.5,76.5,33.84493637084961,2,9
2025-05-09,Kerala Coast,9.5,76.5,34.224124908447266,2,9
2025-05-10,Kerala Coast,9.5,76.5,33.96220779418945,2,9
2025-05-11,Kerala Coast,9.5,76.5,34.02892303466797,2,9
2025-05-12,Kerala Coast,9.5,76.5,34.361759185791016,2,9
2025-05-13,Kerala Coast,9.5,76.5,34.35784149169922,2,9
2025-05-14,Kerala Coast,9.5,76.5,34.08589172363281,2,9
2025-05-15,Kerala Coast,9.5,76.5,34.07904815673828,2,9
2025-05-16,Kerala Coast,9.5,76.5,33.15096664428711,2,9
2025-05-17,Kerala Coast,9.5,76.5,31.32090950012207,2,9
2025-05-18,Kerala Coast,9.5,76.5,31.970361709594727,2,9
2025-05-19,Kerala Coast,9.5,76.5,31.558195114135742,2,9
2025-05-20,Kerala Coast,9.5,76.5,31.83173942565918,2,9
2025-05-21,Kerala Coast,9.5,76.5,32.42369842529297,2,9
2025-05-22,Kerala Coast,9.5,76.5,33.04154968261719,2,9
2025-05-23,Kerala Coast,9.5,76.5,31.40802764892578,2,9
2025-05-24,Kerala Coast,9.5,76.5,28.043724060058594,2,9
2025-05-25,Kerala Coast,9.5,76.5,28.173892974853516,2,9
2025-05-26,Kerala Coast,9.5,76.5,28.052989959716797,2,9
2025-05-27,Kerala Coast,9.5,76.5,28.69618797302246,2,9
2025-05-28,Kerala Coast,9.5,76.5,30.82575798034668,2,9
2025-05-29,Kerala Coast,9.5,76.5,28.318078994750977,2,9
2025-05-30,Kerala Coast,9.5,76.5,25.735855102539062,2,9
2025-05-31,Kerala Coast,9.5,76.5,28.904056549072266,2,9
2025-06-01,Kerala Coast,9.5,76.5,32.7010498046875,2,9
2025-06-02,Kerala Coast,9.5,76.5,33.07123947143555,2,9
2025-06-03,Kerala Coast,9.5,76.5,32.51015853881836,2,9
2025-06-04,Kerala Coast,9.5,76.5,31.21006965637207,2,9
2025-06-05,Kerala Coast,9.5,76.5,33.192893981933594,2,9
2025-06-06,Kerala Coast,9.5,76.5,32.28057098388672,2,9
2025-06-07,Kerala Coast,9.5,76.5,32.75253677368164,2,9
2025-06-08,Kerala Coast,9.5,76.5,33.17300033569336,2,9
2025-06-09,Kerala Coast,9.5,76.5,32.660614013671875,2,9
2025-06-10,Kerala Coast,9.5,76.5,32.22762680053711,2,9
2025-06-11,Kerala Coast,9.5,76.5,30.469762802124023,2,9
2025-06-12,Kerala Coast,9.5,76.5,30.895498275756836,2,9
2025-06-13,Kerala Coast,9.5,76.5,28.997068405151367,2,9
2025-06-14,Kerala Coast,9.5,76.5,28.577329635620117,2,9
2025-06-15,Kerala Coast,9.5,76.5,27.69284439086914,2,9
2025-06-16,Kerala Coast,9.5,76.5,28.681686401367188,2,9
2025-06-17,Kerala Coast,9.5,76.5,29.457927703857422,2,9
2025-06-18,Kerala Coast,9.5,76.5,30.5479736328125,2,9
2025-06-19,Kerala Coast,9.5,76.5,30.7396240234375,2,9
2025-06-20,Kerala Coast,9.5,76.5,32.11055374145508,2,9
2025-06-21,Kerala Coast,9.5,76.5,31.7613525390625,2,9
2025-06-22,Kerala Coast,9.5,76.5,31.248136520385742,2,9
2025-06-23,Kerala Coast,9.5,76.5,29.59486961364746,2,9
2025-06-24,Kerala Coast,9.5,76.5,30.944778442382812,2,9
2025-06-25,Kerala Coast,9.5,76.5,30.220991134643555,2,9
2025-06-26,Kerala Coast,9.5,76.5,28.777019500732422,2,9
2025-06-27,Kerala Coast,9.5,76.5,31.168563842773438,2,9
2025-06-28,Kerala Coast,9.5,76.5,30.6390438079834,2,9
2025-06-29,Kerala Coast,9.5,76.5,31.67637062072754,2,9
2025-06-30,Kerala Coast,9.5,76.5,31.84671974182129,2,9
2025-07-01,Kerala Coast,9.5,76.5,30.868526458740234,2,9
2025-07-02,Kerala Coast,9.5,76.5,30.223304748535156,2,9
2025-07-03,Kerala Coast,9.5,76.5,30.57476234436035,2,9
2025-07-04,Kerala Coast,9.5,76.5,30.830547332763672,2,9
2025-07-05,Kerala Coast,9.5,76.5,31.187530517578125,2,9
2025-07-06,Kerala Coast,9.5,76.5,30.659910202026367,2,9
2025-07-07,Kerala Coast,9.5,76.5,30.694520950317383,2,9
2025-07-08,Kerala Coast,9.5,76.5,31.96007537841797,2,9
2025-07-09,Kerala Coast,9.5,76.5,32.289390563964844,2,9
2025-07-10,Kerala Coast,9.5,76.5,31.705629348754883,2,9
2025-07-11,Kerala Coast,9.5,76.5,31.935100555419922,2,9
2025-07-12,Kerala Coast,9.5,76.5,31.89708709716797,2,9
2025-07-13,Kerala Coast,9.5,76.5,31.741905212402344,2,9
2025-07-14,Kerala Coast,9.5,76.5,31.145904541015625,2,9
2025-07-15,Kerala Coast,9.5,76.5,30.37842559814453,2,9
2025-07-16,Kerala Coast,9.5,76.5,29.494089126586914,2,9
2025-07-17,Kerala Coast,9.5,76.5,29.463294982910156,2,9
2025-07-18,Kerala Coast,9.5,76.5,29.298355102539062,2,9
2025-07-19,Kerala Coast,9.5,76.5,27.290407180786133,2,9
2025-07-20,Kerala Coast,9.5,76.5,26.8807373046875,2,9
2025-07-21,Kerala Coast,9.5,76.5,27.80427360534668,2,9
2025-07-22,Kerala Coast,9.5,76.5,28.531034469604492,2,9
2025-07-23,Kerala Coast,9.5,76.5,29.60764503479004,2,9
2025-07-24,Kerala Coast,9.5,76.5,28.338048934936523,2,9
2025-07-25,Kerala Coast,9.5,76.5,28.763111114501953,2,9
2025-07-26,Kerala Coast,9.5,76.5,26.829425811767578,2,9
2025-07-27,Kerala Coast,9.5,76.5,29.317548751831055,2,9
2025-07-28,Kerala Coast,9.5,76.5,31.450023651123047,2,9
2025-07-29,Kerala Coast,9.5,76.5,32.36634063720703,2,9
2025-07-30,Kerala Coast,9.5,76.5,31.923053741455078,2,9
2025-07-31,Kerala Coast,9.5,76.5,31.76751708984375,2,9
2025-08-01,Kerala Coast,9.5,76.5,31.482561111450195,2,9
2025-08-02,Kerala Coast,9.5,76.5,30.4079647064209,2,9
2025-08-03,Kerala Coast,9.5,76.5,29.209217071533203,2,9
2025-08-04,Kerala Coast,9.5,76.5,30.55805206298828,2,9
2025-08-05,Kerala Coast,9.5,76.5,29.70624542236328,2,9
2025-08-06,Kerala Coast,9.5,76.5,30.15709686279297,2,9
2025-08-07,Kerala Coast,9.5,76.5,30.659639358520508,2,9
2025-08-08,Kerala Coast,9.5,76.5,30.430742263793945,2,9
2025-08-09,Kerala Coast,9.5,76.5,30.588619232177734,2,9
2025-08-10,Kerala Coast,9.5,76.5,30.29152488708496,2,9
2025-08-11,Kerala Coast,9.5,76.5,28.795944213867188,2,9
2025-08-12,Kerala Coast,9.5,76.5,30.11819839477539,2,9
2025-08-13,Kerala Coast,9.5,76.5,28.373268127441406,2,9
2025-08-14,Kerala Coast,9.5,76.5,30.13214683532715,2,9
2025-08-15,Kerala Coast,9.5,76.5,28.48696517944336,2,9
2025-08-16,Kerala Coast,9.5,76.5,28.66767120361328,2,9
2025-08-17,Kerala Coast,9.5,76.5,27.959997177124023,2,9
2025-08-18,Kerala Coast,9.5,76.5,29.595144271850586,2,9
2025-08-19,Kerala Coast,9.5,76.5,31.291799545288086,2,9
2025-08-20,Kerala Coast,9.5,76.5,31.8383731842041,2,9
2025-08-21,Kerala Coast,9.5,76.5,32.361106872558594,2,9
2025-08-22,Kerala Coast,9.5,76.5,30.77138328552246,2,9
2025-08-23,Kerala Coast,9.5,76.5,31.2543888092041,2,9
2025-08-24,Kerala Coast,9.5,76.5,32.189701080322266,2,9
2025-08-25,Kerala Coast,9.5,76.5,32.50531768798828,2,9
2025-08-26,Kerala Coast,9.5,76.5,31.938812255859375,2,9
2025-08-27,Kerala Coast,9.5,76.5,29.677377700805664,2,9
2025-08-28,Kerala Coast,9.5,76.5,28.98841667175293,2,9
2025-08-29,Kerala Coast,9.5,76.5,30.34247398376465,2,9
2025-08-30,Kerala Coast,9.5,76.5,30.626142501831055,2,9
2025-08-31,Kerala Coast,9.5,76.5,31.129615783691406,2,9
2025-09-01,Kerala Coast,9.5,76.5,30.545602798461914,2,9
2025-09-02,Kerala Coast,9.5,76.5,31.856733322143555,2,9
2025-09-03,Kerala Coast,9.5,76.5,31.20003890991211,2,9
2025-09-04,Kerala Coast,9.5,76.5,31.649099349975586,2,9
2025-09-05,Kerala Coast,9.5,76.5,31.080968856811523,2,9
2025-09-06,Kerala Coast,9.5,76.5,31.912906646728516,2,9
2025-09-07,Kerala Coast,9.5,76.5,31.58080291748047,2,9
2025-09-08,Kerala Coast,9.5,76.5,31.697080612182617,2,9
2025-09-09,Kerala Coast,9.5,76.5,31.81395721435547,2,9
2025-09-10,Kerala Coast,9.5,76.5,31.331832885742188,2,9
2025-09-11,Kerala Coast,9.5,76.5,31.829608917236328,2,9
2025-09-12,Kerala Coast,9.5,76.5,32.852684020996094,2,9
2025-09-13,Kerala Coast,9.5,76.5,32.30393981933594,2,9
2025-09-14,Kerala Coast,9.5,76.5,32.21055221557617,2,9
2025-09-15,Kerala Coast,9.5,76.5,32.57249450683594,2,9
2025-09-16,Kerala Coast,9.5,76.5,32.15787887573242,2,9
2025-09-17,Kerala Coast,9.5,76.5,31.482519149780273,2,9
2025-09-18,Kerala Coast,9.5,76.5,31.501848220825195,2,9
2025-09-19,Kerala Coast,9.5,76.5,31.295597076416016,2,9
2025-09-20,Kerala Coast,9.5,76.5,31.604387283325195,2,9
2025-09-21,Kerala Coast,9.5,76.5,31.859437942504883,2,9
2025-09-22,Kerala Coast,9.5,76.5,31.985149383544922,2,9
2025-09-23,Kerala Coast,9.5,76.5,31.174434661865234,2,9
2025-09-24,Kerala Coast,9.5,76.5,30.98210906982422,2,9
2025-09-25,Kerala Coast,9.5,76.5,30.252397537231445,2,9
2025-09-26,Kerala Coast,9.5,76.5,30.367427825927734,2,9
2025-09-27,Kerala Coast,9.5,76.5,30.210803985595703,2,9
2025-09-28,Kerala Coast,9.5,76.5,30.238542556762695,2,9
2025-09-29,Kerala Coast,9.5,76.5,31.98373031616211,2,9
2025-09-30,Kerala Coast,9.5,76.5,31.472002029418945,2,9
2025-10-01,Kerala Coast,9.5,76.5,31.87497329711914,2,9
2025-10-02,Kerala Coast,9.5,76.5,32.427833557128906,2,9
2025-10-03,Kerala Coast,9.5,76.5,32.929317474365234,2,9
2025-10-04,Kerala Coast,9.5,76.5,31.76949691772461,2,9
2025-10-05,Kerala Coast,9.5,76.5,31.40199851989746,2,9
2025-10-06,Kerala Coast,9.5,76.5,31.799169540405273,2,9
2025-10-07,Kerala Coast,9.5,76.5,31.41983985900879,2,9
2025-10-08,Kerala Coast,9.5,76.5,31.4591121673584,2,9
2025-10-09,Kerala Coast,9.5,76.5,31.78929901123047,2,9
2025-10-10,Kerala Coast,9.5,76.5,31.767850875854492,2,9
2025-10-11,Kerala Coast,9.5,76.5,31.78338050842285,2,9
2025-10-12,Kerala Coast,9.5,76.5,32.04066848754883,2,9
2025-10-13,Kerala Coast,9.5,76.5,31.66330909729004,2,9
2025-10-14,Kerala Coast,9.5,76.5,29.80950927734375,2,9
2025-10-15,Kerala Coast,9.5,76.5,30.183334350585938,2,9
2025-10-16,Kerala Coast,9.5,76.5,28.18160629272461,2,9
2025-10-17,Kerala Coast,9.5,76.5,29.66802215576172,2,9
2025-10-18,Kerala Coast,9.5,76.5,30.591428756713867,2,9
2025-10-19,Kerala Coast,9.5,76.5,29.895862579345703,2,9
2025-10-20,Kerala Coast,9.5,76.5,29.268518447875977,2,9
2025-10-21,Kerala Coast,9.5,76.5,26.565982818603516,2,9
2025-10-22,Kerala Coast,9.5,76.5,29.54072380065918,2,9
2025-10-23,Kerala Coast,9.5,76.5,29.876380920410156,2,9
2025-10-24,Kerala Coast,9.5,76.5,29.402917861938477,2,9
2025-10-25,Kerala Coast,9.5,76.5,30.865264892578125,2,9
2025-10-26,Kerala Coast,9.5,76.5,31.35483169555664,2,9
2025-10-27,Kerala Coast,9.5,76.5,27.785810470581055,2,9
2025-10-28,Kerala Coast,9.5,76.5,29.278759002685547,2,9
2025-10-29,Kerala Coast,9.5,76.5,31.693435668945312,2,9
2025-10-30,Kerala Coast,9.5,76.5,32.1807746887207,2,9
2025-10-31,Kerala Coast,9.5,76.5,32.544979095458984,2,9
2025-11-01,Kerala Coast,9.5,76.5,32.707550048828125,2,9
2025-11-02,Kerala Coast,9.5,76.5,32.6964225769043,2,9
2025-11-03,Kerala Coast,9.5,76.5,32.263031005859375,2,9
2025-11-04,Kerala Coast,9.5,76.5,32.35721206665039,2,9
2025-11-05,Kerala Coast,9.5,76.5,32.006378173828125,2,9
2025-11-06,Kerala Coast,9.5,76.5,31.46395492553711,2,9
2025-11-07,Kerala Coast,9.5,76.5,31.948596954345703,2,9
2025-11-08,Kerala Coast,9.5,76.5,30.794597625732422,2,9
2025-11-09,Kerala Coast,9.5,76.5,28.884593963623047,2,9
2025-11-10,Kerala Coast,9.5,76.5,29.302194595336914,2,9
2025-11-11,Kerala Coast,9.5,76.5,30.380361557006836,2,9
2025-11-12,Kerala Coast,9.5,76.5,30.723562240600586,2,9
2025-11-13,Kerala Coast,9.5,76.5,30.325719833374023,2,9
2025-11-14,Kerala Coast,9.5,76.5,28.784133911132812,2,9
2025-11-15,Kerala Coast,9.5,76.5,30.593358993530273,2,9
2025-11-16,Kerala Coast,9.5,76.5,31.07101821899414,2,9
2025-11-17,Kerala Coast,9.5,76.5,29.656648635864258,2,9
2025-11-18,Kerala Coast,9.5,76.5,28.229955673217773,2,9
2025-11-19,Kerala Coast,9.5,76.5,30.36527442932129,2,9
2025-11-20,Kerala Coast,9.5,76.5,31.094181060791016,2,9
2025-11-21,Kerala Coast,9.5,76.5,31.47435760498047,2,9
2025-11-22,Kerala Coast,9.5,76.5,28.786375045776367,2,9
2025-11-23,Kerala Coast,9.5,76.5,28.74927520751953,2,9
2025-11-24,Kerala Coast,9.5,76.5,27.011632919311523,2,9
2025-11-25,Kerala Coast,9.5,76.5,29.99591827392578,2,9
2025-11-26,Kerala Coast,9.5,76.5,29.80108642578125,2,9
2025-11-27,Kerala Coast,9.5,76.5,28.71431541442871,2,9
2025-11-28,Kerala Coast,9.5,76.5,27.42510223388672,2,9
2025-11-29,Kerala Coast,9.5,76.5,26.726259231567383,2,9
2025-11-30,Kerala Coast,9.5,76.5,29.226701736450195,2,9
2025-12-01,Kerala Coast,9.5,76.5,30.928695678710938,2,9
2025-12-02,Kerala Coast,9.5,76.5,31.131534576416016,2,9
2025-12-03,Kerala Coast,9.5,76.5,29.407928466796875,2,9
2025-12-04,Kerala Coast,9.5,76.5,30.5288028717041,2,9
2025-12-05,Kerala Coast,9.5,76.5,30.237375259399414,2,9
2025-12-06,Kerala Coast,9.5,76.5,30.541183471679688,2,9
2025-12-07,Kerala Coast,9.5,76.5,30.20551109313965,2,9
2025-12-08,Kerala Coast,9.5,76.5,31.13758087158203,2,9
2025-12-09,Kerala Coast,9.5,76.5,30.85883903503418,2,9
2025-12-10,Kerala Coast,9.5,76.5,29.868993759155273,2,9
2025-12-11,Kerala Coast,9.5,76.5,30.855024337768555,2,9
2025-12-12,Kerala Coast,9.5,76.5,30.38665008544922,2,9
2025-12-13,Kerala Coast,9.5,76.5,30.59208106994629,2,9
2025-12-14,Kerala Coast,9.5,76.5,30.558948516845703,2,9
2025-12-15,Kerala Coast,9.5,76.5,30.174358367919922,2,9
2025-12-16,Kerala Coast,9.5,76.5,29.621225357055664,2,9
2025-12-17,Kerala Coast,9.5,76.5,29.78656005859375,2,9
2025-12-18,Kerala Coast,9.5,76.5,30.38903045654297,2,9
2025-12-19,Kerala Coast,9.5,76.5,30.355676651000977,2,9
2025-12-20,Kerala Coast,9.5,76.5,30.022876739501953,2,9
2025-12-21,Kerala Coast,9.5,76.5,30.83662223815918,2,9
2025-12-22,Kerala Coast,9.5,76.5,30.33902931213379,2,9
2025-12-23,Kerala Coast,9.5,76.5,31.267536163330078,2,9
2025-12-24,Kerala Coast,9.5,76.5,31.221357345581055,2,9
2025-12-25,Kerala Coast,9.5,76.5,31.3289794921875,2,9
2025-12-26,Kerala Coast,9.5,76.5,30.885074615478516,2,9
2025-12-27,Kerala Coast,9.5,76.5,30.58502769470215,2,9
2025-12-28,Kerala Coast,9.5,76.5,31.09664535522461,2,9
2025-12-29,Kerala Coast,9.5,76.5,31.16387939453125,2,9
2025-12-30,Kerala Coast,9.5,76.5,31.77239990234375,2,9
2025-12-31,Kerala Coast,9.5,76.5,31.389842987060547,2,9
2025-01-01,Northeast,26.0,91.7,19.11553192138672,18,24
2025-01-02,Northeast,26.0,91.7,20.296613693237305,18,24
2025-01-03,Northeast,26.0,91.7,21.603824615478516,18,24
2025-01-04,Northeast,26.0,91.7,23.190093994140625,18,24
2025-01-05,Northeast,26.0,91.7,24.479406356811523,18,24
2025-01-06,Northeast,26.0,91.7,25.087940216064453,18,24
2025-01-07,Northeast,26.0,91.7,23.923791885375977,18,24
2025-01-08,Northeast,26.0,91.7,18.134742736816406,18,24
2025-01-09,Northeast,26.0,91.7,21.169221878051758,18,24
2025-01-10,Northeast,26.0,91.7,22.70842933654785,18,24
2025-01-11,Northeast,26.0,91.7,24.23162841796875,18,24
2025-01-12,Northeast,26.0,91.7,24.492759704589844,18,24
2025-01-13,Northeast,26.0,91.7,22.863656997680664,18,24
2025-01-14,Northeast,26.0,91.7,22.76801872253418,18,24
2025-01-15,Northeast,26.0,91.7,23.322385787963867,18,24
2025-01-16,Northeast,26.0,91.7,23.983623504638672,18,24
2025-01-17,Northeast,26.0,91.7,23.68397331237793,18,24
2025-01-18,Northeast,26.0,91.7,23.727746963500977,18,24
2025-01-19,Northeast,26.0,91.7,23.741138458251953,18,24
2025-01-20,Northeast,26.0,91.7,23.926420211791992,18,24
2025-01-21,Northeast,26.0,91.7,24.32355499267578,18,24
2025-01-22,Northeast,26.0,91.7,23.453088760375977,18,24
2025-01-23,Northeast,26.0,91.7,19.205841064453125,18,24
2025-01-24,Northeast,26.0,91.7,19.622276306152344,18,24
2025-01-25,Northeast,26.0,91.7,20.680339813232422,18,24
2025-01-26,Northeast,26.0,91.7,22.984821319580078,18,24
2025-01-27,Northeast,26.0,91.7,24.176349639892578,18,24
2025-01-28,Northeast,26.0,91.7,23.424264907836914,18,24
2025-01-29,Northeast,26.0,91.7,23.608470916748047,18,24
2025-01-30,Northeast,26.0,91.7,22.439945220947266,18,24
2025-01-31,Northeast,26.0,91.7,22.63003921508789,18,24
2025-02-01,Northeast,26.0,91.7,22.83596420288086,18,24
2025-02-02,Northeast,26.0,91.7,23.661556243896484,18,24
2025-02-03,Northeast,26.0,91.7,22.824792861938477,18,24
2025-02-04,Northeast,26.0,91.7,24.566219329833984,18,24
2025-02-05,Northeast,26.0,91.7,23.795652389526367,18,24
2025-02-06,Northeast,26.0,91.7,23.438472747802734,18,24
2025-02-07,Northeast,26.0,91.7,23.17318344116211,18,24
2025-02-08,Northeast,26.0,91.7,23.878067016601562,18,24
2025-02-09,Northeast,26.0,91.7,24.45696258544922,18,24
2025-02-10,Northeast,26.0,91.7,24.361587524414062,18,24
2025-02-11,Northeast,26.0,91.7,21.851806640625,18,24
2025-02-12,Northeast,26.0,91.7,22.09394645690918,18,24
2025-02-13,Northeast,26.0,91.7,23.862762451171875,18,24
2025-02-14,Northeast,26.0,91.7,23.49762725830078,18,24
2025-02-15,Northeast,26.0,91.7,22.817155838012695,18,24
2025-02-16,Northeast,26.0,91.7,22.81577491760254,18,24
2025-02-17,Northeast,26.0,91.7,24.681638717651367,18,24
2025-02-18,Northeast,26.0,91.7,25.742809295654297,18,24
2025-02-19,Northeast,26.0,91.7,25.435012817382812,18,24
2025-02-20,Northeast,26.0,91.7,26.569236755371094,18,24
2025-02-21,Northeast,26.0,91.7,26.81669807434082,18,24
2025-02-22,Northeast,26.0,91.7,24.389427185058594,18,24
2025-02-23,Northeast,26.0,91.7,23.98079490661621,18,24
2025-02-24,Northeast,26.0,91.7,25.48579978942871,18,24
2025-02-25,Northeast,26.0,91.7,25.20754623413086,18,24
2025-02-26,Northeast,26.0,91.7,26.370553970336914,18,24
2025-02-27,Northeast,26.0,91.7,26.816303253173828,18,24
2025-02-28,Northeast,26.0,91.7,26.975563049316406,18,24
2025-03-01,Northeast,26.0,91.7,25.337600708007812,18,24
2025-03-02,Northeast,26.0,91.7,26.699426651000977,18,24
2025-03-03,Northeast,26.0,91.7,26.453031539916992,18,24
2025-03-04,Northeast,26.0,91.7,26.647151947021484,18,24
2025-03-05,Northeast,26.0,91.7,25.67426109313965,18,24
2025-03-06,Northeast,26.0,91.7,25.87962532043457,18,24
2025-03-07,Northeast,26.0,91.7,26.955320358276367,18,24
2025-03-08,Northeast,26.0,91.7,26.026412963867188,18,24
2025-03-09,Northeast,26.0,91.7,26.456417083740234,18,24
2025-03-10,Northeast,26.0,91.7,28.698078155517578,18,24
2025-03-11,Northeast,26.0,91.7,28.612932205200195,18,24
2025-03-12,Northeast,26.0,91.7,24.552480697631836,18,24
2025-03-13,Northeast,26.0,91.7,25.226850509643555,18,24
2025-03-14,Northeast,26.0,91.7,26.165857315063477,18,24
2025-03-15,Northeast,26.0,91.7,27.222217559814453,18,24
2025-03-16,Northeast,26.0,91.7,27.97642707824707,18,24
2025-03-17,Northeast,26.0,91.7,30.10703468322754,18,24
2025-03-18,Northeast,26.0,91.7,30.14466094970703,18,24
2025-03-19,Northeast,26.0,91.7,29.24692726135254,18,24
2025-03-20,Northeast,26.0,91.7,28.230712890625,18,24
2025-03-21,Northeast,26.0,91.7,26.517349243164062,18,24
2025-03-22,Northeast,26.0,91.7,24.833995819091797,18,24
2025-03-23,Northeast,26.0,91.7,26.7781982421875,18,24
2025-03-24,Northeast,26.0,91.7,29.255971908569336,18,24
2025-03-25,Northeast,26.0,91.7,31.378355026245117,18,24
2025-03-26,Northeast,26.0,91.7,31.833881378173828,18,24
2025-03-27,Northeast,26.0,91.7,30.822418212890625,18,24
2025-03-28,Northeast,26.0,91.7,31.416669845581055,18,24
2025-03-29,Northeast,26.0,91.7,30.957660675048828,18,24
2025-03-30,Northeast,26.0,91.7,32.48475646972656,18,24
2025-03-31,Northeast,26.0,91.7,32.569602966308594,18,24
2025-04-01,Northeast,26.0,91.7,31.538211822509766,18,24
2025-04-02,Northeast,26.0,91.7,30.83950424194336,18,24
2025-04-03,Northeast,26.0,91.7,31.4998779296875,18,24
2025-04-04,Northeast,26.0,91.7,30.665531158447266,18,24
2025-04-05,Northeast,26.0,91.7,31.800830841064453,18,24
2025-04-06,Northeast,26.0,91.7,29.680849075317383,18,24
2025-04-07,Northeast,26.0,91.7,30.229984283447266,18,24
2025-04-08,Northeast,26.0,91.7,31.262365341186523,18,24
2025-04-09,Northeast,26.0,91.7,29.315235137939453,18,24
2025-04-10,Northeast,26.0,91.7,28.150232315063477,18,24
2025-04-11,Northeast,26.0,91.7,28.17827796936035,18,24
2025-04-12,Northeast,26.0,91.7,30.24359130859375,18,24
2025-04-13,Northeast,26.0,91.7,29.600542068481445,18,24
2025-04-14,Northeast,26.0,91.7,31.908306121826172,18,24
2025-04-15,Northeast,26.0,91.7,31.106800079345703,18,24
2025-04-16,Northeast,26.0,91.7,32.1260986328125,18,24
2025-04-17,Northeast,26.0,91.7,28.510269165039062,18,24
2025-04-18,Northeast,26.0,91.7,29.491079330444336,18,24
2025-04-19,Northeast,26.0,91.7,31.360366821289062,18,24
2025-04-20,Northeast,26.0,91.7,30.08300018310547,18,24
2025-04-21,Northeast,26.0,91.7,28.977487564086914,18,24
2025-04-22,Northeast,26.0,91.7,28.928714752197266,18,24
2025-04-23,Northeast,26.0,91.7,29.63951873779297,18,24
2025-04-24,Northeast,26.0,91.7,30.02193260192871,18,24
2025-04-25,Northeast,26.0,91.7,31.07594108581543,18,24
2025-04-26,Northeast,26.0,91.7,30.866392135620117,18,24
2025-04-27,Northeast,26.0,91.7,29.6806583404541,18,24
2025-04-28,Northeast,26.0,91.7,26.592443466186523,18,24
2025-04-29,Northeast,26.0,91.7,25.469179153442383,18,24
2025-04-30,Northeast,26.0,91.7,29.23395538330078,18,24
2025-05-01,Northeast,26.0,91.7,28.306724548339844,18,24
2025-05-02,Northeast,26.0,91.7,29.736793518066406,18,24
2025-05-03,Northeast,26.0,91.7,30.29669761657715,18,24
2025-05-04,Northeast,26.0,91.7,30.362592697143555,18,24
2025-05-05,Northeast,26.0,91.7,29.510801315307617,18,24
2025-05-06,Northeast,26.0,91.7,28.93183708190918,18,24
2025-05-07,Northeast,26.0,91.7,30.153921127319336,18,24
2025-05-08,Northeast,26.0,91.7,30.285165786743164,18,24
2025-05-09,Northeast,26.0,91.7,31.779787063598633,18,24
2025-05-10,Northeast,26.0,91.7,32.91376876831055,18,24
2025-05-11,Northeast,26.0,91.7,30.183359146118164,18,24
2025-05-12,Northeast,26.0,91.7,27.203380584716797,18,24
2025-05-13,Northeast,26.0,91.7,28.981910705566406,18,24
2025-05-14,Northeast,26.0,91.7,28.562307357788086,18,24
2025-05-15,Northeast,26.0,91.7,27.496004104614258,18,24
2025-05-16,Northeast,26.0,91.7,28.974565505981445,18,24
2025-05-17,Northeast,26.0,91.7,27.442975997924805,18,24
2025-05-18,Northeast,26.0,91.7,26.95576286315918,18,24
2025-05-19,Northeast,26.0,91.7,27.00794219970703,18,24
2025-05-20,Northeast,26.0,91.7,27.020645141601562,18,24
2025-05-21,Northeast,26.0,91.7,27.9215145111084,18,24
2025-05-22,Northeast,26.0,91.7,28.67637062072754,18,24
2025-05-23,Northeast,26.0,91.7,29.83584213256836,18,24
2025-05-24,Northeast,26.0,91.7,31.380796432495117,18,24
2025-05-25,Northeast,26.0,91.7,32.37055587768555,18,24
2025-05-26,Northeast,26.0,91.7,28.55958366394043,18,24
2025-05-27,Northeast,26.0,91.7,30.97245216369629,18,24
2025-05-28,Northeast,26.0,91.7,32.573856353759766,18,24
2025-05-29,Northeast,26.0,91.7,27.819374084472656,18,24
2025-05-30,Northeast,26.0,91.7,25.824872970581055,18,24
2025-05-31,Northeast,26.0,91.7,28.359798431396484,18,24
2025-06-01,Northeast,26.0,91.7,27.911766052246094,18,24
2025-06-02,Northeast,26.0,91.7,29.212047576904297,18,24
2025-06-03,Northeast,26.0,91.7,28.928237915039062,18,24
2025-06-04,Northeast,26.0,91.7,28.317384719848633,18,24
2025-06-05,Northeast,26.0,91.7,30.05584716796875,18,24
2025-06-06,Northeast,26.0,91.7,30.501293182373047,18,24
2025-06-07,Northeast,26.0,91.7,32.58557891845703,18,24
2025-06-08,Northeast,26.0,91.7,33.43816375732422,18,24
2025-06-09,Northeast,26.0,91.7,33.60147476196289,18,24
2025-06-10,Northeast,26.0,91.7,34.469608306884766,18,24
2025-06-11,Northeast,26.0,91.7,33.710113525390625,18,24
2025-06-12,Northeast,26.0,91.7,34.086753845214844,18,24
2025-06-13,Northeast,26.0,91.7,34.34636688232422,18,24
2025-06-14,Northeast,26.0,91.7,32.87468338012695,18,24
2025-06-15,Northeast,26.0,91.7,32.42432403564453,18,24
2025-06-16,Northeast,26.0,91.7,29.929462432861328,18,24
2025-06-17,Northeast,26.0,91.7,30.245391845703125,18,24
2025-06-18,Northeast,26.0,91.7,30.804346084594727,18,24
2025-06-19,Northeast,26.0,91.7,28.764286041259766,18,24
2025-06-20,Northeast,26.0,91.7,30.212007522583008,18,24
2025-06-21,Northeast,26.0,91.7,30.975486755371094,18,24
2025-06-22,Northeast,26.0,91.7,31.81940460205078,18,24
2025-06-23,Northeast,26.0,91.7,29.847698211669922,18,24
2025-06-24,Northeast,26.0,91.7,30.09119415283203,18,24
2025-06-25,Northeast,26.0,91.7,30.152366638183594,18,24
2025-06-26,Northeast,26.0,91.7,31.417964935302734,18,24
2025-06-27,Northeast,26.0,91.7,31.36556625366211,18,24
2025-06-28,Northeast,26.0,91.7,31.519344329833984,18,24
2025-06-29,Northeast,26.0,91.7,32.33025360107422,18,24
2025-06-30,Northeast,26.0,91.7,32.38142013549805,18,24
2025-07-01,Northeast,26.0,91.7,31.916149139404297,18,24
2025-07-02,Northeast,26.0,91.7,31.19164276123047,18,24
2025-07-03,Northeast,26.0,91.7,31.089664459228516,18,24
2025-07-04,Northeast,26.0,91.7,30.36652946472168,18,24
2025-07-05,Northeast,26.0,91.7,29.908910751342773,18,24
2025-07-06,Northeast,26.0,91.7,29.716434478759766,18,24
2025-07-07,Northeast,26.0,91.7,30.906435012817383,18,24
2025-07-08,Northeast,26.0,91.7,30.08831787109375,18,24
2025-07-09,Northeast,26.0,91.7,29.148069381713867,18,24
2025-07-10,Northeast,26.0,91.7,31.326080322265625,18,24
2025-07-11,Northeast,26.0,91.7,32.448638916015625,18,24
2025-07-12,Northeast,26.0,91.7,32.813899993896484,18,24
2025-07-13,Northeast,26.0,91.7,34.67015838623047,18,24
2025-07-14,Northeast,26.0,91.7,31.62529754638672,18,24
2025-07-15,Northeast,26.0,91.7,31.11068344116211,18,24
2025-07-16,Northeast,26.0,91.7,29.780447006225586,18,24
2025-07-17,Northeast,26.0,91.7,30.657814025878906,18,24
2025-07-18,Northeast,26.0,91.7,31.65292739868164,18,24
2025-07-19,Northeast,26.0,91.7,30.778743743896484,18,24
2025-07-20,Northeast,26.0,91.7,29.73797035217285,18,24
2025-07-21,Northeast,26.0,91.7,33.38249588012695,18,24
2025-07-22,Northeast,26.0,91.7,33.34370422363281,18,24
2025-07-23,Northeast,26.0,91.7,34.85639190673828,18,24
2025-07-24,Northeast,26.0,91.7,35.16178512573242,18,24
2025-07-25,Northeast,26.0,91.7,33.94662094116211,18,24
2025-07-26,Northeast,26.0,91.7,32.54850769042969,18,24
2025-07-27,Northeast,26.0,91.7,30.80887794494629,18,24
2025-07-28,Northeast,26.0,91.7,30.011886596679688,18,24
2025-07-29,Northeast,26.0,91.7,32.45161056518555,18,24
2025-07-30,Northeast,26.0,91.7,31.99867057800293,18,24
2025-07-31,Northeast,26.0,91.7,31.28510093688965,18,24
2025-08-01,Northeast,26.0,91.7,31.137710571289062,18,24
2025-08-02,Northeast,26.0,91.7,28.652111053466797,18,24
2025-08-03,Northeast,26.0,91.7,27.606969833374023,18,24
2025-08-04,Northeast,26.0,91.7,29.12444305419922,18,24
2025-08-05,Northeast,26.0,91.7,28.992090225219727,18,24
2025-08-06,Northeast,26.0,91.7,29.745288848876953,18,24
2025-08-07,Northeast,26.0,91.7,28.66305160522461,18,24
2025-08-08,Northeast,26.0,91.7,27.999217987060547,18,24
2025-08-09,Northeast,26.0,91.7,28.824146270751953,18,24
2025-08-10,Northeast,26.0,91.7,29.61290168762207,18,24
2025-08-11,Northeast,26.0,91.7,30.618364334106445,18,24
2025-08-12,Northeast,26.0,91.7,30.47994613647461,18,24
2025-08-13,Northeast,26.0,91.7,27.829967498779297,18,24
2025-08-14,Northeast,26.0,91.7,31.366920471191406,18,24
2025-08-15,Northeast,26.0,91.7,32.55686950683594,18,24
2025-08-16,Northeast,26.0,91.7,33.707149505615234,18,24
2025-08-17,Northeast,26.0,91.7,32.71289825439453,18,24
2025-08-18,Northeast,26.0,91.7,32.6656494140625,18,24
2025-08-19,Northeast,26.0,91.7,31.301921844482422,18,24
2025-08-20,Northeast,26.0,91.7,30.759626388549805,18,24
2025-08-21,Northeast,26.0,91.7,30.777782440185547,18,24
2025-08-22,Northeast,26.0,91.7,30.75460433959961,18,24
2025-08-23,Northeast,26.0,91.7,30.46315574645996,18,24
2025-08-24,Northeast,26.0,91.7,30.180992126464844,18,24
2025-08-25,Northeast,26.0,91.7,30.614248275756836,18,24
2025-08-26,Northeast,26.0,91.7,31.907682418823242,18,24
2025-08-27,Northeast,26.0,91.7,31.509872436523438,18,24
2025-08-28,Northeast,26.0,91.7,29.569087982177734,18,24
2025-08-29,Northeast,26.0,91.7,29.86604118347168,18,24
2025-08-30,Northeast,26.0,91.7,29.71924591064453,18,24
2025-08-31,Northeast,26.0,91.7,32.75960159301758,18,24
2025-09-01,Northeast,26.0,91.7,34.676700592041016,18,24
2025-09-02,Northeast,26.0,91.7,33.37457275390625,18,24
2025-09-03,Northeast,26.0,91.7,34.59487533569336,18,24
2025-09-04,Northeast,26.0,91.7,32.72062683105469,18,24
2025-09-05,Northeast,26.0,91.7,32.338523864746094,18,24
2025-09-06,Northeast,26.0,91.7,32.63322830200195,18,24
2025-09-07,Northeast,26.0,91.7,31.63172721862793,18,24
2025-09-08,Northeast,26.0,91.7,31.288042068481445,18,24
2025-09-09,Northeast,26.0,91.7,31.020009994506836,18,24
2025-09-10,Northeast,26.0,91.7,30.591611862182617,18,24
2025-09-11,Northeast,26.0,91.7,30.820228576660156,18,24
2025-09-12,Northeast,26.0,91.7,30.221670150756836,18,24
2025-09-13,Northeast,26.0,91.7,29.90200424194336,18,24
2025-09-14,Northeast,26.0,91.7,28.535099029541016,18,24
2025-09-15,Northeast,26.0,91.7,28.417055130004883,18,24
2025-09-16,Northeast,26.0,91.7,27.46990394592285,18,24
2025-09-17,Northeast,26.0,91.7,28.76341438293457,18,24
2025-09-18,Northeast,26.0,91.7,29.105501174926758,18,24
2025-09-19,Northeast,26.0,91.7,30.63629913330078,18,24
2025-09-20,Northeast,26.0,91.7,31.521024703979492,18,24
2025-09-21,Northeast,26.0,91.7,33.22296905517578,18,24
2025-09-22,Northeast,26.0,91.7,33.62234115600586,18,24
2025-09-23,Northeast,26.0,91.7,33.16584396362305,18,24
2025-09-24,Northeast,26.0,91.7,33.11714172363281,18,24
2025-09-25,Northeast,26.0,91.7,33.91992950439453,18,24
2025-09-26,Northeast,26.0,91.7,34.65968704223633,18,24
2025-09-27,Northeast,26.0,91.7,30.672603607177734,18,24
2025-09-28,Northeast,26.0,91.7,31.674068450927734,18,24
2025-09-29,Northeast,26.0,91.7,32.24422836303711,18,24
2025-09-30,Northeast,26.0,91.7,33.2088737487793,18,24
2025-10-01,Northeast,26.0,91.7,27.1365966796875,18,24
2025-10-02,Northeast,26.0,91.7,28.356678009033203,18,24
2025-10-03,Northeast,26.0,91.7,28.93196678161621,18,24
2025-10-04,Northeast,26.0,91.7,29.128225326538086,18,24
2025-10-05,Northeast,26.0,91.7,27.22869110107422,18,24
2025-10-06,Northeast,26.0,91.7,28.25132942199707,18,24
2025-10-07,Northeast,26.0,91.7,30.062734603881836,18,24
2025-10-08,Northeast,26.0,91.7,29.387128829956055,18,24
2025-10-09,Northeast,26.0,91.7,30.0410213470459,18,24
2025-10-10,Northeast,26.0,91.7,30.543638229370117,18,24
2025-10-11,Northeast,26.0,91.7,28.190715789794922,18,24
2025-10-12,Northeast,26.0,91.7,29.678373336791992,18,24
2025-10-13,Northeast,26.0,91.7,30.520824432373047,18,24
2025-10-14,Northeast,26.0,91.7,30.41940689086914,18,24
2025-10-15,Northeast,26.0,91.7,31.674755096435547,18,24
2025-10-16,Northeast,26.0,91.7,30.7955379486084,18,24
2025-10-17,Northeast,26.0,91.7,31.7791805267334,18,24
2025-10-18,Northeast,26.0,91.7,31.585426330566406,18,24
2025-10-19,Northeast,26.0,91.7,32.18518829345703,18,24
2025-10-20,Northeast,26.0,91.7,31.532751083374023,18,24
2025-10-21,Northeast,26.0,91.7,31.277423858642578,18,24
2025-10-22,Northeast,26.0,91.7,31.962106704711914,18,24
2025-10-23,Northeast,26.0,91.7,31.511150360107422,18,24
2025-10-24,Northeast,26.0,91.7,31.553300857543945,18,24
2025-10-25,Northeast,26.0,91.7,30.54997444152832,18,24
2025-10-26,Northeast,26.0,91.7,30.221744537353516,18,24
2025-10-27,Northeast,26.0,91.7,30.535415649414062,18,24
2025-10-28,Northeast,26.0,91.7,30.365787506103516,18,24
2025-10-29,Northeast,26.0,91.7,27.499778747558594,18,24
2025-10-30,Northeast,26.0,91.7,26.71713638305664,18,24
2025-10-31,Northeast,26.0,91.7,23.842077255249023,18,24
2025-11-01,Northeast,26.0,91.7,24.068321228027344,18,24
2025-11-02,Northeast,26.0,91.7,24.975555419921875,18,24
2025-11-03,Northeast,26.0,91.7,27.97161865234375,18,24
2025-11-04,Northeast,26.0,91.7,29.604244232177734,18,24
2025-11-05,Northeast,26.0,91.7,28.43604850769043,18,24
2025-11-06,Northeast,26.0,91.7,28.571186065673828,18,24
2025-11-07,Northeast,26.0,91.7,28.969934463500977,18,24
2025-11-08,Northeast,26.0,91.7,29.45563316345215,18,24
2025-11-09,Northeast,26.0,91.7,28.896358489990234,18,24
2025-11-10,Northeast,26.0,91.7,27.628768920898438,18,24
2025-11-11,Northeast,26.0,91.7,27.300281524658203,18,24
2025-11-12,Northeast,26.0,91.7,27.108448028564453,18,24
2025-11-13,Northeast,26.0,91.7,27.229154586791992,18,24
2025-11-14,Northeast,26.0,91.7,27.04974365234375,18,24
2025-11-15,Northeast,26.0,91.7,27.114709854125977,18,24
2025-11-16,Northeast,26.0,91.7,28.30107879638672,18,24
2025-11-17,Northeast,26.0,91.7,28.907960891723633,18,24
2025-11-18,Northeast,26.0,91.7,27.522876739501953,18,24
2025-11-19,Northeast,26.0,91.7,28.8046817779541,18,24
2025-11-20,Northeast,26.0,91.7,27.467594146728516,18,24
2025-11-21,Northeast,26.0,91.7,27.197044372558594,18,24
2025-11-22,Northeast,26.0,91.7,25.66362190246582,18,24
2025-11-23,Northeast,26.0,91.7,25.040334701538086,18,24
2025-11-24,Northeast,26.0,91.7,25.491945266723633,18,24
2025-11-25,Northeast,26.0,91.7,25.743322372436523,18,24
2025-11-26,Northeast,26.0,91.7,25.997467041015625,18,24
2025-11-27,Northeast,26.0,91.7,26.601533889770508,18,24
2025-11-28,Northeast,26.0,91.7,26.44989013671875,18,24
2025-11-29,Northeast,26.0,91.7,25.696258544921875,18,24
2025-11-30,Northeast,26.0,91.7,25.899152755737305,18,24
2025-12-01,Northeast,26.0,91.7,24.663799285888672,18,24
2025-12-02,Northeast,26.0,91.7,24.11126136779785,18,24
2025-12-03,Northeast,26.0,91.7,24.447269439697266,18,24
2025-12-04,Northeast,26.0,91.7,25.55420684814453,18,24
2025-12-05,Northeast,26.0,91.7,24.86334800720215,18,24
2025-12-06,Northeast,26.0,91.7,25.09014320373535,18,24
2025-12-07,Northeast,26.0,91.7,25.102136611938477,18,24
2025-12-08,Northeast,26.0,91.7,25.349132537841797,18,24
2025-12-09,Northeast,26.0,91.7,25.27568244934082,18,24
2025-12-10,Northeast,26.0,91.7,26.041128158569336,18,24
2025-12-11,Northeast,26.0,91.7,24.919097900390625,18,24
2025-12-12,Northeast,26.0,91.7,25.512161254882812,18,24
2025-12-13,Northeast,26.0,91.7,26.50859832763672,18,24
2025-12-14,Northeast,26.0,91.7,26.187210083007812,18,24
2025-12-15,Northeast,26.0,91.7,25.712106704711914,18,24
2025-12-16,Northeast,26.0,91.7,25.492515563964844,18,24
2025-12-17,Northeast,26.0,91.7,26.093839645385742,18,24
2025-12-18,Northeast,26.0,91.7,26.8210391998291,18,24
2025-12-19,Northeast,26.0,91.7,25.718624114990234,18,24
2025-12-20,Northeast,26.0,91.7,24.956838607788086,18,24
2025-12-21,Northeast,26.0,91.7,25.210102081298828,18,24
2025-12-22,Northeast,26.0,91.7,25.487171173095703,18,24
2025-12-23,Northeast,26.0,91.7,22.72170066833496,18,24
2025-12-24,Northeast,26.0,91.7,21.739444732666016,18,24
2025-12-25,Northeast,26.0,91.7,21.841938018798828,18,24
2025-12-26,Northeast,26.0,91.7,22.926830291748047,18,24
2025-12-27,Northeast,26.0,91.7,21.018156051635742,18,24
2025-12-28,Northeast,26.0,91.7,18.51630973815918,18,24
2025-12-29,Northeast,26.0,91.7,18.65163803100586,18,24
2025-12-30,Northeast,26.0,91.7,15.91601848602295,18,24
2025-12-31,Northeast,26.0,91.7,19.38104248046875,18,24
2025-01-01,Rajasthan Desert,27.0,73.0,20.59670639038086,20,6
2025-01-02,Rajasthan Desert,27.0,73.0,23.601776123046875,20,6
2025-01-03,Rajasthan Desert,27.0,73.0,26.065692901611328,20,6
2025-01-04,Rajasthan Desert,27.0,73.0,27.942934036254883,20,6
2025-01-05,Rajasthan Desert,27.0,73.0,22.928125381469727,20,6
2025-01-06,Rajasthan Desert,27.0,73.0,21.032386779785156,20,6
2025-01-07,Rajasthan Desert,27.0,73.0,21.430063247680664,20,6
2025-01-08,Rajasthan Desert,27.0,73.0,24.619815826416016,20,6
2025-01-09,Rajasthan Desert,27.0,73.0,26.16558265686035,20,6
2025-01-10,Rajasthan Desert,27.0,73.0,24.735671997070312,20,6
2025-01-11,Rajasthan Desert,27.0,73.0,17.103256225585938,20,6
2025-01-12,Rajasthan Desert,27.0,73.0,16.182945251464844,20,6
2025-01-13,Rajasthan Desert,27.0,73.0,17.769664764404297,20,6
2025-01-14,Rajasthan Desert,27.0,73.0,20.338226318359375,20,6
2025-01-15,Rajasthan Desert,27.0,73.0,20.48432159423828,20,6
2025-01-16,Rajasthan Desert,27.0,73.0,20.38398551940918,20,6
2025-01-17,Rajasthan Desert,27.0,73.0,19.00344467163086,20,6
2025-01-18,Rajasthan Desert,27.0,73.0,21.326007843017578,20,6
2025-01-19,Rajasthan Desert,27.0,73.0,24.979476928710938,20,6
2025-01-20,Rajasthan Desert,27.0,73.0,24.778667449951172,20,6
2025-01-21,Rajasthan Desert,27.0,73.0,25.6671199798584,20,6
2025-01-22,Rajasthan Desert,27.0,73.0,25.353483200073242,20,6
2025-01-23,Rajasthan Desert,27.0,73.0,24.444517135620117,20,6
2025-01-24,Rajasthan Desert,27.0,73.0,24.708141326904297,20,6
2025-01-25,Rajasthan Desert,27.0,73.0,25.32139015197754,20,6
2025-01-26,Rajasthan Desert,27.0,73.0,26.721811294555664,20,6
2025-01-27,Rajasthan Desert,27.0,73.0,27.349748611450195,20,6
2025-01-28,Rajasthan Desert,27.0,73.0,28.280548095703125,20,6
2025-01-29,Rajasthan Desert,27.0,73.0,29.15032196044922,20,6
2025-01-30,Rajasthan Desert,27.0,73.0,27.087726593017578,20,6
2025-01-31,Rajasthan Desert,27.0,73.0,25.566068649291992,20,6
2025-02-01,Rajasthan Desert,27.0,73.0,25.62938117980957,20,6
2025-02-02,Rajasthan Desert,27.0,73.0,24.35546112060547,20,6
2025-02-03,Rajasthan Desert,27.0,73.0,25.06593132019043,20,6
2025-02-04,Rajasthan Desert,27.0,73.0,25.249168395996094,20,6
2025-02-05,Rajasthan Desert,27.0,73.0,25.414203643798828,20,6
2025-02-06,Rajasthan Desert,27.0,73.0,24.971128463745117,20,6
2025-02-07,Rajasthan Desert,27.0,73.0,25.724069595336914,20,6
2025-02-08,Rajasthan Desert,27.0,73.0,27.990385055541992,20,6
2025-02-09,Rajasthan Desert,27.0,73.0,28.961681365966797,20,6
2025-02-10,Rajasthan Desert,27.0,73.0,30.64177703857422,20,6
2025-02-11,Rajasthan Desert,27.0,73.0,30.277803421020508,20,6
2025-02-12,Rajasthan Desert,27.0,73.0,27.872852325439453,20,6
2025-02-13,Rajasthan Desert,27.0,73.0,28.66375160217285,20,6
2025-02-14,Rajasthan Desert,27.0,73.0,30.39378547668457,20,6
2025-02-15,Rajasthan Desert,27.0,73.0,30.25910758972168,20,6
2025-02-16,Rajasthan Desert,27.0,73.0,30.224361419677734,20,6
2025-02-17,Rajasthan Desert,27.0,73.0,30.325515747070312,20,6
2025-02-18,Rajasthan Desert,27.0,73.0,29.739561080932617,20,6
2025-02-19,Rajasthan Desert,27.0,73.0,29.13799285888672,20,6
2025-02-20,Rajasthan Desert,27.0,73.0,28.55807876586914,20,6
2025-02-21,Rajasthan Desert,27.0,73.0,27.03594398498535,20,6
2025-02-22,Rajasthan Desert,27.0,73.0,27.739606857299805,20,6
2025-02-23,Rajasthan Desert,27.0,73.0,29.615489959716797,20,6
2025-02-24,Rajasthan Desert,27.0,73.0,31.030803680419922,20,6
2025-02-25,Rajasthan Desert,27.0,73.0,30.54279136657715,20,6
2025-02-26,Rajasthan Desert,27.0,73.0,32.50855255126953,20,6
2025-02-27,Rajasthan Desert,27.0,73.0,29.03046417236328,20,6
2025-02-28,Rajasthan Desert,27.0,73.0,29.4681453704834,20,6
2025-03-01,Rajasthan Desert,27.0,73.0,28.8244571685791,20,6
2025-03-02,Rajasthan Desert,27.0,73.0,28.61139488220215,20,6
2025-03-03,Rajasthan Desert,27.0,73.0,31.15865707397461,20,6
2025-03-04,Rajasthan Desert,27.0,73.0,26.154016494750977,20,6
2025-03-05,Rajasthan Desert,27.0,73.0,28.000991821289062,20,6
2025-03-06,Rajasthan Desert,27.0,73.0,32.16672897338867,20,6
2025-03-07,Rajasthan Desert,27.0,73.0,33.57918167114258,20,6
2025-03-08,Rajasthan Desert,27.0,73.0,33.873321533203125,20,6
2025-03-09,Rajasthan Desert,27.0,73.0,35.223995208740234,20,6
2025-03-10,Rajasthan Desert,27.0,73.0,36.25489044189453,20,6
2025-03-11,Rajasthan Desert,27.0,73.0,36.383419036865234,20,6
2025-03-12,Rajasthan Desert,27.0,73.0,35.38819122314453,20,6
2025-03-13,Rajasthan Desert,27.0,73.0,36.17966842651367,20,6
2025-03-14,Rajasthan Desert,27.0,73.0,34.88334274291992,20,6
2025-03-15,Rajasthan Desert,27.0,73.0,32.19352340698242,20,6
2025-03-16,Rajasthan Desert,27.0,73.0,31.068389892578125,20,6
2025-03-17,Rajasthan Desert,27.0,73.0,31.53106689453125,20,6
2025-03-18,Rajasthan Desert,27.0,73.0,32.91695022583008,20,6
2025-03-19,Rajasthan Desert,27.0,73.0,34.66964340209961,20,6
2025-03-20,Rajasthan Desert,27.0,73.0,34.753456115722656,20,6
2025-03-21,Rajasthan Desert,27.0,73.0,34.570011138916016,20,6
2025-03-22,Rajasthan Desert,27.0,73.0,35.453372955322266,20,6
2025-03-23,Rajasthan Desert,27.0,73.0,36.5616340637207,20,6
2025-03-24,Rajasthan Desert,27.0,73.0,38.00909423828125,20,6
2025-03-25,Rajasthan Desert,27.0,73.0,38.353092193603516,20,6
2025-03-26,Rajasthan Desert,27.0,73.0,38.09589767456055,20,6
2025-03-27,Rajasthan Desert,27.0,73.0,35.568607330322266,20,6
2025-03-28,Rajasthan Desert,27.0,73.0,31.316131591796875,20,6
2025-03-29,Rajasthan Desert,27.0,73.0,31.688566207885742,20,6
2025-03-30,Rajasthan Desert,27.0,73.0,34.28346633911133,20,6
2025-03-31,Rajasthan Desert,27.0,73.0,35.68315124511719,20,6
2025-04-01,Rajasthan Desert,27.0,73.0,36.4153938293457,20,6
2025-04-02,Rajasthan Desert,27.0,73.0,37.80854034423828,20,6
2025-04-03,Rajasthan Desert,27.0,73.0,38.309810638427734,20,6
2025-04-04,Rajasthan Desert,27.0,73.0,38.266780853271484,20,6
2025-04-05,Rajasthan Desert,27.0,73.0,38.65666961669922,20,6
2025-04-06,Rajasthan Desert,27.0,73.0,41.88878631591797,20,6
2025-04-07,Rajasthan Desert,27.0,73.0,43.05434799194336,20,6
2025-04-08,Rajasthan Desert,27.0,73.0,43.326499938964844,20,6
2025-04-09,Rajasthan Desert,27.0,73.0,42.8266716003418,20,6
2025-04-10,Rajasthan Desert,27.0,73.0,41.510276794433594,20,6
2025-04-11,Rajasthan Desert,27.0,73.0,39.32352066040039,20,6
2025-04-12,Rajasthan Desert,27.0,73.0,37.76467514038086,20,6
2025-04-13,Rajasthan Desert,27.0,73.0,39.47637176513672,20,6
2025-04-14,Rajasthan Desert,27.0,73.0,40.703857421875,20,6
2025-04-15,Rajasthan Desert,27.0,73.0,41.13446044921875,20,6
2025-04-16,Rajasthan Desert,27.0,73.0,42.363651275634766,20,6
2025-04-17,Rajasthan Desert,27.0,73.0,43.36592102050781,20,6
2025-04-18,Rajasthan Desert,27.0,73.0,43.337528228759766,20,6
2025-04-19,Rajasthan Desert,27.0,73.0,40.31666946411133,20,6
2025-04-20,Rajasthan Desert,27.0,73.0,39.96394729614258,20,6
2025-04-21,Rajasthan Desert,27.0,73.0,39.54477310180664,20,6
2025-04-22,Rajasthan Desert,27.0,73.0,40.288639068603516,20,6
2025-04-23,Rajasthan Desert,27.0,73.0,41.0259895324707,20,6
2025-04-24,Rajasthan Desert,27.0,73.0,41.948707580566406,20,6
2025-04-25,Rajasthan Desert,27.0,73.0,42.343177795410156,20,6
2025-04-26,Rajasthan Desert,27.0,73.0,41.06502914428711,20,6
2025-04-27,Rajasthan Desert,27.0,73.0,42.3488883972168,20,6
2025-04-28,Rajasthan Desert,27.0,73.0,43.087791442871094,20,6
2025-04-29,Rajasthan Desert,27.0,73.0,42.99529266357422,20,6
2025-04-30,Rajasthan Desert,27.0,73.0,43.42560577392578,20,6
2025-05-01,Rajasthan Desert,27.0,73.0,43.02547836303711,20,6
2025-05-02,Rajasthan Desert,27.0,73.0,38.100223541259766,20,6
2025-05-03,Rajasthan Desert,27.0,73.0,40.53505325317383,20,6
2025-05-04,Rajasthan Desert,27.0,73.0,36.6426887512207,20,6
2025-05-05,Rajasthan Desert,27.0,73.0,32.38309097290039,20,6
2025-05-06,Rajasthan Desert,27.0,73.0,33.563621520996094,20,6
2025-05-07,Rajasthan Desert,27.0,73.0,35.96318435668945,20,6
2025-05-08,Rajasthan Desert,27.0,73.0,37.14339828491211,20,6
2025-05-09,Rajasthan Desert,27.0,73.0,35.755558013916016,20,6
2025-05-10,Rajasthan Desert,27.0,73.0,38.25284957885742,20,6
2025-05-11,Rajasthan Desert,27.0,73.0,40.47331237792969,20,6
2025-05-12,Rajasthan Desert,27.0,73.0,40.50423812866211,20,6
2025-05-13,Rajasthan Desert,27.0,73.0,41.19240951538086,20,6
2025-05-14,Rajasthan Desert,27.0,73.0,42.25355911254883,20,6
2025-05-15,Rajasthan Desert,27.0,73.0,43.050960540771484,20,6
2025-05-16,Rajasthan Desert,27.0,73.0,43.732635498046875,20,6
2025-05-17,Rajasthan Desert,27.0,73.0,43.10187530517578,20,6
2025-05-18,Rajasthan Desert,27.0,73.0,43.34554672241211,20,6
2025-05-19,Rajasthan Desert,27.0,73.0,43.842254638671875,20,6
2025-05-20,Rajasthan Desert,27.0,73.0,44.04994201660156,20,6
2025-05-21,Rajasthan Desert,27.0,73.0,44.8144416809082,20,6
2025-05-22,Rajasthan Desert,27.0,73.0,44.044734954833984,20,6
2025-05-23,Rajasthan Desert,27.0,73.0,44.62745666503906,20,6
2025-05-24,Rajasthan Desert,27.0,73.0,44.54448318481445,20,6
2025-05-25,Rajasthan Desert,27.0,73.0,39.53001403808594,20,6
2025-05-26,Rajasthan Desert,27.0,73.0,40.15892028808594,20,6
2025-05-27,Rajasthan Desert,27.0,73.0,42.07976150512695,20,6
2025-05-28,Rajasthan Desert,27.0,73.0,42.64059066772461,20,6
2025-05-29,Rajasthan Desert,27.0,73.0,41.51230239868164,20,6
2025-05-30,Rajasthan Desert,27.0,73.0,39.74941635131836,20,6
2025-05-31,Rajasthan Desert,27.0,73.0,41.25922775268555,20,6
2025-06-01,Rajasthan Desert,27.0,73.0,39.488956451416016,20,6
2025-06-02,Rajasthan Desert,27.0,73.0,38.64509201049805,20,6
2025-06-03,Rajasthan Desert,27.0,73.0,34.528892517089844,20,6
2025-06-04,Rajasthan Desert,27.0,73.0,34.05755615234375,20,6
2025-06-05,Rajasthan Desert,27.0,73.0,37.74041748046875,20,6
2025-06-06,Rajasthan Desert,27.0,73.0,40.93864059448242,20,6
2025-06-07,Rajasthan Desert,27.0,73.0,43.03266525268555,20,6
2025-06-08,Rajasthan Desert,27.0,73.0,44.46620559692383,20,6
2025-06-09,Rajasthan Desert,27.0,73.0,44.54974365234375,20,6
2025-06-10,Rajasthan Desert,27.0,73.0,44.279232025146484,20,6
2025-06-11,Rajasthan Desert,27.0,73.0,44.549190521240234,20,6
2025-06-12,Rajasthan Desert,27.0,73.0,44.990577697753906,20,6
2025-06-13,Rajasthan Desert,27.0,73.0,45.86567687988281,20,6
2025-06-14,Rajasthan Desert,27.0,73.0,42.62848663330078,20,6
2025-06-15,Rajasthan Desert,27.0,73.0,38.8863525390625,20,6
2025-06-16,Rajasthan Desert,27.0,73.0,37.545928955078125,20,6
2025-06-17,Rajasthan Desert,27.0,73.0,35.343910217285156,20,6
2025-06-18,Rajasthan Desert,27.0,73.0,37.157779693603516,20,6
2025-06-19,Rajasthan Desert,27.0,73.0,39.04542922973633,20,6
2025-06-20,Rajasthan Desert,27.0,73.0,36.73395538330078,20,6
2025-06-21,Rajasthan Desert,27.0,73.0,35.442344665527344,20,6
2025-06-22,Rajasthan Desert,27.0,73.0,38.747581481933594,20,6
2025-06-23,Rajasthan Desert,27.0,73.0,36.390323638916016,20,6
2025-06-24,Rajasthan Desert,27.0,73.0,38.16143798828125,20,6
2025-06-25,Rajasthan Desert,27.0,73.0,36.79280090332031,20,6
2025-06-26,Rajasthan Desert,27.0,73.0,36.43817901611328,20,6
2025-06-27,Rajasthan Desert,27.0,73.0,35.7332649230957,20,6
2025-06-28,Rajasthan Desert,27.0,73.0,36.15445327758789,20,6
2025-06-29,Rajasthan Desert,27.0,73.0,37.216793060302734,20,6
2025-06-30,Rajasthan Desert,27.0,73.0,36.01851272583008,20,6
2025-07-01,Rajasthan Desert,27.0,73.0,35.20822525024414,20,6
2025-07-02,Rajasthan Desert,27.0,73.0,34.94853210449219,20,6
2025-07-03,Rajasthan Desert,27.0,73.0,35.08140563964844,20,6
2025-07-04,Rajasthan Desert,27.0,73.0,36.43398666381836,20,6
2025-07-05,Rajasthan Desert,27.0,73.0,35.517738342285156,20,6
2025-07-06,Rajasthan Desert,27.0,73.0,35.77519607543945,20,6
2025-07-07,Rajasthan Desert,27.0,73.0,35.08662414550781,20,6
2025-07-08,Rajasthan Desert,27.0,73.0,36.22254943847656,20,6
2025-07-09,Rajasthan Desert,27.0,73.0,35.26677703857422,20,6
2025-07-10,Rajasthan Desert,27.0,73.0,32.75385665893555,20,6
2025-07-11,Rajasthan Desert,27.0,73.0,32.46063995361328,20,6
2025-07-12,Rajasthan Desert,27.0,73.0,33.1142692565918,20,6
2025-07-13,Rajasthan Desert,27.0,73.0,34.392601013183594,20,6
2025-07-14,Rajasthan Desert,27.0,73.0,31.990943908691406,20,6
2025-07-15,Rajasthan Desert,27.0,73.0,32.31086730957031,20,6
2025-07-16,Rajasthan Desert,27.0,73.0,33.13896179199219,20,6
2025-07-17,Rajasthan Desert,27.0,73.0,32.51536560058594,20,6
2025-07-18,Rajasthan Desert,27.0,73.0,32.517642974853516,20,6
2025-07-19,Rajasthan Desert,27.0,73.0,30.482484817504883,20,6
2025-07-20,Rajasthan Desert,27.0,73.0,31.64472007751465,20,6
2025-07-21,Rajasthan Desert,27.0,73.0,32.99259948730469,20,6
2025-07-22,Rajasthan Desert,27.0,73.0,33.76197052001953,20,6
2025-07-23,Rajasthan Desert,27.0,73.0,33.58448028564453,20,6
2025-07-24,Rajasthan Desert,27.0,73.0,35.30906295776367,20,6
2025-07-25,Rajasthan Desert,27.0,73.0,35.91778564453125,20,6
2025-07-26,Rajasthan Desert,27.0,73.0,34.05027770996094,20,6
2025-07-27,Rajasthan Desert,27.0,73.0,33.96316909790039,20,6
2025-07-28,Rajasthan Desert,27.0,73.0,33.87419509887695,20,6
2025-07-29,Rajasthan Desert,27.0,73.0,34.076812744140625,20,6
2025-07-30,Rajasthan Desert,27.0,73.0,31.361780166625977,20,6
2025-07-31,Rajasthan Desert,27.0,73.0,29.18210792541504,20,6
2025-08-01,Rajasthan Desert,27.0,73.0,29.911394119262695,20,6
2025-08-02,Rajasthan Desert,27.0,73.0,33.10222244262695,20,6
2025-08-03,Rajasthan Desert,27.0,73.0,34.183780670166016,20,6
2025-08-04,Rajasthan Desert,27.0,73.0,33.58031463623047,20,6
2025-08-05,Rajasthan Desert,27.0,73.0,33.915321350097656,20,6
2025-08-06,Rajasthan Desert,27.0,73.0,34.399131774902344,20,6
2025-08-07,Rajasthan Desert,27.0,73.0,34.98476028442383,20,6
2025-08-08,Rajasthan Desert,27.0,73.0,35.18878936767578,20,6
2025-08-09,Rajasthan Desert,27.0,73.0,33.91148376464844,20,6
2025-08-10,Rajasthan Desert,27.0,73.0,34.41123962402344,20,6
2025-08-11,Rajasthan Desert,27.0,73.0,35.52846908569336,20,6
2025-08-12,Rajasthan Desert,27.0,73.0,34.361873626708984,20,6
2025-08-13,Rajasthan Desert,27.0,73.0,34.89555358886719,20,6
2025-08-14,Rajasthan Desert,27.0,73.0,32.43770217895508,20,6
2025-08-15,Rajasthan Desert,27.0,73.0,35.635746002197266,20,6
2025-08-16,Rajasthan Desert,27.0,73.0,35.84236145019531,20,6
2025-08-17,Rajasthan Desert,27.0,73.0,36.74208068847656,20,6
2025-08-18,Rajasthan Desert,27.0,73.0,36.365718841552734,20,6
2025-08-19,Rajasthan Desert,27.0,73.0,35.67478561401367,20,6
2025-08-20,Rajasthan Desert,27.0,73.0,36.03031921386719,20,6
2025-08-21,Rajasthan Desert,27.0,73.0,34.373504638671875,20,6
2025-08-22,Rajasthan Desert,27.0,73.0,33.71696472167969,20,6
2025-08-23,Rajasthan Desert,27.0,73.0,31.038307189941406,20,6
2025-08-24,Rajasthan Desert,27.0,73.0,29.94658851623535,20,6
2025-08-25,Rajasthan Desert,27.0,73.0,30.909944534301758,20,6
2025-08-26,Rajasthan Desert,27.0,73.0,32.453575134277344,20,6
2025-08-27,Rajasthan Desert,27.0,73.0,33.65889358520508,20,6
2025-08-28,Rajasthan Desert,27.0,73.0,34.675899505615234,20,6
2025-08-29,Rajasthan Desert,27.0,73.0,33.72837829589844,20,6
2025-08-30,Rajasthan Desert,27.0,73.0,32.60175323486328,20,6
2025-08-31,Rajasthan Desert,27.0,73.0,31.176462173461914,20,6
2025-09-01,Rajasthan Desert,27.0,73.0,29.87786293029785,20,6
2025-09-02,Rajasthan Desert,27.0,73.0,32.13768768310547,20,6
2025-09-03,Rajasthan Desert,27.0,73.0,32.6806526184082,20,6
2025-09-04,Rajasthan Desert,27.0,73.0,31.5561580657959,20,6
2025-09-05,Rajasthan Desert,27.0,73.0,32.86048126220703,20,6
2025-09-06,Rajasthan Desert,27.0,73.0,31.58740997314453,20,6
2025-09-07,Rajasthan Desert,27.0,73.0,32.17781066894531,20,6
2025-09-08,Rajasthan Desert,27.0,73.0,31.51811408996582,20,6
2025-09-09,Rajasthan Desert,27.0,73.0,32.86005401611328,20,6
2025-09-10,Rajasthan Desert,27.0,73.0,33.0014762878418,20,6
2025-09-11,Rajasthan Desert,27.0,73.0,32.95272445678711,20,6
2025-09-12,Rajasthan Desert,27.0,73.0,33.96772003173828,20,6
2025-09-13,Rajasthan Desert,27.0,73.0,34.84983825683594,20,6
2025-09-14,Rajasthan Desert,27.0,73.0,35.44566345214844,20,6
2025-09-15,Rajasthan Desert,27.0,73.0,34.8076286315918,20,6
2025-09-16,Rajasthan Desert,27.0,73.0,34.54338073730469,20,6
2025-09-17,Rajasthan Desert,27.0,73.0,35.32319641113281,20,6
2025-09-18,Rajasthan Desert,27.0,73.0,35.9953727722168,20,6
2025-09-19,Rajasthan Desert,27.0,73.0,36.10480880737305,20,6
2025-09-20,Rajasthan Desert,27.0,73.0,36.03434371948242,20,6
2025-09-21,Rajasthan Desert,27.0,73.0,36.66983413696289,20,6
2025-09-22,Rajasthan Desert,27.0,73.0,36.85049057006836,20,6
2025-09-23,Rajasthan Desert,27.0,73.0,36.531593322753906,20,6
2025-09-24,Rajasthan Desert,27.0,73.0,35.729583740234375,20,6
2025-09-25,Rajasthan Desert,27.0,73.0,35.959991455078125,20,6
2025-09-26,Rajasthan Desert,27.0,73.0,37.02146530151367,20,6
2025-09-27,Rajasthan Desert,27.0,73.0,37.38304901123047,20,6
2025-09-28,Rajasthan Desert,27.0,73.0,37.204200744628906,20,6
2025-09-29,Rajasthan Desert,27.0,73.0,36.223114013671875,20,6
2025-09-30,Rajasthan Desert,27.0,73.0,32.54322814941406,20,6
2025-10-01,Rajasthan Desert,27.0,73.0,32.94623947143555,20,6
2025-10-02,Rajasthan Desert,27.0,73.0,34.48115158081055,20,6
2025-10-03,Rajasthan Desert,27.0,73.0,34.03971481323242,20,6
2025-10-04,Rajasthan Desert,27.0,73.0,35.14162826538086,20,6
2025-10-05,Rajasthan Desert,27.0,73.0,34.12269973754883,20,6
2025-10-06,Rajasthan Desert,27.0,73.0,27.844621658325195,20,6
2025-10-07,Rajasthan Desert,27.0,73.0,28.596881866455078,20,6
2025-10-08,Rajasthan Desert,27.0,73.0,29.049806594848633,20,6
2025-10-09,Rajasthan Desert,27.0,73.0,30.380239486694336,20,6
2025-10-10,Rajasthan Desert,27.0,73.0,31.585922241210938,20,6
2025-10-11,Rajasthan Desert,27.0,73.0,32.385353088378906,20,6
2025-10-12,Rajasthan Desert,27.0,73.0,33.113216400146484,20,6
2025-10-13,Rajasthan Desert,27.0,73.0,33.49325942993164,20,6
2025-10-14,Rajasthan Desert,27.0,73.0,33.961029052734375,20,6
2025-10-15,Rajasthan Desert,27.0,73.0,33.58943557739258,20,6
2025-10-16,Rajasthan Desert,27.0,73.0,33.78502655029297,20,6
2025-10-17,Rajasthan Desert,27.0,73.0,34.18642807006836,20,6
2025-10-18,Rajasthan Desert,27.0,73.0,34.223487854003906,20,6
2025-10-19,Rajasthan Desert,27.0,73.0,34.05173873901367,20,6
2025-10-20,Rajasthan Desert,27.0,73.0,33.64223098754883,20,6
2025-10-21,Rajasthan Desert,27.0,73.0,33.867733001708984,20,6
2025-10-22,Rajasthan Desert,27.0,73.0,33.665931701660156,20,6
2025-10-23,Rajasthan Desert,27.0,73.0,34.127098083496094,20,6
2025-10-24,Rajasthan Desert,27.0,73.0,33.74441146850586,20,6
2025-10-25,Rajasthan Desert,27.0,73.0,34.14271926879883,20,6
2025-10-26,Rajasthan Desert,27.0,73.0,33.592742919921875,20,6
2025-10-27,Rajasthan Desert,27.0,73.0,30.37327766418457,20,6
2025-10-28,Rajasthan Desert,27.0,73.0,27.344970703125,20,6
2025-10-29,Rajasthan Desert,27.0,73.0,29.77825164794922,20,6
2025-10-30,Rajasthan Desert,27.0,73.0,29.783414840698242,20,6
2025-10-31,Rajasthan Desert,27.0,73.0,31.280012130737305,20,6
2025-11-01,Rajasthan Desert,27.0,73.0,32.46493911743164,20,6
2025-11-02,Rajasthan Desert,27.0,73.0,33.624568939208984,20,6
2025-11-03,Rajasthan Desert,27.0,73.0,34.22614288330078,20,6
2025-11-04,Rajasthan Desert,27.0,73.0,31.84113121032715,20,6
2025-11-05,Rajasthan Desert,27.0,73.0,30.669326782226562,20,6
2025-11-06,Rajasthan Desert,27.0,73.0,29.736438751220703,20,6
2025-11-07,Rajasthan Desert,27.0,73.0,30.273780822753906,20,6
2025-11-08,Rajasthan Desert,27.0,73.0,30.606111526489258,20,6
2025-11-09,Rajasthan Desert,27.0,73.0,30.283641815185547,20,6
2025-11-10,Rajasthan Desert,27.0,73.0,30.13435173034668,20,6
2025-11-11,Rajasthan Desert,27.0,73.0,30.29804229736328,20,6
2025-11-12,Rajasthan Desert,27.0,73.0,30.180469512939453,20,6
2025-11-13,Rajasthan Desert,27.0,73.0,29.578763961791992,20,6
2025-11-14,Rajasthan Desert,27.0,73.0,30.04911994934082,20,6
2025-11-15,Rajasthan Desert,27.0,73.0,29.954818725585938,20,6
2025-11-16,Rajasthan Desert,27.0,73.0,29.590925216674805,20,6
2025-11-17,Rajasthan Desert,27.0,73.0,29.89851188659668,20,6
2025-11-18,Rajasthan Desert,27.0,73.0,29.41071319580078,20,6
2025-11-19,Rajasthan Desert,27.0,73.0,29.6456241607666,20,6
2025-11-20,Rajasthan Desert,27.0,73.0,29.65612030029297,20,6
2025-11-21,Rajasthan Desert,27.0,73.0,29.633974075317383,20,6
2025-11-22,Rajasthan Desert,27.0,73.0,28.940832138061523,20,6
2025-11-23,Rajasthan Desert,27.0,73.0,28.222272872924805,20,6
2025-11-24,Rajasthan Desert,27.0,73.0,27.9028263092041,20,6
2025-11-25,Rajasthan Desert,27.0,73.0,26.936494827270508,20,6
2025-11-26,Rajasthan Desert,27.0,73.0,26.131092071533203,20,6
2025-11-27,Rajasthan Desert,27.0,73.0,26.122526168823242,20,6
2025-11-28,Rajasthan Desert,27.0,73.0,26.068378448486328,20,6
2025-11-29,Rajasthan Desert,27.0,73.0,26.402511596679688,20,6
2025-11-30,Rajasthan Desert,27.0,73.0,26.68749237060547,20,6
2025-12-01,Rajasthan Desert,27.0,73.0,27.059301376342773,20,6
2025-12-02,Rajasthan Desert,27.0,73.0,26.548980712890625,20,6
2025-12-03,Rajasthan Desert,27.0,73.0,25.589275360107422,20,6
2025-12-04,Rajasthan Desert,27.0,73.0,25.355554580688477,20,6
2025-12-05,Rajasthan Desert,27.0,73.0,26.122859954833984,20,6
2025-12-06,Rajasthan Desert,27.0,73.0,25.82802391052246,20,6
2025-12-07,Rajasthan Desert,27.0,73.0,28.278797149658203,20,6
2025-12-08,Rajasthan Desert,27.0,73.0,28.487619400024414,20,6
2025-12-09,Rajasthan Desert,27.0,73.0,29.13247299194336,20,6
2025-12-10,Rajasthan Desert,27.0,73.0,29.401920318603516,20,6
2025-12-11,Rajasthan Desert,27.0,73.0,29.17635726928711,20,6
2025-12-12,Rajasthan Desert,27.0,73.0,29.117950439453125,20,6
2025-12-13,Rajasthan Desert,27.0,73.0,28.809385299682617,20,6
2025-12-14,Rajasthan Desert,27.0,73.0,27.936071395874023,20,6
2025-12-15,Rajasthan Desert,27.0,73.0,27.670948028564453,20,6
2025-12-16,Rajasthan Desert,27.0,73.0,26.882478713989258,20,6
2025-12-17,Rajasthan Desert,27.0,73.0,28.635059356689453,20,6
2025-12-18,Rajasthan Desert,27.0,73.0,28.557353973388672,20,6
2025-12-19,Rajasthan Desert,27.0,73.0,28.984561920166016,20,6
2025-12-20,Rajasthan Desert,27.0,73.0,29.920276641845703,20,6
2025-12-21,Rajasthan Desert,27.0,73.0,28.878170013427734,20,6
2025-12-22,Rajasthan Desert,27.0,73.0,27.556461334228516,20,6
2025-12-23,Rajasthan Desert,27.0,73.0,25.056034088134766,20,6
2025-12-24,Rajasthan Desert,27.0,73.0,24.489730834960938,20,6
2025-12-25,Rajasthan Desert,27.0,73.0,25.476591110229492,20,6
2025-12-26,Rajasthan Desert,27.0,73.0,25.86481475830078,20,6
2025-12-27,Rajasthan Desert,27.0,73.0,25.932327270507812,20,6
2025-12-28,Rajasthan Desert,27.0,73.0,26.24774932861328,20,6
2025-12-29,Rajasthan Desert,27.0,73.0,26.491802215576172,20,6
2025-12-30,Rajasthan Desert,27.0,73.0,26.628992080688477,20,6
2025-12-31,Rajasthan Desert,27.0,73.0,24.478811264038086,20,6
