date,region,latitude,longitude,tmax_c,grid_row,grid_col
2024-01-01,Central India,22.0,79.0,27.271467208862305,14,12
2024-01-02,Central India,22.0,79.0,27.66261863708496,14,12
2024-01-03,Central India,22.0,79.0,26.297443389892578,14,12
2024-01-04,Central India,22.0,79.0,24.85700035095215,14,12
2024-01-05,Central India,22.0,79.0,24.817216873168945,14,12
2024-01-06,Central India,22.0,79.0,23.05534553527832,14,12
2024-01-07,Central India,22.0,79.0,23.8613224029541,14,12
2024-01-08,Central India,22.0,79.0,26.702392578125,14,12
2024-01-09,Central India,22.0,79.0,28.636343002319336,14,12
2024-01-10,Central India,22.0,79.0,24.748714447021484,14,12
2024-01-11,Central India,22.0,79.0,27.32019805908203,14,12
2024-01-12,Central India,22.0,79.0,28.273283004760742,14,12
2024-01-13,Central India,22.0,79.0,28.740514755249023,14,12
2024-01-14,Central India,22.0,79.0,28.6948184967041,14,12
2024-01-15,Central India,22.0,79.0,26.947404861450195,14,12
2024-01-16,Central India,22.0,79.0,27.460865020751953,14,12
2024-01-17,Central India,22.0,79.0,27.737804412841797,14,12
2024-01-18,Central India,22.0,79.0,25.631332397460938,14,12
2024-01-19,Central India,22.0,79.0,25.326820373535156,14,12
2024-01-20,Central India,22.0,79.0,24.693862915039062,14,12
2024-01-21,Central India,22.0,79.0,25.447742462158203,14,12
2024-01-22,Central India,22.0,79.0,26.68054962158203,14,12
2024-01-23,Central India,22.0,79.0,25.661849975585938,14,12
2024-01-24,Central India,22.0,79.0,25.974803924560547,14,12
2024-01-25,Central India,22.0,79.0,25.952880859375,14,12
2024-01-26,Central India,22.0,79.0,27.545148849487305,14,12
2024-01-27,Central India,22.0,79.0,27.665870666503906,14,12
2024-01-28,Central India,22.0,79.0,28.871620178222656,14,12
2024-01-29,Central India,22.0,79.0,28.997201919555664,14,12
2024-01-30,Central India,22.0,79.0,28.18939971923828,14,12
2024-01-31,Central India,22.0,79.0,27.947633743286133,14,12
2024-02-01,Central India,22.0,79.0,28.603134155273438,14,12
2024-02-02,Central India,22.0,79.0,28.705217361450195,14,12
2024-02-03,Central India,22.0,79.0,29.17433738708496,14,12
2024-02-04,Central India,22.0,79.0,31.356346130371094,14,12
2024-02-05,Central India,22.0,79.0,31.349437713623047,14,12
2024-02-06,Central India,22.0,79.0,29.2811222076416,14,12
2024-02-07,Central India,22.0,79.0,29.006053924560547,14,12
2024-02-08,Central India,22.0,79.0,27.06647300720215,14,12
2024-02-09,Central India,22.0,79.0,28.424495697021484,14,12
2024-02-10,Central India,22.0,79.0,28.364145278930664,14,12
2024-02-11,Central India,22.0,79.0,28.047908782958984,14,12
2024-02-12,Central India,22.0,79.0,29.237037658691406,14,12
2024-02-13,Central India,22.0,79.0,29.179292678833008,14,12
2024-02-14,Central India,22.0,79.0,29.212671279907227,14,12
2024-02-15,Central India,22.0,79.0,29.483291625976562,14,12
2024-02-16,Central India,22.0,79.0,30.87021255493164,14,12
2024-02-17,Central India,22.0,79.0,31.93378448486328,14,12
2024-02-18,Central India,22.0,79.0,32.87407302856445,14,12
2024-02-19,Central India,22.0,79.0,32.69499206542969,14,12
2024-02-20,Central India,22.0,79.0,33.34590148925781,14,12
2024-02-21,Central India,22.0,79.0,31.902172088623047,14,12
2024-02-22,Central India,22.0,79.0,30.046344757080078,14,12
2024-02-23,Central India,22.0,79.0,29.15064811706543,14,12
2024-02-24,Central India,22.0,79.0,29.744495391845703,14,12
2024-02-25,Central India,22.0,79.0,29.955245971679688,14,12
2024-02-26,Central India,22.0,79.0,30.095340728759766,14,12
2024-02-27,Central India,22.0,79.0,30.686494827270508,14,12
2024-02-28,Central India,22.0,79.0,30.96183204650879,14,12
2024-02-29,Central India,22.0,79.0,32.09914016723633,14,12
2024-03-01,Central India,22.0,79.0,36.0262336730957,14,12
2024-03-02,Central India,22.0,79.0,29.56212615966797,14,12
2024-03-03,Central India,22.0,79.0,31.597347259521484,14,12
2024-03-04,Central India,22.0,79.0,30.603580474853516,14,12
2024-03-05,Central India,22.0,79.0,31.56477165222168,14,12
2024-03-06,Central India,22.0,79.0,32.69845199584961,14,12
2024-03-07,Central India,22.0,79.0,32.54863357543945,14,12
2024-03-08,Central India,22.0,79.0,32.895416259765625,14,12
2024-03-09,Central India,22.0,79.0,33.67798614501953,14,12
2024-03-10,Central India,22.0,79.0,34.84145736694336,14,12
2024-03-11,Central India,22.0,79.0,34.771583557128906,14,12
2024-03-12,Central India,22.0,79.0,35.479270935058594,14,12
2024-03-13,Central India,22.0,79.0,35.53588104248047,14,12
2024-03-14,Central India,22.0,79.0,35.39370346069336,14,12
2024-03-15,Central India,22.0,79.0,35.722137451171875,14,12
2024-03-16,Central India,22.0,79.0,34.381099700927734,14,12
2024-03-17,Central India,22.0,79.0,33.52095413208008,14,12
2024-03-18,Central India,22.0,79.0,33.240089416503906,14,12
2024-03-19,Central India,22.0,79.0,32.03601837158203,14,12
2024-03-20,Central India,22.0,79.0,32.567893981933594,14,12
2024-03-21,Central India,22.0,79.0,33.93708038330078,14,12
2024-03-22,Central India,22.0,79.0,36.031612396240234,14,12
2024-03-23,Central India,22.0,79.0,36.979156494140625,14,12
2024-03-24,Central India,22.0,79.0,37.286312103271484,14,12
2024-03-25,Central India,22.0,79.0,37.301185607910156,14,12
2024-03-26,Central India,22.0,79.0,37.22125244140625,14,12
2024-03-27,Central India,22.0,79.0,38.51408767700195,14,12
2024-03-28,Central India,22.0,79.0,39.31644821166992,14,12
2024-03-29,Central India,22.0,79.0,39.058406829833984,14,12
2024-03-30,Central India,22.0,79.0,37.67796325683594,14,12
2024-03-31,Central India,22.0,79.0,36.92759323120117,14,12
2024-04-01,Central India,22.0,79.0,37.020416259765625,14,12
2024-04-02,Central India,22.0,79.0,38.42697525024414,14,12
2024-04-03,Central India,22.0,79.0,39.3602180480957,14,12
2024-04-04,Central India,22.0,79.0,39.22041320800781,14,12
2024-04-05,Central India,22.0,79.0,38.89630889892578,14,12
2024-04-06,Central India,22.0,79.0,38.173675537109375,14,12
2024-04-07,Central India,22.0,79.0,34.790130615234375,14,12
2024-04-08,Central India,22.0,79.0,34.720191955566406,14,12
2024-04-09,Central India,22.0,79.0,34.762508392333984,14,12
2024-04-10,Central India,22.0,79.0,35.1746711730957,14,12
2024-04-11,Central India,22.0,79.0,31.19075584411621,14,12
2024-04-12,Central India,22.0,79.0,32.66314697265625,14,12
2024-04-13,Central India,22.0,79.0,32.01172637939453,14,12
2024-04-14,Central India,22.0,79.0,36.04225158691406,14,12
2024-04-15,Central India,22.0,79.0,37.30976486206055,14,12
2024-04-16,Central India,22.0,79.0,38.05841064453125,14,12
2024-04-17,Central India,22.0,79.0,38.18214416503906,14,12
2024-04-18,Central India,22.0,79.0,39.64524459838867,14,12
2024-04-19,Central India,22.0,79.0,40.09736251831055,14,12
2024-04-20,Central India,22.0,79.0,39.16203689575195,14,12
2024-04-21,Central India,22.0,79.0,38.57975769042969,14,12
2024-04-22,Central India,22.0,79.0,34.231849670410156,14,12
2024-04-23,Central India,22.0,79.0,37.046749114990234,14,12
2024-04-24,Central India,22.0,79.0,38.144474029541016,14,12
2024-04-25,Central India,22.0,79.0,39.3441047668457,14,12
2024-04-26,Central India,22.0,79.0,38.799259185791016,14,12
2024-04-27,Central India,22.0,79.0,38.4207649230957,14,12
2024-04-28,Central India,22.0,79.0,37.83524703979492,14,12
2024-04-29,Central India,22.0,79.0,39.34485626220703,14,12
2024-04-30,Central India,22.0,79.0,39.50302505493164,14,12
2024-05-01,Central India,22.0,79.0,38.44371795654297,14,12
2024-05-02,Central India,22.0,79.0,38.65496063232422,14,12
2024-05-03,Central India,22.0,79.0,39.81864547729492,14,12
2024-05-04,Central India,22.0,79.0,41.21236038208008,14,12
2024-05-05,Central India,22.0,79.0,41.04405975341797,14,12
2024-05-06,Central India,22.0,79.0,41.24751281738281,14,12
2024-05-07,Central India,22.0,79.0,40.87386703491211,14,12
2024-05-08,Central India,22.0,79.0,39.10369873046875,14,12
2024-05-09,Central India,22.0,79.0,36.790008544921875,14,12
2024-05-10,Central India,22.0,79.0,38.43458557128906,14,12
2024-05-11,Central India,22.0,79.0,38.91683578491211,14,12
2024-05-12,Central India,22.0,79.0,39.10212707519531,14,12
2024-05-13,Central India,22.0,79.0,37.945613861083984,14,12
2024-05-14,Central India,22.0,79.0,39.606529235839844,14,12
2024-05-15,Central India,22.0,79.0,37.319034576416016,14,12
2024-05-16,Central India,22.0,79.0,38.25218963623047,14,12
2024-05-17,Central India,22.0,79.0,35.12612533569336,14,12
2024-05-18,Central India,22.0,79.0,38.58763122558594,14,12
2024-05-19,Central India,22.0,79.0,39.85142517089844,14,12
2024-05-20,Central India,22.0,79.0,40.243438720703125,14,12
2024-05-21,Central India,22.0,79.0,40.52088165283203,14,12
2024-05-22,Central India,22.0,79.0,40.652347564697266,14,12
2024-05-23,Central India,22.0,79.0,40.762123107910156,14,12
2024-05-24,Central India,22.0,79.0,41.26734924316406,14,12
2024-05-25,Central India,22.0,79.0,41.29736328125,14,12
2024-05-26,Central India,22.0,79.0,42.560062408447266,14,12
2024-05-27,Central India,22.0,79.0,42.59357452392578,14,12
2024-05-28,Central India,22.0,79.0,42.1380615234375,14,12
2024-05-29,Central India,22.0,79.0,42.27156066894531,14,12
2024-05-30,Central India,22.0,79.0,42.06092071533203,14,12
2024-05-31,Central India,22.0,79.0,42.40793228149414,14,12
2024-06-01,Central India,22.0,79.0,41.75874328613281,14,12
2024-06-02,Central India,22.0,79.0,40.4999885559082,14,12
2024-06-03,Central India,22.0,79.0,40.35844802856445,14,12
2024-06-04,Central India,22.0,79.0,39.236854553222656,14,12
2024-06-05,Central India,22.0,79.0,37.47114562988281,14,12
2024-06-06,Central India,22.0,79.0,40.47188949584961,14,12
2024-06-07,Central India,22.0,79.0,40.647117614746094,14,12
2024-06-08,Central India,22.0,79.0,39.38376998901367,14,12
2024-06-09,Central India,22.0,79.0,39.88469314575195,14,12
2024-06-10,Central India,22.0,79.0,38.73371887207031,14,12
2024-06-11,Central India,22.0,79.0,39.482757568359375,14,12
2024-06-12,Central India,22.0,79.0,37.22341537475586,14,12
2024-06-13,Central India,22.0,79.0,38.05123519897461,14,12
2024-06-14,Central India,22.0,79.0,39.64690399169922,14,12
2024-06-15,Central India,22.0,79.0,39.29246139526367,14,12
2024-06-16,Central India,22.0,79.0,38.516658782958984,14,12
2024-06-17,Central India,22.0,79.0,38.3089485168457,14,12
2024-06-18,Central India,22.0,79.0,37.563018798828125,14,12
2024-06-19,Central India,22.0,79.0,34.34012222290039,14,12
2024-06-20,Central India,22.0,79.0,35.03262710571289,14,12
2024-06-21,Central India,22.0,79.0,34.095577239990234,14,12
2024-06-22,Central India,22.0,79.0,32.078311920166016,14,12
2024-06-23,Central India,22.0,79.0,32.74601364135742,14,12
2024-06-24,Central India,22.0,79.0,33.78556823730469,14,12
2024-06-25,Central India,22.0,79.0,35.24406814575195,14,12
2024-06-26,Central India,22.0,79.0,35.82052993774414,14,12
2024-06-27,Central India,22.0,79.0,33.921104431152344,14,12
2024-06-28,Central India,22.0,79.0,31.956708908081055,14,12
2024-06-29,Central India,22.0,79.0,31.261449813842773,14,12
2024-06-30,Central India,22.0,79.0,30.148637771606445,14,12
2024-07-01,Central India,22.0,79.0,29.1021728515625,14,12
2024-07-02,Central India,22.0,79.0,28.880144119262695,14,12
2024-07-03,Central India,22.0,79.0,32.05997848510742,14,12
2024-07-04,Central India,22.0,79.0,30.421701431274414,14,12
2024-07-05,Central India,22.0,79.0,31.465749740600586,14,12
2024-07-06,Central India,22.0,79.0,31.041275024414062,14,12
2024-07-07,Central India,22.0,79.0,31.5281982421875,14,12
2024-07-08,Central India,22.0,79.0,32.4615478515625,14,12
2024-07-09,Central India,22.0,79.0,32.29829788208008,14,12
2024-07-10,Central India,22.0,79.0,32.66307830810547,14,12
2024-07-11,Central India,22.0,79.0,31.515371322631836,14,12
2024-07-12,Central India,22.0,79.0,31.61073875427246,14,12
2024-07-13,Central India,22.0,79.0,30.645116806030273,14,12
2024-07-14,Central India,22.0,79.0,31.274715423583984,14,12
2024-07-15,Central India,22.0,79.0,31.53306007385254,14,12
2024-07-16,Central India,22.0,79.0,31.495025634765625,14,12
2024-07-17,Central India,22.0,79.0,30.04584312438965,14,12
2024-07-18,Central India,22.0,79.0,31.097797393798828,14,12
2024-07-19,Central India,22.0,79.0,31.03494644165039,14,12
2024-07-20,Central India,22.0,79.0,29.30255889892578,14,12
2024-07-21,Central India,22.0,79.0,30.39289093017578,14,12
2024-07-22,Central India,22.0,79.0,28.364002227783203,14,12
2024-07-23,Central India,22.0,79.0,27.65400505065918,14,12
2024-07-24,Central India,22.0,79.0,26.166303634643555,14,12
2024-07-25,Central India,22.0,79.0,27.287185668945312,14,12
2024-07-26,Central India,22.0,79.0,27.680217742919922,14,12
2024-07-27,Central India,22.0,79.0,27.908851623535156,14,12
2024-07-28,Central India,22.0,79.0,27.180910110473633,14,12
2024-07-29,Central India,22.0,79.0,28.23495101928711,14,12
2024-07-30,Central India,22.0,79.0,30.500083923339844,14,12
2024-07-31,Central India,22.0,79.0,29.597291946411133,14,12
2024-08-01,Central India,22.0,79.0,27.412288665771484,14,12
2024-08-02,Central India,22.0,79.0,27.10207176208496,14,12
2024-08-03,Central India,22.0,79.0,26.57772445678711,14,12
2024-08-04,Central India,22.0,79.0,27.099815368652344,14,12
2024-08-05,Central India,22.0,79.0,30.47530174255371,14,12
2024-08-06,Central India,22.0,79.0,30.384735107421875,14,12
2024-08-07,Central India,22.0,79.0,27.80845069885254,14,12
2024-08-08,Central India,22.0,79.0,27.621856689453125,14,12
2024-08-09,Central India,22.0,79.0,28.25613784790039,14,12
2024-08-10,Central India,22.0,79.0,28.221359252929688,14,12
2024-08-11,Central India,22.0,79.0,28.899415969848633,14,12
2024-08-12,Central India,22.0,79.0,30.366214752197266,14,12
2024-08-13,Central India,22.0,79.0,31.64124298095703,14,12
2024-08-14,Central India,22.0,79.0,31.005613327026367,14,12
2024-08-15,Central India,22.0,79.0,29.962074279785156,14,12
2024-08-16,Central India,22.0,79.0,30.40212631225586,14,12
2024-08-17,Central India,22.0,79.0,30.03680992126465,14,12
2024-08-18,Central India,22.0,79.0,31.385839462280273,14,12
2024-08-19,Central India,22.0,79.0,31.567764282226562,14,12
2024-08-20,Central India,22.0,79.0,31.29656410217285,14,12
2024-08-21,Central India,22.0,79.0,31.55597496032715,14,12
2024-08-22,Central India,22.0,79.0,30.762344360351562,14,12
2024-08-23,Central India,22.0,79.0,30.844078063964844,14,12
2024-08-24,Central India,22.0,79.0,28.037038803100586,14,12
2024-08-25,Central India,22.0,79.0,26.790632247924805,14,12
2024-08-26,Central India,22.0,79.0,29.76451301574707,14,12
2024-08-27,Central India,22.0,79.0,31.268901824951172,14,12
2024-08-28,Central India,22.0,79.0,31.902360916137695,14,12
2024-08-29,Central India,22.0,79.0,31.274097442626953,14,12
2024-08-30,Central India,22.0,79.0,30.760313034057617,14,12
2024-08-31,Central India,22.0,79.0,31.431774139404297,14,12
2024-09-01,Central India,22.0,79.0,31.122587203979492,14,12
2024-09-02,Central India,22.0,79.0,29.527589797973633,14,12
2024-09-03,Central India,22.0,79.0,29.83900260925293,14,12
2024-09-04,Central India,22.0,79.0,31.282737731933594,14,12
2024-09-05,Central India,22.0,79.0,30.86530876159668,14,12
2024-09-06,Central India,22.0,79.0,30.667551040649414,14,12
2024-09-07,Central India,22.0,79.0,31.140581130981445,14,12
2024-09-08,Central India,22.0,79.0,30.891334533691406,14,12
2024-09-09,Central India,22.0,79.0,30.87497329711914,14,12
2024-09-10,Central India,22.0,79.0,27.785879135131836,14,12
2024-09-11,Central India,22.0,79.0,27.86333465576172,14,12
2024-09-12,Central India,22.0,79.0,28.481409072875977,14,12
2024-09-13,Central India,22.0,79.0,29.39215660095215,14,12
2024-09-14,Central India,22.0,79.0,29.855546951293945,14,12
2024-09-15,Central India,22.0,79.0,30.090103149414062,14,12
2024-09-16,Central India,22.0,79.0,30.69213104248047,14,12
2024-09-17,Central India,22.0,79.0,28.337636947631836,14,12
2024-09-18,Central India,22.0,79.0,28.80819320678711,14,12
2024-09-19,Central India,22.0,79.0,31.274354934692383,14,12
2024-09-20,Central India,22.0,79.0,32.857200622558594,14,12
2024-09-21,Central India,22.0,79.0,33.653194427490234,14,12
2024-09-22,Central India,22.0,79.0,32.70870590209961,14,12
2024-09-23,Central India,22.0,79.0,32.470523834228516,14,12
2024-09-24,Central India,22.0,79.0,31.214067459106445,14,12
2024-09-25,Central India,22.0,79.0,30.049213409423828,14,12
2024-09-26,Central India,22.0,79.0,29.76827049255371,14,12
2024-09-27,Central India,22.0,79.0,29.522993087768555,14,12
2024-09-28,Central India,22.0,79.0,30.303707122802734,14,12
2024-09-29,Central India,22.0,79.0,31.946165084838867,14,12
2024-09-30,Central India,22.0,79.0,32.305049896240234,14,12
2024-10-01,Central India,22.0,79.0,32.458927154541016,14,12
2024-10-02,Central India,22.0,79.0,33.74318313598633,14,12
2024-10-03,Central India,22.0,79.0,33.37347412109375,14,12
2024-10-04,Central India,22.0,79.0,33.089515686035156,14,12
2024-10-05,Central India,22.0,79.0,32.91035079956055,14,12
2024-10-06,Central India,22.0,79.0,33.306331634521484,14,12
2024-10-07,Central India,22.0,79.0,33.01520538330078,14,12
2024-10-08,Central India,22.0,79.0,32.40495300292969,14,12
2024-10-09,Central India,22.0,79.0,31.97269630432129,14,12
2024-10-10,Central India,22.0,79.0,31.5338077545166,14,12
2024-10-11,Central India,22.0,79.0,31.256288528442383,14,12
2024-10-12,Central India,22.0,79.0,30.82569694519043,14,12
2024-10-13,Central India,22.0,79.0,31.563030242919922,14,12
2024-10-14,Central India,22.0,79.0,31.71765899658203,14,12
2024-10-15,Central India,22.0,79.0,32.002716064453125,14,12
2024-10-16,Central India,22.0,79.0,31.938199996948242,14,12
2024-10-17,Central India,22.0,79.0,31.822053909301758,14,12
2024-10-18,Central India,22.0,79.0,31.879112243652344,14,12
2024-10-19,Central India,22.0,79.0,31.842432022094727,14,12
2024-10-20,Central India,22.0,79.0,28.367137908935547,14,12
2024-10-21,Central India,22.0,79.0,31.211679458618164,14,12
2024-10-22,Central India,22.0,79.0,31.590009689331055,14,12
2024-10-23,Central India,22.0,79.0,31.15218162536621,14,12
2024-10-24,Central India,22.0,79.0,30.250032424926758,14,12
2024-10-25,Central India,22.0,79.0,30.954118728637695,14,12
2024-10-26,Central India,22.0,79.0,31.13484001159668,14,12
2024-10-27,Central India,22.0,79.0,30.566781997680664,14,12
2024-10-28,Central India,22.0,79.0,31.17681884765625,14,12
2024-10-29,Central India,22.0,79.0,32.323341369628906,14,12
2024-10-30,Central India,22.0,79.0,32.683780670166016,14,12
2024-10-31,Central India,22.0,79.0,33.30303192138672,14,12
2024-11-01,Central India,22.0,79.0,33.04926681518555,14,12
2024-11-02,Central India,22.0,79.0,32.92156219482422,14,12
2024-11-03,Central India,22.0,79.0,32.192771911621094,14,12
2024-11-04,Central India,22.0,79.0,31.665218353271484,14,12
2024-11-05,Central India,22.0,79.0,31.645187377929688,14,12
2024-11-06,Central India,22.0,79.0,30.8502254486084,14,12
2024-11-07,Central India,22.0,79.0,30.79585075378418,14,12
2024-11-08,Central India,22.0,79.0,30.501415252685547,14,12
2024-11-09,Central India,22.0,79.0,30.32577896118164,14,12
2024-11-10,Central India,22.0,79.0,30.138904571533203,14,12
2024-11-11,Central India,22.0,79.0,30.242448806762695,14,12
2024-11-12,Central India,22.0,79.0,30.036888122558594,14,12
2024-11-13,Central India,22.0,79.0,29.6993465423584,14,12
2024-11-14,Central India,22.0,79.0,29.83786392211914,14,12
2024-11-15,Central India,22.0,79.0,29.704753875732422,14,12
2024-11-16,Central India,22.0,79.0,29.449813842773438,14,12
2024-11-17,Central India,22.0,79.0,29.255311965942383,14,12
2024-11-18,Central India,22.0,79.0,28.831708908081055,14,12
2024-11-19,Central India,22.0,79.0,28.12554931640625,14,12
2024-11-20,Central India,22.0,79.0,27.40508460998535,14,12
2024-11-21,Central India,22.0,79.0,26.803089141845703,14,12
2024-11-22,Central India,22.0,79.0,26.698402404785156,14,12
2024-11-23,Central India,22.0,79.0,27.27275848388672,14,12
2024-11-24,Central India,22.0,79.0,27.543590545654297,14,12
2024-11-25,Central India,22.0,79.0,27.51816749572754,14,12
2024-11-26,Central India,22.0,79.0,27.628711700439453,14,12
2024-11-27,Central India,22.0,79.0,27.43904685974121,14,12
2024-11-28,Central India,22.0,79.0,26.247699737548828,14,12
2024-11-29,Central India,22.0,79.0,26.48848533630371,14,12
2024-11-30,Central India,22.0,79.0,27.28752899169922,14,12
2024-12-01,Central India,22.0,79.0,26.62569236755371,14,12
2024-12-02,Central India,22.0,79.0,27.904735565185547,14,12
2024-12-03,Central India,22.0,79.0,28.594120025634766,14,12
2024-12-04,Central India,22.0,79.0,29.53966522216797,14,12
2024-12-05,Central India,22.0,79.0,30.538349151611328,14,12
2024-12-06,Central India,22.0,79.0,29.18649673461914,14,12
2024-12-07,Central India,22.0,79.0,29.385814666748047,14,12
2024-12-08,Central India,22.0,79.0,28.83436393737793,14,12
2024-12-09,Central India,22.0,79.0,26.889326095581055,14,12
2024-12-10,Central India,22.0,79.0,25.542724609375,14,12
2024-12-11,Central India,22.0,79.0,25.822511672973633,14,12
2024-12-12,Central India,22.0,79.0,26.881216049194336,14,12
2024-12-13,Central India,22.0,79.0,25.7640380859375,14,12
2024-12-14,Central India,22.0,79.0,25.870847702026367,14,12
2024-12-15,Central India,22.0,79.0,26.995149612426758,14,12
2024-12-16,Central India,22.0,79.0,27.259033203125,14,12
2024-12-17,Central India,22.0,79.0,28.061073303222656,14,12
2024-12-18,Central India,22.0,79.0,27.741008758544922,14,12
2024-12-19,Central India,22.0,79.0,28.62384605407715,14,12
2024-12-20,Central India,22.0,79.0,28.97250747680664,14,12
2024-12-21,Central India,22.0,79.0,27.15364646911621,14,12
2024-12-22,Central India,22.0,79.0,26.6988525390625,14,12
2024-12-23,Central India,22.0,79.0,27.428258895874023,14,12
2024-12-24,Central India,22.0,79.0,28.105798721313477,14,12
2024-12-25,Central India,22.0,79.0,28.140111923217773,14,12
2024-12-26,Central India,22.0,79.0,28.64594268798828,14,12
2024-12-27,Central India,22.0,79.0,28.04197120666504,14,12
2024-12-28,Central India,22.0,79.0,25.74422836303711,14,12
2024-12-29,Central India,22.0,79.0,25.804759979248047,14,12
2024-12-30,Central India,22.0,79.0,25.59086036682129,14,12
2024-12-31,Central India,22.0,79.0,25.646678924560547,14,12
2024-01-01,Coastal Odisha,20.5,85.5,26.975675582885742,13,18
2024-01-02,Coastal Odisha,20.5,85.5,26.85505485534668,13,18
2024-01-03,Coastal Odisha,20.5,85.5,26.48639678955078,13,18
2024-01-04,Coastal Odisha,20.5,85.5,27.245695114135742,13,18
2024-01-05,Coastal Odisha,20.5,85.5,27.64447593688965,13,18
2024-01-06,Coastal Odisha,20.5,85.5,27.268924713134766,13,18
2024-01-07,Coastal Odisha,20.5,85.5,27.36855697631836,13,18
2024-01-08,Coastal Odisha,20.5,85.5,27.162931442260742,13,18
2024-01-09,Coastal Odisha,20.5,85.5,27.50771713256836,13,18
2024-01-10,Coastal Odisha,20.5,85.5,28.639240264892578,13,18
2024-01-11,Coastal Odisha,20.5,85.5,28.167078018188477,13,18
2024-01-12,Coastal Odisha,20.5,85.5,27.47167205810547,13,18
2024-01-13,Coastal Odisha,20.5,85.5,28.248098373413086,13,18
2024-01-14,Coastal Odisha,20.5,85.5,28.076690673828125,13,18
2024-01-15,Coastal Odisha,20.5,85.5,27.47124671936035,13,18
2024-01-16,Coastal Odisha,20.5,85.5,27.010217666625977,13,18
2024-01-17,Coastal Odisha,20.5,85.5,26.476329803466797,13,18
2024-01-18,Coastal Odisha,20.5,85.5,26.206918716430664,13,18
2024-01-19,Coastal Odisha,20.5,85.5,24.44462776184082,13,18
2024-01-20,Coastal Odisha,20.5,85.5,25.56938934326172,13,18
2024-01-21,Coastal Odisha,20.5,85.5,24.32142448425293,13,18
2024-01-22,Coastal Odisha,20.5,85.5,25.165876388549805,13,18
2024-01-23,Coastal Odisha,20.5,85.5,23.521286010742188,13,18
2024-01-24,Coastal Odisha,20.5,85.5,21.7187442779541,13,18
2024-01-25,Coastal Odisha,20.5,85.5,23.567873001098633,13,18
2024-01-26,Coastal Odisha,20.5,85.5,25.695842742919922,13,18
2024-01-27,Coastal Odisha,20.5,85.5,26.414827346801758,13,18
2024-01-28,Coastal Odisha,20.5,85.5,27.381378173828125,13,18
2024-01-29,Coastal Odisha,20.5,85.5,27.99760627746582,13,18
2024-01-30,Coastal Odisha,20.5,85.5,28.789897918701172,13,18
2024-01-31,Coastal Odisha,20.5,85.5,28.68401336669922,13,18
2024-02-01,Coastal Odisha,20.5,85.5,28.573190689086914,13,18
2024-02-02,Coastal Odisha,20.5,85.5,28.860767364501953,13,18
2024-02-03,Coastal Odisha,20.5,85.5,29.42967987060547,13,18
2024-02-04,Coastal Odisha,20.5,85.5,30.184654235839844,13,18
2024-02-05,Coastal Odisha,20.5,85.5,30.638404846191406,13,18
2024-02-06,Coastal Odisha,20.5,85.5,31.292144775390625,13,18
2024-02-07,Coastal Odisha,20.5,85.5,29.497909545898438,13,18
2024-02-08,Coastal Odisha,20.5,85.5,28.194732666015625,13,18
2024-02-09,Coastal Odisha,20.5,85.5,27.640413284301758,13,18
2024-02-10,Coastal Odisha,20.5,85.5,28.80779266357422,13,18
2024-02-11,Coastal Odisha,20.5,85.5,29.314044952392578,13,18
2024-02-12,Coastal Odisha,20.5,85.5,29.697551727294922,13,18
2024-02-13,Coastal Odisha,20.5,85.5,29.829370498657227,13,18
2024-02-14,Coastal Odisha,20.5,85.5,30.251628875732422,13,18
2024-02-15,Coastal Odisha,20.5,85.5,30.810626983642578,13,18
2024-02-16,Coastal Odisha,20.5,85.5,30.92378044128418,13,18
2024-02-17,Coastal Odisha,20.5,85.5,31.70164680480957,13,18
2024-02-18,Coastal Odisha,20.5,85.5,31.847450256347656,13,18
2024-02-19,Coastal Odisha,20.5,85.5,32.25634765625,13,18
2024-02-20,Coastal Odisha,20.5,85.5,33.533485412597656,13,18
2024-02-21,Coastal Odisha,20.5,85.5,33.2641716003418,13,18
2024-02-22,Coastal Odisha,20.5,85.5,33.13455581665039,13,18
2024-02-23,Coastal Odisha,20.5,85.5,31.24589729309082,13,18
2024-02-24,Coastal Odisha,20.5,85.5,30.08388328552246,13,18
2024-02-25,Coastal Odisha,20.5,85.5,27.293161392211914,13,18
2024-02-26,Coastal Odisha,20.5,85.5,29.163372039794922,13,18
2024-02-27,Coastal Odisha,20.5,85.5,31.452402114868164,13,18
2024-02-28,Coastal Odisha,20.5,85.5,32.13265609741211,13,18
2024-02-29,Coastal Odisha,20.5,85.5,32.08111572265625,13,18
2024-03-01,Coastal Odisha,20.5,85.5,33.123085021972656,13,18
2024-03-02,Coastal Odisha,20.5,85.5,33.45030212402344,13,18
2024-03-03,Coastal Odisha,20.5,85.5,32.773555755615234,13,18
2024-03-04,Coastal Odisha,20.5,85.5,32.17578887939453,13,18
2024-03-05,Coastal Odisha,20.5,85.5,32.96757125854492,13,18
2024-03-06,Coastal Odisha,20.5,85.5,33.08378982543945,13,18
2024-03-07,Coastal Odisha,20.5,85.5,31.21747589111328,13,18
2024-03-08,Coastal Odisha,20.5,85.5,31.809988021850586,13,18
2024-03-09,Coastal Odisha,20.5,85.5,32.66083526611328,13,18
2024-03-10,Coastal Odisha,20.5,85.5,33.39672088623047,13,18
2024-03-11,Coastal Odisha,20.5,85.5,33.668025970458984,13,18
2024-03-12,Coastal Odisha,20.5,85.5,34.558250427246094,13,18
2024-03-13,Coastal Odisha,20.5,85.5,34.44053649902344,13,18
2024-03-14,Coastal Odisha,20.5,85.5,34.47367477416992,13,18
2024-03-15,Coastal Odisha,20.5,85.5,34.88840866088867,13,18
2024-03-16,Coastal Odisha,20.5,85.5,33.66104507446289,13,18
2024-03-17,Coastal Odisha,20.5,85.5,33.229896545410156,13,18
2024-03-18,Coastal Odisha,20.5,85.5,31.546140670776367,13,18
2024-03-19,Coastal Odisha,20.5,85.5,28.873558044433594,13,18
2024-03-20,Coastal Odisha,20.5,85.5,24.560222625732422,13,18
2024-03-21,Coastal Odisha,20.5,85.5,29.393634796142578,13,18
2024-03-22,Coastal Odisha,20.5,85.5,32.11595153808594,13,18
2024-03-23,Coastal Odisha,20.5,85.5,34.06880569458008,13,18
2024-03-24,Coastal Odisha,20.5,85.5,34.353519439697266,13,18
2024-03-25,Coastal Odisha,20.5,85.5,34.373077392578125,13,18
2024-03-26,Coastal Odisha,20.5,85.5,33.775917053222656,13,18
2024-03-27,Coastal Odisha,20.5,85.5,34.503089904785156,13,18
2024-03-28,Coastal Odisha,20.5,85.5,35.25564193725586,13,18
2024-03-29,Coastal Odisha,20.5,85.5,35.31295394897461,13,18
2024-03-30,Coastal Odisha,20.5,85.5,35.10909652709961,13,18
2024-03-31,Coastal Odisha,20.5,85.5,34.79002380371094,13,18
2024-04-01,Coastal Odisha,20.5,85.5,36.68710708618164,13,18
2024-04-02,Coastal Odisha,20.5,85.5,36.39731979370117,13,18
2024-04-03,Coastal Odisha,20.5,85.5,35.847591400146484,13,18
2024-04-04,Coastal Odisha,20.5,85.5,36.15531539916992,13,18
2024-04-05,Coastal Odisha,20.5,85.5,38.36929702758789,13,18
2024-04-06,Coastal Odisha,20.5,85.5,37.79835891723633,13,18
2024-04-07,Coastal Odisha,20.5,85.5,34.65993881225586,13,18
2024-04-08,Coastal Odisha,20.5,85.5,31.632335662841797,13,18
2024-04-09,Coastal Odisha,20.5,85.5,33.513763427734375,13,18
2024-04-10,Coastal Odisha,20.5,85.5,34.96335220336914,13,18
2024-04-11,Coastal Odisha,20.5,85.5,29.149839401245117,13,18
2024-04-12,Coastal Odisha,20.5,85.5,32.412288665771484,13,18
2024-04-13,Coastal Odisha,20.5,85.5,35.50935745239258,13,18
2024-04-14,Coastal Odisha,20.5,85.5,36.896549224853516,13,18
2024-04-15,Coastal Odisha,20.5,85.5,38.25477600097656,13,18
2024-04-16,Coastal Odisha,20.5,85.5,38.40089797973633,13,18
2024-04-17,Coastal Odisha,20.5,85.5,38.36756134033203,13,18
2024-04-18,Coastal Odisha,20.5,85.5,39.375247955322266,13,18
2024-04-19,Coastal Odisha,20.5,85.5,39.05255126953125,13,18
2024-04-20,Coastal Odisha,20.5,85.5,39.04182052612305,13,18
2024-04-21,Coastal Odisha,20.5,85.5,39.08622360229492,13,18
2024-04-22,Coastal Odisha,20.5,85.5,37.962154388427734,13,18
2024-04-23,Coastal Odisha,20.5,85.5,38.636722564697266,13,18
2024-04-24,Coastal Odisha,20.5,85.5,39.54271697998047,13,18
2024-04-25,Coastal Odisha,20.5,85.5,39.45035934448242,13,18
2024-04-26,Coastal Odisha,20.5,85.5,39.369285583496094,13,18
2024-04-27,Coastal Odisha,20.5,85.5,40.27252197265625,13,18
2024-04-28,Coastal Odisha,20.5,85.5,39.16315841674805,13,18
2024-04-29,Coastal Odisha,20.5,85.5,38.981201171875,13,18
2024-04-30,Coastal Odisha,20.5,85.5,40.80649185180664,13,18
2024-05-01,Coastal Odisha,20.5,85.5,39.516849517822266,13,18
2024-05-02,Coastal Odisha,20.5,85.5,38.54499816894531,13,18
2024-05-03,Coastal Odisha,20.5,85.5,38.77418899536133,13,18
2024-05-04,Coastal Odisha,20.5,85.5,38.41813659667969,13,18
2024-05-05,Coastal Odisha,20.5,85.5,39.000770568847656,13,18
2024-05-06,Coastal Odisha,20.5,85.5,38.205482482910156,13,18
2024-05-07,Coastal Odisha,20.5,85.5,32.82282257080078,13,18
2024-05-08,Coastal Odisha,20.5,85.5,34.52824401855469,13,18
2024-05-09,Coastal Odisha,20.5,85.5,34.316219329833984,13,18
2024-05-10,Coastal Odisha,20.5,85.5,34.14589309692383,13,18
2024-05-11,Coastal Odisha,20.5,85.5,35.95240783691406,13,18
2024-05-12,Coastal Odisha,20.5,85.5,34.67504119873047,13,18
2024-05-13,Coastal Odisha,20.5,85.5,34.440425872802734,13,18
2024-05-14,Coastal Odisha,20.5,85.5,35.26936340332031,13,18
2024-05-15,Coastal Odisha,20.5,85.5,35.791778564453125,13,18
2024-05-16,Coastal Odisha,20.5,85.5,36.13859558105469,13,18
2024-05-17,Coastal Odisha,20.5,85.5,36.40708923339844,13,18
2024-05-18,Coastal Odisha,20.5,85.5,36.25153732299805,13,18
2024-05-19,Coastal Odisha,20.5,85.5,36.23223876953125,13,18
2024-05-20,Coastal Odisha,20.5,85.5,38.030277252197266,13,18
2024-05-21,Coastal Odisha,20.5,85.5,35.90555953979492,13,18
2024-05-22,Coastal Odisha,20.5,85.5,36.45048141479492,13,18
2024-05-23,Coastal Odisha,20.5,85.5,35.765140533447266,13,18
2024-05-24,Coastal Odisha,20.5,85.5,35.10853576660156,13,18
2024-05-25,Coastal Odisha,20.5,85.5,36.186317443847656,13,18
2024-05-26,Coastal Odisha,20.5,85.5,33.15641403198242,13,18
2024-05-27,Coastal Odisha,20.5,85.5,35.35871505737305,13,18
2024-05-28,Coastal Odisha,20.5,85.5,37.4527702331543,13,18
2024-05-29,Coastal Odisha,20.5,85.5,38.96907424926758,13,18
2024-05-30,Coastal Odisha,20.5,85.5,38.26237106323242,13,18
2024-05-31,Coastal Odisha,20.5,85.5,35.506717681884766,13,18
2024-06-01,Coastal Odisha,20.5,85.5,36.68129348754883,13,18
2024-06-02,Coastal Odisha,20.5,85.5,36.331932067871094,13,18
2024-06-03,Coastal Odisha,20.5,85.5,35.25907897949219,13,18
2024-06-04,Coastal Odisha,20.5,85.5,36.62343978881836,13,18
2024-06-05,Coastal Odisha,20.5,85.5,36.363468170166016,13,18
2024-06-06,Coastal Odisha,20.5,85.5,36.55836486816406,13,18
2024-06-07,Coastal Odisha,20.5,85.5,36.94597244262695,13,18
2024-06-08,Coastal Odisha,20.5,85.5,37.237632751464844,13,18
2024-06-09,Coastal Odisha,20.5,85.5,37.46735382080078,13,18
2024-06-10,Coastal Odisha,20.5,85.5,37.77577590942383,13,18
2024-06-11,Coastal Odisha,20.5,85.5,37.53891372680664,13,18
2024-06-12,Coastal Odisha,20.5,85.5,37.212623596191406,13,18
2024-06-13,Coastal Odisha,20.5,85.5,36.61221694946289,13,18
2024-06-14,Coastal Odisha,20.5,85.5,36.17021942138672,13,18
2024-06-15,Coastal Odisha,20.5,85.5,38.23886489868164,13,18
2024-06-16,Coastal Odisha,20.5,85.5,36.01231384277344,13,18
2024-06-17,Coastal Odisha,20.5,85.5,38.0046272277832,13,18
2024-06-18,Coastal Odisha,20.5,85.5,36.93771743774414,13,18
2024-06-19,Coastal Odisha,20.5,85.5,36.58062744140625,13,18
2024-06-20,Coastal Odisha,20.5,85.5,36.59600830078125,13,18
2024-06-21,Coastal Odisha,20.5,85.5,33.72456359863281,13,18
2024-06-22,Coastal Odisha,20.5,85.5,33.31291580200195,13,18
2024-06-23,Coastal Odisha,20.5,85.5,33.762123107910156,13,18
2024-06-24,Coastal Odisha,20.5,85.5,34.99268341064453,13,18
2024-06-25,Coastal Odisha,20.5,85.5,35.47151184082031,13,18
2024-06-26,Coastal Odisha,20.5,85.5,35.21894073486328,13,18
2024-06-27,Coastal Odisha,20.5,85.5,34.202667236328125,13,18
2024-06-28,Coastal Odisha,20.5,85.5,32.8762092590332,13,18
2024-06-29,Coastal Odisha,20.5,85.5,31.532453536987305,13,18
2024-06-30,Coastal Odisha,20.5,85.5,32.17678451538086,13,18
2024-07-01,Coastal Odisha,20.5,85.5,31.633514404296875,13,18
2024-07-02,Coastal Odisha,20.5,85.5,30.629472732543945,13,18
2024-07-03,Coastal Odisha,20.5,85.5,29.758756637573242,13,18
2024-07-04,Coastal Odisha,20.5,85.5,30.801868438720703,13,18
2024-07-05,Coastal Odisha,20.5,85.5,32.60411071777344,13,18
2024-07-06,Coastal Odisha,20.5,85.5,32.03364181518555,13,18
2024-07-07,Coastal Odisha,20.5,85.5,34.01656723022461,13,18
2024-07-08,Coastal Odisha,20.5,85.5,33.305931091308594,13,18
2024-07-09,Coastal Odisha,20.5,85.5,33.99761962890625,13,18
2024-07-10,Coastal Odisha,20.5,85.5,35.09494400024414,13,18
2024-07-11,Coastal Odisha,20.5,85.5,35.206199645996094,13,18
2024-07-12,Coastal Odisha,20.5,85.5,31.92732810974121,13,18
2024-07-13,Coastal Odisha,20.5,85.5,33.27955627441406,13,18
2024-07-14,Coastal Odisha,20.5,85.5,32.89289855957031,13,18
2024-07-15,Coastal Odisha,20.5,85.5,32.10892105102539,13,18
2024-07-16,Coastal Odisha,20.5,85.5,32.90780258178711,13,18
2024-07-17,Coastal Odisha,20.5,85.5,33.4459114074707,13,18
2024-07-18,Coastal Odisha,20.5,85.5,33.14509582519531,13,18
2024-07-19,Coastal Odisha,20.5,85.5,32.4586067199707,13,18
2024-07-20,Coastal Odisha,20.5,85.5,31.843402862548828,13,18
2024-07-21,Coastal Odisha,20.5,85.5,31.377952575683594,13,18
2024-07-22,Coastal Odisha,20.5,85.5,30.12314796447754,13,18
2024-07-23,Coastal Odisha,20.5,85.5,29.13849639892578,13,18
2024-07-24,Coastal Odisha,20.5,85.5,29.966716766357422,13,18
2024-07-25,Coastal Odisha,20.5,85.5,29.25598907470703,13,18
2024-07-26,Coastal Odisha,20.5,85.5,30.15548324584961,13,18
2024-07-27,Coastal Odisha,20.5,85.5,30.27674674987793,13,18
2024-07-28,Coastal Odisha,20.5,85.5,31.560440063476562,13,18
2024-07-29,Coastal Odisha,20.5,85.5,30.927513122558594,13,18
2024-07-30,Coastal Odisha,20.5,85.5,31.077369689941406,13,18
2024-07-31,Coastal Odisha,20.5,85.5,30.872833251953125,13,18
2024-08-01,Coastal Odisha,20.5,85.5,29.710256576538086,13,18
2024-08-02,Coastal Odisha,20.5,85.5,29.385990142822266,13,18
2024-08-03,Coastal Odisha,20.5,85.5,30.584686279296875,13,18
2024-08-04,Coastal Odisha,20.5,85.5,32.93781661987305,13,18
2024-08-05,Coastal Odisha,20.5,85.5,31.978195190429688,13,18
2024-08-06,Coastal Odisha,20.5,85.5,31.12277603149414,13,18
2024-08-07,Coastal Odisha,20.5,85.5,30.354965209960938,13,18
2024-08-08,Coastal Odisha,20.5,85.5,31.615169525146484,13,18
2024-08-09,Coastal Odisha,20.5,85.5,31.498010635375977,13,18
2024-08-10,Coastal Odisha,20.5,85.5,32.904483795166016,13,18
2024-08-11,Coastal Odisha,20.5,85.5,33.16203308105469,13,18
2024-08-12,Coastal Odisha,20.5,85.5,32.97739028930664,13,18
2024-08-13,Coastal Odisha,20.5,85.5,34.126949310302734,13,18
2024-08-14,Coastal Odisha,20.5,85.5,31.937137603759766,13,18
2024-08-15,Coastal Odisha,20.5,85.5,32.60729217529297,13,18
2024-08-16,Coastal Odisha,20.5,85.5,30.443222045898438,13,18
2024-08-17,Coastal Odisha,20.5,85.5,33.506187438964844,13,18
2024-08-18,Coastal Odisha,20.5,85.5,32.24948501586914,13,18
2024-08-19,Coastal Odisha,20.5,85.5,32.754878997802734,13,18
2024-08-20,Coastal Odisha,20.5,85.5,33.40730667114258,13,18
2024-08-21,Coastal Odisha,20.5,85.5,33.83788299560547,13,18
2024-08-22,Coastal Odisha,20.5,85.5,31.436145782470703,13,18
2024-08-23,Coastal Odisha,20.5,85.5,30.466297149658203,13,18
2024-08-24,Coastal Odisha,20.5,85.5,30.265064239501953,13,18
2024-08-25,Coastal Odisha,20.5,85.5,30.428855895996094,13,18
2024-08-26,Coastal Odisha,20.5,85.5,31.706636428833008,13,18
2024-08-27,Coastal Odisha,20.5,85.5,30.83945655822754,13,18
2024-08-28,Coastal Odisha,20.5,85.5,31.690563201904297,13,18
2024-08-29,Coastal Odisha,20.5,85.5,30.585824966430664,13,18
2024-08-30,Coastal Odisha,20.5,85.5,32.64386749267578,13,18
2024-08-31,Coastal Odisha,20.5,85.5,32.04346466064453,13,18
2024-09-01,Coastal Odisha,20.5,85.5,31.94483757019043,13,18
2024-09-02,Coastal Odisha,20.5,85.5,32.8318977355957,13,18
2024-09-03,Coastal Odisha,20.5,85.5,33.423561096191406,13,18
2024-09-04,Coastal Odisha,20.5,85.5,33.513572692871094,13,18
2024-09-05,Coastal Odisha,20.5,85.5,34.1093635559082,13,18
2024-09-06,Coastal Odisha,20.5,85.5,34.01319885253906,13,18
2024-09-07,Coastal Odisha,20.5,85.5,33.51971435546875,13,18
2024-09-08,Coastal Odisha,20.5,85.5,32.69082260131836,13,18
2024-09-09,Coastal Odisha,20.5,85.5,30.74685287475586,13,18
2024-09-10,Coastal Odisha,20.5,85.5,31.8665828704834,13,18
2024-09-11,Coastal Odisha,20.5,85.5,33.178165435791016,13,18
2024-09-12,Coastal Odisha,20.5,85.5,32.6568489074707,13,18
2024-09-13,Coastal Odisha,20.5,85.5,32.360595703125,13,18
2024-09-14,Coastal Odisha,20.5,85.5,30.230356216430664,13,18
2024-09-15,Coastal Odisha,20.5,85.5,30.40949058532715,13,18
2024-09-16,Coastal Odisha,20.5,85.5,30.202407836914062,13,18
2024-09-17,Coastal Odisha,20.5,85.5,30.855104446411133,13,18
2024-09-18,Coastal Odisha,20.5,85.5,32.38225555419922,13,18
2024-09-19,Coastal Odisha,20.5,85.5,33.327335357666016,13,18
2024-09-20,Coastal Odisha,20.5,85.5,34.565059661865234,13,18
2024-09-21,Coastal Odisha,20.5,85.5,33.97319793701172,13,18
2024-09-22,Coastal Odisha,20.5,85.5,34.225284576416016,13,18
2024-09-23,Coastal Odisha,20.5,85.5,33.68838119506836,13,18
2024-09-24,Coastal Odisha,20.5,85.5,30.37963104248047,13,18
2024-09-25,Coastal Odisha,20.5,85.5,29.77406120300293,13,18
2024-09-26,Coastal Odisha,20.5,85.5,29.229347229003906,13,18
2024-09-27,Coastal Odisha,20.5,85.5,31.260087966918945,13,18
2024-09-28,Coastal Odisha,20.5,85.5,33.498748779296875,13,18
2024-09-29,Coastal Odisha,20.5,85.5,34.292274475097656,13,18
2024-09-30,Coastal Odisha,20.5,85.5,34.95119094848633,13,18
2024-10-01,Coastal Odisha,20.5,85.5,35.45304870605469,13,18
2024-10-02,Coastal Odisha,20.5,85.5,32.5716438293457,13,18
2024-10-03,Coastal Odisha,20.5,85.5,34.37275314331055,13,18
2024-10-04,Coastal Odisha,20.5,85.5,34.27477264404297,13,18
2024-10-05,Coastal Odisha,20.5,85.5,33.949405670166016,13,18
2024-10-06,Coastal Odisha,20.5,85.5,32.92917251586914,13,18
2024-10-07,Coastal Odisha,20.5,85.5,33.106990814208984,13,18
2024-10-08,Coastal Odisha,20.5,85.5,34.075077056884766,13,18
2024-10-09,Coastal Odisha,20.5,85.5,33.85097122192383,13,18
2024-10-10,Coastal Odisha,20.5,85.5,34.453948974609375,13,18
2024-10-11,Coastal Odisha,20.5,85.5,34.685550689697266,13,18
2024-10-12,Coastal Odisha,20.5,85.5,34.94081497192383,13,18
2024-10-13,Coastal Odisha,20.5,85.5,34.38235855102539,13,18
2024-10-14,Coastal Odisha,20.5,85.5,33.902217864990234,13,18
2024-10-15,Coastal Odisha,20.5,85.5,33.9163932800293,13,18
2024-10-16,Coastal Odisha,20.5,85.5,33.692657470703125,13,18
2024-10-17,Coastal Odisha,20.5,85.5,33.845706939697266,13,18
2024-10-18,Coastal Odisha,20.5,85.5,34.081687927246094,13,18
2024-10-19,Coastal Odisha,20.5,85.5,33.72980880737305,13,18
2024-10-20,Coastal Odisha,20.5,85.5,32.10788345336914,13,18
2024-10-21,Coastal Odisha,20.5,85.5,32.210289001464844,13,18
2024-10-22,Coastal Odisha,20.5,85.5,32.56584548950195,13,18
2024-10-23,Coastal Odisha,20.5,85.5,31.25092315673828,13,18
2024-10-24,Coastal Odisha,20.5,85.5,27.99371337890625,13,18
2024-10-25,Coastal Odisha,20.5,85.5,27.748214721679688,13,18
2024-10-26,Coastal Odisha,20.5,85.5,28.18810272216797,13,18
2024-10-27,Coastal Odisha,20.5,85.5,30.234281539916992,13,18
2024-10-28,Coastal Odisha,20.5,85.5,30.846010208129883,13,18
2024-10-29,Coastal Odisha,20.5,85.5,31.942232131958008,13,18
2024-10-30,Coastal Odisha,20.5,85.5,32.539859771728516,13,18
2024-10-31,Coastal Odisha,20.5,85.5,33.173095703125,13,18
2024-11-01,Coastal Odisha,20.5,85.5,33.09800338745117,13,18
2024-11-02,Coastal Odisha,20.5,85.5,33.10099411010742,13,18
2024-11-03,Coastal Odisha,20.5,85.5,32.84278106689453,13,18
2024-11-04,Coastal Odisha,20.5,85.5,32.258033752441406,13,18
2024-11-05,Coastal Odisha,20.5,85.5,31.019519805908203,13,18
2024-11-06,Coastal Odisha,20.5,85.5,31.037212371826172,13,18
2024-11-07,Coastal Odisha,20.5,85.5,31.36173439025879,13,18
2024-11-08,Coastal Odisha,20.5,85.5,31.40734100341797,13,18
2024-11-09,Coastal Odisha,20.5,85.5,31.34063148498535,13,18
2024-11-10,Coastal Odisha,20.5,85.5,31.114347457885742,13,18
2024-11-11,Coastal Odisha,20.5,85.5,30.450666427612305,13,18
2024-11-12,Coastal Odisha,20.5,85.5,30.753376007080078,13,18
2024-11-13,Coastal Odisha,20.5,85.5,30.74618911743164,13,18
2024-11-14,Coastal Odisha,20.5,85.5,30.480409622192383,13,18
2024-11-15,Coastal Odisha,20.5,85.5,30.750598907470703,13,18
2024-11-16,Coastal Odisha,20.5,85.5,29.86996078491211,13,18
2024-11-17,Coastal Odisha,20.5,85.5,30.052730560302734,13,18
2024-11-18,Coastal Odisha,20.5,85.5,29.852771759033203,13,18
2024-11-19,Coastal Odisha,20.5,85.5,28.82356071472168,13,18
2024-11-20,Coastal Odisha,20.5,85.5,28.758895874023438,13,18
2024-11-21,Coastal Odisha,20.5,85.5,28.842655181884766,13,18
2024-11-22,Coastal Odisha,20.5,85.5,28.611738204956055,13,18
2024-11-23,Coastal Odisha,20.5,85.5,28.599069595336914,13,18
2024-11-24,Coastal Odisha,20.5,85.5,28.081785202026367,13,18
2024-11-25,Coastal Odisha,20.5,85.5,27.885400772094727,13,18
2024-11-26,Coastal Odisha,20.5,85.5,28.496715545654297,13,18
2024-11-27,Coastal Odisha,20.5,85.5,27.578577041625977,13,18
2024-11-28,Coastal Odisha,20.5,85.5,26.998964309692383,13,18
2024-11-29,Coastal Odisha,20.5,85.5,26.16221809387207,13,18
2024-11-30,Coastal Odisha,20.5,85.5,25.421388626098633,13,18
2024-12-01,Coastal Odisha,20.5,85.5,25.495893478393555,13,18
2024-12-02,Coastal Odisha,20.5,85.5,25.64897346496582,13,18
2024-12-03,Coastal Odisha,20.5,85.5,29.258939743041992,13,18
2024-12-04,Coastal Odisha,20.5,85.5,30.149559020996094,13,18
2024-12-05,Coastal Odisha,20.5,85.5,30.6864013671875,13,18
2024-12-06,Coastal Odisha,20.5,85.5,30.752666473388672,13,18
2024-12-07,Coastal Odisha,20.5,85.5,28.86724090576172,13,18
2024-12-08,Coastal Odisha,20.5,85.5,27.753721237182617,13,18
2024-12-09,Coastal Odisha,20.5,85.5,28.441280364990234,13,18
2024-12-10,Coastal Odisha,20.5,85.5,28.020240783691406,13,18
2024-12-11,Coastal Odisha,20.5,85.5,27.12548065185547,13,18
2024-12-12,Coastal Odisha,20.5,85.5,27.014461517333984,13,18
2024-12-13,Coastal Odisha,20.5,85.5,27.542537689208984,13,18
2024-12-14,Coastal Odisha,20.5,85.5,26.575439453125,13,18
2024-12-15,Coastal Odisha,20.5,85.5,26.40411949157715,13,18
2024-12-16,Coastal Odisha,20.5,85.5,26.98341178894043,13,18
2024-12-17,Coastal Odisha,20.5,85.5,27.791545867919922,13,18
2024-12-18,Coastal Odisha,20.5,85.5,28.252492904663086,13,18
2024-12-19,Coastal Odisha,20.5,85.5,27.892139434814453,13,18
2024-12-20,Coastal Odisha,20.5,85.5,24.830732345581055,13,18
2024-12-21,Coastal Odisha,20.5,85.5,23.235740661621094,13,18
2024-12-22,Coastal Odisha,20.5,85.5,26.108558654785156,13,18
2024-12-23,Coastal Odisha,20.5,85.5,27.107254028320312,13,18
2024-12-24,Coastal Odisha,20.5,85.5,25.82335662841797,13,18
2024-12-25,Coastal Odisha,20.5,85.5,23.548946380615234,13,18
2024-12-26,Coastal Odisha,20.5,85.5,28.10137367248535,13,18
2024-12-27,Coastal Odisha,20.5,85.5,29.407976150512695,13,18
2024-12-28,Coastal Odisha,20.5,85.5,29.500839233398438,13,18
2024-12-29,Coastal Odisha,20.5,85.5,29.830625534057617,13,18
2024-12-30,Coastal Odisha,20.5,85.5,28.50607681274414,13,18
2024-12-31,Coastal Odisha,20.5,85.5,26.89048194885254,13,18
2024-01-01,Deccan Plateau,17.8,78.5,29.731563568115234,10,11
2024-01-02,Deccan Plateau,17.8,78.5,29.137208938598633,10,11
2024-01-03,Deccan Plateau,17.8,78.5,29.40452766418457,10,11
2024-01-04,Deccan Plateau,17.8,78.5,29.930633544921875,10,11
2024-01-05,Deccan Plateau,17.8,78.5,29.650012969970703,10,11
2024-01-06,Deccan Plateau,17.8,78.5,30.028564453125,10,11
2024-01-07,Deccan Plateau,17.8,78.5,29.59184455871582,10,11
2024-01-08,Deccan Plateau,17.8,78.5,29.55765724182129,10,11
2024-01-09,Deccan Plateau,17.8,78.5,29.109399795532227,10,11
2024-01-10,Deccan Plateau,17.8,78.5,29.384082794189453,10,11
2024-01-11,Deccan Plateau,17.8,78.5,32.06842041015625,10,11
2024-01-12,Deccan Plateau,17.8,78.5,32.13872528076172,10,11
2024-01-13,Deccan Plateau,17.8,78.5,31.864696502685547,10,11
2024-01-14,Deccan Plateau,17.8,78.5,32.78607940673828,10,11
2024-01-15,Deccan Plateau,17.8,78.5,31.439851760864258,10,11
2024-01-16,Deccan Plateau,17.8,78.5,30.8665828704834,10,11
2024-01-17,Deccan Plateau,17.8,78.5,30.788244247436523,10,11
2024-01-18,Deccan Plateau,17.8,78.5,30.66009521484375,10,11
2024-01-19,Deccan Plateau,17.8,78.5,31.545351028442383,10,11
2024-01-20,Deccan Plateau,17.8,78.5,30.919069290161133,10,11
2024-01-21,Deccan Plateau,17.8,78.5,31.537336349487305,10,11
2024-01-22,Deccan Plateau,17.8,78.5,31.919042587280273,10,11
2024-01-23,Deccan Plateau,17.8,78.5,31.670886993408203,10,11
2024-01-24,Deccan Plateau,17.8,78.5,30.518224716186523,10,11
2024-01-25,Deccan Plateau,17.8,78.5,30.43410873413086,10,11
2024-01-26,Deccan Plateau,17.8,78.5,31.15359115600586,10,11
2024-01-27,Deccan Plateau,17.8,78.5,30.718303680419922,10,11
2024-01-28,Deccan Plateau,17.8,78.5,31.248733520507812,10,11
2024-01-29,Deccan Plateau,17.8,78.5,31.049182891845703,10,11
2024-01-30,Deccan Plateau,17.8,78.5,31.347929000854492,10,11
2024-01-31,Deccan Plateau,17.8,78.5,31.84718894958496,10,11
2024-02-01,Deccan Plateau,17.8,78.5,32.44206237792969,10,11
2024-02-02,Deccan Plateau,17.8,78.5,32.813819885253906,10,11
2024-02-03,Deccan Plateau,17.8,78.5,32.53489685058594,10,11
2024-02-04,Deccan Plateau,17.8,78.5,33.06425094604492,10,11
2024-02-05,Deccan Plateau,17.8,78.5,34.06111526489258,10,11
2024-02-06,Deccan Plateau,17.8,78.5,35.04449462890625,10,11
2024-02-07,Deccan Plateau,17.8,78.5,35.80225372314453,10,11
2024-02-08,Deccan Plateau,17.8,78.5,34.16249084472656,10,11
2024-02-09,Deccan Plateau,17.8,78.5,34.4310302734375,10,11
2024-02-10,Deccan Plateau,17.8,78.5,33.53145217895508,10,11
2024-02-11,Deccan Plateau,17.8,78.5,32.55038833618164,10,11
2024-02-12,Deccan Plateau,17.8,78.5,33.53269958496094,10,11
2024-02-13,Deccan Plateau,17.8,78.5,33.24744415283203,10,11
2024-02-14,Deccan Plateau,17.8,78.5,33.62138748168945,10,11
2024-02-15,Deccan Plateau,17.8,78.5,33.53137969970703,10,11
2024-02-16,Deccan Plateau,17.8,78.5,34.0716552734375,10,11
2024-02-17,Deccan Plateau,17.8,78.5,35.111358642578125,10,11
2024-02-18,Deccan Plateau,17.8,78.5,35.25237274169922,10,11
2024-02-19,Deccan Plateau,17.8,78.5,34.679317474365234,10,11
2024-02-20,Deccan Plateau,17.8,78.5,35.23048782348633,10,11
2024-02-21,Deccan Plateau,17.8,78.5,35.469512939453125,10,11
2024-02-22,Deccan Plateau,17.8,78.5,35.113128662109375,10,11
2024-02-23,Deccan Plateau,17.8,78.5,34.16963195800781,10,11
2024-02-24,Deccan Plateau,17.8,78.5,34.32038879394531,10,11
2024-02-25,Deccan Plateau,17.8,78.5,33.37187194824219,10,11
2024-02-26,Deccan Plateau,17.8,78.5,33.20072937011719,10,11
2024-02-27,Deccan Plateau,17.8,78.5,34.586097717285156,10,11
2024-02-28,Deccan Plateau,17.8,78.5,35.106689453125,10,11
2024-02-29,Deccan Plateau,17.8,78.5,35.64439392089844,10,11
2024-03-01,Deccan Plateau,17.8,78.5,36.29924392700195,10,11
2024-03-02,Deccan Plateau,17.8,78.5,36.57017135620117,10,11
2024-03-03,Deccan Plateau,17.8,78.5,35.9684944152832,10,11
2024-03-04,Deccan Plateau,17.8,78.5,35.7845573425293,10,11
2024-03-05,Deccan Plateau,17.8,78.5,36.32813262939453,10,11
2024-03-06,Deccan Plateau,17.8,78.5,37.276580810546875,10,11
2024-03-07,Deccan Plateau,17.8,78.5,37.158145904541016,10,11
2024-03-08,Deccan Plateau,17.8,78.5,37.22543716430664,10,11
2024-03-09,Deccan Plateau,17.8,78.5,37.0930290222168,10,11
2024-03-10,Deccan Plateau,17.8,78.5,36.05839538574219,10,11
2024-03-11,Deccan Plateau,17.8,78.5,36.17915725708008,10,11
2024-03-12,Deccan Plateau,17.8,78.5,37.751346588134766,10,11
2024-03-13,Deccan Plateau,17.8,78.5,38.33469009399414,10,11
2024-03-14,Deccan Plateau,17.8,78.5,37.59622573852539,10,11
2024-03-15,Deccan Plateau,17.8,78.5,36.83430862426758,10,11
2024-03-16,Deccan Plateau,17.8,78.5,36.247535705566406,10,11
2024-03-17,Deccan Plateau,17.8,78.5,35.482093811035156,10,11
2024-03-18,Deccan Plateau,17.8,78.5,35.69032287597656,10,11
2024-03-19,Deccan Plateau,17.8,78.5,35.36395263671875,10,11
2024-03-20,Deccan Plateau,17.8,78.5,33.82714080810547,10,11
2024-03-21,Deccan Plateau,17.8,78.5,35.85221862792969,10,11
2024-03-22,Deccan Plateau,17.8,78.5,36.97199630737305,10,11
2024-03-23,Deccan Plateau,17.8,78.5,37.73682403564453,10,11
2024-03-24,Deccan Plateau,17.8,78.5,37.81660079956055,10,11
2024-03-25,Deccan Plateau,17.8,78.5,37.34376907348633,10,11
2024-03-26,Deccan Plateau,17.8,78.5,38.041141510009766,10,11
2024-03-27,Deccan Plateau,17.8,78.5,37.96014404296875,10,11
2024-03-28,Deccan Plateau,17.8,78.5,38.94845962524414,10,11
2024-03-29,Deccan Plateau,17.8,78.5,39.608951568603516,10,11
2024-03-30,Deccan Plateau,17.8,78.5,39.84019470214844,10,11
2024-03-31,Deccan Plateau,17.8,78.5,39.10593795776367,10,11
2024-04-01,Deccan Plateau,17.8,78.5,40.045997619628906,10,11
2024-04-02,Deccan Plateau,17.8,78.5,40.20889663696289,10,11
2024-04-03,Deccan Plateau,17.8,78.5,39.888790130615234,10,11
2024-04-04,Deccan Plateau,17.8,78.5,40.39632034301758,10,11
2024-04-05,Deccan Plateau,17.8,78.5,41.33222198486328,10,11
2024-04-06,Deccan Plateau,17.8,78.5,41.849491119384766,10,11
2024-04-07,Deccan Plateau,17.8,78.5,40.91284942626953,10,11
2024-04-08,Deccan Plateau,17.8,78.5,38.89548110961914,10,11
2024-04-09,Deccan Plateau,17.8,78.5,37.7166633605957,10,11
2024-04-10,Deccan Plateau,17.8,78.5,38.253787994384766,10,11
2024-04-11,Deccan Plateau,17.8,78.5,37.101585388183594,10,11
2024-04-12,Deccan Plateau,17.8,78.5,37.01091384887695,10,11
2024-04-13,Deccan Plateau,17.8,78.5,34.34571838378906,10,11
2024-04-14,Deccan Plateau,17.8,78.5,38.7379035949707,10,11
2024-04-15,Deccan Plateau,17.8,78.5,40.163963317871094,10,11
2024-04-16,Deccan Plateau,17.8,78.5,41.081417083740234,10,11
2024-04-17,Deccan Plateau,17.8,78.5,41.40652847290039,10,11
2024-04-18,Deccan Plateau,17.8,78.5,41.31968307495117,10,11
2024-04-19,Deccan Plateau,17.8,78.5,40.5928955078125,10,11
2024-04-20,Deccan Plateau,17.8,78.5,36.938289642333984,10,11
2024-04-21,Deccan Plateau,17.8,78.5,40.061614990234375,10,11
2024-04-22,Deccan Plateau,17.8,78.5,40.76097869873047,10,11
2024-04-23,Deccan Plateau,17.8,78.5,40.639461517333984,10,11
2024-04-24,Deccan Plateau,17.8,78.5,40.661006927490234,10,11
2024-04-25,Deccan Plateau,17.8,78.5,41.5944709777832,10,11
2024-04-26,Deccan Plateau,17.8,78.5,42.176292419433594,10,11
2024-04-27,Deccan Plateau,17.8,78.5,42.009796142578125,10,11
2024-04-28,Deccan Plateau,17.8,78.5,42.48485565185547,10,11
2024-04-29,Deccan Plateau,17.8,78.5,42.14216995239258,10,11
2024-04-30,Deccan Plateau,17.8,78.5,42.97406005859375,10,11
2024-05-01,Deccan Plateau,17.8,78.5,43.74009323120117,10,11
2024-05-02,Deccan Plateau,17.8,78.5,43.14703369140625,10,11
2024-05-03,Deccan Plateau,17.8,78.5,43.910438537597656,10,11
2024-05-04,Deccan Plateau,17.8,78.5,43.89778137207031,10,11
2024-05-05,Deccan Plateau,17.8,78.5,43.386600494384766,10,11
2024-05-06,Deccan Plateau,17.8,78.5,43.208717346191406,10,11
2024-05-07,Deccan Plateau,17.8,78.5,41.16596984863281,10,11
2024-05-08,Deccan Plateau,17.8,78.5,38.61030197143555,10,11
2024-05-09,Deccan Plateau,17.8,78.5,38.26628112792969,10,11
2024-05-10,Deccan Plateau,17.8,78.5,38.529788970947266,10,11
2024-05-11,Deccan Plateau,17.8,78.5,39.2003288269043,10,11
2024-05-12,Deccan Plateau,17.8,78.5,38.98907470703125,10,11
2024-05-13,Deccan Plateau,17.8,78.5,36.41545867919922,10,11
2024-05-14,Deccan Plateau,17.8,78.5,38.547603607177734,10,11
2024-05-15,Deccan Plateau,17.8,78.5,36.660400390625,10,11
2024-05-16,Deccan Plateau,17.8,78.5,37.205135345458984,10,11
2024-05-17,Deccan Plateau,17.8,78.5,33.417293548583984,10,11
2024-05-18,Deccan Plateau,17.8,78.5,35.049903869628906,10,11
2024-05-19,Deccan Plateau,17.8,78.5,36.019493103027344,10,11
2024-05-20,Deccan Plateau,17.8,78.5,37.65508270263672,10,11
2024-05-21,Deccan Plateau,17.8,78.5,38.46390914916992,10,11
2024-05-22,Deccan Plateau,17.8,78.5,38.88954544067383,10,11
2024-05-23,Deccan Plateau,17.8,78.5,38.478084564208984,10,11
2024-05-24,Deccan Plateau,17.8,78.5,39.299583435058594,10,11
2024-05-25,Deccan Plateau,17.8,78.5,38.307579040527344,10,11
2024-05-26,Deccan Plateau,17.8,78.5,40.746952056884766,10,11
2024-05-27,Deccan Plateau,17.8,78.5,38.79957580566406,10,11
2024-05-28,Deccan Plateau,17.8,78.5,39.251766204833984,10,11
2024-05-29,Deccan Plateau,17.8,78.5,41.14607238769531,10,11
2024-05-30,Deccan Plateau,17.8,78.5,41.9827995300293,10,11
2024-05-31,Deccan Plateau,17.8,78.5,42.72981262207031,10,11
2024-06-01,Deccan Plateau,17.8,78.5,40.788597106933594,10,11
2024-06-02,Deccan Plateau,17.8,78.5,40.68670654296875,10,11
2024-06-03,Deccan Plateau,17.8,78.5,33.3306884765625,10,11
2024-06-04,Deccan Plateau,17.8,78.5,36.97088623046875,10,11
2024-06-05,Deccan Plateau,17.8,78.5,37.228614807128906,10,11
2024-06-06,Deccan Plateau,17.8,78.5,36.231239318847656,10,11
2024-06-07,Deccan Plateau,17.8,78.5,34.819583892822266,10,11
2024-06-08,Deccan Plateau,17.8,78.5,34.248138427734375,10,11
2024-06-09,Deccan Plateau,17.8,78.5,33.029972076416016,10,11
2024-06-10,Deccan Plateau,17.8,78.5,33.94178009033203,10,11
2024-06-11,Deccan Plateau,17.8,78.5,33.68467712402344,10,11
2024-06-12,Deccan Plateau,17.8,78.5,33.221702575683594,10,11
2024-06-13,Deccan Plateau,17.8,78.5,35.27265930175781,10,11
2024-06-14,Deccan Plateau,17.8,78.5,34.71144485473633,10,11
2024-06-15,Deccan Plateau,17.8,78.5,35.93722152709961,10,11
2024-06-16,Deccan Plateau,17.8,78.5,36.51335906982422,10,11
2024-06-17,Deccan Plateau,17.8,78.5,36.320655822753906,10,11
2024-06-18,Deccan Plateau,17.8,78.5,36.90148162841797,10,11
2024-06-19,Deccan Plateau,17.8,78.5,35.257843017578125,10,11
2024-06-20,Deccan Plateau,17.8,78.5,35.556034088134766,10,11
2024-06-21,Deccan Plateau,17.8,78.5,35.03407287597656,10,11
2024-06-22,Deccan Plateau,17.8,78.5,33.938751220703125,10,11
2024-06-23,Deccan Plateau,17.8,78.5,33.00605392456055,10,11
2024-06-24,Deccan Plateau,17.8,78.5,34.14632797241211,10,11
2024-06-25,Deccan Plateau,17.8,78.5,34.762672424316406,10,11
2024-06-26,Deccan Plateau,17.8,78.5,35.566898345947266,10,11
2024-06-27,Deccan Plateau,17.8,78.5,32.62669372558594,10,11
2024-06-28,Deccan Plateau,17.8,78.5,32.25972366333008,10,11
2024-06-29,Deccan Plateau,17.8,78.5,33.48561477661133,10,11
2024-06-30,Deccan Plateau,17.8,78.5,30.42371368408203,10,11
2024-07-01,Deccan Plateau,17.8,78.5,31.407976150512695,10,11
2024-07-02,Deccan Plateau,17.8,78.5,34.0122184753418,10,11
2024-07-03,Deccan Plateau,17.8,78.5,33.24264144897461,10,11
2024-07-04,Deccan Plateau,17.8,78.5,34.41107940673828,10,11
2024-07-05,Deccan Plateau,17.8,78.5,34.15690231323242,10,11
2024-07-06,Deccan Plateau,17.8,78.5,32.00301742553711,10,11
2024-07-07,Deccan Plateau,17.8,78.5,32.43513107299805,10,11
2024-07-08,Deccan Plateau,17.8,78.5,31.621919631958008,10,11
2024-07-09,Deccan Plateau,17.8,78.5,31.05604362487793,10,11
2024-07-10,Deccan Plateau,17.8,78.5,32.9799919128418,10,11
2024-07-11,Deccan Plateau,17.8,78.5,34.38553237915039,10,11
2024-07-12,Deccan Plateau,17.8,78.5,32.713924407958984,10,11
2024-07-13,Deccan Plateau,17.8,78.5,31.304889678955078,10,11
2024-07-14,Deccan Plateau,17.8,78.5,30.108850479125977,10,11
2024-07-15,Deccan Plateau,17.8,78.5,28.581682205200195,10,11
2024-07-16,Deccan Plateau,17.8,78.5,30.6568603515625,10,11
2024-07-17,Deccan Plateau,17.8,78.5,30.648412704467773,10,11
2024-07-18,Deccan Plateau,17.8,78.5,30.04342269897461,10,11
2024-07-19,Deccan Plateau,17.8,78.5,28.13978385925293,10,11
2024-07-20,Deccan Plateau,17.8,78.5,25.504138946533203,10,11
2024-07-21,Deccan Plateau,17.8,78.5,26.529518127441406,10,11
2024-07-22,Deccan Plateau,17.8,78.5,29.848270416259766,10,11
2024-07-23,Deccan Plateau,17.8,78.5,28.290197372436523,10,11
2024-07-24,Deccan Plateau,17.8,78.5,27.653499603271484,10,11
2024-07-25,Deccan Plateau,17.8,78.5,27.109668731689453,10,11
2024-07-26,Deccan Plateau,17.8,78.5,29.18315887451172,10,11
2024-07-27,Deccan Plateau,17.8,78.5,28.970130920410156,10,11
2024-07-28,Deccan Plateau,17.8,78.5,30.409122467041016,10,11
2024-07-29,Deccan Plateau,17.8,78.5,31.199125289916992,10,11
2024-07-30,Deccan Plateau,17.8,78.5,32.69233322143555,10,11
2024-07-31,Deccan Plateau,17.8,78.5,32.80162048339844,10,11
2024-08-01,Deccan Plateau,17.8,78.5,30.69038200378418,10,11
2024-08-02,Deccan Plateau,17.8,78.5,31.20170783996582,10,11
2024-08-03,Deccan Plateau,17.8,78.5,31.424060821533203,10,11
2024-08-04,Deccan Plateau,17.8,78.5,31.87755012512207,10,11
2024-08-05,Deccan Plateau,17.8,78.5,33.220123291015625,10,11
2024-08-06,Deccan Plateau,17.8,78.5,29.580228805541992,10,11
2024-08-07,Deccan Plateau,17.8,78.5,27.857479095458984,10,11
2024-08-08,Deccan Plateau,17.8,78.5,30.34914779663086,10,11
2024-08-09,Deccan Plateau,17.8,78.5,31.56336784362793,10,11
2024-08-10,Deccan Plateau,17.8,78.5,32.043521881103516,10,11
2024-08-11,Deccan Plateau,17.8,78.5,31.883893966674805,10,11
2024-08-12,Deccan Plateau,17.8,78.5,32.74639892578125,10,11
2024-08-13,Deccan Plateau,17.8,78.5,33.625648498535156,10,11
2024-08-14,Deccan Plateau,17.8,78.5,32.63007354736328,10,11
2024-08-15,Deccan Plateau,17.8,78.5,33.54342269897461,10,11
2024-08-16,Deccan Plateau,17.8,78.5,32.64134216308594,10,11
2024-08-17,Deccan Plateau,17.8,78.5,32.79118728637695,10,11
2024-08-18,Deccan Plateau,17.8,78.5,34.078128814697266,10,11
2024-08-19,Deccan Plateau,17.8,78.5,32.809879302978516,10,11
2024-08-20,Deccan Plateau,17.8,78.5,31.750957489013672,10,11
2024-08-21,Deccan Plateau,17.8,78.5,32.768310546875,10,11
2024-08-22,Deccan Plateau,17.8,78.5,30.969654083251953,10,11
2024-08-23,Deccan Plateau,17.8,78.5,30.61070442199707,10,11
2024-08-24,Deccan Plateau,17.8,78.5,29.29241371154785,10,11
2024-08-25,Deccan Plateau,17.8,78.5,30.609975814819336,10,11
2024-08-26,Deccan Plateau,17.8,78.5,32.108070373535156,10,11
2024-08-27,Deccan Plateau,17.8,78.5,31.83229637145996,10,11
2024-08-28,Deccan Plateau,17.8,78.5,31.674095153808594,10,11
2024-08-29,Deccan Plateau,17.8,78.5,31.950332641601562,10,11
2024-08-30,Deccan Plateau,17.8,78.5,29.965538024902344,10,11
2024-08-31,Deccan Plateau,17.8,78.5,26.722599029541016,10,11
2024-09-01,Deccan Plateau,17.8,78.5,26.032602310180664,10,11
2024-09-02,Deccan Plateau,17.8,78.5,25.412357330322266,10,11
2024-09-03,Deccan Plateau,17.8,78.5,27.874534606933594,10,11
2024-09-04,Deccan Plateau,17.8,78.5,28.742664337158203,10,11
2024-09-05,Deccan Plateau,17.8,78.5,30.73914909362793,10,11
2024-09-06,Deccan Plateau,17.8,78.5,31.056396484375,10,11
2024-09-07,Deccan Plateau,17.8,78.5,30.111459732055664,10,11
2024-09-08,Deccan Plateau,17.8,78.5,28.777265548706055,10,11
2024-09-09,Deccan Plateau,17.8,78.5,27.707693099975586,10,11
2024-09-10,Deccan Plateau,17.8,78.5,30.06566619873047,10,11
2024-09-11,Deccan Plateau,17.8,78.5,31.362394332885742,10,11
2024-09-12,Deccan Plateau,17.8,78.5,31.60157012939453,10,11
2024-09-13,Deccan Plateau,17.8,78.5,31.662965774536133,10,11
2024-09-14,Deccan Plateau,17.8,78.5,31.84748649597168,10,11
2024-09-15,Deccan Plateau,17.8,78.5,31.763784408569336,10,11
2024-09-16,Deccan Plateau,17.8,78.5,31.658361434936523,10,11
2024-09-17,Deccan Plateau,17.8,78.5,32.386573791503906,10,11
2024-09-18,Deccan Plateau,17.8,78.5,33.223167419433594,10,11
2024-09-19,Deccan Plateau,17.8,78.5,33.68244171142578,10,11
2024-09-20,Deccan Plateau,17.8,78.5,33.79788589477539,10,11
2024-09-21,Deccan Plateau,17.8,78.5,32.16403579711914,10,11
2024-09-22,Deccan Plateau,17.8,78.5,32.36907196044922,10,11
2024-09-23,Deccan Plateau,17.8,78.5,32.34739303588867,10,11
2024-09-24,Deccan Plateau,17.8,78.5,31.36380958557129,10,11
2024-09-25,Deccan Plateau,17.8,78.5,30.54448890686035,10,11
2024-09-26,Deccan Plateau,17.8,78.5,30.575550079345703,10,11
2024-09-27,Deccan Plateau,17.8,78.5,31.39535903930664,10,11
2024-09-28,Deccan Plateau,17.8,78.5,32.65186309814453,10,11
2024-09-29,Deccan Plateau,17.8,78.5,33.6885871887207,10,11
2024-09-30,Deccan Plateau,17.8,78.5,33.805274963378906,10,11
2024-10-01,Deccan Plateau,17.8,78.5,34.64754867553711,10,11
2024-10-02,Deccan Plateau,17.8,78.5,34.41328048706055,10,11
2024-10-03,Deccan Plateau,17.8,78.5,33.87042999267578,10,11
2024-10-04,Deccan Plateau,17.8,78.5,33.551979064941406,10,11
2024-10-05,Deccan Plateau,17.8,78.5,32.30683517456055,10,11
2024-10-06,Deccan Plateau,17.8,78.5,33.024871826171875,10,11
2024-10-07,Deccan Plateau,17.8,78.5,32.84230041503906,10,11
2024-10-08,Deccan Plateau,17.8,78.5,32.282291412353516,10,11
2024-10-09,Deccan Plateau,17.8,78.5,32.39104461669922,10,11
2024-10-10,Deccan Plateau,17.8,78.5,31.33160972595215,10,11
2024-10-11,Deccan Plateau,17.8,78.5,30.955337524414062,10,11
2024-10-12,Deccan Plateau,17.8,78.5,32.01597595214844,10,11
2024-10-13,Deccan Plateau,17.8,78.5,32.28004455566406,10,11
2024-10-14,Deccan Plateau,17.8,78.5,31.51222801208496,10,11
2024-10-15,Deccan Plateau,17.8,78.5,31.394819259643555,10,11
2024-10-16,Deccan Plateau,17.8,78.5,31.281551361083984,10,11
2024-10-17,Deccan Plateau,17.8,78.5,31.86054039001465,10,11
2024-10-18,Deccan Plateau,17.8,78.5,32.21250915527344,10,11
2024-10-19,Deccan Plateau,17.8,78.5,32.920867919921875,10,11
2024-10-20,Deccan Plateau,17.8,78.5,32.2945671081543,10,11
2024-10-21,Deccan Plateau,17.8,78.5,32.54814910888672,10,11
2024-10-22,Deccan Plateau,17.8,78.5,32.35205078125,10,11
2024-10-23,Deccan Plateau,17.8,78.5,32.039772033691406,10,11
2024-10-24,Deccan Plateau,17.8,78.5,31.681148529052734,10,11
2024-10-25,Deccan Plateau,17.8,78.5,32.17460632324219,10,11
2024-10-26,Deccan Plateau,17.8,78.5,32.78446578979492,10,11
2024-10-27,Deccan Plateau,17.8,78.5,32.942237854003906,10,11
2024-10-28,Deccan Plateau,17.8,78.5,33.19902420043945,10,11
2024-10-29,Deccan Plateau,17.8,78.5,33.3829231262207,10,11
2024-10-30,Deccan Plateau,17.8,78.5,32.31678009033203,10,11
2024-10-31,Deccan Plateau,17.8,78.5,32.08711624145508,10,11
2024-11-01,Deccan Plateau,17.8,78.5,32.11117935180664,10,11
2024-11-02,Deccan Plateau,17.8,78.5,32.23167037963867,10,11
2024-11-03,Deccan Plateau,17.8,78.5,31.89362144470215,10,11
2024-11-04,Deccan Plateau,17.8,78.5,31.937259674072266,10,11
2024-11-05,Deccan Plateau,17.8,78.5,31.860790252685547,10,11
2024-11-06,Deccan Plateau,17.8,78.5,32.440670013427734,10,11
2024-11-07,Deccan Plateau,17.8,78.5,32.33282470703125,10,11
2024-11-08,Deccan Plateau,17.8,78.5,32.44713592529297,10,11
2024-11-09,Deccan Plateau,17.8,78.5,32.39390563964844,10,11
2024-11-10,Deccan Plateau,17.8,78.5,32.08110809326172,10,11
2024-11-11,Deccan Plateau,17.8,78.5,31.661317825317383,10,11
2024-11-12,Deccan Plateau,17.8,78.5,31.36357307434082,10,11
2024-11-13,Deccan Plateau,17.8,78.5,31.75645637512207,10,11
2024-11-14,Deccan Plateau,17.8,78.5,32.023216247558594,10,11
2024-11-15,Deccan Plateau,17.8,78.5,32.407161712646484,10,11
2024-11-16,Deccan Plateau,17.8,78.5,32.32654571533203,10,11
2024-11-17,Deccan Plateau,17.8,78.5,30.987085342407227,10,11
2024-11-18,Deccan Plateau,17.8,78.5,30.45968246459961,10,11
2024-11-19,Deccan Plateau,17.8,78.5,30.22722816467285,10,11
2024-11-20,Deccan Plateau,17.8,78.5,29.889442443847656,10,11
2024-11-21,Deccan Plateau,17.8,78.5,30.081315994262695,10,11
2024-11-22,Deccan Plateau,17.8,78.5,29.57097816467285,10,11
2024-11-23,Deccan Plateau,17.8,78.5,29.728103637695312,10,11
2024-11-24,Deccan Plateau,17.8,78.5,29.617233276367188,10,11
2024-11-25,Deccan Plateau,17.8,78.5,29.088972091674805,10,11
2024-11-26,Deccan Plateau,17.8,78.5,30.166532516479492,10,11
2024-11-27,Deccan Plateau,17.8,78.5,28.94821548461914,10,11
2024-11-28,Deccan Plateau,17.8,78.5,29.410608291625977,10,11
2024-11-29,Deccan Plateau,17.8,78.5,30.73120880126953,10,11
2024-11-30,Deccan Plateau,17.8,78.5,29.444244384765625,10,11
2024-12-01,Deccan Plateau,17.8,78.5,29.685091018676758,10,11
2024-12-02,Deccan Plateau,17.8,78.5,28.888254165649414,10,11
2024-12-03,Deccan Plateau,17.8,78.5,29.65749740600586,10,11
2024-12-04,Deccan Plateau,17.8,78.5,31.086164474487305,10,11
2024-12-05,Deccan Plateau,17.8,78.5,32.20882797241211,10,11
2024-12-06,Deccan Plateau,17.8,78.5,32.593502044677734,10,11
2024-12-07,Deccan Plateau,17.8,78.5,31.912656784057617,10,11
2024-12-08,Deccan Plateau,17.8,78.5,30.07282066345215,10,11
2024-12-09,Deccan Plateau,17.8,78.5,30.49418830871582,10,11
2024-12-10,Deccan Plateau,17.8,78.5,30.75339126586914,10,11
2024-12-11,Deccan Plateau,17.8,78.5,30.20550537109375,10,11
2024-12-12,Deccan Plateau,17.8,78.5,30.394813537597656,10,11
2024-12-13,Deccan Plateau,17.8,78.5,29.480606079101562,10,11
2024-12-14,Deccan Plateau,17.8,78.5,29.676889419555664,10,11
2024-12-15,Deccan Plateau,17.8,78.5,29.4798583984375,10,11
2024-12-16,Deccan Plateau,17.8,78.5,29.641765594482422,10,11
2024-12-17,Deccan Plateau,17.8,78.5,30.075855255126953,10,11
2024-12-18,Deccan Plateau,17.8,78.5,30.704059600830078,10,11
2024-12-19,Deccan Plateau,17.8,78.5,31.749526977539062,10,11
2024-12-20,Deccan Plateau,17.8,78.5,31.52713394165039,10,11
2024-12-21,Deccan Plateau,17.8,78.5,31.502288818359375,10,11
2024-12-22,Deccan Plateau,17.8,78.5,30.264739990234375,10,11
2024-12-23,Deccan Plateau,17.8,78.5,30.945579528808594,10,11
2024-12-24,Deccan Plateau,17.8,78.5,30.027198791503906,10,11
2024-12-25,Deccan Plateau,17.8,78.5,26.445270538330078,10,11
2024-12-26,Deccan Plateau,17.8,78.5,27.799156188964844,10,11
2024-12-27,Deccan Plateau,17.8,78.5,29.140783309936523,10,11
2024-12-28,Deccan Plateau,17.8,78.5,30.802873611450195,10,11
2024-12-29,Deccan Plateau,17.8,78.5,31.979284286499023,10,11
2024-12-30,Deccan Plateau,17.8,78.5,32.23402786254883,10,11
2024-12-31,Deccan Plateau,17.8,78.5,31.340030670166016,10,11
2024-01-01,Indo-Gangetic Plain,26.5,81.0,17.240314483642578,19,14
2024-01-02,Indo-Gangetic Plain,26.5,81.0,17.626358032226562,19,14
2024-01-03,Indo-Gangetic Plain,26.5,81.0,17.615659713745117,19,14
2024-01-04,Indo-Gangetic Plain,26.5,81.0,17.670429229736328,19,14
2024-01-05,Indo-Gangetic Plain,26.5,81.0,15.9685697555542,19,14
2024-01-06,Indo-Gangetic Plain,26.5,81.0,17.564321517944336,19,14
2024-01-07,Indo-Gangetic Plain,26.5,81.0,19.385398864746094,19,14
2024-01-08,Indo-Gangetic Plain,26.5,81.0,19.745838165283203,19,14
2024-01-09,Indo-Gangetic Plain,26.5,81.0,18.499767303466797,19,14
2024-01-10,Indo-Gangetic Plain,26.5,81.0,18.243301391601562,19,14
2024-01-11,Indo-Gangetic Plain,26.5,81.0,18.547836303710938,19,14
2024-01-12,Indo-Gangetic Plain,26.5,81.0,18.082332611083984,19,14
2024-01-13,Indo-Gangetic Plain,26.5,81.0,18.29901695251465,19,14
2024-01-14,Indo-Gangetic Plain,26.5,81.0,16.84621810913086,19,14
2024-01-15,Indo-Gangetic Plain,26.5,81.0,16.120059967041016,19,14
2024-01-16,Indo-Gangetic Plain,26.5,81.0,14.94215202331543,19,14
2024-01-17,Indo-Gangetic Plain,26.5,81.0,13.869806289672852,19,14
2024-01-18,Indo-Gangetic Plain,26.5,81.0,13.687724113464355,19,14
2024-01-19,Indo-Gangetic Plain,26.5,81.0,12.807985305786133,19,14
2024-01-20,Indo-Gangetic Plain,26.5,81.0,14.198640823364258,19,14
2024-01-21,Indo-Gangetic Plain,26.5,81.0,15.573543548583984,19,14
2024-01-22,Indo-Gangetic Plain,26.5,81.0,16.397132873535156,19,14
2024-01-23,Indo-Gangetic Plain,26.5,81.0,17.165687561035156,19,14
2024-01-24,Indo-Gangetic Plain,26.5,81.0,17.049558639526367,19,14
2024-01-25,Indo-Gangetic Plain,26.5,81.0,18.073768615722656,19,14
2024-01-26,Indo-Gangetic Plain,26.5,81.0,18.828128814697266,19,14
2024-01-27,Indo-Gangetic Plain,26.5,81.0,20.94675636291504,19,14
2024-01-28,Indo-Gangetic Plain,26.5,81.0,20.138586044311523,19,14
2024-01-29,Indo-Gangetic Plain,26.5,81.0,23.005870819091797,19,14
2024-01-30,Indo-Gangetic Plain,26.5,81.0,24.364147186279297,19,14
2024-01-31,Indo-Gangetic Plain,26.5,81.0,24.744651794433594,19,14
2024-02-01,Indo-Gangetic Plain,26.5,81.0,23.184600830078125,19,14
2024-02-02,Indo-Gangetic Plain,26.5,81.0,23.482540130615234,19,14
2024-02-03,Indo-Gangetic Plain,26.5,81.0,24.650482177734375,19,14
2024-02-04,Indo-Gangetic Plain,26.5,81.0,21.542789459228516,19,14
2024-02-05,Indo-Gangetic Plain,26.5,81.0,21.677993774414062,19,14
2024-02-06,Indo-Gangetic Plain,26.5,81.0,20.337528228759766,19,14
2024-02-07,Indo-Gangetic Plain,26.5,81.0,22.63835906982422,19,14
2024-02-08,Indo-Gangetic Plain,26.5,81.0,21.99918556213379,19,14
2024-02-09,Indo-Gangetic Plain,26.5,81.0,23.875593185424805,19,14
2024-02-10,Indo-Gangetic Plain,26.5,81.0,24.498498916625977,19,14
2024-02-11,Indo-Gangetic Plain,26.5,81.0,24.38344383239746,19,14
2024-02-12,Indo-Gangetic Plain,26.5,81.0,25.6783504486084,19,14
2024-02-13,Indo-Gangetic Plain,26.5,81.0,24.066635131835938,19,14
2024-02-14,Indo-Gangetic Plain,26.5,81.0,23.514484405517578,19,14
2024-02-15,Indo-Gangetic Plain,26.5,81.0,26.036100387573242,19,14
2024-02-16,Indo-Gangetic Plain,26.5,81.0,27.32669448852539,19,14
2024-02-17,Indo-Gangetic Plain,26.5,81.0,27.056110382080078,19,14
2024-02-18,Indo-Gangetic Plain,26.5,81.0,28.516511917114258,19,14
2024-02-19,Indo-Gangetic Plain,26.5,81.0,28.834867477416992,19,14
2024-02-20,Indo-Gangetic Plain,26.5,81.0,30.193572998046875,19,14
2024-02-21,Indo-Gangetic Plain,26.5,81.0,27.40529441833496,19,14
2024-02-22,Indo-Gangetic Plain,26.5,81.0,25.83649444580078,19,14
2024-02-23,Indo-Gangetic Plain,26.5,81.0,26.26786231994629,19,14
2024-02-24,Indo-Gangetic Plain,26.5,81.0,26.012174606323242,19,14
2024-02-25,Indo-Gangetic Plain,26.5,81.0,26.317466735839844,19,14
2024-02-26,Indo-Gangetic Plain,26.5,81.0,25.453582763671875,19,14
2024-02-27,Indo-Gangetic Plain,26.5,81.0,23.79295539855957,19,14
2024-02-28,Indo-Gangetic Plain,26.5,81.0,26.86335563659668,19,14
2024-02-29,Indo-Gangetic Plain,26.5,81.0,27.54304313659668,19,14
2024-03-01,Indo-Gangetic Plain,26.5,81.0,30.10750389099121,19,14
2024-03-02,Indo-Gangetic Plain,26.5,81.0,25.207365036010742,19,14
2024-03-03,Indo-Gangetic Plain,26.5,81.0,24.147022247314453,19,14
2024-03-04,Indo-Gangetic Plain,26.5,81.0,25.338592529296875,19,14
2024-03-05,Indo-Gangetic Plain,26.5,81.0,25.168590545654297,19,14
2024-03-06,Indo-Gangetic Plain,26.5,81.0,26.000198364257812,19,14
2024-03-07,Indo-Gangetic Plain,26.5,81.0,27.819576263427734,19,14
2024-03-08,Indo-Gangetic Plain,26.5,81.0,28.842321395874023,19,14
2024-03-09,Indo-Gangetic Plain,26.5,81.0,28.45363426208496,19,14
2024-03-10,Indo-Gangetic Plain,26.5,81.0,29.020854949951172,19,14
2024-03-11,Indo-Gangetic Plain,26.5,81.0,30.761474609375,19,14
2024-03-12,Indo-Gangetic Plain,26.5,81.0,32.63108825683594,19,14
2024-03-13,Indo-Gangetic Plain,26.5,81.0,32.03599548339844,19,14
2024-03-14,Indo-Gangetic Plain,26.5,81.0,32.791038513183594,19,14
2024-03-15,Indo-Gangetic Plain,26.5,81.0,31.265892028808594,19,14
2024-03-16,Indo-Gangetic Plain,26.5,81.0,30.81740379333496,19,14
2024-03-17,Indo-Gangetic Plain,26.5,81.0,31.783069610595703,19,14
2024-03-18,Indo-Gangetic Plain,26.5,81.0,31.541353225708008,19,14
2024-03-19,Indo-Gangetic Plain,26.5,81.0,31.737586975097656,19,14
2024-03-20,Indo-Gangetic Plain,26.5,81.0,29.827871322631836,19,14
2024-03-21,Indo-Gangetic Plain,26.5,81.0,27.965044021606445,19,14
2024-03-22,Indo-Gangetic Plain,26.5,81.0,30.98137664794922,19,14
2024-03-23,Indo-Gangetic Plain,26.5,81.0,34.584716796875,19,14
2024-03-24,Indo-Gangetic Plain,26.5,81.0,34.17668533325195,19,14
2024-03-25,Indo-Gangetic Plain,26.5,81.0,34.31610870361328,19,14
2024-03-26,Indo-Gangetic Plain,26.5,81.0,35.03099060058594,19,14
2024-03-27,Indo-Gangetic Plain,26.5,81.0,35.863155364990234,19,14
2024-03-28,Indo-Gangetic Plain,26.5,81.0,36.20210266113281,19,14
2024-03-29,Indo-Gangetic Plain,26.5,81.0,36.995052337646484,19,14
2024-03-30,Indo-Gangetic Plain,26.5,81.0,38.189125061035156,19,14
2024-03-31,Indo-Gangetic Plain,26.5,81.0,38.629478454589844,19,14
2024-04-01,Indo-Gangetic Plain,26.5,81.0,36.92939376831055,19,14
2024-04-02,Indo-Gangetic Plain,26.5,81.0,35.856502532958984,19,14
2024-04-03,Indo-Gangetic Plain,26.5,81.0,38.10631561279297,19,14
2024-04-04,Indo-Gangetic Plain,26.5,81.0,39.05323791503906,19,14
2024-04-05,Indo-Gangetic Plain,26.5,81.0,38.816612243652344,19,14
2024-04-06,Indo-Gangetic Plain,26.5,81.0,37.71889114379883,19,14
2024-04-07,Indo-Gangetic Plain,26.5,81.0,38.19124984741211,19,14
2024-04-08,Indo-Gangetic Plain,26.5,81.0,38.83597946166992,19,14
2024-04-09,Indo-Gangetic Plain,26.5,81.0,39.111183166503906,19,14
2024-04-10,Indo-Gangetic Plain,26.5,81.0,38.28144073486328,19,14
2024-04-11,Indo-Gangetic Plain,26.5,81.0,38.77473068237305,19,14
2024-04-12,Indo-Gangetic Plain,26.5,81.0,37.76001739501953,19,14
2024-04-13,Indo-Gangetic Plain,26.5,81.0,37.673240661621094,19,14
2024-04-14,Indo-Gangetic Plain,26.5,81.0,37.43598175048828,19,14
2024-04-15,Indo-Gangetic Plain,26.5,81.0,38.93513870239258,19,14
2024-04-16,Indo-Gangetic Plain,26.5,81.0,39.62910079956055,19,14
2024-04-17,Indo-Gangetic Plain,26.5,81.0,38.46974563598633,19,14
2024-04-18,Indo-Gangetic Plain,26.5,81.0,39.82624053955078,19,14
2024-04-19,Indo-Gangetic Plain,26.5,81.0,41.553462982177734,19,14
2024-04-20,Indo-Gangetic Plain,26.5,81.0,40.88785171508789,19,14
2024-04-21,Indo-Gangetic Plain,26.5,81.0,39.14065933227539,19,14
2024-04-22,Indo-Gangetic Plain,26.5,81.0,40.06587219238281,19,14
2024-04-23,Indo-Gangetic Plain,26.5,81.0,39.978126525878906,19,14
2024-04-24,Indo-Gangetic Plain,26.5,81.0,40.52483367919922,19,14
2024-04-25,Indo-Gangetic Plain,26.5,81.0,41.192047119140625,19,14
2024-04-26,Indo-Gangetic Plain,26.5,81.0,42.304595947265625,19,14
2024-04-27,Indo-Gangetic Plain,26.5,81.0,40.46588897705078,19,14
2024-04-28,Indo-Gangetic Plain,26.5,81.0,40.82268524169922,19,14
2024-04-29,Indo-Gangetic Plain,26.5,81.0,41.639060974121094,19,14
2024-04-30,Indo-Gangetic Plain,26.5,81.0,39.82841110229492,19,14
2024-05-01,Indo-Gangetic Plain,26.5,81.0,39.59814453125,19,14
2024-05-02,Indo-Gangetic Plain,26.5,81.0,36.9849739074707,19,14
2024-05-03,Indo-Gangetic Plain,26.5,81.0,39.1567497253418,19,14
2024-05-04,Indo-Gangetic Plain,26.5,81.0,39.93210983276367,19,14
2024-05-05,Indo-Gangetic Plain,26.5,81.0,42.4283561706543,19,14
2024-05-06,Indo-Gangetic Plain,26.5,81.0,41.08995056152344,19,14
2024-05-07,Indo-Gangetic Plain,26.5,81.0,37.62775802612305,19,14
2024-05-08,Indo-Gangetic Plain,26.5,81.0,36.488651275634766,19,14
2024-05-09,Indo-Gangetic Plain,26.5,81.0,37.53835678100586,19,14
2024-05-10,Indo-Gangetic Plain,26.5,81.0,37.71582794189453,19,14
2024-05-11,Indo-Gangetic Plain,26.5,81.0,37.005374908447266,19,14
2024-05-12,Indo-Gangetic Plain,26.5,81.0,38.30366134643555,19,14
2024-05-13,Indo-Gangetic Plain,26.5,81.0,38.52995681762695,19,14
2024-05-14,Indo-Gangetic Plain,26.5,81.0,39.9561767578125,19,14
2024-05-15,Indo-Gangetic Plain,26.5,81.0,40.14085388183594,19,14
2024-05-16,Indo-Gangetic Plain,26.5,81.0,41.779598236083984,19,14
2024-05-17,Indo-Gangetic Plain,26.5,81.0,41.8937873840332,19,14
2024-05-18,Indo-Gangetic Plain,26.5,81.0,43.588565826416016,19,14
2024-05-19,Indo-Gangetic Plain,26.5,81.0,42.52748107910156,19,14
2024-05-20,Indo-Gangetic Plain,26.5,81.0,41.128456115722656,19,14
2024-05-21,Indo-Gangetic Plain,26.5,81.0,40.241477966308594,19,14
2024-05-22,Indo-Gangetic Plain,26.5,81.0,39.75078201293945,19,14
2024-05-23,Indo-Gangetic Plain,26.5,81.0,37.693180084228516,19,14
2024-05-24,Indo-Gangetic Plain,26.5,81.0,39.97351837158203,19,14
2024-05-25,Indo-Gangetic Plain,26.5,81.0,42.103492736816406,19,14
2024-05-26,Indo-Gangetic Plain,26.5,81.0,43.29718780517578,19,14
2024-05-27,Indo-Gangetic Plain,26.5,81.0,44.13902282714844,19,14
2024-05-28,Indo-Gangetic Plain,26.5,81.0,45.03657531738281,19,14
2024-05-29,Indo-Gangetic Plain,26.5,81.0,45.93885040283203,19,14
2024-05-30,Indo-Gangetic Plain,26.5,81.0,45.574676513671875,19,14
2024-05-31,Indo-Gangetic Plain,26.5,81.0,45.001956939697266,19,14
2024-06-01,Indo-Gangetic Plain,26.5,81.0,43.42692565917969,19,14
2024-06-02,Indo-Gangetic Plain,26.5,81.0,41.640174865722656,19,14
2024-06-03,Indo-Gangetic Plain,26.5,81.0,42.8192138671875,19,14
2024-06-04,Indo-Gangetic Plain,26.5,81.0,42.720970153808594,19,14
2024-06-05,Indo-Gangetic Plain,26.5,81.0,42.36030960083008,19,14
2024-06-06,Indo-Gangetic Plain,26.5,81.0,39.91081619262695,19,14
2024-06-07,Indo-Gangetic Plain,26.5,81.0,42.92383575439453,19,14
2024-06-08,Indo-Gangetic Plain,26.5,81.0,42.4222412109375,19,14
2024-06-09,Indo-Gangetic Plain,26.5,81.0,43.20149230957031,19,14
2024-06-10,Indo-Gangetic Plain,26.5,81.0,42.669742584228516,19,14
2024-06-11,Indo-Gangetic Plain,26.5,81.0,43.41569137573242,19,14
2024-06-12,Indo-Gangetic Plain,26.5,81.0,44.08017349243164,19,14
2024-06-13,Indo-Gangetic Plain,26.5,81.0,42.85110855102539,19,14
2024-06-14,Indo-Gangetic Plain,26.5,81.0,44.526432037353516,19,14
2024-06-15,Indo-Gangetic Plain,26.5,81.0,44.31812286376953,19,14
2024-06-16,Indo-Gangetic Plain,26.5,81.0,45.34830856323242,19,14
2024-06-17,Indo-Gangetic Plain,26.5,81.0,44.49958801269531,19,14
2024-06-18,Indo-Gangetic Plain,26.5,81.0,43.46198272705078,19,14
2024-06-19,Indo-Gangetic Plain,26.5,81.0,41.94757843017578,19,14
2024-06-20,Indo-Gangetic Plain,26.5,81.0,39.26622009277344,19,14
2024-06-21,Indo-Gangetic Plain,26.5,81.0,38.869285583496094,19,14
2024-06-22,Indo-Gangetic Plain,26.5,81.0,37.49626541137695,19,14
2024-06-23,Indo-Gangetic Plain,26.5,81.0,37.739845275878906,19,14
2024-06-24,Indo-Gangetic Plain,26.5,81.0,38.392333984375,19,14
2024-06-25,Indo-Gangetic Plain,26.5,81.0,38.89732360839844,19,14
2024-06-26,Indo-Gangetic Plain,26.5,81.0,34.49367141723633,19,14
2024-06-27,Indo-Gangetic Plain,26.5,81.0,34.49025344848633,19,14
2024-06-28,Indo-Gangetic Plain,26.5,81.0,37.738609313964844,19,14
2024-06-29,Indo-Gangetic Plain,26.5,81.0,33.20011520385742,19,14
2024-06-30,Indo-Gangetic Plain,26.5,81.0,33.72109603881836,19,14
2024-07-01,Indo-Gangetic Plain,26.5,81.0,33.314369201660156,19,14
2024-07-02,Indo-Gangetic Plain,26.5,81.0,32.1719856262207,19,14
2024-07-03,Indo-Gangetic Plain,26.5,81.0,31.265514373779297,19,14
2024-07-04,Indo-Gangetic Plain,26.5,81.0,33.72822189331055,19,14
2024-07-05,Indo-Gangetic Plain,26.5,81.0,32.15022277832031,19,14
2024-07-06,Indo-Gangetic Plain,26.5,81.0,31.877670288085938,19,14
2024-07-07,Indo-Gangetic Plain,26.5,81.0,32.46393966674805,19,14
2024-07-08,Indo-Gangetic Plain,26.5,81.0,34.7458610534668,19,14
2024-07-09,Indo-Gangetic Plain,26.5,81.0,36.29521179199219,19,14
2024-07-10,Indo-Gangetic Plain,26.5,81.0,36.224578857421875,19,14
2024-07-11,Indo-Gangetic Plain,26.5,81.0,34.38520431518555,19,14
2024-07-12,Indo-Gangetic Plain,26.5,81.0,33.14216232299805,19,14
2024-07-13,Indo-Gangetic Plain,26.5,81.0,34.64413070678711,19,14
2024-07-14,Indo-Gangetic Plain,26.5,81.0,35.421409606933594,19,14
2024-07-15,Indo-Gangetic Plain,26.5,81.0,36.36680603027344,19,14
2024-07-16,Indo-Gangetic Plain,26.5,81.0,36.90134811401367,19,14
2024-07-17,Indo-Gangetic Plain,26.5,81.0,36.180084228515625,19,14
2024-07-18,Indo-Gangetic Plain,26.5,81.0,37.12687301635742,19,14
2024-07-19,Indo-Gangetic Plain,26.5,81.0,36.29890060424805,19,14
2024-07-20,Indo-Gangetic Plain,26.5,81.0,36.97480773925781,19,14
2024-07-21,Indo-Gangetic Plain,26.5,81.0,36.23133850097656,19,14
2024-07-22,Indo-Gangetic Plain,26.5,81.0,36.61040496826172,19,14
2024-07-23,Indo-Gangetic Plain,26.5,81.0,35.744056701660156,19,14
2024-07-24,Indo-Gangetic Plain,26.5,81.0,34.543731689453125,19,14
2024-07-25,Indo-Gangetic Plain,26.5,81.0,35.586673736572266,19,14
2024-07-26,Indo-Gangetic Plain,26.5,81.0,35.41691589355469,19,14
2024-07-27,Indo-Gangetic Plain,26.5,81.0,35.85859680175781,19,14
2024-07-28,Indo-Gangetic Plain,26.5,81.0,35.25517272949219,19,14
2024-07-29,Indo-Gangetic Plain,26.5,81.0,36.22294235229492,19,14
2024-07-30,Indo-Gangetic Plain,26.5,81.0,36.882293701171875,19,14
2024-07-31,Indo-Gangetic Plain,26.5,81.0,32.223236083984375,19,14
2024-08-01,Indo-Gangetic Plain,26.5,81.0,34.05930709838867,19,14
2024-08-02,Indo-Gangetic Plain,26.5,81.0,33.237548828125,19,14
2024-08-03,Indo-Gangetic Plain,26.5,81.0,32.74818801879883,19,14
2024-08-04,Indo-Gangetic Plain,26.5,81.0,32.49455261230469,19,14
2024-08-05,Indo-Gangetic Plain,26.5,81.0,34.68561935424805,19,14
2024-08-06,Indo-Gangetic Plain,26.5,81.0,33.11201477050781,19,14
2024-08-07,Indo-Gangetic Plain,26.5,81.0,32.94485092163086,19,14
2024-08-08,Indo-Gangetic Plain,26.5,81.0,32.82551193237305,19,14
2024-08-09,Indo-Gangetic Plain,26.5,81.0,32.161163330078125,19,14
2024-08-10,Indo-Gangetic Plain,26.5,81.0,32.53649139404297,19,14
2024-08-11,Indo-Gangetic Plain,26.5,81.0,32.4091796875,19,14
2024-08-12,Indo-Gangetic Plain,26.5,81.0,33.7187385559082,19,14
2024-08-13,Indo-Gangetic Plain,26.5,81.0,34.226959228515625,19,14
2024-08-14,Indo-Gangetic Plain,26.5,81.0,33.52330017089844,19,14
2024-08-15,Indo-Gangetic Plain,26.5,81.0,34.62752151489258,19,14
2024-08-16,Indo-Gangetic Plain,26.5,81.0,35.23707580566406,19,14
2024-08-17,Indo-Gangetic Plain,26.5,81.0,35.70792007446289,19,14
2024-08-18,Indo-Gangetic Plain,26.5,81.0,32.84211730957031,19,14
2024-08-19,Indo-Gangetic Plain,26.5,81.0,33.94074249267578,19,14
2024-08-20,Indo-Gangetic Plain,26.5,81.0,33.1760139465332,19,14
2024-08-21,Indo-Gangetic Plain,26.5,81.0,32.567649841308594,19,14
2024-08-22,Indo-Gangetic Plain,26.5,81.0,33.084407806396484,19,14
2024-08-23,Indo-Gangetic Plain,26.5,81.0,33.82703399658203,19,14
2024-08-24,Indo-Gangetic Plain,26.5,81.0,32.67292404174805,19,14
2024-08-25,Indo-Gangetic Plain,26.5,81.0,33.78208541870117,19,14
2024-08-26,Indo-Gangetic Plain,26.5,81.0,33.67333221435547,19,14
2024-08-27,Indo-Gangetic Plain,26.5,81.0,32.211727142333984,19,14
2024-08-28,Indo-Gangetic Plain,26.5,81.0,32.15034866333008,19,14
2024-08-29,Indo-Gangetic Plain,26.5,81.0,35.02223205566406,19,14
2024-08-30,Indo-Gangetic Plain,26.5,81.0,35.33564376831055,19,14
2024-08-31,Indo-Gangetic Plain,26.5,81.0,35.63691329956055,19,14
2024-09-01,Indo-Gangetic Plain,26.5,81.0,34.338478088378906,19,14
2024-09-02,Indo-Gangetic Plain,26.5,81.0,33.88027572631836,19,14
2024-09-03,Indo-Gangetic Plain,26.5,81.0,35.228187561035156,19,14
2024-09-04,Indo-Gangetic Plain,26.5,81.0,35.4500617980957,19,14
2024-09-05,Indo-Gangetic Plain,26.5,81.0,33.58506393432617,19,14
2024-09-06,Indo-Gangetic Plain,26.5,81.0,32.6739616394043,19,14
2024-09-07,Indo-Gangetic Plain,26.5,81.0,34.91216278076172,19,14
2024-09-08,Indo-Gangetic Plain,26.5,81.0,35.70378112792969,19,14
2024-09-09,Indo-Gangetic Plain,26.5,81.0,34.95336151123047,19,14
2024-09-10,Indo-Gangetic Plain,26.5,81.0,34.27811050415039,19,14
2024-09-11,Indo-Gangetic Plain,26.5,81.0,31.891685485839844,19,14
2024-09-12,Indo-Gangetic Plain,26.5,81.0,30.068161010742188,19,14
2024-09-13,Indo-Gangetic Plain,26.5,81.0,32.473960876464844,19,14
2024-09-14,Indo-Gangetic Plain,26.5,81.0,32.33321762084961,19,14
2024-09-15,Indo-Gangetic Plain,26.5,81.0,32.715789794921875,19,14
2024-09-16,Indo-Gangetic Plain,26.5,81.0,32.494102478027344,19,14
2024-09-17,Indo-Gangetic Plain,26.5,81.0,29.597902297973633,19,14
2024-09-18,Indo-Gangetic Plain,26.5,81.0,31.069246292114258,19,14
2024-09-19,Indo-Gangetic Plain,26.5,81.0,33.230003356933594,19,14
2024-09-20,Indo-Gangetic Plain,26.5,81.0,34.34817123413086,19,14
2024-09-21,Indo-Gangetic Plain,26.5,81.0,34.97075653076172,19,14
2024-09-22,Indo-Gangetic Plain,26.5,81.0,35.19819259643555,19,14
2024-09-23,Indo-Gangetic Plain,26.5,81.0,36.28477478027344,19,14
2024-09-24,Indo-Gangetic Plain,26.5,81.0,36.371376037597656,19,14
2024-09-25,Indo-Gangetic Plain,26.5,81.0,33.29264450073242,19,14
2024-09-26,Indo-Gangetic Plain,26.5,81.0,30.851051330566406,19,14
2024-09-27,Indo-Gangetic Plain,26.5,81.0,28.58038330078125,19,14
2024-09-28,Indo-Gangetic Plain,26.5,81.0,29.135303497314453,19,14
2024-09-29,Indo-Gangetic Plain,26.5,81.0,30.928813934326172,19,14
2024-09-30,Indo-Gangetic Plain,26.5,81.0,33.162166595458984,19,14
2024-10-01,Indo-Gangetic Plain,26.5,81.0,33.96332931518555,19,14
2024-10-02,Indo-Gangetic Plain,26.5,81.0,35.00107192993164,19,14
2024-10-03,Indo-Gangetic Plain,26.5,81.0,35.45366668701172,19,14
2024-10-04,Indo-Gangetic Plain,26.5,81.0,34.976531982421875,19,14
2024-10-05,Indo-Gangetic Plain,26.5,81.0,34.68727493286133,19,14
2024-10-06,Indo-Gangetic Plain,26.5,81.0,34.483642578125,19,14
2024-10-07,Indo-Gangetic Plain,26.5,81.0,34.35196304321289,19,14
2024-10-08,Indo-Gangetic Plain,26.5,81.0,34.24498748779297,19,14
2024-10-09,Indo-Gangetic Plain,26.5,81.0,34.44077682495117,19,14
2024-10-10,Indo-Gangetic Plain,26.5,81.0,33.25379180908203,19,14
2024-10-11,Indo-Gangetic Plain,26.5,81.0,33.566532135009766,19,14
2024-10-12,Indo-Gangetic Plain,26.5,81.0,32.36135482788086,19,14
2024-10-13,Indo-Gangetic Plain,26.5,81.0,32.6041259765625,19,14
2024-10-14,Indo-Gangetic Plain,26.5,81.0,31.706501007080078,19,14
2024-10-15,Indo-Gangetic Plain,26.5,81.0,33.287879943847656,19,14
2024-10-16,Indo-Gangetic Plain,26.5,81.0,34.125205993652344,19,14
2024-10-17,Indo-Gangetic Plain,26.5,81.0,34.196163177490234,19,14
2024-10-18,Indo-Gangetic Plain,26.5,81.0,33.9157829284668,19,14
2024-10-19,Indo-Gangetic Plain,26.5,81.0,34.486297607421875,19,14
2024-10-20,Indo-Gangetic Plain,26.5,81.0,34.751285552978516,19,14
2024-10-21,Indo-Gangetic Plain,26.5,81.0,34.009620666503906,19,14
2024-10-22,Indo-Gangetic Plain,26.5,81.0,33.917747497558594,19,14
2024-10-23,Indo-Gangetic Plain,26.5,81.0,33.270912170410156,19,14
2024-10-24,Indo-Gangetic Plain,26.5,81.0,33.223628997802734,19,14
2024-10-25,Indo-Gangetic Plain,26.5,81.0,32.42901611328125,19,14
2024-10-26,Indo-Gangetic Plain,26.5,81.0,32.389305114746094,19,14
2024-10-27,Indo-Gangetic Plain,26.5,81.0,31.639169692993164,19,14
2024-10-28,Indo-Gangetic Plain,26.5,81.0,32.86399459838867,19,14
2024-10-29,Indo-Gangetic Plain,26.5,81.0,34.3777961730957,19,14
2024-10-30,Indo-Gangetic Plain,26.5,81.0,35.00851821899414,19,14
2024-10-31,Indo-Gangetic Plain,26.5,81.0,35.52085494995117,19,14
2024-11-01,Indo-Gangetic Plain,26.5,81.0,34.08561706542969,19,14
2024-11-02,Indo-Gangetic Plain,26.5,81.0,33.10954666137695,19,14
2024-11-03,Indo-Gangetic Plain,26.5,81.0,32.72861862182617,19,14
2024-11-04,Indo-Gangetic Plain,26.5,81.0,32.13560485839844,19,14
2024-11-05,Indo-Gangetic Plain,26.5,81.0,31.785497665405273,19,14
2024-11-06,Indo-Gangetic Plain,26.5,81.0,31.55484962463379,19,14
2024-11-07,Indo-Gangetic Plain,26.5,81.0,32.0168342590332,19,14
2024-11-08,Indo-Gangetic Plain,26.5,81.0,31.92110252380371,19,14
2024-11-09,Indo-Gangetic Plain,26.5,81.0,31.713726043701172,19,14
2024-11-10,Indo-Gangetic Plain,26.5,81.0,31.340633392333984,19,14
2024-11-11,Indo-Gangetic Plain,26.5,81.0,31.189674377441406,19,14
2024-11-12,Indo-Gangetic Plain,26.5,81.0,31.522552490234375,19,14
2024-11-13,Indo-Gangetic Plain,26.5,81.0,31.58515739440918,19,14
2024-11-14,Indo-Gangetic Plain,26.5,81.0,29.767473220825195,19,14
2024-11-15,Indo-Gangetic Plain,26.5,81.0,29.800424575805664,19,14
2024-11-16,Indo-Gangetic Plain,26.5,81.0,30.07029914855957,19,14
2024-11-17,Indo-Gangetic Plain,26.5,81.0,29.76980209350586,19,14
2024-11-18,Indo-Gangetic Plain,26.5,81.0,29.552352905273438,19,14
2024-11-19,Indo-Gangetic Plain,26.5,81.0,27.888286590576172,19,14
2024-11-20,Indo-Gangetic Plain,26.5,81.0,26.68476104736328,19,14
2024-11-21,Indo-Gangetic Plain,26.5,81.0,26.410987854003906,19,14
2024-11-22,Indo-Gangetic Plain,26.5,81.0,26.83940887451172,19,14
2024-11-23,Indo-Gangetic Plain,26.5,81.0,27.48743438720703,19,14
2024-11-24,Indo-Gangetic Plain,26.5,81.0,27.599483489990234,19,14
2024-11-25,Indo-Gangetic Plain,26.5,81.0,27.577953338623047,19,14
2024-11-26,Indo-Gangetic Plain,26.5,81.0,27.0794620513916,19,14
2024-11-27,Indo-Gangetic Plain,26.5,81.0,27.463438034057617,19,14
2024-11-28,Indo-Gangetic Plain,26.5,81.0,26.979291915893555,19,14
2024-11-29,Indo-Gangetic Plain,26.5,81.0,26.713205337524414,19,14
2024-11-30,Indo-Gangetic Plain,26.5,81.0,26.374195098876953,19,14
2024-12-01,Indo-Gangetic Plain,26.5,81.0,26.92228126525879,19,14
2024-12-02,Indo-Gangetic Plain,26.5,81.0,27.73641586303711,19,14
2024-12-03,Indo-Gangetic Plain,26.5,81.0,27.87119483947754,19,14
2024-12-04,Indo-Gangetic Plain,26.5,81.0,28.356767654418945,19,14
2024-12-05,Indo-Gangetic Plain,26.5,81.0,26.874187469482422,19,14
2024-12-06,Indo-Gangetic Plain,26.5,81.0,26.06094741821289,19,14
2024-12-07,Indo-Gangetic Plain,26.5,81.0,26.233224868774414,19,14
2024-12-08,Indo-Gangetic Plain,26.5,81.0,25.54974937438965,19,14
2024-12-09,Indo-Gangetic Plain,26.5,81.0,24.93270492553711,19,14
2024-12-10,Indo-Gangetic Plain,26.5,81.0,23.624258041381836,19,14
2024-12-11,Indo-Gangetic Plain,26.5,81.0,23.904924392700195,19,14
2024-12-12,Indo-Gangetic Plain,26.5,81.0,24.442583084106445,19,14
2024-12-13,Indo-Gangetic Plain,26.5,81.0,24.18462562561035,19,14
2024-12-14,Indo-Gangetic Plain,26.5,81.0,23.76335906982422,19,14
2024-12-15,Indo-Gangetic Plain,26.5,81.0,24.64919662475586,19,14
2024-12-16,Indo-Gangetic Plain,26.5,81.0,25.33131980895996,19,14
2024-12-17,Indo-Gangetic Plain,26.5,81.0,25.672534942626953,19,14
2024-12-18,Indo-Gangetic Plain,26.5,81.0,25.521291732788086,19,14
2024-12-19,Indo-Gangetic Plain,26.5,81.0,25.12331771850586,19,14
2024-12-20,Indo-Gangetic Plain,26.5,81.0,25.848604202270508,19,14
2024-12-21,Indo-Gangetic Plain,26.5,81.0,25.23493003845215,19,14
2024-12-22,Indo-Gangetic Plain,26.5,81.0,25.14812469482422,19,14
2024-12-23,Indo-Gangetic Plain,26.5,81.0,24.19998550415039,19,14
2024-12-24,Indo-Gangetic Plain,26.5,81.0,21.827312469482422,19,14
2024-12-25,Indo-Gangetic Plain,26.5,81.0,23.394617080688477,19,14
2024-12-26,Indo-Gangetic Plain,26.5,81.0,25.792980194091797,19,14
2024-12-27,Indo-Gangetic Plain,26.5,81.0,27.344249725341797,19,14
2024-12-28,Indo-Gangetic Plain,26.5,81.0,21.881746292114258,19,14
2024-12-29,Indo-Gangetic Plain,26.5,81.0,22.064983367919922,19,14
2024-12-30,Indo-Gangetic Plain,26.5,81.0,16.525218963623047,19,14
2024-12-31,Indo-Gangetic Plain,26.5,81.0,16.349082946777344,19,14
2024-01-01,Kerala Coast,9.5,76.5,30.647136688232422,2,9
2024-01-02,Kerala Coast,9.5,76.5,31.296321868896484,2,9
2024-01-03,Kerala Coast,9.5,76.5,30.97551727294922,2,9
2024-01-04,Kerala Coast,9.5,76.5,30.69460105895996,2,9
2024-01-05,Kerala Coast,9.5,76.5,29.925277709960938,2,9
2024-01-06,Kerala Coast,9.5,76.5,31.023401260375977,2,9
2024-01-07,Kerala Coast,9.5,76.5,30.65739631652832,2,9
2024-01-08,Kerala Coast,9.5,76.5,29.732093811035156,2,9
2024-01-09,Kerala Coast,9.5,76.5,27.926239013671875,2,9
2024-01-10,Kerala Coast,9.5,76.5,29.946809768676758,2,9
2024-01-11,Kerala Coast,9.5,76.5,31.126323699951172,2,9
2024-01-12,Kerala Coast,9.5,76.5,30.732959747314453,2,9
2024-01-13,Kerala Coast,9.5,76.5,31.473705291748047,2,9
2024-01-14,Kerala Coast,9.5,76.5,31.294315338134766,2,9
2024-01-15,Kerala Coast,9.5,76.5,31.31586265563965,2,9
2024-01-16,Kerala Coast,9.5,76.5,31.183813095092773,2,9
2024-01-17,Kerala Coast,9.5,76.5,31.701295852661133,2,9
2024-01-18,Kerala Coast,9.5,76.5,31.74770736694336,2,9
2024-01-19,Kerala Coast,9.5,76.5,31.534208297729492,2,9
2024-01-20,Kerala Coast,9.5,76.5,30.66915512084961,2,9
2024-01-21,Kerala Coast,9.5,76.5,32.15995407104492,2,9
2024-01-22,Kerala Coast,9.5,76.5,32.48708724975586,2,9
2024-01-23,Kerala Coast,9.5,76.5,32.00029754638672,2,9
2024-01-24,Kerala Coast,9.5,76.5,31.961803436279297,2,9
2024-01-25,Kerala Coast,9.5,76.5,31.776020050048828,2,9
2024-01-26,Kerala Coast,9.5,76.5,32.13471221923828,2,9
2024-01-27,Kerala Coast,9.5,76.5,31.614181518554688,2,9
2024-01-28,Kerala Coast,9.5,76.5,32.174747467041016,2,9
2024-01-29,Kerala Coast,9.5,76.5,32.00113296508789,2,9
2024-01-30,Kerala Coast,9.5,76.5,32.82670211791992,2,9
2024-01-31,Kerala Coast,9.5,76.5,33.03662109375,2,9
2024-02-01,Kerala Coast,9.5,76.5,31.904340744018555,2,9
2024-02-02,Kerala Coast,9.5,76.5,32.42801284790039,2,9
2024-02-03,Kerala Coast,9.5,76.5,32.6268424987793,2,9
2024-02-04,Kerala Coast,9.5,76.5,32.72658157348633,2,9
2024-02-05,Kerala Coast,9.5,76.5,32.502098083496094,2,9
2024-02-06,Kerala Coast,9.5,76.5,32.522281646728516,2,9
2024-02-07,Kerala Coast,9.5,76.5,32.98659896850586,2,9
2024-02-08,Kerala Coast,9.5,76.5,32.96989822387695,2,9
2024-02-09,Kerala Coast,9.5,76.5,32.946842193603516,2,9
2024-02-10,Kerala Coast,9.5,76.5,32.63116455078125,2,9
2024-02-11,Kerala Coast,9.5,76.5,32.751060485839844,2,9
2024-02-12,Kerala Coast,9.5,76.5,32.486976623535156,2,9
2024-02-13,Kerala Coast,9.5,76.5,32.80763626098633,2,9
2024-02-14,Kerala Coast,9.5,76.5,32.599063873291016,2,9
2024-02-15,Kerala Coast,9.5,76.5,32.98958969116211,2,9
2024-02-16,Kerala Coast,9.5,76.5,33.11207962036133,2,9
2024-02-17,Kerala Coast,9.5,76.5,33.360538482666016,2,9
2024-02-18,Kerala Coast,9.5,76.5,33.27925109863281,2,9
2024-02-19,Kerala Coast,9.5,76.5,33.346221923828125,2,9
2024-02-20,Kerala Coast,9.5,76.5,33.43460464477539,2,9
2024-02-21,Kerala Coast,9.5,76.5,33.466556549072266,2,9
2024-02-22,Kerala Coast,9.5,76.5,33.69733810424805,2,9
2024-02-23,Kerala Coast,9.5,76.5,34.23466110229492,2,9
2024-02-24,Kerala Coast,9.5,76.5,33.963417053222656,2,9
2024-02-25,Kerala Coast,9.5,76.5,33.21749496459961,2,9
2024-02-26,Kerala Coast,9.5,76.5,33.64823913574219,2,9
2024-02-27,Kerala Coast,9.5,76.5,33.69086456298828,2,9
2024-02-28,Kerala Coast,9.5,76.5,34.00360870361328,2,9
2024-02-29,Kerala Coast,9.5,76.5,33.52964401245117,2,9
2024-03-01,Kerala Coast,9.5,76.5,32.96959686279297,2,9
2024-03-02,Kerala Coast,9.5,76.5,33.68562316894531,2,9
2024-03-03,Kerala Coast,9.5,76.5,33.904808044433594,2,9
2024-03-04,Kerala Coast,9.5,76.5,34.135887145996094,2,9
2024-03-05,Kerala Coast,9.5,76.5,34.45445251464844,2,9
2024-03-06,Kerala Coast,9.5,76.5,33.84726333618164,2,9
2024-03-07,Kerala Coast,9.5,76.5,34.36466979980469,2,9
2024-03-08,Kerala Coast,9.5,76.5,34.56394577026367,2,9
2024-03-09,Kerala Coast,9.5,76.5,34.564064025878906,2,9
2024-03-10,Kerala Coast,9.5,76.5,34.378604888916016,2,9
2024-03-11,Kerala Coast,9.5,76.5,33.98379135131836,2,9
2024-03-12,Kerala Coast,9.5,76.5,34.53398132324219,2,9
2024-03-13,Kerala Coast,9.5,76.5,34.607261657714844,2,9
2024-03-14,Kerala Coast,9.5,76.5,35.088775634765625,2,9
2024-03-15,Kerala Coast,9.5,76.5,34.946048736572266,2,9
2024-03-16,Kerala Coast,9.5,76.5,34.74380111694336,2,9
2024-03-17,Kerala Coast,9.5,76.5,34.831581115722656,2,9
2024-03-18,Kerala Coast,9.5,76.5,34.59922409057617,2,9
2024-03-19,Kerala Coast,9.5,76.5,34.56410217285156,2,9
2024-03-20,Kerala Coast,9.5,76.5,34.5175666809082,2,9
2024-03-21,Kerala Coast,9.5,76.5,33.96070098876953,2,9
2024-03-22,Kerala Coast,9.5,76.5,34.149024963378906,2,9
2024-03-23,Kerala Coast,9.5,76.5,34.72426986694336,2,9
2024-03-24,Kerala Coast,9.5,76.5,35.025882720947266,2,9
2024-03-25,Kerala Coast,9.5,76.5,34.37052917480469,2,9
2024-03-26,Kerala Coast,9.5,76.5,34.427921295166016,2,9
2024-03-27,Kerala Coast,9.5,76.5,34.435447692871094,2,9
2024-03-28,Kerala Coast,9.5,76.5,34.45468521118164,2,9
2024-03-29,Kerala Coast,9.5,76.5,34.59452438354492,2,9
2024-03-30,Kerala Coast,9.5,76.5,35.2104377746582,2,9
2024-03-31,Kerala Coast,9.5,76.5,35.167118072509766,2,9
2024-04-01,Kerala Coast,9.5,76.5,34.939842224121094,2,9
2024-04-02,Kerala Coast,9.5,76.5,35.2663688659668,2,9
2024-04-03,Kerala Coast,9.5,76.5,34.78102111816406,2,9
2024-04-04,Kerala Coast,9.5,76.5,35.34336471557617,2,9
2024-04-05,Kerala Coast,9.5,76.5,35.6635856628418,2,9
2024-04-06,Kerala Coast,9.5,76.5,35.95661163330078,2,9
2024-04-07,Kerala Coast,9.5,76.5,35.785804748535156,2,9
2024-04-08,Kerala Coast,9.5,76.5,35.70487976074219,2,9
2024-04-09,Kerala Coast,9.5,76.5,35.094749450683594,2,9
2024-04-10,Kerala Coast,9.5,76.5,34.8172721862793,2,9
2024-04-11,Kerala Coast,9.5,76.5,34.99551010131836,2,9
2024-04-12,Kerala Coast,9.5,76.5,33.11552429199219,2,9
2024-04-13,Kerala Coast,9.5,76.5,33.5698127746582,2,9
2024-04-14,Kerala Coast,9.5,76.5,34.25031280517578,2,9
2024-04-15,Kerala Coast,9.5,76.5,34.069786071777344,2,9
2024-04-16,Kerala Coast,9.5,76.5,34.27335739135742,2,9
2024-04-17,Kerala Coast,9.5,76.5,34.96366500854492,2,9
2024-04-18,Kerala Coast,9.5,76.5,35.193092346191406,2,9
2024-04-19,Kerala Coast,9.5,76.5,35.6488037109375,2,9
2024-04-20,Kerala Coast,9.5,76.5,35.329429626464844,2,9
2024-04-21,Kerala Coast,9.5,76.5,35.64313888549805,2,9
2024-04-22,Kerala Coast,9.5,76.5,35.73257064819336,2,9
2024-04-23,Kerala Coast,9.5,76.5,35.89133071899414,2,9
2024-04-24,Kerala Coast,9.5,76.5,35.082828521728516,2,9
2024-04-25,Kerala Coast,9.5,76.5,35.5012321472168,2,9
2024-04-26,Kerala Coast,9.5,76.5,35.627193450927734,2,9
2024-04-27,Kerala Coast,9.5,76.5,36.38262939453125,2,9
2024-04-28,Kerala Coast,9.5,76.5,36.57633972167969,2,9
2024-04-29,Kerala Coast,9.5,76.5,36.420509338378906,2,9
2024-04-30,Kerala Coast,9.5,76.5,36.422584533691406,2,9
2024-05-01,Kerala Coast,9.5,76.5,36.40428161621094,2,9
2024-05-02,Kerala Coast,9.5,76.5,36.521461486816406,2,9
2024-05-03,Kerala Coast,9.5,76.5,35.851112365722656,2,9
2024-05-04,Kerala Coast,9.5,76.5,36.15913009643555,2,9
2024-05-05,Kerala Coast,9.5,76.5,36.16925811767578,2,9
2024-05-06,Kerala Coast,9.5,76.5,36.104026794433594,2,9
2024-05-07,Kerala Coast,9.5,76.5,36.10670852661133,2,9
2024-05-08,Kerala Coast,9.5,76.5,36.00069046020508,2,9
2024-05-09,Kerala Coast,9.5,76.5,35.18050765991211,2,9
2024-05-10,Kerala Coast,9.5,76.5,33.84748077392578,2,9
2024-05-11,Kerala Coast,9.5,76.5,34.244720458984375,2,9
2024-05-12,Kerala Coast,9.5,76.5,33.710350036621094,2,9
2024-05-13,Kerala Coast,9.5,76.5,33.01576232910156,2,9
2024-05-14,Kerala Coast,9.5,76.5,31.918203353881836,2,9
2024-05-15,Kerala Coast,9.5,76.5,33.03710174560547,2,9
2024-05-16,Kerala Coast,9.5,76.5,31.747440338134766,2,9
2024-05-17,Kerala Coast,9.5,76.5,30.785255432128906,2,9
2024-05-18,Kerala Coast,9.5,76.5,32.0853271484375,2,9
2024-05-19,Kerala Coast,9.5,76.5,31.173587799072266,2,9
2024-05-20,Kerala Coast,9.5,76.5,28.199756622314453,2,9
2024-05-21,Kerala Coast,9.5,76.5,30.992277145385742,2,9
2024-05-22,Kerala Coast,9.5,76.5,30.874197006225586,2,9
2024-05-23,Kerala Coast,9.5,76.5,28.953746795654297,2,9
2024-05-24,Kerala Coast,9.5,76.5,29.116249084472656,2,9
2024-05-25,Kerala Coast,9.5,76.5,29.5828800201416,2,9
2024-05-26,Kerala Coast,9.5,76.5,30.2972469329834,2,9
2024-05-27,Kerala Coast,9.5,76.5,31.783079147338867,2,9
2024-05-28,Kerala Coast,9.5,76.5,30.02315902709961,2,9
2024-05-29,Kerala Coast,9.5,76.5,31.428157806396484,2,9
2024-05-30,Kerala Coast,9.5,76.5,31.87801742553711,2,9
2024-05-31,Kerala Coast,9.5,76.5,33.155296325683594,2,9
2024-06-01,Kerala Coast,9.5,76.5,32.46623992919922,2,9
2024-06-02,Kerala Coast,9.5,76.5,32.43778991699219,2,9
2024-06-03,Kerala Coast,9.5,76.5,31.055322647094727,2,9
2024-06-04,Kerala Coast,9.5,76.5,31.5208797454834,2,9
2024-06-05,Kerala Coast,9.5,76.5,31.18267822265625,2,9
2024-06-06,Kerala Coast,9.5,76.5,31.19108009338379,2,9
2024-06-07,Kerala Coast,9.5,76.5,30.653457641601562,2,9
2024-06-08,Kerala Coast,9.5,76.5,30.437074661254883,2,9
2024-06-09,Kerala Coast,9.5,76.5,31.219436645507812,2,9
2024-06-10,Kerala Coast,9.5,76.5,31.85481834411621,2,9
2024-06-11,Kerala Coast,9.5,76.5,31.785205841064453,2,9
2024-06-12,Kerala Coast,9.5,76.5,29.814512252807617,2,9
2024-06-13,Kerala Coast,9.5,76.5,31.635021209716797,2,9
2024-06-14,Kerala Coast,9.5,76.5,32.27455139160156,2,9
2024-06-15,Kerala Coast,9.5,76.5,32.8347282409668,2,9
2024-06-16,Kerala Coast,9.5,76.5,32.599510192871094,2,9
2024-06-17,Kerala Coast,9.5,76.5,33.2203483581543,2,9
2024-06-18,Kerala Coast,9.5,76.5,32.03143310546875,2,9
2024-06-19,Kerala Coast,9.5,76.5,31.296916961669922,2,9
2024-06-20,Kerala Coast,9.5,76.5,30.46931266784668,2,9
2024-06-21,Kerala Coast,9.5,76.5,29.474443435668945,2,9
2024-06-22,Kerala Coast,9.5,76.5,31.219999313354492,2,9
2024-06-23,Kerala Coast,9.5,76.5,29.769332885742188,2,9
2024-06-24,Kerala Coast,9.5,76.5,30.181415557861328,2,9
2024-06-25,Kerala Coast,9.5,76.5,29.27768898010254,2,9
2024-06-26,Kerala Coast,9.5,76.5,29.01169776916504,2,9
2024-06-27,Kerala Coast,9.5,76.5,28.725513458251953,2,9
2024-06-28,Kerala Coast,9.5,76.5,30.750797271728516,2,9
2024-06-29,Kerala Coast,9.5,76.5,31.615781784057617,2,9
2024-06-30,Kerala Coast,9.5,76.5,31.536224365234375,2,9
2024-07-01,Kerala Coast,9.5,76.5,29.556264877319336,2,9
2024-07-02,Kerala Coast,9.5,76.5,31.430601119995117,2,9
2024-07-03,Kerala Coast,9.5,76.5,32.19591522216797,2,9
2024-07-04,Kerala Coast,9.5,76.5,31.88605308532715,2,9
2024-07-05,Kerala Coast,9.5,76.5,31.613056182861328,2,9
2024-07-06,Kerala Coast,9.5,76.5,30.480180740356445,2,9
2024-07-07,Kerala Coast,9.5,76.5,31.48813819885254,2,9
2024-07-08,Kerala Coast,9.5,76.5,29.40109634399414,2,9
2024-07-09,Kerala Coast,9.5,76.5,30.942399978637695,2,9
2024-07-10,Kerala Coast,9.5,76.5,31.472566604614258,2,9
2024-07-11,Kerala Coast,9.5,76.5,31.81897735595703,2,9
2024-07-12,Kerala Coast,9.5,76.5,31.855730056762695,2,9
2024-07-13,Kerala Coast,9.5,76.5,28.91620635986328,2,9
2024-07-14,Kerala Coast,9.5,76.5,29.713956832885742,2,9
2024-07-15,Kerala Coast,9.5,76.5,28.091699600219727,2,9
2024-07-16,Kerala Coast,9.5,76.5,27.829837799072266,2,9
2024-07-17,Kerala Coast,9.5,76.5,27.374467849731445,2,9
2024-07-18,Kerala Coast,9.5,76.5,27.479816436767578,2,9
2024-07-19,Kerala Coast,9.5,76.5,29.573455810546875,2,9
2024-07-20,Kerala Coast,9.5,76.5,30.335426330566406,2,9
2024-07-21,Kerala Coast,9.5,76.5,30.677906036376953,2,9
2024-07-22,Kerala Coast,9.5,76.5,30.00045394897461,2,9
2024-07-23,Kerala Coast,9.5,76.5,31.723270416259766,2,9
2024-07-24,Kerala Coast,9.5,76.5,31.9121036529541,2,9
2024-07-25,Kerala Coast,9.5,76.5,29.420228958129883,2,9
2024-07-26,Kerala Coast,9.5,76.5,30.739486694335938,2,9
2024-07-27,Kerala Coast,9.5,76.5,30.982986450195312,2,9
2024-07-28,Kerala Coast,9.5,76.5,30.452260971069336,2,9
2024-07-29,Kerala Coast,9.5,76.5,28.84952163696289,2,9
2024-07-30,Kerala Coast,9.5,76.5,29.05187225341797,2,9
2024-07-31,Kerala Coast,9.5,76.5,29.846515655517578,2,9
2024-08-01,Kerala Coast,9.5,76.5,31.147563934326172,2,9
2024-08-02,Kerala Coast,9.5,76.5,31.10582160949707,2,9
2024-08-03,Kerala Coast,9.5,76.5,31.938690185546875,2,9
2024-08-04,Kerala Coast,9.5,76.5,32.268943786621094,2,9
2024-08-05,Kerala Coast,9.5,76.5,31.217117309570312,2,9
2024-08-06,Kerala Coast,9.5,76.5,30.526525497436523,2,9
2024-08-07,Kerala Coast,9.5,76.5,30.604312896728516,2,9
2024-08-08,Kerala Coast,9.5,76.5,30.267011642456055,2,9
2024-08-09,Kerala Coast,9.5,76.5,30.878223419189453,2,9
2024-08-10,Kerala Coast,9.5,76.5,31.04197883605957,2,9
2024-08-11,Kerala Coast,9.5,76.5,31.552845001220703,2,9
2024-08-12,Kerala Coast,9.5,76.5,31.95073127746582,2,9
2024-08-13,Kerala Coast,9.5,76.5,31.12337875366211,2,9
2024-08-14,Kerala Coast,9.5,76.5,29.5025634765625,2,9
2024-08-15,Kerala Coast,9.5,76.5,30.69819450378418,2,9
2024-08-16,Kerala Coast,9.5,76.5,31.260387420654297,2,9
2024-08-17,Kerala Coast,9.5,76.5,30.116113662719727,2,9
2024-08-18,Kerala Coast,9.5,76.5,31.164827346801758,2,9
2024-08-19,Kerala Coast,9.5,76.5,30.586946487426758,2,9
2024-08-20,Kerala Coast,9.5,76.5,31.065448760986328,2,9
2024-08-21,Kerala Coast,9.5,76.5,29.673425674438477,2,9
2024-08-22,Kerala Coast,9.5,76.5,30.227825164794922,2,9
2024-08-23,Kerala Coast,9.5,76.5,31.009475708007812,2,9
2024-08-24,Kerala Coast,9.5,76.5,31.16248893737793,2,9
2024-08-25,Kerala Coast,9.5,76.5,31.597946166992188,2,9
2024-08-26,Kerala Coast,9.5,76.5,31.6193790435791,2,9
2024-08-27,Kerala Coast,9.5,76.5,31.48434066772461,2,9
2024-08-28,Kerala Coast,9.5,76.5,30.547351837158203,2,9
2024-08-29,Kerala Coast,9.5,76.5,30.821395874023438,2,9
2024-08-30,Kerala Coast,9.5,76.5,28.283639907836914,2,9
2024-08-31,Kerala Coast,9.5,76.5,31.00232696533203,2,9
2024-09-01,Kerala Coast,9.5,76.5,29.67388153076172,2,9
2024-09-02,Kerala Coast,9.5,76.5,31.6597843170166,2,9
2024-09-03,Kerala Coast,9.5,76.5,30.811269760131836,2,9
2024-09-04,Kerala Coast,9.5,76.5,32.03992462158203,2,9
2024-09-05,Kerala Coast,9.5,76.5,32.817867279052734,2,9
2024-09-06,Kerala Coast,9.5,76.5,31.989269256591797,2,9
2024-09-07,Kerala Coast,9.5,76.5,32.041778564453125,2,9
2024-09-08,Kerala Coast,9.5,76.5,31.168046951293945,2,9
2024-09-09,Kerala Coast,9.5,76.5,30.969388961791992,2,9
2024-09-10,Kerala Coast,9.5,76.5,32.102542877197266,2,9
2024-09-11,Kerala Coast,9.5,76.5,31.69083023071289,2,9
2024-09-12,Kerala Coast,9.5,76.5,32.613548278808594,2,9
2024-09-13,Kerala Coast,9.5,76.5,33.0803108215332,2,9
2024-09-14,Kerala Coast,9.5,76.5,32.4891242980957,2,9
2024-09-15,Kerala Coast,9.5,76.5,32.582557678222656,2,9
2024-09-16,Kerala Coast,9.5,76.5,33.08015060424805,2,9
2024-09-17,Kerala Coast,9.5,76.5,33.406776428222656,2,9
2024-09-18,Kerala Coast,9.5,76.5,33.256412506103516,2,9
2024-09-19,Kerala Coast,9.5,76.5,33.31777572631836,2,9
2024-09-20,Kerala Coast,9.5,76.5,32.2589225769043,2,9
2024-09-21,Kerala Coast,9.5,76.5,33.00688934326172,2,9
2024-09-22,Kerala Coast,9.5,76.5,32.445030212402344,2,9
2024-09-23,Kerala Coast,9.5,76.5,32.225830078125,2,9
2024-09-24,Kerala Coast,9.5,76.5,32.081878662109375,2,9
2024-09-25,Kerala Coast,9.5,76.5,32.71465301513672,2,9
2024-09-26,Kerala Coast,9.5,76.5,32.203800201416016,2,9
2024-09-27,Kerala Coast,9.5,76.5,33.10091018676758,2,9
2024-09-28,Kerala Coast,9.5,76.5,32.42290496826172,2,9
2024-09-29,Kerala Coast,9.5,76.5,31.937274932861328,2,9
2024-09-30,Kerala Coast,9.5,76.5,31.187219619750977,2,9
2024-10-01,Kerala Coast,9.5,76.5,31.94340705871582,2,9
2024-10-02,Kerala Coast,9.5,76.5,31.641738891601562,2,9
2024-10-03,Kerala Coast,9.5,76.5,31.83688735961914,2,9
2024-10-04,Kerala Coast,9.5,76.5,32.281982421875,2,9
2024-10-05,Kerala Coast,9.5,76.5,31.3696346282959,2,9
2024-10-06,Kerala Coast,9.5,76.5,29.896770477294922,2,9
2024-10-07,Kerala Coast,9.5,76.5,30.16165542602539,2,9
2024-10-08,Kerala Coast,9.5,76.5,31.512788772583008,2,9
2024-10-09,Kerala Coast,9.5,76.5,31.504236221313477,2,9
2024-10-10,Kerala Coast,9.5,76.5,30.73579216003418,2,9
2024-10-11,Kerala Coast,9.5,76.5,29.730693817138672,2,9
2024-10-12,Kerala Coast,9.5,76.5,30.016948699951172,2,9
2024-10-13,Kerala Coast,9.5,76.5,29.85577392578125,2,9
2024-10-14,Kerala Coast,9.5,76.5,28.144973754882812,2,9
2024-10-15,Kerala Coast,9.5,76.5,29.541654586791992,2,9
2024-10-16,Kerala Coast,9.5,76.5,29.884145736694336,2,9
2024-10-17,Kerala Coast,9.5,76.5,31.667070388793945,2,9
2024-10-18,Kerala Coast,9.5,76.5,32.03713607788086,2,9
2024-10-19,Kerala Coast,9.5,76.5,31.597265243530273,2,9
2024-10-20,Kerala Coast,9.5,76.5,31.644729614257812,2,9
2024-10-21,Kerala Coast,9.5,76.5,30.69921875,2,9
2024-10-22,Kerala Coast,9.5,76.5,31.46759796142578,2,9
2024-10-23,Kerala Coast,9.5,76.5,31.510648727416992,2,9
2024-10-24,Kerala Coast,9.5,76.5,31.103715896606445,2,9
2024-10-25,Kerala Coast,9.5,76.5,28.90723419189453,2,9
2024-10-26,Kerala Coast,9.5,76.5,30.487707138061523,2,9
2024-10-27,Kerala Coast,9.5,76.5,31.306034088134766,2,9
2024-10-28,Kerala Coast,9.5,76.5,31.765413284301758,2,9
2024-10-29,Kerala Coast,9.5,76.5,31.711872100830078,2,9
2024-10-30,Kerala Coast,9.5,76.5,32.653289794921875,2,9
2024-10-31,Kerala Coast,9.5,76.5,32.438350677490234,2,9
2024-11-01,Kerala Coast,9.5,76.5,31.417308807373047,2,9
2024-11-02,Kerala Coast,9.5,76.5,31.488502502441406,2,9
2024-11-03,Kerala Coast,9.5,76.5,30.815126419067383,2,9
2024-11-04,Kerala Coast,9.5,76.5,30.0148868560791,2,9
2024-11-05,Kerala Coast,9.5,76.5,31.0710506439209,2,9
2024-11-06,Kerala Coast,9.5,76.5,31.280681610107422,2,9
2024-11-07,Kerala Coast,9.5,76.5,31.92740249633789,2,9
2024-11-08,Kerala Coast,9.5,76.5,30.169960021972656,2,9
2024-11-09,Kerala Coast,9.5,76.5,31.486103057861328,2,9
2024-11-10,Kerala Coast,9.5,76.5,32.15864181518555,2,9
2024-11-11,Kerala Coast,9.5,76.5,32.074954986572266,2,9
2024-11-12,Kerala Coast,9.5,76.5,31.797670364379883,2,9
2024-11-13,Kerala Coast,9.5,76.5,31.66292953491211,2,9
2024-11-14,Kerala Coast,9.5,76.5,31.322298049926758,2,9
2024-11-15,Kerala Coast,9.5,76.5,29.894092559814453,2,9
2024-11-16,Kerala Coast,9.5,76.5,30.0268497467041,2,9
2024-11-17,Kerala Coast,9.5,76.5,31.022336959838867,2,9
2024-11-18,Kerala Coast,9.5,76.5,30.894657135009766,2,9
2024-11-19,Kerala Coast,9.5,76.5,29.616979598999023,2,9
2024-11-20,Kerala Coast,9.5,76.5,27.026145935058594,2,9
2024-11-21,Kerala Coast,9.5,76.5,28.66838836669922,2,9
2024-11-22,Kerala Coast,9.5,76.5,30.713335037231445,2,9
2024-11-23,Kerala Coast,9.5,76.5,31.074260711669922,2,9
2024-11-24,Kerala Coast,9.5,76.5,30.801729202270508,2,9
2024-11-25,Kerala Coast,9.5,76.5,30.462909698486328,2,9
2024-11-26,Kerala Coast,9.5,76.5,28.376073837280273,2,9
2024-11-27,Kerala Coast,9.5,76.5,27.354541778564453,2,9
2024-11-28,Kerala Coast,9.5,76.5,30.744298934936523,2,9
2024-11-29,Kerala Coast,9.5,76.5,30.463930130004883,2,9
2024-11-30,Kerala Coast,9.5,76.5,30.534631729125977,2,9
2024-12-01,Kerala Coast,9.5,76.5,29.732349395751953,2,9
2024-12-02,Kerala Coast,9.5,76.5,29.90883445739746,2,9
2024-12-03,Kerala Coast,9.5,76.5,31.38063621520996,2,9
2024-12-04,Kerala Coast,9.5,76.5,31.01953125,2,9
2024-12-05,Kerala Coast,9.5,76.5,31.159542083740234,2,9
2024-12-06,Kerala Coast,9.5,76.5,31.951587677001953,2,9
2024-12-07,Kerala Coast,9.5,76.5,32.164459228515625,2,9
2024-12-08,Kerala Coast,9.5,76.5,31.660993576049805,2,9
2024-12-09,Kerala Coast,9.5,76.5,32.04705810546875,2,9
2024-12-10,Kerala Coast,9.5,76.5,31.987560272216797,2,9
2024-12-11,Kerala Coast,9.5,76.5,31.130224227905273,2,9
2024-12-12,Kerala Coast,9.5,76.5,26.86540412902832,2,9
2024-12-13,Kerala Coast,9.5,76.5,27.476505279541016,2,9
2024-12-14,Kerala Coast,9.5,76.5,26.5897159576416,2,9
2024-12-15,Kerala Coast,9.5,76.5,30.383506774902344,2,9
2024-12-16,Kerala Coast,9.5,76.5,30.59422492980957,2,9
2024-12-17,Kerala Coast,9.5,76.5,31.959577560424805,2,9
2024-12-18,Kerala Coast,9.5,76.5,32.23583221435547,2,9
2024-12-19,Kerala Coast,9.5,76.5,32.35210418701172,2,9
2024-12-20,Kerala Coast,9.5,76.5,32.92744445800781,2,9
2024-12-21,Kerala Coast,9.5,76.5,32.36183166503906,2,9
2024-12-22,Kerala Coast,9.5,76.5,32.111122131347656,2,9
2024-12-23,Kerala Coast,9.5,76.5,31.66753578186035,2,9
2024-12-24,Kerala Coast,9.5,76.5,31.870529174804688,2,9
2024-12-25,Kerala Coast,9.5,76.5,32.044273376464844,2,9
2024-12-26,Kerala Coast,9.5,76.5,31.854501724243164,2,9
2024-12-27,Kerala Coast,9.5,76.5,30.796247482299805,2,9
2024-12-28,Kerala Coast,9.5,76.5,31.28183937072754,2,9
2024-12-29,Kerala Coast,9.5,76.5,31.499971389770508,2,9
2024-12-30,Kerala Coast,9.5,76.5,30.982219696044922,2,9
2024-12-31,Kerala Coast,9.5,76.5,30.445659637451172,2,9
2024-01-01,Northeast,26.0,91.7,21.186901092529297,18,24
2024-01-02,Northeast,26.0,91.7,21.174570083618164,18,24
2024-01-03,Northeast,26.0,91.7,22.331207275390625,18,24
2024-01-04,Northeast,26.0,91.7,22.006608963012695,18,24
2024-01-05,Northeast,26.0,91.7,22.84473991394043,18,24
2024-01-06,Northeast,26.0,91.7,23.757240295410156,18,24
2024-01-07,Northeast,26.0,91.7,23.99207878112793,18,24
2024-01-08,Northeast,26.0,91.7,22.671157836914062,18,24
2024-01-09,Northeast,26.0,91.7,21.67506980895996,18,24
2024-01-10,Northeast,26.0,91.7,19.737924575805664,18,24
2024-01-11,Northeast,26.0,91.7,19.433366775512695,18,24
2024-01-12,Northeast,26.0,91.7,19.845762252807617,18,24
2024-01-13,Northeast,26.0,91.7,20.448589324951172,18,24
2024-01-14,Northeast,26.0,91.7,20.432201385498047,18,24
2024-01-15,Northeast,26.0,91.7,22.238428115844727,18,24
2024-01-16,Northeast,26.0,91.7,18.552040100097656,18,24
2024-01-17,Northeast,26.0,91.7,17.879718780517578,18,24
2024-01-18,Northeast,26.0,91.7,19.82271385192871,18,24
2024-01-19,Northeast,26.0,91.7,20.973526000976562,18,24
2024-01-20,Northeast,26.0,91.7,22.251733779907227,18,24
2024-01-21,Northeast,26.0,91.7,19.778514862060547,18,24
2024-01-22,Northeast,26.0,91.7,20.813074111938477,18,24
2024-01-23,Northeast,26.0,91.7,20.991771697998047,18,24
2024-01-24,Northeast,26.0,91.7,21.07354736328125,18,24
2024-01-25,Northeast,26.0,91.7,19.880979537963867,18,24
2024-01-26,Northeast,26.0,91.7,21.199424743652344,18,24
2024-01-27,Northeast,26.0,91.7,21.408809661865234,18,24
2024-01-28,Northeast,26.0,91.7,22.48797607421875,18,24
2024-01-29,Northeast,26.0,91.7,23.475208282470703,18,24
2024-01-30,Northeast,26.0,91.7,23.37405014038086,18,24
2024-01-31,Northeast,26.0,91.7,22.428491592407227,18,24
2024-02-01,Northeast,26.0,91.7,22.071149826049805,18,24
2024-02-02,Northeast,26.0,91.7,22.50979232788086,18,24
2024-02-03,Northeast,26.0,91.7,20.895977020263672,18,24
2024-02-04,Northeast,26.0,91.7,21.96957778930664,18,24
2024-02-05,Northeast,26.0,91.7,20.28205108642578,18,24
2024-02-06,Northeast,26.0,91.7,20.528099060058594,18,24
2024-02-07,Northeast,26.0,91.7,20.711122512817383,18,24
2024-02-08,Northeast,26.0,91.7,21.055696487426758,18,24
2024-02-09,Northeast,26.0,91.7,22.68663787841797,18,24
2024-02-10,Northeast,26.0,91.7,25.782941818237305,18,24
2024-02-11,Northeast,26.0,91.7,26.02972412109375,18,24
2024-02-12,Northeast,26.0,91.7,25.851102828979492,18,24
2024-02-13,Northeast,26.0,91.7,26.247108459472656,18,24
2024-02-14,Northeast,26.0,91.7,24.942928314208984,18,24
2024-02-15,Northeast,26.0,91.7,24.480932235717773,18,24
2024-02-16,Northeast,26.0,91.7,25.16916275024414,18,24
2024-02-17,Northeast,26.0,91.7,24.845138549804688,18,24
2024-02-18,Northeast,26.0,91.7,25.176063537597656,18,24
2024-02-19,Northeast,26.0,91.7,25.29222297668457,18,24
2024-02-20,Northeast,26.0,91.7,23.688032150268555,18,24
2024-02-21,Northeast,26.0,91.7,22.97343635559082,18,24
2024-02-22,Northeast,26.0,91.7,20.49182891845703,18,24
2024-02-23,Northeast,26.0,91.7,23.552141189575195,18,24
2024-02-24,Northeast,26.0,91.7,24.817180633544922,18,24
2024-02-25,Northeast,26.0,91.7,21.95026969909668,18,24
2024-02-26,Northeast,26.0,91.7,23.997772216796875,18,24
2024-02-27,Northeast,26.0,91.7,25.505064010620117,18,24
2024-02-28,Northeast,26.0,91.7,25.47665786743164,18,24
2024-02-29,Northeast,26.0,91.7,24.450634002685547,18,24
2024-03-01,Northeast,26.0,91.7,25.366371154785156,18,24
2024-03-02,Northeast,26.0,91.7,26.557636260986328,18,24
2024-03-03,Northeast,26.0,91.7,25.912565231323242,18,24
2024-03-04,Northeast,26.0,91.7,25.82672119140625,18,24
2024-03-05,Northeast,26.0,91.7,26.811222076416016,18,24
2024-03-06,Northeast,26.0,91.7,26.251922607421875,18,24
2024-03-07,Northeast,26.0,91.7,26.881059646606445,18,24
2024-03-08,Northeast,26.0,91.7,27.35227394104004,18,24
2024-03-09,Northeast,26.0,91.7,26.723556518554688,18,24
2024-03-10,Northeast,26.0,91.7,28.064966201782227,18,24
2024-03-11,Northeast,26.0,91.7,29.50043487548828,18,24
2024-03-12,Northeast,26.0,91.7,28.563692092895508,18,24
2024-03-13,Northeast,26.0,91.7,28.114397048950195,18,24
2024-03-14,Northeast,26.0,91.7,28.454992294311523,18,24
2024-03-15,Northeast,26.0,91.7,28.78432273864746,18,24
2024-03-16,Northeast,26.0,91.7,30.179222106933594,18,24
2024-03-17,Northeast,26.0,91.7,30.204204559326172,18,24
2024-03-18,Northeast,26.0,91.7,30.573522567749023,18,24
2024-03-19,Northeast,26.0,91.7,29.690086364746094,18,24
2024-03-20,Northeast,26.0,91.7,22.212236404418945,18,24
2024-03-21,Northeast,26.0,91.7,23.05362892150879,18,24
2024-03-22,Northeast,26.0,91.7,24.861589431762695,18,24
2024-03-23,Northeast,26.0,91.7,23.373884201049805,18,24
2024-03-24,Northeast,26.0,91.7,24.804868698120117,18,24
2024-03-25,Northeast,26.0,91.7,28.386581420898438,18,24
2024-03-26,Northeast,26.0,91.7,25.242830276489258,18,24
2024-03-27,Northeast,26.0,91.7,26.53496551513672,18,24
2024-03-28,Northeast,26.0,91.7,28.21232795715332,18,24
2024-03-29,Northeast,26.0,91.7,30.363296508789062,18,24
2024-03-30,Northeast,26.0,91.7,30.42572021484375,18,24
2024-03-31,Northeast,26.0,91.7,29.11747169494629,18,24
2024-04-01,Northeast,26.0,91.7,30.12649154663086,18,24
2024-04-02,Northeast,26.0,91.7,30.076641082763672,18,24
2024-04-03,Northeast,26.0,91.7,29.752193450927734,18,24
2024-04-04,Northeast,26.0,91.7,29.911571502685547,18,24
2024-04-05,Northeast,26.0,91.7,29.681400299072266,18,24
2024-04-06,Northeast,26.0,91.7,30.849689483642578,18,24
2024-04-07,Northeast,26.0,91.7,31.51676368713379,18,24
2024-04-08,Northeast,26.0,91.7,28.97576904296875,18,24
2024-04-09,Northeast,26.0,91.7,30.924415588378906,18,24
2024-04-10,Northeast,26.0,91.7,30.40030288696289,18,24
2024-04-11,Northeast,26.0,91.7,31.258861541748047,18,24
2024-04-12,Northeast,26.0,91.7,31.66010856628418,18,24
2024-04-13,Northeast,26.0,91.7,32.681800842285156,18,24
2024-04-14,Northeast,26.0,91.7,33.61668014526367,18,24
2024-04-15,Northeast,26.0,91.7,34.49764633178711,18,24
2024-04-16,Northeast,26.0,91.7,32.25417709350586,18,24
2024-04-17,Northeast,26.0,91.7,31.481786727905273,18,24
2024-04-18,Northeast,26.0,91.7,30.95162582397461,18,24
2024-04-19,Northeast,26.0,91.7,30.51156234741211,18,24
2024-04-20,Northeast,26.0,91.7,30.17478370666504,18,24
2024-04-21,Northeast,26.0,91.7,31.16339874267578,18,24
2024-04-22,Northeast,26.0,91.7,30.81248664855957,18,24
2024-04-23,Northeast,26.0,91.7,32.34056091308594,18,24
2024-04-24,Northeast,26.0,91.7,32.72732925415039,18,24
2024-04-25,Northeast,26.0,91.7,33.15691375732422,18,24
2024-04-26,Northeast,26.0,91.7,32.41836166381836,18,24
2024-04-27,Northeast,26.0,91.7,31.924654006958008,18,24
2024-04-28,Northeast,26.0,91.7,32.03570556640625,18,24
2024-04-29,Northeast,26.0,91.7,32.434898376464844,18,24
2024-04-30,Northeast,26.0,91.7,32.546566009521484,18,24
2024-05-01,Northeast,26.0,91.7,32.59455108642578,18,24
2024-05-02,Northeast,26.0,91.7,32.709781646728516,18,24
2024-05-03,Northeast,26.0,91.7,31.151485443115234,18,24
2024-05-04,Northeast,26.0,91.7,31.080425262451172,18,24
2024-05-05,Northeast,26.0,91.7,26.481801986694336,18,24
2024-05-06,Northeast,26.0,91.7,23.958404541015625,18,24
2024-05-07,Northeast,26.0,91.7,27.23192596435547,18,24
2024-05-08,Northeast,26.0,91.7,28.50052833557129,18,24
2024-05-09,Northeast,26.0,91.7,28.664539337158203,18,24
2024-05-10,Northeast,26.0,91.7,28.475038528442383,18,24
2024-05-11,Northeast,26.0,91.7,29.497194290161133,18,24
2024-05-12,Northeast,26.0,91.7,30.6822509765625,18,24
2024-05-13,Northeast,26.0,91.7,32.94455337524414,18,24
2024-05-14,Northeast,26.0,91.7,33.60205078125,18,24
2024-05-15,Northeast,26.0,91.7,34.548484802246094,18,24
2024-05-16,Northeast,26.0,91.7,33.85948181152344,18,24
2024-05-17,Northeast,26.0,91.7,32.68136215209961,18,24
2024-05-18,Northeast,26.0,91.7,28.466840744018555,18,24
2024-05-19,Northeast,26.0,91.7,30.432470321655273,18,24
2024-05-20,Northeast,26.0,91.7,30.407432556152344,18,24
2024-05-21,Northeast,26.0,91.7,33.259098052978516,18,24
2024-05-22,Northeast,26.0,91.7,32.4614372253418,18,24
2024-05-23,Northeast,26.0,91.7,34.71477127075195,18,24
2024-05-24,Northeast,26.0,91.7,35.699546813964844,18,24
2024-05-25,Northeast,26.0,91.7,36.916709899902344,18,24
2024-05-26,Northeast,26.0,91.7,34.48418426513672,18,24
2024-05-27,Northeast,26.0,91.7,27.476478576660156,18,24
2024-05-28,Northeast,26.0,91.7,27.509166717529297,18,24
2024-05-29,Northeast,26.0,91.7,29.381816864013672,18,24
2024-05-30,Northeast,26.0,91.7,27.82198143005371,18,24
2024-05-31,Northeast,26.0,91.7,29.426578521728516,18,24
2024-06-01,Northeast,26.0,91.7,31.404022216796875,18,24
2024-06-02,Northeast,26.0,91.7,30.66650390625,18,24
2024-06-03,Northeast,26.0,91.7,29.879661560058594,18,24
2024-06-04,Northeast,26.0,91.7,30.2028751373291,18,24
2024-06-05,Northeast,26.0,91.7,31.345123291015625,18,24
2024-06-06,Northeast,26.0,91.7,31.95022201538086,18,24
2024-06-07,Northeast,26.0,91.7,32.638187408447266,18,24
2024-06-08,Northeast,26.0,91.7,31.388565063476562,18,24
2024-06-09,Northeast,26.0,91.7,29.1065616607666,18,24
2024-06-10,Northeast,26.0,91.7,30.227352142333984,18,24
2024-06-11,Northeast,26.0,91.7,31.176937103271484,18,24
2024-06-12,Northeast,26.0,91.7,31.57638931274414,18,24
2024-06-13,Northeast,26.0,91.7,28.273902893066406,18,24
2024-06-14,Northeast,26.0,91.7,28.319887161254883,18,24
2024-06-15,Northeast,26.0,91.7,27.552751541137695,18,24
2024-06-16,Northeast,26.0,91.7,28.231426239013672,18,24
2024-06-17,Northeast,26.0,91.7,27.010353088378906,18,24
2024-06-18,Northeast,26.0,91.7,25.785192489624023,18,24
2024-06-19,Northeast,26.0,91.7,25.15900993347168,18,24
2024-06-20,Northeast,26.0,91.7,28.4797306060791,18,24
2024-06-21,Northeast,26.0,91.7,31.020771026611328,18,24
2024-06-22,Northeast,26.0,91.7,32.45753479003906,18,24
2024-06-23,Northeast,26.0,91.7,32.85902404785156,18,24
2024-06-24,Northeast,26.0,91.7,31.965354919433594,18,24
2024-06-25,Northeast,26.0,91.7,29.910390853881836,18,24
2024-06-26,Northeast,26.0,91.7,31.645038604736328,18,24
2024-06-27,Northeast,26.0,91.7,31.067001342773438,18,24
2024-06-28,Northeast,26.0,91.7,28.85053825378418,18,24
2024-06-29,Northeast,26.0,91.7,29.836410522460938,18,24
2024-06-30,Northeast,26.0,91.7,28.963911056518555,18,24
2024-07-01,Northeast,26.0,91.7,28.161691665649414,18,24
2024-07-02,Northeast,26.0,91.7,29.140609741210938,18,24
2024-07-03,Northeast,26.0,91.7,30.0994873046875,18,24
2024-07-04,Northeast,26.0,91.7,30.090351104736328,18,24
2024-07-05,Northeast,26.0,91.7,27.068662643432617,18,24
2024-07-06,Northeast,26.0,91.7,28.593156814575195,18,24
2024-07-07,Northeast,26.0,91.7,30.30435562133789,18,24
2024-07-08,Northeast,26.0,91.7,31.105932235717773,18,24
2024-07-09,Northeast,26.0,91.7,30.812767028808594,18,24
2024-07-10,Northeast,26.0,91.7,29.265968322753906,18,24
2024-07-11,Northeast,26.0,91.7,28.45856475830078,18,24
2024-07-12,Northeast,26.0,91.7,29.035850524902344,18,24
2024-07-13,Northeast,26.0,91.7,31.271400451660156,18,24
2024-07-14,Northeast,26.0,91.7,31.908065795898438,18,24
2024-07-15,Northeast,26.0,91.7,32.77412414550781,18,24
2024-07-16,Northeast,26.0,91.7,30.491413116455078,18,24
2024-07-17,Northeast,26.0,91.7,32.37008285522461,18,24
2024-07-18,Northeast,26.0,91.7,31.980560302734375,18,24
2024-07-19,Northeast,26.0,91.7,33.3826904296875,18,24
2024-07-20,Northeast,26.0,91.7,31.606708526611328,18,24
2024-07-21,Northeast,26.0,91.7,32.97614288330078,18,24
2024-07-22,Northeast,26.0,91.7,31.097990036010742,18,24
2024-07-23,Northeast,26.0,91.7,31.2312068939209,18,24
2024-07-24,Northeast,26.0,91.7,33.67843246459961,18,24
2024-07-25,Northeast,26.0,91.7,34.1642951965332,18,24
2024-07-26,Northeast,26.0,91.7,35.31523132324219,18,24
2024-07-27,Northeast,26.0,91.7,35.63772201538086,18,24
2024-07-28,Northeast,26.0,91.7,34.242950439453125,18,24
2024-07-29,Northeast,26.0,91.7,32.13036346435547,18,24
2024-07-30,Northeast,26.0,91.7,31.505422592163086,18,24
2024-07-31,Northeast,26.0,91.7,32.48365020751953,18,24
2024-08-01,Northeast,26.0,91.7,30.783084869384766,18,24
2024-08-02,Northeast,26.0,91.7,27.369003295898438,18,24
2024-08-03,Northeast,26.0,91.7,27.6375675201416,18,24
2024-08-04,Northeast,26.0,91.7,30.535551071166992,18,24
2024-08-05,Northeast,26.0,91.7,29.691890716552734,18,24
2024-08-06,Northeast,26.0,91.7,28.554105758666992,18,24
2024-08-07,Northeast,26.0,91.7,31.134061813354492,18,24
2024-08-08,Northeast,26.0,91.7,29.735584259033203,18,24
2024-08-09,Northeast,26.0,91.7,29.75273323059082,18,24
2024-08-10,Northeast,26.0,91.7,28.93604278564453,18,24
2024-08-11,Northeast,26.0,91.7,30.12387466430664,18,24
2024-08-12,Northeast,26.0,91.7,31.381778717041016,18,24
2024-08-13,Northeast,26.0,91.7,33.165000915527344,18,24
2024-08-14,Northeast,26.0,91.7,34.46470642089844,18,24
2024-08-15,Northeast,26.0,91.7,32.46216583251953,18,24
2024-08-16,Northeast,26.0,91.7,32.99787139892578,18,24
2024-08-17,Northeast,26.0,91.7,31.503761291503906,18,24
2024-08-18,Northeast,26.0,91.7,31.828643798828125,18,24
2024-08-19,Northeast,26.0,91.7,29.54117774963379,18,24
2024-08-20,Northeast,26.0,91.7,27.64679718017578,18,24
2024-08-21,Northeast,26.0,91.7,29.397077560424805,18,24
2024-08-22,Northeast,26.0,91.7,31.28234100341797,18,24
2024-08-23,Northeast,26.0,91.7,31.424470901489258,18,24
2024-08-24,Northeast,26.0,91.7,30.907001495361328,18,24
2024-08-25,Northeast,26.0,91.7,31.236330032348633,18,24
2024-08-26,Northeast,26.0,91.7,30.493900299072266,18,24
2024-08-27,Northeast,26.0,91.7,31.89753532409668,18,24
2024-08-28,Northeast,26.0,91.7,32.18967056274414,18,24
2024-08-29,Northeast,26.0,91.7,32.82211685180664,18,24
2024-08-30,Northeast,26.0,91.7,35.003482818603516,18,24
2024-08-31,Northeast,26.0,91.7,31.777240753173828,18,24
2024-09-01,Northeast,26.0,91.7,30.11874771118164,18,24
2024-09-02,Northeast,26.0,91.7,33.97924041748047,18,24
2024-09-03,Northeast,26.0,91.7,32.40747833251953,18,24
2024-09-04,Northeast,26.0,91.7,32.28246307373047,18,24
2024-09-05,Northeast,26.0,91.7,31.83421516418457,18,24
2024-09-06,Northeast,26.0,91.7,34.00593185424805,18,24
2024-09-07,Northeast,26.0,91.7,35.50704574584961,18,24
2024-09-08,Northeast,26.0,91.7,34.44373321533203,18,24
2024-09-09,Northeast,26.0,91.7,33.71507263183594,18,24
2024-09-10,Northeast,26.0,91.7,33.01862335205078,18,24
2024-09-11,Northeast,26.0,91.7,31.845226287841797,18,24
2024-09-12,Northeast,26.0,91.7,33.56121063232422,18,24
2024-09-13,Northeast,26.0,91.7,33.23837661743164,18,24
2024-09-14,Northeast,26.0,91.7,31.25889778137207,18,24
2024-09-15,Northeast,26.0,91.7,29.99715232849121,18,24
2024-09-16,Northeast,26.0,91.7,31.491369247436523,18,24
2024-09-17,Northeast,26.0,91.7,32.19853591918945,18,24
2024-09-18,Northeast,26.0,91.7,34.15670394897461,18,24
2024-09-19,Northeast,26.0,91.7,35.453285217285156,18,24
2024-09-20,Northeast,26.0,91.7,35.46255111694336,18,24
2024-09-21,Northeast,26.0,91.7,35.02806854248047,18,24
2024-09-22,Northeast,26.0,91.7,35.80257034301758,18,24
2024-09-23,Northeast,26.0,91.7,36.417152404785156,18,24
2024-09-24,Northeast,26.0,91.7,31.43594741821289,18,24
2024-09-25,Northeast,26.0,91.7,28.58450698852539,18,24
2024-09-26,Northeast,26.0,91.7,26.072355270385742,18,24
2024-09-27,Northeast,26.0,91.7,27.440702438354492,18,24
2024-09-28,Northeast,26.0,91.7,27.14368438720703,18,24
2024-09-29,Northeast,26.0,91.7,27.632862091064453,18,24
2024-09-30,Northeast,26.0,91.7,29.50554847717285,18,24
2024-10-01,Northeast,26.0,91.7,29.408296585083008,18,24
2024-10-02,Northeast,26.0,91.7,30.46414566040039,18,24
2024-10-03,Northeast,26.0,91.7,26.328033447265625,18,24
2024-10-04,Northeast,26.0,91.7,25.948993682861328,18,24
2024-10-05,Northeast,26.0,91.7,25.515439987182617,18,24
2024-10-06,Northeast,26.0,91.7,27.232315063476562,18,24
2024-10-07,Northeast,26.0,91.7,29.34430694580078,18,24
2024-10-08,Northeast,26.0,91.7,30.18694496154785,18,24
2024-10-09,Northeast,26.0,91.7,29.50156593322754,18,24
2024-10-10,Northeast,26.0,91.7,28.90730857849121,18,24
2024-10-11,Northeast,26.0,91.7,28.900196075439453,18,24
2024-10-12,Northeast,26.0,91.7,29.21058464050293,18,24
2024-10-13,Northeast,26.0,91.7,28.237730026245117,18,24
2024-10-14,Northeast,26.0,91.7,28.349340438842773,18,24
2024-10-15,Northeast,26.0,91.7,27.93977928161621,18,24
2024-10-16,Northeast,26.0,91.7,27.35972023010254,18,24
2024-10-17,Northeast,26.0,91.7,28.56422233581543,18,24
2024-10-18,Northeast,26.0,91.7,27.70162582397461,18,24
2024-10-19,Northeast,26.0,91.7,28.898115158081055,18,24
2024-10-20,Northeast,26.0,91.7,29.030933380126953,18,24
2024-10-21,Northeast,26.0,91.7,30.43108367919922,18,24
2024-10-22,Northeast,26.0,91.7,31.122900009155273,18,24
2024-10-23,Northeast,26.0,91.7,28.593807220458984,18,24
2024-10-24,Northeast,26.0,91.7,25.656665802001953,18,24
2024-10-25,Northeast,26.0,91.7,25.017799377441406,18,24
2024-10-26,Northeast,26.0,91.7,27.09276580810547,18,24
2024-10-27,Northeast,26.0,91.7,30.233591079711914,18,24
2024-10-28,Northeast,26.0,91.7,30.145606994628906,18,24
2024-10-29,Northeast,26.0,91.7,29.603656768798828,18,24
2024-10-30,Northeast,26.0,91.7,29.169029235839844,18,24
2024-10-31,Northeast,26.0,91.7,26.752695083618164,18,24
2024-11-01,Northeast,26.0,91.7,26.162166595458984,18,24
2024-11-02,Northeast,26.0,91.7,28.675439834594727,18,24
2024-11-03,Northeast,26.0,91.7,29.69628143310547,18,24
2024-11-04,Northeast,26.0,91.7,29.415206909179688,18,24
2024-11-05,Northeast,26.0,91.7,29.60396957397461,18,24
2024-11-06,Northeast,26.0,91.7,28.290061950683594,18,24
2024-11-07,Northeast,26.0,91.7,27.57979393005371,18,24
2024-11-08,Northeast,26.0,91.7,27.75905418395996,18,24
2024-11-09,Northeast,26.0,91.7,28.101539611816406,18,24
2024-11-10,Northeast,26.0,91.7,28.436548233032227,18,24
2024-11-11,Northeast,26.0,91.7,28.748538970947266,18,24
2024-11-12,Northeast,26.0,91.7,28.381145477294922,18,24
2024-11-13,Northeast,26.0,91.7,28.099773406982422,18,24
2024-11-14,Northeast,26.0,91.7,28.30966567993164,18,24
2024-11-15,Northeast,26.0,91.7,27.667621612548828,18,24
2024-11-16,Northeast,26.0,91.7,28.195798873901367,18,24
2024-11-17,Northeast,26.0,91.7,28.181835174560547,18,24
2024-11-18,Northeast,26.0,91.7,27.87142562866211,18,24
2024-11-19,Northeast,26.0,91.7,28.846271514892578,18,24
2024-11-20,Northeast,26.0,91.7,27.123937606811523,18,24
2024-11-21,Northeast,26.0,91.7,27.00597381591797,18,24
2024-11-22,Northeast,26.0,91.7,26.183042526245117,18,24
2024-11-23,Northeast,26.0,91.7,25.635297775268555,18,24
2024-11-24,Northeast,26.0,91.7,24.143814086914062,18,24
2024-11-25,Northeast,26.0,91.7,24.21247673034668,18,24
2024-11-26,Northeast,26.0,91.7,24.71754264831543,18,24
2024-11-27,Northeast,26.0,91.7,25.484207153320312,18,24
2024-11-28,Northeast,26.0,91.7,25.85407829284668,18,24
2024-11-29,Northeast,26.0,91.7,26.776081085205078,18,24
2024-11-30,Northeast,26.0,91.7,27.311511993408203,18,24
2024-12-01,Northeast,26.0,91.7,25.790346145629883,18,24
2024-12-02,Northeast,26.0,91.7,25.458179473876953,18,24
2024-12-03,Northeast,26.0,91.7,25.517589569091797,18,24
2024-12-04,Northeast,26.0,91.7,25.494413375854492,18,24
2024-12-05,Northeast,26.0,91.7,23.334041595458984,18,24
2024-12-06,Northeast,26.0,91.7,22.538415908813477,18,24
2024-12-07,Northeast,26.0,91.7,22.94759750366211,18,24
2024-12-08,Northeast,26.0,91.7,23.721168518066406,18,24
2024-12-09,Northeast,26.0,91.7,23.57722282409668,18,24
2024-12-10,Northeast,26.0,91.7,22.02008056640625,18,24
2024-12-11,Northeast,26.0,91.7,21.96973419189453,18,24
2024-12-12,Northeast,26.0,91.7,23.138427734375,18,24
2024-12-13,Northeast,26.0,91.7,23.977590560913086,18,24
2024-12-14,Northeast,26.0,91.7,24.213308334350586,18,24
2024-12-15,Northeast,26.0,91.7,25.6516056060791,18,24
2024-12-16,Northeast,26.0,91.7,26.386058807373047,18,24
2024-12-17,Northeast,26.0,91.7,26.304462432861328,18,24
2024-12-18,Northeast,26.0,91.7,25.639862060546875,18,24
2024-12-19,Northeast,26.0,91.7,26.535446166992188,18,24
2024-12-20,Northeast,26.0,91.7,25.598108291625977,18,24
2024-12-21,Northeast,26.0,91.7,23.843547821044922,18,24
2024-12-22,Northeast,26.0,91.7,24.1041259765625,18,24
2024-12-23,Northeast,26.0,91.7,24.660003662109375,18,24
2024-12-24,Northeast,26.0,91.7,24.675180435180664,18,24
2024-12-25,Northeast,26.0,91.7,24.441953659057617,18,24
2024-12-26,Northeast,26.0,91.7,25.4678897857666,18,24
2024-12-27,Northeast,26.0,91.7,24.67876625061035,18,24
2024-12-28,Northeast,26.0,91.7,24.592998504638672,18,24
2024-12-29,Northeast,26.0,91.7,25.206470489501953,18,24
2024-12-30,Northeast,26.0,91.7,23.213708877563477,18,24
2024-12-31,Northeast,26.0,91.7,22.46310043334961,18,24
2024-01-01,Rajasthan Desert,27.0,73.0,19.67632484436035,20,6
2024-01-02,Rajasthan Desert,27.0,73.0,17.269947052001953,20,6
2024-01-03,Rajasthan Desert,27.0,73.0,17.330076217651367,20,6
2024-01-04,Rajasthan Desert,27.0,73.0,17.08919334411621,20,6
2024-01-05,Rajasthan Desert,27.0,73.0,17.86981773376465,20,6
2024-01-06,Rajasthan Desert,27.0,73.0,18.028133392333984,20,6
2024-01-07,Rajasthan Desert,27.0,73.0,17.755146026611328,20,6
2024-01-08,Rajasthan Desert,27.0,73.0,17.790212631225586,20,6
2024-01-09,Rajasthan Desert,27.0,73.0,17.776500701904297,20,6
2024-01-10,Rajasthan Desert,27.0,73.0,19.57686996459961,20,6
2024-01-11,Rajasthan Desert,27.0,73.0,23.471908569335938,20,6
2024-01-12,Rajasthan Desert,27.0,73.0,24.599613189697266,20,6
2024-01-13,Rajasthan Desert,27.0,73.0,24.9373779296875,20,6
2024-01-14,Rajasthan Desert,27.0,73.0,23.06538963317871,20,6
2024-01-15,Rajasthan Desert,27.0,73.0,23.604520797729492,20,6
2024-01-16,Rajasthan Desert,27.0,73.0,24.317031860351562,20,6
2024-01-17,Rajasthan Desert,27.0,73.0,19.822114944458008,20,6
2024-01-18,Rajasthan Desert,27.0,73.0,20.102693557739258,20,6
2024-01-19,Rajasthan Desert,27.0,73.0,22.03706169128418,20,6
2024-01-20,Rajasthan Desert,27.0,73.0,20.735858917236328,20,6
2024-01-21,Rajasthan Desert,27.0,73.0,20.970815658569336,20,6
2024-01-22,Rajasthan Desert,27.0,73.0,22.768192291259766,20,6
2024-01-23,Rajasthan Desert,27.0,73.0,20.441787719726562,20,6
2024-01-24,Rajasthan Desert,27.0,73.0,20.752201080322266,20,6
2024-01-25,Rajasthan Desert,27.0,73.0,23.100086212158203,20,6
2024-01-26,Rajasthan Desert,27.0,73.0,23.050779342651367,20,6
2024-01-27,Rajasthan Desert,27.0,73.0,25.85906219482422,20,6
2024-01-28,Rajasthan Desert,27.0,73.0,25.30056381225586,20,6
2024-01-29,Rajasthan Desert,27.0,73.0,24.772560119628906,20,6
2024-01-30,Rajasthan Desert,27.0,73.0,23.563596725463867,20,6
2024-01-31,Rajasthan Desert,27.0,73.0,24.87148094177246,20,6
2024-02-01,Rajasthan Desert,27.0,73.0,25.964555740356445,20,6
2024-02-02,Rajasthan Desert,27.0,73.0,25.32233238220215,20,6
2024-02-03,Rajasthan Desert,27.0,73.0,24.041643142700195,20,6
2024-02-04,Rajasthan Desert,27.0,73.0,22.282669067382812,20,6
2024-02-05,Rajasthan Desert,27.0,73.0,22.084558486938477,20,6
2024-02-06,Rajasthan Desert,27.0,73.0,23.371849060058594,20,6
2024-02-07,Rajasthan Desert,27.0,73.0,22.423954010009766,20,6
2024-02-08,Rajasthan Desert,27.0,73.0,24.139745712280273,20,6
2024-02-09,Rajasthan Desert,27.0,73.0,26.069019317626953,20,6
2024-02-10,Rajasthan Desert,27.0,73.0,25.859949111938477,20,6
2024-02-11,Rajasthan Desert,27.0,73.0,24.957813262939453,20,6
2024-02-12,Rajasthan Desert,27.0,73.0,24.076581954956055,20,6
2024-02-13,Rajasthan Desert,27.0,73.0,24.585979461669922,20,6
2024-02-14,Rajasthan Desert,27.0,73.0,24.927547454833984,20,6
2024-02-15,Rajasthan Desert,27.0,73.0,27.443214416503906,20,6
2024-02-16,Rajasthan Desert,27.0,73.0,28.554513931274414,20,6
2024-02-17,Rajasthan Desert,27.0,73.0,30.326919555664062,20,6
2024-02-18,Rajasthan Desert,27.0,73.0,30.930400848388672,20,6
2024-02-19,Rajasthan Desert,27.0,73.0,30.54198455810547,20,6
2024-02-20,Rajasthan Desert,27.0,73.0,28.426010131835938,20,6
2024-02-21,Rajasthan Desert,27.0,73.0,27.694091796875,20,6
2024-02-22,Rajasthan Desert,27.0,73.0,26.853792190551758,20,6
2024-02-23,Rajasthan Desert,27.0,73.0,26.562786102294922,20,6
2024-02-24,Rajasthan Desert,27.0,73.0,26.601266860961914,20,6
2024-02-25,Rajasthan Desert,27.0,73.0,26.608402252197266,20,6
2024-02-26,Rajasthan Desert,27.0,73.0,25.682594299316406,20,6
2024-02-27,Rajasthan Desert,27.0,73.0,25.82594871520996,20,6
2024-02-28,Rajasthan Desert,27.0,73.0,27.65060806274414,20,6
2024-02-29,Rajasthan Desert,27.0,73.0,30.317045211791992,20,6
2024-03-01,Rajasthan Desert,27.0,73.0,30.048643112182617,20,6
2024-03-02,Rajasthan Desert,27.0,73.0,27.324005126953125,20,6
2024-03-03,Rajasthan Desert,27.0,73.0,23.990524291992188,20,6
2024-03-04,Rajasthan Desert,27.0,73.0,24.050376892089844,20,6
2024-03-05,Rajasthan Desert,27.0,73.0,24.352731704711914,20,6
2024-03-06,Rajasthan Desert,27.0,73.0,25.838958740234375,20,6
2024-03-07,Rajasthan Desert,27.0,73.0,28.828065872192383,20,6
2024-03-08,Rajasthan Desert,27.0,73.0,28.209144592285156,20,6
2024-03-09,Rajasthan Desert,27.0,73.0,28.94135284423828,20,6
2024-03-10,Rajasthan Desert,27.0,73.0,30.240705490112305,20,6
2024-03-11,Rajasthan Desert,27.0,73.0,32.650123596191406,20,6
2024-03-12,Rajasthan Desert,27.0,73.0,32.10288619995117,20,6
2024-03-13,Rajasthan Desert,27.0,73.0,31.352895736694336,20,6
2024-03-14,Rajasthan Desert,27.0,73.0,31.08596420288086,20,6
2024-03-15,Rajasthan Desert,27.0,73.0,30.8472900390625,20,6
2024-03-16,Rajasthan Desert,27.0,73.0,31.574508666992188,20,6
2024-03-17,Rajasthan Desert,27.0,73.0,31.832355499267578,20,6
2024-03-18,Rajasthan Desert,27.0,73.0,32.888710021972656,20,6
2024-03-19,Rajasthan Desert,27.0,73.0,33.96391677856445,20,6
2024-03-20,Rajasthan Desert,27.0,73.0,34.348228454589844,20,6
2024-03-21,Rajasthan Desert,27.0,73.0,35.938514709472656,20,6
2024-03-22,Rajasthan Desert,27.0,73.0,37.0562858581543,20,6
2024-03-23,Rajasthan Desert,27.0,73.0,36.90841293334961,20,6
2024-03-24,Rajasthan Desert,27.0,73.0,34.113433837890625,20,6
2024-03-25,Rajasthan Desert,27.0,73.0,36.10609436035156,20,6
2024-03-26,Rajasthan Desert,27.0,73.0,38.03355026245117,20,6
2024-03-27,Rajasthan Desert,27.0,73.0,38.81101608276367,20,6
2024-03-28,Rajasthan Desert,27.0,73.0,37.74467468261719,20,6
2024-03-29,Rajasthan Desert,27.0,73.0,37.30845642089844,20,6
2024-03-30,Rajasthan Desert,27.0,73.0,35.69773864746094,20,6
2024-03-31,Rajasthan Desert,27.0,73.0,34.669219970703125,20,6
2024-04-01,Rajasthan Desert,27.0,73.0,33.70321273803711,20,6
2024-04-02,Rajasthan Desert,27.0,73.0,35.85918426513672,20,6
2024-04-03,Rajasthan Desert,27.0,73.0,36.34450149536133,20,6
2024-04-04,Rajasthan Desert,27.0,73.0,36.74079132080078,20,6
2024-04-05,Rajasthan Desert,27.0,73.0,35.063446044921875,20,6
2024-04-06,Rajasthan Desert,27.0,73.0,36.462371826171875,20,6
2024-04-07,Rajasthan Desert,27.0,73.0,37.71078872680664,20,6
2024-04-08,Rajasthan Desert,27.0,73.0,38.562984466552734,20,6
2024-04-09,Rajasthan Desert,27.0,73.0,39.50609588623047,20,6
2024-04-10,Rajasthan Desert,27.0,73.0,39.88241958618164,20,6
2024-04-11,Rajasthan Desert,27.0,73.0,39.34183120727539,20,6
2024-04-12,Rajasthan Desert,27.0,73.0,38.702449798583984,20,6
2024-04-13,Rajasthan Desert,27.0,73.0,35.6062126159668,20,6
2024-04-14,Rajasthan Desert,27.0,73.0,33.736331939697266,20,6
2024-04-15,Rajasthan Desert,27.0,73.0,34.972686767578125,20,6
2024-04-16,Rajasthan Desert,27.0,73.0,35.79414749145508,20,6
2024-04-17,Rajasthan Desert,27.0,73.0,36.63720703125,20,6
2024-04-18,Rajasthan Desert,27.0,73.0,37.83299255371094,20,6
2024-04-19,Rajasthan Desert,27.0,73.0,36.8150520324707,20,6
2024-04-20,Rajasthan Desert,27.0,73.0,35.614776611328125,20,6
2024-04-21,Rajasthan Desert,27.0,73.0,36.46384048461914,20,6
2024-04-22,Rajasthan Desert,27.0,73.0,37.25859069824219,20,6
2024-04-23,Rajasthan Desert,27.0,73.0,38.278656005859375,20,6
2024-04-24,Rajasthan Desert,27.0,73.0,38.78079605102539,20,6
2024-04-25,Rajasthan Desert,27.0,73.0,40.00822830200195,20,6
2024-04-26,Rajasthan Desert,27.0,73.0,39.49491882324219,20,6
2024-04-27,Rajasthan Desert,27.0,73.0,37.188533782958984,20,6
2024-04-28,Rajasthan Desert,27.0,73.0,38.594482421875,20,6
2024-04-29,Rajasthan Desert,27.0,73.0,37.024600982666016,20,6
2024-04-30,Rajasthan Desert,27.0,73.0,37.122337341308594,20,6
2024-05-01,Rajasthan Desert,27.0,73.0,34.6384391784668,20,6
2024-05-02,Rajasthan Desert,27.0,73.0,36.87681198120117,20,6
2024-05-03,Rajasthan Desert,27.0,73.0,39.211082458496094,20,6
2024-05-04,Rajasthan Desert,27.0,73.0,40.362213134765625,20,6
2024-05-05,Rajasthan Desert,27.0,73.0,40.76050567626953,20,6
2024-05-06,Rajasthan Desert,27.0,73.0,41.99772644042969,20,6
2024-05-07,Rajasthan Desert,27.0,73.0,43.419898986816406,20,6
2024-05-08,Rajasthan Desert,27.0,73.0,44.249900817871094,20,6
2024-05-09,Rajasthan Desert,27.0,73.0,43.91797637939453,20,6
2024-05-10,Rajasthan Desert,27.0,73.0,43.752437591552734,20,6
2024-05-11,Rajasthan Desert,27.0,73.0,41.082763671875,20,6
2024-05-12,Rajasthan Desert,27.0,73.0,40.7841682434082,20,6
2024-05-13,Rajasthan Desert,27.0,73.0,41.905757904052734,20,6
2024-05-14,Rajasthan Desert,27.0,73.0,41.31843948364258,20,6
2024-05-15,Rajasthan Desert,27.0,73.0,42.640892028808594,20,6
2024-05-16,Rajasthan Desert,27.0,73.0,44.36452102661133,20,6
2024-05-17,Rajasthan Desert,27.0,73.0,44.65815353393555,20,6
2024-05-18,Rajasthan Desert,27.0,73.0,44.788997650146484,20,6
2024-05-19,Rajasthan Desert,27.0,73.0,44.93315887451172,20,6
2024-05-20,Rajasthan Desert,27.0,73.0,44.471439361572266,20,6
2024-05-21,Rajasthan Desert,27.0,73.0,45.12445068359375,20,6
2024-05-22,Rajasthan Desert,27.0,73.0,45.958282470703125,20,6
2024-05-23,Rajasthan Desert,27.0,73.0,45.72391891479492,20,6
2024-05-24,Rajasthan Desert,27.0,73.0,45.34767532348633,20,6
2024-05-25,Rajasthan Desert,27.0,73.0,46.308956146240234,20,6
2024-05-26,Rajasthan Desert,27.0,73.0,47.10649108886719,20,6
2024-05-27,Rajasthan Desert,27.0,73.0,47.3812141418457,20,6
2024-05-28,Rajasthan Desert,27.0,73.0,46.44095230102539,20,6
2024-05-29,Rajasthan Desert,27.0,73.0,45.66525650024414,20,6
2024-05-30,Rajasthan Desert,27.0,73.0,45.51321792602539,20,6
2024-05-31,Rajasthan Desert,27.0,73.0,44.98873519897461,20,6
2024-06-01,Rajasthan Desert,27.0,73.0,42.99489974975586,20,6
2024-06-02,Rajasthan Desert,27.0,73.0,42.42988204956055,20,6
2024-06-03,Rajasthan Desert,27.0,73.0,43.35360336303711,20,6
2024-06-04,Rajasthan Desert,27.0,73.0,43.56422424316406,20,6
2024-06-05,Rajasthan Desert,27.0,73.0,42.31583786010742,20,6
2024-06-06,Rajasthan Desert,27.0,73.0,41.28604507446289,20,6
2024-06-07,Rajasthan Desert,27.0,73.0,41.87241744995117,20,6
2024-06-08,Rajasthan Desert,27.0,73.0,40.776981353759766,20,6
2024-06-09,Rajasthan Desert,27.0,73.0,42.019775390625,20,6
2024-06-10,Rajasthan Desert,27.0,73.0,42.99330520629883,20,6
2024-06-11,Rajasthan Desert,27.0,73.0,43.737003326416016,20,6
2024-06-12,Rajasthan Desert,27.0,73.0,43.74188995361328,20,6
2024-06-13,Rajasthan Desert,27.0,73.0,43.01034927368164,20,6
2024-06-14,Rajasthan Desert,27.0,73.0,42.08679962158203,20,6
2024-06-15,Rajasthan Desert,27.0,73.0,42.93829345703125,20,6
2024-06-16,Rajasthan Desert,27.0,73.0,43.662376403808594,20,6
2024-06-17,Rajasthan Desert,27.0,73.0,43.92230987548828,20,6
2024-06-18,Rajasthan Desert,27.0,73.0,43.055824279785156,20,6
2024-06-19,Rajasthan Desert,27.0,73.0,42.29902648925781,20,6
2024-06-20,Rajasthan Desert,27.0,73.0,40.84746551513672,20,6
2024-06-21,Rajasthan Desert,27.0,73.0,36.842166900634766,20,6
2024-06-22,Rajasthan Desert,27.0,73.0,39.30962371826172,20,6
2024-06-23,Rajasthan Desert,27.0,73.0,41.24545669555664,20,6
2024-06-24,Rajasthan Desert,27.0,73.0,41.748451232910156,20,6
2024-06-25,Rajasthan Desert,27.0,73.0,40.50434112548828,20,6
2024-06-26,Rajasthan Desert,27.0,73.0,40.000152587890625,20,6
2024-06-27,Rajasthan Desert,27.0,73.0,36.847389221191406,20,6
2024-06-28,Rajasthan Desert,27.0,73.0,35.594783782958984,20,6
2024-06-29,Rajasthan Desert,27.0,73.0,36.18052673339844,20,6
2024-06-30,Rajasthan Desert,27.0,73.0,38.629581451416016,20,6
2024-07-01,Rajasthan Desert,27.0,73.0,37.840763092041016,20,6
2024-07-02,Rajasthan Desert,27.0,73.0,37.947898864746094,20,6
2024-07-03,Rajasthan Desert,27.0,73.0,39.68855285644531,20,6
2024-07-04,Rajasthan Desert,27.0,73.0,34.84158706665039,20,6
2024-07-05,Rajasthan Desert,27.0,73.0,36.449256896972656,20,6
2024-07-06,Rajasthan Desert,27.0,73.0,36.17359924316406,20,6
2024-07-07,Rajasthan Desert,27.0,73.0,34.45439910888672,20,6
2024-07-08,Rajasthan Desert,27.0,73.0,35.959964752197266,20,6
2024-07-09,Rajasthan Desert,27.0,73.0,37.90787887573242,20,6
2024-07-10,Rajasthan Desert,27.0,73.0,39.48037338256836,20,6
2024-07-11,Rajasthan Desert,27.0,73.0,40.07490539550781,20,6
2024-07-12,Rajasthan Desert,27.0,73.0,36.78140640258789,20,6
2024-07-13,Rajasthan Desert,27.0,73.0,35.363189697265625,20,6
2024-07-14,Rajasthan Desert,27.0,73.0,37.64859390258789,20,6
2024-07-15,Rajasthan Desert,27.0,73.0,38.068748474121094,20,6
2024-07-16,Rajasthan Desert,27.0,73.0,38.0474853515625,20,6
2024-07-17,Rajasthan Desert,27.0,73.0,39.67947006225586,20,6
2024-07-18,Rajasthan Desert,27.0,73.0,39.22550964355469,20,6
2024-07-19,Rajasthan Desert,27.0,73.0,38.226139068603516,20,6
2024-07-20,Rajasthan Desert,27.0,73.0,38.52368927001953,20,6
2024-07-21,Rajasthan Desert,27.0,73.0,38.971378326416016,20,6
2024-07-22,Rajasthan Desert,27.0,73.0,38.83395004272461,20,6
2024-07-23,Rajasthan Desert,27.0,73.0,36.6915397644043,20,6
2024-07-24,Rajasthan Desert,27.0,73.0,35.11621856689453,20,6
2024-07-25,Rajasthan Desert,27.0,73.0,35.21780776977539,20,6
2024-07-26,Rajasthan Desert,27.0,73.0,36.08716583251953,20,6
2024-07-27,Rajasthan Desert,27.0,73.0,36.79240417480469,20,6
2024-07-28,Rajasthan Desert,27.0,73.0,36.83590316772461,20,6
2024-07-29,Rajasthan Desert,27.0,73.0,37.31258010864258,20,6
2024-07-30,Rajasthan Desert,27.0,73.0,38.03907775878906,20,6
2024-07-31,Rajasthan Desert,27.0,73.0,36.89628219604492,20,6
2024-08-01,Rajasthan Desert,27.0,73.0,29.184776306152344,20,6
2024-08-02,Rajasthan Desert,27.0,73.0,30.15593147277832,20,6
2024-08-03,Rajasthan Desert,27.0,73.0,31.596405029296875,20,6
2024-08-04,Rajasthan Desert,27.0,73.0,33.240169525146484,20,6
2024-08-05,Rajasthan Desert,27.0,73.0,30.042020797729492,20,6
2024-08-06,Rajasthan Desert,27.0,73.0,29.123600006103516,20,6
2024-08-07,Rajasthan Desert,27.0,73.0,29.692270278930664,20,6
2024-08-08,Rajasthan Desert,27.0,73.0,29.834491729736328,20,6
2024-08-09,Rajasthan Desert,27.0,73.0,31.840681076049805,20,6
2024-08-10,Rajasthan Desert,27.0,73.0,31.582656860351562,20,6
2024-08-11,Rajasthan Desert,27.0,73.0,31.881656646728516,20,6
2024-08-12,Rajasthan Desert,27.0,73.0,32.51487350463867,20,6
2024-08-13,Rajasthan Desert,27.0,73.0,32.73927688598633,20,6
2024-08-14,Rajasthan Desert,27.0,73.0,32.87844467163086,20,6
2024-08-15,Rajasthan Desert,27.0,73.0,31.48000144958496,20,6
2024-08-16,Rajasthan Desert,27.0,73.0,29.71497917175293,20,6
2024-08-17,Rajasthan Desert,27.0,73.0,31.757768630981445,20,6
2024-08-18,Rajasthan Desert,27.0,73.0,33.48713684082031,20,6
2024-08-19,Rajasthan Desert,27.0,73.0,34.268497467041016,20,6
2024-08-20,Rajasthan Desert,27.0,73.0,34.973819732666016,20,6
2024-08-21,Rajasthan Desert,27.0,73.0,34.62759017944336,20,6
2024-08-22,Rajasthan Desert,27.0,73.0,34.04043197631836,20,6
2024-08-23,Rajasthan Desert,27.0,73.0,33.97722244262695,20,6
2024-08-24,Rajasthan Desert,27.0,73.0,34.52906036376953,20,6
2024-08-25,Rajasthan Desert,27.0,73.0,33.32122039794922,20,6
2024-08-26,Rajasthan Desert,27.0,73.0,32.46461868286133,20,6
2024-08-27,Rajasthan Desert,27.0,73.0,31.132373809814453,20,6
2024-08-28,Rajasthan Desert,27.0,73.0,31.91612434387207,20,6
2024-08-29,Rajasthan Desert,27.0,73.0,31.944026947021484,20,6
2024-08-30,Rajasthan Desert,27.0,73.0,33.08081817626953,20,6
2024-08-31,Rajasthan Desert,27.0,73.0,34.2299690246582,20,6
2024-09-01,Rajasthan Desert,27.0,73.0,34.838863372802734,20,6
2024-09-02,Rajasthan Desert,27.0,73.0,34.63169860839844,20,6
2024-09-03,Rajasthan Desert,27.0,73.0,33.19980239868164,20,6
2024-09-04,Rajasthan Desert,27.0,73.0,30.365022659301758,20,6
2024-09-05,Rajasthan Desert,27.0,73.0,32.8775749206543,20,6
2024-09-06,Rajasthan Desert,27.0,73.0,32.519134521484375,20,6
2024-09-07,Rajasthan Desert,27.0,73.0,32.69532012939453,20,6
2024-09-08,Rajasthan Desert,27.0,73.0,33.524879455566406,20,6
2024-09-09,Rajasthan Desert,27.0,73.0,35.139034271240234,20,6
2024-09-10,Rajasthan Desert,27.0,73.0,34.39876174926758,20,6
2024-09-11,Rajasthan Desert,27.0,73.0,33.560184478759766,20,6
2024-09-12,Rajasthan Desert,27.0,73.0,34.47216033935547,20,6
2024-09-13,Rajasthan Desert,27.0,73.0,33.30274963378906,20,6
2024-09-14,Rajasthan Desert,27.0,73.0,32.784461975097656,20,6
2024-09-15,Rajasthan Desert,27.0,73.0,33.42365646362305,20,6
2024-09-16,Rajasthan Desert,27.0,73.0,34.23847579956055,20,6
2024-09-17,Rajasthan Desert,27.0,73.0,34.597801208496094,20,6
2024-09-18,Rajasthan Desert,27.0,73.0,34.52576446533203,20,6
2024-09-19,Rajasthan Desert,27.0,73.0,31.33249855041504,20,6
2024-09-20,Rajasthan Desert,27.0,73.0,33.67892074584961,20,6
2024-09-21,Rajasthan Desert,27.0,73.0,35.40943908691406,20,6
2024-09-22,Rajasthan Desert,27.0,73.0,36.91011047363281,20,6
2024-09-23,Rajasthan Desert,27.0,73.0,37.56084442138672,20,6
2024-09-24,Rajasthan Desert,27.0,73.0,37.406192779541016,20,6
2024-09-25,Rajasthan Desert,27.0,73.0,38.14601516723633,20,6
2024-09-26,Rajasthan Desert,27.0,73.0,37.18876266479492,20,6
2024-09-27,Rajasthan Desert,27.0,73.0,35.96764373779297,20,6
2024-09-28,Rajasthan Desert,27.0,73.0,35.80342483520508,20,6
2024-09-29,Rajasthan Desert,27.0,73.0,36.106224060058594,20,6
2024-09-30,Rajasthan Desert,27.0,73.0,36.92312240600586,20,6
2024-10-01,Rajasthan Desert,27.0,73.0,37.805885314941406,20,6
2024-10-02,Rajasthan Desert,27.0,73.0,38.43461227416992,20,6
2024-10-03,Rajasthan Desert,27.0,73.0,37.8448486328125,20,6
2024-10-04,Rajasthan Desert,27.0,73.0,36.48661804199219,20,6
2024-10-05,Rajasthan Desert,27.0,73.0,36.315208435058594,20,6
2024-10-06,Rajasthan Desert,27.0,73.0,35.79994201660156,20,6
2024-10-07,Rajasthan Desert,27.0,73.0,36.685997009277344,20,6
2024-10-08,Rajasthan Desert,27.0,73.0,36.67018508911133,20,6
2024-10-09,Rajasthan Desert,27.0,73.0,36.28426742553711,20,6
2024-10-10,Rajasthan Desert,27.0,73.0,35.47401428222656,20,6
2024-10-11,Rajasthan Desert,27.0,73.0,35.90626907348633,20,6
2024-10-12,Rajasthan Desert,27.0,73.0,36.32879638671875,20,6
2024-10-13,Rajasthan Desert,27.0,73.0,33.953617095947266,20,6
2024-10-14,Rajasthan Desert,27.0,73.0,35.223045349121094,20,6
2024-10-15,Rajasthan Desert,27.0,73.0,36.359230041503906,20,6
2024-10-16,Rajasthan Desert,27.0,73.0,37.192665100097656,20,6
2024-10-17,Rajasthan Desert,27.0,73.0,37.108917236328125,20,6
2024-10-18,Rajasthan Desert,27.0,73.0,37.889259338378906,20,6
2024-10-19,Rajasthan Desert,27.0,73.0,37.650299072265625,20,6
2024-10-20,Rajasthan Desert,27.0,73.0,37.42368698120117,20,6
2024-10-21,Rajasthan Desert,27.0,73.0,36.184783935546875,20,6
2024-10-22,Rajasthan Desert,27.0,73.0,34.83184051513672,20,6
2024-10-23,Rajasthan Desert,27.0,73.0,35.3418083190918,20,6
2024-10-24,Rajasthan Desert,27.0,73.0,35.22629165649414,20,6
2024-10-25,Rajasthan Desert,27.0,73.0,35.87274932861328,20,6
2024-10-26,Rajasthan Desert,27.0,73.0,36.98661804199219,20,6
2024-10-27,Rajasthan Desert,27.0,73.0,37.84123992919922,20,6
2024-10-28,Rajasthan Desert,27.0,73.0,38.17123794555664,20,6
2024-10-29,Rajasthan Desert,27.0,73.0,38.252662658691406,20,6
2024-10-30,Rajasthan Desert,27.0,73.0,37.419803619384766,20,6
2024-10-31,Rajasthan Desert,27.0,73.0,35.917598724365234,20,6
2024-11-01,Rajasthan Desert,27.0,73.0,35.6976318359375,20,6
2024-11-02,Rajasthan Desert,27.0,73.0,36.06929397583008,20,6
2024-11-03,Rajasthan Desert,27.0,73.0,35.66596603393555,20,6
2024-11-04,Rajasthan Desert,27.0,73.0,35.50666046142578,20,6
2024-11-05,Rajasthan Desert,27.0,73.0,35.248085021972656,20,6
2024-11-06,Rajasthan Desert,27.0,73.0,35.16387939453125,20,6
2024-11-07,Rajasthan Desert,27.0,73.0,35.21240997314453,20,6
2024-11-08,Rajasthan Desert,27.0,73.0,35.6746940612793,20,6
2024-11-09,Rajasthan Desert,27.0,73.0,34.971458435058594,20,6
2024-11-10,Rajasthan Desert,27.0,73.0,33.895538330078125,20,6
2024-11-11,Rajasthan Desert,27.0,73.0,33.8442497253418,20,6
2024-11-12,Rajasthan Desert,27.0,73.0,32.57891082763672,20,6
2024-11-13,Rajasthan Desert,27.0,73.0,31.905000686645508,20,6
2024-11-14,Rajasthan Desert,27.0,73.0,32.4747314453125,20,6
2024-11-15,Rajasthan Desert,27.0,73.0,31.843643188476562,20,6
2024-11-16,Rajasthan Desert,27.0,73.0,30.886043548583984,20,6
2024-11-17,Rajasthan Desert,27.0,73.0,27.638643264770508,20,6
2024-11-18,Rajasthan Desert,27.0,73.0,28.702909469604492,20,6
2024-11-19,Rajasthan Desert,27.0,73.0,28.57813835144043,20,6
2024-11-20,Rajasthan Desert,27.0,73.0,28.507293701171875,20,6
2024-11-21,Rajasthan Desert,27.0,73.0,28.964336395263672,20,6
2024-11-22,Rajasthan Desert,27.0,73.0,30.27040672302246,20,6
2024-11-23,Rajasthan Desert,27.0,73.0,30.382659912109375,20,6
2024-11-24,Rajasthan Desert,27.0,73.0,29.996017456054688,20,6
2024-11-25,Rajasthan Desert,27.0,73.0,29.36193084716797,20,6
2024-11-26,Rajasthan Desert,27.0,73.0,29.443349838256836,20,6
2024-11-27,Rajasthan Desert,27.0,73.0,29.701772689819336,20,6
2024-11-28,Rajasthan Desert,27.0,73.0,29.87460708618164,20,6
2024-11-29,Rajasthan Desert,27.0,73.0,28.67510986328125,20,6
2024-11-30,Rajasthan Desert,27.0,73.0,27.35782241821289,20,6
2024-12-01,Rajasthan Desert,27.0,73.0,27.65044593811035,20,6
2024-12-02,Rajasthan Desert,27.0,73.0,28.234346389770508,20,6
2024-12-03,Rajasthan Desert,27.0,73.0,28.050399780273438,20,6
2024-12-04,Rajasthan Desert,27.0,73.0,27.48290252685547,20,6
2024-12-05,Rajasthan Desert,27.0,73.0,27.488168716430664,20,6
2024-12-06,Rajasthan Desert,27.0,73.0,27.195762634277344,20,6
2024-12-07,Rajasthan Desert,27.0,73.0,27.15007781982422,20,6
2024-12-08,Rajasthan Desert,27.0,73.0,25.440446853637695,20,6
2024-12-09,Rajasthan Desert,27.0,73.0,22.012117385864258,20,6
2024-12-10,Rajasthan Desert,27.0,73.0,22.733051300048828,20,6
2024-12-11,Rajasthan Desert,27.0,73.0,24.21381378173828,20,6
2024-12-12,Rajasthan Desert,27.0,73.0,23.564897537231445,20,6
2024-12-13,Rajasthan Desert,27.0,73.0,23.306716918945312,20,6
2024-12-14,Rajasthan Desert,27.0,73.0,24.754501342773438,20,6
2024-12-15,Rajasthan Desert,27.0,73.0,26.152761459350586,20,6
2024-12-16,Rajasthan Desert,27.0,73.0,25.407821655273438,20,6
2024-12-17,Rajasthan Desert,27.0,73.0,23.974700927734375,20,6
2024-12-18,Rajasthan Desert,27.0,73.0,23.039474487304688,20,6
2024-12-19,Rajasthan Desert,27.0,73.0,22.945863723754883,20,6
2024-12-20,Rajasthan Desert,27.0,73.0,22.259632110595703,20,6
2024-12-21,Rajasthan Desert,27.0,73.0,23.62531089782715,20,6
2024-12-22,Rajasthan Desert,27.0,73.0,24.817537307739258,20,6
2024-12-23,Rajasthan Desert,27.0,73.0,21.026823043823242,20,6
2024-12-24,Rajasthan Desert,27.0,73.0,20.64221954345703,20,6
2024-12-25,Rajasthan Desert,27.0,73.0,21.077003479003906,20,6
2024-12-26,Rajasthan Desert,27.0,73.0,21.53959846496582,20,6
2024-12-27,Rajasthan Desert,27.0,73.0,18.79572296142578,20,6
2024-12-28,Rajasthan Desert,27.0,73.0,20.039710998535156,20,6
2024-12-29,Rajasthan Desert,27.0,73.0,18.570018768310547,20,6
2024-12-30,Rajasthan Desert,27.0,73.0,19.93156623840332,20,6
2024-12-31,Rajasthan Desert,27.0,73.0,19.103519439697266,20,6
