date,region,latitude,longitude,tmin_c,grid_row,grid_col
2024-01-01,Central India,22.0,79.0,12.769930839538574,14,12
2024-01-02,Central India,22.0,79.0,12.59477424621582,14,12
2024-01-03,Central India,22.0,79.0,12.975885391235352,14,12
2024-01-04,Central India,22.0,79.0,14.527961730957031,14,12
2024-01-05,Central India,22.0,79.0,14.010171890258789,14,12
2024-01-06,Central India,22.0,79.0,15.643421173095703,14,12
2024-01-07,Central India,22.0,79.0,14.963733673095703,14,12
2024-01-08,Central India,22.0,79.0,14.6392240524292,14,12
2024-01-09,Central India,22.0,79.0,15.925517082214355,14,12
2024-01-10,Central India,22.0,79.0,16.20148468017578,14,12
2024-01-11,Central India,22.0,79.0,14.838851928710938,14,12
2024-01-12,Central India,22.0,79.0,14.222799301147461,14,12
2024-01-13,Central India,22.0,79.0,13.43455696105957,14,12
2024-01-14,Central India,22.0,79.0,13.80262565612793,14,12
2024-01-15,Central India,22.0,79.0,11.579509735107422,14,12
2024-01-16,Central India,22.0,79.0,10.195713996887207,14,12
2024-01-17,Central India,22.0,79.0,11.6495943069458,14,12
2024-01-18,Central India,22.0,79.0,13.602584838867188,14,12
2024-01-19,Central India,22.0,79.0,12.102195739746094,14,12
2024-01-20,Central India,22.0,79.0,13.07949161529541,14,12
2024-01-21,Central India,22.0,79.0,11.281257629394531,14,12
2024-01-22,Central India,22.0,79.0,10.50637435913086,14,12
2024-01-23,Central India,22.0,79.0,13.718711853027344,14,12
2024-01-24,Central India,22.0,79.0,10.277878761291504,14,12
2024-01-25,Central India,22.0,79.0,7.161304473876953,14,12
2024-01-26,Central India,22.0,79.0,8.727500915527344,14,12
2024-01-27,Central India,22.0,79.0,9.35142993927002,14,12
2024-01-28,Central India,22.0,79.0,11.003808975219727,14,12
2024-01-29,Central India,22.0,79.0,12.585524559020996,14,12
2024-01-30,Central India,22.0,79.0,12.825200080871582,14,12
2024-01-31,Central India,22.0,79.0,13.78026294708252,14,12
2024-02-01,Central India,22.0,79.0,14.446401596069336,14,12
2024-02-02,Central India,22.0,79.0,14.497790336608887,14,12
2024-02-03,Central India,22.0,79.0,12.816333770751953,14,12
2024-02-04,Central India,22.0,79.0,13.074824333190918,14,12
2024-02-05,Central India,22.0,79.0,15.234973907470703,14,12
2024-02-06,Central India,22.0,79.0,15.813669204711914,14,12
2024-02-07,Central India,22.0,79.0,14.853317260742188,14,12
2024-02-08,Central India,22.0,79.0,12.694570541381836,14,12
2024-02-09,Central India,22.0,79.0,10.725656509399414,14,12
2024-02-10,Central India,22.0,79.0,12.563130378723145,14,12
2024-02-11,Central India,22.0,79.0,15.499427795410156,14,12
2024-02-12,Central India,22.0,79.0,16.988584518432617,14,12
2024-02-13,Central India,22.0,79.0,17.2850341796875,14,12
2024-02-14,Central India,22.0,79.0,15.667786598205566,14,12
2024-02-15,Central India,22.0,79.0,15.887716293334961,14,12
2024-02-16,Central India,22.0,79.0,15.779584884643555,14,12
2024-02-17,Central India,22.0,79.0,15.691802024841309,14,12
2024-02-18,Central India,22.0,79.0,17.590837478637695,14,12
2024-02-19,Central India,22.0,79.0,18.320558547973633,14,12
2024-02-20,Central India,22.0,79.0,17.01353645324707,14,12
2024-02-21,Central India,22.0,79.0,16.524795532226562,14,12
2024-02-22,Central India,22.0,79.0,15.886704444885254,14,12
2024-02-23,Central India,22.0,79.0,14.712885856628418,14,12
2024-02-24,Central India,22.0,79.0,13.290233612060547,14,12
2024-02-25,Central India,22.0,79.0,13.399514198303223,14,12
2024-02-26,Central India,22.0,79.0,16.465919494628906,14,12
2024-02-27,Central India,22.0,79.0,18.285280227661133,14,12
2024-02-28,Central India,22.0,79.0,16.720415115356445,14,12
2024-02-29,Central India,22.0,79.0,13.417596817016602,14,12
2024-03-01,Central India,22.0,79.0,17.38872718811035,14,12
2024-03-02,Central India,22.0,79.0,18.582164764404297,14,12
2024-03-03,Central India,22.0,79.0,18.050689697265625,14,12
2024-03-04,Central India,22.0,79.0,16.098743438720703,14,12
2024-03-05,Central India,22.0,79.0,13.641732215881348,14,12
2024-03-06,Central India,22.0,79.0,14.694769859313965,14,12
2024-03-07,Central India,22.0,79.0,15.124078750610352,14,12
2024-03-08,Central India,22.0,79.0,15.276033401489258,14,12
2024-03-09,Central India,22.0,79.0,15.361388206481934,14,12
2024-03-10,Central India,22.0,79.0,15.994223594665527,14,12
2024-03-11,Central India,22.0,79.0,17.439302444458008,14,12
2024-03-12,Central India,22.0,79.0,17.57653045654297,14,12
2024-03-13,Central India,22.0,79.0,18.076213836669922,14,12
2024-03-14,Central India,22.0,79.0,17.092927932739258,14,12
2024-03-15,Central India,22.0,79.0,16.387826919555664,14,12
2024-03-16,Central India,22.0,79.0,18.719655990600586,14,12
2024-03-17,Central India,22.0,79.0,18.999631881713867,14,12
2024-03-18,Central India,22.0,79.0,19.004148483276367,14,12
2024-03-19,Central India,22.0,79.0,18.31256103515625,14,12
2024-03-20,Central India,22.0,79.0,15.282766342163086,14,12
2024-03-21,Central India,22.0,79.0,16.015085220336914,14,12
2024-03-22,Central India,22.0,79.0,17.2111873626709,14,12
2024-03-23,Central India,22.0,79.0,18.343326568603516,14,12
2024-03-24,Central India,22.0,79.0,19.288209915161133,14,12
2024-03-25,Central India,22.0,79.0,20.340621948242188,14,12
2024-03-26,Central India,22.0,79.0,20.01669692993164,14,12
2024-03-27,Central India,22.0,79.0,21.568561553955078,14,12
2024-03-28,Central India,22.0,79.0,22.56689453125,14,12
2024-03-29,Central India,22.0,79.0,23.327383041381836,14,12
2024-03-30,Central India,22.0,79.0,23.136568069458008,14,12
2024-03-31,Central India,22.0,79.0,22.73507308959961,14,12
2024-04-01,Central India,22.0,79.0,22.018068313598633,14,12
2024-04-02,Central India,22.0,79.0,20.10060691833496,14,12
2024-04-03,Central India,22.0,79.0,21.816030502319336,14,12
2024-04-04,Central India,22.0,79.0,23.304611206054688,14,12
2024-04-05,Central India,22.0,79.0,22.27764129638672,14,12
2024-04-06,Central India,22.0,79.0,23.249738693237305,14,12
2024-04-07,Central India,22.0,79.0,23.648822784423828,14,12
2024-04-08,Central India,22.0,79.0,20.762393951416016,14,12
2024-04-09,Central India,22.0,79.0,20.629413604736328,14,12
2024-04-10,Central India,22.0,79.0,20.01957130432129,14,12
2024-04-11,Central India,22.0,79.0,19.145280838012695,14,12
2024-04-12,Central India,22.0,79.0,20.636186599731445,14,12
2024-04-13,Central India,22.0,79.0,19.683019638061523,14,12
2024-04-14,Central India,22.0,79.0,20.657136917114258,14,12
2024-04-15,Central India,22.0,79.0,22.44573211669922,14,12
2024-04-16,Central India,22.0,79.0,22.95224952697754,14,12
2024-04-17,Central India,22.0,79.0,22.2305908203125,14,12
2024-04-18,Central India,22.0,79.0,21.939992904663086,14,12
2024-04-19,Central India,22.0,79.0,22.600431442260742,14,12
2024-04-20,Central India,22.0,79.0,24.312755584716797,14,12
2024-04-21,Central India,22.0,79.0,24.153331756591797,14,12
2024-04-22,Central India,22.0,79.0,23.429039001464844,14,12
2024-04-23,Central India,22.0,79.0,23.10072898864746,14,12
2024-04-24,Central India,22.0,79.0,22.001314163208008,14,12
2024-04-25,Central India,22.0,79.0,22.46847152709961,14,12
2024-04-26,Central India,22.0,79.0,23.16007423400879,14,12
2024-04-27,Central India,22.0,79.0,23.238431930541992,14,12
2024-04-28,Central India,22.0,79.0,23.629287719726562,14,12
2024-04-29,Central India,22.0,79.0,23.44399070739746,14,12
2024-04-30,Central India,22.0,79.0,25.38936996459961,14,12
2024-05-01,Central India,22.0,79.0,23.496477127075195,14,12
2024-05-02,Central India,22.0,79.0,21.600746154785156,14,12
2024-05-03,Central India,22.0,79.0,21.02556800842285,14,12
2024-05-04,Central India,22.0,79.0,21.251972198486328,14,12
2024-05-05,Central India,22.0,79.0,23.61739730834961,14,12
2024-05-06,Central India,22.0,79.0,25.400972366333008,14,12
2024-05-07,Central India,22.0,79.0,24.66831398010254,14,12
2024-05-08,Central India,22.0,79.0,22.961265563964844,14,12
2024-05-09,Central India,22.0,79.0,24.2528076171875,14,12
2024-05-10,Central India,22.0,79.0,23.114639282226562,14,12
2024-05-11,Central India,22.0,79.0,24.709075927734375,14,12
2024-05-12,Central India,22.0,79.0,24.654151916503906,14,12
2024-05-13,Central India,22.0,79.0,22.93408966064453,14,12
2024-05-14,Central India,22.0,79.0,23.617128372192383,14,12
2024-05-15,Central India,22.0,79.0,22.562814712524414,14,12
2024-05-16,Central India,22.0,79.0,23.92881965637207,14,12
2024-05-17,Central India,22.0,79.0,23.943117141723633,14,12
2024-05-18,Central India,22.0,79.0,24.06855010986328,14,12
2024-05-19,Central India,22.0,79.0,25.721893310546875,14,12
2024-05-20,Central India,22.0,79.0,24.7215518951416,14,12
2024-05-21,Central India,22.0,79.0,25.270973205566406,14,12
2024-05-22,Central India,22.0,79.0,26.94519805908203,14,12
2024-05-23,Central India,22.0,79.0,25.877954483032227,14,12
2024-05-24,Central India,22.0,79.0,26.726318359375,14,12
2024-05-25,Central India,22.0,79.0,27.14147186279297,14,12
2024-05-26,Central India,22.0,79.0,27.488624572753906,14,12
2024-05-27,Central India,22.0,79.0,27.744796752929688,14,12
2024-05-28,Central India,22.0,79.0,28.163177490234375,14,12
2024-05-29,Central India,22.0,79.0,29.0662899017334,14,12
2024-05-30,Central India,22.0,79.0,27.89568519592285,14,12
2024-05-31,Central India,22.0,79.0,29.1232967376709,14,12
2024-06-01,Central India,22.0,79.0,28.40169334411621,14,12
2024-06-02,Central India,22.0,79.0,28.10370635986328,14,12
2024-06-03,Central India,22.0,79.0,26.728883743286133,14,12
2024-06-04,Central India,22.0,79.0,26.479154586791992,14,12
2024-06-05,Central India,22.0,79.0,26.552562713623047,14,12
2024-06-06,Central India,22.0,79.0,27.410627365112305,14,12
2024-06-07,Central India,22.0,79.0,27.0701961517334,14,12
2024-06-08,Central India,22.0,79.0,27.720041275024414,14,12
2024-06-09,Central India,22.0,79.0,27.043798446655273,14,12
2024-06-10,Central India,22.0,79.0,25.995576858520508,14,12
2024-06-11,Central India,22.0,79.0,26.34900665283203,14,12
2024-06-12,Central India,22.0,79.0,25.04767417907715,14,12
2024-06-13,Central India,22.0,79.0,25.92930030822754,14,12
2024-06-14,Central India,22.0,79.0,27.252302169799805,14,12
2024-06-15,Central India,22.0,79.0,25.120325088500977,14,12
2024-06-16,Central India,22.0,79.0,26.732778549194336,14,12
2024-06-17,Central India,22.0,79.0,26.762042999267578,14,12
2024-06-18,Central India,22.0,79.0,25.94137954711914,14,12
2024-06-19,Central India,22.0,79.0,24.59709358215332,14,12
2024-06-20,Central India,22.0,79.0,25.34696388244629,14,12
2024-06-21,Central India,22.0,79.0,23.800212860107422,14,12
2024-06-22,Central India,22.0,79.0,23.59526824951172,14,12
2024-06-23,Central India,22.0,79.0,24.285282135009766,14,12
2024-06-24,Central India,22.0,79.0,24.49599266052246,14,12
2024-06-25,Central India,22.0,79.0,25.549209594726562,14,12
2024-06-26,Central India,22.0,79.0,26.00452995300293,14,12
2024-06-27,Central India,22.0,79.0,25.43232536315918,14,12
2024-06-28,Central India,22.0,79.0,24.74991798400879,14,12
2024-06-29,Central India,22.0,79.0,24.317394256591797,14,12
2024-06-30,Central India,22.0,79.0,23.228914260864258,14,12
2024-07-01,Central India,22.0,79.0,23.196407318115234,14,12
2024-07-02,Central India,22.0,79.0,23.254541397094727,14,12
2024-07-03,Central India,22.0,79.0,23.332866668701172,14,12
2024-07-04,Central India,22.0,79.0,24.29197120666504,14,12
2024-07-05,Central India,22.0,79.0,23.60672950744629,14,12
2024-07-06,Central India,22.0,79.0,23.955503463745117,14,12
2024-07-07,Central India,22.0,79.0,24.065927505493164,14,12
2024-07-08,Central India,22.0,79.0,23.788381576538086,14,12
2024-07-09,Central India,22.0,79.0,23.186717987060547,14,12
2024-07-10,Central India,22.0,79.0,24.100482940673828,14,12
2024-07-11,Central India,22.0,79.0,24.70108413696289,14,12
2024-07-12,Central India,22.0,79.0,23.539228439331055,14,12
2024-07-13,Central India,22.0,79.0,23.409990310668945,14,12
2024-07-14,Central India,22.0,79.0,23.880647659301758,14,12
2024-07-15,Central India,22.0,79.0,23.573604583740234,14,12
2024-07-16,Central India,22.0,79.0,24.503936767578125,14,12
2024-07-17,Central India,22.0,79.0,24.021215438842773,14,12
2024-07-18,Central India,22.0,79.0,23.55739402770996,14,12
2024-07-19,Central India,22.0,79.0,22.929475784301758,14,12
2024-07-20,Central India,22.0,79.0,23.578750610351562,14,12
2024-07-21,Central India,22.0,79.0,23.380664825439453,14,12
2024-07-22,Central India,22.0,79.0,23.116716384887695,14,12
2024-07-23,Central India,22.0,79.0,23.13031768798828,14,12
2024-07-24,Central India,22.0,79.0,22.57865333557129,14,12
2024-07-25,Central India,22.0,79.0,22.638355255126953,14,12
2024-07-26,Central India,22.0,79.0,23.141571044921875,14,12
2024-07-27,Central India,22.0,79.0,23.423744201660156,14,12
2024-07-28,Central India,22.0,79.0,23.037059783935547,14,12
2024-07-29,Central India,22.0,79.0,23.059831619262695,14,12
2024-07-30,Central India,22.0,79.0,23.54633140563965,14,12
2024-07-31,Central India,22.0,79.0,23.52289581298828,14,12
2024-08-01,Central India,22.0,79.0,23.27444839477539,14,12
2024-08-02,Central India,22.0,79.0,23.10871124267578,14,12
2024-08-03,Central India,22.0,79.0,22.372947692871094,14,12
2024-08-04,Central India,22.0,79.0,22.6158447265625,14,12
2024-08-05,Central India,22.0,79.0,23.164796829223633,14,12
2024-08-06,Central India,22.0,79.0,23.515871047973633,14,12
2024-08-07,Central India,22.0,79.0,23.70574951171875,14,12
2024-08-08,Central India,22.0,79.0,23.131683349609375,14,12
2024-08-09,Central India,22.0,79.0,22.767215728759766,14,12
2024-08-10,Central India,22.0,79.0,22.879154205322266,14,12
2024-08-11,Central India,22.0,79.0,23.10997772216797,14,12
2024-08-12,Central India,22.0,79.0,23.223234176635742,14,12
2024-08-13,Central India,22.0,79.0,23.208370208740234,14,12
2024-08-14,Central India,22.0,79.0,24.509639739990234,14,12
2024-08-15,Central India,22.0,79.0,24.14839744567871,14,12
2024-08-16,Central India,22.0,79.0,24.03619384765625,14,12
2024-08-17,Central India,22.0,79.0,24.26430892944336,14,12
2024-08-18,Central India,22.0,79.0,24.341320037841797,14,12
2024-08-19,Central India,22.0,79.0,24.054489135742188,14,12
2024-08-20,Central India,22.0,79.0,23.114349365234375,14,12
2024-08-21,Central India,22.0,79.0,24.050344467163086,14,12
2024-08-22,Central India,22.0,79.0,24.904373168945312,14,12
2024-08-23,Central India,22.0,79.0,23.24094009399414,14,12
2024-08-24,Central India,22.0,79.0,23.234758377075195,14,12
2024-08-25,Central India,22.0,79.0,22.754711151123047,14,12
2024-08-26,Central India,22.0,79.0,23.023635864257812,14,12
2024-08-27,Central India,22.0,79.0,22.813961029052734,14,12
2024-08-28,Central India,22.0,79.0,23.50025177001953,14,12
2024-08-29,Central India,22.0,79.0,23.5668888092041,14,12
2024-08-30,Central India,22.0,79.0,23.538658142089844,14,12
2024-08-31,Central India,22.0,79.0,23.68129539489746,14,12
2024-09-01,Central India,22.0,79.0,23.97040367126465,14,12
2024-09-02,Central India,22.0,79.0,23.829010009765625,14,12
2024-09-03,Central India,22.0,79.0,23.759262084960938,14,12
2024-09-04,Central India,22.0,79.0,23.935651779174805,14,12
2024-09-05,Central India,22.0,79.0,23.775264739990234,14,12
2024-09-06,Central India,22.0,79.0,23.833871841430664,14,12
2024-09-07,Central India,22.0,79.0,23.700246810913086,14,12
2024-09-08,Central India,22.0,79.0,23.712677001953125,14,12
2024-09-09,Central India,22.0,79.0,24.001619338989258,14,12
2024-09-10,Central India,22.0,79.0,24.06663703918457,14,12
2024-09-11,Central India,22.0,79.0,22.885892868041992,14,12
2024-09-12,Central India,22.0,79.0,23.32294273376465,14,12
2024-09-13,Central India,22.0,79.0,22.729902267456055,14,12
2024-09-14,Central India,22.0,79.0,22.3140926361084,14,12
2024-09-15,Central India,22.0,79.0,21.660869598388672,14,12
2024-09-16,Central India,22.0,79.0,22.576066970825195,14,12
2024-09-17,Central India,22.0,79.0,22.687240600585938,14,12
2024-09-18,Central India,22.0,79.0,21.885927200317383,14,12
2024-09-19,Central India,22.0,79.0,22.11284637451172,14,12
2024-09-20,Central India,22.0,79.0,22.999629974365234,14,12
2024-09-21,Central India,22.0,79.0,23.894344329833984,14,12
2024-09-22,Central India,22.0,79.0,23.838470458984375,14,12
2024-09-23,Central India,22.0,79.0,24.068767547607422,14,12
2024-09-24,Central India,22.0,79.0,23.600719451904297,14,12
2024-09-25,Central India,22.0,79.0,23.37862777709961,14,12
2024-09-26,Central India,22.0,79.0,23.51375961303711,14,12
2024-09-27,Central India,22.0,79.0,23.37917137145996,14,12
2024-09-28,Central India,22.0,79.0,23.441253662109375,14,12
2024-09-29,Central India,22.0,79.0,23.56850242614746,14,12
2024-09-30,Central India,22.0,79.0,23.85655403137207,14,12
2024-10-01,Central India,22.0,79.0,23.869979858398438,14,12
2024-10-02,Central India,22.0,79.0,23.902189254760742,14,12
2024-10-03,Central India,22.0,79.0,23.901073455810547,14,12
2024-10-04,Central India,22.0,79.0,23.81319236755371,14,12
2024-10-05,Central India,22.0,79.0,23.34415626525879,14,12
2024-10-06,Central India,22.0,79.0,22.23639678955078,14,12
2024-10-07,Central India,22.0,79.0,21.34435272216797,14,12
2024-10-08,Central India,22.0,79.0,22.751249313354492,14,12
2024-10-09,Central India,22.0,79.0,22.69305419921875,14,12
2024-10-10,Central India,22.0,79.0,22.619285583496094,14,12
2024-10-11,Central India,22.0,79.0,22.152070999145508,14,12
2024-10-12,Central India,22.0,79.0,22.671743392944336,14,12
2024-10-13,Central India,22.0,79.0,23.106279373168945,14,12
2024-10-14,Central India,22.0,79.0,22.43623161315918,14,12
2024-10-15,Central India,22.0,79.0,22.399574279785156,14,12
2024-10-16,Central India,22.0,79.0,22.741472244262695,14,12
2024-10-17,Central India,22.0,79.0,22.581016540527344,14,12
2024-10-18,Central India,22.0,79.0,22.226085662841797,14,12
2024-10-19,Central India,22.0,79.0,21.28011703491211,14,12
2024-10-20,Central India,22.0,79.0,20.964609146118164,14,12
2024-10-21,Central India,22.0,79.0,19.989843368530273,14,12
2024-10-22,Central India,22.0,79.0,20.651348114013672,14,12
2024-10-23,Central India,22.0,79.0,20.004377365112305,14,12
2024-10-24,Central India,22.0,79.0,18.82768440246582,14,12
2024-10-25,Central India,22.0,79.0,19.389970779418945,14,12
2024-10-26,Central India,22.0,79.0,19.603599548339844,14,12
2024-10-27,Central India,22.0,79.0,18.635982513427734,14,12
2024-10-28,Central India,22.0,79.0,19.885047912597656,14,12
2024-10-29,Central India,22.0,79.0,20.637283325195312,14,12
2024-10-30,Central India,22.0,79.0,20.599464416503906,14,12
2024-10-31,Central India,22.0,79.0,20.152929306030273,14,12
2024-11-01,Central India,22.0,79.0,19.201108932495117,14,12
2024-11-02,Central India,22.0,79.0,18.381452560424805,14,12
2024-11-03,Central India,22.0,79.0,18.921207427978516,14,12
2024-11-04,Central India,22.0,79.0,18.101505279541016,14,12
2024-11-05,Central India,22.0,79.0,17.34590721130371,14,12
2024-11-06,Central India,22.0,79.0,17.26940155029297,14,12
2024-11-07,Central India,22.0,79.0,17.445236206054688,14,12
2024-11-08,Central India,22.0,79.0,17.37759780883789,14,12
2024-11-09,Central India,22.0,79.0,18.146991729736328,14,12
2024-11-10,Central India,22.0,79.0,17.580902099609375,14,12
2024-11-11,Central India,22.0,79.0,16.365163803100586,14,12
2024-11-12,Central India,22.0,79.0,15.71785831451416,14,12
2024-11-13,Central India,22.0,79.0,14.507661819458008,14,12
2024-11-14,Central India,22.0,79.0,14.015666007995605,14,12
2024-11-15,Central India,22.0,79.0,14.299019813537598,14,12
2024-11-16,Central India,22.0,79.0,13.963245391845703,14,12
2024-11-17,Central India,22.0,79.0,14.001859664916992,14,12
2024-11-18,Central India,22.0,79.0,13.655509948730469,14,12
2024-11-19,Central India,22.0,79.0,12.656950950622559,14,12
2024-11-20,Central India,22.0,79.0,12.339709281921387,14,12
2024-11-21,Central India,22.0,79.0,12.548242568969727,14,12
2024-11-22,Central India,22.0,79.0,12.25380802154541,14,12
2024-11-23,Central India,22.0,79.0,11.907774925231934,14,12
2024-11-24,Central India,22.0,79.0,11.87774658203125,14,12
2024-11-25,Central India,22.0,79.0,11.494332313537598,14,12
2024-11-26,Central India,22.0,79.0,11.173364639282227,14,12
2024-11-27,Central India,22.0,79.0,10.239411354064941,14,12
2024-11-28,Central India,22.0,79.0,10.455432891845703,14,12
2024-11-29,Central India,22.0,79.0,10.46261215209961,14,12
2024-11-30,Central India,22.0,79.0,10.453996658325195,14,12
2024-12-01,Central India,22.0,79.0,12.305559158325195,14,12
2024-12-02,Central India,22.0,79.0,13.80387020111084,14,12
2024-12-03,Central India,22.0,79.0,15.495855331420898,14,12
2024-12-04,Central India,22.0,79.0,15.611536979675293,14,12
2024-12-05,Central India,22.0,79.0,15.524393081665039,14,12
2024-12-06,Central India,22.0,79.0,15.364795684814453,14,12
2024-12-07,Central India,22.0,79.0,14.510709762573242,14,12
2024-12-08,Central India,22.0,79.0,14.924086570739746,14,12
2024-12-09,Central India,22.0,79.0,13.039423942565918,14,12
2024-12-10,Central India,22.0,79.0,8.55307388305664,14,12
2024-12-11,Central India,22.0,79.0,7.6860504150390625,14,12
2024-12-12,Central India,22.0,79.0,7.862375736236572,14,12
2024-12-13,Central India,22.0,79.0,7.506755828857422,14,12
2024-12-14,Central India,22.0,79.0,5.985806465148926,14,12
2024-12-15,Central India,22.0,79.0,5.532874584197998,14,12
2024-12-16,Central India,22.0,79.0,6.512157440185547,14,12
2024-12-17,Central India,22.0,79.0,6.319659233093262,14,12
2024-12-18,Central India,22.0,79.0,7.388555526733398,14,12
2024-12-19,Central India,22.0,79.0,8.239864349365234,14,12
2024-12-20,Central India,22.0,79.0,11.410178184509277,14,12
2024-12-21,Central India,22.0,79.0,12.484339714050293,14,12
2024-12-22,Central India,22.0,79.0,10.39655590057373,14,12
2024-12-23,Central India,22.0,79.0,12.080557823181152,14,12
2024-12-24,Central India,22.0,79.0,14.686341285705566,14,12
2024-12-25,Central India,22.0,79.0,15.026132583618164,14,12
2024-12-26,Central India,22.0,79.0,15.219724655151367,14,12
2024-12-27,Central India,22.0,79.0,16.2786865234375,14,12
2024-12-28,Central India,22.0,79.0,18.306827545166016,14,12
2024-12-29,Central India,22.0,79.0,16.366512298583984,14,12
2024-12-30,Central India,22.0,79.0,14.364585876464844,14,12
2024-12-31,Central India,22.0,79.0,11.581548690795898,14,12
2024-01-01,Coastal Odisha,20.5,85.5,15.446147918701172,13,18
2024-01-02,Coastal Odisha,20.5,85.5,14.784353256225586,13,18
2024-01-03,Coastal Odisha,20.5,85.5,14.101822853088379,13,18
2024-01-04,Coastal Odisha,20.5,85.5,14.312553405761719,13,18
2024-01-05,Coastal Odisha,20.5,85.5,15.059065818786621,13,18
2024-01-06,Coastal Odisha,20.5,85.5,15.01923942565918,13,18
2024-01-07,Coastal Odisha,20.5,85.5,15.597265243530273,13,18
2024-01-08,Coastal Odisha,20.5,85.5,16.098941802978516,13,18
2024-01-09,Coastal Odisha,20.5,85.5,16.252168655395508,13,18
2024-01-10,Coastal Odisha,20.5,85.5,16.48821258544922,13,18
2024-01-11,Coastal Odisha,20.5,85.5,18.50330352783203,13,18
2024-01-12,Coastal Odisha,20.5,85.5,16.688636779785156,13,18
2024-01-13,Coastal Odisha,20.5,85.5,14.924943923950195,13,18
2024-01-14,Coastal Odisha,20.5,85.5,15.11020565032959,13,18
2024-01-15,Coastal Odisha,20.5,85.5,15.756807327270508,13,18
2024-01-16,Coastal Odisha,20.5,85.5,16.238004684448242,13,18
2024-01-17,Coastal Odisha,20.5,85.5,17.635906219482422,13,18
2024-01-18,Coastal Odisha,20.5,85.5,18.34221839904785,13,18
2024-01-19,Coastal Odisha,20.5,85.5,17.83340072631836,13,18
2024-01-20,Coastal Odisha,20.5,85.5,17.161462783813477,13,18
2024-01-21,Coastal Odisha,20.5,85.5,18.107866287231445,13,18
2024-01-22,Coastal Odisha,20.5,85.5,16.03356170654297,13,18
2024-01-23,Coastal Odisha,20.5,85.5,15.8932466506958,13,18
2024-01-24,Coastal Odisha,20.5,85.5,16.76842498779297,13,18
2024-01-25,Coastal Odisha,20.5,85.5,15.509186744689941,13,18
2024-01-26,Coastal Odisha,20.5,85.5,13.466631889343262,13,18
2024-01-27,Coastal Odisha,20.5,85.5,13.706796646118164,13,18
2024-01-28,Coastal Odisha,20.5,85.5,13.845233917236328,13,18
2024-01-29,Coastal Odisha,20.5,85.5,14.347149848937988,13,18
2024-01-30,Coastal Odisha,20.5,85.5,16.232812881469727,13,18
2024-01-31,Coastal Odisha,20.5,85.5,17.303159713745117,13,18
2024-02-01,Coastal Odisha,20.5,85.5,19.380165100097656,13,18
2024-02-02,Coastal Odisha,20.5,85.5,19.995941162109375,13,18
2024-02-03,Coastal Odisha,20.5,85.5,18.842710494995117,13,18
2024-02-04,Coastal Odisha,20.5,85.5,17.74004364013672,13,18
2024-02-05,Coastal Odisha,20.5,85.5,18.77409553527832,13,18
2024-02-06,Coastal Odisha,20.5,85.5,20.561182022094727,13,18
2024-02-07,Coastal Odisha,20.5,85.5,20.79938507080078,13,18
2024-02-08,Coastal Odisha,20.5,85.5,19.107816696166992,13,18
2024-02-09,Coastal Odisha,20.5,85.5,15.45693588256836,13,18
2024-02-10,Coastal Odisha,20.5,85.5,14.812515258789062,13,18
2024-02-11,Coastal Odisha,20.5,85.5,16.058313369750977,13,18
2024-02-12,Coastal Odisha,20.5,85.5,18.000762939453125,13,18
2024-02-13,Coastal Odisha,20.5,85.5,18.2429256439209,13,18
2024-02-14,Coastal Odisha,20.5,85.5,18.173622131347656,13,18
2024-02-15,Coastal Odisha,20.5,85.5,18.683795928955078,13,18
2024-02-16,Coastal Odisha,20.5,85.5,18.801307678222656,13,18
2024-02-17,Coastal Odisha,20.5,85.5,19.430004119873047,13,18
2024-02-18,Coastal Odisha,20.5,85.5,20.28156089782715,13,18
2024-02-19,Coastal Odisha,20.5,85.5,21.51898193359375,13,18
2024-02-20,Coastal Odisha,20.5,85.5,21.621938705444336,13,18
2024-02-21,Coastal Odisha,20.5,85.5,21.188213348388672,13,18
2024-02-22,Coastal Odisha,20.5,85.5,21.862060546875,13,18
2024-02-23,Coastal Odisha,20.5,85.5,21.201770782470703,13,18
2024-02-24,Coastal Odisha,20.5,85.5,20.37833023071289,13,18
2024-02-25,Coastal Odisha,20.5,85.5,20.46964454650879,13,18
2024-02-26,Coastal Odisha,20.5,85.5,19.088794708251953,13,18
2024-02-27,Coastal Odisha,20.5,85.5,19.65711212158203,13,18
2024-02-28,Coastal Odisha,20.5,85.5,20.56085968017578,13,18
2024-02-29,Coastal Odisha,20.5,85.5,21.37825584411621,13,18
2024-03-01,Coastal Odisha,20.5,85.5,20.63687515258789,13,18
2024-03-02,Coastal Odisha,20.5,85.5,21.341501235961914,13,18
2024-03-03,Coastal Odisha,20.5,85.5,22.310134887695312,13,18
2024-03-04,Coastal Odisha,20.5,85.5,22.360267639160156,13,18
2024-03-05,Coastal Odisha,20.5,85.5,21.832168579101562,13,18
2024-03-06,Coastal Odisha,20.5,85.5,21.540115356445312,13,18
2024-03-07,Coastal Odisha,20.5,85.5,22.35083770751953,13,18
2024-03-08,Coastal Odisha,20.5,85.5,20.9100341796875,13,18
2024-03-09,Coastal Odisha,20.5,85.5,19.671079635620117,13,18
2024-03-10,Coastal Odisha,20.5,85.5,19.94122886657715,13,18
2024-03-11,Coastal Odisha,20.5,85.5,21.662567138671875,13,18
2024-03-12,Coastal Odisha,20.5,85.5,23.152908325195312,13,18
2024-03-13,Coastal Odisha,20.5,85.5,23.582490921020508,13,18
2024-03-14,Coastal Odisha,20.5,85.5,23.670509338378906,13,18
2024-03-15,Coastal Odisha,20.5,85.5,23.33807373046875,13,18
2024-03-16,Coastal Odisha,20.5,85.5,24.50471305847168,13,18
2024-03-17,Coastal Odisha,20.5,85.5,22.74041175842285,13,18
2024-03-18,Coastal Odisha,20.5,85.5,23.042861938476562,13,18
2024-03-19,Coastal Odisha,20.5,85.5,20.923816680908203,13,18
2024-03-20,Coastal Odisha,20.5,85.5,17.06539535522461,13,18
2024-03-21,Coastal Odisha,20.5,85.5,15.57503890991211,13,18
2024-03-22,Coastal Odisha,20.5,85.5,19.487565994262695,13,18
2024-03-23,Coastal Odisha,20.5,85.5,21.26531410217285,13,18
2024-03-24,Coastal Odisha,20.5,85.5,22.69702911376953,13,18
2024-03-25,Coastal Odisha,20.5,85.5,22.93488121032715,13,18
2024-03-26,Coastal Odisha,20.5,85.5,21.37177276611328,13,18
2024-03-27,Coastal Odisha,20.5,85.5,23.25504493713379,13,18
2024-03-28,Coastal Odisha,20.5,85.5,23.72537612915039,13,18
2024-03-29,Coastal Odisha,20.5,85.5,24.2511043548584,13,18
2024-03-30,Coastal Odisha,20.5,85.5,24.67041778564453,13,18
2024-03-31,Coastal Odisha,20.5,85.5,25.002674102783203,13,18
2024-04-01,Coastal Odisha,20.5,85.5,24.716411590576172,13,18
2024-04-02,Coastal Odisha,20.5,85.5,24.867351531982422,13,18
2024-04-03,Coastal Odisha,20.5,85.5,24.52064323425293,13,18
2024-04-04,Coastal Odisha,20.5,85.5,25.358989715576172,13,18
2024-04-05,Coastal Odisha,20.5,85.5,25.660545349121094,13,18
2024-04-06,Coastal Odisha,20.5,85.5,25.713462829589844,13,18
2024-04-07,Coastal Odisha,20.5,85.5,26.678050994873047,13,18
2024-04-08,Coastal Odisha,20.5,85.5,23.22824478149414,13,18
2024-04-09,Coastal Odisha,20.5,85.5,22.653154373168945,13,18
2024-04-10,Coastal Odisha,20.5,85.5,23.350933074951172,13,18
2024-04-11,Coastal Odisha,20.5,85.5,23.783742904663086,13,18
2024-04-12,Coastal Odisha,20.5,85.5,21.25934410095215,13,18
2024-04-13,Coastal Odisha,20.5,85.5,21.621597290039062,13,18
2024-04-14,Coastal Odisha,20.5,85.5,24.432172775268555,13,18
2024-04-15,Coastal Odisha,20.5,85.5,25.042348861694336,13,18
2024-04-16,Coastal Odisha,20.5,85.5,27.23401641845703,13,18
2024-04-17,Coastal Odisha,20.5,85.5,26.204607009887695,13,18
2024-04-18,Coastal Odisha,20.5,85.5,25.007495880126953,13,18
2024-04-19,Coastal Odisha,20.5,85.5,25.205036163330078,13,18
2024-04-20,Coastal Odisha,20.5,85.5,25.962160110473633,13,18
2024-04-21,Coastal Odisha,20.5,85.5,26.21163558959961,13,18
2024-04-22,Coastal Odisha,20.5,85.5,26.967796325683594,13,18
2024-04-23,Coastal Odisha,20.5,85.5,25.68044090270996,13,18
2024-04-24,Coastal Odisha,20.5,85.5,25.843860626220703,13,18
2024-04-25,Coastal Odisha,20.5,85.5,25.02922821044922,13,18
2024-04-26,Coastal Odisha,20.5,85.5,26.52031135559082,13,18
2024-04-27,Coastal Odisha,20.5,85.5,26.24898338317871,13,18
2024-04-28,Coastal Odisha,20.5,85.5,26.001224517822266,13,18
2024-04-29,Coastal Odisha,20.5,85.5,25.399452209472656,13,18
2024-04-30,Coastal Odisha,20.5,85.5,26.49432373046875,13,18
2024-05-01,Coastal Odisha,20.5,85.5,27.47268295288086,13,18
2024-05-02,Coastal Odisha,20.5,85.5,25.96010971069336,13,18
2024-05-03,Coastal Odisha,20.5,85.5,25.368732452392578,13,18
2024-05-04,Coastal Odisha,20.5,85.5,25.65972328186035,13,18
2024-05-05,Coastal Odisha,20.5,85.5,26.082624435424805,13,18
2024-05-06,Coastal Odisha,20.5,85.5,28.01450538635254,13,18
2024-05-07,Coastal Odisha,20.5,85.5,24.42374038696289,13,18
2024-05-08,Coastal Odisha,20.5,85.5,23.74934196472168,13,18
2024-05-09,Coastal Odisha,20.5,85.5,23.520248413085938,13,18
2024-05-10,Coastal Odisha,20.5,85.5,23.323375701904297,13,18
2024-05-11,Coastal Odisha,20.5,85.5,24.93299674987793,13,18
2024-05-12,Coastal Odisha,20.5,85.5,22.33818244934082,13,18
2024-05-13,Coastal Odisha,20.5,85.5,23.414043426513672,13,18
2024-05-14,Coastal Odisha,20.5,85.5,23.883440017700195,13,18
2024-05-15,Coastal Odisha,20.5,85.5,25.16712188720703,13,18
2024-05-16,Coastal Odisha,20.5,85.5,26.800498962402344,13,18
2024-05-17,Coastal Odisha,20.5,85.5,27.192590713500977,13,18
2024-05-18,Coastal Odisha,20.5,85.5,26.821969985961914,13,18
2024-05-19,Coastal Odisha,20.5,85.5,26.608646392822266,13,18
2024-05-20,Coastal Odisha,20.5,85.5,26.78648567199707,13,18
2024-05-21,Coastal Odisha,20.5,85.5,24.559236526489258,13,18
2024-05-22,Coastal Odisha,20.5,85.5,27.039730072021484,13,18
2024-05-23,Coastal Odisha,20.5,85.5,26.312149047851562,13,18
2024-05-24,Coastal Odisha,20.5,85.5,26.391393661499023,13,18
2024-05-25,Coastal Odisha,20.5,85.5,26.396448135375977,13,18
2024-05-26,Coastal Odisha,20.5,85.5,26.894407272338867,13,18
2024-05-27,Coastal Odisha,20.5,85.5,26.714813232421875,13,18
2024-05-28,Coastal Odisha,20.5,85.5,28.455810546875,13,18
2024-05-29,Coastal Odisha,20.5,85.5,29.678192138671875,13,18
2024-05-30,Coastal Odisha,20.5,85.5,29.334270477294922,13,18
2024-05-31,Coastal Odisha,20.5,85.5,28.946395874023438,13,18
2024-06-01,Coastal Odisha,20.5,85.5,26.516477584838867,13,18
2024-06-02,Coastal Odisha,20.5,85.5,26.453882217407227,13,18
2024-06-03,Coastal Odisha,20.5,85.5,23.886072158813477,13,18
2024-06-04,Coastal Odisha,20.5,85.5,25.81035041809082,13,18
2024-06-05,Coastal Odisha,20.5,85.5,24.79149627685547,13,18
2024-06-06,Coastal Odisha,20.5,85.5,26.37273406982422,13,18
2024-06-07,Coastal Odisha,20.5,85.5,26.64089584350586,13,18
2024-06-08,Coastal Odisha,20.5,85.5,25.852354049682617,13,18
2024-06-09,Coastal Odisha,20.5,85.5,26.865467071533203,13,18
2024-06-10,Coastal Odisha,20.5,85.5,28.20975112915039,13,18
2024-06-11,Coastal Odisha,20.5,85.5,27.61817741394043,13,18
2024-06-12,Coastal Odisha,20.5,85.5,27.396221160888672,13,18
2024-06-13,Coastal Odisha,20.5,85.5,28.25881576538086,13,18
2024-06-14,Coastal Odisha,20.5,85.5,26.803665161132812,13,18
2024-06-15,Coastal Odisha,20.5,85.5,27.973295211791992,13,18
2024-06-16,Coastal Odisha,20.5,85.5,25.318058013916016,13,18
2024-06-17,Coastal Odisha,20.5,85.5,27.82195281982422,13,18
2024-06-18,Coastal Odisha,20.5,85.5,28.06816864013672,13,18
2024-06-19,Coastal Odisha,20.5,85.5,27.311975479125977,13,18
2024-06-20,Coastal Odisha,20.5,85.5,27.17099380493164,13,18
2024-06-21,Coastal Odisha,20.5,85.5,25.369707107543945,13,18
2024-06-22,Coastal Odisha,20.5,85.5,25.36368751525879,13,18
2024-06-23,Coastal Odisha,20.5,85.5,25.908809661865234,13,18
2024-06-24,Coastal Odisha,20.5,85.5,25.976713180541992,13,18
2024-06-25,Coastal Odisha,20.5,85.5,26.99587631225586,13,18
2024-06-26,Coastal Odisha,20.5,85.5,26.27166748046875,13,18
2024-06-27,Coastal Odisha,20.5,85.5,25.924283981323242,13,18
2024-06-28,Coastal Odisha,20.5,85.5,25.98719024658203,13,18
2024-06-29,Coastal Odisha,20.5,85.5,26.119638442993164,13,18
2024-06-30,Coastal Odisha,20.5,85.5,25.320106506347656,13,18
2024-07-01,Coastal Odisha,20.5,85.5,25.990034103393555,13,18
2024-07-02,Coastal Odisha,20.5,85.5,25.59626007080078,13,18
2024-07-03,Coastal Odisha,20.5,85.5,25.51403045654297,13,18
2024-07-04,Coastal Odisha,20.5,85.5,25.74393081665039,13,18
2024-07-05,Coastal Odisha,20.5,85.5,24.631122589111328,13,18
2024-07-06,Coastal Odisha,20.5,85.5,25.33370018005371,13,18
2024-07-07,Coastal Odisha,20.5,85.5,25.478090286254883,13,18
2024-07-08,Coastal Odisha,20.5,85.5,25.3580379486084,13,18
2024-07-09,Coastal Odisha,20.5,85.5,25.851009368896484,13,18
2024-07-10,Coastal Odisha,20.5,85.5,26.354015350341797,13,18
2024-07-11,Coastal Odisha,20.5,85.5,27.16715431213379,13,18
2024-07-12,Coastal Odisha,20.5,85.5,26.584579467773438,13,18
2024-07-13,Coastal Odisha,20.5,85.5,25.436866760253906,13,18
2024-07-14,Coastal Odisha,20.5,85.5,25.355131149291992,13,18
2024-07-15,Coastal Odisha,20.5,85.5,25.03401756286621,13,18
2024-07-16,Coastal Odisha,20.5,85.5,25.967220306396484,13,18
2024-07-17,Coastal Odisha,20.5,85.5,26.099668502807617,13,18
2024-07-18,Coastal Odisha,20.5,85.5,26.03089141845703,13,18
2024-07-19,Coastal Odisha,20.5,85.5,26.00815200805664,13,18
2024-07-20,Coastal Odisha,20.5,85.5,25.518033981323242,13,18
2024-07-21,Coastal Odisha,20.5,85.5,25.69414710998535,13,18
2024-07-22,Coastal Odisha,20.5,85.5,25.260663986206055,13,18
2024-07-23,Coastal Odisha,20.5,85.5,25.05221176147461,13,18
2024-07-24,Coastal Odisha,20.5,85.5,25.052040100097656,13,18
2024-07-25,Coastal Odisha,20.5,85.5,24.603330612182617,13,18
2024-07-26,Coastal Odisha,20.5,85.5,25.103145599365234,13,18
2024-07-27,Coastal Odisha,20.5,85.5,25.199678421020508,13,18
2024-07-28,Coastal Odisha,20.5,85.5,25.39271354675293,13,18
2024-07-29,Coastal Odisha,20.5,85.5,25.610897064208984,13,18
2024-07-30,Coastal Odisha,20.5,85.5,25.53759002685547,13,18
2024-07-31,Coastal Odisha,20.5,85.5,26.518695831298828,13,18
2024-08-01,Coastal Odisha,20.5,85.5,25.172948837280273,13,18
2024-08-02,Coastal Odisha,20.5,85.5,24.847314834594727,13,18
2024-08-03,Coastal Odisha,20.5,85.5,24.31934928894043,13,18
2024-08-04,Coastal Odisha,20.5,85.5,24.950559616088867,13,18
2024-08-05,Coastal Odisha,20.5,85.5,24.949254989624023,13,18
2024-08-06,Coastal Odisha,20.5,85.5,25.024951934814453,13,18
2024-08-07,Coastal Odisha,20.5,85.5,24.103256225585938,13,18
2024-08-08,Coastal Odisha,20.5,85.5,24.55108642578125,13,18
2024-08-09,Coastal Odisha,20.5,85.5,25.212997436523438,13,18
2024-08-10,Coastal Odisha,20.5,85.5,25.631328582763672,13,18
2024-08-11,Coastal Odisha,20.5,85.5,25.52600860595703,13,18
2024-08-12,Coastal Odisha,20.5,85.5,25.449792861938477,13,18
2024-08-13,Coastal Odisha,20.5,85.5,26.172819137573242,13,18
2024-08-14,Coastal Odisha,20.5,85.5,25.360681533813477,13,18
2024-08-15,Coastal Odisha,20.5,85.5,25.70088768005371,13,18
2024-08-16,Coastal Odisha,20.5,85.5,24.481163024902344,13,18
2024-08-17,Coastal Odisha,20.5,85.5,24.800474166870117,13,18
2024-08-18,Coastal Odisha,20.5,85.5,25.731924057006836,13,18
2024-08-19,Coastal Odisha,20.5,85.5,24.903942108154297,13,18
2024-08-20,Coastal Odisha,20.5,85.5,25.068252563476562,13,18
2024-08-21,Coastal Odisha,20.5,85.5,25.825334548950195,13,18
2024-08-22,Coastal Odisha,20.5,85.5,25.006288528442383,13,18
2024-08-23,Coastal Odisha,20.5,85.5,24.830509185791016,13,18
2024-08-24,Coastal Odisha,20.5,85.5,24.527048110961914,13,18
2024-08-25,Coastal Odisha,20.5,85.5,24.485109329223633,13,18
2024-08-26,Coastal Odisha,20.5,85.5,24.84839630126953,13,18
2024-08-27,Coastal Odisha,20.5,85.5,24.47283935546875,13,18
2024-08-28,Coastal Odisha,20.5,85.5,24.74510955810547,13,18
2024-08-29,Coastal Odisha,20.5,85.5,24.20627784729004,13,18
2024-08-30,Coastal Odisha,20.5,85.5,24.757492065429688,13,18
2024-08-31,Coastal Odisha,20.5,85.5,25.000783920288086,13,18
2024-09-01,Coastal Odisha,20.5,85.5,25.351730346679688,13,18
2024-09-02,Coastal Odisha,20.5,85.5,25.38639259338379,13,18
2024-09-03,Coastal Odisha,20.5,85.5,25.39043426513672,13,18
2024-09-04,Coastal Odisha,20.5,85.5,25.380544662475586,13,18
2024-09-05,Coastal Odisha,20.5,85.5,25.76774024963379,13,18
2024-09-06,Coastal Odisha,20.5,85.5,25.565004348754883,13,18
2024-09-07,Coastal Odisha,20.5,85.5,25.525394439697266,13,18
2024-09-08,Coastal Odisha,20.5,85.5,25.240631103515625,13,18
2024-09-09,Coastal Odisha,20.5,85.5,25.096105575561523,13,18
2024-09-10,Coastal Odisha,20.5,85.5,24.99559211730957,13,18
2024-09-11,Coastal Odisha,20.5,85.5,25.730892181396484,13,18
2024-09-12,Coastal Odisha,20.5,85.5,25.764209747314453,13,18
2024-09-13,Coastal Odisha,20.5,85.5,25.851810455322266,13,18
2024-09-14,Coastal Odisha,20.5,85.5,24.58525276184082,13,18
2024-09-15,Coastal Odisha,20.5,85.5,23.819185256958008,13,18
2024-09-16,Coastal Odisha,20.5,85.5,23.953960418701172,13,18
2024-09-17,Coastal Odisha,20.5,85.5,23.980424880981445,13,18
2024-09-18,Coastal Odisha,20.5,85.5,24.857040405273438,13,18
2024-09-19,Coastal Odisha,20.5,85.5,24.69924545288086,13,18
2024-09-20,Coastal Odisha,20.5,85.5,25.75204086303711,13,18
2024-09-21,Coastal Odisha,20.5,85.5,25.307661056518555,13,18
2024-09-22,Coastal Odisha,20.5,85.5,25.45941734313965,13,18
2024-09-23,Coastal Odisha,20.5,85.5,25.952896118164062,13,18
2024-09-24,Coastal Odisha,20.5,85.5,24.419702529907227,13,18
2024-09-25,Coastal Odisha,20.5,85.5,24.59380340576172,13,18
2024-09-26,Coastal Odisha,20.5,85.5,24.480388641357422,13,18
2024-09-27,Coastal Odisha,20.5,85.5,24.223548889160156,13,18
2024-09-28,Coastal Odisha,20.5,85.5,24.990890502929688,13,18
2024-09-29,Coastal Odisha,20.5,85.5,25.559484481811523,13,18
2024-09-30,Coastal Odisha,20.5,85.5,25.598600387573242,13,18
2024-10-01,Coastal Odisha,20.5,85.5,26.283607482910156,13,18
2024-10-02,Coastal Odisha,20.5,85.5,26.623302459716797,13,18
2024-10-03,Coastal Odisha,20.5,85.5,25.488773345947266,13,18
2024-10-04,Coastal Odisha,20.5,85.5,25.35784149169922,13,18
2024-10-05,Coastal Odisha,20.5,85.5,24.837650299072266,13,18
2024-10-06,Coastal Odisha,20.5,85.5,25.026769638061523,13,18
2024-10-07,Coastal Odisha,20.5,85.5,24.6511287689209,13,18
2024-10-08,Coastal Odisha,20.5,85.5,24.96404457092285,13,18
2024-10-09,Coastal Odisha,20.5,85.5,24.86516761779785,13,18
2024-10-10,Coastal Odisha,20.5,85.5,24.498598098754883,13,18
2024-10-11,Coastal Odisha,20.5,85.5,25.018625259399414,13,18
2024-10-12,Coastal Odisha,20.5,85.5,25.244361877441406,13,18
2024-10-13,Coastal Odisha,20.5,85.5,24.891529083251953,13,18
2024-10-14,Coastal Odisha,20.5,85.5,24.602149963378906,13,18
2024-10-15,Coastal Odisha,20.5,85.5,24.847612380981445,13,18
2024-10-16,Coastal Odisha,20.5,85.5,25.329423904418945,13,18
2024-10-17,Coastal Odisha,20.5,85.5,25.213163375854492,13,18
2024-10-18,Coastal Odisha,20.5,85.5,24.960119247436523,13,18
2024-10-19,Coastal Odisha,20.5,85.5,25.17256736755371,13,18
2024-10-20,Coastal Odisha,20.5,85.5,23.711803436279297,13,18
2024-10-21,Coastal Odisha,20.5,85.5,23.589466094970703,13,18
2024-10-22,Coastal Odisha,20.5,85.5,22.847246170043945,13,18
2024-10-23,Coastal Odisha,20.5,85.5,22.366201400756836,13,18
2024-10-24,Coastal Odisha,20.5,85.5,23.146059036254883,13,18
2024-10-25,Coastal Odisha,20.5,85.5,23.15241813659668,13,18
2024-10-26,Coastal Odisha,20.5,85.5,23.14004898071289,13,18
2024-10-27,Coastal Odisha,20.5,85.5,23.675132751464844,13,18
2024-10-28,Coastal Odisha,20.5,85.5,24.02651023864746,13,18
2024-10-29,Coastal Odisha,20.5,85.5,24.384702682495117,13,18
2024-10-30,Coastal Odisha,20.5,85.5,24.831188201904297,13,18
2024-10-31,Coastal Odisha,20.5,85.5,24.420047760009766,13,18
2024-11-01,Coastal Odisha,20.5,85.5,24.218961715698242,13,18
2024-11-02,Coastal Odisha,20.5,85.5,22.97833251953125,13,18
2024-11-03,Coastal Odisha,20.5,85.5,21.820903778076172,13,18
2024-11-04,Coastal Odisha,20.5,85.5,21.133846282958984,13,18
2024-11-05,Coastal Odisha,20.5,85.5,20.316444396972656,13,18
2024-11-06,Coastal Odisha,20.5,85.5,21.54595184326172,13,18
2024-11-07,Coastal Odisha,20.5,85.5,21.981395721435547,13,18
2024-11-08,Coastal Odisha,20.5,85.5,22.036800384521484,13,18
2024-11-09,Coastal Odisha,20.5,85.5,21.742267608642578,13,18
2024-11-10,Coastal Odisha,20.5,85.5,21.480417251586914,13,18
2024-11-11,Coastal Odisha,20.5,85.5,21.092119216918945,13,18
2024-11-12,Coastal Odisha,20.5,85.5,20.997821807861328,13,18
2024-11-13,Coastal Odisha,20.5,85.5,20.313901901245117,13,18
2024-11-14,Coastal Odisha,20.5,85.5,19.851890563964844,13,18
2024-11-15,Coastal Odisha,20.5,85.5,18.633441925048828,13,18
2024-11-16,Coastal Odisha,20.5,85.5,17.053329467773438,13,18
2024-11-17,Coastal Odisha,20.5,85.5,16.39198875427246,13,18
2024-11-18,Coastal Odisha,20.5,85.5,16.00185203552246,13,18
2024-11-19,Coastal Odisha,20.5,85.5,15.676729202270508,13,18
2024-11-20,Coastal Odisha,20.5,85.5,15.419268608093262,13,18
2024-11-21,Coastal Odisha,20.5,85.5,16.590063095092773,13,18
2024-11-22,Coastal Odisha,20.5,85.5,16.208044052124023,13,18
2024-11-23,Coastal Odisha,20.5,85.5,16.223745346069336,13,18
2024-11-24,Coastal Odisha,20.5,85.5,15.994860649108887,13,18
2024-11-25,Coastal Odisha,20.5,85.5,16.34063148498535,13,18
2024-11-26,Coastal Odisha,20.5,85.5,15.324819564819336,13,18
2024-11-27,Coastal Odisha,20.5,85.5,15.152498245239258,13,18
2024-11-28,Coastal Odisha,20.5,85.5,15.417804718017578,13,18
2024-11-29,Coastal Odisha,20.5,85.5,18.05831527709961,13,18
2024-11-30,Coastal Odisha,20.5,85.5,19.236652374267578,13,18
2024-12-01,Coastal Odisha,20.5,85.5,19.355838775634766,13,18
2024-12-02,Coastal Odisha,20.5,85.5,19.12912940979004,13,18
2024-12-03,Coastal Odisha,20.5,85.5,19.12407684326172,13,18
2024-12-04,Coastal Odisha,20.5,85.5,19.39690589904785,13,18
2024-12-05,Coastal Odisha,20.5,85.5,18.568435668945312,13,18
2024-12-06,Coastal Odisha,20.5,85.5,18.413455963134766,13,18
2024-12-07,Coastal Odisha,20.5,85.5,17.981719970703125,13,18
2024-12-08,Coastal Odisha,20.5,85.5,18.65077018737793,13,18
2024-12-09,Coastal Odisha,20.5,85.5,19.575101852416992,13,18
2024-12-10,Coastal Odisha,20.5,85.5,18.83161735534668,13,18
2024-12-11,Coastal Odisha,20.5,85.5,15.344103813171387,13,18
2024-12-12,Coastal Odisha,20.5,85.5,13.32610034942627,13,18
2024-12-13,Coastal Odisha,20.5,85.5,12.818490028381348,13,18
2024-12-14,Coastal Odisha,20.5,85.5,12.27039909362793,13,18
2024-12-15,Coastal Odisha,20.5,85.5,11.609122276306152,13,18
2024-12-16,Coastal Odisha,20.5,85.5,10.93804931640625,13,18
2024-12-17,Coastal Odisha,20.5,85.5,12.165000915527344,13,18
2024-12-18,Coastal Odisha,20.5,85.5,15.313200950622559,13,18
2024-12-19,Coastal Odisha,20.5,85.5,17.168941497802734,13,18
2024-12-20,Coastal Odisha,20.5,85.5,18.38898468017578,13,18
2024-12-21,Coastal Odisha,20.5,85.5,17.2021541595459,13,18
2024-12-22,Coastal Odisha,20.5,85.5,17.10760498046875,13,18
2024-12-23,Coastal Odisha,20.5,85.5,16.7686710357666,13,18
2024-12-24,Coastal Odisha,20.5,85.5,17.980417251586914,13,18
2024-12-25,Coastal Odisha,20.5,85.5,17.7490177154541,13,18
2024-12-26,Coastal Odisha,20.5,85.5,19.032508850097656,13,18
2024-12-27,Coastal Odisha,20.5,85.5,18.096881866455078,13,18
2024-12-28,Coastal Odisha,20.5,85.5,16.21337127685547,13,18
2024-12-29,Coastal Odisha,20.5,85.5,17.579130172729492,13,18
2024-12-30,Coastal Odisha,20.5,85.5,17.966678619384766,13,18
2024-12-31,Coastal Odisha,20.5,85.5,16.774967193603516,13,18
2024-01-01,Deccan Plateau,17.8,78.5,17.153636932373047,10,11
2024-01-02,Deccan Plateau,17.8,78.5,16.473400115966797,10,11
2024-01-03,Deccan Plateau,17.8,78.5,17.461166381835938,10,11
2024-01-04,Deccan Plateau,17.8,78.5,18.03458595275879,10,11
2024-01-05,Deccan Plateau,17.8,78.5,17.8794002532959,10,11
2024-01-06,Deccan Plateau,17.8,78.5,17.37835693359375,10,11
2024-01-07,Deccan Plateau,17.8,78.5,18.07571029663086,10,11
2024-01-08,Deccan Plateau,17.8,78.5,18.062030792236328,10,11
2024-01-09,Deccan Plateau,17.8,78.5,18.683542251586914,10,11
2024-01-10,Deccan Plateau,17.8,78.5,19.132057189941406,10,11
2024-01-11,Deccan Plateau,17.8,78.5,19.509279251098633,10,11
2024-01-12,Deccan Plateau,17.8,78.5,18.497961044311523,10,11
2024-01-13,Deccan Plateau,17.8,78.5,19.588703155517578,10,11
2024-01-14,Deccan Plateau,17.8,78.5,18.90012550354004,10,11
2024-01-15,Deccan Plateau,17.8,78.5,18.80759048461914,10,11
2024-01-16,Deccan Plateau,17.8,78.5,18.664567947387695,10,11
2024-01-17,Deccan Plateau,17.8,78.5,18.970806121826172,10,11
2024-01-18,Deccan Plateau,17.8,78.5,19.29157257080078,10,11
2024-01-19,Deccan Plateau,17.8,78.5,18.71889305114746,10,11
2024-01-20,Deccan Plateau,17.8,78.5,19.369525909423828,10,11
2024-01-21,Deccan Plateau,17.8,78.5,19.663780212402344,10,11
2024-01-22,Deccan Plateau,17.8,78.5,19.868289947509766,10,11
2024-01-23,Deccan Plateau,17.8,78.5,20.413616180419922,10,11
2024-01-24,Deccan Plateau,17.8,78.5,20.037879943847656,10,11
2024-01-25,Deccan Plateau,17.8,78.5,18.887258529663086,10,11
2024-01-26,Deccan Plateau,17.8,78.5,18.108028411865234,10,11
2024-01-27,Deccan Plateau,17.8,78.5,18.641010284423828,10,11
2024-01-28,Deccan Plateau,17.8,78.5,17.33893394470215,10,11
2024-01-29,Deccan Plateau,17.8,78.5,17.399995803833008,10,11
2024-01-30,Deccan Plateau,17.8,78.5,17.197490692138672,10,11
2024-01-31,Deccan Plateau,17.8,78.5,17.437177658081055,10,11
2024-02-01,Deccan Plateau,17.8,78.5,19.2868709564209,10,11
2024-02-02,Deccan Plateau,17.8,78.5,19.643537521362305,10,11
2024-02-03,Deccan Plateau,17.8,78.5,20.443771362304688,10,11
2024-02-04,Deccan Plateau,17.8,78.5,19.90827751159668,10,11
2024-02-05,Deccan Plateau,17.8,78.5,20.3433780670166,10,11
2024-02-06,Deccan Plateau,17.8,78.5,21.869388580322266,10,11
2024-02-07,Deccan Plateau,17.8,78.5,20.67894172668457,10,11
2024-02-08,Deccan Plateau,17.8,78.5,21.51190948486328,10,11
2024-02-09,Deccan Plateau,17.8,78.5,19.715116500854492,10,11
2024-02-10,Deccan Plateau,17.8,78.5,21.153059005737305,10,11
2024-02-11,Deccan Plateau,17.8,78.5,21.189435958862305,10,11
2024-02-12,Deccan Plateau,17.8,78.5,20.30492401123047,10,11
2024-02-13,Deccan Plateau,17.8,78.5,19.363346099853516,10,11
2024-02-14,Deccan Plateau,17.8,78.5,19.938720703125,10,11
2024-02-15,Deccan Plateau,17.8,78.5,19.669130325317383,10,11
2024-02-16,Deccan Plateau,17.8,78.5,17.995073318481445,10,11
2024-02-17,Deccan Plateau,17.8,78.5,17.758699417114258,10,11
2024-02-18,Deccan Plateau,17.8,78.5,18.400453567504883,10,11
2024-02-19,Deccan Plateau,17.8,78.5,18.966054916381836,10,11
2024-02-20,Deccan Plateau,17.8,78.5,19.56036949157715,10,11
2024-02-21,Deccan Plateau,17.8,78.5,20.00697898864746,10,11
2024-02-22,Deccan Plateau,17.8,78.5,19.906238555908203,10,11
2024-02-23,Deccan Plateau,17.8,78.5,19.952678680419922,10,11
2024-02-24,Deccan Plateau,17.8,78.5,20.914833068847656,10,11
2024-02-25,Deccan Plateau,17.8,78.5,22.902376174926758,10,11
2024-02-26,Deccan Plateau,17.8,78.5,21.617748260498047,10,11
2024-02-27,Deccan Plateau,17.8,78.5,20.837587356567383,10,11
2024-02-28,Deccan Plateau,17.8,78.5,21.2025146484375,10,11
2024-02-29,Deccan Plateau,17.8,78.5,21.106090545654297,10,11
2024-03-01,Deccan Plateau,17.8,78.5,21.932735443115234,10,11
2024-03-02,Deccan Plateau,17.8,78.5,22.561939239501953,10,11
2024-03-03,Deccan Plateau,17.8,78.5,22.36703872680664,10,11
2024-03-04,Deccan Plateau,17.8,78.5,22.258344650268555,10,11
2024-03-05,Deccan Plateau,17.8,78.5,22.077110290527344,10,11
2024-03-06,Deccan Plateau,17.8,78.5,23.097400665283203,10,11
2024-03-07,Deccan Plateau,17.8,78.5,23.601818084716797,10,11
2024-03-08,Deccan Plateau,17.8,78.5,22.335248947143555,10,11
2024-03-09,Deccan Plateau,17.8,78.5,22.049856185913086,10,11
2024-03-10,Deccan Plateau,17.8,78.5,23.738327026367188,10,11
2024-03-11,Deccan Plateau,17.8,78.5,23.7227840423584,10,11
2024-03-12,Deccan Plateau,17.8,78.5,23.461864471435547,10,11
2024-03-13,Deccan Plateau,17.8,78.5,25.18230438232422,10,11
2024-03-14,Deccan Plateau,17.8,78.5,24.444190979003906,10,11
2024-03-15,Deccan Plateau,17.8,78.5,23.8630428314209,10,11
2024-03-16,Deccan Plateau,17.8,78.5,24.440549850463867,10,11
2024-03-17,Deccan Plateau,17.8,78.5,24.17225456237793,10,11
2024-03-18,Deccan Plateau,17.8,78.5,23.988475799560547,10,11
2024-03-19,Deccan Plateau,17.8,78.5,24.183307647705078,10,11
2024-03-20,Deccan Plateau,17.8,78.5,22.81326675415039,10,11
2024-03-21,Deccan Plateau,17.8,78.5,22.21858787536621,10,11
2024-03-22,Deccan Plateau,17.8,78.5,22.349712371826172,10,11
2024-03-23,Deccan Plateau,17.8,78.5,23.154586791992188,10,11
2024-03-24,Deccan Plateau,17.8,78.5,24.8509521484375,10,11
2024-03-25,Deccan Plateau,17.8,78.5,24.407512664794922,10,11
2024-03-26,Deccan Plateau,17.8,78.5,23.696956634521484,10,11
2024-03-27,Deccan Plateau,17.8,78.5,23.619430541992188,10,11
2024-03-28,Deccan Plateau,17.8,78.5,24.16298484802246,10,11
2024-03-29,Deccan Plateau,17.8,78.5,25.012298583984375,10,11
2024-03-30,Deccan Plateau,17.8,78.5,25.220762252807617,10,11
2024-03-31,Deccan Plateau,17.8,78.5,24.64082908630371,10,11
2024-04-01,Deccan Plateau,17.8,78.5,24.273059844970703,10,11
2024-04-02,Deccan Plateau,17.8,78.5,25.060483932495117,10,11
2024-04-03,Deccan Plateau,17.8,78.5,26.526010513305664,10,11
2024-04-04,Deccan Plateau,17.8,78.5,26.282773971557617,10,11
2024-04-05,Deccan Plateau,17.8,78.5,26.34950828552246,10,11
2024-04-06,Deccan Plateau,17.8,78.5,26.544906616210938,10,11
2024-04-07,Deccan Plateau,17.8,78.5,26.7860164642334,10,11
2024-04-08,Deccan Plateau,17.8,78.5,26.6488094329834,10,11
2024-04-09,Deccan Plateau,17.8,78.5,25.305923461914062,10,11
2024-04-10,Deccan Plateau,17.8,78.5,25.190589904785156,10,11
2024-04-11,Deccan Plateau,17.8,78.5,24.9600887298584,10,11
2024-04-12,Deccan Plateau,17.8,78.5,24.73169708251953,10,11
2024-04-13,Deccan Plateau,17.8,78.5,24.945554733276367,10,11
2024-04-14,Deccan Plateau,17.8,78.5,24.81114959716797,10,11
2024-04-15,Deccan Plateau,17.8,78.5,25.85491371154785,10,11
2024-04-16,Deccan Plateau,17.8,78.5,26.935077667236328,10,11
2024-04-17,Deccan Plateau,17.8,78.5,27.20526885986328,10,11
2024-04-18,Deccan Plateau,17.8,78.5,27.342144012451172,10,11
2024-04-19,Deccan Plateau,17.8,78.5,27.931018829345703,10,11
2024-04-20,Deccan Plateau,17.8,78.5,26.888504028320312,10,11
2024-04-21,Deccan Plateau,17.8,78.5,25.3133544921875,10,11
2024-04-22,Deccan Plateau,17.8,78.5,26.420276641845703,10,11
2024-04-23,Deccan Plateau,17.8,78.5,25.391563415527344,10,11
2024-04-24,Deccan Plateau,17.8,78.5,25.913816452026367,10,11
2024-04-25,Deccan Plateau,17.8,78.5,26.268962860107422,10,11
2024-04-26,Deccan Plateau,17.8,78.5,26.093000411987305,10,11
2024-04-27,Deccan Plateau,17.8,78.5,27.284481048583984,10,11
2024-04-28,Deccan Plateau,17.8,78.5,27.974332809448242,10,11
2024-04-29,Deccan Plateau,17.8,78.5,28.367475509643555,10,11
2024-04-30,Deccan Plateau,17.8,78.5,27.572751998901367,10,11
2024-05-01,Deccan Plateau,17.8,78.5,28.450803756713867,10,11
2024-05-02,Deccan Plateau,17.8,78.5,27.90816307067871,10,11
2024-05-03,Deccan Plateau,17.8,78.5,26.065601348876953,10,11
2024-05-04,Deccan Plateau,17.8,78.5,27.014497756958008,10,11
2024-05-05,Deccan Plateau,17.8,78.5,28.574241638183594,10,11
2024-05-06,Deccan Plateau,17.8,78.5,27.257511138916016,10,11
2024-05-07,Deccan Plateau,17.8,78.5,28.247188568115234,10,11
2024-05-08,Deccan Plateau,17.8,78.5,22.835891723632812,10,11
2024-05-09,Deccan Plateau,17.8,78.5,24.492965698242188,10,11
2024-05-10,Deccan Plateau,17.8,78.5,25.649311065673828,10,11
2024-05-11,Deccan Plateau,17.8,78.5,26.119985580444336,10,11
2024-05-12,Deccan Plateau,17.8,78.5,27.015443801879883,10,11
2024-05-13,Deccan Plateau,17.8,78.5,23.021589279174805,10,11
2024-05-14,Deccan Plateau,17.8,78.5,25.804431915283203,10,11
2024-05-15,Deccan Plateau,17.8,78.5,23.55175018310547,10,11
2024-05-16,Deccan Plateau,17.8,78.5,26.299375534057617,10,11
2024-05-17,Deccan Plateau,17.8,78.5,22.921998977661133,10,11
2024-05-18,Deccan Plateau,17.8,78.5,24.469789505004883,10,11
2024-05-19,Deccan Plateau,17.8,78.5,25.3052978515625,10,11
2024-05-20,Deccan Plateau,17.8,78.5,25.565353393554688,10,11
2024-05-21,Deccan Plateau,17.8,78.5,27.061695098876953,10,11
2024-05-22,Deccan Plateau,17.8,78.5,27.091522216796875,10,11
2024-05-23,Deccan Plateau,17.8,78.5,26.104450225830078,10,11
2024-05-24,Deccan Plateau,17.8,78.5,26.603784561157227,10,11
2024-05-25,Deccan Plateau,17.8,78.5,26.573373794555664,10,11
2024-05-26,Deccan Plateau,17.8,78.5,27.133642196655273,10,11
2024-05-27,Deccan Plateau,17.8,78.5,26.47692108154297,10,11
2024-05-28,Deccan Plateau,17.8,78.5,27.740646362304688,10,11
2024-05-29,Deccan Plateau,17.8,78.5,27.62946319580078,10,11
2024-05-30,Deccan Plateau,17.8,78.5,28.510498046875,10,11
2024-05-31,Deccan Plateau,17.8,78.5,28.759788513183594,10,11
2024-06-01,Deccan Plateau,17.8,78.5,30.05925750732422,10,11
2024-06-02,Deccan Plateau,17.8,78.5,29.211793899536133,10,11
2024-06-03,Deccan Plateau,17.8,78.5,24.243539810180664,10,11
2024-06-04,Deccan Plateau,17.8,78.5,25.813722610473633,10,11
2024-06-05,Deccan Plateau,17.8,78.5,25.631093978881836,10,11
2024-06-06,Deccan Plateau,17.8,78.5,24.945453643798828,10,11
2024-06-07,Deccan Plateau,17.8,78.5,24.54305076599121,10,11
2024-06-08,Deccan Plateau,17.8,78.5,24.612781524658203,10,11
2024-06-09,Deccan Plateau,17.8,78.5,25.060768127441406,10,11
2024-06-10,Deccan Plateau,17.8,78.5,25.168643951416016,10,11
2024-06-11,Deccan Plateau,17.8,78.5,25.1519718170166,10,11
2024-06-12,Deccan Plateau,17.8,78.5,24.363603591918945,10,11
2024-06-13,Deccan Plateau,17.8,78.5,25.17817497253418,10,11
2024-06-14,Deccan Plateau,17.8,78.5,24.761476516723633,10,11
2024-06-15,Deccan Plateau,17.8,78.5,25.370943069458008,10,11
2024-06-16,Deccan Plateau,17.8,78.5,26.147315979003906,10,11
2024-06-17,Deccan Plateau,17.8,78.5,25.603717803955078,10,11
2024-06-18,Deccan Plateau,17.8,78.5,25.62505340576172,10,11
2024-06-19,Deccan Plateau,17.8,78.5,25.67828369140625,10,11
2024-06-20,Deccan Plateau,17.8,78.5,25.168231964111328,10,11
2024-06-21,Deccan Plateau,17.8,78.5,25.452226638793945,10,11
2024-06-22,Deccan Plateau,17.8,78.5,24.39914894104004,10,11
2024-06-23,Deccan Plateau,17.8,78.5,24.810701370239258,10,11
2024-06-24,Deccan Plateau,17.8,78.5,24.488096237182617,10,11
2024-06-25,Deccan Plateau,17.8,78.5,25.497264862060547,10,11
2024-06-26,Deccan Plateau,17.8,78.5,26.058250427246094,10,11
2024-06-27,Deccan Plateau,17.8,78.5,25.022703170776367,10,11
2024-06-28,Deccan Plateau,17.8,78.5,23.930042266845703,10,11
2024-06-29,Deccan Plateau,17.8,78.5,24.917049407958984,10,11
2024-06-30,Deccan Plateau,17.8,78.5,24.560937881469727,10,11
2024-07-01,Deccan Plateau,17.8,78.5,23.96396827697754,10,11
2024-07-02,Deccan Plateau,17.8,78.5,25.00648307800293,10,11
2024-07-03,Deccan Plateau,17.8,78.5,23.537687301635742,10,11
2024-07-04,Deccan Plateau,17.8,78.5,25.37799835205078,10,11
2024-07-05,Deccan Plateau,17.8,78.5,25.196598052978516,10,11
2024-07-06,Deccan Plateau,17.8,78.5,24.204959869384766,10,11
2024-07-07,Deccan Plateau,17.8,78.5,23.788368225097656,10,11
2024-07-08,Deccan Plateau,17.8,78.5,23.94688606262207,10,11
2024-07-09,Deccan Plateau,17.8,78.5,24.37720489501953,10,11
2024-07-10,Deccan Plateau,17.8,78.5,23.881698608398438,10,11
2024-07-11,Deccan Plateau,17.8,78.5,24.9909725189209,10,11
2024-07-12,Deccan Plateau,17.8,78.5,24.92470932006836,10,11
2024-07-13,Deccan Plateau,17.8,78.5,24.44585609436035,10,11
2024-07-14,Deccan Plateau,17.8,78.5,24.082496643066406,10,11
2024-07-15,Deccan Plateau,17.8,78.5,23.685388565063477,10,11
2024-07-16,Deccan Plateau,17.8,78.5,24.019893646240234,10,11
2024-07-17,Deccan Plateau,17.8,78.5,23.975374221801758,10,11
2024-07-18,Deccan Plateau,17.8,78.5,24.77449607849121,10,11
2024-07-19,Deccan Plateau,17.8,78.5,23.52280616760254,10,11
2024-07-20,Deccan Plateau,17.8,78.5,23.145421981811523,10,11
2024-07-21,Deccan Plateau,17.8,78.5,22.676799774169922,10,11
2024-07-22,Deccan Plateau,17.8,78.5,23.292224884033203,10,11
2024-07-23,Deccan Plateau,17.8,78.5,24.008798599243164,10,11
2024-07-24,Deccan Plateau,17.8,78.5,23.552162170410156,10,11
2024-07-25,Deccan Plateau,17.8,78.5,23.309646606445312,10,11
2024-07-26,Deccan Plateau,17.8,78.5,23.49030113220215,10,11
2024-07-27,Deccan Plateau,17.8,78.5,24.465377807617188,10,11
2024-07-28,Deccan Plateau,17.8,78.5,24.47759437561035,10,11
2024-07-29,Deccan Plateau,17.8,78.5,24.280643463134766,10,11
2024-07-30,Deccan Plateau,17.8,78.5,24.276941299438477,10,11
2024-07-31,Deccan Plateau,17.8,78.5,24.232776641845703,10,11
2024-08-01,Deccan Plateau,17.8,78.5,24.86385726928711,10,11
2024-08-02,Deccan Plateau,17.8,78.5,24.466318130493164,10,11
2024-08-03,Deccan Plateau,17.8,78.5,24.470273971557617,10,11
2024-08-04,Deccan Plateau,17.8,78.5,24.634157180786133,10,11
2024-08-05,Deccan Plateau,17.8,78.5,24.04850196838379,10,11
2024-08-06,Deccan Plateau,17.8,78.5,23.957908630371094,10,11
2024-08-07,Deccan Plateau,17.8,78.5,23.57306671142578,10,11
2024-08-08,Deccan Plateau,17.8,78.5,22.76709747314453,10,11
2024-08-09,Deccan Plateau,17.8,78.5,24.230451583862305,10,11
2024-08-10,Deccan Plateau,17.8,78.5,24.4816837310791,10,11
2024-08-11,Deccan Plateau,17.8,78.5,23.874452590942383,10,11
2024-08-12,Deccan Plateau,17.8,78.5,24.533201217651367,10,11
2024-08-13,Deccan Plateau,17.8,78.5,25.38603401184082,10,11
2024-08-14,Deccan Plateau,17.8,78.5,25.87156867980957,10,11
2024-08-15,Deccan Plateau,17.8,78.5,25.872373580932617,10,11
2024-08-16,Deccan Plateau,17.8,78.5,25.048717498779297,10,11
2024-08-17,Deccan Plateau,17.8,78.5,24.70640754699707,10,11
2024-08-18,Deccan Plateau,17.8,78.5,24.820390701293945,10,11
2024-08-19,Deccan Plateau,17.8,78.5,25.43157196044922,10,11
2024-08-20,Deccan Plateau,17.8,78.5,23.094621658325195,10,11
2024-08-21,Deccan Plateau,17.8,78.5,24.875545501708984,10,11
2024-08-22,Deccan Plateau,17.8,78.5,24.34441375732422,10,11
2024-08-23,Deccan Plateau,17.8,78.5,24.26651382446289,10,11
2024-08-24,Deccan Plateau,17.8,78.5,24.003864288330078,10,11
2024-08-25,Deccan Plateau,17.8,78.5,23.17371940612793,10,11
2024-08-26,Deccan Plateau,17.8,78.5,23.74748992919922,10,11
2024-08-27,Deccan Plateau,17.8,78.5,23.704238891601562,10,11
2024-08-28,Deccan Plateau,17.8,78.5,23.361217498779297,10,11
2024-08-29,Deccan Plateau,17.8,78.5,23.97732162475586,10,11
2024-08-30,Deccan Plateau,17.8,78.5,23.759504318237305,10,11
2024-08-31,Deccan Plateau,17.8,78.5,22.872501373291016,10,11
2024-09-01,Deccan Plateau,17.8,78.5,23.00033950805664,10,11
2024-09-02,Deccan Plateau,17.8,78.5,22.359302520751953,10,11
2024-09-03,Deccan Plateau,17.8,78.5,22.798036575317383,10,11
2024-09-04,Deccan Plateau,17.8,78.5,22.911514282226562,10,11
2024-09-05,Deccan Plateau,17.8,78.5,23.607681274414062,10,11
2024-09-06,Deccan Plateau,17.8,78.5,23.821096420288086,10,11
2024-09-07,Deccan Plateau,17.8,78.5,23.517629623413086,10,11
2024-09-08,Deccan Plateau,17.8,78.5,23.452112197875977,10,11
2024-09-09,Deccan Plateau,17.8,78.5,23.638931274414062,10,11
2024-09-10,Deccan Plateau,17.8,78.5,23.744909286499023,10,11
2024-09-11,Deccan Plateau,17.8,78.5,23.25705909729004,10,11
2024-09-12,Deccan Plateau,17.8,78.5,23.549074172973633,10,11
2024-09-13,Deccan Plateau,17.8,78.5,23.28688621520996,10,11
2024-09-14,Deccan Plateau,17.8,78.5,22.981279373168945,10,11
2024-09-15,Deccan Plateau,17.8,78.5,22.92781639099121,10,11
2024-09-16,Deccan Plateau,17.8,78.5,23.362262725830078,10,11
2024-09-17,Deccan Plateau,17.8,78.5,23.627647399902344,10,11
2024-09-18,Deccan Plateau,17.8,78.5,23.994998931884766,10,11
2024-09-19,Deccan Plateau,17.8,78.5,23.307809829711914,10,11
2024-09-20,Deccan Plateau,17.8,78.5,24.34108543395996,10,11
2024-09-21,Deccan Plateau,17.8,78.5,23.73645782470703,10,11
2024-09-22,Deccan Plateau,17.8,78.5,22.819110870361328,10,11
2024-09-23,Deccan Plateau,17.8,78.5,24.015464782714844,10,11
2024-09-24,Deccan Plateau,17.8,78.5,23.710451126098633,10,11
2024-09-25,Deccan Plateau,17.8,78.5,24.01012420654297,10,11
2024-09-26,Deccan Plateau,17.8,78.5,24.017038345336914,10,11
2024-09-27,Deccan Plateau,17.8,78.5,23.82320213317871,10,11
2024-09-28,Deccan Plateau,17.8,78.5,23.86133575439453,10,11
2024-09-29,Deccan Plateau,17.8,78.5,24.71137809753418,10,11
2024-09-30,Deccan Plateau,17.8,78.5,24.921798706054688,10,11
2024-10-01,Deccan Plateau,17.8,78.5,24.318859100341797,10,11
2024-10-02,Deccan Plateau,17.8,78.5,24.129600524902344,10,11
2024-10-03,Deccan Plateau,17.8,78.5,24.214866638183594,10,11
2024-10-04,Deccan Plateau,17.8,78.5,23.597566604614258,10,11
2024-10-05,Deccan Plateau,17.8,78.5,23.670391082763672,10,11
2024-10-06,Deccan Plateau,17.8,78.5,24.082643508911133,10,11
2024-10-07,Deccan Plateau,17.8,78.5,23.630407333374023,10,11
2024-10-08,Deccan Plateau,17.8,78.5,23.968582153320312,10,11
2024-10-09,Deccan Plateau,17.8,78.5,23.751100540161133,10,11
2024-10-10,Deccan Plateau,17.8,78.5,23.737464904785156,10,11
2024-10-11,Deccan Plateau,17.8,78.5,23.817838668823242,10,11
2024-10-12,Deccan Plateau,17.8,78.5,23.484146118164062,10,11
2024-10-13,Deccan Plateau,17.8,78.5,23.642494201660156,10,11
2024-10-14,Deccan Plateau,17.8,78.5,23.79151153564453,10,11
2024-10-15,Deccan Plateau,17.8,78.5,23.90263557434082,10,11
2024-10-16,Deccan Plateau,17.8,78.5,23.731956481933594,10,11
2024-10-17,Deccan Plateau,17.8,78.5,24.13509178161621,10,11
2024-10-18,Deccan Plateau,17.8,78.5,24.069732666015625,10,11
2024-10-19,Deccan Plateau,17.8,78.5,23.775896072387695,10,11
2024-10-20,Deccan Plateau,17.8,78.5,23.30869483947754,10,11
2024-10-21,Deccan Plateau,17.8,78.5,23.464887619018555,10,11
2024-10-22,Deccan Plateau,17.8,78.5,22.909936904907227,10,11
2024-10-23,Deccan Plateau,17.8,78.5,22.650239944458008,10,11
2024-10-24,Deccan Plateau,17.8,78.5,21.287654876708984,10,11
2024-10-25,Deccan Plateau,17.8,78.5,20.380409240722656,10,11
2024-10-26,Deccan Plateau,17.8,78.5,21.13701057434082,10,11
2024-10-27,Deccan Plateau,17.8,78.5,20.28643798828125,10,11
2024-10-28,Deccan Plateau,17.8,78.5,20.960176467895508,10,11
2024-10-29,Deccan Plateau,17.8,78.5,21.947208404541016,10,11
2024-10-30,Deccan Plateau,17.8,78.5,23.303024291992188,10,11
2024-10-31,Deccan Plateau,17.8,78.5,23.215065002441406,10,11
2024-11-01,Deccan Plateau,17.8,78.5,23.239181518554688,10,11
2024-11-02,Deccan Plateau,17.8,78.5,22.688814163208008,10,11
2024-11-03,Deccan Plateau,17.8,78.5,22.043441772460938,10,11
2024-11-04,Deccan Plateau,17.8,78.5,21.43647003173828,10,11
2024-11-05,Deccan Plateau,17.8,78.5,20.143997192382812,10,11
2024-11-06,Deccan Plateau,17.8,78.5,19.441497802734375,10,11
2024-11-07,Deccan Plateau,17.8,78.5,19.37343406677246,10,11
2024-11-08,Deccan Plateau,17.8,78.5,20.145322799682617,10,11
2024-11-09,Deccan Plateau,17.8,78.5,20.409643173217773,10,11
2024-11-10,Deccan Plateau,17.8,78.5,20.046186447143555,10,11
2024-11-11,Deccan Plateau,17.8,78.5,18.791576385498047,10,11
2024-11-12,Deccan Plateau,17.8,78.5,19.489770889282227,10,11
2024-11-13,Deccan Plateau,17.8,78.5,21.749303817749023,10,11
2024-11-14,Deccan Plateau,17.8,78.5,21.900110244750977,10,11
2024-11-15,Deccan Plateau,17.8,78.5,21.213809967041016,10,11
2024-11-16,Deccan Plateau,17.8,78.5,20.76033592224121,10,11
2024-11-17,Deccan Plateau,17.8,78.5,19.595922470092773,10,11
2024-11-18,Deccan Plateau,17.8,78.5,17.477054595947266,10,11
2024-11-19,Deccan Plateau,17.8,78.5,16.73790168762207,10,11
2024-11-20,Deccan Plateau,17.8,78.5,15.79539966583252,10,11
2024-11-21,Deccan Plateau,17.8,78.5,15.97331714630127,10,11
2024-11-22,Deccan Plateau,17.8,78.5,15.814085006713867,10,11
2024-11-23,Deccan Plateau,17.8,78.5,15.685680389404297,10,11
2024-11-24,Deccan Plateau,17.8,78.5,16.100845336914062,10,11
2024-11-25,Deccan Plateau,17.8,78.5,15.584611892700195,10,11
2024-11-26,Deccan Plateau,17.8,78.5,15.355524063110352,10,11
2024-11-27,Deccan Plateau,17.8,78.5,15.85086727142334,10,11
2024-11-28,Deccan Plateau,17.8,78.5,15.093043327331543,10,11
2024-11-29,Deccan Plateau,17.8,78.5,16.13319969177246,10,11
2024-11-30,Deccan Plateau,17.8,78.5,19.59608268737793,10,11
2024-12-01,Deccan Plateau,17.8,78.5,21.431833267211914,10,11
2024-12-02,Deccan Plateau,17.8,78.5,21.768800735473633,10,11
2024-12-03,Deccan Plateau,17.8,78.5,22.1324520111084,10,11
2024-12-04,Deccan Plateau,17.8,78.5,21.794641494750977,10,11
2024-12-05,Deccan Plateau,17.8,78.5,21.876550674438477,10,11
2024-12-06,Deccan Plateau,17.8,78.5,22.390905380249023,10,11
2024-12-07,Deccan Plateau,17.8,78.5,22.43133544921875,10,11
2024-12-08,Deccan Plateau,17.8,78.5,22.406097412109375,10,11
2024-12-09,Deccan Plateau,17.8,78.5,21.28945541381836,10,11
2024-12-10,Deccan Plateau,17.8,78.5,20.02151870727539,10,11
2024-12-11,Deccan Plateau,17.8,78.5,17.566450119018555,10,11
2024-12-12,Deccan Plateau,17.8,78.5,14.932116508483887,10,11
2024-12-13,Deccan Plateau,17.8,78.5,16.703369140625,10,11
2024-12-14,Deccan Plateau,17.8,78.5,16.124486923217773,10,11
2024-12-15,Deccan Plateau,17.8,78.5,14.358443260192871,10,11
2024-12-16,Deccan Plateau,17.8,78.5,11.605049133300781,10,11
2024-12-17,Deccan Plateau,17.8,78.5,12.09708023071289,10,11
2024-12-18,Deccan Plateau,17.8,78.5,14.252030372619629,10,11
2024-12-19,Deccan Plateau,17.8,78.5,16.236774444580078,10,11
2024-12-20,Deccan Plateau,17.8,78.5,21.215518951416016,10,11
2024-12-21,Deccan Plateau,17.8,78.5,20.18096923828125,10,11
2024-12-22,Deccan Plateau,17.8,78.5,20.255001068115234,10,11
2024-12-23,Deccan Plateau,17.8,78.5,18.6591796875,10,11
2024-12-24,Deccan Plateau,17.8,78.5,19.28521728515625,10,11
2024-12-25,Deccan Plateau,17.8,78.5,19.237422943115234,10,11
2024-12-26,Deccan Plateau,17.8,78.5,20.20111846923828,10,11
2024-12-27,Deccan Plateau,17.8,78.5,20.70720672607422,10,11
2024-12-28,Deccan Plateau,17.8,78.5,18.27690315246582,10,11
2024-12-29,Deccan Plateau,17.8,78.5,18.72039031982422,10,11
2024-12-30,Deccan Plateau,17.8,78.5,17.025461196899414,10,11
2024-12-31,Deccan Plateau,17.8,78.5,18.035507202148438,10,11
2024-01-01,Indo-Gangetic Plain,26.5,81.0,9.60140323638916,19,14
2024-01-02,Indo-Gangetic Plain,26.5,81.0,9.362483978271484,19,14
2024-01-03,Indo-Gangetic Plain,26.5,81.0,10.695723533630371,19,14
2024-01-04,Indo-Gangetic Plain,26.5,81.0,11.501245498657227,19,14
2024-01-05,Indo-Gangetic Plain,26.5,81.0,12.555779457092285,19,14
2024-01-06,Indo-Gangetic Plain,26.5,81.0,12.862825393676758,19,14
2024-01-07,Indo-Gangetic Plain,26.5,81.0,12.158609390258789,19,14
2024-01-08,Indo-Gangetic Plain,26.5,81.0,10.289947509765625,19,14
2024-01-09,Indo-Gangetic Plain,26.5,81.0,10.47713851928711,19,14
2024-01-10,Indo-Gangetic Plain,26.5,81.0,11.581804275512695,19,14
2024-01-11,Indo-Gangetic Plain,26.5,81.0,8.351014137268066,19,14
2024-01-12,Indo-Gangetic Plain,26.5,81.0,7.285201549530029,19,14
2024-01-13,Indo-Gangetic Plain,26.5,81.0,6.359851360321045,19,14
2024-01-14,Indo-Gangetic Plain,26.5,81.0,7.635706901550293,19,14
2024-01-15,Indo-Gangetic Plain,26.5,81.0,8.477225303649902,19,14
2024-01-16,Indo-Gangetic Plain,26.5,81.0,6.577136039733887,19,14
2024-01-17,Indo-Gangetic Plain,26.5,81.0,7.3064751625061035,19,14
2024-01-18,Indo-Gangetic Plain,26.5,81.0,7.618931293487549,19,14
2024-01-19,Indo-Gangetic Plain,26.5,81.0,6.242879390716553,19,14
2024-01-20,Indo-Gangetic Plain,26.5,81.0,6.995545387268066,19,14
2024-01-21,Indo-Gangetic Plain,26.5,81.0,7.361363410949707,19,14
2024-01-22,Indo-Gangetic Plain,26.5,81.0,6.7252960205078125,19,14
2024-01-23,Indo-Gangetic Plain,26.5,81.0,5.0920915603637695,19,14
2024-01-24,Indo-Gangetic Plain,26.5,81.0,6.184182167053223,19,14
2024-01-25,Indo-Gangetic Plain,26.5,81.0,6.074892044067383,19,14
2024-01-26,Indo-Gangetic Plain,26.5,81.0,7.140265941619873,19,14
2024-01-27,Indo-Gangetic Plain,26.5,81.0,6.742164611816406,19,14
2024-01-28,Indo-Gangetic Plain,26.5,81.0,8.67337417602539,19,14
2024-01-29,Indo-Gangetic Plain,26.5,81.0,10.03962230682373,19,14
2024-01-30,Indo-Gangetic Plain,26.5,81.0,9.206884384155273,19,14
2024-01-31,Indo-Gangetic Plain,26.5,81.0,10.671358108520508,19,14
2024-02-01,Indo-Gangetic Plain,26.5,81.0,12.578207015991211,19,14
2024-02-02,Indo-Gangetic Plain,26.5,81.0,11.35931396484375,19,14
2024-02-03,Indo-Gangetic Plain,26.5,81.0,10.597658157348633,19,14
2024-02-04,Indo-Gangetic Plain,26.5,81.0,12.064321517944336,19,14
2024-02-05,Indo-Gangetic Plain,26.5,81.0,14.067313194274902,19,14
2024-02-06,Indo-Gangetic Plain,26.5,81.0,13.593073844909668,19,14
2024-02-07,Indo-Gangetic Plain,26.5,81.0,9.618688583374023,19,14
2024-02-08,Indo-Gangetic Plain,26.5,81.0,9.33471393585205,19,14
2024-02-09,Indo-Gangetic Plain,26.5,81.0,7.780344009399414,19,14
2024-02-10,Indo-Gangetic Plain,26.5,81.0,7.8093743324279785,19,14
2024-02-11,Indo-Gangetic Plain,26.5,81.0,9.813390731811523,19,14
2024-02-12,Indo-Gangetic Plain,26.5,81.0,10.48365592956543,19,14
2024-02-13,Indo-Gangetic Plain,26.5,81.0,13.814249992370605,19,14
2024-02-14,Indo-Gangetic Plain,26.5,81.0,14.8975830078125,19,14
2024-02-15,Indo-Gangetic Plain,26.5,81.0,13.256146430969238,19,14
2024-02-16,Indo-Gangetic Plain,26.5,81.0,12.612004280090332,19,14
2024-02-17,Indo-Gangetic Plain,26.5,81.0,11.83913803100586,19,14
2024-02-18,Indo-Gangetic Plain,26.5,81.0,11.104613304138184,19,14
2024-02-19,Indo-Gangetic Plain,26.5,81.0,14.127408027648926,19,14
2024-02-20,Indo-Gangetic Plain,26.5,81.0,15.361188888549805,19,14
2024-02-21,Indo-Gangetic Plain,26.5,81.0,15.520408630371094,19,14
2024-02-22,Indo-Gangetic Plain,26.5,81.0,14.826663970947266,19,14
2024-02-23,Indo-Gangetic Plain,26.5,81.0,11.584419250488281,19,14
2024-02-24,Indo-Gangetic Plain,26.5,81.0,10.635014533996582,19,14
2024-02-25,Indo-Gangetic Plain,26.5,81.0,10.919034004211426,19,14
2024-02-26,Indo-Gangetic Plain,26.5,81.0,11.434209823608398,19,14
2024-02-27,Indo-Gangetic Plain,26.5,81.0,13.031365394592285,19,14
2024-02-28,Indo-Gangetic Plain,26.5,81.0,12.419305801391602,19,14
2024-02-29,Indo-Gangetic Plain,26.5,81.0,13.0185546875,19,14
2024-03-01,Indo-Gangetic Plain,26.5,81.0,12.883869171142578,19,14
2024-03-02,Indo-Gangetic Plain,26.5,81.0,17.001617431640625,19,14
2024-03-03,Indo-Gangetic Plain,26.5,81.0,16.80640411376953,19,14
2024-03-04,Indo-Gangetic Plain,26.5,81.0,15.396247863769531,19,14
2024-03-05,Indo-Gangetic Plain,26.5,81.0,12.096491813659668,19,14
2024-03-06,Indo-Gangetic Plain,26.5,81.0,11.108345031738281,19,14
2024-03-07,Indo-Gangetic Plain,26.5,81.0,11.172574996948242,19,14
2024-03-08,Indo-Gangetic Plain,26.5,81.0,12.737384796142578,19,14
2024-03-09,Indo-Gangetic Plain,26.5,81.0,12.910440444946289,19,14
2024-03-10,Indo-Gangetic Plain,26.5,81.0,12.618254661560059,19,14
2024-03-11,Indo-Gangetic Plain,26.5,81.0,14.39663028717041,19,14
2024-03-12,Indo-Gangetic Plain,26.5,81.0,15.572181701660156,19,14
2024-03-13,Indo-Gangetic Plain,26.5,81.0,16.794105529785156,19,14
2024-03-14,Indo-Gangetic Plain,26.5,81.0,16.544885635375977,19,14
2024-03-15,Indo-Gangetic Plain,26.5,81.0,16.500429153442383,19,14
2024-03-16,Indo-Gangetic Plain,26.5,81.0,15.16623306274414,19,14
2024-03-17,Indo-Gangetic Plain,26.5,81.0,14.739302635192871,19,14
2024-03-18,Indo-Gangetic Plain,26.5,81.0,15.002628326416016,19,14
2024-03-19,Indo-Gangetic Plain,26.5,81.0,14.844874382019043,19,14
2024-03-20,Indo-Gangetic Plain,26.5,81.0,15.09557819366455,19,14
2024-03-21,Indo-Gangetic Plain,26.5,81.0,15.14344596862793,19,14
2024-03-22,Indo-Gangetic Plain,26.5,81.0,15.512850761413574,19,14
2024-03-23,Indo-Gangetic Plain,26.5,81.0,17.36055564880371,19,14
2024-03-24,Indo-Gangetic Plain,26.5,81.0,17.213342666625977,19,14
2024-03-25,Indo-Gangetic Plain,26.5,81.0,19.156675338745117,19,14
2024-03-26,Indo-Gangetic Plain,26.5,81.0,17.953550338745117,19,14
2024-03-27,Indo-Gangetic Plain,26.5,81.0,18.439815521240234,19,14
2024-03-28,Indo-Gangetic Plain,26.5,81.0,19.9344539642334,19,14
2024-03-29,Indo-Gangetic Plain,26.5,81.0,21.664514541625977,19,14
2024-03-30,Indo-Gangetic Plain,26.5,81.0,22.648727416992188,19,14
2024-03-31,Indo-Gangetic Plain,26.5,81.0,22.45157814025879,19,14
2024-04-01,Indo-Gangetic Plain,26.5,81.0,21.17807388305664,19,14
2024-04-02,Indo-Gangetic Plain,26.5,81.0,19.46868896484375,19,14
2024-04-03,Indo-Gangetic Plain,26.5,81.0,19.237268447875977,19,14
2024-04-04,Indo-Gangetic Plain,26.5,81.0,21.160539627075195,19,14
2024-04-05,Indo-Gangetic Plain,26.5,81.0,21.758258819580078,19,14
2024-04-06,Indo-Gangetic Plain,26.5,81.0,22.569902420043945,19,14
2024-04-07,Indo-Gangetic Plain,26.5,81.0,20.323341369628906,19,14
2024-04-08,Indo-Gangetic Plain,26.5,81.0,19.93982696533203,19,14
2024-04-09,Indo-Gangetic Plain,26.5,81.0,19.6894474029541,19,14
2024-04-10,Indo-Gangetic Plain,26.5,81.0,20.64048194885254,19,14
2024-04-11,Indo-Gangetic Plain,26.5,81.0,21.16767692565918,19,14
2024-04-12,Indo-Gangetic Plain,26.5,81.0,21.88945770263672,19,14
2024-04-13,Indo-Gangetic Plain,26.5,81.0,21.582351684570312,19,14
2024-04-14,Indo-Gangetic Plain,26.5,81.0,23.517127990722656,19,14
2024-04-15,Indo-Gangetic Plain,26.5,81.0,23.208539962768555,19,14
2024-04-16,Indo-Gangetic Plain,26.5,81.0,25.500043869018555,19,14
2024-04-17,Indo-Gangetic Plain,26.5,81.0,23.109664916992188,19,14
2024-04-18,Indo-Gangetic Plain,26.5,81.0,22.200902938842773,19,14
2024-04-19,Indo-Gangetic Plain,26.5,81.0,24.120197296142578,19,14
2024-04-20,Indo-Gangetic Plain,26.5,81.0,24.831745147705078,19,14
2024-04-21,Indo-Gangetic Plain,26.5,81.0,23.484642028808594,19,14
2024-04-22,Indo-Gangetic Plain,26.5,81.0,23.439258575439453,19,14
2024-04-23,Indo-Gangetic Plain,26.5,81.0,24.349056243896484,19,14
2024-04-24,Indo-Gangetic Plain,26.5,81.0,23.01947593688965,19,14
2024-04-25,Indo-Gangetic Plain,26.5,81.0,22.71428680419922,19,14
2024-04-26,Indo-Gangetic Plain,26.5,81.0,24.18527603149414,19,14
2024-04-27,Indo-Gangetic Plain,26.5,81.0,26.454294204711914,19,14
2024-04-28,Indo-Gangetic Plain,26.5,81.0,24.62109375,19,14
2024-04-29,Indo-Gangetic Plain,26.5,81.0,23.81583595275879,19,14
2024-04-30,Indo-Gangetic Plain,26.5,81.0,24.47978401184082,19,14
2024-05-01,Indo-Gangetic Plain,26.5,81.0,22.13441276550293,19,14
2024-05-02,Indo-Gangetic Plain,26.5,81.0,21.066484451293945,19,14
2024-05-03,Indo-Gangetic Plain,26.5,81.0,20.346372604370117,19,14
2024-05-04,Indo-Gangetic Plain,26.5,81.0,22.565759658813477,19,14
2024-05-05,Indo-Gangetic Plain,26.5,81.0,22.487581253051758,19,14
2024-05-06,Indo-Gangetic Plain,26.5,81.0,25.848798751831055,19,14
2024-05-07,Indo-Gangetic Plain,26.5,81.0,26.308025360107422,19,14
2024-05-08,Indo-Gangetic Plain,26.5,81.0,24.319623947143555,19,14
2024-05-09,Indo-Gangetic Plain,26.5,81.0,24.62701988220215,19,14
2024-05-10,Indo-Gangetic Plain,26.5,81.0,24.11127281188965,19,14
2024-05-11,Indo-Gangetic Plain,26.5,81.0,25.14840316772461,19,14
2024-05-12,Indo-Gangetic Plain,26.5,81.0,24.621328353881836,19,14
2024-05-13,Indo-Gangetic Plain,26.5,81.0,25.871755599975586,19,14
2024-05-14,Indo-Gangetic Plain,26.5,81.0,26.01705551147461,19,14
2024-05-15,Indo-Gangetic Plain,26.5,81.0,25.443927764892578,19,14
2024-05-16,Indo-Gangetic Plain,26.5,81.0,24.749515533447266,19,14
2024-05-17,Indo-Gangetic Plain,26.5,81.0,25.85268211364746,19,14
2024-05-18,Indo-Gangetic Plain,26.5,81.0,27.823772430419922,19,14
2024-05-19,Indo-Gangetic Plain,26.5,81.0,27.981948852539062,19,14
2024-05-20,Indo-Gangetic Plain,26.5,81.0,28.696231842041016,19,14
2024-05-21,Indo-Gangetic Plain,26.5,81.0,26.756168365478516,19,14
2024-05-22,Indo-Gangetic Plain,26.5,81.0,28.22119903564453,19,14
2024-05-23,Indo-Gangetic Plain,26.5,81.0,27.9105281829834,19,14
2024-05-24,Indo-Gangetic Plain,26.5,81.0,28.0802001953125,19,14
2024-05-25,Indo-Gangetic Plain,26.5,81.0,29.306419372558594,19,14
2024-05-26,Indo-Gangetic Plain,26.5,81.0,29.789077758789062,19,14
2024-05-27,Indo-Gangetic Plain,26.5,81.0,30.256641387939453,19,14
2024-05-28,Indo-Gangetic Plain,26.5,81.0,29.66730499267578,19,14
2024-05-29,Indo-Gangetic Plain,26.5,81.0,30.0906982421875,19,14
2024-05-30,Indo-Gangetic Plain,26.5,81.0,32.07094192504883,19,14
2024-05-31,Indo-Gangetic Plain,26.5,81.0,29.535400390625,19,14
2024-06-01,Indo-Gangetic Plain,26.5,81.0,29.861270904541016,19,14
2024-06-02,Indo-Gangetic Plain,26.5,81.0,28.81800079345703,19,14
2024-06-03,Indo-Gangetic Plain,26.5,81.0,27.094005584716797,19,14
2024-06-04,Indo-Gangetic Plain,26.5,81.0,28.230571746826172,19,14
2024-06-05,Indo-Gangetic Plain,26.5,81.0,28.940265655517578,19,14
2024-06-06,Indo-Gangetic Plain,26.5,81.0,25.14422035217285,19,14
2024-06-07,Indo-Gangetic Plain,26.5,81.0,27.14288902282715,19,14
2024-06-08,Indo-Gangetic Plain,26.5,81.0,28.149208068847656,19,14
2024-06-09,Indo-Gangetic Plain,26.5,81.0,28.859756469726562,19,14
2024-06-10,Indo-Gangetic Plain,26.5,81.0,27.716466903686523,19,14
2024-06-11,Indo-Gangetic Plain,26.5,81.0,30.208587646484375,19,14
2024-06-12,Indo-Gangetic Plain,26.5,81.0,29.443498611450195,19,14
2024-06-13,Indo-Gangetic Plain,26.5,81.0,30.007322311401367,19,14
2024-06-14,Indo-Gangetic Plain,26.5,81.0,31.29950714111328,19,14
2024-06-15,Indo-Gangetic Plain,26.5,81.0,30.903278350830078,19,14
2024-06-16,Indo-Gangetic Plain,26.5,81.0,31.623374938964844,19,14
2024-06-17,Indo-Gangetic Plain,26.5,81.0,31.36553382873535,19,14
2024-06-18,Indo-Gangetic Plain,26.5,81.0,30.674787521362305,19,14
2024-06-19,Indo-Gangetic Plain,26.5,81.0,29.56753158569336,19,14
2024-06-20,Indo-Gangetic Plain,26.5,81.0,26.32755470275879,19,14
2024-06-21,Indo-Gangetic Plain,26.5,81.0,26.683950424194336,19,14
2024-06-22,Indo-Gangetic Plain,26.5,81.0,27.06662368774414,19,14
2024-06-23,Indo-Gangetic Plain,26.5,81.0,27.386241912841797,19,14
2024-06-24,Indo-Gangetic Plain,26.5,81.0,27.92082405090332,19,14
2024-06-25,Indo-Gangetic Plain,26.5,81.0,28.220434188842773,19,14
2024-06-26,Indo-Gangetic Plain,26.5,81.0,27.568113327026367,19,14
2024-06-27,Indo-Gangetic Plain,26.5,81.0,26.40966033935547,19,14
2024-06-28,Indo-Gangetic Plain,26.5,81.0,26.577030181884766,19,14
2024-06-29,Indo-Gangetic Plain,26.5,81.0,25.977890014648438,19,14
2024-06-30,Indo-Gangetic Plain,26.5,81.0,25.37967300415039,19,14
2024-07-01,Indo-Gangetic Plain,26.5,81.0,26.249540328979492,19,14
2024-07-02,Indo-Gangetic Plain,26.5,81.0,26.26564598083496,19,14
2024-07-03,Indo-Gangetic Plain,26.5,81.0,26.177770614624023,19,14
2024-07-04,Indo-Gangetic Plain,26.5,81.0,25.86542510986328,19,14
2024-07-05,Indo-Gangetic Plain,26.5,81.0,25.707555770874023,19,14
2024-07-06,Indo-Gangetic Plain,26.5,81.0,25.61490821838379,19,14
2024-07-07,Indo-Gangetic Plain,26.5,81.0,24.527280807495117,19,14
2024-07-08,Indo-Gangetic Plain,26.5,81.0,25.421045303344727,19,14
2024-07-09,Indo-Gangetic Plain,26.5,81.0,26.61802864074707,19,14
2024-07-10,Indo-Gangetic Plain,26.5,81.0,27.74703598022461,19,14
2024-07-11,Indo-Gangetic Plain,26.5,81.0,27.02432632446289,19,14
2024-07-12,Indo-Gangetic Plain,26.5,81.0,25.34606170654297,19,14
2024-07-13,Indo-Gangetic Plain,26.5,81.0,26.011310577392578,19,14
2024-07-14,Indo-Gangetic Plain,26.5,81.0,26.176841735839844,19,14
2024-07-15,Indo-Gangetic Plain,26.5,81.0,27.307390213012695,19,14
2024-07-16,Indo-Gangetic Plain,26.5,81.0,28.42566680908203,19,14
2024-07-17,Indo-Gangetic Plain,26.5,81.0,28.33211326599121,19,14
2024-07-18,Indo-Gangetic Plain,26.5,81.0,29.142431259155273,19,14
2024-07-19,Indo-Gangetic Plain,26.5,81.0,27.53573226928711,19,14
2024-07-20,Indo-Gangetic Plain,26.5,81.0,27.585988998413086,19,14
2024-07-21,Indo-Gangetic Plain,26.5,81.0,28.22475242614746,19,14
2024-07-22,Indo-Gangetic Plain,26.5,81.0,28.580162048339844,19,14
2024-07-23,Indo-Gangetic Plain,26.5,81.0,27.676822662353516,19,14
2024-07-24,Indo-Gangetic Plain,26.5,81.0,27.395668029785156,19,14
2024-07-25,Indo-Gangetic Plain,26.5,81.0,26.981700897216797,19,14
2024-07-26,Indo-Gangetic Plain,26.5,81.0,27.434404373168945,19,14
2024-07-27,Indo-Gangetic Plain,26.5,81.0,27.147764205932617,19,14
2024-07-28,Indo-Gangetic Plain,26.5,81.0,27.889883041381836,19,14
2024-07-29,Indo-Gangetic Plain,26.5,81.0,28.157949447631836,19,14
2024-07-30,Indo-Gangetic Plain,26.5,81.0,28.089773178100586,19,14
2024-07-31,Indo-Gangetic Plain,26.5,81.0,26.895751953125,19,14
2024-08-01,Indo-Gangetic Plain,26.5,81.0,25.459726333618164,19,14
2024-08-02,Indo-Gangetic Plain,26.5,81.0,25.094676971435547,19,14
2024-08-03,Indo-Gangetic Plain,26.5,81.0,26.136993408203125,19,14
2024-08-04,Indo-Gangetic Plain,26.5,81.0,25.792688369750977,19,14
2024-08-05,Indo-Gangetic Plain,26.5,81.0,26.054040908813477,19,14
2024-08-06,Indo-Gangetic Plain,26.5,81.0,26.582990646362305,19,14
2024-08-07,Indo-Gangetic Plain,26.5,81.0,25.505285263061523,19,14
2024-08-08,Indo-Gangetic Plain,26.5,81.0,26.023651123046875,19,14
2024-08-09,Indo-Gangetic Plain,26.5,81.0,25.58757209777832,19,14
2024-08-10,Indo-Gangetic Plain,26.5,81.0,25.082630157470703,19,14
2024-08-11,Indo-Gangetic Plain,26.5,81.0,25.482772827148438,19,14
2024-08-12,Indo-Gangetic Plain,26.5,81.0,25.779743194580078,19,14
2024-08-13,Indo-Gangetic Plain,26.5,81.0,25.935365676879883,19,14
2024-08-14,Indo-Gangetic Plain,26.5,81.0,26.53868865966797,19,14
2024-08-15,Indo-Gangetic Plain,26.5,81.0,26.205556869506836,19,14
2024-08-16,Indo-Gangetic Plain,26.5,81.0,26.418916702270508,19,14
2024-08-17,Indo-Gangetic Plain,26.5,81.0,26.62795639038086,19,14
2024-08-18,Indo-Gangetic Plain,26.5,81.0,25.62302589416504,19,14
2024-08-19,Indo-Gangetic Plain,26.5,81.0,25.907329559326172,19,14
2024-08-20,Indo-Gangetic Plain,26.5,81.0,25.94646644592285,19,14
2024-08-21,Indo-Gangetic Plain,26.5,81.0,26.187381744384766,19,14
2024-08-22,Indo-Gangetic Plain,26.5,81.0,25.948823928833008,19,14
2024-08-23,Indo-Gangetic Plain,26.5,81.0,25.880342483520508,19,14
2024-08-24,Indo-Gangetic Plain,26.5,81.0,26.06601333618164,19,14
2024-08-25,Indo-Gangetic Plain,26.5,81.0,26.109832763671875,19,14
2024-08-26,Indo-Gangetic Plain,26.5,81.0,25.98984146118164,19,14
2024-08-27,Indo-Gangetic Plain,26.5,81.0,25.536537170410156,19,14
2024-08-28,Indo-Gangetic Plain,26.5,81.0,25.082590103149414,19,14
2024-08-29,Indo-Gangetic Plain,26.5,81.0,25.748544692993164,19,14
2024-08-30,Indo-Gangetic Plain,26.5,81.0,26.05426597595215,19,14
2024-08-31,Indo-Gangetic Plain,26.5,81.0,26.234758377075195,19,14
2024-09-01,Indo-Gangetic Plain,26.5,81.0,27.1368408203125,19,14
2024-09-02,Indo-Gangetic Plain,26.5,81.0,26.133373260498047,19,14
2024-09-03,Indo-Gangetic Plain,26.5,81.0,26.773242950439453,19,14
2024-09-04,Indo-Gangetic Plain,26.5,81.0,27.017385482788086,19,14
2024-09-05,Indo-Gangetic Plain,26.5,81.0,25.53736686706543,19,14
2024-09-06,Indo-Gangetic Plain,26.5,81.0,25.48259925842285,19,14
2024-09-07,Indo-Gangetic Plain,26.5,81.0,26.21699333190918,19,14
2024-09-08,Indo-Gangetic Plain,26.5,81.0,26.62165069580078,19,14
2024-09-09,Indo-Gangetic Plain,26.5,81.0,26.49436378479004,19,14
2024-09-10,Indo-Gangetic Plain,26.5,81.0,26.160202026367188,19,14
2024-09-11,Indo-Gangetic Plain,26.5,81.0,26.118972778320312,19,14
2024-09-12,Indo-Gangetic Plain,26.5,81.0,25.185930252075195,19,14
2024-09-13,Indo-Gangetic Plain,26.5,81.0,24.798309326171875,19,14
2024-09-14,Indo-Gangetic Plain,26.5,81.0,24.36788558959961,19,14
2024-09-15,Indo-Gangetic Plain,26.5,81.0,24.778736114501953,19,14
2024-09-16,Indo-Gangetic Plain,26.5,81.0,25.766605377197266,19,14
2024-09-17,Indo-Gangetic Plain,26.5,81.0,25.384592056274414,19,14
2024-09-18,Indo-Gangetic Plain,26.5,81.0,24.34579086303711,19,14
2024-09-19,Indo-Gangetic Plain,26.5,81.0,23.965476989746094,19,14
2024-09-20,Indo-Gangetic Plain,26.5,81.0,24.54108428955078,19,14
2024-09-21,Indo-Gangetic Plain,26.5,81.0,25.397794723510742,19,14
2024-09-22,Indo-Gangetic Plain,26.5,81.0,26.12089729309082,19,14
2024-09-23,Indo-Gangetic Plain,26.5,81.0,26.415098190307617,19,14
2024-09-24,Indo-Gangetic Plain,26.5,81.0,26.63753890991211,19,14
2024-09-25,Indo-Gangetic Plain,26.5,81.0,26.448623657226562,19,14
2024-09-26,Indo-Gangetic Plain,26.5,81.0,25.49734878540039,19,14
2024-09-27,Indo-Gangetic Plain,26.5,81.0,24.469484329223633,19,14
2024-09-28,Indo-Gangetic Plain,26.5,81.0,23.970876693725586,19,14
2024-09-29,Indo-Gangetic Plain,26.5,81.0,23.989227294921875,19,14
2024-09-30,Indo-Gangetic Plain,26.5,81.0,24.653343200683594,19,14
2024-10-01,Indo-Gangetic Plain,26.5,81.0,24.527812957763672,19,14
2024-10-02,Indo-Gangetic Plain,26.5,81.0,24.726882934570312,19,14
2024-10-03,Indo-Gangetic Plain,26.5,81.0,24.406450271606445,19,14
2024-10-04,Indo-Gangetic Plain,26.5,81.0,25.02975082397461,19,14
2024-10-05,Indo-Gangetic Plain,26.5,81.0,24.60938262939453,19,14
2024-10-06,Indo-Gangetic Plain,26.5,81.0,24.21390724182129,19,14
2024-10-07,Indo-Gangetic Plain,26.5,81.0,24.084644317626953,19,14
2024-10-08,Indo-Gangetic Plain,26.5,81.0,24.36714744567871,19,14
2024-10-09,Indo-Gangetic Plain,26.5,81.0,24.232067108154297,19,14
2024-10-10,Indo-Gangetic Plain,26.5,81.0,23.33698272705078,19,14
2024-10-11,Indo-Gangetic Plain,26.5,81.0,22.570829391479492,19,14
2024-10-12,Indo-Gangetic Plain,26.5,81.0,22.71668243408203,19,14
2024-10-13,Indo-Gangetic Plain,26.5,81.0,21.66315460205078,19,14
2024-10-14,Indo-Gangetic Plain,26.5,81.0,22.753204345703125,19,14
2024-10-15,Indo-Gangetic Plain,26.5,81.0,20.921876907348633,19,14
2024-10-16,Indo-Gangetic Plain,26.5,81.0,19.963708877563477,19,14
2024-10-17,Indo-Gangetic Plain,26.5,81.0,20.158954620361328,19,14
2024-10-18,Indo-Gangetic Plain,26.5,81.0,20.65595245361328,19,14
2024-10-19,Indo-Gangetic Plain,26.5,81.0,20.3557071685791,19,14
2024-10-20,Indo-Gangetic Plain,26.5,81.0,20.64022445678711,19,14
2024-10-21,Indo-Gangetic Plain,26.5,81.0,20.917463302612305,19,14
2024-10-22,Indo-Gangetic Plain,26.5,81.0,21.057151794433594,19,14
2024-10-23,Indo-Gangetic Plain,26.5,81.0,20.61716651916504,19,14
2024-10-24,Indo-Gangetic Plain,26.5,81.0,21.26567268371582,19,14
2024-10-25,Indo-Gangetic Plain,26.5,81.0,21.219945907592773,19,14
2024-10-26,Indo-Gangetic Plain,26.5,81.0,20.995643615722656,19,14
2024-10-27,Indo-Gangetic Plain,26.5,81.0,21.2554988861084,19,14
2024-10-28,Indo-Gangetic Plain,26.5,81.0,21.92335319519043,19,14
2024-10-29,Indo-Gangetic Plain,26.5,81.0,22.53872299194336,19,14
2024-10-30,Indo-Gangetic Plain,26.5,81.0,22.02281379699707,19,14
2024-10-31,Indo-Gangetic Plain,26.5,81.0,21.07792091369629,19,14
2024-11-01,Indo-Gangetic Plain,26.5,81.0,20.047828674316406,19,14
2024-11-02,Indo-Gangetic Plain,26.5,81.0,17.649642944335938,19,14
2024-11-03,Indo-Gangetic Plain,26.5,81.0,18.08091926574707,19,14
2024-11-04,Indo-Gangetic Plain,26.5,81.0,18.590118408203125,19,14
2024-11-05,Indo-Gangetic Plain,26.5,81.0,18.97739028930664,19,14
2024-11-06,Indo-Gangetic Plain,26.5,81.0,18.874977111816406,19,14
2024-11-07,Indo-Gangetic Plain,26.5,81.0,19.31374168395996,19,14
2024-11-08,Indo-Gangetic Plain,26.5,81.0,19.168550491333008,19,14
2024-11-09,Indo-Gangetic Plain,26.5,81.0,18.760194778442383,19,14
2024-11-10,Indo-Gangetic Plain,26.5,81.0,18.25505256652832,19,14
2024-11-11,Indo-Gangetic Plain,26.5,81.0,18.242774963378906,19,14
2024-11-12,Indo-Gangetic Plain,26.5,81.0,17.565935134887695,19,14
2024-11-13,Indo-Gangetic Plain,26.5,81.0,16.967435836791992,19,14
2024-11-14,Indo-Gangetic Plain,26.5,81.0,15.869384765625,19,14
2024-11-15,Indo-Gangetic Plain,26.5,81.0,15.279756546020508,19,14
2024-11-16,Indo-Gangetic Plain,26.5,81.0,14.392423629760742,19,14
2024-11-17,Indo-Gangetic Plain,26.5,81.0,14.789185523986816,19,14
2024-11-18,Indo-Gangetic Plain,26.5,81.0,13.991639137268066,19,14
2024-11-19,Indo-Gangetic Plain,26.5,81.0,14.410205841064453,19,14
2024-11-20,Indo-Gangetic Plain,26.5,81.0,12.629156112670898,19,14
2024-11-21,Indo-Gangetic Plain,26.5,81.0,11.949729919433594,19,14
2024-11-22,Indo-Gangetic Plain,26.5,81.0,11.920677185058594,19,14
2024-11-23,Indo-Gangetic Plain,26.5,81.0,12.251298904418945,19,14
2024-11-24,Indo-Gangetic Plain,26.5,81.0,12.33908748626709,19,14
2024-11-25,Indo-Gangetic Plain,26.5,81.0,13.175943374633789,19,14
2024-11-26,Indo-Gangetic Plain,26.5,81.0,12.564741134643555,19,14
2024-11-27,Indo-Gangetic Plain,26.5,81.0,11.475624084472656,19,14
2024-11-28,Indo-Gangetic Plain,26.5,81.0,10.570361137390137,19,14
2024-11-29,Indo-Gangetic Plain,26.5,81.0,10.293163299560547,19,14
2024-11-30,Indo-Gangetic Plain,26.5,81.0,10.339418411254883,19,14
2024-12-01,Indo-Gangetic Plain,26.5,81.0,10.152412414550781,19,14
2024-12-02,Indo-Gangetic Plain,26.5,81.0,10.463567733764648,19,14
2024-12-03,Indo-Gangetic Plain,26.5,81.0,10.855597496032715,19,14
2024-12-04,Indo-Gangetic Plain,26.5,81.0,11.688056945800781,19,14
2024-12-05,Indo-Gangetic Plain,26.5,81.0,11.201895713806152,19,14
2024-12-06,Indo-Gangetic Plain,26.5,81.0,9.65802001953125,19,14
2024-12-07,Indo-Gangetic Plain,26.5,81.0,8.477781295776367,19,14
2024-12-08,Indo-Gangetic Plain,26.5,81.0,9.266069412231445,19,14
2024-12-09,Indo-Gangetic Plain,26.5,81.0,10.943717002868652,19,14
2024-12-10,Indo-Gangetic Plain,26.5,81.0,9.032072067260742,19,14
2024-12-11,Indo-Gangetic Plain,26.5,81.0,7.796316146850586,19,14
2024-12-12,Indo-Gangetic Plain,26.5,81.0,5.740520477294922,19,14
2024-12-13,Indo-Gangetic Plain,26.5,81.0,6.223676681518555,19,14
2024-12-14,Indo-Gangetic Plain,26.5,81.0,5.800003528594971,19,14
2024-12-15,Indo-Gangetic Plain,26.5,81.0,5.351705074310303,19,14
2024-12-16,Indo-Gangetic Plain,26.5,81.0,6.502939224243164,19,14
2024-12-17,Indo-Gangetic Plain,26.5,81.0,7.0268473625183105,19,14
2024-12-18,Indo-Gangetic Plain,26.5,81.0,7.974437713623047,19,14
2024-12-19,Indo-Gangetic Plain,26.5,81.0,8.189031600952148,19,14
2024-12-20,Indo-Gangetic Plain,26.5,81.0,8.46512508392334,19,14
2024-12-21,Indo-Gangetic Plain,26.5,81.0,9.00618839263916,19,14
2024-12-22,Indo-Gangetic Plain,26.5,81.0,8.225391387939453,19,14
2024-12-23,Indo-Gangetic Plain,26.5,81.0,9.096136093139648,19,14
2024-12-24,Indo-Gangetic Plain,26.5,81.0,12.939604759216309,19,14
2024-12-25,Indo-Gangetic Plain,26.5,81.0,13.124587059020996,19,14
2024-12-26,Indo-Gangetic Plain,26.5,81.0,12.468300819396973,19,14
2024-12-27,Indo-Gangetic Plain,26.5,81.0,12.921758651733398,19,14
2024-12-28,Indo-Gangetic Plain,26.5,81.0,14.672402381896973,19,14
2024-12-29,Indo-Gangetic Plain,26.5,81.0,13.04484748840332,19,14
2024-12-30,Indo-Gangetic Plain,26.5,81.0,12.359432220458984,19,14
2024-12-31,Indo-Gangetic Plain,26.5,81.0,11.95240592956543,19,14
2024-01-01,Kerala Coast,9.5,76.5,22.63933753967285,2,9
2024-01-02,Kerala Coast,9.5,76.5,23.189176559448242,2,9
2024-01-03,Kerala Coast,9.5,76.5,22.6181640625,2,9
2024-01-04,Kerala Coast,9.5,76.5,23.44029426574707,2,9
2024-01-05,Kerala Coast,9.5,76.5,22.603809356689453,2,9
2024-01-06,Kerala Coast,9.5,76.5,23.35974884033203,2,9
2024-01-07,Kerala Coast,9.5,76.5,23.502607345581055,2,9
2024-01-08,Kerala Coast,9.5,76.5,23.469791412353516,2,9
2024-01-09,Kerala Coast,9.5,76.5,23.250537872314453,2,9
2024-01-10,Kerala Coast,9.5,76.5,22.58099937438965,2,9
2024-01-11,Kerala Coast,9.5,76.5,22.609909057617188,2,9
2024-01-12,Kerala Coast,9.5,76.5,22.47748565673828,2,9
2024-01-13,Kerala Coast,9.5,76.5,21.378128051757812,2,9
2024-01-14,Kerala Coast,9.5,76.5,21.82042121887207,2,9
2024-01-15,Kerala Coast,9.5,76.5,21.59295654296875,2,9
2024-01-16,Kerala Coast,9.5,76.5,21.228473663330078,2,9
2024-01-17,Kerala Coast,9.5,76.5,20.61397933959961,2,9
2024-01-18,Kerala Coast,9.5,76.5,20.804868698120117,2,9
2024-01-19,Kerala Coast,9.5,76.5,22.534000396728516,2,9
2024-01-20,Kerala Coast,9.5,76.5,22.90801239013672,2,9
2024-01-21,Kerala Coast,9.5,76.5,22.563467025756836,2,9
2024-01-22,Kerala Coast,9.5,76.5,22.480194091796875,2,9
2024-01-23,Kerala Coast,9.5,76.5,22.371395111083984,2,9
2024-01-24,Kerala Coast,9.5,76.5,22.334388732910156,2,9
2024-01-25,Kerala Coast,9.5,76.5,21.566133499145508,2,9
2024-01-26,Kerala Coast,9.5,76.5,21.568225860595703,2,9
2024-01-27,Kerala Coast,9.5,76.5,21.399608612060547,2,9
2024-01-28,Kerala Coast,9.5,76.5,21.58879280090332,2,9
2024-01-29,Kerala Coast,9.5,76.5,21.820940017700195,2,9
2024-01-30,Kerala Coast,9.5,76.5,21.70549201965332,2,9
2024-01-31,Kerala Coast,9.5,76.5,22.676424026489258,2,9
2024-02-01,Kerala Coast,9.5,76.5,22.860361099243164,2,9
2024-02-02,Kerala Coast,9.5,76.5,22.982322692871094,2,9
2024-02-03,Kerala Coast,9.5,76.5,23.164827346801758,2,9
2024-02-04,Kerala Coast,9.5,76.5,23.12452507019043,2,9
2024-02-05,Kerala Coast,9.5,76.5,22.47139549255371,2,9
2024-02-06,Kerala Coast,9.5,76.5,22.044132232666016,2,9
2024-02-07,Kerala Coast,9.5,76.5,22.329418182373047,2,9
2024-02-08,Kerala Coast,9.5,76.5,21.967391967773438,2,9
2024-02-09,Kerala Coast,9.5,76.5,21.653573989868164,2,9
2024-02-10,Kerala Coast,9.5,76.5,22.396114349365234,2,9
2024-02-11,Kerala Coast,9.5,76.5,22.80178451538086,2,9
2024-02-12,Kerala Coast,9.5,76.5,22.237424850463867,2,9
2024-02-13,Kerala Coast,9.5,76.5,22.61077880859375,2,9
2024-02-14,Kerala Coast,9.5,76.5,23.35460090637207,2,9
2024-02-15,Kerala Coast,9.5,76.5,22.574918746948242,2,9
2024-02-16,Kerala Coast,9.5,76.5,22.721513748168945,2,9
2024-02-17,Kerala Coast,9.5,76.5,23.363252639770508,2,9
2024-02-18,Kerala Coast,9.5,76.5,23.320045471191406,2,9
2024-02-19,Kerala Coast,9.5,76.5,23.37826156616211,2,9
2024-02-20,Kerala Coast,9.5,76.5,23.38408660888672,2,9
2024-02-21,Kerala Coast,9.5,76.5,23.277286529541016,2,9
2024-02-22,Kerala Coast,9.5,76.5,23.919923782348633,2,9
2024-02-23,Kerala Coast,9.5,76.5,23.58841323852539,2,9
2024-02-24,Kerala Coast,9.5,76.5,23.93773651123047,2,9
2024-02-25,Kerala Coast,9.5,76.5,24.226913452148438,2,9
2024-02-26,Kerala Coast,9.5,76.5,23.457889556884766,2,9
2024-02-27,Kerala Coast,9.5,76.5,23.927549362182617,2,9
2024-02-28,Kerala Coast,9.5,76.5,23.300273895263672,2,9
2024-02-29,Kerala Coast,9.5,76.5,23.437532424926758,2,9
2024-03-01,Kerala Coast,9.5,76.5,23.389570236206055,2,9
2024-03-02,Kerala Coast,9.5,76.5,23.09795570373535,2,9
2024-03-03,Kerala Coast,9.5,76.5,22.75168800354004,2,9
2024-03-04,Kerala Coast,9.5,76.5,23.272123336791992,2,9
2024-03-05,Kerala Coast,9.5,76.5,23.431371688842773,2,9
2024-03-06,Kerala Coast,9.5,76.5,23.626651763916016,2,9
2024-03-07,Kerala Coast,9.5,76.5,23.473390579223633,2,9
2024-03-08,Kerala Coast,9.5,76.5,23.360795974731445,2,9
2024-03-09,Kerala Coast,9.5,76.5,23.65806770324707,2,9
2024-03-10,Kerala Coast,9.5,76.5,24.271995544433594,2,9
2024-03-11,Kerala Coast,9.5,76.5,24.261375427246094,2,9
2024-03-12,Kerala Coast,9.5,76.5,23.60939598083496,2,9
2024-03-13,Kerala Coast,9.5,76.5,23.761831283569336,2,9
2024-03-14,Kerala Coast,9.5,76.5,24.06903839111328,2,9
2024-03-15,Kerala Coast,9.5,76.5,24.696008682250977,2,9
2024-03-16,Kerala Coast,9.5,76.5,24.590511322021484,2,9
2024-03-17,Kerala Coast,9.5,76.5,24.073104858398438,2,9
2024-03-18,Kerala Coast,9.5,76.5,23.937597274780273,2,9
2024-03-19,Kerala Coast,9.5,76.5,23.540624618530273,2,9
2024-03-20,Kerala Coast,9.5,76.5,23.223739624023438,2,9
2024-03-21,Kerala Coast,9.5,76.5,24.013551712036133,2,9
2024-03-22,Kerala Coast,9.5,76.5,24.486970901489258,2,9
2024-03-23,Kerala Coast,9.5,76.5,23.841960906982422,2,9
2024-03-24,Kerala Coast,9.5,76.5,24.271982192993164,2,9
2024-03-25,Kerala Coast,9.5,76.5,23.751211166381836,2,9
2024-03-26,Kerala Coast,9.5,76.5,23.945402145385742,2,9
2024-03-27,Kerala Coast,9.5,76.5,24.272926330566406,2,9
2024-03-28,Kerala Coast,9.5,76.5,24.830093383789062,2,9
2024-03-29,Kerala Coast,9.5,76.5,24.27485466003418,2,9
2024-03-30,Kerala Coast,9.5,76.5,24.429672241210938,2,9
2024-03-31,Kerala Coast,9.5,76.5,24.152729034423828,2,9
2024-04-01,Kerala Coast,9.5,76.5,24.764570236206055,2,9
2024-04-02,Kerala Coast,9.5,76.5,25.28082275390625,2,9
2024-04-03,Kerala Coast,9.5,76.5,25.55336570739746,2,9
2024-04-04,Kerala Coast,9.5,76.5,25.16828155517578,2,9
2024-04-05,Kerala Coast,9.5,76.5,24.839433670043945,2,9
2024-04-06,Kerala Coast,9.5,76.5,25.085132598876953,2,9
2024-04-07,Kerala Coast,9.5,76.5,25.702415466308594,2,9
2024-04-08,Kerala Coast,9.5,76.5,25.649505615234375,2,9
2024-04-09,Kerala Coast,9.5,76.5,25.529067993164062,2,9
2024-04-10,Kerala Coast,9.5,76.5,25.31064796447754,2,9
2024-04-11,Kerala Coast,9.5,76.5,25.532224655151367,2,9
2024-04-12,Kerala Coast,9.5,76.5,25.07572364807129,2,9
2024-04-13,Kerala Coast,9.5,76.5,24.04753303527832,2,9
2024-04-14,Kerala Coast,9.5,76.5,24.725656509399414,2,9
2024-04-15,Kerala Coast,9.5,76.5,24.571319580078125,2,9
2024-04-16,Kerala Coast,9.5,76.5,26.029916763305664,2,9
2024-04-17,Kerala Coast,9.5,76.5,25.15654945373535,2,9
2024-04-18,Kerala Coast,9.5,76.5,25.800596237182617,2,9
2024-04-19,Kerala Coast,9.5,76.5,26.14563751220703,2,9
2024-04-20,Kerala Coast,9.5,76.5,26.278947830200195,2,9
2024-04-21,Kerala Coast,9.5,76.5,26.056991577148438,2,9
2024-04-22,Kerala Coast,9.5,76.5,25.5291805267334,2,9
2024-04-23,Kerala Coast,9.5,76.5,25.89957046508789,2,9
2024-04-24,Kerala Coast,9.5,76.5,25.446508407592773,2,9
2024-04-25,Kerala Coast,9.5,76.5,25.108810424804688,2,9
2024-04-26,Kerala Coast,9.5,76.5,25.977018356323242,2,9
2024-04-27,Kerala Coast,9.5,76.5,25.309568405151367,2,9
2024-04-28,Kerala Coast,9.5,76.5,26.336475372314453,2,9
2024-04-29,Kerala Coast,9.5,76.5,26.34650230407715,2,9
2024-04-30,Kerala Coast,9.5,76.5,26.70868492126465,2,9
2024-05-01,Kerala Coast,9.5,76.5,25.57457160949707,2,9
2024-05-02,Kerala Coast,9.5,76.5,26.83191680908203,2,9
2024-05-03,Kerala Coast,9.5,76.5,27.611064910888672,2,9
2024-05-04,Kerala Coast,9.5,76.5,27.075376510620117,2,9
2024-05-05,Kerala Coast,9.5,76.5,27.38095474243164,2,9
2024-05-06,Kerala Coast,9.5,76.5,26.762508392333984,2,9
2024-05-07,Kerala Coast,9.5,76.5,26.015554428100586,2,9
2024-05-08,Kerala Coast,9.5,76.5,26.503732681274414,2,9
2024-05-09,Kerala Coast,9.5,76.5,25.255971908569336,2,9
2024-05-10,Kerala Coast,9.5,76.5,24.5504093170166,2,9
2024-05-11,Kerala Coast,9.5,76.5,25.085901260375977,2,9
2024-05-12,Kerala Coast,9.5,76.5,24.45297622680664,2,9
2024-05-13,Kerala Coast,9.5,76.5,24.489673614501953,2,9
2024-05-14,Kerala Coast,9.5,76.5,23.95844268798828,2,9
2024-05-15,Kerala Coast,9.5,76.5,23.913637161254883,2,9
2024-05-16,Kerala Coast,9.5,76.5,23.69218635559082,2,9
2024-05-17,Kerala Coast,9.5,76.5,24.19066047668457,2,9
2024-05-18,Kerala Coast,9.5,76.5,23.63326644897461,2,9
2024-05-19,Kerala Coast,9.5,76.5,23.72507667541504,2,9
2024-05-20,Kerala Coast,9.5,76.5,23.237913131713867,2,9
2024-05-21,Kerala Coast,9.5,76.5,22.932331085205078,2,9
2024-05-22,Kerala Coast,9.5,76.5,23.704349517822266,2,9
2024-05-23,Kerala Coast,9.5,76.5,23.4134578704834,2,9
2024-05-24,Kerala Coast,9.5,76.5,23.5642147064209,2,9
2024-05-25,Kerala Coast,9.5,76.5,22.84364128112793,2,9
2024-05-26,Kerala Coast,9.5,76.5,23.85906410217285,2,9
2024-05-27,Kerala Coast,9.5,76.5,23.494956970214844,2,9
2024-05-28,Kerala Coast,9.5,76.5,23.96718978881836,2,9
2024-05-29,Kerala Coast,9.5,76.5,24.24334144592285,2,9
2024-05-30,Kerala Coast,9.5,76.5,24.103803634643555,2,9
2024-05-31,Kerala Coast,9.5,76.5,24.5653133392334,2,9
2024-06-01,Kerala Coast,9.5,76.5,25.09348487854004,2,9
2024-06-02,Kerala Coast,9.5,76.5,24.699657440185547,2,9
2024-06-03,Kerala Coast,9.5,76.5,23.948104858398438,2,9
2024-06-04,Kerala Coast,9.5,76.5,24.290340423583984,2,9
2024-06-05,Kerala Coast,9.5,76.5,24.6585636138916,2,9
2024-06-06,Kerala Coast,9.5,76.5,24.704696655273438,2,9
2024-06-07,Kerala Coast,9.5,76.5,23.305973052978516,2,9
2024-06-08,Kerala Coast,9.5,76.5,24.096458435058594,2,9
2024-06-09,Kerala Coast,9.5,76.5,23.020265579223633,2,9
2024-06-10,Kerala Coast,9.5,76.5,23.61874771118164,2,9
2024-06-11,Kerala Coast,9.5,76.5,23.98780059814453,2,9
2024-06-12,Kerala Coast,9.5,76.5,24.496145248413086,2,9
2024-06-13,Kerala Coast,9.5,76.5,24.03031349182129,2,9
2024-06-14,Kerala Coast,9.5,76.5,24.101627349853516,2,9
2024-06-15,Kerala Coast,9.5,76.5,24.28133201599121,2,9
2024-06-16,Kerala Coast,9.5,76.5,23.914512634277344,2,9
2024-06-17,Kerala Coast,9.5,76.5,24.48674774169922,2,9
2024-06-18,Kerala Coast,9.5,76.5,24.53690528869629,2,9
2024-06-19,Kerala Coast,9.5,76.5,24.06071662902832,2,9
2024-06-20,Kerala Coast,9.5,76.5,23.401180267333984,2,9
2024-06-21,Kerala Coast,9.5,76.5,23.422231674194336,2,9
2024-06-22,Kerala Coast,9.5,76.5,23.236652374267578,2,9
2024-06-23,Kerala Coast,9.5,76.5,23.61507797241211,2,9
2024-06-24,Kerala Coast,9.5,76.5,23.579551696777344,2,9
2024-06-25,Kerala Coast,9.5,76.5,22.907569885253906,2,9
2024-06-26,Kerala Coast,9.5,76.5,23.16222381591797,2,9
2024-06-27,Kerala Coast,9.5,76.5,22.93524169921875,2,9
2024-06-28,Kerala Coast,9.5,76.5,23.117464065551758,2,9
2024-06-29,Kerala Coast,9.5,76.5,23.6053409576416,2,9
2024-06-30,Kerala Coast,9.5,76.5,23.93228530883789,2,9
2024-07-01,Kerala Coast,9.5,76.5,23.738208770751953,2,9
2024-07-02,Kerala Coast,9.5,76.5,23.708932876586914,2,9
2024-07-03,Kerala Coast,9.5,76.5,24.164690017700195,2,9
2024-07-04,Kerala Coast,9.5,76.5,23.856311798095703,2,9
2024-07-05,Kerala Coast,9.5,76.5,24.87271499633789,2,9
2024-07-06,Kerala Coast,9.5,76.5,22.183185577392578,2,9
2024-07-07,Kerala Coast,9.5,76.5,23.19564437866211,2,9
2024-07-08,Kerala Coast,9.5,76.5,23.063304901123047,2,9
2024-07-09,Kerala Coast,9.5,76.5,23.29787254333496,2,9
2024-07-10,Kerala Coast,9.5,76.5,23.34567642211914,2,9
2024-07-11,Kerala Coast,9.5,76.5,23.832473754882812,2,9
2024-07-12,Kerala Coast,9.5,76.5,24.501909255981445,2,9
2024-07-13,Kerala Coast,9.5,76.5,22.852319717407227,2,9
2024-07-14,Kerala Coast,9.5,76.5,22.913646697998047,2,9
2024-07-15,Kerala Coast,9.5,76.5,22.594350814819336,2,9
2024-07-16,Kerala Coast,9.5,76.5,22.47022247314453,2,9
2024-07-17,Kerala Coast,9.5,76.5,23.312702178955078,2,9
2024-07-18,Kerala Coast,9.5,76.5,23.107263565063477,2,9
2024-07-19,Kerala Coast,9.5,76.5,23.231172561645508,2,9
2024-07-20,Kerala Coast,9.5,76.5,23.953006744384766,2,9
2024-07-21,Kerala Coast,9.5,76.5,24.195783615112305,2,9
2024-07-22,Kerala Coast,9.5,76.5,24.405620574951172,2,9
2024-07-23,Kerala Coast,9.5,76.5,23.771587371826172,2,9
2024-07-24,Kerala Coast,9.5,76.5,23.684999465942383,2,9
2024-07-25,Kerala Coast,9.5,76.5,23.53024673461914,2,9
2024-07-26,Kerala Coast,9.5,76.5,23.58110237121582,2,9
2024-07-27,Kerala Coast,9.5,76.5,24.30872344970703,2,9
2024-07-28,Kerala Coast,9.5,76.5,23.588762283325195,2,9
2024-07-29,Kerala Coast,9.5,76.5,23.323503494262695,2,9
2024-07-30,Kerala Coast,9.5,76.5,22.578779220581055,2,9
2024-07-31,Kerala Coast,9.5,76.5,23.313642501831055,2,9
2024-08-01,Kerala Coast,9.5,76.5,22.83531951904297,2,9
2024-08-02,Kerala Coast,9.5,76.5,23.535308837890625,2,9
2024-08-03,Kerala Coast,9.5,76.5,23.49034881591797,2,9
2024-08-04,Kerala Coast,9.5,76.5,23.950963973999023,2,9
2024-08-05,Kerala Coast,9.5,76.5,23.333616256713867,2,9
2024-08-06,Kerala Coast,9.5,76.5,23.447328567504883,2,9
2024-08-07,Kerala Coast,9.5,76.5,23.2648983001709,2,9
2024-08-08,Kerala Coast,9.5,76.5,23.466712951660156,2,9
2024-08-09,Kerala Coast,9.5,76.5,23.22870635986328,2,9
2024-08-10,Kerala Coast,9.5,76.5,24.066587448120117,2,9
2024-08-11,Kerala Coast,9.5,76.5,24.063793182373047,2,9
2024-08-12,Kerala Coast,9.5,76.5,23.74411392211914,2,9
2024-08-13,Kerala Coast,9.5,76.5,23.736263275146484,2,9
2024-08-14,Kerala Coast,9.5,76.5,23.010892868041992,2,9
2024-08-15,Kerala Coast,9.5,76.5,23.812833786010742,2,9
2024-08-16,Kerala Coast,9.5,76.5,24.304147720336914,2,9
2024-08-17,Kerala Coast,9.5,76.5,24.086570739746094,2,9
2024-08-18,Kerala Coast,9.5,76.5,23.674352645874023,2,9
2024-08-19,Kerala Coast,9.5,76.5,24.371824264526367,2,9
2024-08-20,Kerala Coast,9.5,76.5,23.691478729248047,2,9
2024-08-21,Kerala Coast,9.5,76.5,22.6977596282959,2,9
2024-08-22,Kerala Coast,9.5,76.5,23.384159088134766,2,9
2024-08-23,Kerala Coast,9.5,76.5,23.570650100708008,2,9
2024-08-24,Kerala Coast,9.5,76.5,24.299558639526367,2,9
2024-08-25,Kerala Coast,9.5,76.5,23.75122833251953,2,9
2024-08-26,Kerala Coast,9.5,76.5,23.33978843688965,2,9
2024-08-27,Kerala Coast,9.5,76.5,23.73682403564453,2,9
2024-08-28,Kerala Coast,9.5,76.5,23.74091339111328,2,9
2024-08-29,Kerala Coast,9.5,76.5,24.1451473236084,2,9
2024-08-30,Kerala Coast,9.5,76.5,22.710466384887695,2,9
2024-08-31,Kerala Coast,9.5,76.5,23.32594871520996,2,9
2024-09-01,Kerala Coast,9.5,76.5,23.43167495727539,2,9
2024-09-02,Kerala Coast,9.5,76.5,23.54146385192871,2,9
2024-09-03,Kerala Coast,9.5,76.5,23.55598258972168,2,9
2024-09-04,Kerala Coast,9.5,76.5,23.6226863861084,2,9
2024-09-05,Kerala Coast,9.5,76.5,23.92278480529785,2,9
2024-09-06,Kerala Coast,9.5,76.5,23.86833381652832,2,9
2024-09-07,Kerala Coast,9.5,76.5,23.92498779296875,2,9
2024-09-08,Kerala Coast,9.5,76.5,23.959060668945312,2,9
2024-09-09,Kerala Coast,9.5,76.5,23.725509643554688,2,9
2024-09-10,Kerala Coast,9.5,76.5,23.738073348999023,2,9
2024-09-11,Kerala Coast,9.5,76.5,23.696060180664062,2,9
2024-09-12,Kerala Coast,9.5,76.5,23.3669490814209,2,9
2024-09-13,Kerala Coast,9.5,76.5,23.87596321105957,2,9
2024-09-14,Kerala Coast,9.5,76.5,23.950389862060547,2,9
2024-09-15,Kerala Coast,9.5,76.5,23.786327362060547,2,9
2024-09-16,Kerala Coast,9.5,76.5,24.655405044555664,2,9
2024-09-17,Kerala Coast,9.5,76.5,24.3176212310791,2,9
2024-09-18,Kerala Coast,9.5,76.5,23.992366790771484,2,9
2024-09-19,Kerala Coast,9.5,76.5,23.247676849365234,2,9
2024-09-20,Kerala Coast,9.5,76.5,23.489286422729492,2,9
2024-09-21,Kerala Coast,9.5,76.5,23.546131134033203,2,9
2024-09-22,Kerala Coast,9.5,76.5,23.513072967529297,2,9
2024-09-23,Kerala Coast,9.5,76.5,23.44550323486328,2,9
2024-09-24,Kerala Coast,9.5,76.5,23.658336639404297,2,9
2024-09-25,Kerala Coast,9.5,76.5,23.53656005859375,2,9
2024-09-26,Kerala Coast,9.5,76.5,24.10776138305664,2,9
2024-09-27,Kerala Coast,9.5,76.5,23.791662216186523,2,9
2024-09-28,Kerala Coast,9.5,76.5,24.2833309173584,2,9
2024-09-29,Kerala Coast,9.5,76.5,23.8377685546875,2,9
2024-09-30,Kerala Coast,9.5,76.5,22.754409790039062,2,9
2024-10-01,Kerala Coast,9.5,76.5,23.973777770996094,2,9
2024-10-02,Kerala Coast,9.5,76.5,23.904041290283203,2,9
2024-10-03,Kerala Coast,9.5,76.5,23.920909881591797,2,9
2024-10-04,Kerala Coast,9.5,76.5,24.155736923217773,2,9
2024-10-05,Kerala Coast,9.5,76.5,23.56806182861328,2,9
2024-10-06,Kerala Coast,9.5,76.5,23.77243995666504,2,9
2024-10-07,Kerala Coast,9.5,76.5,22.89665412902832,2,9
2024-10-08,Kerala Coast,9.5,76.5,23.050756454467773,2,9
2024-10-09,Kerala Coast,9.5,76.5,23.576332092285156,2,9
2024-10-10,Kerala Coast,9.5,76.5,22.497156143188477,2,9
2024-10-11,Kerala Coast,9.5,76.5,22.81368064880371,2,9
2024-10-12,Kerala Coast,9.5,76.5,22.20073699951172,2,9
2024-10-13,Kerala Coast,9.5,76.5,23.005443572998047,2,9
2024-10-14,Kerala Coast,9.5,76.5,22.94790267944336,2,9
2024-10-15,Kerala Coast,9.5,76.5,22.47339630126953,2,9
2024-10-16,Kerala Coast,9.5,76.5,22.944795608520508,2,9
2024-10-17,Kerala Coast,9.5,76.5,22.92149543762207,2,9
2024-10-18,Kerala Coast,9.5,76.5,23.144207000732422,2,9
2024-10-19,Kerala Coast,9.5,76.5,23.547510147094727,2,9
2024-10-20,Kerala Coast,9.5,76.5,23.728063583374023,2,9
2024-10-21,Kerala Coast,9.5,76.5,23.445289611816406,2,9
2024-10-22,Kerala Coast,9.5,76.5,24.09100914001465,2,9
2024-10-23,Kerala Coast,9.5,76.5,22.93035316467285,2,9
2024-10-24,Kerala Coast,9.5,76.5,23.045759201049805,2,9
2024-10-25,Kerala Coast,9.5,76.5,23.040876388549805,2,9
2024-10-26,Kerala Coast,9.5,76.5,22.41031265258789,2,9
2024-10-27,Kerala Coast,9.5,76.5,22.645532608032227,2,9
2024-10-28,Kerala Coast,9.5,76.5,23.03182029724121,2,9
2024-10-29,Kerala Coast,9.5,76.5,23.453125,2,9
2024-10-30,Kerala Coast,9.5,76.5,23.534502029418945,2,9
2024-10-31,Kerala Coast,9.5,76.5,24.16489028930664,2,9
2024-11-01,Kerala Coast,9.5,76.5,23.116060256958008,2,9
2024-11-02,Kerala Coast,9.5,76.5,23.46420669555664,2,9
2024-11-03,Kerala Coast,9.5,76.5,22.081098556518555,2,9
2024-11-04,Kerala Coast,9.5,76.5,22.88127899169922,2,9
2024-11-05,Kerala Coast,9.5,76.5,22.42515754699707,2,9
2024-11-06,Kerala Coast,9.5,76.5,22.41123390197754,2,9
2024-11-07,Kerala Coast,9.5,76.5,23.34775733947754,2,9
2024-11-08,Kerala Coast,9.5,76.5,23.99964141845703,2,9
2024-11-09,Kerala Coast,9.5,76.5,22.857181549072266,2,9
2024-11-10,Kerala Coast,9.5,76.5,23.11095428466797,2,9
2024-11-11,Kerala Coast,9.5,76.5,22.920379638671875,2,9
2024-11-12,Kerala Coast,9.5,76.5,23.020668029785156,2,9
2024-11-13,Kerala Coast,9.5,76.5,23.829668045043945,2,9
2024-11-14,Kerala Coast,9.5,76.5,23.942052841186523,2,9
2024-11-15,Kerala Coast,9.5,76.5,23.47846794128418,2,9
2024-11-16,Kerala Coast,9.5,76.5,23.33930015563965,2,9
2024-11-17,Kerala Coast,9.5,76.5,23.1422119140625,2,9
2024-11-18,Kerala Coast,9.5,76.5,22.887025833129883,2,9
2024-11-19,Kerala Coast,9.5,76.5,23.39658546447754,2,9
2024-11-20,Kerala Coast,9.5,76.5,22.120594024658203,2,9
2024-11-21,Kerala Coast,9.5,76.5,22.4951114654541,2,9
2024-11-22,Kerala Coast,9.5,76.5,22.482648849487305,2,9
2024-11-23,Kerala Coast,9.5,76.5,22.929309844970703,2,9
2024-11-24,Kerala Coast,9.5,76.5,23.214326858520508,2,9
2024-11-25,Kerala Coast,9.5,76.5,23.046974182128906,2,9
2024-11-26,Kerala Coast,9.5,76.5,23.233198165893555,2,9
2024-11-27,Kerala Coast,9.5,76.5,22.286907196044922,2,9
2024-11-28,Kerala Coast,9.5,76.5,22.1514835357666,2,9
2024-11-29,Kerala Coast,9.5,76.5,22.886215209960938,2,9
2024-11-30,Kerala Coast,9.5,76.5,23.163068771362305,2,9
2024-12-01,Kerala Coast,9.5,76.5,23.91207504272461,2,9
2024-12-02,Kerala Coast,9.5,76.5,23.47525978088379,2,9
2024-12-03,Kerala Coast,9.5,76.5,22.91375732421875,2,9
2024-12-04,Kerala Coast,9.5,76.5,23.922548294067383,2,9
2024-12-05,Kerala Coast,9.5,76.5,23.22856330871582,2,9
2024-12-06,Kerala Coast,9.5,76.5,22.741973876953125,2,9
2024-12-07,Kerala Coast,9.5,76.5,23.04850959777832,2,9
2024-12-08,Kerala Coast,9.5,76.5,23.122989654541016,2,9
2024-12-09,Kerala Coast,9.5,76.5,22.320463180541992,2,9
2024-12-10,Kerala Coast,9.5,76.5,22.86501693725586,2,9
2024-12-11,Kerala Coast,9.5,76.5,22.900177001953125,2,9
2024-12-12,Kerala Coast,9.5,76.5,22.898395538330078,2,9
2024-12-13,Kerala Coast,9.5,76.5,22.88581085205078,2,9
2024-12-14,Kerala Coast,9.5,76.5,21.70097541809082,2,9
2024-12-15,Kerala Coast,9.5,76.5,20.702720642089844,2,9
2024-12-16,Kerala Coast,9.5,76.5,21.428390502929688,2,9
2024-12-17,Kerala Coast,9.5,76.5,21.2163143157959,2,9
2024-12-18,Kerala Coast,9.5,76.5,21.5788516998291,2,9
2024-12-19,Kerala Coast,9.5,76.5,22.810728073120117,2,9
2024-12-20,Kerala Coast,9.5,76.5,23.118602752685547,2,9
2024-12-21,Kerala Coast,9.5,76.5,23.17017364501953,2,9
2024-12-22,Kerala Coast,9.5,76.5,22.601198196411133,2,9
2024-12-23,Kerala Coast,9.5,76.5,21.49125862121582,2,9
2024-12-24,Kerala Coast,9.5,76.5,21.280609130859375,2,9
2024-12-25,Kerala Coast,9.5,76.5,20.84400177001953,2,9
2024-12-26,Kerala Coast,9.5,76.5,22.24472427368164,2,9
2024-12-27,Kerala Coast,9.5,76.5,23.32192611694336,2,9
2024-12-28,Kerala Coast,9.5,76.5,22.575998306274414,2,9
2024-12-29,Kerala Coast,9.5,76.5,22.437368392944336,2,9
2024-12-30,Kerala Coast,9.5,76.5,23.49625015258789,2,9
2024-12-31,Kerala Coast,9.5,76.5,22.83116340637207,2,9
2024-01-01,Northeast,26.0,91.7,10.333640098571777,18,24
2024-01-02,Northeast,26.0,91.7,10.398913383483887,18,24
2024-01-03,Northeast,26.0,91.7,10.423891067504883,18,24
2024-01-04,Northeast,26.0,91.7,9.56241512298584,18,24
2024-01-05,Northeast,26.0,91.7,9.590290069580078,18,24
2024-01-06,Northeast,26.0,91.7,9.693990707397461,18,24
2024-01-07,Northeast,26.0,91.7,10.083995819091797,18,24
2024-01-08,Northeast,26.0,91.7,10.931328773498535,18,24
2024-01-09,Northeast,26.0,91.7,10.985525131225586,18,24
2024-01-10,Northeast,26.0,91.7,11.003279685974121,18,24
2024-01-11,Northeast,26.0,91.7,10.606277465820312,18,24
2024-01-12,Northeast,26.0,91.7,11.160785675048828,18,24
2024-01-13,Northeast,26.0,91.7,10.47252368927002,18,24
2024-01-14,Northeast,26.0,91.7,9.886041641235352,18,24
2024-01-15,Northeast,26.0,91.7,10.4824857711792,18,24
2024-01-16,Northeast,26.0,91.7,11.31550407409668,18,24
2024-01-17,Northeast,26.0,91.7,11.016515731811523,18,24
2024-01-18,Northeast,26.0,91.7,8.496715545654297,18,24
2024-01-19,Northeast,26.0,91.7,8.145727157592773,18,24
2024-01-20,Northeast,26.0,91.7,8.32785701751709,18,24
2024-01-21,Northeast,26.0,91.7,9.15858268737793,18,24
2024-01-22,Northeast,26.0,91.7,9.426767349243164,18,24
2024-01-23,Northeast,26.0,91.7,7.817108154296875,18,24
2024-01-24,Northeast,26.0,91.7,8.555468559265137,18,24
2024-01-25,Northeast,26.0,91.7,10.270682334899902,18,24
2024-01-26,Northeast,26.0,91.7,8.759300231933594,18,24
2024-01-27,Northeast,26.0,91.7,9.362517356872559,18,24
2024-01-28,Northeast,26.0,91.7,8.567493438720703,18,24
2024-01-29,Northeast,26.0,91.7,9.558345794677734,18,24
2024-01-30,Northeast,26.0,91.7,10.43969440460205,18,24
2024-01-31,Northeast,26.0,91.7,10.66672134399414,18,24
2024-02-01,Northeast,26.0,91.7,12.090174674987793,18,24
2024-02-02,Northeast,26.0,91.7,12.577472686767578,18,24
2024-02-03,Northeast,26.0,91.7,11.539860725402832,18,24
2024-02-04,Northeast,26.0,91.7,10.43087387084961,18,24
2024-02-05,Northeast,26.0,91.7,11.550833702087402,18,24
2024-02-06,Northeast,26.0,91.7,12.177964210510254,18,24
2024-02-07,Northeast,26.0,91.7,12.463909149169922,18,24
2024-02-08,Northeast,26.0,91.7,8.977591514587402,18,24
2024-02-09,Northeast,26.0,91.7,7.947881698608398,18,24
2024-02-10,Northeast,26.0,91.7,8.598225593566895,18,24
2024-02-11,Northeast,26.0,91.7,9.413634300231934,18,24
2024-02-12,Northeast,26.0,91.7,9.914691925048828,18,24
2024-02-13,Northeast,26.0,91.7,10.452479362487793,18,24
2024-02-14,Northeast,26.0,91.7,11.219064712524414,18,24
2024-02-15,Northeast,26.0,91.7,13.548321723937988,18,24
2024-02-16,Northeast,26.0,91.7,12.37617301940918,18,24
2024-02-17,Northeast,26.0,91.7,11.858893394470215,18,24
2024-02-18,Northeast,26.0,91.7,11.28111457824707,18,24
2024-02-19,Northeast,26.0,91.7,11.200541496276855,18,24
2024-02-20,Northeast,26.0,91.7,11.1702299118042,18,24
2024-02-21,Northeast,26.0,91.7,15.062455177307129,18,24
2024-02-22,Northeast,26.0,91.7,14.757181167602539,18,24
2024-02-23,Northeast,26.0,91.7,14.632501602172852,18,24
2024-02-24,Northeast,26.0,91.7,10.981325149536133,18,24
2024-02-25,Northeast,26.0,91.7,11.70533275604248,18,24
2024-02-26,Northeast,26.0,91.7,9.354321479797363,18,24
2024-02-27,Northeast,26.0,91.7,10.40622329711914,18,24
2024-02-28,Northeast,26.0,91.7,11.602126121520996,18,24
2024-02-29,Northeast,26.0,91.7,12.575057029724121,18,24
2024-03-01,Northeast,26.0,91.7,13.20957088470459,18,24
2024-03-02,Northeast,26.0,91.7,12.875187873840332,18,24
2024-03-03,Northeast,26.0,91.7,14.194533348083496,18,24
2024-03-04,Northeast,26.0,91.7,14.752734184265137,18,24
2024-03-05,Northeast,26.0,91.7,15.205662727355957,18,24
2024-03-06,Northeast,26.0,91.7,13.542314529418945,18,24
2024-03-07,Northeast,26.0,91.7,12.675871849060059,18,24
2024-03-08,Northeast,26.0,91.7,12.84295654296875,18,24
2024-03-09,Northeast,26.0,91.7,11.907569885253906,18,24
2024-03-10,Northeast,26.0,91.7,12.773393630981445,18,24
2024-03-11,Northeast,26.0,91.7,13.439804077148438,18,24
2024-03-12,Northeast,26.0,91.7,14.806695938110352,18,24
2024-03-13,Northeast,26.0,91.7,15.949853897094727,18,24
2024-03-14,Northeast,26.0,91.7,16.894262313842773,18,24
2024-03-15,Northeast,26.0,91.7,16.80466079711914,18,24
2024-03-16,Northeast,26.0,91.7,15.89421272277832,18,24
2024-03-17,Northeast,26.0,91.7,16.293306350708008,18,24
2024-03-18,Northeast,26.0,91.7,16.038658142089844,18,24
2024-03-19,Northeast,26.0,91.7,15.81937313079834,18,24
2024-03-20,Northeast,26.0,91.7,16.880573272705078,18,24
2024-03-21,Northeast,26.0,91.7,16.422073364257812,18,24
2024-03-22,Northeast,26.0,91.7,14.617866516113281,18,24
2024-03-23,Northeast,26.0,91.7,15.333297729492188,18,24
2024-03-24,Northeast,26.0,91.7,15.95402717590332,18,24
2024-03-25,Northeast,26.0,91.7,17.616445541381836,18,24
2024-03-26,Northeast,26.0,91.7,16.370222091674805,18,24
2024-03-27,Northeast,26.0,91.7,16.913196563720703,18,24
2024-03-28,Northeast,26.0,91.7,17.700363159179688,18,24
2024-03-29,Northeast,26.0,91.7,17.54378318786621,18,24
2024-03-30,Northeast,26.0,91.7,18.723684310913086,18,24
2024-03-31,Northeast,26.0,91.7,20.50229835510254,18,24
2024-04-01,Northeast,26.0,91.7,19.154939651489258,18,24
2024-04-02,Northeast,26.0,91.7,19.103151321411133,18,24
2024-04-03,Northeast,26.0,91.7,19.417226791381836,18,24
2024-04-04,Northeast,26.0,91.7,20.018508911132812,18,24
2024-04-05,Northeast,26.0,91.7,20.69651222229004,18,24
2024-04-06,Northeast,26.0,91.7,21.512487411499023,18,24
2024-04-07,Northeast,26.0,91.7,20.16507339477539,18,24
2024-04-08,Northeast,26.0,91.7,19.51345443725586,18,24
2024-04-09,Northeast,26.0,91.7,18.679712295532227,18,24
2024-04-10,Northeast,26.0,91.7,19.00955581665039,18,24
2024-04-11,Northeast,26.0,91.7,19.344905853271484,18,24
2024-04-12,Northeast,26.0,91.7,20.873090744018555,18,24
2024-04-13,Northeast,26.0,91.7,20.92666244506836,18,24
2024-04-14,Northeast,26.0,91.7,20.088346481323242,18,24
2024-04-15,Northeast,26.0,91.7,20.431241989135742,18,24
2024-04-16,Northeast,26.0,91.7,22.158954620361328,18,24
2024-04-17,Northeast,26.0,91.7,21.876998901367188,18,24
2024-04-18,Northeast,26.0,91.7,20.27349090576172,18,24
2024-04-19,Northeast,26.0,91.7,20.075700759887695,18,24
2024-04-20,Northeast,26.0,91.7,20.123510360717773,18,24
2024-04-21,Northeast,26.0,91.7,20.244098663330078,18,24
2024-04-22,Northeast,26.0,91.7,21.650083541870117,18,24
2024-04-23,Northeast,26.0,91.7,21.347553253173828,18,24
2024-04-24,Northeast,26.0,91.7,21.203441619873047,18,24
2024-04-25,Northeast,26.0,91.7,20.036733627319336,18,24
2024-04-26,Northeast,26.0,91.7,20.93268585205078,18,24
2024-04-27,Northeast,26.0,91.7,20.66628074645996,18,24
2024-04-28,Northeast,26.0,91.7,21.67218589782715,18,24
2024-04-29,Northeast,26.0,91.7,21.63079071044922,18,24
2024-04-30,Northeast,26.0,91.7,21.76174545288086,18,24
2024-05-01,Northeast,26.0,91.7,21.766132354736328,18,24
2024-05-02,Northeast,26.0,91.7,19.879194259643555,18,24
2024-05-03,Northeast,26.0,91.7,17.699716567993164,18,24
2024-05-04,Northeast,26.0,91.7,19.36983871459961,18,24
2024-05-05,Northeast,26.0,91.7,19.760284423828125,18,24
2024-05-06,Northeast,26.0,91.7,17.786422729492188,18,24
2024-05-07,Northeast,26.0,91.7,17.980480194091797,18,24
2024-05-08,Northeast,26.0,91.7,18.308015823364258,18,24
2024-05-09,Northeast,26.0,91.7,19.979066848754883,18,24
2024-05-10,Northeast,26.0,91.7,19.903728485107422,18,24
2024-05-11,Northeast,26.0,91.7,19.728771209716797,18,24
2024-05-12,Northeast,26.0,91.7,20.28888511657715,18,24
2024-05-13,Northeast,26.0,91.7,21.022815704345703,18,24
2024-05-14,Northeast,26.0,91.7,22.396780014038086,18,24
2024-05-15,Northeast,26.0,91.7,22.965322494506836,18,24
2024-05-16,Northeast,26.0,91.7,22.14681625366211,18,24
2024-05-17,Northeast,26.0,91.7,22.712207794189453,18,24
2024-05-18,Northeast,26.0,91.7,21.65324592590332,18,24
2024-05-19,Northeast,26.0,91.7,21.312896728515625,18,24
2024-05-20,Northeast,26.0,91.7,21.16171646118164,18,24
2024-05-21,Northeast,26.0,91.7,21.912691116333008,18,24
2024-05-22,Northeast,26.0,91.7,22.313793182373047,18,24
2024-05-23,Northeast,26.0,91.7,22.030275344848633,18,24
2024-05-24,Northeast,26.0,91.7,23.160255432128906,18,24
2024-05-25,Northeast,26.0,91.7,24.143110275268555,18,24
2024-05-26,Northeast,26.0,91.7,25.164525985717773,18,24
2024-05-27,Northeast,26.0,91.7,23.223495483398438,18,24
2024-05-28,Northeast,26.0,91.7,23.598098754882812,18,24
2024-05-29,Northeast,26.0,91.7,22.564105987548828,18,24
2024-05-30,Northeast,26.0,91.7,22.37407875061035,18,24
2024-05-31,Northeast,26.0,91.7,22.294937133789062,18,24
2024-06-01,Northeast,26.0,91.7,23.44124412536621,18,24
2024-06-02,Northeast,26.0,91.7,21.77406883239746,18,24
2024-06-03,Northeast,26.0,91.7,22.395313262939453,18,24
2024-06-04,Northeast,26.0,91.7,22.45158576965332,18,24
2024-06-05,Northeast,26.0,91.7,22.326860427856445,18,24
2024-06-06,Northeast,26.0,91.7,22.61653709411621,18,24
2024-06-07,Northeast,26.0,91.7,23.220157623291016,18,24
2024-06-08,Northeast,26.0,91.7,23.055315017700195,18,24
2024-06-09,Northeast,26.0,91.7,23.8206844329834,18,24
2024-06-10,Northeast,26.0,91.7,23.1739501953125,18,24
2024-06-11,Northeast,26.0,91.7,23.768089294433594,18,24
2024-06-12,Northeast,26.0,91.7,23.140731811523438,18,24
2024-06-13,Northeast,26.0,91.7,22.827964782714844,18,24
2024-06-14,Northeast,26.0,91.7,22.538284301757812,18,24
2024-06-15,Northeast,26.0,91.7,23.067630767822266,18,24
2024-06-16,Northeast,26.0,91.7,22.809707641601562,18,24
2024-06-17,Northeast,26.0,91.7,22.131357192993164,18,24
2024-06-18,Northeast,26.0,91.7,21.725805282592773,18,24
2024-06-19,Northeast,26.0,91.7,21.121240615844727,18,24
2024-06-20,Northeast,26.0,91.7,21.620586395263672,18,24
2024-06-21,Northeast,26.0,91.7,22.23631477355957,18,24
2024-06-22,Northeast,26.0,91.7,24.249662399291992,18,24
2024-06-23,Northeast,26.0,91.7,24.489370346069336,18,24
2024-06-24,Northeast,26.0,91.7,24.653972625732422,18,24
2024-06-25,Northeast,26.0,91.7,24.317533493041992,18,24
2024-06-26,Northeast,26.0,91.7,24.405107498168945,18,24
2024-06-27,Northeast,26.0,91.7,24.270055770874023,18,24
2024-06-28,Northeast,26.0,91.7,24.101173400878906,18,24
2024-06-29,Northeast,26.0,91.7,24.12734031677246,18,24
2024-06-30,Northeast,26.0,91.7,24.381546020507812,18,24
2024-07-01,Northeast,26.0,91.7,23.98949432373047,18,24
2024-07-02,Northeast,26.0,91.7,23.250091552734375,18,24
2024-07-03,Northeast,26.0,91.7,23.812875747680664,18,24
2024-07-04,Northeast,26.0,91.7,23.59717559814453,18,24
2024-07-05,Northeast,26.0,91.7,23.441448211669922,18,24
2024-07-06,Northeast,26.0,91.7,23.111207962036133,18,24
2024-07-07,Northeast,26.0,91.7,23.926315307617188,18,24
2024-07-08,Northeast,26.0,91.7,23.7921085357666,18,24
2024-07-09,Northeast,26.0,91.7,24.325469970703125,18,24
2024-07-10,Northeast,26.0,91.7,24.593738555908203,18,24
2024-07-11,Northeast,26.0,91.7,23.68770980834961,18,24
2024-07-12,Northeast,26.0,91.7,23.71535873413086,18,24
2024-07-13,Northeast,26.0,91.7,24.094202041625977,18,24
2024-07-14,Northeast,26.0,91.7,24.497289657592773,18,24
2024-07-15,Northeast,26.0,91.7,24.990341186523438,18,24
2024-07-16,Northeast,26.0,91.7,24.314849853515625,18,24
2024-07-17,Northeast,26.0,91.7,24.678754806518555,18,24
2024-07-18,Northeast,26.0,91.7,24.71038246154785,18,24
2024-07-19,Northeast,26.0,91.7,25.030742645263672,18,24
2024-07-20,Northeast,26.0,91.7,24.742828369140625,18,24
2024-07-21,Northeast,26.0,91.7,24.989431381225586,18,24
2024-07-22,Northeast,26.0,91.7,24.392175674438477,18,24
2024-07-23,Northeast,26.0,91.7,24.569887161254883,18,24
2024-07-24,Northeast,26.0,91.7,26.221906661987305,18,24
2024-07-25,Northeast,26.0,91.7,25.572185516357422,18,24
2024-07-26,Northeast,26.0,91.7,25.379735946655273,18,24
2024-07-27,Northeast,26.0,91.7,26.4493408203125,18,24
2024-07-28,Northeast,26.0,91.7,25.2733154296875,18,24
2024-07-29,Northeast,26.0,91.7,25.72406578063965,18,24
2024-07-30,Northeast,26.0,91.7,25.25467872619629,18,24
2024-07-31,Northeast,26.0,91.7,24.87373924255371,18,24
2024-08-01,Northeast,26.0,91.7,24.006053924560547,18,24
2024-08-02,Northeast,26.0,91.7,23.791614532470703,18,24
2024-08-03,Northeast,26.0,91.7,23.53715705871582,18,24
2024-08-04,Northeast,26.0,91.7,23.56856346130371,18,24
2024-08-05,Northeast,26.0,91.7,24.23894691467285,18,24
2024-08-06,Northeast,26.0,91.7,23.489330291748047,18,24
2024-08-07,Northeast,26.0,91.7,23.823225021362305,18,24
2024-08-08,Northeast,26.0,91.7,23.961233139038086,18,24
2024-08-09,Northeast,26.0,91.7,23.49059295654297,18,24
2024-08-10,Northeast,26.0,91.7,24.23824119567871,18,24
2024-08-11,Northeast,26.0,91.7,24.3526668548584,18,24
2024-08-12,Northeast,26.0,91.7,24.07605743408203,18,24
2024-08-13,Northeast,26.0,91.7,24.905136108398438,18,24
2024-08-14,Northeast,26.0,91.7,25.389511108398438,18,24
2024-08-15,Northeast,26.0,91.7,24.4859619140625,18,24
2024-08-16,Northeast,26.0,91.7,23.478466033935547,18,24
2024-08-17,Northeast,26.0,91.7,24.840486526489258,18,24
2024-08-18,Northeast,26.0,91.7,24.299367904663086,18,24
2024-08-19,Northeast,26.0,91.7,24.52928352355957,18,24
2024-08-20,Northeast,26.0,91.7,23.7047061920166,18,24
2024-08-21,Northeast,26.0,91.7,23.2036190032959,18,24
2024-08-22,Northeast,26.0,91.7,23.937246322631836,18,24
2024-08-23,Northeast,26.0,91.7,24.032901763916016,18,24
2024-08-24,Northeast,26.0,91.7,23.772747039794922,18,24
2024-08-25,Northeast,26.0,91.7,23.972688674926758,18,24
2024-08-26,Northeast,26.0,91.7,23.444900512695312,18,24
2024-08-27,Northeast,26.0,91.7,23.912614822387695,18,24
2024-08-28,Northeast,26.0,91.7,23.73103904724121,18,24
2024-08-29,Northeast,26.0,91.7,25.063339233398438,18,24
2024-08-30,Northeast,26.0,91.7,24.82866096496582,18,24
2024-08-31,Northeast,26.0,91.7,24.31122589111328,18,24
2024-09-01,Northeast,26.0,91.7,23.446428298950195,18,24
2024-09-02,Northeast,26.0,91.7,24.17527198791504,18,24
2024-09-03,Northeast,26.0,91.7,24.595989227294922,18,24
2024-09-04,Northeast,26.0,91.7,23.560771942138672,18,24
2024-09-05,Northeast,26.0,91.7,23.558406829833984,18,24
2024-09-06,Northeast,26.0,91.7,23.763761520385742,18,24
2024-09-07,Northeast,26.0,91.7,24.381515502929688,18,24
2024-09-08,Northeast,26.0,91.7,24.657670974731445,18,24
2024-09-09,Northeast,26.0,91.7,24.325733184814453,18,24
2024-09-10,Northeast,26.0,91.7,24.701208114624023,18,24
2024-09-11,Northeast,26.0,91.7,24.419296264648438,18,24
2024-09-12,Northeast,26.0,91.7,23.849889755249023,18,24
2024-09-13,Northeast,26.0,91.7,24.73937225341797,18,24
2024-09-14,Northeast,26.0,91.7,24.40384292602539,18,24
2024-09-15,Northeast,26.0,91.7,23.49834442138672,18,24
2024-09-16,Northeast,26.0,91.7,23.90923500061035,18,24
2024-09-17,Northeast,26.0,91.7,23.032079696655273,18,24
2024-09-18,Northeast,26.0,91.7,23.83147430419922,18,24
2024-09-19,Northeast,26.0,91.7,24.568239212036133,18,24
2024-09-20,Northeast,26.0,91.7,24.889368057250977,18,24
2024-09-21,Northeast,26.0,91.7,25.393207550048828,18,24
2024-09-22,Northeast,26.0,91.7,24.565780639648438,18,24
2024-09-23,Northeast,26.0,91.7,25.214950561523438,18,24
2024-09-24,Northeast,26.0,91.7,24.507869720458984,18,24
2024-09-25,Northeast,26.0,91.7,23.33181381225586,18,24
2024-09-26,Northeast,26.0,91.7,22.213626861572266,18,24
2024-09-27,Northeast,26.0,91.7,22.461528778076172,18,24
2024-09-28,Northeast,26.0,91.7,21.955135345458984,18,24
2024-09-29,Northeast,26.0,91.7,22.209489822387695,18,24
2024-09-30,Northeast,26.0,91.7,23.313575744628906,18,24
2024-10-01,Northeast,26.0,91.7,24.158212661743164,18,24
2024-10-02,Northeast,26.0,91.7,23.784664154052734,18,24
2024-10-03,Northeast,26.0,91.7,23.691194534301758,18,24
2024-10-04,Northeast,26.0,91.7,22.33713150024414,18,24
2024-10-05,Northeast,26.0,91.7,22.04705047607422,18,24
2024-10-06,Northeast,26.0,91.7,22.110177993774414,18,24
2024-10-07,Northeast,26.0,91.7,22.186561584472656,18,24
2024-10-08,Northeast,26.0,91.7,22.60181999206543,18,24
2024-10-09,Northeast,26.0,91.7,22.492713928222656,18,24
2024-10-10,Northeast,26.0,91.7,22.163175582885742,18,24
2024-10-11,Northeast,26.0,91.7,22.449384689331055,18,24
2024-10-12,Northeast,26.0,91.7,21.952808380126953,18,24
2024-10-13,Northeast,26.0,91.7,20.827363967895508,18,24
2024-10-14,Northeast,26.0,91.7,20.09346580505371,18,24
2024-10-15,Northeast,26.0,91.7,21.053913116455078,18,24
2024-10-16,Northeast,26.0,91.7,20.127910614013672,18,24
2024-10-17,Northeast,26.0,91.7,19.75730323791504,18,24
2024-10-18,Northeast,26.0,91.7,20.960317611694336,18,24
2024-10-19,Northeast,26.0,91.7,21.082382202148438,18,24
2024-10-20,Northeast,26.0,91.7,19.4666690826416,18,24
2024-10-21,Northeast,26.0,91.7,19.789255142211914,18,24
2024-10-22,Northeast,26.0,91.7,20.063934326171875,18,24
2024-10-23,Northeast,26.0,91.7,21.02751350402832,18,24
2024-10-24,Northeast,26.0,91.7,20.80422019958496,18,24
2024-10-25,Northeast,26.0,91.7,20.03035545349121,18,24
2024-10-26,Northeast,26.0,91.7,20.156824111938477,18,24
2024-10-27,Northeast,26.0,91.7,20.356760025024414,18,24
2024-10-28,Northeast,26.0,91.7,19.78670883178711,18,24
2024-10-29,Northeast,26.0,91.7,20.434579849243164,18,24
2024-10-30,Northeast,26.0,91.7,21.399816513061523,18,24
2024-10-31,Northeast,26.0,91.7,20.672414779663086,18,24
2024-11-01,Northeast,26.0,91.7,20.262069702148438,18,24
2024-11-02,Northeast,26.0,91.7,19.233861923217773,18,24
2024-11-03,Northeast,26.0,91.7,18.605587005615234,18,24
2024-11-04,Northeast,26.0,91.7,18.44426727294922,18,24
2024-11-05,Northeast,26.0,91.7,18.536802291870117,18,24
2024-11-06,Northeast,26.0,91.7,18.081653594970703,18,24
2024-11-07,Northeast,26.0,91.7,17.48025894165039,18,24
2024-11-08,Northeast,26.0,91.7,17.700807571411133,18,24
2024-11-09,Northeast,26.0,91.7,17.04494285583496,18,24
2024-11-10,Northeast,26.0,91.7,16.413652420043945,18,24
2024-11-11,Northeast,26.0,91.7,17.095949172973633,18,24
2024-11-12,Northeast,26.0,91.7,17.112226486206055,18,24
2024-11-13,Northeast,26.0,91.7,16.446712493896484,18,24
2024-11-14,Northeast,26.0,91.7,16.537778854370117,18,24
2024-11-15,Northeast,26.0,91.7,15.017004013061523,18,24
2024-11-16,Northeast,26.0,91.7,14.96589469909668,18,24
2024-11-17,Northeast,26.0,91.7,15.166803359985352,18,24
2024-11-18,Northeast,26.0,91.7,14.499513626098633,18,24
2024-11-19,Northeast,26.0,91.7,14.830140113830566,18,24
2024-11-20,Northeast,26.0,91.7,14.762885093688965,18,24
2024-11-21,Northeast,26.0,91.7,13.778499603271484,18,24
2024-11-22,Northeast,26.0,91.7,13.6478853225708,18,24
2024-11-23,Northeast,26.0,91.7,13.972481727600098,18,24
2024-11-24,Northeast,26.0,91.7,14.32293701171875,18,24
2024-11-25,Northeast,26.0,91.7,13.92253303527832,18,24
2024-11-26,Northeast,26.0,91.7,13.43359375,18,24
2024-11-27,Northeast,26.0,91.7,12.799772262573242,18,24
2024-11-28,Northeast,26.0,91.7,12.19697093963623,18,24
2024-11-29,Northeast,26.0,91.7,12.187973022460938,18,24
2024-11-30,Northeast,26.0,91.7,12.748739242553711,18,24
2024-12-01,Northeast,26.0,91.7,12.738396644592285,18,24
2024-12-02,Northeast,26.0,91.7,11.935029983520508,18,24
2024-12-03,Northeast,26.0,91.7,11.287813186645508,18,24
2024-12-04,Northeast,26.0,91.7,11.841204643249512,18,24
2024-12-05,Northeast,26.0,91.7,11.294999122619629,18,24
2024-12-06,Northeast,26.0,91.7,12.324014663696289,18,24
2024-12-07,Northeast,26.0,91.7,12.39277458190918,18,24
2024-12-08,Northeast,26.0,91.7,11.12480354309082,18,24
2024-12-09,Northeast,26.0,91.7,10.251420021057129,18,24
2024-12-10,Northeast,26.0,91.7,12.475801467895508,18,24
2024-12-11,Northeast,26.0,91.7,9.695419311523438,18,24
2024-12-12,Northeast,26.0,91.7,9.91631031036377,18,24
2024-12-13,Northeast,26.0,91.7,9.789079666137695,18,24
2024-12-14,Northeast,26.0,91.7,9.792713165283203,18,24
2024-12-15,Northeast,26.0,91.7,10.058988571166992,18,24
2024-12-16,Northeast,26.0,91.7,9.26010799407959,18,24
2024-12-17,Northeast,26.0,91.7,9.284510612487793,18,24
2024-12-18,Northeast,26.0,91.7,10.7482271194458,18,24
2024-12-19,Northeast,26.0,91.7,11.120101928710938,18,24
2024-12-20,Northeast,26.0,91.7,10.647685050964355,18,24
2024-12-21,Northeast,26.0,91.7,11.098864555358887,18,24
2024-12-22,Northeast,26.0,91.7,10.560049057006836,18,24
2024-12-23,Northeast,26.0,91.7,10.024576187133789,18,24
2024-12-24,Northeast,26.0,91.7,9.484492301940918,18,24
2024-12-25,Northeast,26.0,91.7,10.177363395690918,18,24
2024-12-26,Northeast,26.0,91.7,10.038602828979492,18,24
2024-12-27,Northeast,26.0,91.7,10.213007926940918,18,24
2024-12-28,Northeast,26.0,91.7,10.283356666564941,18,24
2024-12-29,Northeast,26.0,91.7,11.301434516906738,18,24
2024-12-30,Northeast,26.0,91.7,10.22581958770752,18,24
2024-12-31,Northeast,26.0,91.7,10.436263084411621,18,24
2024-01-01,Rajasthan Desert,27.0,73.0,7.8069963455200195,20,6
2024-01-02,Rajasthan Desert,27.0,73.0,6.673609733581543,20,6
2024-01-03,Rajasthan Desert,27.0,73.0,5.426599502563477,20,6
2024-01-04,Rajasthan Desert,27.0,73.0,5.562399864196777,20,6
2024-01-05,Rajasthan Desert,27.0,73.0,5.292516231536865,20,6
2024-01-06,Rajasthan Desert,27.0,73.0,6.513104438781738,20,6
2024-01-07,Rajasthan Desert,27.0,73.0,7.080931663513184,20,6
2024-01-08,Rajasthan Desert,27.0,73.0,6.78394889831543,20,6
2024-01-09,Rajasthan Desert,27.0,73.0,8.600488662719727,20,6
2024-01-10,Rajasthan Desert,27.0,73.0,6.185084342956543,20,6
2024-01-11,Rajasthan Desert,27.0,73.0,4.283445358276367,20,6
2024-01-12,Rajasthan Desert,27.0,73.0,5.477148056030273,20,6
2024-01-13,Rajasthan Desert,27.0,73.0,8.007163047790527,20,6
2024-01-14,Rajasthan Desert,27.0,73.0,6.193552017211914,20,6
2024-01-15,Rajasthan Desert,27.0,73.0,6.37366247177124,20,6
2024-01-16,Rajasthan Desert,27.0,73.0,7.431419849395752,20,6
2024-01-17,Rajasthan Desert,27.0,73.0,7.054784297943115,20,6
2024-01-18,Rajasthan Desert,27.0,73.0,6.73057222366333,20,6
2024-01-19,Rajasthan Desert,27.0,73.0,6.068583965301514,20,6
2024-01-20,Rajasthan Desert,27.0,73.0,6.732751369476318,20,6
2024-01-21,Rajasthan Desert,27.0,73.0,6.013939380645752,20,6
2024-01-22,Rajasthan Desert,27.0,73.0,6.24774169921875,20,6
2024-01-23,Rajasthan Desert,27.0,73.0,6.864994049072266,20,6
2024-01-24,Rajasthan Desert,27.0,73.0,6.815280437469482,20,6
2024-01-25,Rajasthan Desert,27.0,73.0,6.692662239074707,20,6
2024-01-26,Rajasthan Desert,27.0,73.0,6.494032859802246,20,6
2024-01-27,Rajasthan Desert,27.0,73.0,7.966555118560791,20,6
2024-01-28,Rajasthan Desert,27.0,73.0,11.198919296264648,20,6
2024-01-29,Rajasthan Desert,27.0,73.0,10.864221572875977,20,6
2024-01-30,Rajasthan Desert,27.0,73.0,11.251945495605469,20,6
2024-01-31,Rajasthan Desert,27.0,73.0,12.86767578125,20,6
2024-02-01,Rajasthan Desert,27.0,73.0,13.28176212310791,20,6
2024-02-02,Rajasthan Desert,27.0,73.0,12.342156410217285,20,6
2024-02-03,Rajasthan Desert,27.0,73.0,12.053548812866211,20,6
2024-02-04,Rajasthan Desert,27.0,73.0,14.010555267333984,20,6
2024-02-05,Rajasthan Desert,27.0,73.0,11.023950576782227,20,6
2024-02-06,Rajasthan Desert,27.0,73.0,10.000065803527832,20,6
2024-02-07,Rajasthan Desert,27.0,73.0,10.921241760253906,20,6
2024-02-08,Rajasthan Desert,27.0,73.0,8.600064277648926,20,6
2024-02-09,Rajasthan Desert,27.0,73.0,7.534087181091309,20,6
2024-02-10,Rajasthan Desert,27.0,73.0,8.594804763793945,20,6
2024-02-11,Rajasthan Desert,27.0,73.0,8.499968528747559,20,6
2024-02-12,Rajasthan Desert,27.0,73.0,8.924613952636719,20,6
2024-02-13,Rajasthan Desert,27.0,73.0,9.589339256286621,20,6
2024-02-14,Rajasthan Desert,27.0,73.0,9.785301208496094,20,6
2024-02-15,Rajasthan Desert,27.0,73.0,9.651313781738281,20,6
2024-02-16,Rajasthan Desert,27.0,73.0,10.72750186920166,20,6
2024-02-17,Rajasthan Desert,27.0,73.0,11.400030136108398,20,6
2024-02-18,Rajasthan Desert,27.0,73.0,12.20767593383789,20,6
2024-02-19,Rajasthan Desert,27.0,73.0,14.772209167480469,20,6
2024-02-20,Rajasthan Desert,27.0,73.0,15.182857513427734,20,6
2024-02-21,Rajasthan Desert,27.0,73.0,13.603845596313477,20,6
2024-02-22,Rajasthan Desert,27.0,73.0,11.676331520080566,20,6
2024-02-23,Rajasthan Desert,27.0,73.0,10.59457778930664,20,6
2024-02-24,Rajasthan Desert,27.0,73.0,12.166051864624023,20,6
2024-02-25,Rajasthan Desert,27.0,73.0,12.216275215148926,20,6
2024-02-26,Rajasthan Desert,27.0,73.0,13.912981033325195,20,6
2024-02-27,Rajasthan Desert,27.0,73.0,13.651857376098633,20,6
2024-02-28,Rajasthan Desert,27.0,73.0,11.767786979675293,20,6
2024-02-29,Rajasthan Desert,27.0,73.0,12.917852401733398,20,6
2024-03-01,Rajasthan Desert,27.0,73.0,17.154993057250977,20,6
2024-03-02,Rajasthan Desert,27.0,73.0,17.83148193359375,20,6
2024-03-03,Rajasthan Desert,27.0,73.0,9.910711288452148,20,6
2024-03-04,Rajasthan Desert,27.0,73.0,8.777399063110352,20,6
2024-03-05,Rajasthan Desert,27.0,73.0,9.574121475219727,20,6
2024-03-06,Rajasthan Desert,27.0,73.0,11.206598281860352,20,6
2024-03-07,Rajasthan Desert,27.0,73.0,11.700225830078125,20,6
2024-03-08,Rajasthan Desert,27.0,73.0,12.482783317565918,20,6
2024-03-09,Rajasthan Desert,27.0,73.0,13.354253768920898,20,6
2024-03-10,Rajasthan Desert,27.0,73.0,14.059317588806152,20,6
2024-03-11,Rajasthan Desert,27.0,73.0,16.611921310424805,20,6
2024-03-12,Rajasthan Desert,27.0,73.0,16.91395378112793,20,6
2024-03-13,Rajasthan Desert,27.0,73.0,17.175334930419922,20,6
2024-03-14,Rajasthan Desert,27.0,73.0,15.935458183288574,20,6
2024-03-15,Rajasthan Desert,27.0,73.0,16.588542938232422,20,6
2024-03-16,Rajasthan Desert,27.0,73.0,15.443434715270996,20,6
2024-03-17,Rajasthan Desert,27.0,73.0,14.995817184448242,20,6
2024-03-18,Rajasthan Desert,27.0,73.0,15.752696990966797,20,6
2024-03-19,Rajasthan Desert,27.0,73.0,16.598188400268555,20,6
2024-03-20,Rajasthan Desert,27.0,73.0,17.786121368408203,20,6
2024-03-21,Rajasthan Desert,27.0,73.0,19.855878829956055,20,6
2024-03-22,Rajasthan Desert,27.0,73.0,18.683040618896484,20,6
2024-03-23,Rajasthan Desert,27.0,73.0,19.368270874023438,20,6
2024-03-24,Rajasthan Desert,27.0,73.0,22.5487003326416,20,6
2024-03-25,Rajasthan Desert,27.0,73.0,19.042221069335938,20,6
2024-03-26,Rajasthan Desert,27.0,73.0,20.960773468017578,20,6
2024-03-27,Rajasthan Desert,27.0,73.0,23.33160400390625,20,6
2024-03-28,Rajasthan Desert,27.0,73.0,22.785621643066406,20,6
2024-03-29,Rajasthan Desert,27.0,73.0,21.712430953979492,20,6
2024-03-30,Rajasthan Desert,27.0,73.0,22.66257095336914,20,6
2024-03-31,Rajasthan Desert,27.0,73.0,21.374141693115234,20,6
2024-04-01,Rajasthan Desert,27.0,73.0,20.199405670166016,20,6
2024-04-02,Rajasthan Desert,27.0,73.0,18.12019920349121,20,6
2024-04-03,Rajasthan Desert,27.0,73.0,22.337688446044922,20,6
2024-04-04,Rajasthan Desert,27.0,73.0,22.260629653930664,20,6
2024-04-05,Rajasthan Desert,27.0,73.0,23.24138832092285,20,6
2024-04-06,Rajasthan Desert,27.0,73.0,20.887174606323242,20,6
2024-04-07,Rajasthan Desert,27.0,73.0,19.40964698791504,20,6
2024-04-08,Rajasthan Desert,27.0,73.0,21.928112030029297,20,6
2024-04-09,Rajasthan Desert,27.0,73.0,23.703433990478516,20,6
2024-04-10,Rajasthan Desert,27.0,73.0,24.018646240234375,20,6
2024-04-11,Rajasthan Desert,27.0,73.0,23.27689552307129,20,6
2024-04-12,Rajasthan Desert,27.0,73.0,23.444522857666016,20,6
2024-04-13,Rajasthan Desert,27.0,73.0,24.006277084350586,20,6
2024-04-14,Rajasthan Desert,27.0,73.0,21.310476303100586,20,6
2024-04-15,Rajasthan Desert,27.0,73.0,23.501100540161133,20,6
2024-04-16,Rajasthan Desert,27.0,73.0,24.866281509399414,20,6
2024-04-17,Rajasthan Desert,27.0,73.0,22.86556053161621,20,6
2024-04-18,Rajasthan Desert,27.0,73.0,22.6141357421875,20,6
2024-04-19,Rajasthan Desert,27.0,73.0,22.874773025512695,20,6
2024-04-20,Rajasthan Desert,27.0,73.0,23.14094352722168,20,6
2024-04-21,Rajasthan Desert,27.0,73.0,24.118183135986328,20,6
2024-04-22,Rajasthan Desert,27.0,73.0,23.071840286254883,20,6
2024-04-23,Rajasthan Desert,27.0,73.0,23.28775978088379,20,6
2024-04-24,Rajasthan Desert,27.0,73.0,22.980947494506836,20,6
2024-04-25,Rajasthan Desert,27.0,73.0,23.740272521972656,20,6
2024-04-26,Rajasthan Desert,27.0,73.0,25.148733139038086,20,6
2024-04-27,Rajasthan Desert,27.0,73.0,24.090755462646484,20,6
2024-04-28,Rajasthan Desert,27.0,73.0,24.905900955200195,20,6
2024-04-29,Rajasthan Desert,27.0,73.0,24.702604293823242,20,6
2024-04-30,Rajasthan Desert,27.0,73.0,21.965604782104492,20,6
2024-05-01,Rajasthan Desert,27.0,73.0,20.419700622558594,20,6
2024-05-02,Rajasthan Desert,27.0,73.0,19.860286712646484,20,6
2024-05-03,Rajasthan Desert,27.0,73.0,20.387916564941406,20,6
2024-05-04,Rajasthan Desert,27.0,73.0,26.21749496459961,20,6
2024-05-05,Rajasthan Desert,27.0,73.0,26.907907485961914,20,6
2024-05-06,Rajasthan Desert,27.0,73.0,26.07894515991211,20,6
2024-05-07,Rajasthan Desert,27.0,73.0,26.600479125976562,20,6
2024-05-08,Rajasthan Desert,27.0,73.0,28.711135864257812,20,6
2024-05-09,Rajasthan Desert,27.0,73.0,28.773042678833008,20,6
2024-05-10,Rajasthan Desert,27.0,73.0,29.7410831451416,20,6
2024-05-11,Rajasthan Desert,27.0,73.0,25.060041427612305,20,6
2024-05-12,Rajasthan Desert,27.0,73.0,24.575815200805664,20,6
2024-05-13,Rajasthan Desert,27.0,73.0,28.122623443603516,20,6
2024-05-14,Rajasthan Desert,27.0,73.0,26.04814910888672,20,6
2024-05-15,Rajasthan Desert,27.0,73.0,26.62418556213379,20,6
2024-05-16,Rajasthan Desert,27.0,73.0,28.48367691040039,20,6
2024-05-17,Rajasthan Desert,27.0,73.0,28.77813148498535,20,6
2024-05-18,Rajasthan Desert,27.0,73.0,29.17033576965332,20,6
2024-05-19,Rajasthan Desert,27.0,73.0,29.6290340423584,20,6
2024-05-20,Rajasthan Desert,27.0,73.0,30.20302963256836,20,6
2024-05-21,Rajasthan Desert,27.0,73.0,30.300561904907227,20,6
2024-05-22,Rajasthan Desert,27.0,73.0,30.804096221923828,20,6
2024-05-23,Rajasthan Desert,27.0,73.0,30.98573875427246,20,6
2024-05-24,Rajasthan Desert,27.0,73.0,31.379436492919922,20,6
2024-05-25,Rajasthan Desert,27.0,73.0,30.857683181762695,20,6
2024-05-26,Rajasthan Desert,27.0,73.0,29.964929580688477,20,6
2024-05-27,Rajasthan Desert,27.0,73.0,29.838510513305664,20,6
2024-05-28,Rajasthan Desert,27.0,73.0,29.231220245361328,20,6
2024-05-29,Rajasthan Desert,27.0,73.0,29.966829299926758,20,6
2024-05-30,Rajasthan Desert,27.0,73.0,31.0363826751709,20,6
2024-05-31,Rajasthan Desert,27.0,73.0,30.408985137939453,20,6
2024-06-01,Rajasthan Desert,27.0,73.0,30.793581008911133,20,6
2024-06-02,Rajasthan Desert,27.0,73.0,28.695520401000977,20,6
2024-06-03,Rajasthan Desert,27.0,73.0,27.787315368652344,20,6
2024-06-04,Rajasthan Desert,27.0,73.0,30.614604949951172,20,6
2024-06-05,Rajasthan Desert,27.0,73.0,30.26757049560547,20,6
2024-06-06,Rajasthan Desert,27.0,73.0,28.30092430114746,20,6
2024-06-07,Rajasthan Desert,27.0,73.0,28.272249221801758,20,6
2024-06-08,Rajasthan Desert,27.0,73.0,25.353248596191406,20,6
2024-06-09,Rajasthan Desert,27.0,73.0,27.416458129882812,20,6
2024-06-10,Rajasthan Desert,27.0,73.0,28.59719467163086,20,6
2024-06-11,Rajasthan Desert,27.0,73.0,29.035383224487305,20,6
2024-06-12,Rajasthan Desert,27.0,73.0,29.344144821166992,20,6
2024-06-13,Rajasthan Desert,27.0,73.0,30.48419189453125,20,6
2024-06-14,Rajasthan Desert,27.0,73.0,30.36357307434082,20,6
2024-06-15,Rajasthan Desert,27.0,73.0,29.441524505615234,20,6
2024-06-16,Rajasthan Desert,27.0,73.0,30.972436904907227,20,6
2024-06-17,Rajasthan Desert,27.0,73.0,31.977458953857422,20,6
2024-06-18,Rajasthan Desert,27.0,73.0,32.53441619873047,20,6
2024-06-19,Rajasthan Desert,27.0,73.0,31.344846725463867,20,6
2024-06-20,Rajasthan Desert,27.0,73.0,29.963998794555664,20,6
2024-06-21,Rajasthan Desert,27.0,73.0,26.68610954284668,20,6
2024-06-22,Rajasthan Desert,27.0,73.0,26.683435440063477,20,6
2024-06-23,Rajasthan Desert,27.0,73.0,29.14094352722168,20,6
2024-06-24,Rajasthan Desert,27.0,73.0,30.563451766967773,20,6
2024-06-25,Rajasthan Desert,27.0,73.0,29.40549087524414,20,6
2024-06-26,Rajasthan Desert,27.0,73.0,28.724700927734375,20,6
2024-06-27,Rajasthan Desert,27.0,73.0,27.35878562927246,20,6
2024-06-28,Rajasthan Desert,27.0,73.0,26.59796905517578,20,6
2024-06-29,Rajasthan Desert,27.0,73.0,27.907041549682617,20,6
2024-06-30,Rajasthan Desert,27.0,73.0,27.547395706176758,20,6
2024-07-01,Rajasthan Desert,27.0,73.0,27.738401412963867,20,6
2024-07-02,Rajasthan Desert,27.0,73.0,28.34771728515625,20,6
2024-07-03,Rajasthan Desert,27.0,73.0,28.63779640197754,20,6
2024-07-04,Rajasthan Desert,27.0,73.0,27.840660095214844,20,6
2024-07-05,Rajasthan Desert,27.0,73.0,27.13270378112793,20,6
2024-07-06,Rajasthan Desert,27.0,73.0,25.26786994934082,20,6
2024-07-07,Rajasthan Desert,27.0,73.0,26.411998748779297,20,6
2024-07-08,Rajasthan Desert,27.0,73.0,27.582876205444336,20,6
2024-07-09,Rajasthan Desert,27.0,73.0,27.35532569885254,20,6
2024-07-10,Rajasthan Desert,27.0,73.0,28.47356414794922,20,6
2024-07-11,Rajasthan Desert,27.0,73.0,28.97970962524414,20,6
2024-07-12,Rajasthan Desert,27.0,73.0,24.38221549987793,20,6
2024-07-13,Rajasthan Desert,27.0,73.0,24.85214614868164,20,6
2024-07-14,Rajasthan Desert,27.0,73.0,26.39892578125,20,6
2024-07-15,Rajasthan Desert,27.0,73.0,27.909046173095703,20,6
2024-07-16,Rajasthan Desert,27.0,73.0,28.92177391052246,20,6
2024-07-17,Rajasthan Desert,27.0,73.0,29.73403549194336,20,6
2024-07-18,Rajasthan Desert,27.0,73.0,28.919458389282227,20,6
2024-07-19,Rajasthan Desert,27.0,73.0,27.72880744934082,20,6
2024-07-20,Rajasthan Desert,27.0,73.0,28.58389663696289,20,6
2024-07-21,Rajasthan Desert,27.0,73.0,29.247846603393555,20,6
2024-07-22,Rajasthan Desert,27.0,73.0,29.44770622253418,20,6
2024-07-23,Rajasthan Desert,27.0,73.0,27.344560623168945,20,6
2024-07-24,Rajasthan Desert,27.0,73.0,27.854488372802734,20,6
2024-07-25,Rajasthan Desert,27.0,73.0,27.288249969482422,20,6
2024-07-26,Rajasthan Desert,27.0,73.0,26.890317916870117,20,6
2024-07-27,Rajasthan Desert,27.0,73.0,27.63265037536621,20,6
2024-07-28,Rajasthan Desert,27.0,73.0,27.241363525390625,20,6
2024-07-29,Rajasthan Desert,27.0,73.0,29.17657470703125,20,6
2024-07-30,Rajasthan Desert,27.0,73.0,28.623022079467773,20,6
2024-07-31,Rajasthan Desert,27.0,73.0,28.4187068939209,20,6
2024-08-01,Rajasthan Desert,27.0,73.0,25.859498977661133,20,6
2024-08-02,Rajasthan Desert,27.0,73.0,25.048572540283203,20,6
2024-08-03,Rajasthan Desert,27.0,73.0,24.95863151550293,20,6
2024-08-04,Rajasthan Desert,27.0,73.0,25.933204650878906,20,6
2024-08-05,Rajasthan Desert,27.0,73.0,25.580921173095703,20,6
2024-08-06,Rajasthan Desert,27.0,73.0,24.369220733642578,20,6
2024-08-07,Rajasthan Desert,27.0,73.0,24.43820571899414,20,6
2024-08-08,Rajasthan Desert,27.0,73.0,25.029441833496094,20,6
2024-08-09,Rajasthan Desert,27.0,73.0,25.48448944091797,20,6
2024-08-10,Rajasthan Desert,27.0,73.0,25.76542091369629,20,6
2024-08-11,Rajasthan Desert,27.0,73.0,25.79062843322754,20,6
2024-08-12,Rajasthan Desert,27.0,73.0,25.91190528869629,20,6
2024-08-13,Rajasthan Desert,27.0,73.0,25.767353057861328,20,6
2024-08-14,Rajasthan Desert,27.0,73.0,26.125484466552734,20,6
2024-08-15,Rajasthan Desert,27.0,73.0,26.010215759277344,20,6
2024-08-16,Rajasthan Desert,27.0,73.0,25.068689346313477,20,6
2024-08-17,Rajasthan Desert,27.0,73.0,24.521902084350586,20,6
2024-08-18,Rajasthan Desert,27.0,73.0,25.8527889251709,20,6
2024-08-19,Rajasthan Desert,27.0,73.0,25.82200813293457,20,6
2024-08-20,Rajasthan Desert,27.0,73.0,26.29805564880371,20,6
2024-08-21,Rajasthan Desert,27.0,73.0,25.534101486206055,20,6
2024-08-22,Rajasthan Desert,27.0,73.0,26.093631744384766,20,6
2024-08-23,Rajasthan Desert,27.0,73.0,25.990840911865234,20,6
2024-08-24,Rajasthan Desert,27.0,73.0,25.425800323486328,20,6
2024-08-25,Rajasthan Desert,27.0,73.0,25.586999893188477,20,6
2024-08-26,Rajasthan Desert,27.0,73.0,26.249181747436523,20,6
2024-08-27,Rajasthan Desert,27.0,73.0,24.858274459838867,20,6
2024-08-28,Rajasthan Desert,27.0,73.0,24.36188507080078,20,6
2024-08-29,Rajasthan Desert,27.0,73.0,24.902816772460938,20,6
2024-08-30,Rajasthan Desert,27.0,73.0,25.43375015258789,20,6
2024-08-31,Rajasthan Desert,27.0,73.0,25.11911392211914,20,6
2024-09-01,Rajasthan Desert,27.0,73.0,25.684764862060547,20,6
2024-09-02,Rajasthan Desert,27.0,73.0,25.92937660217285,20,6
2024-09-03,Rajasthan Desert,27.0,73.0,26.124998092651367,20,6
2024-09-04,Rajasthan Desert,27.0,73.0,24.08961296081543,20,6
2024-09-05,Rajasthan Desert,27.0,73.0,24.57923698425293,20,6
2024-09-06,Rajasthan Desert,27.0,73.0,25.468883514404297,20,6
2024-09-07,Rajasthan Desert,27.0,73.0,24.988840103149414,20,6
2024-09-08,Rajasthan Desert,27.0,73.0,25.723878860473633,20,6
2024-09-09,Rajasthan Desert,27.0,73.0,26.115129470825195,20,6
2024-09-10,Rajasthan Desert,27.0,73.0,26.109241485595703,20,6
2024-09-11,Rajasthan Desert,27.0,73.0,25.783218383789062,20,6
2024-09-12,Rajasthan Desert,27.0,73.0,26.040966033935547,20,6
2024-09-13,Rajasthan Desert,27.0,73.0,25.20475959777832,20,6
2024-09-14,Rajasthan Desert,27.0,73.0,24.355070114135742,20,6
2024-09-15,Rajasthan Desert,27.0,73.0,23.56443977355957,20,6
2024-09-16,Rajasthan Desert,27.0,73.0,23.417430877685547,20,6
2024-09-17,Rajasthan Desert,27.0,73.0,23.523357391357422,20,6
2024-09-18,Rajasthan Desert,27.0,73.0,25.47293472290039,20,6
2024-09-19,Rajasthan Desert,27.0,73.0,23.53850555419922,20,6
2024-09-20,Rajasthan Desert,27.0,73.0,24.49329376220703,20,6
2024-09-21,Rajasthan Desert,27.0,73.0,25.186416625976562,20,6
2024-09-22,Rajasthan Desert,27.0,73.0,25.773468017578125,20,6
2024-09-23,Rajasthan Desert,27.0,73.0,26.277799606323242,20,6
2024-09-24,Rajasthan Desert,27.0,73.0,26.436790466308594,20,6
2024-09-25,Rajasthan Desert,27.0,73.0,27.631772994995117,20,6
2024-09-26,Rajasthan Desert,27.0,73.0,27.56422996520996,20,6
2024-09-27,Rajasthan Desert,27.0,73.0,25.85036277770996,20,6
2024-09-28,Rajasthan Desert,27.0,73.0,25.694026947021484,20,6
2024-09-29,Rajasthan Desert,27.0,73.0,24.71686553955078,20,6
2024-09-30,Rajasthan Desert,27.0,73.0,26.228897094726562,20,6
2024-10-01,Rajasthan Desert,27.0,73.0,26.048954010009766,20,6
2024-10-02,Rajasthan Desert,27.0,73.0,25.85360336303711,20,6
2024-10-03,Rajasthan Desert,27.0,73.0,24.85384750366211,20,6
2024-10-04,Rajasthan Desert,27.0,73.0,24.761333465576172,20,6
2024-10-05,Rajasthan Desert,27.0,73.0,24.56260108947754,20,6
2024-10-06,Rajasthan Desert,27.0,73.0,23.590906143188477,20,6
2024-10-07,Rajasthan Desert,27.0,73.0,23.558269500732422,20,6
2024-10-08,Rajasthan Desert,27.0,73.0,23.6590518951416,20,6
2024-10-09,Rajasthan Desert,27.0,73.0,23.24134635925293,20,6
2024-10-10,Rajasthan Desert,27.0,73.0,21.98123550415039,20,6
2024-10-11,Rajasthan Desert,27.0,73.0,21.099138259887695,20,6
2024-10-12,Rajasthan Desert,27.0,73.0,20.578887939453125,20,6
2024-10-13,Rajasthan Desert,27.0,73.0,21.62442398071289,20,6
2024-10-14,Rajasthan Desert,27.0,73.0,22.02794075012207,20,6
2024-10-15,Rajasthan Desert,27.0,73.0,21.06216049194336,20,6
2024-10-16,Rajasthan Desert,27.0,73.0,20.937700271606445,20,6
2024-10-17,Rajasthan Desert,27.0,73.0,21.648174285888672,20,6
2024-10-18,Rajasthan Desert,27.0,73.0,21.81505584716797,20,6
2024-10-19,Rajasthan Desert,27.0,73.0,21.633155822753906,20,6
2024-10-20,Rajasthan Desert,27.0,73.0,22.05243682861328,20,6
2024-10-21,Rajasthan Desert,27.0,73.0,22.079160690307617,20,6
2024-10-22,Rajasthan Desert,27.0,73.0,21.090639114379883,20,6
2024-10-23,Rajasthan Desert,27.0,73.0,21.524169921875,20,6
2024-10-24,Rajasthan Desert,27.0,73.0,19.811771392822266,20,6
2024-10-25,Rajasthan Desert,27.0,73.0,20.004207611083984,20,6
2024-10-26,Rajasthan Desert,27.0,73.0,20.28307342529297,20,6
2024-10-27,Rajasthan Desert,27.0,73.0,21.016725540161133,20,6
2024-10-28,Rajasthan Desert,27.0,73.0,22.065555572509766,20,6
2024-10-29,Rajasthan Desert,27.0,73.0,21.50949478149414,20,6
2024-10-30,Rajasthan Desert,27.0,73.0,20.90127944946289,20,6
2024-10-31,Rajasthan Desert,27.0,73.0,20.924829483032227,20,6
2024-11-01,Rajasthan Desert,27.0,73.0,19.854331970214844,20,6
2024-11-02,Rajasthan Desert,27.0,73.0,19.126861572265625,20,6
2024-11-03,Rajasthan Desert,27.0,73.0,19.039966583251953,20,6
2024-11-04,Rajasthan Desert,27.0,73.0,18.388797760009766,20,6
2024-11-05,Rajasthan Desert,27.0,73.0,19.400890350341797,20,6
2024-11-06,Rajasthan Desert,27.0,73.0,19.310096740722656,20,6
2024-11-07,Rajasthan Desert,27.0,73.0,19.104473114013672,20,6
2024-11-08,Rajasthan Desert,27.0,73.0,19.370874404907227,20,6
2024-11-09,Rajasthan Desert,27.0,73.0,18.68853187561035,20,6
2024-11-10,Rajasthan Desert,27.0,73.0,18.27346420288086,20,6
2024-11-11,Rajasthan Desert,27.0,73.0,17.69089126586914,20,6
2024-11-12,Rajasthan Desert,27.0,73.0,16.482206344604492,20,6
2024-11-13,Rajasthan Desert,27.0,73.0,16.390310287475586,20,6
2024-11-14,Rajasthan Desert,27.0,73.0,17.14930534362793,20,6
2024-11-15,Rajasthan Desert,27.0,73.0,16.743547439575195,20,6
2024-11-16,Rajasthan Desert,27.0,73.0,16.26529312133789,20,6
2024-11-17,Rajasthan Desert,27.0,73.0,15.905494689941406,20,6
2024-11-18,Rajasthan Desert,27.0,73.0,13.495731353759766,20,6
2024-11-19,Rajasthan Desert,27.0,73.0,12.553792953491211,20,6
2024-11-20,Rajasthan Desert,27.0,73.0,12.1671142578125,20,6
2024-11-21,Rajasthan Desert,27.0,73.0,11.859776496887207,20,6
2024-11-22,Rajasthan Desert,27.0,73.0,12.143731117248535,20,6
2024-11-23,Rajasthan Desert,27.0,73.0,12.843955039978027,20,6
2024-11-24,Rajasthan Desert,27.0,73.0,12.949419975280762,20,6
2024-11-25,Rajasthan Desert,27.0,73.0,13.190141677856445,20,6
2024-11-26,Rajasthan Desert,27.0,73.0,12.459189414978027,20,6
2024-11-27,Rajasthan Desert,27.0,73.0,12.952500343322754,20,6
2024-11-28,Rajasthan Desert,27.0,73.0,12.48531436920166,20,6
2024-11-29,Rajasthan Desert,27.0,73.0,11.49804973602295,20,6
2024-11-30,Rajasthan Desert,27.0,73.0,11.77281665802002,20,6
2024-12-01,Rajasthan Desert,27.0,73.0,12.677823066711426,20,6
2024-12-02,Rajasthan Desert,27.0,73.0,12.77347469329834,20,6
2024-12-03,Rajasthan Desert,27.0,73.0,12.531421661376953,20,6
2024-12-04,Rajasthan Desert,27.0,73.0,12.613614082336426,20,6
2024-12-05,Rajasthan Desert,27.0,73.0,10.403508186340332,20,6
2024-12-06,Rajasthan Desert,27.0,73.0,10.32181453704834,20,6
2024-12-07,Rajasthan Desert,27.0,73.0,8.591609954833984,20,6
2024-12-08,Rajasthan Desert,27.0,73.0,10.100939750671387,20,6
2024-12-09,Rajasthan Desert,27.0,73.0,8.870285034179688,20,6
2024-12-10,Rajasthan Desert,27.0,73.0,7.279091835021973,20,6
2024-12-11,Rajasthan Desert,27.0,73.0,6.308820724487305,20,6
2024-12-12,Rajasthan Desert,27.0,73.0,5.682975769042969,20,6
2024-12-13,Rajasthan Desert,27.0,73.0,6.622090816497803,20,6
2024-12-14,Rajasthan Desert,27.0,73.0,5.937012672424316,20,6
2024-12-15,Rajasthan Desert,27.0,73.0,4.782503128051758,20,6
2024-12-16,Rajasthan Desert,27.0,73.0,5.6306538581848145,20,6
2024-12-17,Rajasthan Desert,27.0,73.0,5.9005022048950195,20,6
2024-12-18,Rajasthan Desert,27.0,73.0,6.134468078613281,20,6
2024-12-19,Rajasthan Desert,27.0,73.0,6.995535850524902,20,6
2024-12-20,Rajasthan Desert,27.0,73.0,9.129852294921875,20,6
2024-12-21,Rajasthan Desert,27.0,73.0,7.905712127685547,20,6
2024-12-22,Rajasthan Desert,27.0,73.0,9.458234786987305,20,6
2024-12-23,Rajasthan Desert,27.0,73.0,12.533586502075195,20,6
2024-12-24,Rajasthan Desert,27.0,73.0,9.69680118560791,20,6
2024-12-25,Rajasthan Desert,27.0,73.0,8.784954071044922,20,6
2024-12-26,Rajasthan Desert,27.0,73.0,8.643153190612793,20,6
2024-12-27,Rajasthan Desert,27.0,73.0,12.27206802368164,20,6
2024-12-28,Rajasthan Desert,27.0,73.0,10.826342582702637,20,6
2024-12-29,Rajasthan Desert,27.0,73.0,7.271812915802002,20,6
2024-12-30,Rajasthan Desert,27.0,73.0,7.344830513000488,20,6
2024-12-31,Rajasthan Desert,27.0,73.0,6.350553035736084,20,6
